v -0.02525000087916851 0.07559017091989517 -0.029500000178813934
v 0.02225000038743019 0.07559017091989517 -0.029500000178813934
v 0.02225000038743019 0.07000000029802322 -0.030000001192092896
v -0.02525000087916851 0.07000000029802322 -0.030000001192092896
v -0.02525000087916851 0.07000000029802322 -0.030000001192092896
v 0.02225000038743019 0.07000000029802322 -0.030000001192092896
v 0.02225000038743019 0.06440982967615128 -0.029500000178813934
v -0.02525000087916851 0.06440982967615128 -0.029500000178813934
v 0.02225000038743019 0.07000000029802322 -0.01900000125169754
v 0.024250000715255737 0.07000000029802322 -0.01900000125169754
v 0.024250000715255737 0.07151225209236145 -0.01894414611160755
v 0.02225000038743019 0.07000000029802322 -0.01900000125169754
v 0.024250000715255737 0.07151225209236145 -0.01894414611160755
v 0.02225000038743019 0.07530578970909119 -0.018301479518413544
v 0.024250000715255737 0.07151225209236145 -0.01894414611160755
v 0.024250000715255737 0.0751383900642395 -0.018345577642321587
v 0.02225000038743019 0.07530578970909119 -0.018301479518413544
v 0.02225000038743019 0.07530578970909119 -0.018301479518413544
v 0.024250000715255737 0.0751383900642395 -0.018345577642321587
v 0.024250000715255737 0.07530578970909119 -0.018301479518413544
v 0.02225000038743019 0.07530578970909119 -0.018301479518413544
v 0.024250000715255737 0.07530578970909119 -0.018301479518413544
v 0.02225000038743019 0.08025000244379044 -0.016253521665930748
v 0.02225000038743019 0.08025000244379044 -0.016253521665930748
v 0.024250000715255737 0.07530578970909119 -0.018301479518413544
v 0.024250000715255737 0.07859937846660614 -0.017109157517552376
v 0.024250000715255737 0.07859937846660614 -0.017109157517552376
v 0.024250000715255737 0.08025000244379044 -0.016253521665930748
v 0.02225000038743019 0.08025000244379044 -0.016253521665930748
v 0.02225000038743019 0.08025000244379044 -0.016253521665930748
v 0.024250000715255737 0.08025000244379044 -0.016253521665930748
v 0.024250000715255737 0.0817839726805687 -0.015274621546268463
v 0.02225000038743019 0.08025000244379044 -0.016253521665930748
v 0.024250000715255737 0.0817839726805687 -0.015274621546268463
v 0.02225000038743019 0.08449568599462509 -0.012995690107345581
v 0.024250000715255737 0.0817839726805687 -0.015274621546268463
v 0.024250000715255737 0.08449568599462509 -0.012995690107345581
v 0.02225000038743019 0.08449568599462509 -0.012995690107345581
v 0.02225000038743019 0.08449568599462509 -0.012995690107345581
v 0.024250000715255737 0.08449568599462509 -0.012995690107345581
v 0.024250000715255737 0.08458982408046722 -0.012900936417281628
v 0.02225000038743019 0.08449568599462509 -0.012995690107345581
v 0.024250000715255737 0.08458982408046722 -0.012900936417281628
v 0.02225000038743019 0.08775351941585541 -0.008750000968575478
v 0.02225000038743019 0.08775351941585541 -0.008750000968575478
v 0.024250000715255737 0.08458982408046722 -0.012900936417281628
v 0.024250000715255737 0.08692675083875656 -0.010064393281936646
v 0.024250000715255737 0.08692675083875656 -0.010064393281936646
v 0.024250000715255737 0.08775351941585541 -0.008750000968575478
v 0.02225000038743019 0.08775351941585541 -0.008750000968575478
v 0.02225000038743019 0.08775351941585541 -0.008750000968575478
v 0.024250000715255737 0.08775351941585541 -0.008750000968575478
v 0.024250000715255737 0.08871962875127792 -0.006856161635369062
v 0.02225000038743019 0.08775351941585541 -0.008750000968575478
v 0.024250000715255737 0.08871962875127792 -0.006856161635369062
v 0.02225000038743019 0.08980147540569305 -0.0038057914935052395
v 0.024250000715255737 0.08871962875127792 -0.006856161635369062
v 0.024250000715255737 0.08980147540569305 -0.0038057914935052395
v 0.02225000038743019 0.08980147540569305 -0.0038057914935052395
v 0.02225000038743019 0.08980147540569305 -0.0038057914935052395
v 0.024250000715255737 0.08980147540569305 -0.0038057914935052395
v 0.024250000715255737 0.0899108499288559 -0.0033793551847338676
v 0.02225000038743019 0.08980147540569305 -0.0038057914935052395
v 0.024250000715255737 0.0899108499288559 -0.0033793551847338676
v 0.02225000038743019 0.09049999713897705 0.0014999988488852978
v 0.02225000038743019 0.09049999713897705 0.0014999988488852978
v 0.024250000715255737 0.0899108499288559 -0.0033793551847338676
v 0.024250000715255737 0.09046211838722229 0.0002542773727327585
v 0.024250000715255737 0.08980147540569305 0.006805789191275835
v 0.02225000038743019 0.08980147540569305 0.006805789191275835
v 0.024250000715255737 0.09035570919513702 0.003927948419004679
v 0.024250000715255737 0.09035570919513702 0.003927948419004679
v 0.02225000038743019 0.08980147540569305 0.006805789191275835
v 0.02225000038743019 0.09049999713897705 0.0014999988488852978
v 0.024250000715255737 0.09035570919513702 0.003927948419004679
v 0.02225000038743019 0.09049999713897705 0.0014999988488852978
v 0.024250000715255737 0.09049999713897705 0.0014999988488852978
v 0.024250000715255737 0.09049999713897705 0.0014999988488852978
v 0.02225000038743019 0.09049999713897705 0.0014999988488852978
v 0.024250000715255737 0.09046211838722229 0.0002542773727327585
v 0.024250000715255737 0.08980147540569305 0.006805789191275835
v 0.024250000715255737 0.08959505707025528 0.007523583248257637
v 0.02225000038743019 0.08980147540569305 0.006805789191275835
v 0.02225000038743019 0.08980147540569305 0.006805789191275835
v 0.024250000715255737 0.08959505707025528 0.007523583248257637
v 0.024250000715255737 0.08820460736751556 0.010925615206360817
v 0.02225000038743019 0.08980147540569305 0.006805789191275835
v 0.024250000715255737 0.08820460736751556 0.010925615206360817
v 0.02225000038743019 0.08775351941585541 0.011749999597668648
v 0.02225000038743019 0.08775351941585541 0.011749999597668648
v 0.024250000715255737 0.08820460736751556 0.010925615206360817
v 0.024250000715255737 0.08775351941585541 0.011749999597668648
v 0.02225000038743019 0.08775351941585541 0.011749999597668648
v 0.024250000715255737 0.08775351941585541 0.011749999597668648
v 0.02225000038743019 0.08449568599462509 0.01599568873643875
v 0.02225000038743019 0.08449568599462509 0.01599568873643875
v 0.024250000715255737 0.08775351941585541 0.011749999597668648
v 0.024250000715255737 0.08622904121875763 0.014024700038135052
v 0.024250000715255737 0.08622904121875763 0.014024700038135052
v 0.024250000715255737 0.08449568599462509 0.01599568873643875
v 0.02225000038743019 0.08449568599462509 0.01599568873643875
v 0.02225000038743019 0.08449568599462509 0.01599568873643875
v 0.024250000715255737 0.08449568599462509 0.01599568873643875
v 0.024250000715255737 0.08373186737298965 0.016721230000257492
v 0.02225000038743019 0.08449568599462509 0.01599568873643875
v 0.024250000715255737 0.08373186737298965 0.016721230000257492
v 0.02225000038743019 0.08025000244379044 0.019253520295023918
v 0.024250000715255737 0.08373186737298965 0.016721230000257492
v 0.024250000715255737 0.08079332858324051 0.018928539007902145
v 0.02225000038743019 0.08025000244379044 0.019253520295023918
v 0.02225000038743019 0.08025000244379044 0.019253520295023918
v 0.024250000715255737 0.08079332858324051 0.018928539007902145
v 0.024250000715255737 0.08025000244379044 0.019253520295023918
v 0.02225000038743019 0.08025000244379044 0.019253520295023918
v 0.024250000715255737 0.08025000244379044 0.019253520295023918
v 0.02225000038743019 0.07530578970909119 0.021301478147506714
v 0.02225000038743019 0.07530578970909119 0.021301478147506714
v 0.024250000715255737 0.08025000244379044 0.019253520295023918
v 0.024250000715255737 0.07750789076089859 0.02057567797601223
v 0.024250000715255737 0.07750789076089859 0.02057567797601223
v 0.024250000715255737 0.07530578970909119 0.021301478147506714
v 0.02225000038743019 0.07530578970909119 0.021301478147506714
v 0.02225000038743019 0.07530578970909119 0.021301478147506714
v 0.024250000715255737 0.07530578970909119 0.021301478147506714
v 0.024250000715255737 0.0739811435341835 0.021609710529446602
v 0.02225000038743019 0.07530578970909119 0.021301478147506714
v 0.024250000715255737 0.0739811435341835 0.021609710529446602
v 0.02225000038743019 0.07000000029802322 0.02199999988079071
v 0.024250000715255737 0.0739811435341835 0.021609710529446602
v 0.024250000715255737 0.07032644003629684 0.021997399628162384
v 0.02225000038743019 0.07000000029802322 0.02199999988079071
v 0.02225000038743019 0.07000000029802322 0.02199999988079071
v 0.024250000715255737 0.07032644003629684 0.021997399628162384
v 0.024250000715255737 0.07000000029802322 0.02199999988079071
v 0.02225000038743019 0.07000000029802322 0.02199999988079071
v 0.024250000715255737 0.07000000029802322 0.02199999988079071
v 0.02225000038743019 0.06469421088695526 0.021301478147506714
v 0.02225000038743019 0.06469421088695526 0.021301478147506714
v 0.024250000715255737 0.07000000029802322 0.02199999988079071
v 0.024250000715255737 0.06666123867034912 0.02172628603875637
v 0.024250000715255737 0.06666123867034912 0.02172628603875637
v 0.024250000715255737 0.06469421088695526 0.021301478147506714
v 0.02225000038743019 0.06469421088695526 0.021301478147506714
v 0.02225000038743019 0.06469421088695526 0.021301478147506714
v 0.024250000715255737 0.06469421088695526 0.021301478147506714
v 0.024250000715255737 0.06310335546731949 0.020805083215236664
v 0.02225000038743019 0.06469421088695526 0.021301478147506714
v 0.024250000715255737 0.06310335546731949 0.020805083215236664
v 0.02225000038743019 0.05974999815225601 0.019253520295023918
v 0.02225000038743019 0.05974999815225601 0.019253520295023918
v 0.024250000715255737 0.06310335546731949 0.020805083215236664
v 0.024250000715255737 0.05976712703704834 0.01926339790225029
v 0.02225000038743019 0.05974999815225601 0.019253520295023918
v 0.024250000715255737 0.05976712703704834 0.01926339790225029
v 0.02225000038743019 0.05550431087613106 0.01599568873643875
v 0.02225000038743019 0.05550431087613106 0.01599568873643875
v 0.024250000715255737 0.05976712703704834 0.01926339790225029
v 0.024250000715255737 0.0567597970366478 0.01715078391134739
v 0.024250000715255737 0.0567597970366478 0.01715078391134739
v 0.024250000715255737 0.05550431087613106 0.01599568873643875
v 0.02225000038743019 0.05550431087613106 0.01599568873643875
v 0.02225000038743019 0.05550431087613106 0.01599568873643875
v 0.024250000715255737 0.05550431087613106 0.01599568873643875
v 0.024250000715255737 0.05417801812291145 0.014535139314830303
v 0.02225000038743019 0.05550431087613106 0.01599568873643875
v 0.024250000715255737 0.05417801812291145 0.014535139314830303
v 0.02225000038743019 0.05224647745490074 0.011749999597668648
v 0.024250000715255737 0.05417801812291145 0.014535139314830303
v 0.024250000715255737 0.05224647745490074 0.011749999597668648
v 0.02225000038743019 0.05224647745490074 0.011749999597668648
v 0.02225000038743019 0.05224647745490074 0.011749999597668648
v 0.024250000715255737 0.05224647745490074 0.011749999597668648
v 0.024250000715255737 0.05210476741194725 0.011500534601509571
v 0.02225000038743019 0.05224647745490074 0.011749999597668648
v 0.024250000715255737 0.05210476741194725 0.011500534601509571
v 0.02225000038743019 0.050198521465063095 0.006805789191275835
v 0.02225000038743019 0.050198521465063095 0.006805789191275835
v 0.024250000715255737 0.05210476741194725 0.011500534601509571
v 0.024250000715255737 0.05060668662190437 0.008144505321979523
v 0.024250000715255737 0.0494999997317791 0.0014999988488852978
v 0.02225000038743019 0.0494999997317791 0.0014999988488852978
v 0.024250000715255737 0.04973192512989044 0.004574915394186974
v 0.024250000715255737 0.04973192512989044 0.004574915394186974
v 0.02225000038743019 0.0494999997317791 0.0014999988488852978
v 0.02225000038743019 0.050198521465063095 0.006805789191275835
v 0.024250000715255737 0.04973192512989044 0.004574915394186974
v 0.02225000038743019 0.050198521465063095 0.006805789191275835
v 0.024250000715255737 0.050198521465063095 0.006805789191275835
v 0.024250000715255737 0.050198521465063095 0.006805789191275835
v 0.02225000038743019 0.050198521465063095 0.006805789191275835
v 0.024250000715255737 0.05060668662190437 0.008144505321979523
v 0.024250000715255737 0.0494999997317791 0.0014999988488852978
v 0.024250000715255737 0.04950859397649765 0.0009064954938367009
v 0.02225000038743019 0.0494999997317791 0.0014999988488852978
v 0.02225000038743019 0.0494999997317791 0.0014999988488852978
v 0.024250000715255737 0.04950859397649765 0.0009064954938367009
v 0.024250000715255737 0.049943871796131134 -0.002742848824709654
v 0.02225000038743019 0.0494999997317791 0.0014999988488852978
v 0.024250000715255737 0.049943871796131134 -0.002742848824709654
v 0.02225000038743019 0.050198521465063095 -0.0038057914935052395
v 0.024250000715255737 0.05224647745490074 -0.008750000968575478
v 0.02225000038743019 0.05224647745490074 -0.008750000968575478
v 0.024250000715255737 0.05102377012372017 -0.006255824118852615
v 0.024250000715255737 0.05102377012372017 -0.006255824118852615
v 0.02225000038743019 0.05224647745490074 -0.008750000968575478
v 0.02225000038743019 0.050198521465063095 -0.0038057914935052395
v 0.024250000715255737 0.05102377012372017 -0.006255824118852615
v 0.02225000038743019 0.050198521465063095 -0.0038057914935052395
v 0.024250000715255737 0.050198521465063095 -0.0038057914935052395
v 0.024250000715255737 0.050198521465063095 -0.0038057914935052395
v 0.02225000038743019 0.050198521465063095 -0.0038057914935052395
v 0.024250000715255737 0.049943871796131134 -0.002742848824709654
v 0.024250000715255737 0.05224647745490074 -0.008750000968575478
v 0.024250000715255737 0.052713584154844284 -0.00951952114701271
v 0.02225000038743019 0.05224647745490074 -0.008750000968575478
v 0.02225000038743019 0.05224647745490074 -0.008750000968575478
v 0.024250000715255737 0.052713584154844284 -0.00951952114701271
v 0.024250000715255737 0.054958995431661606 -0.012429040856659412
v 0.02225000038743019 0.05224647745490074 -0.008750000968575478
v 0.024250000715255737 0.054958995431661606 -0.012429040856659412
v 0.02225000038743019 0.05550431087613106 -0.012995690107345581
v 0.02225000038743019 0.05550431087613106 -0.012995690107345581
v 0.024250000715255737 0.054958995431661606 -0.012429040856659412
v 0.024250000715255737 0.05550431087613106 -0.012995690107345581
v 0.02225000038743019 0.05550431087613106 -0.012995690107345581
v 0.024250000715255737 0.05550431087613106 -0.012995690107345581
v 0.02225000038743019 0.05974999815225601 -0.016253521665930748
v 0.02225000038743019 0.05974999815225601 -0.016253521665930748
v 0.024250000715255737 0.05550431087613106 -0.012995690107345581
v 0.024250000715255737 0.05768783763051033 -0.014890870079398155
v 0.024250000715255737 0.05768783763051033 -0.014890870079398155
v 0.024250000715255737 0.05974999815225601 -0.016253521665930748
v 0.02225000038743019 0.05974999815225601 -0.016253521665930748
v 0.02225000038743019 0.05974999815225601 -0.016253521665930748
v 0.024250000715255737 0.05974999815225601 -0.016253521665930748
v 0.024250000715255737 0.06081240251660347 -0.016825884580612183
v 0.02225000038743019 0.05974999815225601 -0.016253521665930748
v 0.024250000715255737 0.06081240251660347 -0.016825884580612183
v 0.02225000038743019 0.06469421088695526 -0.018301479518413544
v 0.024250000715255737 0.06081240251660347 -0.016825884580612183
v 0.024250000715255737 0.06423225998878479 -0.0181718897074461
v 0.02225000038743019 0.06469421088695526 -0.018301479518413544
v 0.02225000038743019 0.06469421088695526 -0.018301479518413544
v 0.024250000715255737 0.06423225998878479 -0.0181718897074461
v 0.024250000715255737 0.06469421088695526 -0.018301479518413544
v 0.02225000038743019 0.06469421088695526 -0.018301479518413544
v 0.024250000715255737 0.06469421088695526 -0.018301479518413544
v 0.02225000038743019 0.07000000029802322 -0.01900000125169754
v 0.02225000038743019 0.07000000029802322 -0.01900000125169754
v 0.024250000715255737 0.06469421088695526 -0.018301479518413544
v 0.024250000715255737 0.06783750653266907 -0.018885623663663864
v 0.02225000038743019 0.07000000029802322 -0.01900000125169754
v 0.024250000715255737 0.06783750653266907 -0.018885623663663864
v 0.024250000715255737 0.07000000029802322 -0.01900000125169754
v 0.02509116940200329 0.051341909915208817 0.011048038490116596
v 0.025212962180376053 0.0508737713098526 0.01071497704833746
v 0.025190865620970726 0.049981165677309036 0.008358821272850037
v 0.025190865620970726 0.049981165677309036 0.008358821272850037
v 0.025212962180376053 0.0508737713098526 0.01071497704833746
v 0.02525000087916851 0.05052367225289345 0.010606952011585236
v 0.024859415367245674 0.0518096424639225 0.011394284665584564
v 0.0249552633613348 0.05164966732263565 0.011274113319814205
v 0.024960659444332123 0.05032622814178467 0.00824059545993805
v 0.024960659444332123 0.05032622814178467 0.00824059545993805
v 0.0249552633613348 0.05164966732263565 0.011274113319814205
v 0.02505706064403057 0.05145693197846413 0.011162458918988705
v 0.024954576045274734 0.052360113710165024 0.012503361329436302
v 0.02484908141195774 0.05233201012015343 0.012284420430660248
v 0.024598242715001106 0.0541297048330307 0.014574941247701645
v 0.024598242715001106 0.0541297048330307 0.014574941247701645
v 0.02484908141195774 0.05233201012015343 0.012284420430660248
v 0.024712368845939636 0.05221159756183624 0.011915440671145916
v 0.024598242715001106 0.0541297048330307 0.014574941247701645
v 0.024712368845939636 0.05221159756183624 0.011915440671145916
v 0.024598242715001106 0.05205012485384941 0.011531070806086063
v 0.024598242715001106 0.05205012485384941 0.011531070806086063
v 0.024712368845939636 0.05221159756183624 0.011915440671145916
v 0.02471793070435524 0.05206873640418053 0.011673440225422382
v 0.024598242715001106 0.05205012485384941 0.011531070806086063
v 0.02471793070435524 0.05206873640418053 0.011673440225422382
v 0.024598242715001106 0.05054746940732002 0.008164793252944946
v 0.02519858442246914 0.05245990306138992 0.013377905823290348
v 0.02505706064403057 0.05236053094267845 0.012727538123726845
v 0.024960659444332123 0.053949203342199326 0.014723649248480797
v 0.02525000087916851 0.05237499624490738 0.013813336379826069
v 0.025246795266866684 0.05240868777036667 0.013721376657485962
v 0.025190865620970726 0.05366768315434456 0.014955582097172737
v 0.02525000087916851 0.05237499624490738 0.013813336379826069
v 0.025190865620970726 0.05366768315434456 0.014955582097172737
v 0.02525000087916851 0.053406212478876114 0.015170999802649021
v 0.02525000087916851 0.053406212478876114 0.015170999802649021
v 0.025190865620970726 0.05366768315434456 0.014955582097172737
v 0.025190865620970726 0.05633274093270302 0.017655592411756516
v 0.02525000087916851 0.05611393228173256 0.017914235591888428
v 0.02525000087916851 0.05611393228173256 0.017914235591888428
v 0.025190865620970726 0.05633274093270302 0.017655592411756516
v 0.025190865620970726 0.05943707004189491 0.01983634941279888
v 0.02525000087916851 0.05926796421408653 0.02012990601360798
v 0.02525000087916851 0.05926796421408653 0.02012990601360798
v 0.025190865620970726 0.05943707004189491 0.01983634941279888
v 0.025190865620970726 0.06288090348243713 0.021427759900689125
v 0.02525000087916851 0.06276693195104599 0.021746793761849403
v 0.02525000087916851 0.06276693195104599 0.021746793761849403
v 0.025190865620970726 0.06288090348243713 0.021427759900689125
v 0.025190865620970726 0.06655354797840118 0.022378677502274513
v 0.02525000087916851 0.06649837642908096 0.022712934762239456
v 0.02525000087916851 0.06649837642908096 0.022712934762239456
v 0.025190865620970726 0.06655354797840118 0.022378677502274513
v 0.02525000087916851 0.07000000029802322 0.023000000044703484
v 0.02525000087916851 0.07000000029802322 0.023000000044703484
v 0.025190865620970726 0.06655354797840118 0.022378677502274513
v 0.025190865620970726 0.0703369677066803 0.022658536210656166
v 0.02525000087916851 0.07000000029802322 0.023000000044703484
v 0.025190865620970726 0.0703369677066803 0.022658536210656166
v 0.02525000087916851 0.07034236192703247 0.02299727313220501
v 0.02525000087916851 0.07034236192703247 0.02299727313220501
v 0.025190865620970726 0.0703369677066803 0.022658536210656166
v 0.025190865620970726 0.07410955429077148 0.022258341312408447
v 0.02525000087916851 0.07417534291744232 0.022590672597289085
v 0.02525000087916851 0.07417534291744232 0.022590672597289085
v 0.025190865620970726 0.07410955429077148 0.022258341312408447
v 0.025190865620970726 0.0777500569820404 0.021190958097577095
v 0.02525000087916851 0.07787413150072098 0.02150619961321354
v 0.02525000087916851 0.07787413150072098 0.02150619961321354
v 0.025190865620970726 0.0777500569820404 0.021190958097577095
v 0.025190865620970726 0.08114146441221237 0.019490689039230347
v 0.02525000087916851 0.08131983876228333 0.01977871172130108
v 0.02525000087916851 0.08131983876228333 0.01977871172130108
v 0.025190865620970726 0.08114146441221237 0.019490689039230347
v 0.025190865620970726 0.08417478203773499 0.017212186008691788
v 0.02525000087916851 0.08440171182155609 0.01746373064815998
v 0.02525000087916851 0.08440171182155609 0.01746373064815998
v 0.025190865620970726 0.08417478203773499 0.017212186008691788
v 0.025190865620970726 0.0867525041103363 0.014428679831326008
v 0.02525000087916851 0.08702070266008377 0.014635661616921425
v 0.02525000087916851 0.08702070266008377 0.014635661616921425
v 0.025190865620970726 0.0867525041103363 0.014428679831326008
v 0.025190865620970726 0.08879178762435913 0.01122963521629572
v 0.02525000087916851 0.08909263461828232 0.011385401710867882
v 0.02525000087916851 0.08909263461828232 0.011385401710867882
v 0.025190865620970726 0.08879178762435913 0.01122963521629572
v 0.025190865620970726 0.09022708982229233 0.007717871572822332
v 0.02525000087916851 0.09055091440677643 0.007817416451871395
v 0.02525000087916851 0.09055091440677643 0.007817416451871395
v 0.025190865620970726 0.09022708982229233 0.007717871572822332
v 0.025190865620970726 0.09101227670907974 0.004006261005997658
v 0.02525000087916851 0.09134867787361145 0.0040463851764798164
v 0.02525000087916851 0.09134867787361145 0.0040463851764798164
v 0.025190865620970726 0.09101227670907974 0.004006261005997658
v 0.025190865620970726 0.0911221131682396 0.0002140972064808011
v 0.02525000087916851 0.09146026521921158 0.0001935105537995696
v 0.02525000087916851 0.09146026521921158 0.0001935105537995696
v 0.025190865620970726 0.0911221131682396 0.0002140972064808011
v 0.025190865620970726 0.09055306762456894 -0.0035367365926504135
v 0.02525000087916851 0.09088210761547089 -0.003617372363805771
v 0.02525000087916851 0.09088210761547089 -0.003617372363805771
v 0.025190865620970726 0.09055306762456894 -0.0035367365926504135
v 0.025190865620970726 0.08932342380285263 -0.007125686388462782
v 0.02525000087916851 0.0896327868103981 -0.007263779174536467
v 0.02525000087916851 0.0896327868103981 -0.007263779174536467
v 0.025190865620970726 0.08932342380285263 -0.007125686388462782
v 0.025190865620970726 0.08747271448373795 -0.010437398217618465
v 0.02525000087916851 0.08775244653224945 -0.010628510266542435
v 0.02525000087916851 0.08775244653224945 -0.010628510266542435
v 0.025190865620970726 0.08747271448373795 -0.010437398217618465
v 0.025190865620970726 0.08506041765213013 -0.013365432620048523
v 0.02525000087916851 0.08530152589082718 -0.013603420928120613
v 0.02525000087916851 0.08530152589082718 -0.013603420928120613
v 0.025190865620970726 0.08506041765213013 -0.013365432620048523
v 0.025190865620970726 0.08216406404972076 -0.015815680846571922
v 0.02525000087916851 0.08235880732536316 -0.016092896461486816
v 0.02525000087916851 0.08235880732536316 -0.016092896461486816
v 0.025190865620970726 0.08216406404972076 -0.015815680846571922
v 0.025190865620970726 0.07887674868106842 -0.017709387466311455
v 0.02525000087916851 0.07901886105537415 -0.018016919493675232
v 0.02525000087916851 0.07901886105537415 -0.018016919493675232
v 0.025190865620970726 0.07887674868106842 -0.017709387466311455
v 0.025190865620970726 0.07530412822961807 -0.01898568868637085
v 0.02525000087916851 0.07538904249668121 -0.01931365579366684
v 0.02525000087916851 0.07538904249668121 -0.01931365579366684
v 0.025190865620970726 0.07530412822961807 -0.01898568868637085
v 0.025190865620970726 0.07156102359294891 -0.019603565335273743
v 0.02525000087916851 0.07158602029085159 -0.019941421225667
v 0.02525000087916851 0.07158602029085159 -0.019941421225667
v 0.025190865620970726 0.07156102359294891 -0.019603565335273743
v 0.02525000087916851 0.07000000029802322 -0.020000001415610313
v 0.02525000087916851 0.07000000029802322 -0.020000001415610313
v 0.025190865620970726 0.07156102359294891 -0.019603565335273743
v 0.025190865620970726 0.06776775419712067 -0.019543154165148735
v 0.02525000087916851 0.07000000029802322 -0.020000001415610313
v 0.025190865620970726 0.06776775419712067 -0.019543154165148735
v 0.02525000087916851 0.06773201376199722 -0.01988004334270954
v 0.02525000087916851 0.06773201376199722 -0.01988004334270954
v 0.025190865620970726 0.06776775419712067 -0.019543154165148735
v 0.025190865620970726 0.0640462264418602 -0.018806397914886475
v 0.02525000087916851 0.06395091116428375 -0.01913149282336235
v 0.02525000087916851 0.06395091116428375 -0.01913149282336235
v 0.025190865620970726 0.0640462264418602 -0.018806397914886475
v 0.025190865620970726 0.06051605939865112 -0.017416978254914284
v 0.02525000087916851 0.06036422401666641 -0.017719829455018044
v 0.02525000087916851 0.06036422401666641 -0.017719829455018044
v 0.025190865620970726 0.06051605939865112 -0.017416978254914284
v 0.025190865620970726 0.057290710508823395 -0.015419552102684975
v 0.02525000087916851 0.057087242603302 -0.015690425410866737
v 0.02525000087916851 0.057087242603302 -0.015690425410866737
v 0.025190865620970726 0.057290710508823395 -0.015419552102684975
v 0.025190865620970726 0.05447385460138321 -0.012878317385911942
v 0.02525000087916851 0.054225288331508636 -0.013108506798744202
v 0.02525000087916851 0.054225288331508636 -0.013108506798744202
v 0.025190865620970726 0.05447385460138321 -0.012878317385911942
v 0.025190865620970726 0.05215601623058319 -0.009874951094388962
v 0.02525000087916851 0.05187034234404564 -0.010057058185338974
v 0.02525000087916851 0.05052367225289345 0.010606952011585236
v 0.02525000087916851 0.04966067150235176 0.008468626998364925
v 0.025190865620970726 0.049981165677309036 0.008358821272850037
v 0.025190865620970726 0.049981165677309036 0.008358821272850037
v 0.02525000087916851 0.04966067150235176 0.008468626998364925
v 0.02525000087916851 0.04874323680996895 0.004724911414086819
v 0.025190865620970726 0.049078185111284256 0.004674095660448074
v 0.025190865620970726 0.049078185111284256 0.004674095660448074
v 0.02525000087916851 0.04874323680996895 0.004724911414086819
v 0.02525000087916851 0.048509012907743454 0.0008775441092438996
v 0.025190865620970726 0.04884764924645424 0.0008873522747308016
v 0.025190865620970726 0.04884764924645424 0.0008873522747308016
v 0.02525000087916851 0.048509012907743454 0.0008775441092438996
v 0.02525000087916851 0.04896552488207817 -0.0029498166404664516
v 0.025190865620970726 0.049296967685222626 -0.002879700157791376
v 0.025190865620970726 0.049296967685222626 -0.002879700157791376
v 0.02525000087916851 0.04896552488207817 -0.0029498166404664516
v 0.02525000087916851 0.050098102539777756 -0.006634156685322523
v 0.025190865620970726 0.05041170120239258 -0.006505985278636217
v 0.025190865620970726 0.05041170120239258 -0.006505985278636217
v 0.02525000087916851 0.050098102539777756 -0.006634156685322523
v 0.02525000087916851 0.05095769837498665 -0.008482023142278194
v 0.025190865620970726 0.05041170120239258 -0.006505985278636217
v 0.02525000087916851 0.05095769837498665 -0.008482023142278194
v 0.025190865620970726 0.05215601623058319 -0.009874951094388962
v 0.025190865620970726 0.05215601623058319 -0.009874951094388962
v 0.02525000087916851 0.05095769837498665 -0.008482023142278194
v 0.02525000087916851 0.05183416232466698 -0.010000105947256088
v 0.025190865620970726 0.05215601623058319 -0.009874951094388962
v 0.02525000087916851 0.05183416232466698 -0.010000105947256088
v 0.02525000087916851 0.05187034234404564 -0.010057058185338974
v 0.024250000715255737 0.07530578970909119 -0.018301479518413544
v 0.024598242715001106 0.07515408098697662 -0.018406175076961517
v 0.024250000715255737 0.07859937846660614 -0.017109157517552376
v 0.024250000715255737 0.07859937846660614 -0.017109157517552376
v 0.024598242715001106 0.07515408098697662 -0.018406175076961517
v 0.024598242715001106 0.0786256343126297 -0.017165979370474815
v 0.024250000715255737 0.07859937846660614 -0.017109157517552376
v 0.024598242715001106 0.0786256343126297 -0.017165979370474815
v 0.024250000715255737 0.08025000244379044 -0.016253521665930748
v 0.024250000715255737 0.08025000244379044 -0.016253521665930748
v 0.024598242715001106 0.0786256343126297 -0.017165979370474815
v 0.024598242715001106 0.08181995898485184 -0.015325842425227165
v 0.024250000715255737 0.08025000244379044 -0.016253521665930748
v 0.024598242715001106 0.08181995898485184 -0.015325842425227165
v 0.024250000715255737 0.0817839726805687 -0.015274621546268463
v 0.024250000715255737 0.0817839726805687 -0.015274621546268463
v 0.024598242715001106 0.08181995898485184 -0.015325842425227165
v 0.024250000715255737 0.08449568599462509 -0.012995690107345581
v 0.024250000715255737 0.08449568599462509 -0.012995690107345581
v 0.024598242715001106 0.08181995898485184 -0.015325842425227165
v 0.024598242715001106 0.08463437855243683 -0.012944908812642097
v 0.024250000715255737 0.08449568599462509 -0.012995690107345581
v 0.024598242715001106 0.08463437855243683 -0.012944908812642097
v 0.024250000715255737 0.08458982408046722 -0.012900936417281628
v 0.024250000715255737 0.08458982408046722 -0.012900936417281628
v 0.024598242715001106 0.08463437855243683 -0.012944908812642097
v 0.024598242715001106 0.08697843551635742 -0.010099704377353191
v 0.024250000715255737 0.08692675083875656 -0.010064393281936646
v 0.024250000715255737 0.08692675083875656 -0.010064393281936646
v 0.024598242715001106 0.08697843551635742 -0.010099704377353191
v 0.024250000715255737 0.08775351941585541 -0.008750000968575478
v 0.024250000715255737 0.08775351941585541 -0.008750000968575478
v 0.024598242715001106 0.08697843551635742 -0.010099704377353191
v 0.024598242715001106 0.08877678960561752 -0.006881676148623228
v 0.024250000715255737 0.08775351941585541 -0.008750000968575478
v 0.024598242715001106 0.08877678960561752 -0.006881676148623228
v 0.024250000715255737 0.08871962875127792 -0.006856161635369062
v 0.024250000715255737 0.08871962875127792 -0.006856161635369062
v 0.024598242715001106 0.08877678960561752 -0.006881676148623228
v 0.024250000715255737 0.08980147540569305 -0.0038057914935052395
v 0.024250000715255737 0.08980147540569305 -0.0038057914935052395
v 0.024598242715001106 0.08877678960561752 -0.006881676148623228
v 0.024598242715001106 0.0899716466665268 -0.0033942540176212788
v 0.024250000715255737 0.08980147540569305 -0.0038057914935052395
v 0.024598242715001106 0.0899716466665268 -0.0033942540176212788
v 0.024250000715255737 0.0899108499288559 -0.0033793551847338676
v 0.024250000715255737 0.0899108499288559 -0.0033793551847338676
v 0.024598242715001106 0.0899716466665268 -0.0033942540176212788
v 0.024598242715001106 0.0905245915055275 0.00025047361850738525
v 0.024250000715255737 0.09046211838722229 0.0002542773727327585
v 0.024250000715255737 0.09046211838722229 0.0002542773727327585
v 0.024598242715001106 0.0905245915055275 0.00025047361850738525
v 0.024250000715255737 0.09049999713897705 0.0014999988488852978
v 0.024250000715255737 0.09049999713897705 0.0014999988488852978
v 0.024598242715001106 0.0905245915055275 0.00025047361850738525
v 0.024598242715001106 0.09041786938905716 0.003935362212359905
v 0.024250000715255737 0.09049999713897705 0.0014999988488852978
v 0.024598242715001106 0.09041786938905716 0.003935362212359905
v 0.024250000715255737 0.09035570919513702 0.003927948419004679
v 0.024250000715255737 0.09035570919513702 0.003927948419004679
v 0.024598242715001106 0.09041786938905716 0.003935362212359905
v 0.024250000715255737 0.08980147540569305 0.006805789191275835
v 0.024250000715255737 0.08980147540569305 0.006805789191275835
v 0.024598242715001106 0.09041786938905716 0.003935362212359905
v 0.024598242715001106 0.08965489268302917 0.007541975937783718
v 0.024250000715255737 0.08980147540569305 0.006805789191275835
v 0.024598242715001106 0.08965489268302917 0.007541975937783718
v 0.024250000715255737 0.08959505707025528 0.007523583248257637
v 0.024250000715255737 0.08959505707025528 0.007523583248257637
v 0.024598242715001106 0.08965489268302917 0.007541975937783718
v 0.024598242715001106 0.08826019614934921 0.010954395867884159
v 0.024250000715255737 0.08820460736751556 0.010925615206360817
v 0.024250000715255737 0.08025000244379044 0.019253520295023918
v 0.024250000715255737 0.08079332858324051 0.018928539007902145
v 0.024598242715001106 0.0808262899518013 0.018981756642460823
v 0.024598242715001106 0.0808262899518013 0.018981756642460823
v 0.024250000715255737 0.08079332858324051 0.018928539007902145
v 0.024250000715255737 0.08373186737298965 0.016721230000257492
v 0.024598242715001106 0.08377379179000854 0.016767708584666252
v 0.024598242715001106 0.08377379179000854 0.016767708584666252
v 0.024250000715255737 0.08373186737298965 0.016721230000257492
v 0.024250000715255737 0.08449568599462509 0.01599568873643875
v 0.024598242715001106 0.08377379179000854 0.016767708584666252
v 0.024250000715255737 0.08449568599462509 0.01599568873643875
v 0.024598242715001106 0.08627859503030777 0.014062943868339062
v 0.024598242715001106 0.08627859503030777 0.014062943868339062
v 0.024250000715255737 0.08449568599462509 0.01599568873643875
v 0.024250000715255737 0.08622904121875763 0.014024700038135052
v 0.024598242715001106 0.08627859503030777 0.014062943868339062
v 0.024250000715255737 0.08622904121875763 0.014024700038135052
v 0.024598242715001106 0.08826019614934921 0.010954395867884159
v 0.024598242715001106 0.08826019614934921 0.010954395867884159
v 0.024250000715255737 0.08622904121875763 0.014024700038135052
v 0.024250000715255737 0.08775351941585541 0.011749999597668648
v 0.024598242715001106 0.08826019614934921 0.010954395867884159
v 0.024250000715255737 0.08775351941585541 0.011749999597668648
v 0.024250000715255737 0.08820460736751556 0.010925615206360817
v 0.024250000715255737 0.08025000244379044 0.019253520295023918
v 0.024598242715001106 0.0808262899518013 0.018981756642460823
v 0.024250000715255737 0.07750789076089859 0.02057567797601223
v 0.024250000715255737 0.07750789076089859 0.02057567797601223
v 0.024598242715001106 0.0808262899518013 0.018981756642460823
v 0.024598242715001106 0.07753081619739532 0.02063392475247383
v 0.024250000715255737 0.07750789076089859 0.02057567797601223
v 0.024598242715001106 0.07753081619739532 0.02063392475247383
v 0.024250000715255737 0.07530578970909119 0.021301478147506714
v 0.024250000715255737 0.07530578970909119 0.021301478147506714
v 0.024598242715001106 0.07753081619739532 0.02063392475247383
v 0.024598242715001106 0.07399330288171768 0.02167111448943615
v 0.024250000715255737 0.07530578970909119 0.021301478147506714
v 0.024598242715001106 0.07399330288171768 0.02167111448943615
v 0.024250000715255737 0.0739811435341835 0.021609710529446602
v 0.024250000715255737 0.0739811435341835 0.021609710529446602
v 0.024598242715001106 0.07399330288171768 0.02167111448943615
v 0.024598242715001106 0.07032743096351624 0.022059988230466843
v 0.024250000715255737 0.07032644003629684 0.021997399628162384
v 0.024598242715001106 0.05671937018632889 0.01719857193529606
v 0.024250000715255737 0.05976712703704834 0.01926339790225029
v 0.024598242715001106 0.05973588302731514 0.019317638128995895
v 0.024598242715001106 0.05973588302731514 0.019317638128995895
v 0.024250000715255737 0.05976712703704834 0.01926339790225029
v 0.024250000715255737 0.06310335546731949 0.020805083215236664
v 0.024598242715001106 0.06308229267597198 0.020864030346274376
v 0.024598242715001106 0.06308229267597198 0.020864030346274376
v 0.024250000715255737 0.06310335546731949 0.020805083215236664
v 0.024250000715255737 0.06469421088695526 0.021301478147506714
v 0.024598242715001106 0.06308229267597198 0.020864030346274376
v 0.024250000715255737 0.06469421088695526 0.021301478147506714
v 0.024598242715001106 0.06665104627609253 0.02178804576396942
v 0.024598242715001106 0.06665104627609253 0.02178804576396942
v 0.024250000715255737 0.06469421088695526 0.021301478147506714
v 0.024250000715255737 0.06666123867034912 0.02172628603875637
v 0.024598242715001106 0.06665104627609253 0.02178804576396942
v 0.024250000715255737 0.06666123867034912 0.02172628603875637
v 0.024598242715001106 0.07032743096351624 0.022059988230466843
v 0.024598242715001106 0.07032743096351624 0.022059988230466843
v 0.024250000715255737 0.06666123867034912 0.02172628603875637
v 0.024250000715255737 0.07000000029802322 0.02199999988079071
v 0.024598242715001106 0.07032743096351624 0.022059988230466843
v 0.024250000715255737 0.07000000029802322 0.02199999988079071
v 0.024250000715255737 0.07032644003629684 0.021997399628162384
v 0.024598242715001106 0.0541297048330307 0.014574941247701645
v 0.024250000715255737 0.05550431087613106 0.01599568873643875
v 0.024598242715001106 0.05671937018632889 0.01719857193529606
v 0.024598242715001106 0.05671937018632889 0.01719857193529606
v 0.024250000715255737 0.05550431087613106 0.01599568873643875
v 0.024250000715255737 0.0567597970366478 0.01715078391134739
v 0.024250000715255737 0.0567597970366478 0.01715078391134739
v 0.024598242715001106 0.05054746940732002 0.008164793252944946
v 0.024250000715255737 0.05210476741194725 0.011500534601509571
v 0.024598242715001106 0.05205012485384941 0.011531070806086063
v 0.024598242715001106 0.05205012485384941 0.011531070806086063
v 0.024250000715255737 0.05210476741194725 0.011500534601509571
v 0.024250000715255737 0.05224647745490074 0.011749999597668648
v 0.024598242715001106 0.05205012485384941 0.011531070806086063
v 0.024250000715255737 0.05224647745490074 0.011749999597668648
v 0.024598242715001106 0.0541297048330307 0.014574941247701645
v 0.024598242715001106 0.0541297048330307 0.014574941247701645
v 0.024250000715255737 0.05224647745490074 0.011749999597668648
v 0.024250000715255737 0.05417801812291145 0.014535139314830303
v 0.024598242715001106 0.0541297048330307 0.014574941247701645
v 0.024250000715255737 0.05417801812291145 0.014535139314830303
v 0.024250000715255737 0.05550431087613106 0.01599568873643875
v 0.024598242715001106 0.049670036882162094 0.0045843045227229595
v 0.024250000715255737 0.050198521465063095 0.006805789191275835
v 0.024598242715001106 0.05054746940732002 0.008164793252944946
v 0.024598242715001106 0.05054746940732002 0.008164793252944946
v 0.024250000715255737 0.050198521465063095 0.006805789191275835
v 0.024250000715255737 0.05060668662190437 0.008144505321979523
v 0.024250000715255737 0.05060668662190437 0.008144505321979523
v 0.024598242715001106 0.04988263174891472 -0.0027558039873838425
v 0.024250000715255737 0.04950859397649765 0.0009064954938367009
v 0.024598242715001106 0.049446024000644684 0.000904683256521821
v 0.024598242715001106 0.049446024000644684 0.000904683256521821
v 0.024250000715255737 0.04950859397649765 0.0009064954938367009
v 0.024250000715255737 0.0494999997317791 0.0014999988488852978
v 0.024598242715001106 0.049446024000644684 0.000904683256521821
v 0.024250000715255737 0.0494999997317791 0.0014999988488852978
v 0.024598242715001106 0.049670036882162094 0.0045843045227229595
v 0.024598242715001106 0.049670036882162094 0.0045843045227229595
v 0.024250000715255737 0.0494999997317791 0.0014999988488852978
v 0.024250000715255737 0.04973192512989044 0.004574915394186974
v 0.024598242715001106 0.049670036882162094 0.0045843045227229595
v 0.024250000715255737 0.04973192512989044 0.004574915394186974
v 0.024250000715255737 0.050198521465063095 0.006805789191275835
v 0.024598242715001106 0.05096583068370819 -0.006279506254941225
v 0.024250000715255737 0.050198521465063095 -0.0038057914935052395
v 0.024598242715001106 0.04988263174891472 -0.0027558039873838425
v 0.024598242715001106 0.04988263174891472 -0.0027558039873838425
v 0.024250000715255737 0.050198521465063095 -0.0038057914935052395
v 0.024250000715255737 0.049943871796131134 -0.002742848824709654
v 0.024250000715255737 0.049943871796131134 -0.002742848824709654
v 0.024250000715255737 0.05550431087613106 -0.012995690107345581
v 0.024250000715255737 0.054958995431661606 -0.012429040856659412
v 0.024598242715001106 0.05491306632757187 -0.012471572495996952
v 0.024598242715001106 0.05491306632757187 -0.012471572495996952
v 0.024250000715255737 0.054958995431661606 -0.012429040856659412
v 0.024250000715255737 0.052713584154844284 -0.00951952114701271
v 0.024598242715001106 0.05266080051660538 -0.009553167968988419
v 0.024598242715001106 0.05266080051660538 -0.009553167968988419
v 0.024250000715255737 0.052713584154844284 -0.00951952114701271
v 0.024250000715255737 0.05224647745490074 -0.008750000968575478
v 0.024598242715001106 0.05266080051660538 -0.009553167968988419
v 0.024250000715255737 0.05224647745490074 -0.008750000968575478
v 0.024598242715001106 0.05096583068370819 -0.006279506254941225
v 0.024598242715001106 0.05096583068370819 -0.006279506254941225
v 0.024250000715255737 0.05224647745490074 -0.008750000968575478
v 0.024250000715255737 0.05102377012372017 -0.006255824118852615
v 0.024598242715001106 0.05096583068370819 -0.006279506254941225
v 0.024250000715255737 0.05102377012372017 -0.006255824118852615
v 0.024250000715255737 0.050198521465063095 -0.0038057914935052395
v 0.024250000715255737 0.05550431087613106 -0.012995690107345581
v 0.024598242715001106 0.05491306632757187 -0.012471572495996952
v 0.024250000715255737 0.05768783763051033 -0.014890870079398155
v 0.024250000715255737 0.05768783763051033 -0.014890870079398155
v 0.024598242715001106 0.05491306632757187 -0.012471572495996952
v 0.024598242715001106 0.05765024200081825 -0.014940919354557991
v 0.024250000715255737 0.05768783763051033 -0.014890870079398155
v 0.024598242715001106 0.05765024200081825 -0.014940919354557991
v 0.024250000715255737 0.05974999815225601 -0.016253521665930748
v 0.024250000715255737 0.05974999815225601 -0.016253521665930748
v 0.024598242715001106 0.05765024200081825 -0.014940919354557991
v 0.024598242715001106 0.06078434735536575 -0.01688184216618538
v 0.024250000715255737 0.05974999815225601 -0.016253521665930748
v 0.024598242715001106 0.06078434735536575 -0.01688184216618538
v 0.024250000715255737 0.06081240251660347 -0.016825884580612183
v 0.024250000715255737 0.06081240251660347 -0.016825884580612183
v 0.024598242715001106 0.06078434735536575 -0.01688184216618538
v 0.024598242715001106 0.06421465426683426 -0.018231956288218498
v 0.024250000715255737 0.06423225998878479 -0.0181718897074461
v 0.024250000715255737 0.07530578970909119 -0.018301479518413544
v 0.024250000715255737 0.0751383900642395 -0.018345577642321587
v 0.024598242715001106 0.07515408098697662 -0.018406175076961517
v 0.024598242715001106 0.07515408098697662 -0.018406175076961517
v 0.024250000715255737 0.0751383900642395 -0.018345577642321587
v 0.024250000715255737 0.07151225209236145 -0.01894414611160755
v 0.024598242715001106 0.07151686400175095 -0.019006572663784027
v 0.024598242715001106 0.07151686400175095 -0.019006572663784027
v 0.024250000715255737 0.07151225209236145 -0.01894414611160755
v 0.024250000715255737 0.07000000029802322 -0.01900000125169754
v 0.024598242715001106 0.07151686400175095 -0.019006572663784027
v 0.024250000715255737 0.07000000029802322 -0.01900000125169754
v 0.024598242715001106 0.0678308978676796 -0.018947869539260864
v 0.024598242715001106 0.0678308978676796 -0.018947869539260864
v 0.024250000715255737 0.07000000029802322 -0.01900000125169754
v 0.024250000715255737 0.06783750653266907 -0.018885623663663864
v 0.024598242715001106 0.0678308978676796 -0.018947869539260864
v 0.024250000715255737 0.06783750653266907 -0.018885623663663864
v 0.024598242715001106 0.06421465426683426 -0.018231956288218498
v 0.024598242715001106 0.06421465426683426 -0.018231956288218498
v 0.024250000715255737 0.06783750653266907 -0.018885623663663864
v 0.024250000715255737 0.06469421088695526 -0.018301479518413544
v 0.024598242715001106 0.06421465426683426 -0.018231956288218498
v 0.024250000715255737 0.06469421088695526 -0.018301479518413544
v 0.024250000715255737 0.06423225998878479 -0.0181718897074461
v 0.025246795266866684 0.05240868777036667 0.013721376657485962
v 0.02519858442246914 0.05245990306138992 0.013377905823290348
v 0.025190865620970726 0.05366768315434456 0.014955582097172737
v 0.025190865620970726 0.05366768315434456 0.014955582097172737
v 0.02519858442246914 0.05245990306138992 0.013377905823290348
v 0.024960659444332123 0.053949203342199326 0.014723649248480797
v 0.025190865620970726 0.05366768315434456 0.014955582097172737
v 0.024960659444332123 0.053949203342199326 0.014723649248480797
v 0.025190865620970726 0.05633274093270302 0.017655592411756516
v 0.024960659444332123 0.05656832084059715 0.01737711951136589
v 0.025190865620970726 0.05633274093270302 0.017655592411756516
v 0.024960659444332123 0.05656832084059715 0.01737711951136589
v 0.025190865620970726 0.05943707004189491 0.01983634941279888
v 0.024960659444332123 0.05961914360523224 0.019520286470651627
v 0.025190865620970726 0.05943707004189491 0.01983634941279888
v 0.024960659444332123 0.05961914360523224 0.019520286470651627
v 0.025190865620970726 0.06288090348243713 0.021427759900689125
v 0.024960659444332123 0.06300361454486847 0.021084265783429146
v 0.025190865620970726 0.06288090348243713 0.021427759900689125
v 0.024960659444332123 0.06300361454486847 0.021084265783429146
v 0.025190865620970726 0.06655354797840118 0.022378677502274513
v 0.024960659444332123 0.06661295890808105 0.0220187921077013
v 0.025190865620970726 0.06655354797840118 0.022378677502274513
v 0.024960659444332123 0.06661295890808105 0.0220187921077013
v 0.025190865620970726 0.0703369677066803 0.022658536210656166
v 0.024960659444332123 0.0703311562538147 0.022293826565146446
v 0.025190865620970726 0.0703369677066803 0.022658536210656166
v 0.024960659444332123 0.0703311562538147 0.022293826565146446
v 0.025190865620970726 0.07410955429077148 0.022258341312408447
v 0.024960659444332123 0.07403872162103653 0.02190053090453148
v 0.025190865620970726 0.07410955429077148 0.022258341312408447
v 0.024960659444332123 0.07403872162103653 0.02190053090453148
v 0.025190865620970726 0.0777500569820404 0.021190958097577095
v 0.024960659444332123 0.07761646807193756 0.02085154503583908
v 0.025190865620970726 0.0777500569820404 0.021190958097577095
v 0.024960659444332123 0.07761646807193756 0.02085154503583908
v 0.025190865620970726 0.08114146441221237 0.019490689039230347
v 0.024960659444332123 0.08094941824674606 0.01918058469891548
v 0.025190865620970726 0.08114146441221237 0.019490689039230347
v 0.024960659444332123 0.08094941824674606 0.01918058469891548
v 0.025190865620970726 0.08417478203773499 0.017212186008691788
v 0.024960659444332123 0.08393044769763947 0.016941355541348457
v 0.025190865620970726 0.08417478203773499 0.017212186008691788
v 0.024960659444332123 0.08393044769763947 0.016941355541348457
v 0.025190865620970726 0.0867525041103363 0.014428679831326008
v 0.024960659444332123 0.08646374195814133 0.014205828309059143
v 0.025190865620970726 0.0867525041103363 0.014428679831326008
v 0.024960659444332123 0.08646374195814133 0.014205828309059143
v 0.025190865620970726 0.08879178762435913 0.01122963521629572
v 0.024960659444332123 0.08846787363290787 0.011061925441026688
v 0.025190865620970726 0.08879178762435913 0.01122963521629572
v 0.024960659444332123 0.08846787363290787 0.011061925441026688
v 0.025190865620970726 0.09022708982229233 0.007717871572822332
v 0.024960659444332123 0.08987843990325928 0.007610694505274296
v 0.025190865620970726 0.09022708982229233 0.007717871572822332
v 0.024960659444332123 0.08987843990325928 0.007610694505274296
v 0.025190865620970726 0.09101227670907974 0.004006261005997658
v 0.024960659444332123 0.09065008908510208 0.003963060677051544
v 0.025190865620970726 0.09101227670907974 0.004006261005997658
v 0.024960659444332123 0.09065008908510208 0.003963060677051544
v 0.025190865620970726 0.0911221131682396 0.0002140972064808011
v 0.024960659444332123 0.09075803309679031 0.00023626221809536219
v 0.025190865620970726 0.0911221131682396 0.0002140972064808011
v 0.024960659444332123 0.09075803309679031 0.00023626221809536219
v 0.025190865620970726 0.09055306762456894 -0.0035367365926504135
v 0.024960659444332123 0.09019879251718521 -0.0034499187022447586
v 0.025190865620970726 0.09055306762456894 -0.0035367365926504135
v 0.024960659444332123 0.09019879251718521 -0.0034499187022447586
v 0.025190865620970726 0.08932342380285263 -0.007125686388462782
v 0.024960659444332123 0.08899034559726715 -0.006977005396038294
v 0.025190865620970726 0.08932342380285263 -0.007125686388462782
v 0.024960659444332123 0.08899034559726715 -0.006977005396038294
v 0.025190865620970726 0.08747271448373795 -0.010437398217618465
v 0.024960659444332123 0.0871715396642685 -0.01023163367062807
v 0.025190865620970726 0.08747271448373795 -0.010437398217618465
v 0.024960659444332123 0.0871715396642685 -0.01023163367062807
v 0.025190865620970726 0.08506041765213013 -0.013365432620048523
v 0.024960659444332123 0.08480081707239151 -0.013109197840094566
v 0.025190865620970726 0.08506041765213013 -0.013365432620048523
v 0.024960659444332123 0.08480081707239151 -0.013109197840094566
v 0.025190865620970726 0.08216406404972076 -0.015815680846571922
v 0.024960659444332123 0.08195438981056213 -0.015517210587859154
v 0.025190865620970726 0.08216406404972076 -0.015815680846571922
v 0.024960659444332123 0.08195438981056213 -0.015517210587859154
v 0.025190865620970726 0.07887674868106842 -0.017709387466311455
v 0.024960659444332123 0.07872374355792999 -0.017378276214003563
v 0.025190865620970726 0.07887674868106842 -0.017709387466311455
v 0.024960659444332123 0.07872374355792999 -0.017378276214003563
v 0.025190865620970726 0.07530412822961807 -0.01898568868637085
v 0.024960659444332123 0.07521270215511322 -0.01863257959485054
v 0.025190865620970726 0.07530412822961807 -0.01898568868637085
v 0.024960659444332123 0.07521270215511322 -0.01863257959485054
v 0.025190865620970726 0.07156102359294891 -0.019603565335273743
v 0.024960659444332123 0.07153411954641342 -0.01923980377614498
v 0.025190865620970726 0.07156102359294891 -0.019603565335273743
v 0.024960659444332123 0.07153411954641342 -0.01923980377614498
v 0.025190865620970726 0.06776775419712067 -0.019543154165148735
v 0.024960659444332123 0.06780622899532318 -0.019180433824658394
v 0.025190865620970726 0.06776775419712067 -0.019543154165148735
v 0.024960659444332123 0.06780622899532318 -0.019180433824658394
v 0.025190865620970726 0.0640462264418602 -0.018806397914886475
v 0.024960659444332123 0.06414885073900223 -0.01845637708902359
v 0.025190865620970726 0.0640462264418602 -0.018806397914886475
v 0.024960659444332123 0.06414885073900223 -0.01845637708902359
v 0.025190865620970726 0.06051605939865112 -0.017416978254914284
v 0.024960659444332123 0.06067953258752823 -0.01709090732038021
v 0.025190865620970726 0.06051605939865112 -0.017416978254914284
v 0.024960659444332123 0.06067953258752823 -0.01709090732038021
v 0.025190865620970726 0.057290710508823395 -0.015419552102684975
v 0.024960659444332123 0.057509779930114746 -0.015127910301089287
v 0.025190865620970726 0.057290710508823395 -0.015419552102684975
v 0.024960659444332123 0.057509779930114746 -0.015127910301089287
v 0.025190865620970726 0.05447385460138321 -0.012878317385911942
v 0.024960659444332123 0.054741475731134415 -0.012630478478968143
v 0.025190865620970726 0.05447385460138321 -0.012878317385911942
v 0.024960659444332123 0.054741475731134415 -0.012630478478968143
v 0.025190865620970726 0.05215601623058319 -0.009874951094388962
v 0.024960659444332123 0.0524635910987854 -0.009678881615400314
v 0.025190865620970726 0.05215601623058319 -0.009874951094388962
v 0.024960659444332123 0.0524635910987854 -0.009678881615400314
v 0.025190865620970726 0.05041170120239258 -0.006505985278636217
v 0.024960659444332123 0.050749342888593674 -0.006367986556142569
v 0.025190865620970726 0.05041170120239258 -0.006505985278636217
v 0.024960659444332123 0.050749342888593674 -0.006367986556142569
v 0.025190865620970726 0.049296967685222626 -0.002879700157791376
v 0.024960659444332123 0.049653828144073486 -0.0028042071498930454
v 0.025190865620970726 0.049296967685222626 -0.002879700157791376
v 0.024960659444332123 0.049653828144073486 -0.0028042071498930454
v 0.025190865620970726 0.04884764924645424 0.0008873522747308016
v 0.024960659444332123 0.0492122508585453 0.0008979124249890447
v 0.025190865620970726 0.04884764924645424 0.0008873522747308016
v 0.024960659444332123 0.0492122508585453 0.0008979124249890447
v 0.025190865620970726 0.049078185111284256 0.004674095660448074
v 0.024960659444332123 0.04943881183862686 0.004619383718818426
v 0.025190865620970726 0.049078185111284256 0.004674095660448074
v 0.024960659444332123 0.04943881183862686 0.004619383718818426
v 0.025190865620970726 0.049981165677309036 0.008358821272850037
v 0.024960659444332123 0.05032622814178467 0.00824059545993805
v 0.025190865620970726 0.049981165677309036 0.008358821272850037
v 0.024960659444332123 0.05032622814178467 0.00824059545993805
v 0.02509116940200329 0.051341909915208817 0.011048038490116596
v 0.02509116940200329 0.051341909915208817 0.011048038490116596
v 0.024960659444332123 0.05032622814178467 0.00824059545993805
v 0.02505706064403057 0.05145693197846413 0.011162458918988705
v 0.02505706064403057 0.05236053094267845 0.012727538123726845
v 0.024954576045274734 0.052360113710165024 0.012503361329436302
v 0.024960659444332123 0.053949203342199326 0.014723649248480797
v 0.024960659444332123 0.053949203342199326 0.014723649248480797
v 0.024954576045274734 0.052360113710165024 0.012503361329436302
v 0.024598242715001106 0.0541297048330307 0.014574941247701645
v 0.024960659444332123 0.053949203342199326 0.014723649248480797
v 0.024598242715001106 0.0541297048330307 0.014574941247701645
v 0.024960659444332123 0.05656832084059715 0.01737711951136589
v 0.024598242715001106 0.05671937018632889 0.01719857193529606
v 0.024960659444332123 0.05656832084059715 0.01737711951136589
v 0.024598242715001106 0.05671937018632889 0.01719857193529606
v 0.024960659444332123 0.05961914360523224 0.019520286470651627
v 0.024598242715001106 0.05973588302731514 0.019317638128995895
v 0.024960659444332123 0.05961914360523224 0.019520286470651627
v 0.024598242715001106 0.05973588302731514 0.019317638128995895
v 0.024960659444332123 0.06300361454486847 0.021084265783429146
v 0.024598242715001106 0.06308229267597198 0.020864030346274376
v 0.024960659444332123 0.06300361454486847 0.021084265783429146
v 0.024598242715001106 0.06308229267597198 0.020864030346274376
v 0.024960659444332123 0.06661295890808105 0.0220187921077013
v 0.024598242715001106 0.06665104627609253 0.02178804576396942
v 0.024960659444332123 0.06661295890808105 0.0220187921077013
v 0.024598242715001106 0.06665104627609253 0.02178804576396942
v 0.024960659444332123 0.0703311562538147 0.022293826565146446
v 0.024598242715001106 0.07032743096351624 0.022059988230466843
v 0.024960659444332123 0.0703311562538147 0.022293826565146446
v 0.024598242715001106 0.07032743096351624 0.022059988230466843
v 0.024960659444332123 0.07403872162103653 0.02190053090453148
v 0.024598242715001106 0.07399330288171768 0.02167111448943615
v 0.024960659444332123 0.07403872162103653 0.02190053090453148
v 0.024598242715001106 0.07399330288171768 0.02167111448943615
v 0.024960659444332123 0.07761646807193756 0.02085154503583908
v 0.024598242715001106 0.07753081619739532 0.02063392475247383
v 0.024960659444332123 0.07761646807193756 0.02085154503583908
v 0.024598242715001106 0.07753081619739532 0.02063392475247383
v 0.024960659444332123 0.08094941824674606 0.01918058469891548
v 0.024598242715001106 0.0808262899518013 0.018981756642460823
v 0.024960659444332123 0.08094941824674606 0.01918058469891548
v 0.024598242715001106 0.0808262899518013 0.018981756642460823
v 0.024960659444332123 0.08393044769763947 0.016941355541348457
v 0.024598242715001106 0.08377379179000854 0.016767708584666252
v 0.024960659444332123 0.08393044769763947 0.016941355541348457
v 0.024598242715001106 0.08377379179000854 0.016767708584666252
v 0.024960659444332123 0.08646374195814133 0.014205828309059143
v 0.024598242715001106 0.08627859503030777 0.014062943868339062
v 0.024960659444332123 0.08646374195814133 0.014205828309059143
v 0.024598242715001106 0.08627859503030777 0.014062943868339062
v 0.024960659444332123 0.08846787363290787 0.011061925441026688
v 0.024598242715001106 0.08826019614934921 0.010954395867884159
v 0.024960659444332123 0.08846787363290787 0.011061925441026688
v 0.024598242715001106 0.08826019614934921 0.010954395867884159
v 0.024960659444332123 0.08987843990325928 0.007610694505274296
v 0.024598242715001106 0.08965489268302917 0.007541975937783718
v 0.024960659444332123 0.08987843990325928 0.007610694505274296
v 0.024598242715001106 0.08965489268302917 0.007541975937783718
v 0.024960659444332123 0.09065008908510208 0.003963060677051544
v 0.024598242715001106 0.09041786938905716 0.003935362212359905
v 0.024960659444332123 0.09065008908510208 0.003963060677051544
v 0.024598242715001106 0.09041786938905716 0.003935362212359905
v 0.024960659444332123 0.09075803309679031 0.00023626221809536219
v 0.024598242715001106 0.0905245915055275 0.00025047361850738525
v 0.024960659444332123 0.09075803309679031 0.00023626221809536219
v 0.024598242715001106 0.0905245915055275 0.00025047361850738525
v 0.024960659444332123 0.09019879251718521 -0.0034499187022447586
v 0.024598242715001106 0.0899716466665268 -0.0033942540176212788
v 0.024960659444332123 0.09019879251718521 -0.0034499187022447586
v 0.024598242715001106 0.0899716466665268 -0.0033942540176212788
v 0.024960659444332123 0.08899034559726715 -0.006977005396038294
v 0.024598242715001106 0.08877678960561752 -0.006881676148623228
v 0.024960659444332123 0.08899034559726715 -0.006977005396038294
v 0.024598242715001106 0.08877678960561752 -0.006881676148623228
v 0.024960659444332123 0.0871715396642685 -0.01023163367062807
v 0.024598242715001106 0.08697843551635742 -0.010099704377353191
v 0.024960659444332123 0.0871715396642685 -0.01023163367062807
v 0.024598242715001106 0.08697843551635742 -0.010099704377353191
v 0.024960659444332123 0.08480081707239151 -0.013109197840094566
v 0.024598242715001106 0.08463437855243683 -0.012944908812642097
v 0.024960659444332123 0.08480081707239151 -0.013109197840094566
v 0.024598242715001106 0.08463437855243683 -0.012944908812642097
v 0.024960659444332123 0.08195438981056213 -0.015517210587859154
v 0.024598242715001106 0.08181995898485184 -0.015325842425227165
v 0.024960659444332123 0.08195438981056213 -0.015517210587859154
v 0.024598242715001106 0.08181995898485184 -0.015325842425227165
v 0.024960659444332123 0.07872374355792999 -0.017378276214003563
v 0.024598242715001106 0.0786256343126297 -0.017165979370474815
v 0.024960659444332123 0.07872374355792999 -0.017378276214003563
v 0.024598242715001106 0.0786256343126297 -0.017165979370474815
v 0.024960659444332123 0.07521270215511322 -0.01863257959485054
v 0.024598242715001106 0.07515408098697662 -0.018406175076961517
v 0.024960659444332123 0.07521270215511322 -0.01863257959485054
v 0.024598242715001106 0.07515408098697662 -0.018406175076961517
v 0.024960659444332123 0.07153411954641342 -0.01923980377614498
v 0.024598242715001106 0.07151686400175095 -0.019006572663784027
v 0.024960659444332123 0.07153411954641342 -0.01923980377614498
v 0.024598242715001106 0.07151686400175095 -0.019006572663784027
v 0.024960659444332123 0.06780622899532318 -0.019180433824658394
v 0.024598242715001106 0.0678308978676796 -0.018947869539260864
v 0.024960659444332123 0.06780622899532318 -0.019180433824658394
v 0.024598242715001106 0.0678308978676796 -0.018947869539260864
v 0.024960659444332123 0.06414885073900223 -0.01845637708902359
v 0.024598242715001106 0.06421465426683426 -0.018231956288218498
v 0.024960659444332123 0.06414885073900223 -0.01845637708902359
v 0.024598242715001106 0.06421465426683426 -0.018231956288218498
v 0.024960659444332123 0.06067953258752823 -0.01709090732038021
v 0.024598242715001106 0.06078434735536575 -0.01688184216618538
v 0.024960659444332123 0.06067953258752823 -0.01709090732038021
v 0.024598242715001106 0.06078434735536575 -0.01688184216618538
v 0.024960659444332123 0.057509779930114746 -0.015127910301089287
v 0.024598242715001106 0.05765024200081825 -0.014940919354557991
v 0.024960659444332123 0.057509779930114746 -0.015127910301089287
v 0.024598242715001106 0.05765024200081825 -0.014940919354557991
v 0.024960659444332123 0.054741475731134415 -0.012630478478968143
v 0.024598242715001106 0.05491306632757187 -0.012471572495996952
v 0.024960659444332123 0.054741475731134415 -0.012630478478968143
v 0.024598242715001106 0.05491306632757187 -0.012471572495996952
v 0.024960659444332123 0.0524635910987854 -0.009678881615400314
v 0.024598242715001106 0.05266080051660538 -0.009553167968988419
v 0.024960659444332123 0.0524635910987854 -0.009678881615400314
v 0.024598242715001106 0.05266080051660538 -0.009553167968988419
v 0.024960659444332123 0.050749342888593674 -0.006367986556142569
v 0.024598242715001106 0.05096583068370819 -0.006279506254941225
v 0.024960659444332123 0.050749342888593674 -0.006367986556142569
v 0.024598242715001106 0.05096583068370819 -0.006279506254941225
v 0.024960659444332123 0.049653828144073486 -0.0028042071498930454
v 0.024598242715001106 0.04988263174891472 -0.0027558039873838425
v 0.024960659444332123 0.049653828144073486 -0.0028042071498930454
v 0.024598242715001106 0.04988263174891472 -0.0027558039873838425
v 0.024960659444332123 0.0492122508585453 0.0008979124249890447
v 0.024598242715001106 0.049446024000644684 0.000904683256521821
v 0.024960659444332123 0.0492122508585453 0.0008979124249890447
v 0.024598242715001106 0.049446024000644684 0.000904683256521821
v 0.024960659444332123 0.04943881183862686 0.004619383718818426
v 0.024598242715001106 0.049670036882162094 0.0045843045227229595
v 0.024960659444332123 0.04943881183862686 0.004619383718818426
v 0.024598242715001106 0.049670036882162094 0.0045843045227229595
v 0.024960659444332123 0.05032622814178467 0.00824059545993805
v 0.024598242715001106 0.05054746940732002 0.008164793252944946
v 0.024960659444332123 0.05032622814178467 0.00824059545993805
v 0.024598242715001106 0.05054746940732002 0.008164793252944946
v 0.024859415367245674 0.0518096424639225 0.011394284665584564
v 0.024859415367245674 0.0518096424639225 0.011394284665584564
v 0.024598242715001106 0.05054746940732002 0.008164793252944946
v 0.02471793070435524 0.05206873640418053 0.011673440225422382
v 0.02525000087916851 0.08976976573467255 -0.02106449566781521
v 0.02525000087916851 0.09291791915893555 -0.017858952283859253
v 0.02525000087916851 0.09155001491308212 -0.009325318038463593
v 0.02525000087916851 0.08751057088375092 0.02585938759148121
v 0.02525000087916851 0.08870001137256622 0.024775316938757896
v 0.02525000087916851 0.09095212072134018 0.02297111228108406
v 0.02525000087916851 0.05008618161082268 0.023937465623021126
v 0.02525000087916851 0.051249999552965164 0.024775316938757896
v 0.02525000087916851 0.053660403937101364 0.02665984071791172
v 0.02525000087916851 0.028999999165534973 -0.023500001057982445
v 0.02525000087916851 0.028999999165534973 -0.02250000089406967
v 0.02525000087916851 -2.9802671441814255e-10 -0.02250000089406967
v 0.02525000087916851 0.07909999787807465 0.02315063402056694
v 0.02525000087916851 0.07955551147460938 0.0248506348580122
v 0.02525000087916851 0.07000000029802322 0.024775316938757896
v 0.02525000087916851 0.060444485396146774 0.0248506348580122
v 0.02525000087916851 0.0608999989926815 0.02315063402056694
v 0.02525000087916851 0.07000000029802322 0.023000000044703484
v 0.02525000087916851 0.06649837642908096 0.022712934762239456
v 0.02525000087916851 0.051726650446653366 0.014678426086902618
v 0.02525000087916851 0.05237499624490738 0.013813336379826069
v 0.02525000087916851 0.055799998342990875 0.0202061478048563
v 0.02525000087916851 0.06276693195104599 0.021746793761849403
v 0.02525000087916851 0.060444485396146774 0.02145063504576683
v 0.02525000087916851 0.05926796421408653 0.02012990601360798
v 0.02525000087916851 0.05920000001788139 0.0202061478048563
v 0.02525000087916851 0.05611393228173256 0.017914235591888428
v 0.02525000087916851 0.053406212478876114 0.015170999802649021
v 0.02525000087916851 0.057500001043081284 0.01975063420832157
v 0.02525000087916851 0.04800242558121681 0.012392768636345863
v 0.02525000087916851 0.04803289845585823 0.013527396135032177
v 0.02525000087916851 0.0443478487432003 0.017055293545126915
v 0.02525000087916851 0.048600416630506516 0.014510367065668106
v 0.02525000087916851 0.04695861414074898 0.020711833611130714
v 0.02525000087916851 0.04956779628992081 0.015104073099792004
v 0.02525000087916851 0.05070119723677635 0.015165002085268497
v 0.02525000087916851 0.054555512964725494 0.02145063504576683
v 0.02525000087916851 0.04874323680996895 0.004724911414086819
v 0.02525000087916851 0.04966067150235176 0.008468626998364925
v 0.02525000087916851 0.04670000076293945 0.004444485530257225
v 0.02525000087916851 0.047944486141204834 0.003199998987838626
v 0.02525000087916851 0.04839999973773956 0.0014999988488852978
v 0.02525000087916851 0.048509012907743454 0.0008775441092438996
v 0.02525000087916851 0.047944486141204834 -0.00020000117365270853
v 0.02525000087916851 0.04896552488207817 -0.0029498166404664516
v 0.02525000087916851 0.04670000076293945 -0.0014444875996559858
v 0.02525000087916851 0.050098102539777756 -0.006634156685322523
v 0.02525000087916851 0.04851635918021202 0.011380750685930252
v 0.02525000087916851 0.044999998062849045 0.004899999126791954
v 0.02525000087916851 0.04945047199726105 0.010735971853137016
v 0.02525000087916851 0.05052367225289345 0.010606952011585236
v 0.02525000087916851 0.060444485396146774 -0.02185063622891903
v 0.02525000087916851 0.07000000029802322 -0.021775318309664726
v 0.02525000087916851 0.0608999989926815 -0.02015063539147377
v 0.02525000087916851 0.07000000029802322 -0.020000001415610313
v 0.02525000087916851 0.06773201376199722 -0.01988004334270954
v 0.02525000087916851 0.06395091116428375 -0.01913149282336235
v 0.02525000087916851 0.060444485396146774 -0.01845063641667366
v 0.02525000087916851 0.06036422401666641 -0.017719829455018044
v 0.02525000087916851 0.05920000001788139 -0.01720614917576313
v 0.02525000087916851 0.057087242603302 -0.015690425410866737
v 0.02525000087916851 0.057500001043081284 -0.0167506355792284
v 0.02525000087916851 0.055799998342990875 -0.01720614917576313
v 0.02525000087916851 0.051249999552965164 -0.021775318309664726
v 0.02525000087916851 0.054099999368190765 -0.02015063539147377
v 0.02525000087916851 0.051249999552965164 -0.009325318038463593
v 0.02525000087916851 0.054555512964725494 -0.01845063641667366
v 0.02525000087916851 0.054225288331508636 -0.013108506798744202
v 0.02525000087916851 0.05187034234404564 -0.010057058185338974
v 0.02525000087916851 0.05183416232466698 -0.010000105947256088
v 0.02525000087916851 0.05095769837498665 -0.008482023142278194
v 0.02525000087916851 0.08420000225305557 -0.01720614917576313
v 0.02525000087916851 0.08544448763132095 -0.01845063641667366
v 0.02525000087916851 0.08870001137256622 -0.009325318038463593
v 0.02525000087916851 0.08870001137256622 -0.021775318309664726
v 0.02525000087916851 0.08590000122785568 -0.02015063539147377
v 0.02525000087916851 0.08544448763132095 -0.02185063622891903
v 0.02525000087916851 0.07901886105537415 -0.018016919493675232
v 0.02525000087916851 0.08079999685287476 -0.01720614917576313
v 0.02525000087916851 0.08235880732536316 -0.016092896461486816
v 0.02525000087916851 0.08250000327825546 -0.0167506355792284
v 0.02525000087916851 0.08530152589082718 -0.013603420928120613
v 0.02525000087916851 0.08775244653224945 -0.010628510266542435
v 0.02525000087916851 0.0896327868103981 -0.007263779174536467
v 0.02525000087916851 0.07538904249668121 -0.01931365579366684
v 0.02525000087916851 0.07909999787807465 -0.02015063539147377
v 0.02525000087916851 0.07955551147460938 -0.01845063641667366
v 0.02525000087916851 0.09055091440677643 0.007817416451871395
v 0.02525000087916851 0.09134867787361145 0.0040463851764798164
v 0.02525000087916851 0.09155001491308212 0.012325316667556763
v 0.02525000087916851 0.09146026521921158 0.0001935105537995696
v 0.02525000087916851 0.08544448763132095 0.02145063504576683
v 0.02525000087916851 0.08420000225305557 0.0202061478048563
v 0.02525000087916851 0.08870001137256622 0.012325316667556763
v 0.02525000087916851 0.08590000122785568 0.02315063402056694
v 0.02525000087916851 0.08909263461828232 0.011385401710867882
v 0.02525000087916851 0.08702070266008377 0.014635661616921425
v 0.02525000087916851 0.08440171182155609 0.01746373064815998
v 0.02525000087916851 0.08250000327825546 0.01975063420832157
v 0.02525000087916851 0.08131983876228333 0.01977871172130108
v 0.02525000087916851 0.08079999685287476 0.0202061478048563
v 0.02525000087916851 0.07787413150072098 0.02150619961321354
v 0.02525000087916851 0.07034236192703247 0.02299727313220501
v 0.02525000087916851 0.07417534291744232 0.022590672597289085
v 0.02525000087916851 0.07955551147460938 0.02145063504576683
v 0.02525000087916851 0.054099999368190765 0.02315063402056694
v 0.02525000087916851 0.054555512964725494 0.0248506348580122
v 0.02525000087916851 0.055799998342990875 0.02609512023627758
v 0.02525000087916851 0.05760111287236214 0.02881789766252041
v 0.02525000087916851 0.057500001043081284 0.02655063383281231
v 0.02525000087916851 0.06181991845369339 0.030363233759999275
v 0.02525000087916851 0.05920000001788139 0.02609512023627758
v 0.02525000087916851 0.06622219830751419 0.03126118332147598
v 0.02525000087916851 0.044773004949092865 0.012325316667556763
v 0.02525000087916851 0.042312443256378174 0.013049859553575516
v 0.02525000087916851 0.040898051112890244 0.00878536980599165
v 0.02525000087916851 0.044999998062849045 -0.0019000011961907148
v 0.02525000087916851 0.043299999088048935 -0.0014444875996559858
v 0.02525000087916851 0.03999999910593033 -0.01250000111758709
v 0.02525000087916851 0.042055513709783554 -0.00020000117365270853
v 0.02525000087916851 0.03999999910593033 0.0014999988488852978
v 0.02525000087916851 0.041600000113248825 0.0014999988488852978
v 0.02525000087916851 0.04013639688491821 0.00435747392475605
v 0.02525000087916851 0.042055513709783554 0.003199998987838626
v 0.02525000087916851 0.043299999088048935 0.004444485530257225
v 0.02525000087916851 0.05920000001788139 -0.02309512160718441
v 0.02525000087916851 0.07000000029802322 -0.029500000178813934
v 0.02525000087916851 0.051249999552965164 -0.029500000178813934
v 0.02525000087916851 0.057500001043081284 -0.02355063520371914
v 0.02525000087916851 0.055799998342990875 -0.02309512160718441
v 0.02525000087916851 0.054555512964725494 -0.02185063622891903
v 0.02525000087916851 0.08261773735284805 -0.029500000178813934
v 0.02525000087916851 0.08261773735284805 -0.026382697746157646
v 0.02525000087916851 0.07158602029085159 -0.019941421225667
v 0.02525000087916851 0.07955551147460938 -0.02185063622891903
v 0.02525000087916851 0.08079999685287476 -0.02309512160718441
v 0.02525000087916851 0.08250000327825546 -0.02355063520371914
v 0.02525000087916851 0.083676278591156 0.028201300650835037
v 0.02525000087916851 0.08250000327825546 0.02655063383281231
v 0.02525000087916851 0.08420000225305557 0.02609512023627758
v 0.02525000087916851 0.08544448763132095 0.0248506348580122
v 0.02525000087916851 0.08079999685287476 0.02609512023627758
v 0.02525000087916851 0.07953523099422455 0.029944319278001785
v 0.02525000087916851 0.07518031448125839 0.031049354001879692
v 0.02525000087916851 0.07070920616388321 0.03149161487817764
v 0.02525000087916851 -2.9802671441814255e-10 -0.029500000178813934
v 0.02525000087916851 0.044773004949092865 -0.029500000178813934
v 0.02525000087916851 0.03084256872534752 -0.023344581946730614
v 0.02525000087916851 0.039065662771463394 -0.016936490312218666
v 0.02525000087916851 0.037676554173231125 -0.019261466339230537
v 0.02525000087916851 0.044773004949092865 -0.021775318309664726
v 0.02525000087916851 0.03576146438717842 -0.021176554262638092
v 0.02525000087916851 0.03343648836016655 -0.02256566286087036
v 0.02525000087916851 0.044773004949092865 -0.009325318038463593
v 0.02525000087916851 0.0398445799946785 -0.014342568814754486
v 0.02525000087916851 0.09392372518777847 0.019601253792643547
v 0.02525000087916851 0.09635873883962631 0.01582539640367031
v 0.02525000087916851 0.09160000085830688 0.0014999988488852978
v 0.02525000087916851 0.09088210761547089 -0.003617372363805771
v 0.02525000087916851 0.09996528923511505 0.002942704362794757
v 0.02525000087916851 0.0979444831609726 0.003199998987838626
v 0.02525000087916851 0.09839999675750732 0.0014999988488852978
v 0.02525000087916851 0.0949999988079071 -0.0019000011961907148
v 0.02525000087916851 0.093299999833107 -0.0014444875996559858
v 0.02525000087916851 0.09205551445484161 -0.00020000117365270853
v 0.02525000087916851 0.0949999988079071 0.004899999126791954
v 0.02525000087916851 0.093299999833107 0.004444485530257225
v 0.02525000087916851 0.09205551445484161 0.003199998987838626
v 0.02525000087916851 0.09984469413757324 -0.0015486027114093304
v 0.02525000087916851 0.0979444831609726 -0.00020000117365270853
v 0.02525000087916851 0.09905470907688141 -0.0059715318493545055
v 0.02525000087916851 0.09669999778270721 -0.0014444875996559858
v 0.02525000087916851 0.09761304408311844 -0.010226879268884659
v 0.02525000087916851 0.09669999778270721 0.004444485530257225
v 0.02525000087916851 0.09941378235816956 0.007401652634143829
v 0.02525000087916851 0.09820254147052765 0.011728230863809586
v 0.02525000087916851 0.09555204212665558 -0.014219200238585472
v 0.02525000087916851 0.08753062784671783 -0.022844959050416946
v 0.02525000087916851 0.08420000225305557 -0.02309512160718441
v 0.025008687749505043 0.05231623351573944 0.012802711687982082
v 0.02505706064403057 0.05236053094267845 0.012727538123726845
v 0.02519858442246914 0.05245990306138992 0.013377905823290348
v 0.02505706064403057 0.05145693197846413 0.011162458918988705
v 0.02497018873691559 0.051277998834848404 0.011152776889503002
v 0.02509116940200329 0.051341909915208817 0.011048038490116596
v 0.02509116940200329 0.051341909915208817 0.011048038490116596
v 0.02497018873691559 0.051277998834848404 0.011152776889503002
v 0.024945665150880814 0.051190268248319626 0.011132355779409409
v 0.02509116940200329 0.051341909915208817 0.011048038490116596
v 0.024945665150880814 0.051190268248319626 0.011132355779409409
v 0.025212962180376053 0.0508737713098526 0.01071497704833746
v 0.025212962180376053 0.0508737713098526 0.01071497704833746
v 0.024945665150880814 0.051190268248319626 0.011132355779409409
v 0.024945665150880814 0.05053561180830002 0.010919836349785328
v 0.025212962180376053 0.0508737713098526 0.01071497704833746
v 0.024945665150880814 0.05053561180830002 0.010919836349785328
v 0.02525000087916851 0.05052367225289345 0.010606952011585236
v 0.02525000087916851 0.05052367225289345 0.010606952011585236
v 0.024945665150880814 0.05053561180830002 0.010919836349785328
v 0.024945665150880814 0.05025462061166763 0.010899999178946018
v 0.02525000087916851 0.05052367225289345 0.010606952011585236
v 0.024945665150880814 0.05025462061166763 0.010899999178946018
v 0.02525000087916851 0.04945047199726105 0.010735971853137016
v 0.024945665150880814 0.05025462061166763 0.010899999178946018
v 0.024945665150880814 0.049557968974113464 0.011025252752006054
v 0.02525000087916851 0.04945047199726105 0.010735971853137016
v 0.02525000087916851 0.04945047199726105 0.010735971853137016
v 0.024945665150880814 0.049557968974113464 0.011025252752006054
v 0.024945665150880814 0.04925461858510971 0.011167948134243488
v 0.02525000087916851 0.04945047199726105 0.010735971853137016
v 0.024945665150880814 0.04925461858510971 0.011167948134243488
v 0.02525000087916851 0.04851635918021202 0.011380750685930252
v 0.024945665150880814 0.04925461858510971 0.011167948134243488
v 0.024945665150880814 0.04874872416257858 0.011583839543163776
v 0.02525000087916851 0.04851635918021202 0.011380750685930252
v 0.02525000087916851 0.04851635918021202 0.011380750685930252
v 0.024945665150880814 0.04874872416257858 0.011583839543163776
v 0.024945665150880814 0.04852256923913956 0.011899999342858791
v 0.02525000087916851 0.04851635918021202 0.011380750685930252
v 0.024945665150880814 0.04852256923913956 0.011899999342858791
v 0.02525000087916851 0.04800242558121681 0.012392768636345863
v 0.024945665150880814 0.04852256923913956 0.011899999342858791
v 0.024945665150880814 0.04830349236726761 0.012460573576390743
v 0.02525000087916851 0.04800242558121681 0.012392768636345863
v 0.02525000087916851 0.04800242558121681 0.012392768636345863
v 0.024945665150880814 0.04830349236726761 0.012460573576390743
v 0.024945665150880814 0.04825462028384209 0.012899999506771564
v 0.02525000087916851 0.04800242558121681 0.012392768636345863
v 0.024945665150880814 0.04825462028384209 0.012899999506771564
v 0.02525000087916851 0.04803289845585823 0.013527396135032177
v 0.02525000087916851 0.04803289845585823 0.013527396135032177
v 0.024945665150880814 0.04825462028384209 0.012899999506771564
v 0.024945665150880814 0.04832989349961281 0.01344352774322033
v 0.02525000087916851 0.04803289845585823 0.013527396135032177
v 0.024945665150880814 0.04832989349961281 0.01344352774322033
v 0.02525000087916851 0.048600416630506516 0.014510367065668106
v 0.024945665150880814 0.04832989349961281 0.01344352774322033
v 0.024945665150880814 0.04852256923913956 0.013899999670684338
v 0.02525000087916851 0.048600416630506516 0.014510367065668106
v 0.02525000087916851 0.048600416630506516 0.014510367065668106
v 0.024945665150880814 0.04852256923913956 0.013899999670684338
v 0.024945665150880814 0.048821546137332916 0.01429509837180376
v 0.02525000087916851 0.048600416630506516 0.014510367065668106
v 0.024945665150880814 0.048821546137332916 0.01429509837180376
v 0.02525000087916851 0.04956779628992081 0.015104073099792004
v 0.024945665150880814 0.048821546137332916 0.01429509837180376
v 0.024945665150880814 0.04925461858510971 0.014632049947977066
v 0.02525000087916851 0.04956779628992081 0.015104073099792004
v 0.02525000087916851 0.04956779628992081 0.015104073099792004
v 0.024945665150880814 0.04925461858510971 0.014632049947977066
v 0.024945665150880814 0.0496596097946167 0.014809438958764076
v 0.02525000087916851 0.04956779628992081 0.015104073099792004
v 0.024945665150880814 0.0496596097946167 0.014809438958764076
v 0.02525000087916851 0.05070119723677635 0.015165002085268497
v 0.024945665150880814 0.0496596097946167 0.014809438958764076
v 0.024945665150880814 0.05025462061166763 0.014899998903274536
v 0.02525000087916851 0.05070119723677635 0.015165002085268497
v 0.02525000087916851 0.05070119723677635 0.015165002085268497
v 0.024945665150880814 0.05025462061166763 0.014899998903274536
v 0.024945665150880814 0.0506414994597435 0.014862223528325558
v 0.02525000087916851 0.05070119723677635 0.015165002085268497
v 0.024945665150880814 0.0506414994597435 0.014862223528325558
v 0.02525000087916851 0.051726650446653366 0.014678426086902618
v 0.024945665150880814 0.0506414994597435 0.014862223528325558
v 0.024945665150880814 0.05125461891293526 0.014632049947977066
v 0.02525000087916851 0.051726650446653366 0.014678426086902618
v 0.02525000087916851 0.051726650446653366 0.014678426086902618
v 0.024945665150880814 0.05125461891293526 0.014632049947977066
v 0.024945665150880814 0.05152987316250801 0.014440691098570824
v 0.02525000087916851 0.051726650446653366 0.014678426086902618
v 0.024945665150880814 0.05152987316250801 0.014440691098570824
v 0.02525000087916851 0.05237499624490738 0.013813336379826069
v 0.02525000087916851 0.05237499624490738 0.013813336379826069
v 0.024945665150880814 0.05152987316250801 0.014440691098570824
v 0.024945665150880814 0.05198667198419571 0.013899999670684338
v 0.02525000087916851 0.05237499624490738 0.013813336379826069
v 0.024945665150880814 0.05198667198419571 0.013899999670684338
v 0.025246795266866684 0.05240868777036667 0.013721376657485962
v 0.025246795266866684 0.05240868777036667 0.013721376657485962
v 0.024945665150880814 0.05198667198419571 0.013899999670684338
v 0.024945665150880814 0.052109986543655396 0.013646736741065979
v 0.025246795266866684 0.05240868777036667 0.013721376657485962
v 0.024945665150880814 0.052109986543655396 0.013646736741065979
v 0.02519858442246914 0.05245990306138992 0.013377905823290348
v 0.02519858442246914 0.05245990306138992 0.013377905823290348
v 0.024945665150880814 0.052109986543655396 0.013646736741065979
v 0.024945665150880814 0.05225326865911484 0.012973526492714882
v 0.02519858442246914 0.05245990306138992 0.013377905823290348
v 0.024945665150880814 0.05225326865911484 0.012973526492714882
v 0.025008687749505043 0.05231623351573944 0.012802711687982082
v 0.024921840056777 0.05125568434596062 0.011168562807142735
v 0.024945665150880814 0.051190268248319626 0.011132355779409409
v 0.02497018873691559 0.051277998834848404 0.011152776889503002
v 0.024921840056777 0.05125568434596062 0.011168562807142735
v 0.02497018873691559 0.051277998834848404 0.011152776889503002
v 0.024730132892727852 0.051659777760505676 0.011476787738502026
v 0.024730132892727852 0.051659777760505676 0.011476787738502026
v 0.02497018873691559 0.051277998834848404 0.011152776889503002
v 0.02505706064403057 0.05145693197846413 0.011162458918988705
v 0.024730132892727852 0.051659777760505676 0.011476787738502026
v 0.02505706064403057 0.05145693197846413 0.011162458918988705
v 0.0249552633613348 0.05164966732263565 0.011274113319814205
v 0.0249552633613348 0.05164966732263565 0.011274113319814205
v 0.024859415367245674 0.0518096424639225 0.011394284665584564
v 0.024730132892727852 0.051659777760505676 0.011476787738502026
v 0.024730132892727852 0.051659777760505676 0.011476787738502026
v 0.024859415367245674 0.0518096424639225 0.011394284665584564
v 0.02471793070435524 0.05206873640418053 0.011673440225422382
v 0.024730132892727852 0.051659777760505676 0.011476787738502026
v 0.02471793070435524 0.05206873640418053 0.011673440225422382
v 0.024618662893772125 0.051903195679187775 0.011767656542360783
v 0.024618662893772125 0.051903195679187775 0.011767656542360783
v 0.02471793070435524 0.05206873640418053 0.011673440225422382
v 0.024605682119727135 0.05198659002780914 0.01189985778182745
v 0.024605682119727135 0.05198659002780914 0.01189985778182745
v 0.02471793070435524 0.05206873640418053 0.011673440225422382
v 0.024712368845939636 0.05221159756183624 0.011915440671145916
v 0.024605682119727135 0.05198659002780914 0.01189985778182745
v 0.024712368845939636 0.05221159756183624 0.011915440671145916
v 0.024614280089735985 0.052046582102775574 0.012011817656457424
v 0.024614280089735985 0.052046582102775574 0.012011817656457424
v 0.024712368845939636 0.05221159756183624 0.011915440671145916
v 0.02484908141195774 0.05233201012015343 0.012284420430660248
v 0.024614280089735985 0.052046582102775574 0.012011817656457424
v 0.02484908141195774 0.05233201012015343 0.012284420430660248
v 0.024721991270780563 0.05218413099646568 0.012373707257211208
v 0.024954576045274734 0.052360113710165024 0.012503361329436302
v 0.02505706064403057 0.05236053094267845 0.012727538123726845
v 0.025008687749505043 0.05231623351573944 0.012802711687982082
v 0.02484908141195774 0.05233201012015343 0.012284420430660248
v 0.024954576045274734 0.052360113710165024 0.012503361329436302
v 0.024721991270780563 0.05218413099646568 0.012373707257211208
v 0.024721991270780563 0.05218413099646568 0.012373707257211208
v 0.024954576045274734 0.052360113710165024 0.012503361329436302
v 0.025008687749505043 0.05231623351573944 0.012802711687982082
v 0.024721991270780563 0.05218413099646568 0.012373707257211208
v 0.025008687749505043 0.05231623351573944 0.012802711687982082
v 0.02492183819413185 0.05225462093949318 0.01289876364171505
v 0.02492183819413185 0.05225462093949318 0.01289876364171505
v 0.025008687749505043 0.05231623351573944 0.012802711687982082
v 0.024945665150880814 0.05225326865911484 0.012973526492714882
v 0.02225000038743019 0.0799885243177414 0.021700633689761162
v 0.02225000038743019 0.08105000108480453 0.02063916064798832
v 0.02225000038743019 0.08250000327825546 0.02315063402056694
v 0.02225000038743019 0.08250000327825546 0.020250635221600533
v 0.02225000038743019 0.0839499980211258 0.02063916064798832
v 0.02225000038743019 0.08105000108480453 0.02566210739314556
v 0.02225000038743019 0.0799885243177414 0.02460063435137272
v 0.02225000038743019 0.07959999889135361 0.02315063402056694
v 0.02225000038743019 0.08501147478818893 0.02460063435137272
v 0.02225000038743019 0.0839499980211258 0.02566210739314556
v 0.02225000038743019 0.08250000327825546 0.026050634682178497
v 0.02225000038743019 0.08501147478818893 0.021700633689761162
v 0.02225000038743019 0.08540000021457672 0.02315063402056694
v 0.02225000038743019 0.08250000327825546 0.020250635221600533
v 0.02474999986588955 0.08250000327825546 0.020250635221600533
v 0.02225000038743019 0.0839499980211258 0.02063916064798832
v 0.02474999986588955 0.0839499980211258 0.02063916064798832
v 0.02225000038743019 0.0839499980211258 0.02063916064798832
v 0.02474999986588955 0.0839499980211258 0.02063916064798832
v 0.02225000038743019 0.08501147478818893 0.021700633689761162
v 0.02474999986588955 0.08501147478818893 0.021700633689761162
v 0.02225000038743019 0.08501147478818893 0.021700633689761162
v 0.02474999986588955 0.08501147478818893 0.021700633689761162
v 0.02225000038743019 0.08540000021457672 0.02315063402056694
v 0.02474999986588955 0.08540000021457672 0.02315063402056694
v 0.02225000038743019 0.08540000021457672 0.02315063402056694
v 0.02474999986588955 0.08540000021457672 0.02315063402056694
v 0.02225000038743019 0.08501147478818893 0.02460063435137272
v 0.02474999986588955 0.08501147478818893 0.02460063435137272
v 0.02225000038743019 0.08501147478818893 0.02460063435137272
v 0.02474999986588955 0.08501147478818893 0.02460063435137272
v 0.02225000038743019 0.0839499980211258 0.02566210739314556
v 0.02474999986588955 0.0839499980211258 0.02566210739314556
v 0.02225000038743019 0.0839499980211258 0.02566210739314556
v 0.02474999986588955 0.0839499980211258 0.02566210739314556
v 0.02225000038743019 0.08250000327825546 0.026050634682178497
v 0.02474999986588955 0.08250000327825546 0.026050634682178497
v 0.02225000038743019 0.08250000327825546 0.026050634682178497
v 0.02474999986588955 0.08250000327825546 0.026050634682178497
v 0.02225000038743019 0.08105000108480453 0.02566210739314556
v 0.02474999986588955 0.08105000108480453 0.02566210739314556
v 0.02225000038743019 0.08105000108480453 0.02566210739314556
v 0.02474999986588955 0.08105000108480453 0.02566210739314556
v 0.02225000038743019 0.0799885243177414 0.02460063435137272
v 0.02474999986588955 0.0799885243177414 0.02460063435137272
v 0.02225000038743019 0.0799885243177414 0.02460063435137272
v 0.02474999986588955 0.0799885243177414 0.02460063435137272
v 0.02225000038743019 0.07959999889135361 0.02315063402056694
v 0.02474999986588955 0.07959999889135361 0.02315063402056694
v 0.02225000038743019 0.07959999889135361 0.02315063402056694
v 0.02474999986588955 0.07959999889135361 0.02315063402056694
v 0.02225000038743019 0.0799885243177414 0.021700633689761162
v 0.02474999986588955 0.0799885243177414 0.021700633689761162
v 0.02225000038743019 0.0799885243177414 0.021700633689761162
v 0.02474999986588955 0.0799885243177414 0.021700633689761162
v 0.02225000038743019 0.08105000108480453 0.02063916064798832
v 0.02474999986588955 0.08105000108480453 0.02063916064798832
v 0.02225000038743019 0.08105000108480453 0.02063916064798832
v 0.02474999986588955 0.08105000108480453 0.02063916064798832
v 0.02225000038743019 0.08250000327825546 0.020250635221600533
v 0.02474999986588955 0.08250000327825546 0.020250635221600533
v 0.02474999986588955 0.0839499980211258 0.02063916064798832
v 0.02525000087916851 0.08420000225305557 0.0202061478048563
v 0.02474999986588955 0.08501147478818893 0.021700633689761162
v 0.02525000087916851 0.08544448763132095 0.02145063504576683
v 0.02474999986588955 0.08501147478818893 0.021700633689761162
v 0.02525000087916851 0.08544448763132095 0.02145063504576683
v 0.02474999986588955 0.08540000021457672 0.02315063402056694
v 0.02525000087916851 0.08590000122785568 0.02315063402056694
v 0.02474999986588955 0.08540000021457672 0.02315063402056694
v 0.02525000087916851 0.08590000122785568 0.02315063402056694
v 0.02474999986588955 0.08501147478818893 0.02460063435137272
v 0.02525000087916851 0.08544448763132095 0.0248506348580122
v 0.02474999986588955 0.08501147478818893 0.02460063435137272
v 0.02525000087916851 0.08544448763132095 0.0248506348580122
v 0.02474999986588955 0.0839499980211258 0.02566210739314556
v 0.02525000087916851 0.08420000225305557 0.02609512023627758
v 0.02474999986588955 0.0839499980211258 0.02566210739314556
v 0.02525000087916851 0.08420000225305557 0.02609512023627758
v 0.02474999986588955 0.08250000327825546 0.026050634682178497
v 0.02525000087916851 0.08250000327825546 0.02655063383281231
v 0.02474999986588955 0.08250000327825546 0.026050634682178497
v 0.02525000087916851 0.08250000327825546 0.02655063383281231
v 0.02474999986588955 0.08105000108480453 0.02566210739314556
v 0.02525000087916851 0.08079999685287476 0.02609512023627758
v 0.02474999986588955 0.08105000108480453 0.02566210739314556
v 0.02525000087916851 0.08079999685287476 0.02609512023627758
v 0.02474999986588955 0.0799885243177414 0.02460063435137272
v 0.02525000087916851 0.07955551147460938 0.0248506348580122
v 0.02474999986588955 0.0799885243177414 0.02460063435137272
v 0.02525000087916851 0.07955551147460938 0.0248506348580122
v 0.02474999986588955 0.07959999889135361 0.02315063402056694
v 0.02525000087916851 0.07909999787807465 0.02315063402056694
v 0.02474999986588955 0.07959999889135361 0.02315063402056694
v 0.02525000087916851 0.07909999787807465 0.02315063402056694
v 0.02474999986588955 0.0799885243177414 0.021700633689761162
v 0.02525000087916851 0.07955551147460938 0.02145063504576683
v 0.02474999986588955 0.0799885243177414 0.021700633689761162
v 0.02525000087916851 0.07955551147460938 0.02145063504576683
v 0.02474999986588955 0.08105000108480453 0.02063916064798832
v 0.02525000087916851 0.08079999685287476 0.0202061478048563
v 0.02474999986588955 0.08105000108480453 0.02063916064798832
v 0.02525000087916851 0.08079999685287476 0.0202061478048563
v 0.02474999986588955 0.08250000327825546 0.020250635221600533
v 0.02525000087916851 0.08250000327825546 0.01975063420832157
v 0.02474999986588955 0.08250000327825546 0.020250635221600533
v 0.02525000087916851 0.08250000327825546 0.01975063420832157
v 0.02474999986588955 0.0839499980211258 0.02063916064798832
v 0.02525000087916851 0.08420000225305557 0.0202061478048563
v 0.02225000038743019 0.09248852729797363 4.999887096346356e-05
v 0.02225000038743019 0.09354999661445618 -0.0010114747565239668
v 0.02225000038743019 0.0949999988079071 0.0014999988488852978
v 0.02225000038743019 0.0949999988079071 -0.0014000011142343283
v 0.02225000038743019 0.09645000100135803 -0.0010114747565239668
v 0.02225000038743019 0.09354999661445618 0.004011472687125206
v 0.02225000038743019 0.09248852729797363 0.0029499989468604326
v 0.02225000038743019 0.09210000187158585 0.0014999988488852978
v 0.02225000038743019 0.09751147031784058 0.0029499989468604326
v 0.02225000038743019 0.09645000100135803 0.004011472687125206
v 0.02225000038743019 0.0949999988079071 0.0043999990448355675
v 0.02225000038743019 0.09751147031784058 4.999887096346356e-05
v 0.02225000038743019 0.09789999574422836 0.0014999988488852978
v 0.02225000038743019 0.0949999988079071 -0.0014000011142343283
v 0.02474999986588955 0.0949999988079071 -0.0014000011142343283
v 0.02225000038743019 0.09645000100135803 -0.0010114747565239668
v 0.02474999986588955 0.09645000100135803 -0.0010114747565239668
v 0.02225000038743019 0.09645000100135803 -0.0010114747565239668
v 0.02474999986588955 0.09645000100135803 -0.0010114747565239668
v 0.02225000038743019 0.09751147031784058 4.999887096346356e-05
v 0.02474999986588955 0.09751147031784058 4.999887096346356e-05
v 0.02225000038743019 0.09751147031784058 4.999887096346356e-05
v 0.02474999986588955 0.09751147031784058 4.999887096346356e-05
v 0.02225000038743019 0.09789999574422836 0.0014999988488852978
v 0.02474999986588955 0.09789999574422836 0.0014999988488852978
v 0.02225000038743019 0.09789999574422836 0.0014999988488852978
v 0.02474999986588955 0.09789999574422836 0.0014999988488852978
v 0.02225000038743019 0.09751147031784058 0.0029499989468604326
v 0.02474999986588955 0.09751147031784058 0.0029499989468604326
v 0.02225000038743019 0.09751147031784058 0.0029499989468604326
v 0.02474999986588955 0.09751147031784058 0.0029499989468604326
v 0.02225000038743019 0.09645000100135803 0.004011472687125206
v 0.02474999986588955 0.09645000100135803 0.004011472687125206
v 0.02225000038743019 0.09645000100135803 0.004011472687125206
v 0.02474999986588955 0.09645000100135803 0.004011472687125206
v 0.02225000038743019 0.0949999988079071 0.0043999990448355675
v 0.02474999986588955 0.0949999988079071 0.0043999990448355675
v 0.02225000038743019 0.0949999988079071 0.0043999990448355675
v 0.02474999986588955 0.0949999988079071 0.0043999990448355675
v 0.02225000038743019 0.09354999661445618 0.004011472687125206
v 0.02474999986588955 0.09354999661445618 0.004011472687125206
v 0.02225000038743019 0.09354999661445618 0.004011472687125206
v 0.02474999986588955 0.09354999661445618 0.004011472687125206
v 0.02225000038743019 0.09248852729797363 0.0029499989468604326
v 0.02474999986588955 0.09248852729797363 0.0029499989468604326
v 0.02225000038743019 0.09248852729797363 0.0029499989468604326
v 0.02474999986588955 0.09248852729797363 0.0029499989468604326
v 0.02225000038743019 0.09210000187158585 0.0014999988488852978
v 0.02474999986588955 0.09210000187158585 0.0014999988488852978
v 0.02225000038743019 0.09210000187158585 0.0014999988488852978
v 0.02474999986588955 0.09210000187158585 0.0014999988488852978
v 0.02225000038743019 0.09248852729797363 4.999887096346356e-05
v 0.02474999986588955 0.09248852729797363 4.999887096346356e-05
v 0.02225000038743019 0.09248852729797363 4.999887096346356e-05
v 0.02474999986588955 0.09248852729797363 4.999887096346356e-05
v 0.02225000038743019 0.09354999661445618 -0.0010114747565239668
v 0.02474999986588955 0.09354999661445618 -0.0010114747565239668
v 0.02225000038743019 0.09354999661445618 -0.0010114747565239668
v 0.02474999986588955 0.09354999661445618 -0.0010114747565239668
v 0.02225000038743019 0.0949999988079071 -0.0014000011142343283
v 0.02474999986588955 0.0949999988079071 -0.0014000011142343283
v 0.02474999986588955 0.09645000100135803 -0.0010114747565239668
v 0.02525000087916851 0.09669999778270721 -0.0014444875996559858
v 0.02474999986588955 0.09751147031784058 4.999887096346356e-05
v 0.02525000087916851 0.0979444831609726 -0.00020000117365270853
v 0.02474999986588955 0.09751147031784058 4.999887096346356e-05
v 0.02525000087916851 0.0979444831609726 -0.00020000117365270853
v 0.02474999986588955 0.09789999574422836 0.0014999988488852978
v 0.02525000087916851 0.09839999675750732 0.0014999988488852978
v 0.02474999986588955 0.09789999574422836 0.0014999988488852978
v 0.02525000087916851 0.09839999675750732 0.0014999988488852978
v 0.02474999986588955 0.09751147031784058 0.0029499989468604326
v 0.02525000087916851 0.0979444831609726 0.003199998987838626
v 0.02474999986588955 0.09751147031784058 0.0029499989468604326
v 0.02525000087916851 0.0979444831609726 0.003199998987838626
v 0.02474999986588955 0.09645000100135803 0.004011472687125206
v 0.02525000087916851 0.09669999778270721 0.004444485530257225
v 0.02474999986588955 0.09645000100135803 0.004011472687125206
v 0.02525000087916851 0.09669999778270721 0.004444485530257225
v 0.02474999986588955 0.0949999988079071 0.0043999990448355675
v 0.02525000087916851 0.0949999988079071 0.004899999126791954
v 0.02474999986588955 0.0949999988079071 0.0043999990448355675
v 0.02525000087916851 0.0949999988079071 0.004899999126791954
v 0.02474999986588955 0.09354999661445618 0.004011472687125206
v 0.02525000087916851 0.093299999833107 0.004444485530257225
v 0.02474999986588955 0.09354999661445618 0.004011472687125206
v 0.02525000087916851 0.093299999833107 0.004444485530257225
v 0.02474999986588955 0.09248852729797363 0.0029499989468604326
v 0.02525000087916851 0.09205551445484161 0.003199998987838626
v 0.02474999986588955 0.09248852729797363 0.0029499989468604326
v 0.02525000087916851 0.09205551445484161 0.003199998987838626
v 0.02474999986588955 0.09210000187158585 0.0014999988488852978
v 0.02525000087916851 0.09160000085830688 0.0014999988488852978
v 0.02474999986588955 0.09210000187158585 0.0014999988488852978
v 0.02525000087916851 0.09160000085830688 0.0014999988488852978
v 0.02474999986588955 0.09248852729797363 4.999887096346356e-05
v 0.02525000087916851 0.09205551445484161 -0.00020000117365270853
v 0.02474999986588955 0.09248852729797363 4.999887096346356e-05
v 0.02525000087916851 0.09205551445484161 -0.00020000117365270853
v 0.02474999986588955 0.09354999661445618 -0.0010114747565239668
v 0.02525000087916851 0.093299999833107 -0.0014444875996559858
v 0.02474999986588955 0.09354999661445618 -0.0010114747565239668
v 0.02525000087916851 0.093299999833107 -0.0014444875996559858
v 0.02474999986588955 0.0949999988079071 -0.0014000011142343283
v 0.02525000087916851 0.0949999988079071 -0.0019000011961907148
v 0.02474999986588955 0.0949999988079071 -0.0014000011142343283
v 0.02525000087916851 0.0949999988079071 -0.0019000011961907148
v 0.02474999986588955 0.09645000100135803 -0.0010114747565239668
v 0.02525000087916851 0.09669999778270721 -0.0014444875996559858
v 0.02225000038743019 0.0799885243177414 -0.02160063572227955
v 0.02225000038743019 0.08105000108480453 -0.02266210876405239
v 0.02225000038743019 0.08250000327825546 -0.02015063539147377
v 0.02225000038743019 0.08250000327825546 -0.023050636053085327
v 0.02225000038743019 0.0839499980211258 -0.02266210876405239
v 0.02225000038743019 0.08105000108480453 -0.01763916201889515
v 0.02225000038743019 0.0799885243177414 -0.01870063506066799
v 0.02225000038743019 0.07959999889135361 -0.02015063539147377
v 0.02225000038743019 0.08501147478818893 -0.01870063506066799
v 0.02225000038743019 0.0839499980211258 -0.01763916201889515
v 0.02225000038743019 0.08250000327825546 -0.017250636592507362
v 0.02225000038743019 0.08501147478818893 -0.02160063572227955
v 0.02225000038743019 0.08540000021457672 -0.02015063539147377
v 0.02225000038743019 0.08250000327825546 -0.023050636053085327
v 0.02474999986588955 0.08250000327825546 -0.023050636053085327
v 0.02225000038743019 0.0839499980211258 -0.02266210876405239
v 0.02474999986588955 0.0839499980211258 -0.02266210876405239
v 0.02225000038743019 0.0839499980211258 -0.02266210876405239
v 0.02474999986588955 0.0839499980211258 -0.02266210876405239
v 0.02225000038743019 0.08501147478818893 -0.02160063572227955
v 0.02474999986588955 0.08501147478818893 -0.02160063572227955
v 0.02225000038743019 0.08501147478818893 -0.02160063572227955
v 0.02474999986588955 0.08501147478818893 -0.02160063572227955
v 0.02225000038743019 0.08540000021457672 -0.02015063539147377
v 0.02474999986588955 0.08540000021457672 -0.02015063539147377
v 0.02225000038743019 0.08540000021457672 -0.02015063539147377
v 0.02474999986588955 0.08540000021457672 -0.02015063539147377
v 0.02225000038743019 0.08501147478818893 -0.01870063506066799
v 0.02474999986588955 0.08501147478818893 -0.01870063506066799
v 0.02225000038743019 0.08501147478818893 -0.01870063506066799
v 0.02474999986588955 0.08501147478818893 -0.01870063506066799
v 0.02225000038743019 0.0839499980211258 -0.01763916201889515
v 0.02474999986588955 0.0839499980211258 -0.01763916201889515
v 0.02225000038743019 0.0839499980211258 -0.01763916201889515
v 0.02474999986588955 0.0839499980211258 -0.01763916201889515
v 0.02225000038743019 0.08250000327825546 -0.017250636592507362
v 0.02474999986588955 0.08250000327825546 -0.017250636592507362
v 0.02225000038743019 0.08250000327825546 -0.017250636592507362
v 0.02474999986588955 0.08250000327825546 -0.017250636592507362
v 0.02225000038743019 0.08105000108480453 -0.01763916201889515
v 0.02474999986588955 0.08105000108480453 -0.01763916201889515
v 0.02225000038743019 0.08105000108480453 -0.01763916201889515
v 0.02474999986588955 0.08105000108480453 -0.01763916201889515
v 0.02225000038743019 0.0799885243177414 -0.01870063506066799
v 0.02474999986588955 0.0799885243177414 -0.01870063506066799
v 0.02225000038743019 0.0799885243177414 -0.01870063506066799
v 0.02474999986588955 0.0799885243177414 -0.01870063506066799
v 0.02225000038743019 0.07959999889135361 -0.02015063539147377
v 0.02474999986588955 0.07959999889135361 -0.02015063539147377
v 0.02225000038743019 0.07959999889135361 -0.02015063539147377
v 0.02474999986588955 0.07959999889135361 -0.02015063539147377
v 0.02225000038743019 0.0799885243177414 -0.02160063572227955
v 0.02474999986588955 0.0799885243177414 -0.02160063572227955
v 0.02225000038743019 0.0799885243177414 -0.02160063572227955
v 0.02474999986588955 0.0799885243177414 -0.02160063572227955
v 0.02225000038743019 0.08105000108480453 -0.02266210876405239
v 0.02474999986588955 0.08105000108480453 -0.02266210876405239
v 0.02225000038743019 0.08105000108480453 -0.02266210876405239
v 0.02474999986588955 0.08105000108480453 -0.02266210876405239
v 0.02225000038743019 0.08250000327825546 -0.023050636053085327
v 0.02474999986588955 0.08250000327825546 -0.023050636053085327
v 0.02474999986588955 0.0839499980211258 -0.02266210876405239
v 0.02525000087916851 0.08420000225305557 -0.02309512160718441
v 0.02474999986588955 0.08501147478818893 -0.02160063572227955
v 0.02525000087916851 0.08544448763132095 -0.02185063622891903
v 0.02474999986588955 0.08501147478818893 -0.02160063572227955
v 0.02525000087916851 0.08544448763132095 -0.02185063622891903
v 0.02474999986588955 0.08540000021457672 -0.02015063539147377
v 0.02525000087916851 0.08590000122785568 -0.02015063539147377
v 0.02474999986588955 0.08540000021457672 -0.02015063539147377
v 0.02525000087916851 0.08590000122785568 -0.02015063539147377
v 0.02474999986588955 0.08501147478818893 -0.01870063506066799
v 0.02525000087916851 0.08544448763132095 -0.01845063641667366
v 0.02474999986588955 0.08501147478818893 -0.01870063506066799
v 0.02525000087916851 0.08544448763132095 -0.01845063641667366
v 0.02474999986588955 0.0839499980211258 -0.01763916201889515
v 0.02525000087916851 0.08420000225305557 -0.01720614917576313
v 0.02474999986588955 0.0839499980211258 -0.01763916201889515
v 0.02525000087916851 0.08420000225305557 -0.01720614917576313
v 0.02474999986588955 0.08250000327825546 -0.017250636592507362
v 0.02525000087916851 0.08250000327825546 -0.0167506355792284
v 0.02474999986588955 0.08250000327825546 -0.017250636592507362
v 0.02525000087916851 0.08250000327825546 -0.0167506355792284
v 0.02474999986588955 0.08105000108480453 -0.01763916201889515
v 0.02525000087916851 0.08079999685287476 -0.01720614917576313
v 0.02474999986588955 0.08105000108480453 -0.01763916201889515
v 0.02525000087916851 0.08079999685287476 -0.01720614917576313
v 0.02474999986588955 0.0799885243177414 -0.01870063506066799
v 0.02525000087916851 0.07955551147460938 -0.01845063641667366
v 0.02474999986588955 0.0799885243177414 -0.01870063506066799
v 0.02525000087916851 0.07955551147460938 -0.01845063641667366
v 0.02474999986588955 0.07959999889135361 -0.02015063539147377
v 0.02525000087916851 0.07909999787807465 -0.02015063539147377
v 0.02474999986588955 0.07959999889135361 -0.02015063539147377
v 0.02525000087916851 0.07909999787807465 -0.02015063539147377
v 0.02474999986588955 0.0799885243177414 -0.02160063572227955
v 0.02525000087916851 0.07955551147460938 -0.02185063622891903
v 0.02474999986588955 0.0799885243177414 -0.02160063572227955
v 0.02525000087916851 0.07955551147460938 -0.02185063622891903
v 0.02474999986588955 0.08105000108480453 -0.02266210876405239
v 0.02525000087916851 0.08079999685287476 -0.02309512160718441
v 0.02474999986588955 0.08105000108480453 -0.02266210876405239
v 0.02525000087916851 0.08079999685287476 -0.02309512160718441
v 0.02474999986588955 0.08250000327825546 -0.023050636053085327
v 0.02525000087916851 0.08250000327825546 -0.02355063520371914
v 0.02474999986588955 0.08250000327825546 -0.023050636053085327
v 0.02525000087916851 0.08250000327825546 -0.02355063520371914
v 0.02474999986588955 0.0839499980211258 -0.02266210876405239
v 0.02525000087916851 0.08420000225305557 -0.02309512160718441
v 0.02225000038743019 0.05498852580785751 -0.02160063572227955
v 0.02225000038743019 0.056049998849630356 -0.02266210876405239
v 0.02225000038743019 0.057500001043081284 -0.02015063539147377
v 0.02225000038743019 0.057500001043081284 -0.023050636053085327
v 0.02225000038743019 0.05894999951124191 -0.02266210876405239
v 0.02225000038743019 0.056049998849630356 -0.01763916201889515
v 0.02225000038743019 0.05498852580785751 -0.01870063506066799
v 0.02225000038743019 0.05460000038146973 -0.02015063539147377
v 0.02225000038743019 0.060011472553014755 -0.01870063506066799
v 0.02225000038743019 0.05894999951124191 -0.01763916201889515
v 0.02225000038743019 0.057500001043081284 -0.017250636592507362
v 0.02225000038743019 0.060011472553014755 -0.02160063572227955
v 0.02225000038743019 0.06039999797940254 -0.02015063539147377
v 0.02225000038743019 0.057500001043081284 -0.023050636053085327
v 0.02474999986588955 0.057500001043081284 -0.023050636053085327
v 0.02225000038743019 0.05894999951124191 -0.02266210876405239
v 0.02474999986588955 0.05894999951124191 -0.02266210876405239
v 0.02225000038743019 0.05894999951124191 -0.02266210876405239
v 0.02474999986588955 0.05894999951124191 -0.02266210876405239
v 0.02225000038743019 0.060011472553014755 -0.02160063572227955
v 0.02474999986588955 0.060011472553014755 -0.02160063572227955
v 0.02225000038743019 0.060011472553014755 -0.02160063572227955
v 0.02474999986588955 0.060011472553014755 -0.02160063572227955
v 0.02225000038743019 0.06039999797940254 -0.02015063539147377
v 0.02474999986588955 0.06039999797940254 -0.02015063539147377
v 0.02225000038743019 0.06039999797940254 -0.02015063539147377
v 0.02474999986588955 0.06039999797940254 -0.02015063539147377
v 0.02225000038743019 0.060011472553014755 -0.01870063506066799
v 0.02474999986588955 0.060011472553014755 -0.01870063506066799
v 0.02225000038743019 0.060011472553014755 -0.01870063506066799
v 0.02474999986588955 0.060011472553014755 -0.01870063506066799
v 0.02225000038743019 0.05894999951124191 -0.01763916201889515
v 0.02474999986588955 0.05894999951124191 -0.01763916201889515
v 0.02225000038743019 0.05894999951124191 -0.01763916201889515
v 0.02474999986588955 0.05894999951124191 -0.01763916201889515
v 0.02225000038743019 0.057500001043081284 -0.017250636592507362
v 0.02474999986588955 0.057500001043081284 -0.017250636592507362
v 0.02225000038743019 0.057500001043081284 -0.017250636592507362
v 0.02474999986588955 0.057500001043081284 -0.017250636592507362
v 0.02225000038743019 0.056049998849630356 -0.01763916201889515
v 0.02474999986588955 0.056049998849630356 -0.01763916201889515
v 0.02225000038743019 0.056049998849630356 -0.01763916201889515
v 0.02474999986588955 0.056049998849630356 -0.01763916201889515
v 0.02225000038743019 0.05498852580785751 -0.01870063506066799
v 0.02474999986588955 0.05498852580785751 -0.01870063506066799
v 0.02225000038743019 0.05498852580785751 -0.01870063506066799
v 0.02474999986588955 0.05498852580785751 -0.01870063506066799
v 0.02225000038743019 0.05460000038146973 -0.02015063539147377
v 0.02474999986588955 0.05460000038146973 -0.02015063539147377
v 0.02225000038743019 0.05460000038146973 -0.02015063539147377
v 0.02474999986588955 0.05460000038146973 -0.02015063539147377
v 0.02225000038743019 0.05498852580785751 -0.02160063572227955
v 0.02474999986588955 0.05498852580785751 -0.02160063572227955
v 0.02225000038743019 0.05498852580785751 -0.02160063572227955
v 0.02474999986588955 0.05498852580785751 -0.02160063572227955
v 0.02225000038743019 0.056049998849630356 -0.02266210876405239
v 0.02474999986588955 0.056049998849630356 -0.02266210876405239
v 0.02225000038743019 0.056049998849630356 -0.02266210876405239
v 0.02474999986588955 0.056049998849630356 -0.02266210876405239
v 0.02225000038743019 0.057500001043081284 -0.023050636053085327
v 0.02474999986588955 0.057500001043081284 -0.023050636053085327
v 0.02474999986588955 0.05894999951124191 -0.02266210876405239
v 0.02525000087916851 0.05920000001788139 -0.02309512160718441
v 0.02474999986588955 0.060011472553014755 -0.02160063572227955
v 0.02525000087916851 0.060444485396146774 -0.02185063622891903
v 0.02474999986588955 0.060011472553014755 -0.02160063572227955
v 0.02525000087916851 0.060444485396146774 -0.02185063622891903
v 0.02474999986588955 0.06039999797940254 -0.02015063539147377
v 0.02525000087916851 0.0608999989926815 -0.02015063539147377
v 0.02474999986588955 0.06039999797940254 -0.02015063539147377
v 0.02525000087916851 0.0608999989926815 -0.02015063539147377
v 0.02474999986588955 0.060011472553014755 -0.01870063506066799
v 0.02525000087916851 0.060444485396146774 -0.01845063641667366
v 0.02474999986588955 0.060011472553014755 -0.01870063506066799
v 0.02525000087916851 0.060444485396146774 -0.01845063641667366
v 0.02474999986588955 0.05894999951124191 -0.01763916201889515
v 0.02525000087916851 0.05920000001788139 -0.01720614917576313
v 0.02474999986588955 0.05894999951124191 -0.01763916201889515
v 0.02525000087916851 0.05920000001788139 -0.01720614917576313
v 0.02474999986588955 0.057500001043081284 -0.017250636592507362
v 0.02525000087916851 0.057500001043081284 -0.0167506355792284
v 0.02474999986588955 0.057500001043081284 -0.017250636592507362
v 0.02525000087916851 0.057500001043081284 -0.0167506355792284
v 0.02474999986588955 0.056049998849630356 -0.01763916201889515
v 0.02525000087916851 0.055799998342990875 -0.01720614917576313
v 0.02474999986588955 0.056049998849630356 -0.01763916201889515
v 0.02525000087916851 0.055799998342990875 -0.01720614917576313
v 0.02474999986588955 0.05498852580785751 -0.01870063506066799
v 0.02525000087916851 0.054555512964725494 -0.01845063641667366
v 0.02474999986588955 0.05498852580785751 -0.01870063506066799
v 0.02525000087916851 0.054555512964725494 -0.01845063641667366
v 0.02474999986588955 0.05460000038146973 -0.02015063539147377
v 0.02525000087916851 0.054099999368190765 -0.02015063539147377
v 0.02474999986588955 0.05460000038146973 -0.02015063539147377
v 0.02525000087916851 0.054099999368190765 -0.02015063539147377
v 0.02474999986588955 0.05498852580785751 -0.02160063572227955
v 0.02525000087916851 0.054555512964725494 -0.02185063622891903
v 0.02474999986588955 0.05498852580785751 -0.02160063572227955
v 0.02525000087916851 0.054555512964725494 -0.02185063622891903
v 0.02474999986588955 0.056049998849630356 -0.02266210876405239
v 0.02525000087916851 0.055799998342990875 -0.02309512160718441
v 0.02474999986588955 0.056049998849630356 -0.02266210876405239
v 0.02525000087916851 0.055799998342990875 -0.02309512160718441
v 0.02474999986588955 0.057500001043081284 -0.023050636053085327
v 0.02525000087916851 0.057500001043081284 -0.02355063520371914
v 0.02474999986588955 0.057500001043081284 -0.023050636053085327
v 0.02525000087916851 0.057500001043081284 -0.02355063520371914
v 0.02474999986588955 0.05894999951124191 -0.02266210876405239
v 0.02525000087916851 0.05920000001788139 -0.02309512160718441
v 0.02225000038743019 0.04248852655291557 4.999887096346356e-05
v 0.02225000038743019 0.043549999594688416 -0.0010114747565239668
v 0.02225000038743019 0.044999998062849045 0.0014999988488852978
v 0.02225000038743019 0.044999998062849045 -0.0014000011142343283
v 0.02225000038743019 0.04645000025629997 -0.0010114747565239668
v 0.02225000038743019 0.043549999594688416 0.004011472687125206
v 0.02225000038743019 0.04248852655291557 0.0029499989468604326
v 0.02225000038743019 0.042100001126527786 0.0014999988488852978
v 0.02225000038743019 0.047511473298072815 0.0029499989468604326
v 0.02225000038743019 0.04645000025629997 0.004011472687125206
v 0.02225000038743019 0.044999998062849045 0.0043999990448355675
v 0.02225000038743019 0.047511473298072815 4.999887096346356e-05
v 0.02225000038743019 0.0478999987244606 0.0014999988488852978
v 0.02225000038743019 0.044999998062849045 -0.0014000011142343283
v 0.02474999986588955 0.044999998062849045 -0.0014000011142343283
v 0.02225000038743019 0.04645000025629997 -0.0010114747565239668
v 0.02474999986588955 0.04645000025629997 -0.0010114747565239668
v 0.02225000038743019 0.04645000025629997 -0.0010114747565239668
v 0.02474999986588955 0.04645000025629997 -0.0010114747565239668
v 0.02225000038743019 0.047511473298072815 4.999887096346356e-05
v 0.02474999986588955 0.047511473298072815 4.999887096346356e-05
v 0.02225000038743019 0.047511473298072815 4.999887096346356e-05
v 0.02474999986588955 0.047511473298072815 4.999887096346356e-05
v 0.02225000038743019 0.0478999987244606 0.0014999988488852978
v 0.02474999986588955 0.0478999987244606 0.0014999988488852978
v 0.02225000038743019 0.0478999987244606 0.0014999988488852978
v 0.02474999986588955 0.0478999987244606 0.0014999988488852978
v 0.02225000038743019 0.047511473298072815 0.0029499989468604326
v 0.02474999986588955 0.047511473298072815 0.0029499989468604326
v 0.02225000038743019 0.047511473298072815 0.0029499989468604326
v 0.02474999986588955 0.047511473298072815 0.0029499989468604326
v 0.02225000038743019 0.04645000025629997 0.004011472687125206
v 0.02474999986588955 0.04645000025629997 0.004011472687125206
v 0.02225000038743019 0.04645000025629997 0.004011472687125206
v 0.02474999986588955 0.04645000025629997 0.004011472687125206
v 0.02225000038743019 0.044999998062849045 0.0043999990448355675
v 0.02474999986588955 0.044999998062849045 0.0043999990448355675
v 0.02225000038743019 0.044999998062849045 0.0043999990448355675
v 0.02474999986588955 0.044999998062849045 0.0043999990448355675
v 0.02225000038743019 0.043549999594688416 0.004011472687125206
v 0.02474999986588955 0.043549999594688416 0.004011472687125206
v 0.02225000038743019 0.043549999594688416 0.004011472687125206
v 0.02474999986588955 0.043549999594688416 0.004011472687125206
v 0.02225000038743019 0.04248852655291557 0.0029499989468604326
v 0.02474999986588955 0.04248852655291557 0.0029499989468604326
v 0.02225000038743019 0.04248852655291557 0.0029499989468604326
v 0.02474999986588955 0.04248852655291557 0.0029499989468604326
v 0.02225000038743019 0.042100001126527786 0.0014999988488852978
v 0.02474999986588955 0.042100001126527786 0.0014999988488852978
v 0.02225000038743019 0.042100001126527786 0.0014999988488852978
v 0.02474999986588955 0.042100001126527786 0.0014999988488852978
v 0.02225000038743019 0.04248852655291557 4.999887096346356e-05
v 0.02474999986588955 0.04248852655291557 4.999887096346356e-05
v 0.02225000038743019 0.04248852655291557 4.999887096346356e-05
v 0.02474999986588955 0.04248852655291557 4.999887096346356e-05
v 0.02225000038743019 0.043549999594688416 -0.0010114747565239668
v 0.02474999986588955 0.043549999594688416 -0.0010114747565239668
v 0.02225000038743019 0.043549999594688416 -0.0010114747565239668
v 0.02474999986588955 0.043549999594688416 -0.0010114747565239668
v 0.02225000038743019 0.044999998062849045 -0.0014000011142343283
v 0.02474999986588955 0.044999998062849045 -0.0014000011142343283
v 0.02474999986588955 0.04645000025629997 -0.0010114747565239668
v 0.02525000087916851 0.04670000076293945 -0.0014444875996559858
v 0.02474999986588955 0.047511473298072815 4.999887096346356e-05
v 0.02525000087916851 0.047944486141204834 -0.00020000117365270853
v 0.02474999986588955 0.047511473298072815 4.999887096346356e-05
v 0.02525000087916851 0.047944486141204834 -0.00020000117365270853
v 0.02474999986588955 0.0478999987244606 0.0014999988488852978
v 0.02525000087916851 0.04839999973773956 0.0014999988488852978
v 0.02474999986588955 0.0478999987244606 0.0014999988488852978
v 0.02525000087916851 0.04839999973773956 0.0014999988488852978
v 0.02474999986588955 0.047511473298072815 0.0029499989468604326
v 0.02525000087916851 0.047944486141204834 0.003199998987838626
v 0.02474999986588955 0.047511473298072815 0.0029499989468604326
v 0.02525000087916851 0.047944486141204834 0.003199998987838626
v 0.02474999986588955 0.04645000025629997 0.004011472687125206
v 0.02525000087916851 0.04670000076293945 0.004444485530257225
v 0.02474999986588955 0.04645000025629997 0.004011472687125206
v 0.02525000087916851 0.04670000076293945 0.004444485530257225
v 0.02474999986588955 0.044999998062849045 0.0043999990448355675
v 0.02525000087916851 0.044999998062849045 0.004899999126791954
v 0.02474999986588955 0.044999998062849045 0.0043999990448355675
v 0.02525000087916851 0.044999998062849045 0.004899999126791954
v 0.02474999986588955 0.043549999594688416 0.004011472687125206
v 0.02525000087916851 0.043299999088048935 0.004444485530257225
v 0.02474999986588955 0.043549999594688416 0.004011472687125206
v 0.02525000087916851 0.043299999088048935 0.004444485530257225
v 0.02474999986588955 0.04248852655291557 0.0029499989468604326
v 0.02525000087916851 0.042055513709783554 0.003199998987838626
v 0.02474999986588955 0.04248852655291557 0.0029499989468604326
v 0.02525000087916851 0.042055513709783554 0.003199998987838626
v 0.02474999986588955 0.042100001126527786 0.0014999988488852978
v 0.02525000087916851 0.041600000113248825 0.0014999988488852978
v 0.02474999986588955 0.042100001126527786 0.0014999988488852978
v 0.02525000087916851 0.041600000113248825 0.0014999988488852978
v 0.02474999986588955 0.04248852655291557 4.999887096346356e-05
v 0.02525000087916851 0.042055513709783554 -0.00020000117365270853
v 0.02474999986588955 0.04248852655291557 4.999887096346356e-05
v 0.02525000087916851 0.042055513709783554 -0.00020000117365270853
v 0.02474999986588955 0.043549999594688416 -0.0010114747565239668
v 0.02525000087916851 0.043299999088048935 -0.0014444875996559858
v 0.02474999986588955 0.043549999594688416 -0.0010114747565239668
v 0.02525000087916851 0.043299999088048935 -0.0014444875996559858
v 0.02474999986588955 0.044999998062849045 -0.0014000011142343283
v 0.02525000087916851 0.044999998062849045 -0.0019000011961907148
v 0.02474999986588955 0.044999998062849045 -0.0014000011142343283
v 0.02525000087916851 0.044999998062849045 -0.0019000011961907148
v 0.02474999986588955 0.04645000025629997 -0.0010114747565239668
v 0.02525000087916851 0.04670000076293945 -0.0014444875996559858
v 0.02225000038743019 0.05498852580785751 0.021700633689761162
v 0.02225000038743019 0.056049998849630356 0.02063916064798832
v 0.02225000038743019 0.057500001043081284 0.02315063402056694
v 0.02225000038743019 0.057500001043081284 0.020250635221600533
v 0.02225000038743019 0.05894999951124191 0.02063916064798832
v 0.02225000038743019 0.056049998849630356 0.02566210739314556
v 0.02225000038743019 0.05498852580785751 0.02460063435137272
v 0.02225000038743019 0.05460000038146973 0.02315063402056694
v 0.02225000038743019 0.060011472553014755 0.02460063435137272
v 0.02225000038743019 0.05894999951124191 0.02566210739314556
v 0.02225000038743019 0.057500001043081284 0.026050634682178497
v 0.02225000038743019 0.060011472553014755 0.021700633689761162
v 0.02225000038743019 0.06039999797940254 0.02315063402056694
v 0.02225000038743019 0.057500001043081284 0.020250635221600533
v 0.02474999986588955 0.057500001043081284 0.020250635221600533
v 0.02225000038743019 0.05894999951124191 0.02063916064798832
v 0.02474999986588955 0.05894999951124191 0.02063916064798832
v 0.02225000038743019 0.05894999951124191 0.02063916064798832
v 0.02474999986588955 0.05894999951124191 0.02063916064798832
v 0.02225000038743019 0.060011472553014755 0.021700633689761162
v 0.02474999986588955 0.060011472553014755 0.021700633689761162
v 0.02225000038743019 0.060011472553014755 0.021700633689761162
v 0.02474999986588955 0.060011472553014755 0.021700633689761162
v 0.02225000038743019 0.06039999797940254 0.02315063402056694
v 0.02474999986588955 0.06039999797940254 0.02315063402056694
v 0.02225000038743019 0.06039999797940254 0.02315063402056694
v 0.02474999986588955 0.06039999797940254 0.02315063402056694
v 0.02225000038743019 0.060011472553014755 0.02460063435137272
v 0.02474999986588955 0.060011472553014755 0.02460063435137272
v 0.02225000038743019 0.060011472553014755 0.02460063435137272
v 0.02474999986588955 0.060011472553014755 0.02460063435137272
v 0.02225000038743019 0.05894999951124191 0.02566210739314556
v 0.02474999986588955 0.05894999951124191 0.02566210739314556
v 0.02225000038743019 0.05894999951124191 0.02566210739314556
v 0.02474999986588955 0.05894999951124191 0.02566210739314556
v 0.02225000038743019 0.057500001043081284 0.026050634682178497
v 0.02474999986588955 0.057500001043081284 0.026050634682178497
v 0.02225000038743019 0.057500001043081284 0.026050634682178497
v 0.02474999986588955 0.057500001043081284 0.026050634682178497
v 0.02225000038743019 0.056049998849630356 0.02566210739314556
v 0.02474999986588955 0.056049998849630356 0.02566210739314556
v 0.02225000038743019 0.056049998849630356 0.02566210739314556
v 0.02474999986588955 0.056049998849630356 0.02566210739314556
v 0.02225000038743019 0.05498852580785751 0.02460063435137272
v 0.02474999986588955 0.05498852580785751 0.02460063435137272
v 0.02225000038743019 0.05498852580785751 0.02460063435137272
v 0.02474999986588955 0.05498852580785751 0.02460063435137272
v 0.02225000038743019 0.05460000038146973 0.02315063402056694
v 0.02474999986588955 0.05460000038146973 0.02315063402056694
v 0.02225000038743019 0.05460000038146973 0.02315063402056694
v 0.02474999986588955 0.05460000038146973 0.02315063402056694
v 0.02225000038743019 0.05498852580785751 0.021700633689761162
v 0.02474999986588955 0.05498852580785751 0.021700633689761162
v 0.02225000038743019 0.05498852580785751 0.021700633689761162
v 0.02474999986588955 0.05498852580785751 0.021700633689761162
v 0.02225000038743019 0.056049998849630356 0.02063916064798832
v 0.02474999986588955 0.056049998849630356 0.02063916064798832
v 0.02225000038743019 0.056049998849630356 0.02063916064798832
v 0.02474999986588955 0.056049998849630356 0.02063916064798832
v 0.02225000038743019 0.057500001043081284 0.020250635221600533
v 0.02474999986588955 0.057500001043081284 0.020250635221600533
v 0.02474999986588955 0.05894999951124191 0.02063916064798832
v 0.02525000087916851 0.05920000001788139 0.0202061478048563
v 0.02474999986588955 0.060011472553014755 0.021700633689761162
v 0.02525000087916851 0.060444485396146774 0.02145063504576683
v 0.02474999986588955 0.060011472553014755 0.021700633689761162
v 0.02525000087916851 0.060444485396146774 0.02145063504576683
v 0.02474999986588955 0.06039999797940254 0.02315063402056694
v 0.02525000087916851 0.0608999989926815 0.02315063402056694
v 0.02474999986588955 0.06039999797940254 0.02315063402056694
v 0.02525000087916851 0.0608999989926815 0.02315063402056694
v 0.02474999986588955 0.060011472553014755 0.02460063435137272
v 0.02525000087916851 0.060444485396146774 0.0248506348580122
v 0.02474999986588955 0.060011472553014755 0.02460063435137272
v 0.02525000087916851 0.060444485396146774 0.0248506348580122
v 0.02474999986588955 0.05894999951124191 0.02566210739314556
v 0.02525000087916851 0.05920000001788139 0.02609512023627758
v 0.02474999986588955 0.05894999951124191 0.02566210739314556
v 0.02525000087916851 0.05920000001788139 0.02609512023627758
v 0.02474999986588955 0.057500001043081284 0.026050634682178497
v 0.02525000087916851 0.057500001043081284 0.02655063383281231
v 0.02474999986588955 0.057500001043081284 0.026050634682178497
v 0.02525000087916851 0.057500001043081284 0.02655063383281231
v 0.02474999986588955 0.056049998849630356 0.02566210739314556
v 0.02525000087916851 0.055799998342990875 0.02609512023627758
v 0.02474999986588955 0.056049998849630356 0.02566210739314556
v 0.02525000087916851 0.055799998342990875 0.02609512023627758
v 0.02474999986588955 0.05498852580785751 0.02460063435137272
v 0.02525000087916851 0.054555512964725494 0.0248506348580122
v 0.02474999986588955 0.05498852580785751 0.02460063435137272
v 0.02525000087916851 0.054555512964725494 0.0248506348580122
v 0.02474999986588955 0.05460000038146973 0.02315063402056694
v 0.02525000087916851 0.054099999368190765 0.02315063402056694
v 0.02474999986588955 0.05460000038146973 0.02315063402056694
v 0.02525000087916851 0.054099999368190765 0.02315063402056694
v 0.02474999986588955 0.05498852580785751 0.021700633689761162
v 0.02525000087916851 0.054555512964725494 0.02145063504576683
v 0.02474999986588955 0.05498852580785751 0.021700633689761162
v 0.02525000087916851 0.054555512964725494 0.02145063504576683
v 0.02474999986588955 0.056049998849630356 0.02063916064798832
v 0.02525000087916851 0.055799998342990875 0.0202061478048563
v 0.02474999986588955 0.056049998849630356 0.02063916064798832
v 0.02525000087916851 0.055799998342990875 0.0202061478048563
v 0.02474999986588955 0.057500001043081284 0.020250635221600533
v 0.02525000087916851 0.057500001043081284 0.01975063420832157
v 0.02474999986588955 0.057500001043081284 0.020250635221600533
v 0.02525000087916851 0.057500001043081284 0.01975063420832157
v 0.02474999986588955 0.05894999951124191 0.02063916064798832
v 0.02525000087916851 0.05920000001788139 0.0202061478048563
v -0.024571934714913368 0.08331409096717834 -0.02704794332385063
v -0.024571934714913368 0.08261773735284805 -0.02754938043653965
v -0.024856487289071083 0.08261773735284805 -0.027362480759620667
v -0.024306105449795723 0.08357056975364685 -0.0269269198179245
v -0.024249998852610588 0.08357857167720795 -0.026923097670078278
v -0.024249998852610588 0.08261773735284805 -0.027614986523985863
v -0.024571934714913368 0.08261773735284805 -0.02754938043653965
v -0.024571934714913368 0.08331409096717834 -0.02704794332385063
v -0.024249998852610588 0.08261773735284805 -0.027614986523985863
v -0.024249998852610588 0.08261773735284805 -0.027614986523985863
v -0.024571934714913368 0.08331409096717834 -0.02704794332385063
v -0.02439270354807377 0.08352677524089813 -0.026947785168886185
v -0.024249998852610588 0.08261773735284805 -0.027614986523985863
v -0.02439270354807377 0.08352677524089813 -0.026947785168886185
v -0.024306105449795723 0.08357056975364685 -0.0269269198179245
v -0.02525000087916851 -2.9802671441814255e-10 -0.02250000089406967
v -0.02525000087916851 -2.9802671441814255e-10 -0.029500000178813934
v -0.02461692877113819 -0.005618654657155275 -0.029500000178813934
v -0.02461692877113819 -0.005618654657155275 -0.02250000089406967
v -0.02461692877113819 -0.005618654657155275 -0.02250000089406967
v -0.02461692877113819 -0.005618654657155275 -0.029500000178813934
v -0.022749463096261024 -0.010955564677715302 -0.029500000178813934
v -0.022749463096261024 -0.010955564677715302 -0.02250000089406967
v -0.022749463096261024 -0.010955564677715302 -0.02250000089406967
v -0.022749463096261024 -0.010955564677715302 -0.029500000178813934
v -0.01974124275147915 -0.015743114054203033 -0.029500000178813934
v -0.01974124275147915 -0.015743114054203033 -0.02250000089406967
v -0.01974124275147915 -0.015743114054203033 -0.02250000089406967
v -0.01974124275147915 -0.015743114054203033 -0.029500000178813934
v -0.015743115916848183 -0.019741244614124298 -0.029500000178813934
v -0.015743115916848183 -0.019741244614124298 -0.02250000089406967
v -0.015743115916848183 -0.019741244614124298 -0.02250000089406967
v -0.015743115916848183 -0.019741244614124298 -0.029500000178813934
v -0.010955563746392727 -0.022749461233615875 -0.029500000178813934
v -0.010955563746392727 -0.022749461233615875 -0.02250000089406967
v -0.010955563746392727 -0.022749461233615875 -0.02250000089406967
v -0.010955563746392727 -0.022749461233615875 -0.029500000178813934
v -0.005618653260171413 -0.024616926908493042 -0.029500000178813934
v -0.005618653260171413 -0.024616926908493042 -0.02250000089406967
v -0.005618653260171413 -0.024616926908493042 -0.02250000089406967
v -0.005618653260171413 -0.024616926908493042 -0.029500000178813934
v -8.791704586563753e-10 -0.02525000274181366 -0.029500000178813934
v -8.791704586563753e-10 -0.02525000274181366 -0.02250000089406967
v -8.791704586563753e-10 -0.02525000274181366 -0.02250000089406967
v -8.791704586563753e-10 -0.02525000274181366 -0.029500000178813934
v 0.005618653260171413 -0.024616926908493042 -0.029500000178813934
v 0.005618653260171413 -0.024616926908493042 -0.02250000089406967
v 0.005618653260171413 -0.024616926908493042 -0.02250000089406967
v 0.005618653260171413 -0.024616926908493042 -0.029500000178813934
v 0.010955564677715302 -0.022749461233615875 -0.029500000178813934
v 0.010955564677715302 -0.022749461233615875 -0.02250000089406967
v 0.010955564677715302 -0.022749461233615875 -0.02250000089406967
v 0.010955564677715302 -0.022749461233615875 -0.029500000178813934
v 0.015743117779493332 -0.019741244614124298 -0.029500000178813934
v 0.015743117779493332 -0.019741244614124298 -0.02250000089406967
v 0.015743117779493332 -0.019741244614124298 -0.02250000089406967
v 0.015743117779493332 -0.019741244614124298 -0.029500000178813934
v 0.019741244614124298 -0.015743114054203033 -0.029500000178813934
v 0.019741244614124298 -0.015743114054203033 -0.02250000089406967
v 0.019741244614124298 -0.015743114054203033 -0.02250000089406967
v 0.019741244614124298 -0.015743114054203033 -0.029500000178813934
v 0.022749463096261024 -0.010955564677715302 -0.029500000178813934
v 0.022749463096261024 -0.010955564677715302 -0.02250000089406967
v 0.022749463096261024 -0.010955564677715302 -0.02250000089406967
v 0.022749463096261024 -0.010955564677715302 -0.029500000178813934
v 0.02461693063378334 -0.005618654657155275 -0.029500000178813934
v 0.02461693063378334 -0.005618654657155275 -0.02250000089406967
v 0.02461693063378334 -0.005618654657155275 -0.02250000089406967
v 0.02461693063378334 -0.005618654657155275 -0.029500000178813934
v 0.02525000087916851 -2.9802671441814255e-10 -0.029500000178813934
v 0.02525000087916851 -2.9802671441814255e-10 -0.02250000089406967
v -0.024596115574240685 0.030685417354106903 -0.022419646382331848
v -0.024596115574240685 0.028999999165534973 -0.022561809048056602
v -0.024249998852610588 0.028999999165534973 -0.02250000089406967
v -0.02525000087916851 0.03084256872534752 -0.023344581946730614
v -0.02525000087916851 0.028999999165534973 -0.023500001057982445
v -0.02518819086253643 0.028999999165534973 -0.02315388433635235
v -0.02518819086253643 0.030784592032432556 -0.02300335466861725
v -0.02525000087916851 0.03084256872534752 -0.023344581946730614
v -0.02518819086253643 0.030784592032432556 -0.02300335466861725
v -0.02518819086253643 0.033296894282102585 -0.022248946130275726
v -0.02525000087916851 0.03343648836016655 -0.02256566286087036
v -0.02525000087916851 0.03343648836016655 -0.02256566286087036
v -0.02518819086253643 0.033296894282102585 -0.022248946130275726
v -0.02518819086253643 0.03554871305823326 -0.02090354636311531
v -0.02525000087916851 0.03576146438717842 -0.021176554262638092
v -0.02525000087916851 0.03576146438717842 -0.021176554262638092
v -0.02518819086253643 0.03554871305823326 -0.02090354636311531
v -0.02518819086253643 0.037403546273708344 -0.019048715010285378
v -0.02525000087916851 0.037676554173231125 -0.019261466339230537
v -0.02525000087916851 0.037676554173231125 -0.019261466339230537
v -0.02518819086253643 0.037403546273708344 -0.019048715010285378
v -0.02518819086253643 0.03874894604086876 -0.016796894371509552
v -0.02525000087916851 0.039065662771463394 -0.016936490312218666
v -0.02525000087916851 0.039065662771463394 -0.016936490312218666
v -0.02518819086253643 0.03874894604086876 -0.016796894371509552
v -0.02518819086253643 0.03950335457921028 -0.014284592121839523
v -0.02525000087916851 0.0398445799946785 -0.014342568814754486
v -0.02525000087916851 0.03999999910593033 -0.01250000111758709
v -0.02525000087916851 0.0398445799946785 -0.014342568814754486
v -0.02518819086253643 0.03965388238430023 -0.01250000111758709
v -0.02518819086253643 0.03950335457921028 -0.014284592121839523
v -0.02518819086253643 0.03965388238430023 -0.01250000111758709
v -0.02518819086253643 0.03950335457921028 -0.014284592121839523
v -0.025116024538874626 0.03949999809265137 -0.01250000111758709
v -0.025116024538874626 0.03949999809265137 -0.01250000111758709
v -0.02518819086253643 0.03950335457921028 -0.014284592121839523
v -0.02495710738003254 0.039292894303798676 -0.01250000111758709
v -0.024596115574240685 0.039061807096004486 -0.01250000111758709
v -0.02474999986588955 0.03913397341966629 -0.01250000111758709
v -0.02495710738003254 0.03914746269583702 -0.014224125072360039
v -0.024249998852610588 0.03885870799422264 -0.014175062999129295
v -0.024596115574240685 0.03891964629292488 -0.014185415580868721
v -0.024249998852610588 0.03851056471467018 -0.01559017039835453
v -0.024249998852610588 0.03851056471467018 -0.01559017039835453
v -0.024596115574240685 0.03891964629292488 -0.014185415580868721
v -0.024596115574240685 0.03820716217160225 -0.016558101400732994
v -0.024249998852610588 0.03851056471467018 -0.01559017039835453
v -0.024596115574240685 0.03820716217160225 -0.016558101400732994
v -0.024249998852610588 0.0381506010890007 -0.016533171758055687
v -0.024249998852610588 0.0381506010890007 -0.016533171758055687
v -0.024596115574240685 0.03820716217160225 -0.016558101400732994
v -0.024249998852610588 0.03709017112851143 -0.01837785355746746
v -0.024249998852610588 0.03709017112851143 -0.01837785355746746
v -0.024596115574240685 0.03820716217160225 -0.016558101400732994
v -0.024596115574240685 0.036936528980731964 -0.01868477836251259
v -0.024249998852610588 0.03709017112851143 -0.01837785355746746
v -0.024596115574240685 0.036936528980731964 -0.01868477836251259
v -0.024249998852610588 0.03688777610659599 -0.018646785989403725
v -0.024249998852610588 0.03688777610659599 -0.018646785989403725
v -0.024596115574240685 0.036936528980731964 -0.01868477836251259
v -0.024596115574240685 0.03518477827310562 -0.02043653093278408
v -0.024249998852610588 0.03514678776264191 -0.02038777805864811
v -0.024249998852610588 0.03067506104707718 -0.022358709946274757
v -0.024596115574240685 0.030685417354106903 -0.022419646382331848
v -0.024249998852610588 0.03067506104707718 -0.022358709946274757
v -0.024249998852610588 0.032090168446302414 -0.022010566666722298
v -0.024596115574240685 0.030685417354106903 -0.022419646382331848
v -0.024249998852610588 0.032090168446302414 -0.022010566666722298
v -0.024596115574240685 0.03305809944868088 -0.021707162261009216
v -0.024596115574240685 0.03305809944868088 -0.021707162261009216
v -0.024249998852610588 0.032090168446302414 -0.022010566666722298
v -0.024249998852610588 0.03303317353129387 -0.02165060304105282
v -0.024596115574240685 0.03305809944868088 -0.021707162261009216
v -0.024249998852610588 0.03303317353129387 -0.02165060304105282
v -0.024596115574240685 0.03518477827310562 -0.02043653093278408
v -0.024596115574240685 0.03518477827310562 -0.02043653093278408
v -0.024249998852610588 0.03303317353129387 -0.02165060304105282
v -0.024249998852610588 0.034877851605415344 -0.020590171217918396
v -0.024596115574240685 0.03518477827310562 -0.02043653093278408
v -0.024249998852610588 0.034877851605415344 -0.020590171217918396
v -0.024249998852610588 0.03514678776264191 -0.02038777805864811
v -0.02518819086253643 0.028999999165534973 -0.02315388433635235
v -0.02495710738003254 0.028999999165534973 -0.022792894393205643
v -0.02518819086253643 0.030784592032432556 -0.02300335466861725
v -0.02495710738003254 0.030724123120307922 -0.022647466510534286
v -0.02518819086253643 0.030784592032432556 -0.02300335466861725
v -0.02495710738003254 0.030724123120307922 -0.022647466510534286
v -0.02518819086253643 0.033296894282102585 -0.022248946130275726
v -0.02495710738003254 0.033151302486658096 -0.02191861905157566
v -0.02518819086253643 0.033296894282102585 -0.022248946130275726
v -0.02495710738003254 0.033151302486658096 -0.02191861905157566
v -0.02518819086253643 0.03554871305823326 -0.02090354636311531
v -0.02495710738003254 0.035326819866895676 -0.020618805661797523
v -0.02518819086253643 0.03554871305823326 -0.02090354636311531
v -0.02495710738003254 0.035326819866895676 -0.020618805661797523
v -0.02518819086253643 0.037403546273708344 -0.019048715010285378
v -0.02495710738003254 0.03711880370974541 -0.018826821818947792
v -0.02518819086253643 0.037403546273708344 -0.019048715010285378
v -0.02495710738003254 0.03711880370974541 -0.018826821818947792
v -0.02518819086253643 0.03874894604086876 -0.016796894371509552
v -0.02495710738003254 0.038418617099523544 -0.016651300713419914
v -0.02518819086253643 0.03874894604086876 -0.016796894371509552
v -0.02495710738003254 0.038418617099523544 -0.016651300713419914
v -0.02518819086253643 0.03950335457921028 -0.014284592121839523
v -0.02495710738003254 0.03914746269583702 -0.014224125072360039
v -0.02518819086253643 0.03950335457921028 -0.014284592121839523
v -0.02495710738003254 0.03914746269583702 -0.014224125072360039
v -0.02495710738003254 0.039292894303798676 -0.01250000111758709
v -0.02495710738003254 0.039292894303798676 -0.01250000111758709
v -0.02495710738003254 0.03914746269583702 -0.014224125072360039
v -0.02474999986588955 0.03913397341966629 -0.01250000111758709
v -0.02495710738003254 0.028999999165534973 -0.022792894393205643
v -0.024596115574240685 0.028999999165534973 -0.022561809048056602
v -0.02495710738003254 0.030724123120307922 -0.022647466510534286
v -0.024596115574240685 0.030685417354106903 -0.022419646382331848
v -0.02495710738003254 0.030724123120307922 -0.022647466510534286
v -0.024596115574240685 0.030685417354106903 -0.022419646382331848
v -0.02495710738003254 0.033151302486658096 -0.02191861905157566
v -0.024596115574240685 0.03305809944868088 -0.021707162261009216
v -0.02495710738003254 0.033151302486658096 -0.02191861905157566
v -0.024596115574240685 0.03305809944868088 -0.021707162261009216
v -0.02495710738003254 0.035326819866895676 -0.020618805661797523
v -0.024596115574240685 0.03518477827310562 -0.02043653093278408
v -0.02495710738003254 0.035326819866895676 -0.020618805661797523
v -0.024596115574240685 0.03518477827310562 -0.02043653093278408
v -0.02495710738003254 0.03711880370974541 -0.018826821818947792
v -0.024596115574240685 0.036936528980731964 -0.01868477836251259
v -0.02495710738003254 0.03711880370974541 -0.018826821818947792
v -0.024596115574240685 0.036936528980731964 -0.01868477836251259
v -0.02495710738003254 0.038418617099523544 -0.016651300713419914
v -0.024596115574240685 0.03820716217160225 -0.016558101400732994
v -0.02495710738003254 0.038418617099523544 -0.016651300713419914
v -0.024596115574240685 0.03820716217160225 -0.016558101400732994
v -0.02495710738003254 0.03914746269583702 -0.014224125072360039
v -0.024596115574240685 0.03891964629292488 -0.014185415580868721
v -0.02495710738003254 0.03914746269583702 -0.014224125072360039
v -0.024596115574240685 0.03891964629292488 -0.014185415580868721
v -0.024596115574240685 0.039061807096004486 -0.01250000111758709
v -0.024596115574240685 0.039061807096004486 -0.01250000111758709
v -0.024596115574240685 0.03891964629292488 -0.014185415580868721
v -0.024249998852610588 0.03885870799422264 -0.014175062999129295
v -0.024249998852610588 0.039000000804662704 -0.01250000111758709
v -0.02525000087916851 0.03999999910593033 -0.008104686625301838
v -0.02525000087916851 0.03999999910593033 -0.01250000111758709
v -0.02518819086253643 0.03965388238430023 -0.01250000111758709
v -0.024249998852610588 0.039000000804662704 -0.01250000111758709
v -0.024249998852610588 0.039000000804662704 -0.007500000763684511
v -0.024596115574240685 0.039061807096004486 -0.01250000111758709
v -0.024596115574240685 0.039061807096004486 -0.01250000111758709
v -0.024249998852610588 0.039000000804662704 -0.007500000763684511
v -0.02460676245391369 0.039065804332494736 -0.007500000763684511
v -0.024596115574240685 0.039061807096004486 -0.01250000111758709
v -0.02460676245391369 0.039065804332494736 -0.007500000763684511
v -0.02474999986588955 0.03913397341966629 -0.01250000111758709
v -0.02474999986588955 0.03913397341966629 -0.01250000111758709
v -0.02460676245391369 0.039065804332494736 -0.007500000763684511
v -0.02474999986588955 0.03913397341966629 -0.007500000763684511
v -0.02474999986588955 0.03913397341966629 -0.01250000111758709
v -0.02474999986588955 0.03913397341966629 -0.007500000763684511
v -0.02495710738003254 0.039292894303798676 -0.01250000111758709
v -0.02495710738003254 0.039292894303798676 -0.007500000763684511
v -0.02495710738003254 0.039292894303798676 -0.01250000111758709
v -0.02495710738003254 0.039292894303798676 -0.007500000763684511
v -0.025116024538874626 0.03949999809265137 -0.01250000111758709
v -0.025116024538874626 0.03949999809265137 -0.007500000763684511
v -0.025116024538874626 0.03949999809265137 -0.01250000111758709
v -0.025116024538874626 0.03949999809265137 -0.007500000763684511
v -0.02518819086253643 0.03965388238430023 -0.01250000111758709
v -0.02518819086253643 0.03965388238430023 -0.01250000111758709
v -0.025116024538874626 0.03949999809265137 -0.007500000763684511
v -0.02518419362604618 0.03964323550462723 -0.007500000763684511
v -0.02518819086253643 0.03965388238430023 -0.01250000111758709
v -0.02518419362604618 0.03964323550462723 -0.007500000763684511
v -0.02525000087916851 0.03999999910593033 -0.008104686625301838
v -0.02525000087916851 0.03999999910593033 -0.008104686625301838
v -0.02518419362604618 0.03964323550462723 -0.007500000763684511
v -0.025232376530766487 0.039813082665205 -0.007500000763684511
v -0.02495710738003254 0.039292894303798676 -0.007500000763684511
v -0.025039834901690483 0.03949887678027153 -0.0071463980711996555
v -0.02514551393687725 0.0396045558154583 -0.007295848336070776
v -0.025232376530766487 0.039813082665205 -0.007500000763684511
v -0.02518419362604618 0.03964323550462723 -0.007500000763684511
v -0.02514551393687725 0.0396045558154583 -0.007295848336070776
v -0.024249998852610588 0.039068274199962616 -0.0071368408389389515
v -0.024264851585030556 0.039072174578905106 -0.007127280812710524
v -0.02464544214308262 0.039104484021663666 -0.007295848336070776
v -0.024264851585030556 0.039072174578905106 -0.007127280812710524
v -0.024249998852610588 0.039068274199962616 -0.0071368408389389515
v -0.024249998852610588 0.0392637699842453 -0.006823269184678793
v -0.02441132254898548 0.03956323489546776 -0.006615008693188429
v -0.02466231770813465 0.03958328813314438 -0.006689849775284529
v -0.024721337482333183 0.03952866047620773 -0.006754560861736536
v -0.024249998852610588 0.0392637699842453 -0.006823269184678793
v -0.024249998852610588 0.039372723549604416 -0.006721203681081533
v -0.024457784369587898 0.03926510736346245 -0.006854431238025427
v -0.024457784369587898 0.03926510736346245 -0.006854431238025427
v -0.024249998852610588 0.039372723549604416 -0.006721203681081533
v -0.024249998852610588 0.03955979645252228 -0.006602102424949408
v -0.024457784369587898 0.03926510736346245 -0.006854431238025427
v -0.024249998852610588 0.03955979645252228 -0.006602102424949408
v -0.02441132254898548 0.03956323489546776 -0.006615008693188429
v -0.025232376530766487 0.039813082665205 -0.007500000763684511
v -0.02514551393687725 0.0396045558154583 -0.007295848336070776
v -0.02515905536711216 0.039722222834825516 -0.007189430762082338
v -0.02515905536711216 0.039722222834825516 -0.007189430762082338
v -0.02514551393687725 0.0396045558154583 -0.007295848336070776
v -0.025039834901690483 0.03949887678027153 -0.0071463980711996555
v -0.02515905536711216 0.039722222834825516 -0.007189430762082338
v -0.025039834901690483 0.03949887678027153 -0.0071463980711996555
v -0.02498275227844715 0.03964588791131973 -0.006918902974575758
v -0.02518419362604618 0.03964323550462723 -0.007500000763684511
v -0.025116024538874626 0.03949999809265137 -0.007500000763684511
v -0.02514551393687725 0.0396045558154583 -0.007295848336070776
v -0.02514551393687725 0.0396045558154583 -0.007295848336070776
v -0.025116024538874626 0.03949999809265137 -0.007500000763684511
v -0.02495710738003254 0.039292894303798676 -0.007500000763684511
v -0.02466231770813465 0.03958328813314438 -0.006689849775284529
v -0.024723542854189873 0.03959135711193085 -0.006719765719026327
v -0.024721337482333183 0.03952866047620773 -0.006754560861736536
v -0.024721337482333183 0.03952866047620773 -0.006754560861736536
v -0.024723542854189873 0.03959135711193085 -0.006719765719026327
v -0.02498275227844715 0.03964588791131973 -0.006918902974575758
v -0.024721337482333183 0.03952866047620773 -0.006754560861736536
v -0.02498275227844715 0.03964588791131973 -0.006918902974575758
v -0.024895479902625084 0.03935452178120613 -0.007091694977134466
v -0.024895479902625084 0.03935452178120613 -0.007091694977134466
v -0.02498275227844715 0.03964588791131973 -0.006918902974575758
v -0.025039834901690483 0.03949887678027153 -0.0071463980711996555
v -0.024895479902625084 0.03935452178120613 -0.007091694977134466
v -0.025039834901690483 0.03949887678027153 -0.0071463980711996555
v -0.02495710738003254 0.039292894303798676 -0.007500000763684511
v -0.024249998852610588 0.039000000804662704 -0.007500000763684511
v -0.024249998852610588 0.039068274199962616 -0.0071368408389389515
v -0.02460676245391369 0.039065804332494736 -0.007500000763684511
v -0.02460676245391369 0.039065804332494736 -0.007500000763684511
v -0.024249998852610588 0.039068274199962616 -0.0071368408389389515
v -0.02464544214308262 0.039104484021663666 -0.007295848336070776
v -0.02460676245391369 0.039065804332494736 -0.007500000763684511
v -0.02464544214308262 0.039104484021663666 -0.007295848336070776
v -0.02474999986588955 0.03913397341966629 -0.007500000763684511
v -0.02474999986588955 0.03913397341966629 -0.007500000763684511
v -0.02464544214308262 0.039104484021663666 -0.007295848336070776
v -0.02495710738003254 0.039292894303798676 -0.007500000763684511
v -0.024249998852610588 0.0392637699842453 -0.006823269184678793
v -0.024457784369587898 0.03926510736346245 -0.006854431238025427
v -0.024264851585030556 0.039072174578905106 -0.007127280812710524
v -0.024264851585030556 0.039072174578905106 -0.007127280812710524
v -0.024457784369587898 0.03926510736346245 -0.006854431238025427
v -0.024751121178269386 0.03921016305685043 -0.0071463980711996555
v -0.02464544214308262 0.039104484021663666 -0.007295848336070776
v -0.02464544214308262 0.039104484021663666 -0.007295848336070776
v -0.024751121178269386 0.03921016305685043 -0.0071463980711996555
v -0.02495710738003254 0.039292894303798676 -0.007500000763684511
v -0.02441132254898548 0.03956323489546776 -0.006615008693188429
v -0.024721337482333183 0.03952866047620773 -0.006754560861736536
v -0.024457784369587898 0.03926510736346245 -0.006854431238025427
v -0.024457784369587898 0.03926510736346245 -0.006854431238025427
v -0.024721337482333183 0.03952866047620773 -0.006754560861736536
v -0.024895479902625084 0.03935452178120613 -0.007091694977134466
v -0.024751121178269386 0.03921016305685043 -0.0071463980711996555
v -0.024751121178269386 0.03921016305685043 -0.0071463980711996555
v -0.024895479902625084 0.03935452178120613 -0.007091694977134466
v -0.02495710738003254 0.039292894303798676 -0.007500000763684511
v -0.024249998852610588 0.039000000804662704 -0.007500000763684511
v -0.021250000223517418 0.039000000804662704 -0.007500000763684511
v -0.021250000223517418 0.03906242176890373 -0.007152230013161898
v -0.024249998852610588 0.039000000804662704 -0.007500000763684511
v -0.021250000223517418 0.03906242176890373 -0.007152230013161898
v -0.024249998852610588 0.039068274199962616 -0.0071368408389389515
v -0.024249998852610588 0.039068274199962616 -0.0071368408389389515
v -0.021250000223517418 0.03906242176890373 -0.007152230013161898
v -0.021250000223517418 0.03927963599562645 -0.0068064057268202305
v -0.024249998852610588 0.039068274199962616 -0.0071368408389389515
v -0.021250000223517418 0.03927963599562645 -0.0068064057268202305
v -0.024249998852610588 0.0392637699842453 -0.006823269184678793
v -0.024249998852610588 0.0392637699842453 -0.006823269184678793
v -0.021250000223517418 0.03927963599562645 -0.0068064057268202305
v -0.024249998852610588 0.039372723549604416 -0.006721203681081533
v -0.024249998852610588 0.039372723549604416 -0.006721203681081533
v -0.021250000223517418 0.03927963599562645 -0.0068064057268202305
v -0.021250000223517418 0.03955979645252228 -0.006602102424949408
v -0.024249998852610588 0.039372723549604416 -0.006721203681081533
v -0.021250000223517418 0.03955979645252228 -0.006602102424949408
v -0.024249998852610588 0.03955979645252228 -0.006602102424949408
v -0.017619790509343147 0.039040226489305496 -0.004308825824409723
v -0.017785025760531425 0.039079196751117706 -0.0045128255151212215
v -0.017979955300688744 0.03906242176890373 -0.005126530304551125
v -0.017423173412680626 0.03900740668177605 -0.004131090361624956
v -0.017619790509343147 0.039040226489305496 -0.004308825824409723
v -0.017345676198601723 0.03900126367807388 -0.004097177647054195
v -0.017345676198601723 0.03900126367807388 -0.004097177647054195
v -0.017619790509343147 0.039040226489305496 -0.004308825824409723
v -0.017668576911091805 0.039000000804662704 -0.005281411111354828
v -0.017345676198601723 0.03900126367807388 -0.004097177647054195
v -0.017668576911091805 0.039000000804662704 -0.005281411111354828
v -0.017293432727456093 0.039000000804662704 -0.004090170841664076
v -0.017619790509343147 0.039040226489305496 -0.004308825824409723
v -0.017979955300688744 0.03906242176890373 -0.005126530304551125
v -0.017668576911091805 0.039000000804662704 -0.005281411111354828
v -0.017668576911091805 0.039000000804662704 -0.005281411111354828
v -0.017979955300688744 0.03906242176890373 -0.005126530304551125
v -0.018853792920708656 0.03906242176890373 -0.006256262306123972
v -0.018625622615218163 0.039000000804662704 -0.00651871832087636
v -0.018625622615218163 0.039000000804662704 -0.00651871832087636
v -0.018853792920708656 0.03906242176890373 -0.006256262306123972
v -0.02009407989680767 0.03906242176890373 -0.0069644819013774395
v -0.019984012469649315 0.039000000804662704 -0.007294375915080309
v -0.019984012469649315 0.039000000804662704 -0.007294375915080309
v -0.02009407989680767 0.03906242176890373 -0.0069644819013774395
v -0.021250000223517418 0.03906242176890373 -0.007152230013161898
v -0.021250000223517418 0.039000000804662704 -0.007500000763684511
v -0.021250000223517418 0.03955979645252228 -0.006602102424949408
v -0.021250000223517418 0.03927963599562645 -0.0068064057268202305
v -0.020249998196959496 0.039521634578704834 -0.0064573441632092
v -0.020249998196959496 0.039521634578704834 -0.0064573441632092
v -0.021250000223517418 0.03927963599562645 -0.0068064057268202305
v -0.02020353265106678 0.03927963599562645 -0.006636434700340033
v -0.020249998196959496 0.039521634578704834 -0.0064573441632092
v -0.02020353265106678 0.03927963599562645 -0.006636434700340033
v -0.019312387332320213 0.03941413760185242 -0.006033602636307478
v -0.019312387332320213 0.03941413760185242 -0.006033602636307478
v -0.02020353265106678 0.03927963599562645 -0.006636434700340033
v -0.019080689176917076 0.03927963599562645 -0.005995275918394327
v -0.019312387332320213 0.03941413760185242 -0.006033602636307478
v -0.019080689176917076 0.03927963599562645 -0.005995275918394327
v -0.019212977960705757 0.03939840942621231 -0.005969453603029251
v -0.019212977960705757 0.03939840942621231 -0.005969453603029251
v -0.019080689176917076 0.03927963599562645 -0.005995275918394327
v -0.018346143886446953 0.03922313451766968 -0.005210782866925001
v -0.017785025760531425 0.039079196751117706 -0.0045128255151212215
v -0.018063051626086235 0.03915164992213249 -0.00487411068752408
v -0.017979955300688744 0.03906242176890373 -0.005126530304551125
v -0.017979955300688744 0.03906242176890373 -0.005126530304551125
v -0.018063051626086235 0.03915164992213249 -0.00487411068752408
v -0.018346143886446953 0.03922313451766968 -0.005210782866925001
v -0.017979955300688744 0.03906242176890373 -0.005126530304551125
v -0.018346143886446953 0.03922313451766968 -0.005210782866925001
v -0.018853792920708656 0.03906242176890373 -0.006256262306123972
v -0.018853792920708656 0.03906242176890373 -0.006256262306123972
v -0.018346143886446953 0.03922313451766968 -0.005210782866925001
v -0.019080689176917076 0.03927963599562645 -0.005995275918394327
v -0.018853792920708656 0.03906242176890373 -0.006256262306123972
v -0.019080689176917076 0.03927963599562645 -0.005995275918394327
v -0.02009407989680767 0.03906242176890373 -0.0069644819013774395
v -0.02020353265106678 0.03927963599562645 -0.006636434700340033
v -0.02009407989680767 0.03906242176890373 -0.0069644819013774395
v -0.02020353265106678 0.03927963599562645 -0.006636434700340033
v -0.021250000223517418 0.03906242176890373 -0.007152230013161898
v -0.021250000223517418 0.03927963599562645 -0.0068064057268202305
v 0.02225000038743019 0.09662267565727234 -0.014381855726242065
v 0.024250000715255737 0.09662267565727234 -0.014381855726242065
v 0.024250000715255737 0.09640377759933472 -0.014743173494935036
v 0.02225000038743019 0.09662267565727234 -0.014381855726242065
v 0.024250000715255737 0.09640377759933472 -0.014743173494935036
v 0.02225000038743019 0.09284445643424988 -0.019455451518297195
v 0.024250000715255737 0.09640377759933472 -0.014743173494935036
v 0.024250000715255737 0.09368184953927994 -0.018504250794649124
v 0.02225000038743019 0.09284445643424988 -0.019455451518297195
v 0.02225000038743019 0.09284445643424988 -0.019455451518297195
v 0.024250000715255737 0.09368184953927994 -0.018504250794649124
v 0.024250000715255737 0.09284445643424988 -0.019455451518297195
v 0.02225000038743019 0.09284445643424988 -0.019455451518297195
v 0.024250000715255737 0.09284445643424988 -0.019455451518297195
v 0.02225000038743019 0.08811498433351517 -0.023656457662582397
v 0.02225000038743019 0.08811498433351517 -0.023656457662582397
v 0.024250000715255737 0.09284445643424988 -0.019455451518297195
v 0.024250000715255737 0.09042875468730927 -0.021816644817590714
v 0.02225000038743019 0.08811498433351517 -0.023656457662582397
v 0.024250000715255737 0.09042875468730927 -0.021816644817590714
v 0.024250000715255737 0.08811498433351517 -0.023656457662582397
v 0.024250000715255737 0.09662267565727234 -0.014381855726242065
v 0.02225000038743019 0.09662267565727234 -0.014381855726242065
v 0.024250000715255737 0.09853348135948181 -0.010617774911224842
v 0.024250000715255737 0.09853348135948181 -0.010617774911224842
v 0.02225000038743019 0.09662267565727234 -0.014381855726242065
v 0.02225000038743019 0.0992923155426979 -0.008646933361887932
v 0.024250000715255737 0.09853348135948181 -0.010617774911224842
v 0.02225000038743019 0.0992923155426979 -0.008646933361887932
v 0.024250000715255737 0.0992923155426979 -0.008646933361887932
v 0.024250000715255737 0.10091200470924377 0.0038340750616043806
v 0.024250000715255737 0.10096412897109985 0.002990794600918889
v 0.02225000038743019 0.10091200470924377 0.0038340750616043806
v 0.02225000038743019 0.10091200470924377 0.0038340750616043806
v 0.024250000715255737 0.10096412897109985 0.002990794600918889
v 0.024250000715255737 0.1008395180106163 -0.00165022280998528
v 0.02225000038743019 0.10074222087860107 -0.0024894913658499718
v 0.02225000038743019 0.10074222087860107 -0.0024894913658499718
v 0.024250000715255737 0.1008395180106163 -0.00165022280998528
v 0.024250000715255737 0.10074222087860107 -0.0024894913658499718
v 0.02225000038743019 0.10074222087860107 -0.0024894913658499718
v 0.024250000715255737 0.10074222087860107 -0.0024894913658499718
v 0.02225000038743019 0.0992923155426979 -0.008646933361887932
v 0.02225000038743019 0.0992923155426979 -0.008646933361887932
v 0.024250000715255737 0.10074222087860107 -0.0024894913658499718
v 0.024250000715255737 0.10002320259809494 -0.006220582872629166
v 0.02225000038743019 0.0992923155426979 -0.008646933361887932
v 0.024250000715255737 0.10002320259809494 -0.006220582872629166
v 0.024250000715255737 0.0992923155426979 -0.008646933361887932
v 0.024250000715255737 0.10091200470924377 0.0038340750616043806
v 0.02225000038743019 0.10091200470924377 0.0038340750616043806
v 0.024250000715255737 0.10039424151182175 0.007598374038934708
v 0.024250000715255737 0.10039424151182175 0.007598374038934708
v 0.02225000038743019 0.10091200470924377 0.0038340750616043806
v 0.02225000038743019 0.09979461133480072 0.010060450062155724
v 0.024250000715255737 0.10039424151182175 0.007598374038934708
v 0.02225000038743019 0.09979461133480072 0.010060450062155724
v 0.024250000715255737 0.09979461133480072 0.010060450062155724
v 0.02225000038743019 0.09743655472993851 0.015930363908410072
v 0.02225000038743019 0.09393603354692459 0.02119939588010311
v 0.024250000715255737 0.09472118318080902 0.020204629749059677
v 0.024250000715255737 0.09472118318080902 0.020204629749059677
v 0.024250000715255737 0.09723736345767975 0.016302909702062607
v 0.02225000038743019 0.09743655472993851 0.015930363908410072
v 0.02225000038743019 0.09743655472993851 0.015930363908410072
v 0.024250000715255737 0.09723736345767975 0.016302909702062607
v 0.024250000715255737 0.09743655472993851 0.015930363908410072
v 0.02225000038743019 0.09743655472993851 0.015930363908410072
v 0.024250000715255737 0.09743655472993851 0.015930363908410072
v 0.02225000038743019 0.09979461133480072 0.010060450062155724
v 0.02225000038743019 0.09979461133480072 0.010060450062155724
v 0.024250000715255737 0.09743655472993851 0.015930363908410072
v 0.024250000715255737 0.09914262592792511 0.012069172225892544
v 0.02225000038743019 0.09979461133480072 0.010060450062155724
v 0.024250000715255737 0.09914262592792511 0.012069172225892544
v 0.024250000715255737 0.09979461133480072 0.010060450062155724
v 0.024250000715255737 0.08809425681829453 0.02667136862874031
v 0.024250000715255737 0.08943881094455719 0.02564813755452633
v 0.02225000038743019 0.08943881094455719 0.02564813755452633
v 0.02225000038743019 0.08943881094455719 0.02564813755452633
v 0.024250000715255737 0.08943881094455719 0.02564813755452633
v 0.024250000715255737 0.09165052324533463 0.023686816915869713
v 0.02225000038743019 0.08943881094455719 0.02564813755452633
v 0.024250000715255737 0.09165052324533463 0.023686816915869713
v 0.02225000038743019 0.09393603354692459 0.02119939588010311
v 0.02225000038743019 0.09393603354692459 0.02119939588010311
v 0.024250000715255737 0.09165052324533463 0.023686816915869713
v 0.024250000715255737 0.09393603354692459 0.02119939588010311
v 0.02225000038743019 0.09393603354692459 0.02119939588010311
v 0.024250000715255737 0.09393603354692459 0.02119939588010311
v 0.024250000715255737 0.09472118318080902 0.020204629749059677
v 0.024250000715255737 0.08809425681829453 0.02667136862874031
v 0.02225000038743019 0.08943881094455719 0.02564813755452633
v 0.024250000715255737 0.08413214981555939 0.02909134328365326
v 0.024250000715255737 0.08413214981555939 0.02909134328365326
v 0.02225000038743019 0.08943881094455719 0.02564813755452633
v 0.02225000038743019 0.08413214981555939 0.02909134328365326
v 0.024250000715255737 0.08413214981555939 0.02909134328365326
v 0.02225000038743019 0.08413214981555939 0.02909134328365326
v 0.024250000715255737 0.07985307276248932 0.03089246340095997
v 0.024250000715255737 0.07985307276248932 0.03089246340095997
v 0.02225000038743019 0.08413214981555939 0.02909134328365326
v 0.02225000038743019 0.07823702692985535 0.031385637819767
v 0.024250000715255737 0.07985307276248932 0.03089246340095997
v 0.02225000038743019 0.07823702692985535 0.031385637819767
v 0.024250000715255737 0.07823702692985535 0.031385637819767
v 0.02225000038743019 0.06567755341529846 0.032197169959545135
v 0.024250000715255737 0.06567755341529846 0.032197169959545135
v 0.024250000715255737 0.06609626859426498 0.03225322440266609
v 0.02225000038743019 0.06567755341529846 0.032197169959545135
v 0.024250000715255737 0.06609626859426498 0.03225322440266609
v 0.02225000038743019 0.07199890166521072 0.03243548423051834
v 0.024250000715255737 0.06609626859426498 0.03225322440266609
v 0.024250000715255737 0.07073284685611725 0.03249133378267288
v 0.02225000038743019 0.07199890166521072 0.03243548423051834
v 0.02225000038743019 0.07199890166521072 0.03243548423051834
v 0.024250000715255737 0.07073284685611725 0.03249133378267288
v 0.024250000715255737 0.07199890166521072 0.03243548423051834
v 0.02225000038743019 0.07199890166521072 0.03243548423051834
v 0.024250000715255737 0.07199890166521072 0.03243548423051834
v 0.02225000038743019 0.07823702692985535 0.031385637819767
v 0.02225000038743019 0.07823702692985535 0.031385637819767
v 0.024250000715255737 0.07199890166521072 0.03243548423051834
v 0.024250000715255737 0.0753529891371727 0.03203433007001877
v 0.02225000038743019 0.07823702692985535 0.031385637819767
v 0.024250000715255737 0.0753529891371727 0.03203433007001877
v 0.024250000715255737 0.07823702692985535 0.031385637819767
v 0.024250000715255737 0.06567755341529846 0.032197169959545135
v 0.02225000038743019 0.06567755341529846 0.032197169959545135
v 0.024250000715255737 0.06154724955558777 0.031325340270996094
v 0.024250000715255737 0.06154724955558777 0.031325340270996094
v 0.02225000038743019 0.06567755341529846 0.032197169959545135
v 0.02225000038743019 0.05953618511557579 0.030680619180202484
v 0.024250000715255737 0.06154724955558777 0.031325340270996094
v 0.02225000038743019 0.05953618511557579 0.030680619180202484
v 0.024250000715255737 0.05953618511557579 0.030680619180202484
v 0.024250000715255737 0.04879818484187126 0.024115988984704018
v 0.024250000715255737 0.04942239075899124 0.02468538098037243
v 0.02225000038743019 0.04879818484187126 0.024115988984704018
v 0.02225000038743019 0.04879818484187126 0.024115988984704018
v 0.024250000715255737 0.04942239075899124 0.02468538098037243
v 0.024250000715255737 0.05311575159430504 0.027498502284288406
v 0.02225000038743019 0.05383053421974182 0.027948975563049316
v 0.02225000038743019 0.05383053421974182 0.027948975563049316
v 0.024250000715255737 0.05311575159430504 0.027498502284288406
v 0.024250000715255737 0.05383053421974182 0.027948975563049316
v 0.02225000038743019 0.05383053421974182 0.027948975563049316
v 0.024250000715255737 0.05383053421974182 0.027948975563049316
v 0.02225000038743019 0.05953618511557579 0.030680619180202484
v 0.02225000038743019 0.05953618511557579 0.030680619180202484
v 0.024250000715255737 0.05383053421974182 0.027948975563049316
v 0.024250000715255737 0.05718781426548958 0.029728494584560394
v 0.02225000038743019 0.05953618511557579 0.030680619180202484
v 0.024250000715255737 0.05718781426548958 0.029728494584560394
v 0.024250000715255737 0.05953618511557579 0.030680619180202484
v 0.024250000715255737 0.04879818484187126 0.024115988984704018
v 0.02225000038743019 0.04879818484187126 0.024115988984704018
v 0.024250000715255737 0.046190567314624786 0.02135222963988781
v 0.024250000715255737 0.046190567314624786 0.02135222963988781
v 0.02225000038743019 0.04879818484187126 0.024115988984704018
v 0.02225000038743019 0.044648684561252594 0.01934126764535904
v 0.024250000715255737 0.046190567314624786 0.02135222963988781
v 0.02225000038743019 0.044648684561252594 0.01934126764535904
v 0.024250000715255737 0.044648684561252594 0.01934126764535904
v 0.02225000038743019 0.039645422250032425 0.007792831864207983
v 0.024250000715255737 0.039645422250032425 0.007792831864207983
v 0.024250000715255737 0.03992798551917076 0.009028215892612934
v 0.02225000038743019 0.039645422250032425 0.007792831864207983
v 0.024250000715255737 0.03992798551917076 0.009028215892612934
v 0.02225000038743019 0.04155481979250908 0.01382362935692072
v 0.024250000715255737 0.03992798551917076 0.009028215892612934
v 0.024250000715255737 0.041389524936676025 0.01343485526740551
v 0.02225000038743019 0.04155481979250908 0.01382362935692072
v 0.02225000038743019 0.04155481979250908 0.01382362935692072
v 0.024250000715255737 0.041389524936676025 0.01343485526740551
v 0.024250000715255737 0.04155481979250908 0.01382362935692072
v 0.02225000038743019 0.04155481979250908 0.01382362935692072
v 0.024250000715255737 0.04155481979250908 0.01382362935692072
v 0.02225000038743019 0.044648684561252594 0.01934126764535904
v 0.02225000038743019 0.044648684561252594 0.01934126764535904
v 0.024250000715255737 0.04155481979250908 0.01382362935692072
v 0.024250000715255737 0.04349277913570404 0.017573803663253784
v 0.02225000038743019 0.044648684561252594 0.01934126764535904
v 0.024250000715255737 0.04349277913570404 0.017573803663253784
v 0.024250000715255737 0.044648684561252594 0.01934126764535904
v 0.024250000715255737 0.039645422250032425 0.007792831864207983
v 0.02225000038743019 0.039645422250032425 0.007792831864207983
v 0.024250000715255737 0.03914094343781471 0.004452723078429699
v 0.024250000715255737 0.03914094343781471 0.004452723078429699
v 0.02225000038743019 0.039645422250032425 0.007792831864207983
v 0.02225000038743019 0.039000000804662704 0.0014999988488852978
v 0.024250000715255737 0.03914094343781471 0.004452723078429699
v 0.02225000038743019 0.039000000804662704 0.0014999988488852978
v 0.024250000715255737 0.039000000804662704 0.0014999988488852978
v 0.024250000715255737 0.08261773735284805 -0.027614986523985863
v 0.024250000715255737 0.08811498433351517 -0.023656457662582397
v 0.024596117436885834 0.08807886391878128 -0.023606298491358757
v 0.024250000715255737 0.08261773735284805 -0.027614986523985863
v 0.024596117436885834 0.08807886391878128 -0.023606298491358757
v 0.024632683023810387 0.08261773735284805 -0.027521183714270592
v 0.024632683023810387 0.08261773735284805 -0.027521183714270592
v 0.024596117436885834 0.08807886391878128 -0.023606298491358757
v 0.02495710738003254 0.08794382959604263 -0.02341877482831478
v 0.024632683023810387 0.08261773735284805 -0.027521183714270592
v 0.02495710738003254 0.08794382959604263 -0.02341877482831478
v 0.02495710738003254 0.08261773735284805 -0.02725405804812908
v 0.02495710738003254 0.08261773735284805 -0.02725405804812908
v 0.02495710738003254 0.08794382959604263 -0.02341877482831478
v 0.02518819086253643 0.08773288875818253 -0.02312583103775978
v 0.02495710738003254 0.08261773735284805 -0.02725405804812908
v 0.02518819086253643 0.08773288875818253 -0.02312583103775978
v 0.02517388015985489 0.08261773735284805 -0.026854274794459343
v 0.02517388015985489 0.08261773735284805 -0.026854274794459343
v 0.02518819086253643 0.08773288875818253 -0.02312583103775978
v 0.02525000087916851 0.08753062784671783 -0.022844959050416946
v 0.02517388015985489 0.08261773735284805 -0.026854274794459343
v 0.02525000087916851 0.08753062784671783 -0.022844959050416946
v 0.02525000087916851 0.08261773735284805 -0.026382697746157646
v 0.02474999986588955 0.03913397341966629 0.0014999988488852978
v 0.02495710738003254 0.039292894303798676 0.0014999988488852978
v 0.02495710738003254 0.039432503283023834 0.004424825310707092
v 0.025116024538874626 0.03949999809265137 0.0014999988488852978
v 0.02518819086253643 0.03965388238430023 0.0014999988488852978
v 0.02518819086253643 0.03979185223579407 0.004390441346913576
v 0.02525000087916851 0.08753062784671783 -0.022844959050416946
v 0.02518819086253643 0.08773288875818253 -0.02312583103775978
v 0.02518819086253643 0.08999785035848618 -0.021324826404452324
v 0.02525000087916851 0.08976976573467255 -0.02106449566781521
v 0.02525000087916851 0.08976976573467255 -0.02106449566781521
v 0.02518819086253643 0.08999785035848618 -0.021324826404452324
v 0.02518819086253643 0.09318232536315918 -0.018082300201058388
v 0.02525000087916851 0.09291791915893555 -0.017858952283859253
v 0.02525000087916851 0.09291791915893555 -0.017858952283859253
v 0.02518819086253643 0.09318232536315918 -0.018082300201058388
v 0.02518819086253643 0.09584683924913406 -0.014400556683540344
v 0.02525000087916851 0.09555204212665558 -0.014219200238585472
v 0.02525000087916851 0.09555204212665558 -0.014219200238585472
v 0.02518819086253643 0.09584683924913406 -0.014400556683540344
v 0.02518819086253643 0.0979316234588623 -0.010362174361944199
v 0.02525000087916851 0.09761304408311844 -0.010226879268884659
v 0.02525000087916851 0.09761304408311844 -0.010226879268884659
v 0.02518819086253643 0.0979316234588623 -0.010362174361944199
v 0.02518819086253643 0.09938991814851761 -0.006057732738554478
v 0.02525000087916851 0.09905470907688141 -0.0059715318493545055
v 0.02525000087916851 0.09905470907688141 -0.0059715318493545055
v 0.02518819086253643 0.09938991814851761 -0.006057732738554478
v 0.02518819086253643 0.10018902271986008 -0.0015837752725929022
v 0.02525000087916851 0.09984469413757324 -0.0015486027114093304
v 0.02525000087916851 0.09984469413757324 -0.0015486027114093304
v 0.02518819086253643 0.10018902271986008 -0.0015837752725929022
v 0.02518819086253643 0.10031100362539291 0.0029593491926789284
v 0.02525000087916851 0.09996528923511505 0.002942704362794757
v 0.02525000087916851 0.09996528923511505 0.002942704362794757
v 0.02518819086253643 0.10031100362539291 0.0029593491926789284
v 0.02518819086253643 0.09975313395261765 0.00746974116191268
v 0.02525000087916851 0.09941378235816956 0.007401652634143829
v 0.02525000087916851 0.09941378235816956 0.007401652634143829
v 0.02518819086253643 0.09975313395261765 0.00746974116191268
v 0.02518819086253643 0.09852791577577591 0.011846236884593964
v 0.02525000087916851 0.09820254147052765 0.011728230863809586
v 0.02525000087916851 0.09820254147052765 0.011728230863809586
v 0.02518819086253643 0.09852791577577591 0.011846236884593964
v 0.02518819086253643 0.09666284173727036 0.015990672633051872
v 0.02525000087916851 0.09635873883962631 0.01582539640367031
v 0.02525000087916851 0.09635873883962631 0.01582539640367031
v 0.02518819086253643 0.09666284173727036 0.015990672633051872
v 0.02518819086253643 0.09419973939657211 0.019810091704130173
v 0.02525000087916851 0.09392372518777847 0.019601253792643547
v 0.02525000087916851 0.09392372518777847 0.019601253792643547
v 0.02518819086253643 0.09419973939657211 0.019810091704130173
v 0.02518819086253643 0.09119384735822678 0.023218829184770584
v 0.02525000087916851 0.09095212072134018 0.02297111228108406
v 0.02525000087916851 0.09095212072134018 0.02297111228108406
v 0.02518819086253643 0.09119384735822678 0.023218829184770584
v 0.02518819086253643 0.0877125933766365 0.026140429079532623
v 0.02525000087916851 0.08751057088375092 0.02585938759148121
v 0.02525000087916851 0.08751057088375092 0.02585938759148121
v 0.02518819086253643 0.0877125933766365 0.026140429079532623
v 0.02518819086253643 0.08383405953645706 0.028509359806776047
v 0.02525000087916851 0.083676278591156 0.028201300650835037
v 0.02525000087916851 0.083676278591156 0.028201300650835037
v 0.02518819086253643 0.08383405953645706 0.028509359806776047
v 0.02518819086253643 0.07964523881673813 0.03027248941361904
v 0.02525000087916851 0.07953523099422455 0.029944319278001785
v 0.02525000087916851 0.07953523099422455 0.029944319278001785
v 0.02518819086253643 0.07964523881673813 0.03027248941361904
v 0.02518819086253643 0.07524008303880692 0.031390272080898285
v 0.02525000087916851 0.07518031448125839 0.031049354001879692
v 0.02525000087916851 0.07518031448125839 0.031049354001879692
v 0.02518819086253643 0.07524008303880692 0.031390272080898285
v 0.02518819086253643 0.07071739435195923 0.03183763474225998
v 0.02525000087916851 0.07070920616388321 0.03149161487817764
v 0.02525000087916851 0.07070920616388321 0.03149161487817764
v 0.02518819086253643 0.07071739435195923 0.03183763474225998
v 0.02518819086253643 0.06617861241102219 0.031604547053575516
v 0.02525000087916851 0.06622219830751419 0.03126118332147598
v 0.02525000087916851 0.06622219830751419 0.03126118332147598
v 0.02518819086253643 0.06617861241102219 0.031604547053575516
v 0.02518819086253643 0.061725541949272156 0.030696235597133636
v 0.02525000087916851 0.06181991845369339 0.030363233759999275
v 0.02525000087916851 0.06181991845369339 0.030363233759999275
v 0.02518819086253643 0.061725541949272156 0.030696235597133636
v 0.02518819086253643 0.0574580617249012 0.02913307026028633
v 0.02525000087916851 0.05760111287236214 0.02881789766252041
v 0.02525000087916851 0.05760111287236214 0.02881789766252041
v 0.02518819086253643 0.0574580617249012 0.02913307026028633
v 0.02518819086253643 0.053471889346838 0.026950115337967873
v 0.02525000087916851 0.053660403937101364 0.02665984071791172
v 0.02525000087916851 0.053660403937101364 0.02665984071791172
v 0.02518819086253643 0.053471889346838 0.026950115337967873
v 0.02518819086253643 0.049856431782245636 0.024196332320570946
v 0.02525000087916851 0.05008618161082268 0.023937465623021126
v 0.02525000087916851 0.05008618161082268 0.023937465623021126
v 0.02518819086253643 0.049856431782245636 0.024196332320570946
v 0.02518819086253643 0.046692781150341034 0.02093348652124405
v 0.02525000087916851 0.04695861414074898 0.020711833611130714
v 0.02525000087916851 0.04695861414074898 0.020711833611130714
v 0.02518819086253643 0.046692781150341034 0.02093348652124405
v 0.02518819086253643 0.044051893055438995 0.017234759405255318
v 0.02525000087916851 0.0443478487432003 0.017055293545126915
v 0.02525000087916851 0.0443478487432003 0.017055293545126915
v 0.02518819086253643 0.044051893055438995 0.017234759405255318
v 0.02518819086253643 0.04199300706386566 0.013183113187551498
v 0.02525000087916851 0.042312443256378174 0.013049859553575516
v 0.02525000087916851 0.042312443256378174 0.013049859553575516
v 0.02518819086253643 0.04199300706386566 0.013183113187551498
v 0.02518819086253643 0.04056229442358017 0.008869422599673271
v 0.02525000087916851 0.040898051112890244 0.00878536980599165
v 0.02525000087916851 0.040898051112890244 0.00878536980599165
v 0.02518819086253643 0.04056229442358017 0.008869422599673271
v 0.02518819086253643 0.03979185223579407 0.004390441346913576
v 0.02525000087916851 0.04013639688491821 0.00435747392475605
v 0.02525000087916851 0.04013639688491821 0.00435747392475605
v 0.02518819086253643 0.03979185223579407 0.004390441346913576
v 0.02518819086253643 0.03965388238430023 0.0014999988488852978
v 0.02525000087916851 0.03999999910593033 0.0014999988488852978
v 0.024250000715255737 0.039000000804662704 0.0014999988488852978
v 0.024596117436885834 0.039061807096004486 0.0014999988488852978
v 0.024250000715255737 0.03914094343781471 0.004452723078429699
v 0.024596117436885834 0.03920247033238411 0.004446835722774267
v 0.024250000715255737 0.03914094343781471 0.004452723078429699
v 0.024596117436885834 0.03920247033238411 0.004446835722774267
v 0.024250000715255737 0.039645422250032425 0.007792831864207983
v 0.024250000715255737 0.039645422250032425 0.007792831864207983
v 0.024596117436885834 0.03920247033238411 0.004446835722774267
v 0.024596117436885834 0.039987944066524506 0.009013205766677856
v 0.024250000715255737 0.039645422250032425 0.007792831864207983
v 0.024596117436885834 0.039987944066524506 0.009013205766677856
v 0.024250000715255737 0.03992798551917076 0.009028215892612934
v 0.024250000715255737 0.03992798551917076 0.009028215892612934
v 0.024596117436885834 0.039987944066524506 0.009013205766677856
v 0.024596117436885834 0.04144657030701637 0.01341105904430151
v 0.024250000715255737 0.041389524936676025 0.01343485526740551
v 0.024596117436885834 0.046238042414188385 0.021312646567821503
v 0.024250000715255737 0.044648684561252594 0.01934126764535904
v 0.024596117436885834 0.04354562982916832 0.017541756853461266
v 0.024596117436885834 0.04354562982916832 0.017541756853461266
v 0.024250000715255737 0.044648684561252594 0.01934126764535904
v 0.024250000715255737 0.04349277913570404 0.017573803663253784
v 0.024596117436885834 0.04354562982916832 0.017541756853461266
v 0.024250000715255737 0.04349277913570404 0.017573803663253784
v 0.024596117436885834 0.04144657030701637 0.01341105904430151
v 0.024596117436885834 0.04144657030701637 0.01341105904430151
v 0.024250000715255737 0.04349277913570404 0.017573803663253784
v 0.024250000715255737 0.04155481979250908 0.01382362935692072
v 0.024596117436885834 0.04144657030701637 0.01341105904430151
v 0.024250000715255737 0.04155481979250908 0.01382362935692072
v 0.024250000715255737 0.041389524936676025 0.01343485526740551
v 0.024250000715255737 0.05383053421974182 0.027948975563049316
v 0.024250000715255737 0.05311575159430504 0.027498502284288406
v 0.024596117436885834 0.05314941704273224 0.027446666732430458
v 0.024596117436885834 0.05314941704273224 0.027446666732430458
v 0.024250000715255737 0.05311575159430504 0.027498502284288406
v 0.024250000715255737 0.04942239075899124 0.02468538098037243
v 0.024596117436885834 0.0494634173810482 0.024639153853058815
v 0.024596117436885834 0.0494634173810482 0.024639153853058815
v 0.024250000715255737 0.04942239075899124 0.02468538098037243
v 0.024250000715255737 0.04879818484187126 0.024115988984704018
v 0.024596117436885834 0.0494634173810482 0.024639153853058815
v 0.024250000715255737 0.04879818484187126 0.024115988984704018
v 0.024596117436885834 0.046238042414188385 0.021312646567821503
v 0.024596117436885834 0.046238042414188385 0.021312646567821503
v 0.024250000715255737 0.04879818484187126 0.024115988984704018
v 0.024250000715255737 0.046190567314624786 0.02135222963988781
v 0.024596117436885834 0.046238042414188385 0.021312646567821503
v 0.024250000715255737 0.046190567314624786 0.02135222963988781
v 0.024250000715255737 0.044648684561252594 0.01934126764535904
v 0.024250000715255737 0.05383053421974182 0.027948975563049316
v 0.024596117436885834 0.05314941704273224 0.027446666732430458
v 0.024250000715255737 0.05718781426548958 0.029728494584560394
v 0.024250000715255737 0.05718781426548958 0.029728494584560394
v 0.024596117436885834 0.05314941704273224 0.027446666732430458
v 0.024596117436885834 0.05721336230635643 0.029672211036086082
v 0.024250000715255737 0.05718781426548958 0.029728494584560394
v 0.024596117436885834 0.05721336230635643 0.029672211036086082
v 0.024250000715255737 0.05953618511557579 0.030680619180202484
v 0.024250000715255737 0.05953618511557579 0.030680619180202484
v 0.024596117436885834 0.05721336230635643 0.029672211036086082
v 0.024596117436885834 0.06156410276889801 0.031265873461961746
v 0.024250000715255737 0.05953618511557579 0.030680619180202484
v 0.024596117436885834 0.06156410276889801 0.031265873461961746
v 0.024250000715255737 0.06154724955558777 0.031325340270996094
v 0.024250000715255737 0.06154724955558777 0.031325340270996094
v 0.024596117436885834 0.06156410276889801 0.031265873461961746
v 0.024250000715255737 0.06567755341529846 0.032197169959545135
v 0.024250000715255737 0.06567755341529846 0.032197169959545135
v 0.024596117436885834 0.06156410276889801 0.031265873461961746
v 0.024596117436885834 0.06610405445098877 0.03219190612435341
v 0.024250000715255737 0.06567755341529846 0.032197169959545135
v 0.024596117436885834 0.06610405445098877 0.03219190612435341
v 0.024250000715255737 0.06609626859426498 0.03225322440266609
v 0.024250000715255737 0.06609626859426498 0.03225322440266609
v 0.024596117436885834 0.06610405445098877 0.03219190612435341
v 0.024596117436885834 0.07073138654232025 0.032429542392492294
v 0.024250000715255737 0.07073284685611725 0.03249133378267288
v 0.024250000715255737 0.07073284685611725 0.03249133378267288
v 0.024596117436885834 0.07073138654232025 0.032429542392492294
v 0.024250000715255737 0.07199890166521072 0.03243548423051834
v 0.024250000715255737 0.07199890166521072 0.03243548423051834
v 0.024596117436885834 0.07073138654232025 0.032429542392492294
v 0.024596117436885834 0.0753423199057579 0.031973451375961304
v 0.024250000715255737 0.07199890166521072 0.03243548423051834
v 0.024596117436885834 0.0753423199057579 0.031973451375961304
v 0.024250000715255737 0.0753529891371727 0.03203433007001877
v 0.024250000715255737 0.0753529891371727 0.03203433007001877
v 0.024596117436885834 0.0753423199057579 0.031973451375961304
v 0.024250000715255737 0.07823702692985535 0.031385637819767
v 0.024250000715255737 0.07823702692985535 0.031385637819767
v 0.024596117436885834 0.0753423199057579 0.031973451375961304
v 0.024596117436885834 0.07983342558145523 0.030833860859274864
v 0.024250000715255737 0.07823702692985535 0.031385637819767
v 0.024596117436885834 0.07983342558145523 0.030833860859274864
v 0.024250000715255737 0.07985307276248932 0.03089246340095997
v 0.024250000715255737 0.07985307276248932 0.03089246340095997
v 0.024596117436885834 0.07983342558145523 0.030833860859274864
v 0.024596117436885834 0.08410397171974182 0.029036331921815872
v 0.024250000715255737 0.08413214981555939 0.02909134328365326
v 0.024250000715255737 0.08413214981555939 0.02909134328365326
v 0.024596117436885834 0.08410397171974182 0.029036331921815872
v 0.024596117436885834 0.08805818110704422 0.026621181517839432
v 0.024250000715255737 0.08809425681829453 0.02667136862874031
v 0.024250000715255737 0.08809425681829453 0.02667136862874031
v 0.024596117436885834 0.08805818110704422 0.026621181517839432
v 0.024250000715255737 0.08943881094455719 0.02564813755452633
v 0.024250000715255737 0.08943881094455719 0.02564813755452633
v 0.024596117436885834 0.08805818110704422 0.026621181517839432
v 0.024596117436885834 0.09160735458135605 0.023642579093575478
v 0.024250000715255737 0.08943881094455719 0.02564813755452633
v 0.024596117436885834 0.09160735458135605 0.023642579093575478
v 0.024250000715255737 0.09165052324533463 0.023686816915869713
v 0.024250000715255737 0.09165052324533463 0.023686816915869713
v 0.024596117436885834 0.09160735458135605 0.023642579093575478
v 0.024250000715255737 0.09393603354692459 0.02119939588010311
v 0.024250000715255737 0.09393603354692459 0.02119939588010311
v 0.024596117436885834 0.09160735458135605 0.023642579093575478
v 0.024596117436885834 0.09467189013957977 0.020167335867881775
v 0.024250000715255737 0.09393603354692459 0.02119939588010311
v 0.024596117436885834 0.09467189013957977 0.020167335867881775
v 0.024250000715255737 0.09472118318080902 0.020204629749059677
v 0.024250000715255737 0.09472118318080902 0.020204629749059677
v 0.024596117436885834 0.09467189013957977 0.020167335867881775
v 0.024596117436885834 0.09718305617570877 0.016273396089673042
v 0.024250000715255737 0.09723736345767975 0.016302909702062607
v 0.024596117436885834 0.10033363848924637 0.007586215157061815
v 0.024250000715255737 0.09979461133480072 0.010060450062155724
v 0.024596117436885834 0.0990845188498497 0.01204809918999672
v 0.024596117436885834 0.0990845188498497 0.01204809918999672
v 0.024250000715255737 0.09979461133480072 0.010060450062155724
v 0.024250000715255737 0.09914262592792511 0.012069172225892544
v 0.024596117436885834 0.0990845188498497 0.01204809918999672
v 0.024250000715255737 0.09914262592792511 0.012069172225892544
v 0.024596117436885834 0.09718305617570877 0.016273396089673042
v 0.024596117436885834 0.09718305617570877 0.016273396089673042
v 0.024250000715255737 0.09914262592792511 0.012069172225892544
v 0.024250000715255737 0.09743655472993851 0.015930363908410072
v 0.024596117436885834 0.09718305617570877 0.016273396089673042
v 0.024250000715255737 0.09743655472993851 0.015930363908410072
v 0.024250000715255737 0.09723736345767975 0.016302909702062607
v 0.024250000715255737 0.10074222087860107 -0.0024894913658499718
v 0.024250000715255737 0.1008395180106163 -0.00165022280998528
v 0.024596117436885834 0.10077803581953049 -0.0016439417377114296
v 0.024596117436885834 0.10077803581953049 -0.0016439417377114296
v 0.024250000715255737 0.1008395180106163 -0.00165022280998528
v 0.024250000715255737 0.10096412897109985 0.002990794600918889
v 0.024596117436885834 0.10090239346027374 0.00298782205209136
v 0.024596117436885834 0.10090239346027374 0.00298782205209136
v 0.024250000715255737 0.10096412897109985 0.002990794600918889
v 0.024250000715255737 0.10091200470924377 0.0038340750616043806
v 0.024596117436885834 0.10090239346027374 0.00298782205209136
v 0.024250000715255737 0.10091200470924377 0.0038340750616043806
v 0.024596117436885834 0.10033363848924637 0.007586215157061815
v 0.024596117436885834 0.10033363848924637 0.007586215157061815
v 0.024250000715255737 0.10091200470924377 0.0038340750616043806
v 0.024250000715255737 0.10039424151182175 0.007598374038934708
v 0.024596117436885834 0.10033363848924637 0.007586215157061815
v 0.024250000715255737 0.10039424151182175 0.007598374038934708
v 0.024250000715255737 0.09979461133480072 0.010060450062155724
v 0.024250000715255737 0.10074222087860107 -0.0024894913658499718
v 0.024596117436885834 0.10077803581953049 -0.0016439417377114296
v 0.024250000715255737 0.10002320259809494 -0.006220582872629166
v 0.024250000715255737 0.10002320259809494 -0.006220582872629166
v 0.024596117436885834 0.10077803581953049 -0.0016439417377114296
v 0.024596117436885834 0.09996333718299866 -0.006205189507454634
v 0.024250000715255737 0.10002320259809494 -0.006220582872629166
v 0.024596117436885834 0.09996333718299866 -0.006205189507454634
v 0.024250000715255737 0.0992923155426979 -0.008646933361887932
v 0.024250000715255737 0.0992923155426979 -0.008646933361887932
v 0.024596117436885834 0.09996333718299866 -0.006205189507454634
v 0.024596117436885834 0.0984765887260437 -0.010593614540994167
v 0.024250000715255737 0.0992923155426979 -0.008646933361887932
v 0.024596117436885834 0.0984765887260437 -0.010593614540994167
v 0.024250000715255737 0.09853348135948181 -0.010617774911224842
v 0.024250000715255737 0.09853348135948181 -0.010617774911224842
v 0.024596117436885834 0.0984765887260437 -0.010593614540994167
v 0.024250000715255737 0.09662267565727234 -0.014381855726242065
v 0.024250000715255737 0.09662267565727234 -0.014381855726242065
v 0.024596117436885834 0.0984765887260437 -0.010593614540994167
v 0.024596117436885834 0.09635113179683685 -0.014710787683725357
v 0.024250000715255737 0.09662267565727234 -0.014381855726242065
v 0.024596117436885834 0.09635113179683685 -0.014710787683725357
v 0.024250000715255737 0.09640377759933472 -0.014743173494935036
v 0.024250000715255737 0.09640377759933472 -0.014743173494935036
v 0.024596117436885834 0.09635113179683685 -0.014710787683725357
v 0.024596117436885834 0.09363462775945663 -0.01846436597406864
v 0.024250000715255737 0.09368184953927994 -0.018504250794649124
v 0.024250000715255737 0.09368184953927994 -0.018504250794649124
v 0.024596117436885834 0.09363462775945663 -0.01846436597406864
v 0.024250000715255737 0.09284445643424988 -0.019455451518297195
v 0.024250000715255737 0.09284445643424988 -0.019455451518297195
v 0.024596117436885834 0.09363462775945663 -0.01846436597406864
v 0.024596117436885834 0.09038802236318588 -0.021770155057311058
v 0.024250000715255737 0.09284445643424988 -0.019455451518297195
v 0.024596117436885834 0.09038802236318588 -0.021770155057311058
v 0.024250000715255737 0.09042875468730927 -0.021816644817590714
v 0.024250000715255737 0.09042875468730927 -0.021816644817590714
v 0.024596117436885834 0.09038802236318588 -0.021770155057311058
v 0.024596117436885834 0.08807886391878128 -0.023606298491358757
v 0.024250000715255737 0.08811498433351517 -0.023656457662582397
v 0.02518819086253643 0.08773288875818253 -0.02312583103775978
v 0.02495710738003254 0.08794382959604263 -0.02341877482831478
v 0.02518819086253643 0.08999785035848618 -0.021324826404452324
v 0.02495710738003254 0.09023573994636536 -0.02159634605050087
v 0.02518819086253643 0.08999785035848618 -0.021324826404452324
v 0.02495710738003254 0.09023573994636536 -0.02159634605050087
v 0.02518819086253643 0.09318232536315918 -0.018082300201058388
v 0.02495710738003254 0.09345810115337372 -0.01831524632871151
v 0.02518819086253643 0.09318232536315918 -0.018082300201058388
v 0.02495710738003254 0.09345810115337372 -0.01831524632871151
v 0.02518819086253643 0.09584683924913406 -0.014400556683540344
v 0.02495710738003254 0.09615430980920792 -0.014589706435799599
v 0.02518819086253643 0.09584683924913406 -0.014400556683540344
v 0.02495710738003254 0.09615430980920792 -0.014589706435799599
v 0.02518819086253643 0.0979316234588623 -0.010362174361944199
v 0.02495710738003254 0.09826388955116272 -0.010503284633159637
v 0.02518819086253643 0.0979316234588623 -0.010362174361944199
v 0.02495710738003254 0.09826388955116272 -0.010503284633159637
v 0.02518819086253643 0.09938991814851761 -0.006057732738554478
v 0.02495710738003254 0.09973953664302826 -0.006147637497633696
v 0.02518819086253643 0.09938991814851761 -0.006057732738554478
v 0.02495710738003254 0.09973953664302826 -0.006147637497633696
v 0.02518819086253643 0.10018902271986008 -0.0015837752725929022
v 0.02495710738003254 0.1005481407046318 -0.0016204589046537876
v 0.02518819086253643 0.10018902271986008 -0.0015837752725929022
v 0.02495710738003254 0.1005481407046318 -0.0016204589046537876
v 0.02518819086253643 0.10031100362539291 0.0029593491926789284
v 0.02495710738003254 0.10067157447338104 0.0029767092783004045
v 0.02518819086253643 0.10031100362539291 0.0029593491926789284
v 0.02495710738003254 0.10067157447338104 0.0029767092783004045
v 0.02518819086253643 0.09975313395261765 0.00746974116191268
v 0.02495710738003254 0.10010706633329391 0.007540755905210972
v 0.02518819086253643 0.09975313395261765 0.00746974116191268
v 0.02495710738003254 0.10010706633329391 0.007540755905210972
v 0.02518819086253643 0.09852791577577591 0.011846236884593964
v 0.02495710738003254 0.09886728227138519 0.011969313025474548
v 0.02518819086253643 0.09852791577577591 0.011846236884593964
v 0.02495710738003254 0.09886728227138519 0.011969313025474548
v 0.02518819086253643 0.09666284173727036 0.015990672633051872
v 0.02495710738003254 0.096980020403862 0.016163049265742302
v 0.02518819086253643 0.09666284173727036 0.015990672633051872
v 0.02495710738003254 0.096980020403862 0.016163049265742302
v 0.02518819086253643 0.09419973939657211 0.019810091704130173
v 0.02495710738003254 0.09448760747909546 0.020027903839945793
v 0.02518819086253643 0.09419973939657211 0.019810091704130173
v 0.02495710738003254 0.09448760747909546 0.020027903839945793
v 0.02518819086253643 0.09119384735822678 0.023218829184770584
v 0.02495710738003254 0.09144596755504608 0.023477191105484962
v 0.02518819086253643 0.09119384735822678 0.023218829184770584
v 0.02495710738003254 0.09144596755504608 0.023477191105484962
v 0.02518819086253643 0.0877125933766365 0.026140429079532623
v 0.02495710738003254 0.08792330324649811 0.026433544233441353
v 0.02518819086253643 0.0877125933766365 0.026140429079532623
v 0.02495710738003254 0.08792330324649811 0.026433544233441353
v 0.02518819086253643 0.08383405953645706 0.028509359806776047
v 0.02495710738003254 0.08399862796068192 0.02883065678179264
v 0.02518819086253643 0.08383405953645706 0.028509359806776047
v 0.02495710738003254 0.08399862796068192 0.02883065678179264
v 0.02518819086253643 0.07964523881673813 0.03027248941361904
v 0.02495710738003254 0.07975997775793076 0.030614759773015976
v 0.02518819086253643 0.07964523881673813 0.03027248941361904
v 0.02495710738003254 0.07975997775793076 0.030614759773015976
v 0.02518819086253643 0.07524008303880692 0.031390272080898285
v 0.02495710738003254 0.07530241459608078 0.03174583613872528
v 0.02518819086253643 0.07524008303880692 0.031390272080898285
v 0.02495710738003254 0.07530241459608078 0.03174583613872528
v 0.02518819086253643 0.07071739435195923 0.03183763474225998
v 0.02495710738003254 0.0707259252667427 0.03219852223992348
v 0.02518819086253643 0.07071739435195923 0.03183763474225998
v 0.02495710738003254 0.0707259252667427 0.03219852223992348
v 0.02518819086253643 0.06617861241102219 0.031604547053575516
v 0.02495710738003254 0.06613315641880035 0.03196266293525696
v 0.02518819086253643 0.06617861241102219 0.031604547053575516
v 0.02495710738003254 0.06613315641880035 0.03196266293525696
v 0.02518819086253643 0.061725541949272156 0.030696235597133636
v 0.02495710738003254 0.061627112329006195 0.03104354627430439
v 0.02518819086253643 0.061725541949272156 0.030696235597133636
v 0.02495710738003254 0.061627112329006195 0.03104354627430439
v 0.02518819086253643 0.0574580617249012 0.02913307026028633
v 0.02495710738003254 0.0573088675737381 0.029461786150932312
v 0.02518819086253643 0.0574580617249012 0.02913307026028633
v 0.02495710738003254 0.0573088675737381 0.029461786150932312
v 0.02518819086253643 0.053471889346838 0.026950115337967873
v 0.02495710738003254 0.053275275975465775 0.027252864092588425
v 0.02518819086253643 0.053471889346838 0.026950115337967873
v 0.02495710738003254 0.053275275975465775 0.027252864092588425
v 0.02518819086253643 0.049856431782245636 0.024196332320570946
v 0.02495710738003254 0.04961680993437767 0.024466322734951973
v 0.02518819086253643 0.049856431782245636 0.024196332320570946
v 0.02495710738003254 0.04961680993437767 0.024466322734951973
v 0.02518819086253643 0.046692781150341034 0.02093348652124405
v 0.02495710738003254 0.04641552269458771 0.021164661273360252
v 0.02518819086253643 0.046692781150341034 0.02093348652124405
v 0.02495710738003254 0.04641552269458771 0.021164661273360252
v 0.02518819086253643 0.044051893055438995 0.017234759405255318
v 0.02495710738003254 0.04374322295188904 0.017421936616301537
v 0.02518819086253643 0.044051893055438995 0.017234759405255318
v 0.02495710738003254 0.04374322295188904 0.017421936616301537
v 0.02518819086253643 0.04199300706386566 0.013183113187551498
v 0.02495710738003254 0.04165984317660332 0.013322092592716217
v 0.02518819086253643 0.04199300706386566 0.013183113187551498
v 0.02495710738003254 0.04165984317660332 0.013322092592716217
v 0.02518819086253643 0.04056229442358017 0.008869422599673271
v 0.02495710738003254 0.04021211341023445 0.008957087993621826
v 0.02518819086253643 0.04056229442358017 0.008869422599673271
v 0.02495710738003254 0.04021211341023445 0.008957087993621826
v 0.02518819086253643 0.03979185223579407 0.004390441346913576
v 0.02495710738003254 0.039432503283023834 0.004424825310707092
v 0.02518819086253643 0.03979185223579407 0.004390441346913576
v 0.02495710738003254 0.039432503283023834 0.004424825310707092
v 0.025116024538874626 0.03949999809265137 0.0014999988488852978
v 0.025116024538874626 0.03949999809265137 0.0014999988488852978
v 0.02495710738003254 0.039432503283023834 0.004424825310707092
v 0.02495710738003254 0.039292894303798676 0.0014999988488852978
v 0.02495710738003254 0.08794382959604263 -0.02341877482831478
v 0.024596117436885834 0.08807886391878128 -0.023606298491358757
v 0.02495710738003254 0.09023573994636536 -0.02159634605050087
v 0.024596117436885834 0.09038802236318588 -0.021770155057311058
v 0.02495710738003254 0.09023573994636536 -0.02159634605050087
v 0.024596117436885834 0.09038802236318588 -0.021770155057311058
v 0.02495710738003254 0.09345810115337372 -0.01831524632871151
v 0.024596117436885834 0.09363462775945663 -0.01846436597406864
v 0.02495710738003254 0.09345810115337372 -0.01831524632871151
v 0.024596117436885834 0.09363462775945663 -0.01846436597406864
v 0.02495710738003254 0.09615430980920792 -0.014589706435799599
v 0.024596117436885834 0.09635113179683685 -0.014710787683725357
v 0.02495710738003254 0.09615430980920792 -0.014589706435799599
v 0.024596117436885834 0.09635113179683685 -0.014710787683725357
v 0.02495710738003254 0.09826388955116272 -0.010503284633159637
v 0.024596117436885834 0.0984765887260437 -0.010593614540994167
v 0.02495710738003254 0.09826388955116272 -0.010503284633159637
v 0.024596117436885834 0.0984765887260437 -0.010593614540994167
v 0.02495710738003254 0.09973953664302826 -0.006147637497633696
v 0.024596117436885834 0.09996333718299866 -0.006205189507454634
v 0.02495710738003254 0.09973953664302826 -0.006147637497633696
v 0.024596117436885834 0.09996333718299866 -0.006205189507454634
v 0.02495710738003254 0.1005481407046318 -0.0016204589046537876
v 0.024596117436885834 0.10077803581953049 -0.0016439417377114296
v 0.02495710738003254 0.1005481407046318 -0.0016204589046537876
v 0.024596117436885834 0.10077803581953049 -0.0016439417377114296
v 0.02495710738003254 0.10067157447338104 0.0029767092783004045
v 0.024596117436885834 0.10090239346027374 0.00298782205209136
v 0.02495710738003254 0.10067157447338104 0.0029767092783004045
v 0.024596117436885834 0.10090239346027374 0.00298782205209136
v 0.02495710738003254 0.10010706633329391 0.007540755905210972
v 0.024596117436885834 0.10033363848924637 0.007586215157061815
v 0.02495710738003254 0.10010706633329391 0.007540755905210972
v 0.024596117436885834 0.10033363848924637 0.007586215157061815
v 0.02495710738003254 0.09886728227138519 0.011969313025474548
v 0.024596117436885834 0.0990845188498497 0.01204809918999672
v 0.02495710738003254 0.09886728227138519 0.011969313025474548
v 0.024596117436885834 0.0990845188498497 0.01204809918999672
v 0.02495710738003254 0.096980020403862 0.016163049265742302
v 0.024596117436885834 0.09718305617570877 0.016273396089673042
v 0.02495710738003254 0.096980020403862 0.016163049265742302
v 0.024596117436885834 0.09718305617570877 0.016273396089673042
v 0.02495710738003254 0.09448760747909546 0.020027903839945793
v 0.024596117436885834 0.09467189013957977 0.020167335867881775
v 0.02495710738003254 0.09448760747909546 0.020027903839945793
v 0.024596117436885834 0.09467189013957977 0.020167335867881775
v 0.02495710738003254 0.09144596755504608 0.023477191105484962
v 0.024596117436885834 0.09160735458135605 0.023642579093575478
v 0.02495710738003254 0.09144596755504608 0.023477191105484962
v 0.024596117436885834 0.09160735458135605 0.023642579093575478
v 0.02495710738003254 0.08792330324649811 0.026433544233441353
v 0.024596117436885834 0.08805818110704422 0.026621181517839432
v 0.02495710738003254 0.08792330324649811 0.026433544233441353
v 0.024596117436885834 0.08805818110704422 0.026621181517839432
v 0.02495710738003254 0.08399862796068192 0.02883065678179264
v 0.024596117436885834 0.08410397171974182 0.029036331921815872
v 0.02495710738003254 0.08399862796068192 0.02883065678179264
v 0.024596117436885834 0.08410397171974182 0.029036331921815872
v 0.02495710738003254 0.07975997775793076 0.030614759773015976
v 0.024596117436885834 0.07983342558145523 0.030833860859274864
v 0.02495710738003254 0.07975997775793076 0.030614759773015976
v 0.024596117436885834 0.07983342558145523 0.030833860859274864
v 0.02495710738003254 0.07530241459608078 0.03174583613872528
v 0.024596117436885834 0.0753423199057579 0.031973451375961304
v 0.02495710738003254 0.07530241459608078 0.03174583613872528
v 0.024596117436885834 0.0753423199057579 0.031973451375961304
v 0.02495710738003254 0.0707259252667427 0.03219852223992348
v 0.024596117436885834 0.07073138654232025 0.032429542392492294
v 0.02495710738003254 0.0707259252667427 0.03219852223992348
v 0.024596117436885834 0.07073138654232025 0.032429542392492294
v 0.02495710738003254 0.06613315641880035 0.03196266293525696
v 0.024596117436885834 0.06610405445098877 0.03219190612435341
v 0.02495710738003254 0.06613315641880035 0.03196266293525696
v 0.024596117436885834 0.06610405445098877 0.03219190612435341
v 0.02495710738003254 0.061627112329006195 0.03104354627430439
v 0.024596117436885834 0.06156410276889801 0.031265873461961746
v 0.02495710738003254 0.061627112329006195 0.03104354627430439
v 0.024596117436885834 0.06156410276889801 0.031265873461961746
v 0.02495710738003254 0.0573088675737381 0.029461786150932312
v 0.024596117436885834 0.05721336230635643 0.029672211036086082
v 0.02495710738003254 0.0573088675737381 0.029461786150932312
v 0.024596117436885834 0.05721336230635643 0.029672211036086082
v 0.02495710738003254 0.053275275975465775 0.027252864092588425
v 0.024596117436885834 0.05314941704273224 0.027446666732430458
v 0.02495710738003254 0.053275275975465775 0.027252864092588425
v 0.024596117436885834 0.05314941704273224 0.027446666732430458
v 0.02495710738003254 0.04961680993437767 0.024466322734951973
v 0.024596117436885834 0.0494634173810482 0.024639153853058815
v 0.02495710738003254 0.04961680993437767 0.024466322734951973
v 0.024596117436885834 0.0494634173810482 0.024639153853058815
v 0.02495710738003254 0.04641552269458771 0.021164661273360252
v 0.024596117436885834 0.046238042414188385 0.021312646567821503
v 0.02495710738003254 0.04641552269458771 0.021164661273360252
v 0.024596117436885834 0.046238042414188385 0.021312646567821503
v 0.02495710738003254 0.04374322295188904 0.017421936616301537
v 0.024596117436885834 0.04354562982916832 0.017541756853461266
v 0.02495710738003254 0.04374322295188904 0.017421936616301537
v 0.024596117436885834 0.04354562982916832 0.017541756853461266
v 0.02495710738003254 0.04165984317660332 0.013322092592716217
v 0.024596117436885834 0.04144657030701637 0.01341105904430151
v 0.02495710738003254 0.04165984317660332 0.013322092592716217
v 0.024596117436885834 0.04144657030701637 0.01341105904430151
v 0.02495710738003254 0.04021211341023445 0.008957087993621826
v 0.024596117436885834 0.039987944066524506 0.009013205766677856
v 0.02495710738003254 0.04021211341023445 0.008957087993621826
v 0.024596117436885834 0.039987944066524506 0.009013205766677856
v 0.02495710738003254 0.039432503283023834 0.004424825310707092
v 0.024596117436885834 0.03920247033238411 0.004446835722774267
v 0.02495710738003254 0.039432503283023834 0.004424825310707092
v 0.024596117436885834 0.03920247033238411 0.004446835722774267
v 0.02474999986588955 0.03913397341966629 0.0014999988488852978
v 0.02474999986588955 0.03913397341966629 0.0014999988488852978
v 0.024596117436885834 0.03920247033238411 0.004446835722774267
v 0.024596117436885834 0.039061807096004486 0.0014999988488852978
v 0.024250000715255737 0.039000000804662704 0.0014999988488852978
v 0.024250000715255737 0.039000000804662704 -0.01250000111758709
v 0.024596117436885834 0.039061807096004486 0.0014999988488852978
v 0.024596117436885834 0.039061807096004486 -0.01250000111758709
v 0.024596117436885834 0.039061807096004486 0.0014999988488852978
v 0.024596117436885834 0.039061807096004486 -0.01250000111758709
v 0.02474999986588955 0.03913397341966629 0.0014999988488852978
v 0.02474999986588955 0.03913397341966629 -0.01250000111758709
v 0.02474999986588955 0.03913397341966629 0.0014999988488852978
v 0.02474999986588955 0.03913397341966629 -0.01250000111758709
v 0.02495710738003254 0.039292894303798676 0.0014999988488852978
v 0.02495710738003254 0.039292894303798676 -0.01250000111758709
v 0.02495710738003254 0.039292894303798676 0.0014999988488852978
v 0.02495710738003254 0.039292894303798676 -0.01250000111758709
v 0.025116024538874626 0.03949999809265137 0.0014999988488852978
v 0.025116024538874626 0.03949999809265137 -0.01250000111758709
v 0.025116024538874626 0.03949999809265137 0.0014999988488852978
v 0.025116024538874626 0.03949999809265137 -0.01250000111758709
v 0.02518819086253643 0.03965388238430023 0.0014999988488852978
v 0.02518819086253643 0.03965388238430023 -0.01250000111758709
v 0.02518819086253643 0.03965388238430023 0.0014999988488852978
v 0.02518819086253643 0.03965388238430023 -0.01250000111758709
v 0.02525000087916851 0.03999999910593033 0.0014999988488852978
v 0.02525000087916851 0.03999999910593033 -0.01250000111758709
v 0.025116024538874626 0.03949999809265137 -0.01250000111758709
v 0.02495710738003254 0.039292894303798676 -0.01250000111758709
v 0.02495710738003254 0.03914746269583702 -0.014224125072360039
v 0.02474999986588955 0.03913397341966629 -0.01250000111758709
v 0.024596117436885834 0.039061807096004486 -0.01250000111758709
v 0.024596117436885834 0.03891964629292488 -0.014185415580868721
v 0.02525000087916851 0.03999999910593033 -0.01250000111758709
v 0.02518819086253643 0.03965388238430023 -0.01250000111758709
v 0.02518819086253643 0.03950335457921028 -0.014284592121839523
v 0.02525000087916851 0.0398445799946785 -0.014342568814754486
v 0.02525000087916851 0.0398445799946785 -0.014342568814754486
v 0.02518819086253643 0.03950335457921028 -0.014284592121839523
v 0.02518819086253643 0.03874894604086876 -0.016796894371509552
v 0.02525000087916851 0.039065662771463394 -0.016936490312218666
v 0.02525000087916851 0.039065662771463394 -0.016936490312218666
v 0.02518819086253643 0.03874894604086876 -0.016796894371509552
v 0.02518819086253643 0.037403546273708344 -0.019048715010285378
v 0.02525000087916851 0.037676554173231125 -0.019261466339230537
v 0.02525000087916851 0.037676554173231125 -0.019261466339230537
v 0.02518819086253643 0.037403546273708344 -0.019048715010285378
v 0.02518819086253643 0.03554871305823326 -0.02090354636311531
v 0.02525000087916851 0.03576146438717842 -0.021176554262638092
v 0.02525000087916851 0.03576146438717842 -0.021176554262638092
v 0.02518819086253643 0.03554871305823326 -0.02090354636311531
v 0.02518819086253643 0.033296894282102585 -0.022248946130275726
v 0.02525000087916851 0.03343648836016655 -0.02256566286087036
v 0.02525000087916851 0.03343648836016655 -0.02256566286087036
v 0.02518819086253643 0.033296894282102585 -0.022248946130275726
v 0.02518819086253643 0.030784592032432556 -0.02300335466861725
v 0.02525000087916851 0.03084256872534752 -0.023344581946730614
v 0.02525000087916851 0.03084256872534752 -0.023344581946730614
v 0.02518819086253643 0.030784592032432556 -0.02300335466861725
v 0.02518819086253643 0.028999999165534973 -0.02315388433635235
v 0.02525000087916851 0.028999999165534973 -0.023500001057982445
v 0.024250000715255737 0.028999999165534973 -0.02250000089406967
v 0.024596117436885834 0.028999999165534973 -0.022561809048056602
v 0.024250000715255737 0.03067506104707718 -0.022358709946274757
v 0.024596117436885834 0.030685417354106903 -0.022419646382331848
v 0.024250000715255737 0.03067506104707718 -0.022358709946274757
v 0.024596117436885834 0.030685417354106903 -0.022419646382331848
v 0.024250000715255737 0.032090168446302414 -0.022010566666722298
v 0.024250000715255737 0.032090168446302414 -0.022010566666722298
v 0.024596117436885834 0.030685417354106903 -0.022419646382331848
v 0.024596117436885834 0.03305809944868088 -0.021707162261009216
v 0.024250000715255737 0.032090168446302414 -0.022010566666722298
v 0.024596117436885834 0.03305809944868088 -0.021707162261009216
v 0.024250000715255737 0.03303317353129387 -0.02165060304105282
v 0.024250000715255737 0.03303317353129387 -0.02165060304105282
v 0.024596117436885834 0.03305809944868088 -0.021707162261009216
v 0.024250000715255737 0.034877851605415344 -0.020590171217918396
v 0.024250000715255737 0.034877851605415344 -0.020590171217918396
v 0.024596117436885834 0.03305809944868088 -0.021707162261009216
v 0.024596117436885834 0.03518477827310562 -0.02043653093278408
v 0.024250000715255737 0.034877851605415344 -0.020590171217918396
v 0.024596117436885834 0.03518477827310562 -0.02043653093278408
v 0.024250000715255737 0.03514678776264191 -0.02038777805864811
v 0.024250000715255737 0.03514678776264191 -0.02038777805864811
v 0.024596117436885834 0.03518477827310562 -0.02043653093278408
v 0.024596117436885834 0.036936528980731964 -0.01868477836251259
v 0.024250000715255737 0.03688777610659599 -0.018646785989403725
v 0.024250000715255737 0.03688777610659599 -0.018646785989403725
v 0.024596117436885834 0.036936528980731964 -0.01868477836251259
v 0.024596117436885834 0.03820716217160225 -0.016558101400732994
v 0.024250000715255737 0.0381506010890007 -0.016533171758055687
v 0.024250000715255737 0.0381506010890007 -0.016533171758055687
v 0.024596117436885834 0.03820716217160225 -0.016558101400732994
v 0.024250000715255737 0.03851056471467018 -0.01559017039835453
v 0.024250000715255737 0.03851056471467018 -0.01559017039835453
v 0.024596117436885834 0.03820716217160225 -0.016558101400732994
v 0.024596117436885834 0.03891964629292488 -0.014185415580868721
v 0.024250000715255737 0.03851056471467018 -0.01559017039835453
v 0.024596117436885834 0.03891964629292488 -0.014185415580868721
v 0.024250000715255737 0.03885870799422264 -0.014175062999129295
v 0.024250000715255737 0.03885870799422264 -0.014175062999129295
v 0.024596117436885834 0.03891964629292488 -0.014185415580868721
v 0.024596117436885834 0.039061807096004486 -0.01250000111758709
v 0.024250000715255737 0.039000000804662704 -0.01250000111758709
v 0.024596117436885834 0.028999999165534973 -0.022561809048056602
v 0.02495710738003254 0.028999999165534973 -0.022792894393205643
v 0.024596117436885834 0.030685417354106903 -0.022419646382331848
v 0.02495710738003254 0.030724123120307922 -0.022647466510534286
v 0.024596117436885834 0.030685417354106903 -0.022419646382331848
v 0.02495710738003254 0.030724123120307922 -0.022647466510534286
v 0.024596117436885834 0.03305809944868088 -0.021707162261009216
v 0.02495710738003254 0.033151302486658096 -0.02191861905157566
v 0.024596117436885834 0.03305809944868088 -0.021707162261009216
v 0.02495710738003254 0.033151302486658096 -0.02191861905157566
v 0.024596117436885834 0.03518477827310562 -0.02043653093278408
v 0.02495710738003254 0.035326819866895676 -0.020618805661797523
v 0.024596117436885834 0.03518477827310562 -0.02043653093278408
v 0.02495710738003254 0.035326819866895676 -0.020618805661797523
v 0.024596117436885834 0.036936528980731964 -0.01868477836251259
v 0.02495710738003254 0.03711880370974541 -0.018826821818947792
v 0.024596117436885834 0.036936528980731964 -0.01868477836251259
v 0.02495710738003254 0.03711880370974541 -0.018826821818947792
v 0.024596117436885834 0.03820716217160225 -0.016558101400732994
v 0.02495710738003254 0.038418617099523544 -0.016651300713419914
v 0.024596117436885834 0.03820716217160225 -0.016558101400732994
v 0.02495710738003254 0.038418617099523544 -0.016651300713419914
v 0.024596117436885834 0.03891964629292488 -0.014185415580868721
v 0.02495710738003254 0.03914746269583702 -0.014224125072360039
v 0.024596117436885834 0.03891964629292488 -0.014185415580868721
v 0.02495710738003254 0.03914746269583702 -0.014224125072360039
v 0.02474999986588955 0.03913397341966629 -0.01250000111758709
v 0.02474999986588955 0.03913397341966629 -0.01250000111758709
v 0.02495710738003254 0.03914746269583702 -0.014224125072360039
v 0.02495710738003254 0.039292894303798676 -0.01250000111758709
v 0.02495710738003254 0.028999999165534973 -0.022792894393205643
v 0.02518819086253643 0.028999999165534973 -0.02315388433635235
v 0.02495710738003254 0.030724123120307922 -0.022647466510534286
v 0.02518819086253643 0.030784592032432556 -0.02300335466861725
v 0.02495710738003254 0.030724123120307922 -0.022647466510534286
v 0.02518819086253643 0.030784592032432556 -0.02300335466861725
v 0.02495710738003254 0.033151302486658096 -0.02191861905157566
v 0.02518819086253643 0.033296894282102585 -0.022248946130275726
v 0.02495710738003254 0.033151302486658096 -0.02191861905157566
v 0.02518819086253643 0.033296894282102585 -0.022248946130275726
v 0.02495710738003254 0.035326819866895676 -0.020618805661797523
v 0.02518819086253643 0.03554871305823326 -0.02090354636311531
v 0.02495710738003254 0.035326819866895676 -0.020618805661797523
v 0.02518819086253643 0.03554871305823326 -0.02090354636311531
v 0.02495710738003254 0.03711880370974541 -0.018826821818947792
v 0.02518819086253643 0.037403546273708344 -0.019048715010285378
v 0.02495710738003254 0.03711880370974541 -0.018826821818947792
v 0.02518819086253643 0.037403546273708344 -0.019048715010285378
v 0.02495710738003254 0.038418617099523544 -0.016651300713419914
v 0.02518819086253643 0.03874894604086876 -0.016796894371509552
v 0.02495710738003254 0.038418617099523544 -0.016651300713419914
v 0.02518819086253643 0.03874894604086876 -0.016796894371509552
v 0.02495710738003254 0.03914746269583702 -0.014224125072360039
v 0.02518819086253643 0.03950335457921028 -0.014284592121839523
v 0.02495710738003254 0.03914746269583702 -0.014224125072360039
v 0.02518819086253643 0.03950335457921028 -0.014284592121839523
v 0.025116024538874626 0.03949999809265137 -0.01250000111758709
v 0.025116024538874626 0.03949999809265137 -0.01250000111758709
v 0.02518819086253643 0.03950335457921028 -0.014284592121839523
v 0.02518819086253643 0.03965388238430023 -0.01250000111758709
v 0.024945665150880814 0.052109986543655396 0.013646736741065979
v 0.02225000038743019 0.05198667198419571 0.013899999670684338
v 0.024945665150880814 0.05225326865911484 0.012973526492714882
v 0.024945665150880814 0.05225326865911484 0.012973526492714882
v 0.02225000038743019 0.05198667198419571 0.013899999670684338
v 0.02225000038743019 0.05225462093949318 0.012899999506771564
v 0.024945665150880814 0.05225326865911484 0.012973526492714882
v 0.02225000038743019 0.05225462093949318 0.012899999506771564
v 0.02492183819413185 0.05225462093949318 0.01289876364171505
v 0.02492183819413185 0.05225462093949318 0.01289876364171505
v 0.02225000038743019 0.05225462093949318 0.012899999506771564
v 0.024721991270780563 0.05218413099646568 0.012373707257211208
v 0.024921840056777 0.05125568434596062 0.011168562807142735
v 0.024730132892727852 0.051659777760505676 0.011476787738502026
v 0.02225000038743019 0.05125461891293526 0.011167948134243488
v 0.02225000038743019 0.05125461891293526 0.011167948134243488
v 0.024730132892727852 0.051659777760505676 0.011476787738502026
v 0.024618662893772125 0.051903195679187775 0.011767656542360783
v 0.02225000038743019 0.05125461891293526 0.011167948134243488
v 0.024618662893772125 0.051903195679187775 0.011767656542360783
v 0.02225000038743019 0.05198667198419571 0.011899999342858791
v 0.02225000038743019 0.05198667198419571 0.011899999342858791
v 0.024618662893772125 0.051903195679187775 0.011767656542360783
v 0.024605682119727135 0.05198659002780914 0.01189985778182745
v 0.02225000038743019 0.05198667198419571 0.011899999342858791
v 0.024605682119727135 0.05198659002780914 0.01189985778182745
v 0.02225000038743019 0.05225462093949318 0.012899999506771564
v 0.02225000038743019 0.05225462093949318 0.012899999506771564
v 0.024605682119727135 0.05198659002780914 0.01189985778182745
v 0.024614280089735985 0.052046582102775574 0.012011817656457424
v 0.02225000038743019 0.05225462093949318 0.012899999506771564
v 0.024614280089735985 0.052046582102775574 0.012011817656457424
v 0.024721991270780563 0.05218413099646568 0.012373707257211208
v 0.024921840056777 0.05125568434596062 0.011168562807142735
v 0.02225000038743019 0.05125461891293526 0.011167948134243488
v 0.024945665150880814 0.051190268248319626 0.011132355779409409
v 0.024945665150880814 0.051190268248319626 0.011132355779409409
v 0.02225000038743019 0.05125461891293526 0.011167948134243488
v 0.02225000038743019 0.05025462061166763 0.010899999178946018
v 0.024945665150880814 0.051190268248319626 0.011132355779409409
v 0.02225000038743019 0.05025462061166763 0.010899999178946018
v 0.024945665150880814 0.05053561180830002 0.010919836349785328
v 0.024945665150880814 0.052109986543655396 0.013646736741065979
v 0.024945665150880814 0.05198667198419571 0.013899999670684338
v 0.02225000038743019 0.05198667198419571 0.013899999670684338
v 0.02225000038743019 0.05198667198419571 0.013899999670684338
v 0.024945665150880814 0.05198667198419571 0.013899999670684338
v 0.024945665150880814 0.05152987316250801 0.014440691098570824
v 0.02225000038743019 0.05198667198419571 0.013899999670684338
v 0.024945665150880814 0.05152987316250801 0.014440691098570824
v 0.02225000038743019 0.05125461891293526 0.014632049947977066
v 0.024945665150880814 0.05152987316250801 0.014440691098570824
v 0.024945665150880814 0.05125461891293526 0.014632049947977066
v 0.02225000038743019 0.05125461891293526 0.014632049947977066
v 0.02225000038743019 0.05125461891293526 0.014632049947977066
v 0.024945665150880814 0.05125461891293526 0.014632049947977066
v 0.024945665150880814 0.0506414994597435 0.014862223528325558
v 0.02225000038743019 0.05125461891293526 0.014632049947977066
v 0.024945665150880814 0.0506414994597435 0.014862223528325558
v 0.02225000038743019 0.05025462061166763 0.014899998903274536
v 0.024945665150880814 0.0506414994597435 0.014862223528325558
v 0.024945665150880814 0.05025462061166763 0.014899998903274536
v 0.02225000038743019 0.05025462061166763 0.014899998903274536
v 0.02225000038743019 0.05025462061166763 0.014899998903274536
v 0.024945665150880814 0.05025462061166763 0.014899998903274536
v 0.024945665150880814 0.0496596097946167 0.01480943989008665
v 0.02225000038743019 0.05025462061166763 0.014899998903274536
v 0.024945665150880814 0.0496596097946167 0.01480943989008665
v 0.02225000038743019 0.04925461858510971 0.014632049947977066
v 0.024945665150880814 0.0496596097946167 0.01480943989008665
v 0.024945665150880814 0.04925461858510971 0.014632049947977066
v 0.02225000038743019 0.04925461858510971 0.014632049947977066
v 0.02225000038743019 0.04925461858510971 0.014632049947977066
v 0.024945665150880814 0.04925461858510971 0.014632049947977066
v 0.024945665150880814 0.048821546137332916 0.01429509837180376
v 0.02225000038743019 0.04925461858510971 0.014632049947977066
v 0.024945665150880814 0.048821546137332916 0.01429509837180376
v 0.02225000038743019 0.04852256923913956 0.013899999670684338
v 0.024945665150880814 0.048821546137332916 0.01429509837180376
v 0.024945665150880814 0.04852256923913956 0.013899999670684338
v 0.02225000038743019 0.04852256923913956 0.013899999670684338
v 0.02225000038743019 0.04852256923913956 0.013899999670684338
v 0.024945665150880814 0.04852256923913956 0.013899999670684338
v 0.024945665150880814 0.04832989349961281 0.01344352774322033
v 0.02225000038743019 0.04852256923913956 0.013899999670684338
v 0.024945665150880814 0.04832989349961281 0.01344352774322033
v 0.02225000038743019 0.04825462028384209 0.012899999506771564
v 0.024945665150880814 0.04832989349961281 0.01344352774322033
v 0.024945665150880814 0.04825462028384209 0.012899999506771564
v 0.02225000038743019 0.04825462028384209 0.012899999506771564
v 0.02225000038743019 0.04825462028384209 0.012899999506771564
v 0.024945665150880814 0.04825462028384209 0.012899999506771564
v 0.024945665150880814 0.04830349236726761 0.012460573576390743
v 0.02225000038743019 0.04825462028384209 0.012899999506771564
v 0.024945665150880814 0.04830349236726761 0.012460573576390743
v 0.02225000038743019 0.04852256923913956 0.011899999342858791
v 0.024945665150880814 0.04830349236726761 0.012460573576390743
v 0.024945665150880814 0.04852256923913956 0.011899999342858791
v 0.02225000038743019 0.04852256923913956 0.011899999342858791
v 0.02225000038743019 0.04852256923913956 0.011899999342858791
v 0.024945665150880814 0.04852256923913956 0.011899999342858791
v 0.024945665150880814 0.04874872416257858 0.011583839543163776
v 0.02225000038743019 0.04852256923913956 0.011899999342858791
v 0.024945665150880814 0.04874872416257858 0.011583839543163776
v 0.02225000038743019 0.04925461858510971 0.011167948134243488
v 0.024945665150880814 0.04874872416257858 0.011583839543163776
v 0.024945665150880814 0.04925461858510971 0.011167948134243488
v 0.02225000038743019 0.04925461858510971 0.011167948134243488
v 0.02225000038743019 0.04925461858510971 0.011167948134243488
v 0.024945665150880814 0.04925461858510971 0.011167948134243488
v 0.024945665150880814 0.049557968974113464 0.011025252752006054
v 0.02225000038743019 0.04925461858510971 0.011167948134243488
v 0.024945665150880814 0.049557968974113464 0.011025252752006054
v 0.02225000038743019 0.05025462061166763 0.010899999178946018
v 0.02225000038743019 0.05025462061166763 0.010899999178946018
v 0.024945665150880814 0.049557968974113464 0.011025252752006054
v 0.024945665150880814 0.05025462061166763 0.010899999178946018
v 0.02225000038743019 0.05025462061166763 0.010899999178946018
v 0.024945665150880814 0.05025462061166763 0.010899999178946018
v 0.024945665150880814 0.05053561180830002 0.010919836349785328
v 0.02225000038743019 0.08811498433351517 -0.023656457662582397
v 0.024250000715255737 0.08811498433351517 -0.023656457662582397
v 0.02225000038743019 0.08357857167720795 -0.026923097670078278
v 0.024250000715255737 0.08261773735284805 -0.027614986523985863
v -0.024249998852610588 0.08357857167720795 -0.026923097670078278
v -0.024249998852610588 0.08261773735284805 -0.027614986523985863
v -0.02525000087916851 0.07559017091989517 -0.029500000178813934
v -0.02525000087916851 0.08261773735284805 -0.029500000178813934
v 0.02225000038743019 0.07559017091989517 -0.029500000178813934
v 0.02525000087916851 0.08261773735284805 -0.029500000178813934
v 0.02225000038743019 0.06440982967615128 -0.029500000178813934
v 0.02525000087916851 0.07000000029802322 -0.029500000178813934
v 0.02525000087916851 0.051249999552965164 -0.029500000178813934
v -0.02525000087916851 0.06440982967615128 -0.029500000178813934
v 0.02525000087916851 0.044773004949092865 -0.029500000178813934
v -0.02525000087916851 -2.9802671441814255e-10 -0.029500000178813934
v 0.02525000087916851 -2.9802671441814255e-10 -0.029500000178813934
v -0.02461692877113819 -0.005618654657155275 -0.029500000178813934
v -8.791704586563753e-10 -0.02525000274181366 -0.029500000178813934
v -0.005618653260171413 -0.024616926908493042 -0.029500000178813934
v -0.010955563746392727 -0.022749461233615875 -0.029500000178813934
v -0.015743115916848183 -0.019741244614124298 -0.029500000178813934
v 0.02461693063378334 -0.005618654657155275 -0.029500000178813934
v 0.022749463096261024 -0.010955564677715302 -0.029500000178813934
v 0.019741244614124298 -0.015743114054203033 -0.029500000178813934
v 0.015743117779493332 -0.019741244614124298 -0.029500000178813934
v 0.010955564677715302 -0.022749461233615875 -0.029500000178813934
v 0.005618653260171413 -0.024616926908493042 -0.029500000178813934
v -0.01974124275147915 -0.015743114054203033 -0.029500000178813934
v -0.022749463096261024 -0.010955564677715302 -0.029500000178813934
v -0.01803828589618206 0.008638300001621246 -0.02250000089406967
v -0.02525000087916851 0.028999999165534973 -0.02250000089406967
v -0.019318433478474617 0.005176692735403776 -0.02250000089406967
v -0.02525000087916851 -2.9802671441814255e-10 -0.02250000089406967
v -0.019940713420510292 0.0015387978637591004 -0.02250000089406967
v -0.016143864020705223 0.011805742979049683 -0.02250000089406967
v -0.013699687086045742 0.014571156352758408 -0.02250000089406967
v -0.024249998852610588 0.028999999165534973 -0.02250000089406967
v -0.010788979940116405 0.016840364784002304 -0.02250000089406967
v -0.007510869763791561 0.018536094576120377 -0.02250000089406967
v -0.010955563746392727 -0.022749461233615875 -0.02250000089406967
v -0.010265815071761608 -0.01716429740190506 -0.02250000089406967
v -0.015743115916848183 -0.019741244614124298 -0.02250000089406967
v -0.013244952075183392 -0.014985702931880951 -0.02250000089406967
v -0.01974124275147915 -0.015743114054203033 -0.02250000089406967
v -0.015773044899106026 -0.012296788394451141 -0.02250000089406967
v -0.022749463096261024 -0.010955564677715302 -0.02250000089406967
v -0.017764007672667503 -0.009189121425151825 -0.02250000089406967
v -0.02461692877113819 -0.005618654657155275 -0.02250000089406967
v -0.019150039181113243 -0.005768530536442995 -0.02250000089406967
v -0.019883939996361732 -0.0021515043918043375 -0.02250000089406967
v -0.003976983018219471 0.019600603729486465 -0.02250000089406967
v -0.00030766514828428626 0.01999763399362564 -0.02250000089406967
v 0.024250000715255737 0.028999999165534973 -0.02250000089406967
v -8.791704586563753e-10 0.019999999552965164 -0.02250000089406967
v 0.0033721281215548515 0.019713670015335083 -0.02250000089406967
v 0.015773046761751175 0.012296788394451141 -0.02250000089406967
v 0.017764009535312653 0.009189125150442123 -0.02250000089406967
v 0.02525000087916851 0.028999999165534973 -0.02250000089406967
v 0.019150039181113243 0.0057685296051204205 -0.02250000089406967
v 0.02525000087916851 -2.9802671441814255e-10 -0.02250000089406967
v 0.019883939996361732 0.00215150392614305 -0.02250000089406967
v 0.01994071528315544 -0.0015387985622510314 -0.02250000089406967
v 0.02461693063378334 -0.005618654657155275 -0.02250000089406967
v 0.019318433478474617 -0.005176693666726351 -0.02250000089406967
v 0.022749463096261024 -0.010955564677715302 -0.02250000089406967
v 0.01803828589618206 -0.008638300001621246 -0.02250000089406967
v 0.019741244614124298 -0.015743114054203033 -0.02250000089406967
v 0.016143865883350372 -0.011805742979049683 -0.02250000089406967
v 0.015743117779493332 -0.019741244614124298 -0.02250000089406967
v 0.013699686154723167 -0.014571152627468109 -0.02250000089406967
v 0.010788979940116405 -0.016840368509292603 -0.02250000089406967
v 0.010955564677715302 -0.022749461233615875 -0.02250000089406967
v 0.007510867901146412 -0.018536098301410675 -0.02250000089406967
v 0.005618653260171413 -0.024616926908493042 -0.02250000089406967
v 0.003976983018219471 -0.019600600004196167 -0.02250000089406967
v -8.791704586563753e-10 -0.02525000274181366 -0.02250000089406967
v 0.0069370875135064125 0.0187583789229393 -0.02250000089406967
v 0.010265814140439034 0.01716429740190506 -0.02250000089406967
v 0.013244950212538242 0.014985702931880951 -0.02250000089406967
v 0.0003076652646996081 -0.01999763399362564 -0.02250000089406967
v -8.791704586563753e-10 -0.020000003278255463 -0.02250000089406967
v -0.005618653260171413 -0.024616926908493042 -0.02250000089406967
v -0.0033721281215548515 -0.019713670015335083 -0.02250000089406967
v -0.006937089376151562 -0.0187583789229393 -0.02250000089406967
v 0.024250000715255737 0.039000000804662704 -0.01250000111758709
v -0.024249998852610588 0.039000000804662704 -0.01250000111758709
v 0.024250000715255737 0.03885870799422264 -0.014175062999129295
v -0.024249998852610588 0.03885870799422264 -0.014175062999129295
v 0.024250000715255737 0.03885870799422264 -0.014175062999129295
v -0.024249998852610588 0.03885870799422264 -0.014175062999129295
v 0.024250000715255737 0.03851056471467018 -0.01559017039835453
v -0.024249998852610588 0.03851056471467018 -0.01559017039835453
v 0.024250000715255737 0.03851056471467018 -0.01559017039835453
v -0.024249998852610588 0.03851056471467018 -0.01559017039835453
v 0.024250000715255737 0.0381506010890007 -0.016533171758055687
v -0.024249998852610588 0.0381506010890007 -0.016533171758055687
v 0.024250000715255737 0.0381506010890007 -0.016533171758055687
v -0.024249998852610588 0.0381506010890007 -0.016533171758055687
v 0.024250000715255737 0.03688777610659599 -0.018646785989403725
v -0.024249998852610588 0.0381506010890007 -0.016533171758055687
v -0.024249998852610588 0.03709017112851143 -0.01837785355746746
v 0.024250000715255737 0.03688777610659599 -0.018646785989403725
v 0.024250000715255737 0.03688777610659599 -0.018646785989403725
v -0.024249998852610588 0.03709017112851143 -0.01837785355746746
v -0.024249998852610588 0.03688777610659599 -0.018646785989403725
v 0.024250000715255737 0.03688777610659599 -0.018646785989403725
v -0.024249998852610588 0.03688777610659599 -0.018646785989403725
v 0.024250000715255737 0.03514678776264191 -0.02038777805864811
v -0.024249998852610588 0.03514678776264191 -0.02038777805864811
v 0.024250000715255737 0.03514678776264191 -0.02038777805864811
v -0.024249998852610588 0.03514678776264191 -0.02038777805864811
v 0.024250000715255737 0.034877851605415344 -0.020590171217918396
v -0.024249998852610588 0.034877851605415344 -0.020590171217918396
v 0.024250000715255737 0.034877851605415344 -0.020590171217918396
v -0.024249998852610588 0.034877851605415344 -0.020590171217918396
v 0.024250000715255737 0.03303317353129387 -0.02165060304105282
v -0.024249998852610588 0.03303317353129387 -0.02165060304105282
v 0.024250000715255737 0.03303317353129387 -0.02165060304105282
v -0.024249998852610588 0.03303317353129387 -0.02165060304105282
v 0.024250000715255737 0.032090168446302414 -0.022010566666722298
v -0.024249998852610588 0.032090168446302414 -0.022010566666722298
v 0.024250000715255737 0.032090168446302414 -0.022010566666722298
v -0.024249998852610588 0.032090168446302414 -0.022010566666722298
v 0.024250000715255737 0.03067506104707718 -0.022358709946274757
v -0.024249998852610588 0.03067506104707718 -0.022358709946274757
v 0.024250000715255737 0.03067506104707718 -0.022358709946274757
v -0.024249998852610588 0.03067506104707718 -0.022358709946274757
v 0.024250000715255737 0.028999999165534973 -0.02250000089406967
v -0.024249998852610588 0.028999999165534973 -0.02250000089406967
v -0.021250000223517418 0.039000000804662704 -0.007500000763684511
v -0.024249998852610588 0.039000000804662704 -0.007500000763684511
v -0.024249998852610588 0.039000000804662704 -0.01250000111758709
v -0.017293432727456093 0.039000000804662704 -0.004090170841664076
v 0.024250000715255737 0.039000000804662704 -0.01250000111758709
v 0.02225000038743019 0.039000000804662704 -0.004090171307325363
v 0.024250000715255737 0.039000000804662704 0.0014999988488852978
v 0.02225000038743019 0.039000000804662704 0.0014999988488852978
v -0.017668576911091805 0.039000000804662704 -0.005281411111354828
v -0.018625622615218163 0.039000000804662704 -0.00651871832087636
v -0.019984012469649315 0.039000000804662704 -0.007294375915080309
v -0.0033721281215548515 -0.019713670015335083 -0.02250000089406967
v -8.791704586563753e-10 -0.020000003278255463 -0.02250000089406967
v 0.000302341824863106 -0.01965155452489853 -0.02243819274008274
v -0.0003023417084477842 0.019651558250188828 -0.02243819274008274
v -0.003976983018219471 0.019600603729486465 -0.02250000089406967
v -0.003908158279955387 0.019261397421360016 -0.02243819274008274
v -0.003908158279955387 0.019261397421360016 -0.02243819274008274
v -0.003976983018219471 0.019600603729486465 -0.02250000089406967
v -0.007510869763791561 0.018536094576120377 -0.02250000089406967
v -0.007380886934697628 0.01821531355381012 -0.02243819274008274
v -0.007380886934697628 0.01821531355381012 -0.02243819274008274
v -0.007510869763791561 0.018536094576120377 -0.02250000089406967
v -0.010788979940116405 0.016840364784002304 -0.02250000089406967
v -0.010602268390357494 0.01654892787337303 -0.02243819274008274
v -0.010602268390357494 0.01654892787337303 -0.02243819274008274
v -0.010788979940116405 0.016840364784002304 -0.02250000089406967
v -0.013699687086045742 0.014571156352758408 -0.02250000089406967
v -0.013462602160871029 0.01431899145245552 -0.02243819274008274
v -0.013462602160871029 0.01431899145245552 -0.02243819274008274
v -0.013699687086045742 0.014571156352758408 -0.02250000089406967
v -0.016143864020705223 0.011805742979049683 -0.02250000089406967
v -0.015864482149481773 0.011601436883211136 -0.02243819274008274
v -0.015864482149481773 0.011601436883211136 -0.02243819274008274
v -0.016143864020705223 0.011805742979049683 -0.02250000089406967
v -0.01803828589618206 0.008638300001621246 -0.02250000089406967
v -0.017726117745041847 0.008488807827234268 -0.02243819274008274
v -0.017726117745041847 0.008488807827234268 -0.02243819274008274
v -0.01803828589618206 0.008638300001621246 -0.02250000089406967
v -0.019318433478474617 0.005176692735403776 -0.02250000089406967
v -0.01898411102592945 0.005087106954306364 -0.02243819274008274
v -0.01898411102592945 0.005087106954306364 -0.02243819274008274
v -0.019318433478474617 0.005176692735403776 -0.02250000089406967
v -0.019940713420510292 0.0015387978637591004 -0.02250000089406967
v -0.019595621153712273 0.0015121620381250978 -0.02243819274008274
v -0.019595621153712273 0.0015121620381250978 -0.02243819274008274
v -0.019940713420510292 0.0015387978637591004 -0.02250000089406967
v -0.019883939996361732 -0.0021515043918043375 -0.02250000089406967
v -0.019539831206202507 -0.002114266389980912 -0.02243819274008274
v -0.019539831206202507 -0.002114266389980912 -0.02243819274008274
v -0.019883939996361732 -0.0021515043918043375 -0.02250000089406967
v -0.019150039181113243 -0.005768530536442995 -0.02250000089406967
v -0.018818629905581474 -0.00566870765760541 -0.02243819274008274
v -0.018818629905581474 -0.00566870765760541 -0.02243819274008274
v -0.019150039181113243 -0.005768530536442995 -0.02250000089406967
v -0.017764007672667503 -0.009189121425151825 -0.02250000089406967
v -0.01745658554136753 -0.009030096232891083 -0.02243819274008274
v -0.01745658554136753 -0.009030096232891083 -0.02243819274008274
v -0.017764007672667503 -0.009189121425151825 -0.02250000089406967
v -0.015773044899106026 -0.012296788394451141 -0.02250000089406967
v -0.015500078909099102 -0.012083984911441803 -0.02243819274008274
v -0.015500078909099102 -0.012083984911441803 -0.02243819274008274
v -0.015773044899106026 -0.012296788394451141 -0.02250000089406967
v -0.013244952075183392 -0.014985702931880951 -0.02250000089406967
v -0.01301573496311903 -0.014726363122463226 -0.02243819274008274
v -0.01301573496311903 -0.014726363122463226 -0.02243819274008274
v -0.013244952075183392 -0.014985702931880951 -0.02250000089406967
v -0.010265815071761608 -0.01716429740190506 -0.02250000089406967
v -0.01008815597742796 -0.016867250204086304 -0.02243819274008274
v -0.01008815597742796 -0.016867250204086304 -0.02243819274008274
v -0.010265815071761608 -0.01716429740190506 -0.02250000089406967
v -0.006937089376151562 -0.0187583789229393 -0.02250000089406967
v -0.00681703444570303 -0.018433749675750732 -0.02243819274008274
v -0.00681703444570303 -0.018433749675750732 -0.02243819274008274
v -0.006937089376151562 -0.0187583789229393 -0.02250000089406967
v -0.0033721281215548515 -0.019713670015335083 -0.02250000089406967
v -0.0033137714490294456 -0.01937250792980194 -0.02243819274008274
v -0.0033137714490294456 -0.01937250792980194 -0.02243819274008274
v -0.0033721281215548515 -0.019713670015335083 -0.02250000089406967
v 0.000302341824863106 -0.01965155452489853 -0.02243819274008274
v 0.0033721281215548515 0.019713670015335083 -0.02250000089406967
v -8.791704586563753e-10 0.019999999552965164 -0.02250000089406967
v -0.0003023417084477842 0.019651558250188828 -0.02243819274008274
v -0.0003023417084477842 0.019651558250188828 -0.02243819274008274
v -8.791704586563753e-10 0.019999999552965164 -0.02250000089406967
v -0.00030766514828428626 0.01999763399362564 -0.02250000089406967
v -0.00030766514828428626 0.01999763399362564 -0.02250000089406967
v -8.791704586563753e-10 -0.020000003278255463 -0.02250000089406967
v 0.0003076652646996081 -0.01999763399362564 -0.02250000089406967
v 0.000302341824863106 -0.01965155452489853 -0.02243819274008274
v 0.000302341824863106 -0.01965155452489853 -0.02243819274008274
v 0.0003076652646996081 -0.01999763399362564 -0.02250000089406967
v 0.003976983018219471 -0.019600600004196167 -0.02250000089406967
v 0.003908158279955387 -0.019261397421360016 -0.02243819274008274
v 0.003908158279955387 -0.019261397421360016 -0.02243819274008274
v 0.003976983018219471 -0.019600600004196167 -0.02250000089406967
v 0.007510867901146412 -0.018536098301410675 -0.02250000089406967
v 0.007380886934697628 -0.01821531355381012 -0.02243819274008274
v 0.007380886934697628 -0.01821531355381012 -0.02243819274008274
v 0.007510867901146412 -0.018536098301410675 -0.02250000089406967
v 0.010788979940116405 -0.016840368509292603 -0.02250000089406967
v 0.01060226745903492 -0.01654893159866333 -0.02243819274008274
v 0.01060226745903492 -0.01654893159866333 -0.02243819274008274
v 0.010788979940116405 -0.016840368509292603 -0.02250000089406967
v 0.013699686154723167 -0.014571152627468109 -0.02250000089406967
v 0.013462601229548454 -0.014318987727165222 -0.02243819274008274
v 0.013462601229548454 -0.014318987727165222 -0.02243819274008274
v 0.013699686154723167 -0.014571152627468109 -0.02250000089406967
v 0.016143865883350372 -0.011805742979049683 -0.02250000089406967
v 0.015864484012126923 -0.011601433157920837 -0.02243819274008274
v 0.015864484012126923 -0.011601433157920837 -0.02243819274008274
v 0.016143865883350372 -0.011805742979049683 -0.02250000089406967
v 0.01803828589618206 -0.008638300001621246 -0.02250000089406967
v 0.017726117745041847 -0.00848880410194397 -0.02243819274008274
v 0.017726117745041847 -0.00848880410194397 -0.02243819274008274
v 0.01803828589618206 -0.008638300001621246 -0.02250000089406967
v 0.019318433478474617 -0.005176693666726351 -0.02250000089406967
v 0.01898411102592945 -0.005087107885628939 -0.02243819274008274
v 0.01898411102592945 -0.005087107885628939 -0.02243819274008274
v 0.019318433478474617 -0.005176693666726351 -0.02250000089406967
v 0.01994071528315544 -0.0015387985622510314 -0.02250000089406967
v 0.01959562487900257 -0.0015121627366170287 -0.02243819274008274
v 0.01959562487900257 -0.0015121627366170287 -0.02243819274008274
v 0.01994071528315544 -0.0015387985622510314 -0.02250000089406967
v 0.019883939996361732 0.00215150392614305 -0.02250000089406967
v 0.019539831206202507 0.002114265924319625 -0.02243819274008274
v 0.019539831206202507 0.002114265924319625 -0.02243819274008274
v 0.019883939996361732 0.00215150392614305 -0.02250000089406967
v 0.019150039181113243 0.0057685296051204205 -0.02250000089406967
v 0.018818631768226624 0.005668706726282835 -0.02243819274008274
v 0.018818631768226624 0.005668706726282835 -0.02243819274008274
v 0.019150039181113243 0.0057685296051204205 -0.02250000089406967
v 0.017764009535312653 0.009189125150442123 -0.02250000089406967
v 0.01745658740401268 0.009030099958181381 -0.02243819274008274
v 0.01745658740401268 0.009030099958181381 -0.02243819274008274
v 0.017764009535312653 0.009189125150442123 -0.02250000089406967
v 0.015773046761751175 0.012296788394451141 -0.02250000089406967
v 0.015500079840421677 0.012083984911441803 -0.02243819274008274
v 0.015500079840421677 0.012083984911441803 -0.02243819274008274
v 0.015773046761751175 0.012296788394451141 -0.02250000089406967
v 0.013244950212538242 0.014985702931880951 -0.02250000089406967
v 0.01301573496311903 0.014726363122463226 -0.02243819274008274
v 0.01301573496311903 0.014726363122463226 -0.02243819274008274
v 0.013244950212538242 0.014985702931880951 -0.02250000089406967
v 0.010265814140439034 0.01716429740190506 -0.02250000089406967
v 0.01008815597742796 0.016867253929376602 -0.02243819274008274
v 0.01008815597742796 0.016867253929376602 -0.02243819274008274
v 0.010265814140439034 0.01716429740190506 -0.02250000089406967
v 0.0069370875135064125 0.0187583789229393 -0.02250000089406967
v 0.006817036308348179 0.018433749675750732 -0.02243819274008274
v 0.006817036308348179 0.018433749675750732 -0.02243819274008274
v 0.0069370875135064125 0.0187583789229393 -0.02250000089406967
v 0.0033721281215548515 0.019713670015335083 -0.02250000089406967
v 0.0033137695863842964 0.01937250792980194 -0.02243819274008274
v 0.0033137695863842964 0.01937250792980194 -0.02243819274008274
v 0.0033721281215548515 0.019713670015335083 -0.02250000089406967
v -0.0003023417084477842 0.019651558250188828 -0.02243819274008274
v 0.0051261382177472115 -0.01829542964696884 -0.0215000007301569
v 0.003790424205362797 -0.018681146204471588 -0.021846117451786995
v 0.007158537395298481 -0.01766657829284668 -0.021846117451786995
v 0.013057040050625801 -0.01388762891292572 -0.021846117451786995
v 0.010249530896544456 -0.015998348593711853 -0.0215000007301569
v 0.01028287410736084 -0.016050390899181366 -0.021846117451786995
v 0.01028287410736084 -0.016050390899181366 -0.021846117451786995
v 0.010249530896544456 -0.015998348593711853 -0.0215000007301569
v 0.009872094728052616 -0.016233965754508972 -0.0215000007301569
v 0.01028287410736084 -0.016050390899181366 -0.021846117451786995
v 0.009872094728052616 -0.016233965754508972 -0.0215000007301569
v 0.007158537395298481 -0.01766657829284668 -0.021846117451786995
v 0.007158537395298481 -0.01766657829284668 -0.021846117451786995
v 0.009872094728052616 -0.016233965754508972 -0.0215000007301569
v 0.007135325111448765 -0.017609290778636932 -0.0215000007301569
v 0.007158537395298481 -0.01766657829284668 -0.021846117451786995
v 0.007135325111448765 -0.017609290778636932 -0.0215000007301569
v 0.0051261382177472115 -0.01829542964696884 -0.0215000007301569
v 0.015386564657092094 -0.011251941323280334 -0.021846117451786995
v 0.01388588361442089 -0.012968510389328003 -0.0215000007301569
v 0.013057040050625801 -0.01388762891292572 -0.021846117451786995
v 0.013057040050625801 -0.01388762891292572 -0.021846117451786995
v 0.01388588361442089 -0.012968510389328003 -0.0215000007301569
v 0.013014702126383781 -0.013842597603797913 -0.0215000007301569
v 0.013014702126383781 -0.013842597603797913 -0.0215000007301569
v 0.018412213772535324 -0.0049338568933308125 -0.021846117451786995
v 0.01713637262582779 -0.008206382393836975 -0.0215000007301569
v 0.017192117869853973 -0.00823308527469635 -0.021846117451786995
v 0.017192117869853973 -0.00823308527469635 -0.021846117451786995
v 0.01713637262582779 -0.008206382393836975 -0.0215000007301569
v 0.016869818791747093 -0.008741237223148346 -0.0215000007301569
v 0.017192117869853973 -0.00823308527469635 -0.021846117451786995
v 0.016869818791747093 -0.008741237223148346 -0.0215000007301569
v 0.015386564657092094 -0.011251941323280334 -0.021846117451786995
v 0.015386564657092094 -0.011251941323280334 -0.021846117451786995
v 0.016869818791747093 -0.008741237223148346 -0.0215000007301569
v 0.015336672775447369 -0.011215455830097198 -0.0215000007301569
v 0.015386564657092094 -0.011251941323280334 -0.021846117451786995
v 0.015336672775447369 -0.011215455830097198 -0.0215000007301569
v 0.01388588361442089 -0.012968510389328003 -0.0215000007301569
v 0.0190053042024374 -0.0014666098868474364 -0.021846117451786995
v 0.01860259845852852 -0.0038656669203191996 -0.0215000007301569
v 0.018412213772535324 -0.0049338568933308125 -0.021846117451786995
v 0.018412213772535324 -0.0049338568933308125 -0.021846117451786995
v 0.01860259845852852 -0.0038656669203191996 -0.0215000007301569
v 0.018352512270212173 -0.00491785304620862 -0.0215000007301569
v 0.018352512270212173 -0.00491785304620862 -0.0215000007301569
v 0.017902957275509834 0.006362713407725096 -0.0215000007301569
v 0.018192537128925323 0.005480102729052305 -0.0215000007301569
v 0.018251720815896988 0.005497931968420744 -0.021846117451786995
v 0.018251720815896988 0.005497931968420744 -0.021846117451786995
v 0.018192537128925323 0.005480102729052305 -0.0215000007301569
v 0.018889741972088814 0.002043924992904067 -0.0215000007301569
v 0.018951192498207092 0.00205057836137712 -0.021846117451786995
v 0.018951192498207092 0.00205057836137712 -0.021846117451786995
v 0.018889741972088814 0.002043924992904067 -0.0215000007301569
v 0.018955707550048828 0.0012966092908754945 -0.0215000007301569
v 0.018951192498207092 0.00205057836137712 -0.021846117451786995
v 0.018955707550048828 0.0012966092908754945 -0.0215000007301569
v 0.0190053042024374 -0.0014666098868474364 -0.021846117451786995
v 0.0190053042024374 -0.0014666098868474364 -0.021846117451786995
v 0.018955707550048828 0.0012966092908754945 -0.0215000007301569
v 0.018943678587675095 -0.001461856416426599 -0.0215000007301569
v 0.0190053042024374 -0.0014666098868474364 -0.021846117451786995
v 0.018943678587675095 -0.001461856416426599 -0.0215000007301569
v 0.01860259845852852 -0.0038656669203191996 -0.0215000007301569
v 0.017902957275509834 0.006362713407725096 -0.0215000007301569
v 0.018251720815896988 0.005497931968420744 -0.021846117451786995
v 0.01687580905854702 0.008729666471481323 -0.0215000007301569
v 0.01687580905854702 0.008729666471481323 -0.0215000007301569
v 0.018251720815896988 0.005497931968420744 -0.021846117451786995
v 0.016930706799030304 0.008758064359426498 -0.021846117451786995
v 0.01687580905854702 0.008729666471481323 -0.0215000007301569
v 0.016930706799030304 0.008758064359426498 -0.021846117451786995
v 0.01552242785692215 0.010956928133964539 -0.0215000007301569
v 0.01552242785692215 0.010956928133964539 -0.0215000007301569
v 0.016930706799030304 0.008758064359426498 -0.021846117451786995
v 0.015033138915896416 0.011719953268766403 -0.021846117451786995
v 0.01552242785692215 0.010956928133964539 -0.0215000007301569
v 0.015033138915896416 0.011719953268766403 -0.021846117451786995
v 0.014984393492341042 0.011681951582431793 -0.0215000007301569
v 0.014984393492341042 0.011681951582431793 -0.0215000007301569
v 0.015033138915896416 0.011719953268766403 -0.021846117451786995
v 0.012623636052012444 0.014282729476690292 -0.021846117451786995
v 0.012582702562212944 0.014236416667699814 -0.0215000007301569
v 0.002587166614830494 0.018823035061359406 -0.0215000007301569
v 0.0032035214826464653 0.01872798427939415 -0.0215000007301569
v 0.0032139429822564125 0.018788911402225494 -0.021846117451786995
v 0.0032139429822564125 0.018788911402225494 -0.021846117451786995
v 0.0032035214826464653 0.01872798427939415 -0.0215000007301569
v 0.006590233184397221 0.017820462584495544 -0.0215000007301569
v 0.0032139429822564125 0.018788911402225494 -0.021846117451786995
v 0.006590233184397221 0.017820462584495544 -0.0215000007301569
v 0.006611672230064869 0.01787843182682991 -0.021846117451786995
v 0.006611672230064869 0.01787843182682991 -0.021846117451786995
v 0.006590233184397221 0.017820462584495544 -0.0215000007301569
v 0.007569621317088604 0.01742701604962349 -0.0215000007301569
v 0.006611672230064869 0.01787843182682991 -0.021846117451786995
v 0.007569621317088604 0.01742701604962349 -0.0215000007301569
v 0.00978424958884716 0.016359128057956696 -0.021846117451786995
v 0.00978424958884716 0.016359128057956696 -0.021846117451786995
v 0.007569621317088604 0.01742701604962349 -0.0215000007301569
v 0.009752524085342884 0.016306079924106598 -0.0215000007301569
v 0.00978424958884716 0.016359128057956696 -0.021846117451786995
v 0.009752524085342884 0.016306079924106598 -0.0215000007301569
v 0.012623636052012444 0.014282729476690292 -0.021846117451786995
v 0.012623636052012444 0.014282729476690292 -0.021846117451786995
v 0.009752524085342884 0.016306079924106598 -0.0215000007301569
v 0.011990671046078205 0.014738515019416809 -0.0215000007301569
v 0.012623636052012444 0.014282729476690292 -0.021846117451786995
v 0.011990671046078205 0.014738515019416809 -0.0215000007301569
v 0.012582702562212944 0.014236416667699814 -0.0215000007301569
v 0.002587166614830494 0.018823035061359406 -0.0215000007301569
v 0.0032139429822564125 0.018788911402225494 -0.021846117451786995
v -0.000292283424641937 0.01899775117635727 -0.0215000007301569
v -0.000292283424641937 0.01899775117635727 -0.0215000007301569
v 0.0032139429822564125 0.018788911402225494 -0.021846117451786995
v -0.0002932333736680448 0.019059553742408752 -0.021846117451786995
v -0.000292283424641937 0.01899775117635727 -0.0215000007301569
v -0.0002932333736680448 0.019059553742408752 -0.021846117451786995
v -0.002587166614830494 0.018823035061359406 -0.0215000007301569
v -0.002587166614830494 0.018823035061359406 -0.0215000007301569
v -0.0002932333736680448 0.019059553742408752 -0.021846117451786995
v -0.003790424205362797 0.018681146204471588 -0.021846117451786995
v -0.002587166614830494 0.018823035061359406 -0.0215000007301569
v -0.003790424205362797 0.018681146204471588 -0.021846117451786995
v -0.003778134472668171 0.018620572984218597 -0.0215000007301569
v -0.003778134472668171 0.018620572984218597 -0.0215000007301569
v -0.003790424205362797 0.018681146204471588 -0.021846117451786995
v -0.007158535532653332 0.01766657456755638 -0.021846117451786995
v -0.007135323248803616 0.017609290778636932 -0.0215000007301569
v -0.015522426925599575 0.010956928133964539 -0.0215000007301569
v -0.015336672775447369 0.011215455830097198 -0.0215000007301569
v -0.015386565588414669 0.011251941323280334 -0.021846117451786995
v -0.015386565588414669 0.011251941323280334 -0.021846117451786995
v -0.015336672775447369 0.011215455830097198 -0.0215000007301569
v -0.013014703057706356 0.013842597603797913 -0.0215000007301569
v -0.013057040981948376 0.01388762891292572 -0.021846117451786995
v -0.013057040981948376 0.01388762891292572 -0.021846117451786995
v -0.013014703057706356 0.013842597603797913 -0.0215000007301569
v -0.011990669183433056 0.014738515019416809 -0.0215000007301569
v -0.013057040981948376 0.01388762891292572 -0.021846117451786995
v -0.011990669183433056 0.014738515019416809 -0.0215000007301569
v -0.010282873176038265 0.016050390899181366 -0.021846117451786995
v -0.010282873176038265 0.016050390899181366 -0.021846117451786995
v -0.011990669183433056 0.014738515019416809 -0.0215000007301569
v -0.010249531827867031 0.015998348593711853 -0.0215000007301569
v -0.010282873176038265 0.016050390899181366 -0.021846117451786995
v -0.010249531827867031 0.015998348593711853 -0.0215000007301569
v -0.007158535532653332 0.01766657456755638 -0.021846117451786995
v -0.007158535532653332 0.01766657456755638 -0.021846117451786995
v -0.010249531827867031 0.015998348593711853 -0.0215000007301569
v -0.007569621317088604 0.01742701604962349 -0.0215000007301569
v -0.007158535532653332 0.01766657456755638 -0.021846117451786995
v -0.007569621317088604 0.01742701604962349 -0.0215000007301569
v -0.007135323248803616 0.017609290778636932 -0.0215000007301569
v -0.015522426925599575 0.010956928133964539 -0.0215000007301569
v -0.015386565588414669 0.011251941323280334 -0.021846117451786995
v -0.01713637076318264 0.008206386119127274 -0.0215000007301569
v -0.01713637076318264 0.008206386119127274 -0.0215000007301569
v -0.015386565588414669 0.011251941323280334 -0.021846117451786995
v -0.017192116007208824 0.008233081549406052 -0.021846117451786995
v -0.01713637076318264 0.008206386119127274 -0.0215000007301569
v -0.017192116007208824 0.008233081549406052 -0.021846117451786995
v -0.017902957275509834 0.006362713407725096 -0.0215000007301569
v -0.017902957275509834 0.006362713407725096 -0.0215000007301569
v -0.017192116007208824 0.008233081549406052 -0.021846117451786995
v -0.018412211909890175 0.004933855962008238 -0.021846117451786995
v -0.017902957275509834 0.006362713407725096 -0.0215000007301569
v -0.018412211909890175 0.004933855962008238 -0.021846117451786995
v -0.018352510407567024 0.004917859565466642 -0.0215000007301569
v -0.018352510407567024 0.004917859565466642 -0.0215000007301569
v -0.018412211909890175 0.004933855962008238 -0.021846117451786995
v -0.0190053042024374 0.0014666091883555055 -0.021846117451786995
v -0.018943676725029945 0.001461855717934668 -0.0215000007301569
v -0.01503313984721899 -0.011719949543476105 -0.021846117451786995
v -0.01687580905854702 -0.008729666471481323 -0.0215000007301569
v -0.016930704936385155 -0.008758068084716797 -0.021846117451786995
v -0.016930704936385155 -0.008758068084716797 -0.021846117451786995
v -0.01687580905854702 -0.008729666471481323 -0.0215000007301569
v -0.018192535266280174 -0.00548010366037488 -0.0215000007301569
v -0.016930704936385155 -0.008758068084716797 -0.021846117451786995
v -0.018192535266280174 -0.00548010366037488 -0.0215000007301569
v -0.01825171895325184 -0.0054979328997433186 -0.021846117451786995
v -0.01825171895325184 -0.0054979328997433186 -0.021846117451786995
v -0.018192535266280174 -0.00548010366037488 -0.0215000007301569
v -0.01860259659588337 -0.0038656669203191996 -0.0215000007301569
v -0.01825171895325184 -0.0054979328997433186 -0.021846117451786995
v -0.01860259659588337 -0.0038656669203191996 -0.0215000007301569
v -0.018951190635561943 -0.0020505788270384073 -0.021846117451786995
v -0.018951190635561943 -0.0020505788270384073 -0.021846117451786995
v -0.01860259659588337 -0.0038656669203191996 -0.0215000007301569
v -0.018889741972088814 -0.0020439254585653543 -0.0215000007301569
v -0.018951190635561943 -0.0020505788270384073 -0.021846117451786995
v -0.018889741972088814 -0.0020439254585653543 -0.0215000007301569
v -0.0190053042024374 0.0014666091883555055 -0.021846117451786995
v -0.0190053042024374 0.0014666091883555055 -0.021846117451786995
v -0.018889741972088814 -0.0020439254585653543 -0.0215000007301569
v -0.01895570568740368 0.0012966092908754945 -0.0215000007301569
v -0.0190053042024374 0.0014666091883555055 -0.021846117451786995
v -0.01895570568740368 0.0012966092908754945 -0.0215000007301569
v -0.018943676725029945 0.001461855717934668 -0.0215000007301569
v -0.012623636983335018 -0.01428273320198059 -0.021846117451786995
v -0.013885884545743465 -0.012968510389328003 -0.0215000007301569
v -0.01503313984721899 -0.011719949543476105 -0.021846117451786995
v -0.01503313984721899 -0.011719949543476105 -0.021846117451786995
v -0.013885884545743465 -0.012968510389328003 -0.0215000007301569
v -0.014984394423663616 -0.011681951582431793 -0.0215000007301569
v -0.014984394423663616 -0.011681951582431793 -0.0215000007301569
v -0.006611674092710018 -0.01787843555212021 -0.021846117451786995
v -0.009752522222697735 -0.016306079924106598 -0.0215000007301569
v -0.009784250520169735 -0.016359128057956696 -0.021846117451786995
v -0.009784250520169735 -0.016359128057956696 -0.021846117451786995
v -0.009752522222697735 -0.016306079924106598 -0.0215000007301569
v -0.009872096590697765 -0.016233965754508972 -0.0215000007301569
v -0.009784250520169735 -0.016359128057956696 -0.021846117451786995
v -0.009872096590697765 -0.016233965754508972 -0.0215000007301569
v -0.012623636983335018 -0.01428273320198059 -0.021846117451786995
v -0.012623636983335018 -0.01428273320198059 -0.021846117451786995
v -0.009872096590697765 -0.016233965754508972 -0.0215000007301569
v -0.012582703493535519 -0.014236420392990112 -0.0215000007301569
v -0.012623636983335018 -0.01428273320198059 -0.021846117451786995
v -0.012582703493535519 -0.014236420392990112 -0.0215000007301569
v -0.013885884545743465 -0.012968510389328003 -0.0215000007301569
v -0.0032139429822564125 -0.018788911402225494 -0.021846117451786995
v -0.0051261382177472115 -0.01829542964696884 -0.0215000007301569
v -0.006611674092710018 -0.01787843555212021 -0.021846117451786995
v -0.006611674092710018 -0.01787843555212021 -0.021846117451786995
v -0.0051261382177472115 -0.01829542964696884 -0.0215000007301569
v -0.00659023504704237 -0.017820462584495544 -0.0215000007301569
v -0.00659023504704237 -0.017820462584495544 -0.0215000007301569
v 0.0051261382177472115 -0.01829542964696884 -0.0215000007301569
v 0.003778134472668171 -0.018620572984218597 -0.0215000007301569
v 0.003790424205362797 -0.018681146204471588 -0.021846117451786995
v 0.003790424205362797 -0.018681146204471588 -0.021846117451786995
v 0.003778134472668171 -0.018620572984218597 -0.0215000007301569
v 0.00029228354105725884 -0.01899775117635727 -0.0215000007301569
v 0.00029323349008336663 -0.019059553742408752 -0.021846117451786995
v 0.00029323349008336663 -0.019059553742408752 -0.021846117451786995
v 0.00029228354105725884 -0.01899775117635727 -0.0215000007301569
v -8.791704586563753e-10 -0.01900000125169754 -0.0215000007301569
v 0.00029323349008336663 -0.019059553742408752 -0.021846117451786995
v -8.791704586563753e-10 -0.01900000125169754 -0.0215000007301569
v -0.0032139429822564125 -0.018788911402225494 -0.021846117451786995
v -0.0032139429822564125 -0.018788911402225494 -0.021846117451786995
v -8.791704586563753e-10 -0.01900000125169754 -0.0215000007301569
v -0.0032035214826464653 -0.018727988004684448 -0.0215000007301569
v -0.0032139429822564125 -0.018788911402225494 -0.021846117451786995
v -0.0032035214826464653 -0.018727988004684448 -0.0215000007301569
v -0.0051261382177472115 -0.01829542964696884 -0.0215000007301569
v 0.003908158279955387 -0.019261397421360016 -0.02243819274008274
v 0.00029678927967324853 -0.019290611147880554 -0.0222071073949337
v 0.000302341824863106 -0.01965155452489853 -0.02243819274008274
v 0.000302341824863106 -0.01965155452489853 -0.02243819274008274
v 0.00029678927967324853 -0.019290611147880554 -0.0222071073949337
v -0.0032529057934880257 -0.019016683101654053 -0.0222071073949337
v -0.0033137714490294456 -0.01937250792980194 -0.02243819274008274
v -0.0033137714490294456 -0.01937250792980194 -0.02243819274008274
v -0.0032529057934880257 -0.019016683101654053 -0.0222071073949337
v -0.006691823713481426 -0.018095172941684723 -0.0222071073949337
v -0.00681703444570303 -0.018433749675750732 -0.02243819274008274
v -0.00681703444570303 -0.018433749675750732 -0.02243819274008274
v -0.006691823713481426 -0.018095172941684723 -0.0222071073949337
v -0.009902863763272762 -0.016557447612285614 -0.0222071073949337
v -0.01008815597742796 -0.016867250204086304 -0.02243819274008274
v -0.01008815597742796 -0.016867250204086304 -0.02243819274008274
v -0.009902863763272762 -0.016557447612285614 -0.0222071073949337
v -0.012776671908795834 -0.014455877244472504 -0.0222071073949337
v -0.01301573496311903 -0.014726363122463226 -0.02243819274008274
v -0.01301573496311903 -0.014726363122463226 -0.02243819274008274
v -0.012776671908795834 -0.014455877244472504 -0.0222071073949337
v -0.015215384773910046 -0.011862032115459442 -0.0222071073949337
v -0.015500078909099102 -0.012083984911441803 -0.02243819274008274
v -0.015500078909099102 -0.012083984911441803 -0.02243819274008274
v -0.015215384773910046 -0.011862032115459442 -0.0222071073949337
v -0.017135953530669212 -0.008864238858222961 -0.0222071073949337
v -0.01745658554136753 -0.009030096232891083 -0.02243819274008274
v -0.01745658554136753 -0.009030096232891083 -0.02243819274008274
v -0.017135953530669212 -0.008864238858222961 -0.0222071073949337
v -0.018472982570528984 -0.005564585793763399 -0.0222071073949337
v -0.018818629905581474 -0.00566870765760541 -0.02243819274008274
v -0.018818629905581474 -0.00566870765760541 -0.02243819274008274
v -0.018472982570528984 -0.005564585793763399 -0.0222071073949337
v -0.019180936738848686 -0.002075433963909745 -0.0222071073949337
v -0.019539831206202507 -0.002114266389980912 -0.02243819274008274
v -0.019539831206202507 -0.002114266389980912 -0.02243819274008274
v -0.019180936738848686 -0.002075433963909745 -0.0222071073949337
v -0.019235702231526375 0.0014843937242403626 -0.0222071073949337
v -0.019595621153712273 0.0015121620381250978 -0.02243819274008274
v -0.019595621153712273 0.0015121620381250978 -0.02243819274008274
v -0.019235702231526375 0.0014843937242403626 -0.0222071073949337
v -0.018635423853993416 0.004993669223040342 -0.0222071073949337
v -0.01898411102592945 0.005087106954306364 -0.02243819274008274
v -0.01898411102592945 0.005087106954306364 -0.02243819274008274
v -0.018635423853993416 0.004993669223040342 -0.0222071073949337
v -0.017400534823536873 0.008332889527082443 -0.0222071073949337
v -0.017726117745041847 0.008488807827234268 -0.02243819274008274
v -0.017726117745041847 0.008488807827234268 -0.02243819274008274
v -0.017400534823536873 0.008332889527082443 -0.0222071073949337
v -0.015573094598948956 0.011388346552848816 -0.0222071073949337
v -0.015864482149481773 0.011601436883211136 -0.02243819274008274
v -0.015864482149481773 0.011601436883211136 -0.02243819274008274
v -0.015573094598948956 0.011388346552848816 -0.0222071073949337
v -0.013215328566730022 0.014055989682674408 -0.0222071073949337
v -0.013462602160871029 0.01431899145245552 -0.02243819274008274
v -0.013462602160871029 0.01431899145245552 -0.02243819274008274
v -0.013215328566730022 0.014055989682674408 -0.0222071073949337
v -0.010407532565295696 0.01624497026205063 -0.0222071073949337
v -0.010602268390357494 0.01654892787337303 -0.02243819274008274
v -0.010602268390357494 0.01654892787337303 -0.02243819274008274
v -0.010407532565295696 0.01624497026205063 -0.0222071073949337
v -0.0072453198954463005 0.017880745232105255 -0.0222071073949337
v -0.007380886934697628 0.01821531355381012 -0.02243819274008274
v -0.007380886934697628 0.01821531355381012 -0.02243819274008274
v -0.0072453198954463005 0.017880745232105255 -0.0222071073949337
v -0.0038363756611943245 0.018907617777585983 -0.0222071073949337
v -0.003908158279955387 0.019261397421360016 -0.02243819274008274
v -0.003908158279955387 0.019261397421360016 -0.02243819274008274
v -0.0038363756611943245 0.018907617777585983 -0.0222071073949337
v -0.0002967891632579267 0.019290611147880554 -0.0222071073949337
v -0.0003023417084477842 0.019651558250188828 -0.02243819274008274
v -0.0003023417084477842 0.019651558250188828 -0.02243819274008274
v -0.0002967891632579267 0.019290611147880554 -0.0222071073949337
v 0.0032529057934880257 0.01901668682694435 -0.0222071073949337
v 0.0033137695863842964 0.01937250792980194 -0.02243819274008274
v 0.0033137695863842964 0.01937250792980194 -0.02243819274008274
v 0.0032529057934880257 0.01901668682694435 -0.0222071073949337
v 0.0066918255761265755 0.018095169216394424 -0.0222071073949337
v 0.006817036308348179 0.018433749675750732 -0.02243819274008274
v 0.006817036308348179 0.018433749675750732 -0.02243819274008274
v 0.0066918255761265755 0.018095169216394424 -0.0222071073949337
v 0.009902862831950188 0.016557447612285614 -0.0222071073949337
v 0.01008815597742796 0.016867253929376602 -0.02243819274008274
v 0.01008815597742796 0.016867253929376602 -0.02243819274008274
v 0.009902862831950188 0.016557447612285614 -0.0222071073949337
v 0.012776670977473259 0.014455877244472504 -0.0222071073949337
v 0.01301573496311903 0.014726363122463226 -0.02243819274008274
v 0.01301573496311903 0.014726363122463226 -0.02243819274008274
v 0.012776670977473259 0.014455877244472504 -0.0222071073949337
v 0.015215384773910046 0.011862032115459442 -0.0222071073949337
v 0.015500079840421677 0.012083984911441803 -0.02243819274008274
v 0.015500079840421677 0.012083984911441803 -0.02243819274008274
v 0.015215384773910046 0.011862032115459442 -0.0222071073949337
v 0.01713595725595951 0.008864238858222961 -0.0222071073949337
v 0.01745658740401268 0.009030099958181381 -0.02243819274008274
v 0.01745658740401268 0.009030099958181381 -0.02243819274008274
v 0.01713595725595951 0.008864238858222961 -0.0222071073949337
v 0.018472984433174133 0.0055645848624408245 -0.0222071073949337
v 0.018818631768226624 0.005668706726282835 -0.02243819274008274
v 0.018818631768226624 0.005668706726282835 -0.02243819274008274
v 0.018472984433174133 0.0055645848624408245 -0.0222071073949337
v 0.019180936738848686 0.002075433498248458 -0.0222071073949337
v 0.019539831206202507 0.002114265924319625 -0.02243819274008274
v 0.019539831206202507 0.002114265924319625 -0.02243819274008274
v 0.019180936738848686 0.002075433498248458 -0.0222071073949337
v 0.019235704094171524 -0.0014843869721516967 -0.0222071073949337
v 0.01959562487900257 -0.0015121627366170287 -0.02243819274008274
v 0.01959562487900257 -0.0015121627366170287 -0.02243819274008274
v 0.019235704094171524 -0.0014843869721516967 -0.0222071073949337
v 0.018635423853993416 -0.004993670154362917 -0.0222071073949337
v 0.01898411102592945 -0.005087107885628939 -0.02243819274008274
v 0.01898411102592945 -0.005087107885628939 -0.02243819274008274
v 0.018635423853993416 -0.004993670154362917 -0.0222071073949337
v 0.017400536686182022 -0.008332893252372742 -0.0222071073949337
v 0.017726117745041847 -0.00848880410194397 -0.02243819274008274
v 0.017726117745041847 -0.00848880410194397 -0.02243819274008274
v 0.017400536686182022 -0.008332893252372742 -0.0222071073949337
v 0.015573094598948956 -0.011388346552848816 -0.0222071073949337
v 0.015864484012126923 -0.011601433157920837 -0.02243819274008274
v 0.015864484012126923 -0.011601433157920837 -0.02243819274008274
v 0.015573094598948956 -0.011388346552848816 -0.0222071073949337
v 0.013215329498052597 -0.014055989682674408 -0.0222071073949337
v 0.013462601229548454 -0.014318987727165222 -0.02243819274008274
v 0.013462601229548454 -0.014318987727165222 -0.02243819274008274
v 0.013215329498052597 -0.014055989682674408 -0.0222071073949337
v 0.010407532565295696 -0.01624497026205063 -0.0222071073949337
v 0.01060226745903492 -0.01654893159866333 -0.02243819274008274
v 0.01060226745903492 -0.01654893159866333 -0.02243819274008274
v 0.010407532565295696 -0.01624497026205063 -0.0222071073949337
v 0.0072453198954463005 -0.017880745232105255 -0.0222071073949337
v 0.007380886934697628 -0.01821531355381012 -0.02243819274008274
v 0.007380886934697628 -0.01821531355381012 -0.02243819274008274
v 0.0072453198954463005 -0.017880745232105255 -0.0222071073949337
v 0.0038363756611943245 -0.018907614052295685 -0.0222071073949337
v 0.003908158279955387 -0.019261397421360016 -0.02243819274008274
v 0.0038363756611943245 -0.018907614052295685 -0.0222071073949337
v 0.0038363756611943245 -0.018907614052295685 -0.0222071073949337
v 0.00029323349008336663 -0.019059553742408752 -0.021846117451786995
v 0.00029678927967324853 -0.019290611147880554 -0.0222071073949337
v 0.00029678927967324853 -0.019290611147880554 -0.0222071073949337
v 0.00029323349008336663 -0.019059553742408752 -0.021846117451786995
v -0.0032139429822564125 -0.018788911402225494 -0.021846117451786995
v -0.0032529057934880257 -0.019016683101654053 -0.0222071073949337
v -0.0032529057934880257 -0.019016683101654053 -0.0222071073949337
v -0.0032139429822564125 -0.018788911402225494 -0.021846117451786995
v -0.006611674092710018 -0.01787843555212021 -0.021846117451786995
v -0.006691823713481426 -0.018095172941684723 -0.0222071073949337
v -0.006691823713481426 -0.018095172941684723 -0.0222071073949337
v -0.006611674092710018 -0.01787843555212021 -0.021846117451786995
v -0.009784250520169735 -0.016359128057956696 -0.021846117451786995
v -0.009902863763272762 -0.016557447612285614 -0.0222071073949337
v -0.009902863763272762 -0.016557447612285614 -0.0222071073949337
v -0.009784250520169735 -0.016359128057956696 -0.021846117451786995
v -0.012623636983335018 -0.01428273320198059 -0.021846117451786995
v -0.012776671908795834 -0.014455877244472504 -0.0222071073949337
v -0.012776671908795834 -0.014455877244472504 -0.0222071073949337
v -0.012623636983335018 -0.01428273320198059 -0.021846117451786995
v -0.01503313984721899 -0.011719949543476105 -0.021846117451786995
v -0.015215384773910046 -0.011862032115459442 -0.0222071073949337
v -0.015215384773910046 -0.011862032115459442 -0.0222071073949337
v -0.01503313984721899 -0.011719949543476105 -0.021846117451786995
v -0.016930704936385155 -0.008758068084716797 -0.021846117451786995
v -0.017135953530669212 -0.008864238858222961 -0.0222071073949337
v -0.017135953530669212 -0.008864238858222961 -0.0222071073949337
v -0.016930704936385155 -0.008758068084716797 -0.021846117451786995
v -0.01825171895325184 -0.0054979328997433186 -0.021846117451786995
v -0.018472982570528984 -0.005564585793763399 -0.0222071073949337
v -0.018472982570528984 -0.005564585793763399 -0.0222071073949337
v -0.01825171895325184 -0.0054979328997433186 -0.021846117451786995
v -0.018951190635561943 -0.0020505788270384073 -0.021846117451786995
v -0.019180936738848686 -0.002075433963909745 -0.0222071073949337
v -0.019180936738848686 -0.002075433963909745 -0.0222071073949337
v -0.018951190635561943 -0.0020505788270384073 -0.021846117451786995
v -0.0190053042024374 0.0014666091883555055 -0.021846117451786995
v -0.019235702231526375 0.0014843937242403626 -0.0222071073949337
v -0.019235702231526375 0.0014843937242403626 -0.0222071073949337
v -0.0190053042024374 0.0014666091883555055 -0.021846117451786995
v -0.018412211909890175 0.004933855962008238 -0.021846117451786995
v -0.018635423853993416 0.004993669223040342 -0.0222071073949337
v -0.018635423853993416 0.004993669223040342 -0.0222071073949337
v -0.018412211909890175 0.004933855962008238 -0.021846117451786995
v -0.017192116007208824 0.008233081549406052 -0.021846117451786995
v -0.017400534823536873 0.008332889527082443 -0.0222071073949337
v -0.017400534823536873 0.008332889527082443 -0.0222071073949337
v -0.017192116007208824 0.008233081549406052 -0.021846117451786995
v -0.015386565588414669 0.011251941323280334 -0.021846117451786995
v -0.015573094598948956 0.011388346552848816 -0.0222071073949337
v -0.015573094598948956 0.011388346552848816 -0.0222071073949337
v -0.015386565588414669 0.011251941323280334 -0.021846117451786995
v -0.013057040981948376 0.01388762891292572 -0.021846117451786995
v -0.013215328566730022 0.014055989682674408 -0.0222071073949337
v -0.013215328566730022 0.014055989682674408 -0.0222071073949337
v -0.013057040981948376 0.01388762891292572 -0.021846117451786995
v -0.010282873176038265 0.016050390899181366 -0.021846117451786995
v -0.010407532565295696 0.01624497026205063 -0.0222071073949337
v -0.010407532565295696 0.01624497026205063 -0.0222071073949337
v -0.010282873176038265 0.016050390899181366 -0.021846117451786995
v -0.007158535532653332 0.01766657456755638 -0.021846117451786995
v -0.0072453198954463005 0.017880745232105255 -0.0222071073949337
v -0.0072453198954463005 0.017880745232105255 -0.0222071073949337
v -0.007158535532653332 0.01766657456755638 -0.021846117451786995
v -0.003790424205362797 0.018681146204471588 -0.021846117451786995
v -0.0038363756611943245 0.018907617777585983 -0.0222071073949337
v -0.0038363756611943245 0.018907617777585983 -0.0222071073949337
v -0.003790424205362797 0.018681146204471588 -0.021846117451786995
v -0.0002932333736680448 0.019059553742408752 -0.021846117451786995
v -0.0002967891632579267 0.019290611147880554 -0.0222071073949337
v -0.0002967891632579267 0.019290611147880554 -0.0222071073949337
v -0.0002932333736680448 0.019059553742408752 -0.021846117451786995
v 0.0032139429822564125 0.018788911402225494 -0.021846117451786995
v 0.0032529057934880257 0.01901668682694435 -0.0222071073949337
v 0.0032529057934880257 0.01901668682694435 -0.0222071073949337
v 0.0032139429822564125 0.018788911402225494 -0.021846117451786995
v 0.006611672230064869 0.01787843182682991 -0.021846117451786995
v 0.0066918255761265755 0.018095169216394424 -0.0222071073949337
v 0.0066918255761265755 0.018095169216394424 -0.0222071073949337
v 0.006611672230064869 0.01787843182682991 -0.021846117451786995
v 0.00978424958884716 0.016359128057956696 -0.021846117451786995
v 0.009902862831950188 0.016557447612285614 -0.0222071073949337
v 0.009902862831950188 0.016557447612285614 -0.0222071073949337
v 0.00978424958884716 0.016359128057956696 -0.021846117451786995
v 0.012623636052012444 0.014282729476690292 -0.021846117451786995
v 0.012776670977473259 0.014455877244472504 -0.0222071073949337
v 0.012776670977473259 0.014455877244472504 -0.0222071073949337
v 0.012623636052012444 0.014282729476690292 -0.021846117451786995
v 0.015033138915896416 0.011719953268766403 -0.021846117451786995
v 0.015215384773910046 0.011862032115459442 -0.0222071073949337
v 0.015215384773910046 0.011862032115459442 -0.0222071073949337
v 0.015033138915896416 0.011719953268766403 -0.021846117451786995
v 0.016930706799030304 0.008758064359426498 -0.021846117451786995
v 0.01713595725595951 0.008864238858222961 -0.0222071073949337
v 0.01713595725595951 0.008864238858222961 -0.0222071073949337
v 0.016930706799030304 0.008758064359426498 -0.021846117451786995
v 0.018251720815896988 0.005497931968420744 -0.021846117451786995
v 0.018472984433174133 0.0055645848624408245 -0.0222071073949337
v 0.018472984433174133 0.0055645848624408245 -0.0222071073949337
v 0.018251720815896988 0.005497931968420744 -0.021846117451786995
v 0.018951192498207092 0.00205057836137712 -0.021846117451786995
v 0.019180936738848686 0.002075433498248458 -0.0222071073949337
v 0.019180936738848686 0.002075433498248458 -0.0222071073949337
v 0.018951192498207092 0.00205057836137712 -0.021846117451786995
v 0.0190053042024374 -0.0014666098868474364 -0.021846117451786995
v 0.019235704094171524 -0.0014843869721516967 -0.0222071073949337
v 0.019235704094171524 -0.0014843869721516967 -0.0222071073949337
v 0.0190053042024374 -0.0014666098868474364 -0.021846117451786995
v 0.018412213772535324 -0.0049338568933308125 -0.021846117451786995
v 0.018635423853993416 -0.004993670154362917 -0.0222071073949337
v 0.018635423853993416 -0.004993670154362917 -0.0222071073949337
v 0.018412213772535324 -0.0049338568933308125 -0.021846117451786995
v 0.017192117869853973 -0.00823308527469635 -0.021846117451786995
v 0.017400536686182022 -0.008332893252372742 -0.0222071073949337
v 0.017400536686182022 -0.008332893252372742 -0.0222071073949337
v 0.017192117869853973 -0.00823308527469635 -0.021846117451786995
v 0.015386564657092094 -0.011251941323280334 -0.021846117451786995
v 0.015573094598948956 -0.011388346552848816 -0.0222071073949337
v 0.015573094598948956 -0.011388346552848816 -0.0222071073949337
v 0.015386564657092094 -0.011251941323280334 -0.021846117451786995
v 0.013057040050625801 -0.01388762891292572 -0.021846117451786995
v 0.013215329498052597 -0.014055989682674408 -0.0222071073949337
v 0.013215329498052597 -0.014055989682674408 -0.0222071073949337
v 0.013057040050625801 -0.01388762891292572 -0.021846117451786995
v 0.01028287410736084 -0.016050390899181366 -0.021846117451786995
v 0.010407532565295696 -0.01624497026205063 -0.0222071073949337
v 0.010407532565295696 -0.01624497026205063 -0.0222071073949337
v 0.01028287410736084 -0.016050390899181366 -0.021846117451786995
v 0.007158537395298481 -0.01766657829284668 -0.021846117451786995
v 0.0072453198954463005 -0.017880745232105255 -0.0222071073949337
v 0.0072453198954463005 -0.017880745232105255 -0.0222071073949337
v 0.007158537395298481 -0.01766657829284668 -0.021846117451786995
v 0.003790424205362797 -0.018681146204471588 -0.021846117451786995
v 0.0038363756611943245 -0.018907614052295685 -0.0222071073949337
v 0.003790424205362797 -0.018681146204471588 -0.021846117451786995
v -0.0051261382177472115 -0.01829542964696884 -0.021000001579523087
v -0.0051261382177472115 -0.01829542964696884 -0.0215000007301569
v -0.0032035214826464653 -0.018727988004684448 -0.0215000007301569
v -0.0051261382177472115 -0.01829542964696884 -0.021000001579523087
v -0.0032035214826464653 -0.018727988004684448 -0.0215000007301569
v -8.791704586563753e-10 -0.01900000125169754 -0.021000001579523087
v -0.009872096590697765 -0.016233965754508972 -0.021000001579523087
v -0.009872096590697765 -0.016233965754508972 -0.0215000007301569
v -0.009752522222697735 -0.016306079924106598 -0.0215000007301569
v -0.009872096590697765 -0.016233965754508972 -0.021000001579523087
v -0.009752522222697735 -0.016306079924106598 -0.0215000007301569
v -0.0051261382177472115 -0.01829542964696884 -0.021000001579523087
v -0.0051261382177472115 -0.01829542964696884 -0.021000001579523087
v -0.009752522222697735 -0.016306079924106598 -0.0215000007301569
v -0.00659023504704237 -0.017820462584495544 -0.0215000007301569
v -0.0051261382177472115 -0.01829542964696884 -0.021000001579523087
v -0.00659023504704237 -0.017820462584495544 -0.0215000007301569
v -0.0051261382177472115 -0.01829542964696884 -0.0215000007301569
v -0.009872096590697765 -0.016233965754508972 -0.0215000007301569
v -0.009872096590697765 -0.016233965754508972 -0.021000001579523087
v -0.012582703493535519 -0.014236420392990112 -0.0215000007301569
v -0.012582703493535519 -0.014236420392990112 -0.0215000007301569
v -0.009872096590697765 -0.016233965754508972 -0.021000001579523087
v -0.013885884545743465 -0.012968510389328003 -0.021000001579523087
v -0.012582703493535519 -0.014236420392990112 -0.0215000007301569
v -0.013885884545743465 -0.012968510389328003 -0.021000001579523087
v -0.013885884545743465 -0.012968510389328003 -0.0215000007301569
v -0.013885884545743465 -0.012968510389328003 -0.0215000007301569
v -0.013885884545743465 -0.012968510389328003 -0.021000001579523087
v -0.014984394423663616 -0.011681951582431793 -0.0215000007301569
v -0.014984394423663616 -0.011681951582431793 -0.0215000007301569
v -0.013885884545743465 -0.012968510389328003 -0.021000001579523087
v -0.016869818791747093 -0.008741237223148346 -0.021000001579523087
v -0.014984394423663616 -0.011681951582431793 -0.0215000007301569
v -0.016869818791747093 -0.008741237223148346 -0.021000001579523087
v -0.01687580905854702 -0.008729666471481323 -0.0215000007301569
v -0.01687580905854702 -0.008729666471481323 -0.0215000007301569
v -0.016869818791747093 -0.008741237223148346 -0.021000001579523087
v -0.018192535266280174 -0.00548010366037488 -0.0215000007301569
v -0.018192535266280174 -0.00548010366037488 -0.0215000007301569
v -0.016869818791747093 -0.008741237223148346 -0.021000001579523087
v -0.01860259659588337 -0.0038656669203191996 -0.021000001579523087
v -0.018192535266280174 -0.00548010366037488 -0.0215000007301569
v -0.01860259659588337 -0.0038656669203191996 -0.021000001579523087
v -0.01860259659588337 -0.0038656669203191996 -0.0215000007301569
v -0.01860259659588337 -0.0038656669203191996 -0.0215000007301569
v -0.01860259659588337 -0.0038656669203191996 -0.021000001579523087
v -0.018889741972088814 -0.0020439254585653543 -0.0215000007301569
v -0.018889741972088814 -0.0020439254585653543 -0.0215000007301569
v -0.01860259659588337 -0.0038656669203191996 -0.021000001579523087
v -0.01895570568740368 0.0012966092908754945 -0.021000001579523087
v -0.018889741972088814 -0.0020439254585653543 -0.0215000007301569
v -0.01895570568740368 0.0012966092908754945 -0.021000001579523087
v -0.01895570568740368 0.0012966092908754945 -0.0215000007301569
v -0.017902957275509834 0.006362713407725096 -0.021000001579523087
v -0.017902957275509834 0.006362713407725096 -0.0215000007301569
v -0.018352510407567024 0.004917859565466642 -0.0215000007301569
v -0.017902957275509834 0.006362713407725096 -0.021000001579523087
v -0.018352510407567024 0.004917859565466642 -0.0215000007301569
v -0.01895570568740368 0.0012966092908754945 -0.021000001579523087
v -0.01895570568740368 0.0012966092908754945 -0.021000001579523087
v -0.018352510407567024 0.004917859565466642 -0.0215000007301569
v -0.018943676725029945 0.001461855717934668 -0.0215000007301569
v -0.01895570568740368 0.0012966092908754945 -0.021000001579523087
v -0.018943676725029945 0.001461855717934668 -0.0215000007301569
v -0.01895570568740368 0.0012966092908754945 -0.0215000007301569
v -0.017902957275509834 0.006362713407725096 -0.0215000007301569
v -0.017902957275509834 0.006362713407725096 -0.021000001579523087
v -0.01713637076318264 0.008206386119127274 -0.0215000007301569
v -0.01713637076318264 0.008206386119127274 -0.0215000007301569
v -0.017902957275509834 0.006362713407725096 -0.021000001579523087
v -0.015522426925599575 0.010956928133964539 -0.021000001579523087
v -0.01713637076318264 0.008206386119127274 -0.0215000007301569
v -0.015522426925599575 0.010956928133964539 -0.021000001579523087
v -0.015522426925599575 0.010956928133964539 -0.0215000007301569
v -0.011990669183433056 0.014738515019416809 -0.021000001579523087
v -0.011990669183433056 0.014738515019416809 -0.0215000007301569
v -0.013014703057706356 0.013842597603797913 -0.0215000007301569
v -0.011990669183433056 0.014738515019416809 -0.021000001579523087
v -0.013014703057706356 0.013842597603797913 -0.0215000007301569
v -0.015522426925599575 0.010956928133964539 -0.021000001579523087
v -0.015522426925599575 0.010956928133964539 -0.021000001579523087
v -0.013014703057706356 0.013842597603797913 -0.0215000007301569
v -0.015336672775447369 0.011215455830097198 -0.0215000007301569
v -0.015522426925599575 0.010956928133964539 -0.021000001579523087
v -0.015336672775447369 0.011215455830097198 -0.0215000007301569
v -0.015522426925599575 0.010956928133964539 -0.0215000007301569
v -0.011990669183433056 0.014738515019416809 -0.0215000007301569
v -0.011990669183433056 0.014738515019416809 -0.021000001579523087
v -0.010249531827867031 0.015998348593711853 -0.0215000007301569
v -0.010249531827867031 0.015998348593711853 -0.0215000007301569
v -0.011990669183433056 0.014738515019416809 -0.021000001579523087
v -0.007569621317088604 0.01742701604962349 -0.021000001579523087
v -0.010249531827867031 0.015998348593711853 -0.0215000007301569
v -0.007569621317088604 0.01742701604962349 -0.021000001579523087
v -0.007569621317088604 0.01742701604962349 -0.0215000007301569
v -0.002587166614830494 0.018823035061359406 -0.021000001579523087
v -0.002587166614830494 0.018823035061359406 -0.0215000007301569
v -0.003778134472668171 0.018620572984218597 -0.0215000007301569
v -0.002587166614830494 0.018823035061359406 -0.021000001579523087
v -0.003778134472668171 0.018620572984218597 -0.0215000007301569
v -0.007569621317088604 0.01742701604962349 -0.021000001579523087
v -0.007569621317088604 0.01742701604962349 -0.021000001579523087
v -0.003778134472668171 0.018620572984218597 -0.0215000007301569
v -0.007135323248803616 0.017609290778636932 -0.0215000007301569
v -0.007569621317088604 0.01742701604962349 -0.021000001579523087
v -0.007135323248803616 0.017609290778636932 -0.0215000007301569
v -0.007569621317088604 0.01742701604962349 -0.0215000007301569
v -0.002587166614830494 0.018823035061359406 -0.0215000007301569
v -0.002587166614830494 0.018823035061359406 -0.021000001579523087
v -0.000292283424641937 0.01899775117635727 -0.0215000007301569
v -0.000292283424641937 0.01899775117635727 -0.0215000007301569
v -0.002587166614830494 0.018823035061359406 -0.021000001579523087
v 0.002587166614830494 0.018823035061359406 -0.021000001579523087
v -0.000292283424641937 0.01899775117635727 -0.0215000007301569
v 0.002587166614830494 0.018823035061359406 -0.021000001579523087
v 0.002587166614830494 0.018823035061359406 -0.0215000007301569
v 0.007569621317088604 0.01742701604962349 -0.021000001579523087
v 0.007569621317088604 0.01742701604962349 -0.0215000007301569
v 0.006590233184397221 0.017820462584495544 -0.0215000007301569
v 0.007569621317088604 0.01742701604962349 -0.021000001579523087
v 0.006590233184397221 0.017820462584495544 -0.0215000007301569
v 0.002587166614830494 0.018823035061359406 -0.021000001579523087
v 0.002587166614830494 0.018823035061359406 -0.021000001579523087
v 0.006590233184397221 0.017820462584495544 -0.0215000007301569
v 0.0032035214826464653 0.01872798427939415 -0.0215000007301569
v 0.002587166614830494 0.018823035061359406 -0.021000001579523087
v 0.0032035214826464653 0.01872798427939415 -0.0215000007301569
v 0.002587166614830494 0.018823035061359406 -0.0215000007301569
v 0.007569621317088604 0.01742701604962349 -0.0215000007301569
v 0.007569621317088604 0.01742701604962349 -0.021000001579523087
v 0.009752524085342884 0.016306079924106598 -0.0215000007301569
v 0.009752524085342884 0.016306079924106598 -0.0215000007301569
v 0.007569621317088604 0.01742701604962349 -0.021000001579523087
v 0.011990671046078205 0.014738515019416809 -0.021000001579523087
v 0.009752524085342884 0.016306079924106598 -0.0215000007301569
v 0.011990671046078205 0.014738515019416809 -0.021000001579523087
v 0.011990671046078205 0.014738515019416809 -0.0215000007301569
v 0.01552242785692215 0.010956928133964539 -0.021000001579523087
v 0.01552242785692215 0.010956928133964539 -0.0215000007301569
v 0.014984393492341042 0.011681951582431793 -0.0215000007301569
v 0.01552242785692215 0.010956928133964539 -0.021000001579523087
v 0.014984393492341042 0.011681951582431793 -0.0215000007301569
v 0.011990671046078205 0.014738515019416809 -0.021000001579523087
v 0.011990671046078205 0.014738515019416809 -0.021000001579523087
v 0.014984393492341042 0.011681951582431793 -0.0215000007301569
v 0.012582702562212944 0.014236416667699814 -0.0215000007301569
v 0.011990671046078205 0.014738515019416809 -0.021000001579523087
v 0.012582702562212944 0.014236416667699814 -0.0215000007301569
v 0.011990671046078205 0.014738515019416809 -0.0215000007301569
v 0.01552242785692215 0.010956928133964539 -0.0215000007301569
v 0.01552242785692215 0.010956928133964539 -0.021000001579523087
v 0.01687580905854702 0.008729666471481323 -0.0215000007301569
v 0.01687580905854702 0.008729666471481323 -0.0215000007301569
v 0.01552242785692215 0.010956928133964539 -0.021000001579523087
v 0.017902957275509834 0.006362713407725096 -0.021000001579523087
v 0.01687580905854702 0.008729666471481323 -0.0215000007301569
v 0.017902957275509834 0.006362713407725096 -0.021000001579523087
v 0.017902957275509834 0.006362713407725096 -0.0215000007301569
v 0.018955707550048828 0.0012966092908754945 -0.021000001579523087
v 0.018955707550048828 0.0012966092908754945 -0.0215000007301569
v 0.018889741972088814 0.002043924992904067 -0.0215000007301569
v 0.018955707550048828 0.0012966092908754945 -0.021000001579523087
v 0.018889741972088814 0.002043924992904067 -0.0215000007301569
v 0.017902957275509834 0.006362713407725096 -0.021000001579523087
v 0.017902957275509834 0.006362713407725096 -0.021000001579523087
v 0.018889741972088814 0.002043924992904067 -0.0215000007301569
v 0.018192537128925323 0.005480102729052305 -0.0215000007301569
v 0.017902957275509834 0.006362713407725096 -0.021000001579523087
v 0.018192537128925323 0.005480102729052305 -0.0215000007301569
v 0.017902957275509834 0.006362713407725096 -0.0215000007301569
v 0.018955707550048828 0.0012966092908754945 -0.0215000007301569
v 0.018955707550048828 0.0012966092908754945 -0.021000001579523087
v 0.018943678587675095 -0.001461856416426599 -0.0215000007301569
v 0.018943678587675095 -0.001461856416426599 -0.0215000007301569
v 0.018955707550048828 0.0012966092908754945 -0.021000001579523087
v 0.01860259845852852 -0.0038656669203191996 -0.021000001579523087
v 0.018943678587675095 -0.001461856416426599 -0.0215000007301569
v 0.01860259845852852 -0.0038656669203191996 -0.021000001579523087
v 0.01860259845852852 -0.0038656669203191996 -0.0215000007301569
v 0.016869818791747093 -0.008741237223148346 -0.021000001579523087
v 0.016869818791747093 -0.008741237223148346 -0.0215000007301569
v 0.01713637262582779 -0.008206382393836975 -0.0215000007301569
v 0.016869818791747093 -0.008741237223148346 -0.021000001579523087
v 0.01713637262582779 -0.008206382393836975 -0.0215000007301569
v 0.01860259845852852 -0.0038656669203191996 -0.021000001579523087
v 0.01860259845852852 -0.0038656669203191996 -0.021000001579523087
v 0.01713637262582779 -0.008206382393836975 -0.0215000007301569
v 0.018352512270212173 -0.00491785304620862 -0.0215000007301569
v 0.01860259845852852 -0.0038656669203191996 -0.021000001579523087
v 0.018352512270212173 -0.00491785304620862 -0.0215000007301569
v 0.01860259845852852 -0.0038656669203191996 -0.0215000007301569
v 0.016869818791747093 -0.008741237223148346 -0.0215000007301569
v 0.016869818791747093 -0.008741237223148346 -0.021000001579523087
v 0.015336672775447369 -0.011215455830097198 -0.0215000007301569
v 0.015336672775447369 -0.011215455830097198 -0.0215000007301569
v 0.016869818791747093 -0.008741237223148346 -0.021000001579523087
v 0.01388588361442089 -0.012968510389328003 -0.021000001579523087
v 0.015336672775447369 -0.011215455830097198 -0.0215000007301569
v 0.01388588361442089 -0.012968510389328003 -0.021000001579523087
v 0.01388588361442089 -0.012968510389328003 -0.0215000007301569
v 0.009872094728052616 -0.016233965754508972 -0.021000001579523087
v 0.009872094728052616 -0.016233965754508972 -0.0215000007301569
v 0.010249530896544456 -0.015998348593711853 -0.0215000007301569
v 0.009872094728052616 -0.016233965754508972 -0.021000001579523087
v 0.010249530896544456 -0.015998348593711853 -0.0215000007301569
v 0.01388588361442089 -0.012968510389328003 -0.021000001579523087
v 0.01388588361442089 -0.012968510389328003 -0.021000001579523087
v 0.010249530896544456 -0.015998348593711853 -0.0215000007301569
v 0.013014702126383781 -0.013842597603797913 -0.0215000007301569
v 0.01388588361442089 -0.012968510389328003 -0.021000001579523087
v 0.013014702126383781 -0.013842597603797913 -0.0215000007301569
v 0.01388588361442089 -0.012968510389328003 -0.0215000007301569
v 0.009872094728052616 -0.016233965754508972 -0.0215000007301569
v 0.009872094728052616 -0.016233965754508972 -0.021000001579523087
v 0.007135325111448765 -0.017609290778636932 -0.0215000007301569
v 0.007135325111448765 -0.017609290778636932 -0.0215000007301569
v 0.009872094728052616 -0.016233965754508972 -0.021000001579523087
v 0.0051261382177472115 -0.01829542964696884 -0.021000001579523087
v 0.007135325111448765 -0.017609290778636932 -0.0215000007301569
v 0.0051261382177472115 -0.01829542964696884 -0.021000001579523087
v 0.0051261382177472115 -0.01829542964696884 -0.0215000007301569
v -0.0032035214826464653 -0.018727988004684448 -0.0215000007301569
v -8.791704586563753e-10 -0.01900000125169754 -0.0215000007301569
v -8.791704586563753e-10 -0.01900000125169754 -0.021000001579523087
v -8.791704586563753e-10 -0.01900000125169754 -0.021000001579523087
v -8.791704586563753e-10 -0.01900000125169754 -0.0215000007301569
v 0.00029228354105725884 -0.01899775117635727 -0.0215000007301569
v -8.791704586563753e-10 -0.01900000125169754 -0.021000001579523087
v 0.00029228354105725884 -0.01899775117635727 -0.0215000007301569
v 0.0051261382177472115 -0.01829542964696884 -0.021000001579523087
v 0.0051261382177472115 -0.01829542964696884 -0.021000001579523087
v 0.00029228354105725884 -0.01899775117635727 -0.0215000007301569
v 0.003778134472668171 -0.018620572984218597 -0.0215000007301569
v 0.0051261382177472115 -0.01829542964696884 -0.021000001579523087
v 0.003778134472668171 -0.018620572984218597 -0.0215000007301569
v 0.0051261382177472115 -0.01829542964696884 -0.0215000007301569
v 0.0024237660691142082 0.017634209245443344 -0.021000001579523087
v 0.002587166614830494 0.018823035061359406 -0.021000001579523087
v -0.0024237660691142082 0.017634209245443344 -0.021000001579523087
v -0.002587166614830494 0.018823035061359406 -0.021000001579523087
v -0.007091539911925793 0.016326360404491425 -0.021000001579523087
v -0.007569621317088604 0.01742701604962349 -0.021000001579523087
v -0.011233366094529629 0.013807661831378937 -0.021000001579523087
v -0.011990669183433056 0.014738515019416809 -0.021000001579523087
v -0.014542064629495144 0.010264910757541656 -0.021000001579523087
v -0.015522426925599575 0.010956928133964539 -0.021000001579523087
v -0.01677224226295948 0.005960858892649412 -0.021000001579523087
v -0.017902957275509834 0.006362713407725096 -0.021000001579523087
v -0.017758501693606377 0.0012147125089541078 -0.021000001579523087
v -0.01895570568740368 0.0012966092908754945 -0.021000001579523087
v -0.01742769591510296 -0.0036215188447386026 -0.021000001579523087
v -0.01860259659588337 -0.0038656669203191996 -0.021000001579523087
v -0.015804355964064598 -0.008189156651496887 -0.021000001579523087
v -0.016869818791747093 -0.008741237223148346 -0.021000001579523087
v -0.01300888042896986 -0.012149445712566376 -0.021000001579523087
v -0.013885884545743465 -0.012968510389328003 -0.021000001579523087
v -0.009248594753444195 -0.015208661556243896 -0.021000001579523087
v -0.009872096590697765 -0.016233965754508972 -0.021000001579523087
v -0.004802382551133633 -0.017139926552772522 -0.021000001579523087
v -0.0051261382177472115 -0.01829542964696884 -0.021000001579523087
v -8.791704586563753e-10 -0.01780000329017639 -0.021000001579523087
v -8.791704586563753e-10 -0.01900000125169754 -0.021000001579523087
v 0.004802382551133633 -0.017139926552772522 -0.021000001579523087
v 0.0051261382177472115 -0.01829542964696884 -0.021000001579523087
v 0.009248594753444195 -0.015208661556243896 -0.021000001579523087
v 0.009872094728052616 -0.016233965754508972 -0.021000001579523087
v 0.01300888042896986 -0.012149445712566376 -0.021000001579523087
v 0.01388588361442089 -0.012968510389328003 -0.021000001579523087
v 0.015804357826709747 -0.008189156651496887 -0.021000001579523087
v 0.016869818791747093 -0.008741237223148346 -0.021000001579523087
v 0.017427697777748108 -0.0036215188447386026 -0.021000001579523087
v 0.01860259845852852 -0.0038656669203191996 -0.021000001579523087
v 0.017758503556251526 0.0012147125089541078 -0.021000001579523087
v 0.018955707550048828 0.0012966092908754945 -0.021000001579523087
v 0.01677224412560463 0.005960858892649412 -0.021000001579523087
v 0.017902957275509834 0.006362713407725096 -0.021000001579523087
v 0.01454206369817257 0.010264910757541656 -0.021000001579523087
v 0.01552242785692215 0.010956928133964539 -0.021000001579523087
v 0.011233365163207054 0.013807661831378937 -0.021000001579523087
v 0.011990671046078205 0.014738515019416809 -0.021000001579523087
v 0.007091539911925793 0.016326360404491425 -0.021000001579523087
v 0.007569621317088604 0.01742701604962349 -0.021000001579523087
v -0.009248594753444195 -0.015208661556243896 -0.021000001579523087
v -0.004802382551133633 -0.017139926552772522 -0.021000001579523087
v -0.00493032019585371 -0.016791127622127533 -0.021300001069903374
v -0.00493032019585371 -0.016791127622127533 -0.021300001069903374
v -0.009092717431485653 -0.014952339231967926 -0.021300001069903374
v -0.009248594753444195 -0.015208661556243896 -0.021000001579523087
v -0.009248594753444195 -0.015208661556243896 -0.021000001579523087
v -0.009092717431485653 -0.014952339231967926 -0.021300001069903374
v -0.009461215697228909 -0.014721937477588654 -0.021300001069903374
v -0.009248594753444195 -0.015208661556243896 -0.021000001579523087
v -0.009461215697228909 -0.014721937477588654 -0.021300001069903374
v -0.01300888042896986 -0.012149445712566376 -0.021000001579523087
v -0.009461215697228909 -0.014721937477588654 -0.021300001069903374
v -0.012789628468453884 -0.011944681406021118 -0.021300001069903374
v -0.01300888042896986 -0.012149445712566376 -0.021000001579523087
v -0.01300888042896986 -0.012149445712566376 -0.021000001579523087
v -0.012789628468453884 -0.011944681406021118 -0.021300001069903374
v -0.013225617818534374 -0.011460065841674805 -0.021300001069903374
v -0.01300888042896986 -0.012149445712566376 -0.021000001579523087
v -0.013225617818534374 -0.011460065841674805 -0.021300001069903374
v -0.015804355964064598 -0.008189156651496887 -0.021000001579523087
v -0.013225617818534374 -0.011460065841674805 -0.021300001069903374
v -0.015537991188466549 -0.008051134645938873 -0.021300001069903374
v -0.015804355964064598 -0.008189156651496887 -0.021000001579523087
v -0.015804355964064598 -0.008189156651496887 -0.021000001579523087
v -0.015537991188466549 -0.008051134645938873 -0.021300001069903374
v -0.015918558463454247 -0.007269762922078371 -0.021300001069903374
v -0.015804355964064598 -0.008189156651496887 -0.021000001579523087
v -0.015918558463454247 -0.007269762922078371 -0.021300001069903374
v -0.01742769591510296 -0.0036215188447386026 -0.021000001579523087
v -0.015918558463454247 -0.007269762922078371 -0.021300001069903374
v -0.01713397167623043 -0.0035604836884886026 -0.021300001069903374
v -0.01742769591510296 -0.0036215188447386026 -0.021000001579523087
v -0.01742769591510296 -0.0036215188447386026 -0.021000001579523087
v -0.01713397167623043 -0.0035604836884886026 -0.021300001069903374
v -0.01732187531888485 -0.0024905132595449686 -0.021300001069903374
v -0.01742769591510296 -0.0036215188447386026 -0.021000001579523087
v -0.01732187531888485 -0.0024905132595449686 -0.021300001069903374
v -0.017758501693606377 0.0012147125089541078 -0.021000001579523087
v -0.01732187531888485 -0.0024905132595449686 -0.021300001069903374
v -0.01745920442044735 0.001194245764054358 -0.021300001069903374
v -0.017758501693606377 0.0012147125089541078 -0.021000001579523087
v -0.017758501693606377 0.0012147125089541078 -0.021000001579523087
v -0.01745920442044735 0.001194245764054358 -0.021300001069903374
v -0.01732187531888485 0.0024905127938836813 -0.021300001069903374
v -0.017758501693606377 0.0012147125089541078 -0.021000001579523087
v -0.01732187531888485 0.0024905127938836813 -0.021300001069903374
v -0.01677224226295948 0.005960858892649412 -0.021000001579523087
v -0.01732187531888485 0.0024905127938836813 -0.021300001069903374
v -0.016489563509821892 0.005860395263880491 -0.021300001069903374
v -0.01677224226295948 0.005960858892649412 -0.021000001579523087
v -0.01677224226295948 0.005960858892649412 -0.021000001579523087
v -0.016489563509821892 0.005860395263880491 -0.021300001069903374
v -0.015918558463454247 0.007269761990755796 -0.021300001069903374
v -0.01677224226295948 0.005960858892649412 -0.021000001579523087
v -0.015918558463454247 0.007269761990755796 -0.021300001069903374
v -0.014542064629495144 0.010264910757541656 -0.021000001579523087
v -0.015918558463454247 0.007269761990755796 -0.021300001069903374
v -0.014296974055469036 0.010091904550790787 -0.021300001069903374
v -0.014542064629495144 0.010264910757541656 -0.021000001579523087
v -0.014542064629495144 0.010264910757541656 -0.021000001579523087
v -0.014296974055469036 0.010091904550790787 -0.021300001069903374
v -0.013225617818534374 0.011460062116384506 -0.021300001069903374
v -0.014542064629495144 0.010264910757541656 -0.021000001579523087
v -0.013225617818534374 0.011460062116384506 -0.021300001069903374
v -0.011233366094529629 0.013807661831378937 -0.021000001579523087
v -0.013225617818534374 0.011460062116384506 -0.021300001069903374
v -0.011044039390981197 0.01357494667172432 -0.021300001069903374
v -0.011233366094529629 0.013807661831378937 -0.021000001579523087
v -0.011233366094529629 0.013807661831378937 -0.021000001579523087
v -0.011044039390981197 0.01357494667172432 -0.021300001069903374
v -0.009461215697228909 0.014721937477588654 -0.021300001069903374
v -0.011233366094529629 0.013807661831378937 -0.021000001579523087
v -0.009461215697228909 0.014721937477588654 -0.021300001069903374
v -0.007091539911925793 0.016326360404491425 -0.021000001579523087
v -0.009461215697228909 0.014721937477588654 -0.021300001069903374
v -0.006972017697989941 0.016051199287176132 -0.021300001069903374
v -0.007091539911925793 0.016326360404491425 -0.021000001579523087
v -0.007091539911925793 0.016326360404491425 -0.021000001579523087
v -0.006972017697989941 0.016051199287176132 -0.021300001069903374
v -0.00493032019585371 0.016791127622127533 -0.021300001069903374
v -0.007091539911925793 0.016326360404491425 -0.021000001579523087
v -0.00493032019585371 0.016791127622127533 -0.021300001069903374
v -0.0024237660691142082 0.017634209245443344 -0.021000001579523087
v 0.00493032019585371 0.016791127622127533 -0.021300001069903374
v 0.007091539911925793 0.016326360404491425 -0.021000001579523087
v 0.0024237660691142082 0.017634209245443344 -0.021000001579523087
v -0.00493032019585371 0.016791127622127533 -0.021300001069903374
v -0.002382916398346424 0.017337005585432053 -0.021300001069903374
v -0.0024237660691142082 0.017634209245443344 -0.021000001579523087
v -0.0024237660691142082 0.017634209245443344 -0.021000001579523087
v -0.002382916398346424 0.017337005585432053 -0.021300001069903374
v -8.791704586563753e-10 0.017500001937150955 -0.021300001069903374
v -0.0024237660691142082 0.017634209245443344 -0.021000001579523087
v -8.791704586563753e-10 0.017500001937150955 -0.021300001069903374
v 0.0024237660691142082 0.017634209245443344 -0.021000001579523087
v 0.0024237660691142082 0.017634209245443344 -0.021000001579523087
v -8.791704586563753e-10 0.017500001937150955 -0.021300001069903374
v 0.002382916398346424 0.017337005585432053 -0.021300001069903374
v 0.0024237660691142082 0.017634209245443344 -0.021000001579523087
v 0.002382916398346424 0.017337005585432053 -0.021300001069903374
v 0.00493032019585371 0.016791127622127533 -0.021300001069903374
v 0.013225617818534374 0.011460062116384506 -0.021300001069903374
v 0.01454206369817257 0.010264910757541656 -0.021000001579523087
v 0.011233365163207054 0.013807661831378937 -0.021000001579523087
v 0.00493032019585371 0.016791127622127533 -0.021300001069903374
v 0.00697201956063509 0.016051199287176132 -0.021300001069903374
v 0.007091539911925793 0.016326360404491425 -0.021000001579523087
v 0.007091539911925793 0.016326360404491425 -0.021000001579523087
v 0.00697201956063509 0.016051199287176132 -0.021300001069903374
v 0.00946121383458376 0.014721937477588654 -0.021300001069903374
v 0.007091539911925793 0.016326360404491425 -0.021000001579523087
v 0.00946121383458376 0.014721937477588654 -0.021300001069903374
v 0.011233365163207054 0.013807661831378937 -0.021000001579523087
v 0.011233365163207054 0.013807661831378937 -0.021000001579523087
v 0.00946121383458376 0.014721937477588654 -0.021300001069903374
v 0.011044039390981197 0.01357494667172432 -0.021300001069903374
v 0.011233365163207054 0.013807661831378937 -0.021000001579523087
v 0.011044039390981197 0.01357494667172432 -0.021300001069903374
v 0.013225617818534374 0.011460062116384506 -0.021300001069903374
v 0.01732187531888485 0.0024905127938836813 -0.021300001069903374
v 0.017758503556251526 0.0012147125089541078 -0.021000001579523087
v 0.01677224412560463 0.005960858892649412 -0.021000001579523087
v 0.013225617818534374 0.011460062116384506 -0.021300001069903374
v 0.014296973124146461 0.010091904550790787 -0.021300001069903374
v 0.01454206369817257 0.010264910757541656 -0.021000001579523087
v 0.01454206369817257 0.010264910757541656 -0.021000001579523087
v 0.014296973124146461 0.010091904550790787 -0.021300001069903374
v 0.015918560326099396 0.007269761990755796 -0.021300001069903374
v 0.01454206369817257 0.010264910757541656 -0.021000001579523087
v 0.015918560326099396 0.007269761990755796 -0.021300001069903374
v 0.01677224412560463 0.005960858892649412 -0.021000001579523087
v 0.01677224412560463 0.005960858892649412 -0.021000001579523087
v 0.015918560326099396 0.007269761990755796 -0.021300001069903374
v 0.01648956723511219 0.005860395263880491 -0.021300001069903374
v 0.01677224412560463 0.005960858892649412 -0.021000001579523087
v 0.01648956723511219 0.005860395263880491 -0.021300001069903374
v 0.01732187531888485 0.0024905127938836813 -0.021300001069903374
v 0.01732187531888485 0.0024905127938836813 -0.021300001069903374
v 0.01745920442044735 0.001194245764054358 -0.021300001069903374
v 0.017758503556251526 0.0012147125089541078 -0.021000001579523087
v 0.017758503556251526 0.0012147125089541078 -0.021000001579523087
v 0.01745920442044735 0.001194245764054358 -0.021300001069903374
v 0.01732187531888485 -0.0024905132595449686 -0.021300001069903374
v 0.017758503556251526 0.0012147125089541078 -0.021000001579523087
v 0.01732187531888485 -0.0024905132595449686 -0.021300001069903374
v 0.017427697777748108 -0.0036215188447386026 -0.021000001579523087
v 0.017427697777748108 -0.0036215188447386026 -0.021000001579523087
v 0.01732187531888485 -0.0024905132595449686 -0.021300001069903374
v 0.01713397167623043 -0.0035604836884886026 -0.021300001069903374
v 0.017427697777748108 -0.0036215188447386026 -0.021000001579523087
v 0.01713397167623043 -0.0035604836884886026 -0.021300001069903374
v 0.015804357826709747 -0.008189156651496887 -0.021000001579523087
v 0.01713397167623043 -0.0035604836884886026 -0.021300001069903374
v 0.015918560326099396 -0.007269762922078371 -0.021300001069903374
v 0.015804357826709747 -0.008189156651496887 -0.021000001579523087
v 0.015804357826709747 -0.008189156651496887 -0.021000001579523087
v 0.015918560326099396 -0.007269762922078371 -0.021300001069903374
v 0.015537991188466549 -0.008051134645938873 -0.021300001069903374
v 0.015804357826709747 -0.008189156651496887 -0.021000001579523087
v 0.015537991188466549 -0.008051134645938873 -0.021300001069903374
v 0.01300888042896986 -0.012149445712566376 -0.021000001579523087
v 0.015537991188466549 -0.008051134645938873 -0.021300001069903374
v 0.013225617818534374 -0.011460065841674805 -0.021300001069903374
v 0.01300888042896986 -0.012149445712566376 -0.021000001579523087
v 0.01300888042896986 -0.012149445712566376 -0.021000001579523087
v 0.013225617818534374 -0.011460065841674805 -0.021300001069903374
v 0.012789629399776459 -0.011944681406021118 -0.021300001069903374
v 0.01300888042896986 -0.012149445712566376 -0.021000001579523087
v 0.012789629399776459 -0.011944681406021118 -0.021300001069903374
v 0.009248594753444195 -0.015208661556243896 -0.021000001579523087
v 0.012789629399776459 -0.011944681406021118 -0.021300001069903374
v 0.00946121383458376 -0.014721937477588654 -0.021300001069903374
v 0.009248594753444195 -0.015208661556243896 -0.021000001579523087
v 0.009248594753444195 -0.015208661556243896 -0.021000001579523087
v 0.00946121383458376 -0.014721937477588654 -0.021300001069903374
v 0.009092719294130802 -0.014952339231967926 -0.021300001069903374
v 0.009248594753444195 -0.015208661556243896 -0.021000001579523087
v 0.009092719294130802 -0.014952339231967926 -0.021300001069903374
v 0.004802382551133633 -0.017139926552772522 -0.021000001579523087
v 0.009092719294130802 -0.014952339231967926 -0.021300001069903374
v 0.00493032019585371 -0.016791127622127533 -0.021300001069903374
v 0.004802382551133633 -0.017139926552772522 -0.021000001579523087
v 0.004802382551133633 -0.017139926552772522 -0.021000001579523087
v 0.00493032019585371 -0.016791127622127533 -0.021300001069903374
v 0.004721443168818951 -0.01685105264186859 -0.021300001069903374
v 0.004802382551133633 -0.017139926552772522 -0.021000001579523087
v 0.004721443168818951 -0.01685105264186859 -0.021300001069903374
v -8.791704586563753e-10 -0.01780000329017639 -0.021000001579523087
v -8.791704586563753e-10 -0.01780000329017639 -0.021000001579523087
v 0.004721443168818951 -0.01685105264186859 -0.021300001069903374
v -8.791704586563753e-10 -0.017499998211860657 -0.021300001069903374
v -8.791704586563753e-10 -0.01780000329017639 -0.021000001579523087
v -8.791704586563753e-10 -0.017499998211860657 -0.021300001069903374
v -0.004802382551133633 -0.017139926552772522 -0.021000001579523087
v -0.004802382551133633 -0.017139926552772522 -0.021000001579523087
v -8.791704586563753e-10 -0.017499998211860657 -0.021300001069903374
v -0.004721443168818951 -0.01685105264186859 -0.021300001069903374
v -0.004802382551133633 -0.017139926552772522 -0.021000001579523087
v -0.004721443168818951 -0.01685105264186859 -0.021300001069903374
v -0.00493032019585371 -0.016791127622127533 -0.021300001069903374
v -8.791704586563753e-10 -0.017499998211860657 -0.02250000089406967
v 0.00493032019585371 -0.016791127622127533 -0.02250000089406967
v -8.791704586563753e-10 -2.9802671441814255e-10 -0.02250000089406967
v -0.013225617818534374 -0.011460065841674805 -0.02250000089406967
v -0.009461215697228909 -0.014721937477588654 -0.02250000089406967
v -0.00493032019585371 -0.016791127622127533 -0.02250000089406967
v -0.01732187531888485 0.0024905127938836813 -0.02250000089406967
v -0.01732187531888485 -0.0024905132595449686 -0.02250000089406967
v -0.015918558463454247 -0.007269762922078371 -0.02250000089406967
v -0.009461215697228909 0.014721937477588654 -0.02250000089406967
v -0.013225617818534374 0.011460062116384506 -0.02250000089406967
v -0.015918558463454247 0.007269761990755796 -0.02250000089406967
v 0.00493032019585371 0.016791127622127533 -0.02250000089406967
v -8.791704586563753e-10 0.017500001937150955 -0.02250000089406967
v -0.00493032019585371 0.016791127622127533 -0.02250000089406967
v 0.015918560326099396 0.007269761990755796 -0.02250000089406967
v 0.013225617818534374 0.011460062116384506 -0.02250000089406967
v 0.00946121383458376 0.014721937477588654 -0.02250000089406967
v 0.015918560326099396 -0.007269762922078371 -0.02250000089406967
v 0.01732187531888485 -0.0024905132595449686 -0.02250000089406967
v 0.01732187531888485 0.0024905127938836813 -0.02250000089406967
v 0.00946121383458376 -0.014721937477588654 -0.02250000089406967
v 0.013225617818534374 -0.011460065841674805 -0.02250000089406967
v 0.004721443168818951 -0.01685105264186859 -0.021300001069903374
v 0.00493032019585371 -0.016791127622127533 -0.02250000089406967
v -8.791704586563753e-10 -0.017499998211860657 -0.02250000089406967
v 0.004721443168818951 -0.01685105264186859 -0.021300001069903374
v 0.00493032019585371 -0.016791127622127533 -0.021300001069903374
v 0.00493032019585371 -0.016791127622127533 -0.02250000089406967
v 0.00493032019585371 -0.016791127622127533 -0.02250000089406967
v 0.00493032019585371 -0.016791127622127533 -0.021300001069903374
v 0.009092719294130802 -0.014952339231967926 -0.021300001069903374
v 0.00493032019585371 -0.016791127622127533 -0.02250000089406967
v 0.009092719294130802 -0.014952339231967926 -0.021300001069903374
v 0.00946121383458376 -0.014721937477588654 -0.02250000089406967
v 0.009092719294130802 -0.014952339231967926 -0.021300001069903374
v 0.00946121383458376 -0.014721937477588654 -0.021300001069903374
v 0.00946121383458376 -0.014721937477588654 -0.02250000089406967
v 0.00946121383458376 -0.014721937477588654 -0.02250000089406967
v 0.00946121383458376 -0.014721937477588654 -0.021300001069903374
v 0.012789629399776459 -0.011944681406021118 -0.021300001069903374
v 0.00946121383458376 -0.014721937477588654 -0.02250000089406967
v 0.012789629399776459 -0.011944681406021118 -0.021300001069903374
v 0.013225617818534374 -0.011460065841674805 -0.02250000089406967
v 0.013225617818534374 -0.011460065841674805 -0.02250000089406967
v 0.012789629399776459 -0.011944681406021118 -0.021300001069903374
v 0.013225617818534374 -0.011460065841674805 -0.021300001069903374
v 0.013225617818534374 -0.011460065841674805 -0.02250000089406967
v 0.013225617818534374 -0.011460065841674805 -0.021300001069903374
v 0.015918560326099396 -0.007269762922078371 -0.02250000089406967
v 0.013225617818534374 -0.011460065841674805 -0.021300001069903374
v 0.015537991188466549 -0.008051134645938873 -0.021300001069903374
v 0.015918560326099396 -0.007269762922078371 -0.02250000089406967
v 0.015918560326099396 -0.007269762922078371 -0.02250000089406967
v 0.015537991188466549 -0.008051134645938873 -0.021300001069903374
v 0.015918560326099396 -0.007269762922078371 -0.021300001069903374
v 0.015918560326099396 -0.007269762922078371 -0.02250000089406967
v 0.015918560326099396 -0.007269762922078371 -0.021300001069903374
v 0.01732187531888485 -0.0024905132595449686 -0.02250000089406967
v 0.015918560326099396 -0.007269762922078371 -0.021300001069903374
v 0.01713397167623043 -0.0035604836884886026 -0.021300001069903374
v 0.01732187531888485 -0.0024905132595449686 -0.02250000089406967
v 0.01732187531888485 -0.0024905132595449686 -0.02250000089406967
v 0.01713397167623043 -0.0035604836884886026 -0.021300001069903374
v 0.01732187531888485 -0.0024905132595449686 -0.021300001069903374
v 0.01732187531888485 -0.0024905132595449686 -0.02250000089406967
v 0.01732187531888485 -0.0024905132595449686 -0.021300001069903374
v 0.01732187531888485 0.0024905127938836813 -0.02250000089406967
v 0.01732187531888485 -0.0024905132595449686 -0.021300001069903374
v 0.01745920442044735 0.001194245764054358 -0.021300001069903374
v 0.01732187531888485 0.0024905127938836813 -0.02250000089406967
v 0.01732187531888485 0.0024905127938836813 -0.02250000089406967
v 0.01745920442044735 0.001194245764054358 -0.021300001069903374
v 0.01732187531888485 0.0024905127938836813 -0.021300001069903374
v 0.01732187531888485 0.0024905127938836813 -0.02250000089406967
v 0.01732187531888485 0.0024905127938836813 -0.021300001069903374
v 0.015918560326099396 0.007269761990755796 -0.02250000089406967
v 0.01732187531888485 0.0024905127938836813 -0.021300001069903374
v 0.01648956723511219 0.005860395263880491 -0.021300001069903374
v 0.015918560326099396 0.007269761990755796 -0.02250000089406967
v 0.015918560326099396 0.007269761990755796 -0.02250000089406967
v 0.01648956723511219 0.005860395263880491 -0.021300001069903374
v 0.015918560326099396 0.007269761990755796 -0.021300001069903374
v 0.015918560326099396 0.007269761990755796 -0.02250000089406967
v 0.015918560326099396 0.007269761990755796 -0.021300001069903374
v 0.013225617818534374 0.011460062116384506 -0.02250000089406967
v 0.015918560326099396 0.007269761990755796 -0.021300001069903374
v 0.014296973124146461 0.010091904550790787 -0.021300001069903374
v 0.013225617818534374 0.011460062116384506 -0.02250000089406967
v 0.013225617818534374 0.011460062116384506 -0.02250000089406967
v 0.014296973124146461 0.010091904550790787 -0.021300001069903374
v 0.013225617818534374 0.011460062116384506 -0.021300001069903374
v 0.013225617818534374 0.011460062116384506 -0.02250000089406967
v 0.013225617818534374 0.011460062116384506 -0.021300001069903374
v 0.00946121383458376 0.014721937477588654 -0.02250000089406967
v 0.013225617818534374 0.011460062116384506 -0.021300001069903374
v 0.011044039390981197 0.01357494667172432 -0.021300001069903374
v 0.00946121383458376 0.014721937477588654 -0.02250000089406967
v 0.00946121383458376 0.014721937477588654 -0.02250000089406967
v 0.011044039390981197 0.01357494667172432 -0.021300001069903374
v 0.00946121383458376 0.014721937477588654 -0.021300001069903374
v 0.00946121383458376 0.014721937477588654 -0.02250000089406967
v 0.00946121383458376 0.014721937477588654 -0.021300001069903374
v 0.00493032019585371 0.016791127622127533 -0.02250000089406967
v 0.00946121383458376 0.014721937477588654 -0.021300001069903374
v 0.00697201956063509 0.016051199287176132 -0.021300001069903374
v 0.00493032019585371 0.016791127622127533 -0.02250000089406967
v 0.00493032019585371 0.016791127622127533 -0.02250000089406967
v 0.00697201956063509 0.016051199287176132 -0.021300001069903374
v 0.00493032019585371 0.016791127622127533 -0.021300001069903374
v 0.00493032019585371 0.016791127622127533 -0.02250000089406967
v 0.00493032019585371 0.016791127622127533 -0.021300001069903374
v -8.791704586563753e-10 0.017500001937150955 -0.02250000089406967
v -8.791704586563753e-10 0.017500001937150955 -0.02250000089406967
v 0.00493032019585371 0.016791127622127533 -0.021300001069903374
v 0.002382916398346424 0.017337005585432053 -0.021300001069903374
v 0.002382916398346424 0.017337005585432053 -0.021300001069903374
v -8.791704586563753e-10 0.017500001937150955 -0.021300001069903374
v -8.791704586563753e-10 0.017500001937150955 -0.02250000089406967
v -8.791704586563753e-10 0.017500001937150955 -0.02250000089406967
v -8.791704586563753e-10 0.017500001937150955 -0.021300001069903374
v -0.002382916398346424 0.017337005585432053 -0.021300001069903374
v -8.791704586563753e-10 0.017500001937150955 -0.02250000089406967
v -0.002382916398346424 0.017337005585432053 -0.021300001069903374
v -0.00493032019585371 0.016791127622127533 -0.02250000089406967
v -0.002382916398346424 0.017337005585432053 -0.021300001069903374
v -0.00493032019585371 0.016791127622127533 -0.021300001069903374
v -0.00493032019585371 0.016791127622127533 -0.02250000089406967
v -0.00493032019585371 0.016791127622127533 -0.02250000089406967
v -0.00493032019585371 0.016791127622127533 -0.021300001069903374
v -0.006972017697989941 0.016051199287176132 -0.021300001069903374
v -0.00493032019585371 0.016791127622127533 -0.02250000089406967
v -0.006972017697989941 0.016051199287176132 -0.021300001069903374
v -0.009461215697228909 0.014721937477588654 -0.02250000089406967
v -0.006972017697989941 0.016051199287176132 -0.021300001069903374
v -0.009461215697228909 0.014721937477588654 -0.021300001069903374
v -0.009461215697228909 0.014721937477588654 -0.02250000089406967
v -0.009461215697228909 0.014721937477588654 -0.02250000089406967
v -0.009461215697228909 0.014721937477588654 -0.021300001069903374
v -0.011044039390981197 0.01357494667172432 -0.021300001069903374
v -0.009461215697228909 0.014721937477588654 -0.02250000089406967
v -0.011044039390981197 0.01357494667172432 -0.021300001069903374
v -0.013225617818534374 0.011460062116384506 -0.02250000089406967
v -0.011044039390981197 0.01357494667172432 -0.021300001069903374
v -0.013225617818534374 0.011460062116384506 -0.021300001069903374
v -0.013225617818534374 0.011460062116384506 -0.02250000089406967
v -0.013225617818534374 0.011460062116384506 -0.02250000089406967
v -0.013225617818534374 0.011460062116384506 -0.021300001069903374
v -0.014296974055469036 0.010091904550790787 -0.021300001069903374
v -0.013225617818534374 0.011460062116384506 -0.02250000089406967
v -0.014296974055469036 0.010091904550790787 -0.021300001069903374
v -0.015918558463454247 0.007269761990755796 -0.02250000089406967
v -0.014296974055469036 0.010091904550790787 -0.021300001069903374
v -0.015918558463454247 0.007269761990755796 -0.021300001069903374
v -0.015918558463454247 0.007269761990755796 -0.02250000089406967
v -0.015918558463454247 0.007269761990755796 -0.02250000089406967
v -0.015918558463454247 0.007269761990755796 -0.021300001069903374
v -0.016489563509821892 0.005860395263880491 -0.021300001069903374
v -0.015918558463454247 0.007269761990755796 -0.02250000089406967
v -0.016489563509821892 0.005860395263880491 -0.021300001069903374
v -0.01732187531888485 0.0024905127938836813 -0.02250000089406967
v -0.016489563509821892 0.005860395263880491 -0.021300001069903374
v -0.01732187531888485 0.0024905127938836813 -0.021300001069903374
v -0.01732187531888485 0.0024905127938836813 -0.02250000089406967
v -0.01732187531888485 0.0024905127938836813 -0.02250000089406967
v -0.01732187531888485 0.0024905127938836813 -0.021300001069903374
v -0.01745920442044735 0.001194245764054358 -0.021300001069903374
v -0.01732187531888485 0.0024905127938836813 -0.02250000089406967
v -0.01745920442044735 0.001194245764054358 -0.021300001069903374
v -0.01732187531888485 -0.0024905132595449686 -0.02250000089406967
v -0.01745920442044735 0.001194245764054358 -0.021300001069903374
v -0.01732187531888485 -0.0024905132595449686 -0.021300001069903374
v -0.01732187531888485 -0.0024905132595449686 -0.02250000089406967
v -0.01732187531888485 -0.0024905132595449686 -0.02250000089406967
v -0.01732187531888485 -0.0024905132595449686 -0.021300001069903374
v -0.01713397167623043 -0.0035604836884886026 -0.021300001069903374
v -0.01732187531888485 -0.0024905132595449686 -0.02250000089406967
v -0.01713397167623043 -0.0035604836884886026 -0.021300001069903374
v -0.015918558463454247 -0.007269762922078371 -0.02250000089406967
v -0.01713397167623043 -0.0035604836884886026 -0.021300001069903374
v -0.015918558463454247 -0.007269762922078371 -0.021300001069903374
v -0.015918558463454247 -0.007269762922078371 -0.02250000089406967
v -0.015918558463454247 -0.007269762922078371 -0.02250000089406967
v -0.015918558463454247 -0.007269762922078371 -0.021300001069903374
v -0.015537991188466549 -0.008051134645938873 -0.021300001069903374
v -0.015918558463454247 -0.007269762922078371 -0.02250000089406967
v -0.015537991188466549 -0.008051134645938873 -0.021300001069903374
v -0.013225617818534374 -0.011460065841674805 -0.02250000089406967
v -0.015537991188466549 -0.008051134645938873 -0.021300001069903374
v -0.013225617818534374 -0.011460065841674805 -0.021300001069903374
v -0.013225617818534374 -0.011460065841674805 -0.02250000089406967
v -0.013225617818534374 -0.011460065841674805 -0.02250000089406967
v -0.013225617818534374 -0.011460065841674805 -0.021300001069903374
v -0.012789628468453884 -0.011944681406021118 -0.021300001069903374
v -0.013225617818534374 -0.011460065841674805 -0.02250000089406967
v -0.012789628468453884 -0.011944681406021118 -0.021300001069903374
v -0.009461215697228909 -0.014721937477588654 -0.02250000089406967
v -0.012789628468453884 -0.011944681406021118 -0.021300001069903374
v -0.009461215697228909 -0.014721937477588654 -0.021300001069903374
v -0.009461215697228909 -0.014721937477588654 -0.02250000089406967
v -0.009461215697228909 -0.014721937477588654 -0.02250000089406967
v -0.009461215697228909 -0.014721937477588654 -0.021300001069903374
v -0.009092717431485653 -0.014952339231967926 -0.021300001069903374
v -0.009461215697228909 -0.014721937477588654 -0.02250000089406967
v -0.009092717431485653 -0.014952339231967926 -0.021300001069903374
v -0.00493032019585371 -0.016791127622127533 -0.02250000089406967
v -0.009092717431485653 -0.014952339231967926 -0.021300001069903374
v -0.00493032019585371 -0.016791127622127533 -0.021300001069903374
v -0.00493032019585371 -0.016791127622127533 -0.02250000089406967
v -0.00493032019585371 -0.016791127622127533 -0.02250000089406967
v -0.00493032019585371 -0.016791127622127533 -0.021300001069903374
v -0.004721443168818951 -0.01685105264186859 -0.021300001069903374
v -0.00493032019585371 -0.016791127622127533 -0.02250000089406967
v -0.004721443168818951 -0.01685105264186859 -0.021300001069903374
v -8.791704586563753e-10 -0.017499998211860657 -0.02250000089406967
v -8.791704586563753e-10 -0.017499998211860657 -0.02250000089406967
v -0.004721443168818951 -0.01685105264186859 -0.021300001069903374
v -8.791704586563753e-10 -0.017499998211860657 -0.021300001069903374
v -8.791704586563753e-10 -0.017499998211860657 -0.02250000089406967
v -8.791704586563753e-10 -0.017499998211860657 -0.021300001069903374
v 0.004721443168818951 -0.01685105264186859 -0.021300001069903374
v -0.024249998852610588 0.08357857167720795 -0.026923097670078278
v -0.024306105449795723 0.08357056975364685 -0.0269269198179245
v -0.02525000087916851 0.08837787061929703 -0.024083275347948074
v -0.024249998852610588 0.08357857167720795 -0.026923097670078278
v -0.02525000087916851 0.08837787061929703 -0.024083275347948074
v 0.02225000038743019 0.08357857167720795 -0.026923097670078278
v -0.024856487289071083 0.08261773735284805 -0.027362480759620667
v -0.02525000087916851 0.08261773735284805 -0.027362480759620667
v -0.024571934714913368 0.08331409096717834 -0.02704794332385063
v -0.024571934714913368 0.08331409096717834 -0.02704794332385063
v -0.02525000087916851 0.08261773735284805 -0.027362480759620667
v -0.02525000087916851 0.08837787061929703 -0.024083275347948074
v -0.024571934714913368 0.08331409096717834 -0.02704794332385063
v -0.02525000087916851 0.08837787061929703 -0.024083275347948074
v -0.02439270354807377 0.08352677524089813 -0.026947785168886185
v -0.02439270354807377 0.08352677524089813 -0.026947785168886185
v -0.02525000087916851 0.08837787061929703 -0.024083275347948074
v -0.024306105449795723 0.08357056975364685 -0.0269269198179245
v -0.02515905536711216 0.039722222834825516 -0.007189430762082338
v -0.02525000087916851 0.0387524850666523 -0.002480314578860998
v -0.025232376530766487 0.039813082665205 -0.007500000763684511
v -0.025232376530766487 0.039813082665205 -0.007500000763684511
v -0.02525000087916851 0.0387524850666523 -0.002480314578860998
v -0.02525000087916851 0.03999999910593033 -0.008104686625301838
v -0.02515905536711216 0.039722222834825516 -0.007189430762082338
v -0.02498275227844715 0.03964588791131973 -0.006918902974575758
v -0.02525000087916851 0.0387524850666523 -0.002480314578860998
v -0.02525000087916851 0.0387524850666523 -0.002480314578860998
v -0.02498275227844715 0.03964588791131973 -0.006918902974575758
v -0.024723542854189873 0.03959135711193085 -0.006719765719026327
v -0.02525000087916851 0.0387524850666523 -0.002480314578860998
v -0.024723542854189873 0.03959135711193085 -0.006719765719026327
v -0.02466231770813465 0.03958328813314438 -0.006689849775284529
v -0.017785025760531425 0.039079196751117706 -0.0045128255151212215
v -0.017619790509343147 0.039040226489305496 -0.004308825824409723
v -0.02525000087916851 0.0387524850666523 -0.002480314578860998
v -0.02466231770813465 0.03958328813314438 -0.006689849775284529
v -0.02441132254898548 0.03956323489546776 -0.006615008693188429
v -0.02525000087916851 0.0387524850666523 -0.002480314578860998
v -0.02525000087916851 0.0387524850666523 -0.002480314578860998
v -0.02441132254898548 0.03956323489546776 -0.006615008693188429
v -0.024249998852610588 0.03955979645252228 -0.006602102424949408
v -0.02525000087916851 0.0387524850666523 -0.002480314578860998
v -0.024249998852610588 0.03955979645252228 -0.006602102424949408
v -0.021250000223517418 0.03955979645252228 -0.006602102424949408
v -0.021250000223517418 0.03955979645252228 -0.006602102424949408
v -0.020249998196959496 0.039521634578704834 -0.0064573441632092
v -0.02525000087916851 0.0387524850666523 -0.002480314578860998
v -0.02525000087916851 0.0387524850666523 -0.002480314578860998
v -0.020249998196959496 0.039521634578704834 -0.0064573441632092
v -0.019312387332320213 0.03941413760185242 -0.006033602636307478
v -0.02525000087916851 0.0387524850666523 -0.002480314578860998
v -0.019312387332320213 0.03941413760185242 -0.006033602636307478
v -0.019212977960705757 0.03939840942621231 -0.005969453603029251
v -0.019212977960705757 0.03939840942621231 -0.005969453603029251
v -0.018346143886446953 0.03922313451766968 -0.005210782866925001
v -0.02525000087916851 0.0387524850666523 -0.002480314578860998
v -0.02525000087916851 0.0387524850666523 -0.002480314578860998
v -0.018346143886446953 0.03922313451766968 -0.005210782866925001
v -0.018063051626086235 0.03915164992213249 -0.00487411068752408
v -0.02525000087916851 0.0387524850666523 -0.002480314578860998
v -0.018063051626086235 0.03915164992213249 -0.00487411068752408
v -0.017785025760531425 0.039079196751117706 -0.0045128255151212215
v -0.017619790509343147 0.039040226489305496 -0.004308825824409723
v -0.017423173412680626 0.03900740668177605 -0.004131090361624956
v -0.02525000087916851 0.0387524850666523 -0.002480314578860998
v -0.02525000087916851 0.0387524850666523 -0.002480314578860998
v -0.017423173412680626 0.03900740668177605 -0.004131090361624956
v -0.017345676198601723 0.03900126367807388 -0.004097177647054195
v -0.02525000087916851 0.0387524850666523 -0.002480314578860998
v -0.017345676198601723 0.03900126367807388 -0.004097177647054195
v -0.017293432727456093 0.039000000804662704 -0.004090170841664076
v 0.02225000038743019 0.08837787061929703 -0.024083275347948074
v 0.02225000038743019 0.08837787061929703 -0.024083275347948074
v -0.02525000087916851 0.08837787061929703 -0.024083275347948074
v -0.02525000087916851 0.09332431107759476 -0.019671360030770302
v 0.02225000038743019 0.09332431107759476 -0.019671360030770302
v 0.02225000038743019 0.09332431107759476 -0.019671360030770302
v -0.02525000087916851 0.09332431107759476 -0.019671360030770302
v -0.02525000087916851 0.09723806381225586 -0.014322074130177498
v 0.02225000038743019 0.09723806381225586 -0.014322074130177498
v 0.02225000038743019 0.09723806381225586 -0.014322074130177498
v -0.02525000087916851 0.09723806381225586 -0.014322074130177498
v -0.02525000087916851 0.09994583576917648 -0.008272258564829826
v 0.02225000038743019 0.09994583576917648 -0.008272258564829826
v 0.02225000038743019 0.09994583576917648 -0.008272258564829826
v -0.02525000087916851 0.09994583576917648 -0.008272258564829826
v -0.02525000087916851 0.10132773965597153 -0.0017897728830575943
v 0.02225000038743019 0.10132773965597153 -0.0017897728830575943
v 0.02225000038743019 0.10132773965597153 -0.0017897728830575943
v -0.02525000087916851 0.10132773965597153 -0.0017897728830575943
v -0.02525000087916851 0.10132259875535965 0.004838369321078062
v 0.02225000038743019 0.10132259875535965 0.004838369321078062
v 0.02225000038743019 0.10132259875535965 0.004838369321078062
v -0.02525000087916851 0.10132259875535965 0.004838369321078062
v -0.02525000087916851 0.09993063658475876 0.01131870411336422
v 0.02225000038743019 0.09993063658475876 0.01131870411336422
v 0.02225000038743019 0.09993063658475876 0.01131870411336422
v -0.02525000087916851 0.09993063658475876 0.01131870411336422
v -0.02525000087916851 0.09721348434686661 0.01736431196331978
v 0.02225000038743019 0.09721348434686661 0.01736431196331978
v 0.02225000038743019 0.09721348434686661 0.01736431196331978
v -0.02525000087916851 0.09721348434686661 0.01736431196331978
v -0.02525000087916851 0.09329143911600113 0.022707520052790642
v 0.02225000038743019 0.09329143911600113 0.022707520052790642
v 0.02225000038743019 0.09329143911600113 0.022707520052790642
v -0.02525000087916851 0.09329143911600113 0.022707520052790642
v -0.02525000087916851 0.08833815902471542 0.027111755684018135
v 0.02225000038743019 0.08833815902471542 0.027111755684018135
v 0.02225000038743019 0.08833815902471542 0.027111755684018135
v -0.02525000087916851 0.08833815902471542 0.027111755684018135
v -0.02525000087916851 0.08257294446229935 0.03038201853632927
v 0.02225000038743019 0.08257294446229935 0.03038201853632927
v 0.02225000038743019 0.08257294446229935 0.03038201853632927
v -0.02525000087916851 0.08257294446229935 0.03038201853632927
v -0.02525000087916851 0.0762510597705841 0.032373517751693726
v 0.02225000038743019 0.0762510597705841 0.032373517751693726
v 0.02225000038743019 0.0762510597705841 0.032373517751693726
v -0.02525000087916851 0.0762510597705841 0.032373517751693726
v -0.02525000087916851 0.06965240836143494 0.03299808129668236
v 0.02225000038743019 0.06965240836143494 0.03299808129668236
v 0.02225000038743019 0.06965240836143494 0.03299808129668236
v -0.02525000087916851 0.06965240836143494 0.03299808129668236
v -0.02525000087916851 0.06306914240121841 0.032228052616119385
v 0.02225000038743019 0.06306914240121841 0.032228052616119385
v 0.02225000038743019 0.06306914240121841 0.032228052616119385
v -0.02525000087916851 0.06306914240121841 0.032228052616119385
v -0.02525000087916851 0.05679274722933769 0.03009752556681633
v 0.02225000038743019 0.05679274722933769 0.03009752556681633
v 0.02225000038743019 0.05679274722933769 0.03009752556681633
v -0.02525000087916851 0.05679274722933769 0.03009752556681633
v -0.02525000087916851 0.05110110715031624 0.026700830087065697
v 0.02225000038743019 0.05110110715031624 0.026700830087065697
v 0.02225000038743019 0.05110110715031624 0.026700830087065697
v -0.02525000087916851 0.05110110715031624 0.026700830087065697
v -0.02525000087916851 0.04624622315168381 0.022188358008861542
v 0.02225000038743019 0.04624622315168381 0.022188358008861542
v 0.02225000038743019 0.04624622315168381 0.022188358008861542
v -0.02525000087916851 0.04624622315168381 0.022188358008861542
v -0.02525000087916851 0.04244304820895195 0.016759898513555527
v 0.02225000038743019 0.04244304820895195 0.016759898513555527
v 0.02225000038743019 0.04244304820895195 0.016759898513555527
v -0.02525000087916851 0.04244304820895195 0.016759898513555527
v -0.02525000087916851 0.03985997289419174 0.010655801743268967
v 0.02225000038743019 0.03985997289419174 0.010655801743268967
v 0.02225000038743019 0.03985997289419174 0.010655801743268967
v -0.02525000087916851 0.03985997289419174 0.010655801743268967
v -0.02525000087916851 0.03861135616898537 0.004146327264606953
v 0.02225000038743019 0.03861135616898537 0.004146327264606953
v 0.02225000038743019 0.03861135616898537 0.004146327264606953
v -0.02525000087916851 0.03861135616898537 0.004146327264606953
v -0.02525000087916851 0.0387524850666523 -0.002480314578860998
v 0.02225000038743019 0.0387524850666523 -0.002480314578860998
v 0.02225000038743019 0.0387524850666523 -0.002480314578860998
v -0.02525000087916851 0.0387524850666523 -0.002480314578860998
v -0.017293432727456093 0.039000000804662704 -0.004090170841664076
v 0.02225000038743019 0.039000000804662704 -0.004090171307325363
v 0.02225000038743019 0.08811498433351517 -0.023656457662582397
v 0.02225000038743019 0.08357857167720795 -0.026923097670078278
v 0.02225000038743019 0.08837787061929703 -0.024083275347948074
v 0.02225000038743019 0.09284445643424988 -0.019455451518297195
v 0.02225000038743019 0.09332431107759476 -0.019671360030770302
v 0.02225000038743019 0.09662267565727234 -0.014381855726242065
v 0.02225000038743019 0.09723806381225586 -0.014322074130177498
v 0.02225000038743019 0.0992923155426979 -0.008646933361887932
v 0.02225000038743019 0.09994583576917648 -0.008272258564829826
v 0.02225000038743019 0.10074222087860107 -0.0024894913658499718
v 0.02225000038743019 0.10132773965597153 -0.0017897728830575943
v 0.02225000038743019 0.10091200470924377 0.0038340750616043806
v 0.02225000038743019 0.10132259875535965 0.004838369321078062
v 0.02225000038743019 0.09979461133480072 0.010060450062155724
v 0.02225000038743019 0.09993063658475876 0.01131870411336422
v 0.02225000038743019 0.09743655472993851 0.015930363908410072
v 0.02225000038743019 0.09721348434686661 0.01736431196331978
v 0.02225000038743019 0.09393603354692459 0.02119939588010311
v 0.02225000038743019 0.09329143911600113 0.022707520052790642
v 0.02225000038743019 0.08943881094455719 0.02564813755452633
v 0.02225000038743019 0.08833815902471542 0.027111755684018135
v 0.02225000038743019 0.08413214981555939 0.02909134328365326
v 0.02225000038743019 0.08257294446229935 0.03038201853632927
v 0.02225000038743019 0.07823702692985535 0.031385637819767
v 0.02225000038743019 0.0762510597705841 0.032373517751693726
v 0.02225000038743019 0.07199890166521072 0.03243548423051834
v 0.02225000038743019 0.06965240836143494 0.03299808129668236
v 0.02225000038743019 0.06567755341529846 0.032197169959545135
v 0.02225000038743019 0.06306914240121841 0.032228052616119385
v 0.02225000038743019 0.05953618511557579 0.030680619180202484
v 0.02225000038743019 0.05679274722933769 0.03009752556681633
v 0.02225000038743019 0.05383053421974182 0.027948975563049316
v 0.02225000038743019 0.05110110715031624 0.026700830087065697
v 0.02225000038743019 0.04879818484187126 0.024115988984704018
v 0.02225000038743019 0.04624622315168381 0.022188358008861542
v 0.02225000038743019 0.044648684561252594 0.01934126764535904
v 0.02225000038743019 0.04244304820895195 0.016759898513555527
v 0.02225000038743019 0.04155481979250908 0.01382362935692072
v 0.02225000038743019 0.03985997289419174 0.010655801743268967
v 0.02225000038743019 0.039645422250032425 0.007792831864207983
v 0.02225000038743019 0.03861135616898537 0.004146327264606953
v 0.02225000038743019 0.039000000804662704 0.0014999988488852978
v 0.02225000038743019 0.0387524850666523 -0.002480314578860998
v 0.02225000038743019 0.039000000804662704 -0.004090171307325363
v 0.02225000038743019 0.07000000029802322 -0.030000001192092896
v 0.02225000038743019 0.07559017091989517 -0.029500000178813934
v 0.02225000038743019 0.06440982967615128 -0.029500000178813934
v 0.02225000038743019 0.04925461858510971 0.014632049947977066
v 0.02225000038743019 0.04852256923913956 0.013899999670684338
v 0.02225000038743019 0.05025462061166763 0.012899999506771564
v 0.02225000038743019 0.04825462028384209 0.012899999506771564
v 0.02225000038743019 0.04852256923913956 0.011899999342858791
v 0.02225000038743019 0.05198667198419571 0.013899999670684338
v 0.02225000038743019 0.05125461891293526 0.014632049947977066
v 0.02225000038743019 0.05025462061166763 0.014899998903274536
v 0.02225000038743019 0.05125461891293526 0.011167948134243488
v 0.02225000038743019 0.05198667198419571 0.011899999342858791
v 0.02225000038743019 0.05225462093949318 0.012899999506771564
v 0.02225000038743019 0.04925461858510971 0.011167948134243488
v 0.02225000038743019 0.05025462061166763 0.010899999178946018
v 0.02225000038743019 0.05224647745490074 0.011749999597668648
v 0.02225000038743019 0.050198521465063095 0.006805789191275835
v 0.02225000038743019 0.07000000029802322 0.0014999988488852978
v 0.02225000038743019 0.0494999997317791 0.0014999988488852978
v 0.02225000038743019 0.050198521465063095 -0.0038057914935052395
v 0.02225000038743019 0.06469421088695526 0.021301478147506714
v 0.02225000038743019 0.05974999815225601 0.019253520295023918
v 0.02225000038743019 0.05550431087613106 0.01599568873643875
v 0.02225000038743019 0.08025000244379044 0.019253520295023918
v 0.02225000038743019 0.07530578970909119 0.021301478147506714
v 0.02225000038743019 0.07000000029802322 0.02199999988079071
v 0.02225000038743019 0.08980147540569305 0.006805789191275835
v 0.02225000038743019 0.08775351941585541 0.011749999597668648
v 0.02225000038743019 0.08449568599462509 0.01599568873643875
v 0.02225000038743019 0.08775351941585541 -0.008750000968575478
v 0.02225000038743019 0.08980147540569305 -0.0038057914935052395
v 0.02225000038743019 0.09049999713897705 0.0014999988488852978
v 0.02225000038743019 0.07530578970909119 -0.018301479518413544
v 0.02225000038743019 0.08025000244379044 -0.016253521665930748
v 0.02225000038743019 0.08449568599462509 -0.012995690107345581
v 0.02225000038743019 0.05974999815225601 -0.016253521665930748
v 0.02225000038743019 0.06469421088695526 -0.018301479518413544
v 0.02225000038743019 0.07000000029802322 -0.01900000125169754
v 0.02225000038743019 0.05224647745490074 -0.008750000968575478
v 0.02225000038743019 0.05550431087613106 -0.012995690107345581
v -0.02525000087916851 0.08261773735284805 -0.027362480759620667
v -0.02525000087916851 0.0387524850666523 -0.002480314578860998
v -0.02525000087916851 0.03861135616898537 0.004146327264606953
v -0.02525000087916851 0.09723806381225586 -0.014322074130177498
v -0.02525000087916851 0.09332431107759476 -0.019671360030770302
v -0.02525000087916851 0.05679274722933769 0.03009752556681633
v -0.02525000087916851 0.03343648836016655 -0.02256566286087036
v -0.02525000087916851 0.03576146438717842 -0.021176554262638092
v -0.02525000087916851 0.06440982967615128 -0.029500000178813934
v -0.02525000087916851 0.037676554173231125 -0.019261466339230537
v -0.02525000087916851 0.039065662771463394 -0.016936490312218666
v -0.02525000087916851 0.03985997289419174 0.010655801743268967
v -0.02525000087916851 0.04244304820895195 0.016759898513555527
v -0.02525000087916851 0.04624622315168381 0.022188358008861542
v -0.02525000087916851 -2.9802671441814255e-10 -0.02250000089406967
v -0.02525000087916851 0.028999999165534973 -0.02250000089406967
v -0.02525000087916851 -2.9802671441814255e-10 -0.029500000178813934
v -0.02525000087916851 0.028999999165534973 -0.023500001057982445
v -0.02525000087916851 0.03084256872534752 -0.023344581946730614
v -0.02525000087916851 0.08837787061929703 -0.024083275347948074
v -0.02525000087916851 0.05110110715031624 0.026700830087065697
v -0.02525000087916851 0.06306914240121841 0.032228052616119385
v -0.02525000087916851 0.06965240836143494 0.03299808129668236
v -0.02525000087916851 0.10132773965597153 -0.0017897728830575943
v -0.02525000087916851 0.0762510597705841 0.032373517751693726
v -0.02525000087916851 0.09994583576917648 -0.008272258564829826
v -0.02525000087916851 0.0398445799946785 -0.014342568814754486
v -0.02525000087916851 0.03999999910593033 -0.01250000111758709
v -0.02525000087916851 0.03999999910593033 -0.008104686625301838
v -0.02525000087916851 0.08257294446229935 0.03038201853632927
v -0.02525000087916851 0.08833815902471542 0.027111755684018135
v -0.02525000087916851 0.09329143911600113 0.022707520052790642
v -0.02525000087916851 0.09721348434686661 0.01736431196331978
v -0.02525000087916851 0.09993063658475876 0.01131870411336422
v -0.02525000087916851 0.10132259875535965 0.004838369321078062
v -0.02525000087916851 0.08261773735284805 -0.029500000178813934
v -0.02525000087916851 0.07559017091989517 -0.029500000178813934
v -0.02525000087916851 0.07000000029802322 -0.030000001192092896
v 0.02525000087916851 0.028999999165534973 -0.02250000089406967
v 0.02525000087916851 0.028999999165534973 -0.023500001057982445
v 0.02518819086253643 0.028999999165534973 -0.02315388433635235
v 0.02495710738003254 0.028999999165534973 -0.022792894393205643
v 0.024596117436885834 0.028999999165534973 -0.022561809048056602
v 0.024250000715255737 0.028999999165534973 -0.02250000089406967
v -0.02525000087916851 0.028999999165534973 -0.02250000089406967
v -0.024249998852610588 0.028999999165534973 -0.02250000089406967
v -0.024596115574240685 0.028999999165534973 -0.022561809048056602
v -0.02495710738003254 0.028999999165534973 -0.022792894393205643
v -0.02518819086253643 0.028999999165534973 -0.02315388433635235
v -0.02525000087916851 0.028999999165534973 -0.023500001057982445
v -0.02525000087916851 0.08261773735284805 -0.029500000178813934
v -0.02525000087916851 0.08261773735284805 -0.027362480759620667
v -0.024856487289071083 0.08261773735284805 -0.027362480759620667
v 0.024632683023810387 0.08261773735284805 -0.027521183714270592
v 0.02495710738003254 0.08261773735284805 -0.02725405804812908
v 0.02525000087916851 0.08261773735284805 -0.029500000178813934
v 0.02517388015985489 0.08261773735284805 -0.026854274794459343
v 0.02525000087916851 0.08261773735284805 -0.026382697746157646
v -0.024571934714913368 0.08261773735284805 -0.02754938043653965
v -0.024249998852610588 0.08261773735284805 -0.027614986523985863
v 0.024250000715255737 0.08261773735284805 -0.027614986523985863
f 1 2 3
f 1 3 4
f 5 6 7
f 5 7 8
f 9 10 11
f 12 13 14
f 15 16 17
f 18 19 20
f 21 22 23
f 24 25 26
f 27 28 29
f 30 31 32
f 33 34 35
f 36 37 38
f 39 40 41
f 42 43 44
f 45 46 47
f 48 49 50
f 51 52 53
f 54 55 56
f 57 58 59
f 60 61 62
f 63 64 65
f 66 67 68
f 69 70 71
f 72 73 74
f 75 76 77
f 78 79 80
f 81 82 83
f 84 85 86
f 87 88 89
f 90 91 92
f 93 94 95
f 96 97 98
f 99 100 101
f 102 103 104
f 105 106 107
f 108 109 110
f 111 112 113
f 114 115 116
f 117 118 119
f 120 121 122
f 123 124 125
f 126 127 128
f 129 130 131
f 132 133 134
f 135 136 137
f 138 139 140
f 141 142 143
f 144 145 146
f 147 148 149
f 150 151 152
f 153 154 155
f 156 157 158
f 159 160 161
f 162 163 164
f 165 166 167
f 168 169 170
f 171 172 173
f 174 175 176
f 177 178 179
f 180 181 182
f 183 184 185
f 186 187 188
f 189 190 191
f 192 193 194
f 195 196 197
f 198 199 200
f 201 202 203
f 204 205 206
f 207 208 209
f 210 211 212
f 213 214 215
f 216 217 218
f 219 220 221
f 222 223 224
f 225 226 227
f 228 229 230
f 231 232 233
f 234 235 236
f 237 238 239
f 240 241 242
f 243 244 245
f 246 247 248
f 249 250 251
f 252 253 254
f 255 256 257
f 258 259 260
f 261 262 263
f 264 265 266
f 267 268 269
f 270 271 272
f 273 274 275
f 276 277 278
f 279 280 281
f 282 283 284
f 285 286 287
f 288 289 290
f 291 292 293
f 291 293 294
f 295 296 297
f 295 297 298
f 299 300 301
f 299 301 302
f 303 304 305
f 303 305 306
f 307 308 309
f 310 311 312
f 313 314 315
f 316 317 318
f 316 318 319
f 320 321 322
f 320 322 323
f 324 325 326
f 324 326 327
f 328 329 330
f 328 330 331
f 332 333 334
f 332 334 335
f 336 337 338
f 336 338 339
f 340 341 342
f 340 342 343
f 344 345 346
f 344 346 347
f 348 349 350
f 348 350 351
f 352 353 354
f 352 354 355
f 356 357 358
f 356 358 359
f 360 361 362
f 360 362 363
f 364 365 366
f 364 366 367
f 368 369 370
f 368 370 371
f 372 373 374
f 372 374 375
f 376 377 378
f 376 378 379
f 380 381 382
f 380 382 383
f 384 385 386
f 387 388 389
f 390 391 392
f 393 394 395
f 393 395 396
f 397 398 399
f 397 399 400
f 401 402 403
f 401 403 404
f 405 406 407
f 405 407 408
f 409 410 411
f 409 411 412
f 413 414 415
f 416 417 418
f 416 418 419
f 420 421 422
f 420 422 423
f 424 425 426
f 424 426 427
f 428 429 430
f 428 430 431
f 432 433 434
f 435 436 437
f 438 439 440
f 441 442 443
f 444 445 446
f 447 448 449
f 450 451 452
f 453 454 455
f 456 457 458
f 459 460 461
f 462 463 464
f 465 466 467
f 468 469 470
f 468 470 471
f 472 473 474
f 475 476 477
f 478 479 480
f 481 482 483
f 484 485 486
f 487 488 489
f 490 491 492
f 490 492 493
f 494 495 496
f 497 498 499
f 500 501 502
f 503 504 505
f 506 507 508
f 509 510 511
f 512 513 514
f 512 514 515
f 516 517 518
f 519 520 521
f 519 521 522
f 523 524 525
f 526 527 528
f 529 530 531
f 532 533 534
f 535 536 537
f 538 539 540
f 541 542 543
f 544 545 546
f 547 548 549
f 550 551 552
f 553 554 555
f 556 557 558
f 556 558 559
f 560 561 562
f 563 564 565
f 563 565 566
f 567 568 569
f 570 571 572
f 573 574 575
f 576 577 578
f 579 580 581
f 582 583 584
f 585 586 587
f 588 589 590
f 560 591 561
f 592 593 594
f 595 596 597
f 598 599 600
f 601 602 603
f 604 605 606
f 607 608 609
f 610 611 612
f 592 613 593
f 614 615 616
f 617 618 619
f 620 621 622
f 623 624 625
f 626 627 628
f 629 630 631
f 632 633 634
f 614 635 615
f 636 637 638
f 639 640 641
f 639 641 642
f 643 644 645
f 646 647 648
f 649 650 651
f 652 653 654
f 655 656 657
f 658 659 660
f 661 662 663
f 664 665 666
f 667 668 669
f 670 671 672
f 670 672 673
f 674 675 676
f 677 678 679
f 677 679 680
f 681 682 683
f 684 685 686
f 687 688 689
f 690 691 692
f 693 694 695
f 696 697 698
f 699 700 701
f 702 703 704
f 705 706 707
f 707 706 708
f 709 710 711
f 711 710 712
f 713 714 715
f 715 714 716
f 717 718 719
f 719 718 720
f 721 722 723
f 723 722 724
f 725 726 727
f 727 726 728
f 729 730 731
f 731 730 732
f 733 734 735
f 735 734 736
f 737 738 739
f 739 738 740
f 741 742 743
f 743 742 744
f 745 746 747
f 747 746 748
f 749 750 751
f 751 750 752
f 753 754 755
f 755 754 756
f 757 758 759
f 759 758 760
f 761 762 763
f 763 762 764
f 765 766 767
f 767 766 768
f 769 770 771
f 771 770 772
f 773 774 775
f 775 774 776
f 777 778 779
f 779 778 780
f 781 782 783
f 783 782 784
f 785 786 787
f 787 786 788
f 789 790 791
f 791 790 792
f 793 794 795
f 795 794 796
f 797 798 799
f 799 798 800
f 801 802 803
f 803 802 804
f 805 806 807
f 807 806 808
f 809 810 811
f 811 810 812
f 813 814 815
f 815 814 816
f 817 818 819
f 819 818 820
f 821 822 823
f 823 822 824
f 825 826 827
f 827 826 828
f 829 830 831
f 831 830 832
f 833 834 835
f 835 834 836
f 837 838 839
f 840 841 842
f 843 844 845
f 846 847 848
f 849 850 851
f 851 850 852
f 853 854 855
f 855 854 856
f 857 858 859
f 859 858 860
f 861 862 863
f 863 862 864
f 865 866 867
f 867 866 868
f 869 870 871
f 871 870 872
f 873 874 875
f 875 874 876
f 877 878 879
f 879 878 880
f 881 882 883
f 883 882 884
f 885 886 887
f 887 886 888
f 889 890 891
f 891 890 892
f 893 894 895
f 895 894 896
f 897 898 899
f 899 898 900
f 901 902 903
f 903 902 904
f 905 906 907
f 907 906 908
f 909 910 911
f 911 910 912
f 913 914 915
f 915 914 916
f 917 918 919
f 919 918 920
f 921 922 923
f 923 922 924
f 925 926 927
f 927 926 928
f 929 930 931
f 931 930 932
f 933 934 935
f 935 934 936
f 937 938 939
f 939 938 940
f 941 942 943
f 943 942 944
f 945 946 947
f 947 946 948
f 949 950 951
f 951 950 952
f 953 954 955
f 955 954 956
f 957 958 959
f 959 958 960
f 961 962 963
f 963 962 964
f 965 966 967
f 967 966 968
f 969 970 971
f 971 970 972
f 973 974 975
f 975 974 976
f 977 978 979
f 979 978 980
f 981 982 983
f 984 985 986
f 987 988 989
f 990 991 992
f 993 994 995
f 996 997 998
f 999 1000 1001
f 1002 1003 1004
f 1004 1003 1005
f 1006 1007 1008
f 1005 1003 1009
f 1009 1003 1010
f 1009 1010 1011
f 1011 1010 1012
f 1011 1012 1013
f 1007 1014 1008
f 1008 1014 1013
f 1008 1013 1015
f 1015 1013 1012
f 1016 1017 1018
f 1018 1017 1019
f 1018 1019 1020
f 1020 1019 1021
f 1020 1021 993
f 993 1021 1022
f 993 1022 994
f 994 1022 1006
f 994 1006 1023
f 1023 1006 1008
f 1024 1025 1026
f 1026 1027 1024
f 1024 1027 1028
f 1024 1028 1029
f 1029 1028 1030
f 1029 1030 1031
f 1031 1030 1032
f 1031 1032 1033
f 1034 1035 1036
f 1036 1035 1026
f 1036 1026 1037
f 1037 1026 1025
f 1038 1039 1040
f 1040 1039 1041
f 1041 1042 1040
f 1040 1042 1043
f 1040 1043 1044
f 1044 1043 1045
f 1044 1045 1046
f 1046 1045 1047
f 1046 1047 1048
f 1048 1047 1049
f 1050 1051 1052
f 1052 1051 1053
f 1052 1053 1049
f 1047 1054 1049
f 1049 1054 1055
f 1049 1055 1052
f 1052 1055 1056
f 1052 1056 1057
f 1058 1059 1060
f 1060 1059 1061
f 1061 1059 1062
f 1061 1062 1063
f 1064 1065 1066
f 1066 1065 1067
f 1066 1067 1068
f 1068 1067 1058
f 1068 1058 1069
f 1069 1058 1060
f 1069 1060 1070
f 1071 1072 1064
f 1064 1072 1073
f 1064 1073 1065
f 1074 1075 1076
f 1076 1075 1077
f 1078 1079 1080
f 1078 1080 1081
f 1074 1076 1082
f 1082 1076 1080
f 1082 1080 1083
f 1083 1080 1079
f 1083 1079 1084
f 1084 1079 1085
f 1084 1085 1086
f 1086 1085 1087
f 1086 1087 1088
f 1089 1090 999
f 999 1090 1088
f 999 1088 1091
f 1091 1088 1087
f 1023 1092 994
f 994 1092 1093
f 994 1093 995
f 995 1093 1094
f 995 1094 1095
f 1095 1094 1096
f 1095 1096 1097
f 1097 1096 1098
f 1097 1098 1002
f 1089 999 1004
f 1004 999 1001
f 1004 1001 1002
f 1002 1001 1099
f 1002 1099 1097
f 1016 1018 1100
f 1100 1018 1101
f 1100 1101 1102
f 1103 1104 1105
f 1105 1104 1106
f 1105 1106 1107
f 1107 1106 1108
f 1107 1108 1109
f 1109 1108 1110
f 1109 1110 1102
f 1110 1111 1102
f 1102 1111 1035
f 1102 1035 1100
f 1100 1035 1034
f 1100 1034 1016
f 1038 1112 1113
f 1113 1112 1114
f 1112 1115 1114
f 1114 1115 1116
f 1114 1116 1050
f 1050 1116 1117
f 1050 1117 1051
f 1038 1113 1039
f 1039 1113 1118
f 1039 1118 1119
f 1071 1120 1072
f 1072 1120 1041
f 1072 1041 1121
f 1121 1041 1039
f 1121 1039 1122
f 1122 1039 1119
f 1122 1119 1123
f 1124 1125 1126
f 1124 1126 990
f 990 1126 1127
f 990 1127 991
f 1125 1124 1128
f 1128 1124 1129
f 1128 1129 1000
f 1000 1129 1130
f 1000 1130 1001
f 1001 1130 1131
f 1001 1131 1099
f 998 1132 996
f 996 1132 1133
f 996 1133 1134
f 1135 1136 1137
f 1137 1136 1138
f 1137 1138 1133
f 1133 1138 1139
f 1133 1139 1134
f 1032 1103 1140
f 1140 1103 1105
f 1140 1105 1137
f 1137 1105 1141
f 1137 1141 1135
f 1127 1081 991
f 991 1081 1080
f 991 1080 992
f 992 1080 1076
f 992 1076 1142
f 1142 1076 1143
f 1144 1076 989
f 989 1076 1077
f 989 1077 1145
f 1146 1147 1148
f 1149 1150 989
f 989 1150 1151
f 989 1151 1144
f 1152 1143 1153
f 1153 1143 1076
f 1153 1076 1154
f 1154 1076 1144
f 1146 1148 1155
f 1155 1148 1156
f 1155 1156 1157
f 1157 1156 1158
f 1157 1158 1159
f 1147 1146 1160
f 1160 1146 1161
f 1160 1161 1152
f 1152 1161 1162
f 1152 1162 1143
f 1158 1149 1159
f 1159 1149 989
f 1159 989 1163
f 1163 989 988
f 1145 1070 989
f 989 1070 1060
f 989 1060 987
f 987 1060 1061
f 987 1061 1164
f 1164 1061 1063
f 1164 1063 1119
f 1119 1063 1165
f 1119 1165 1123
f 1133 1114 1137
f 1137 1114 1050
f 1137 1050 1140
f 1140 1050 1052
f 1140 1052 1032
f 1032 1052 1057
f 1032 1057 1033
f 1166 1167 1168
f 1169 1170 1171
f 1172 1173 1174
f 1175 1176 1177
f 1178 1179 1180
f 1181 1182 1183
f 1184 1185 1186
f 1187 1188 1189
f 1190 1191 1192
f 1193 1194 1195
f 1196 1197 1198
f 1199 1200 1201
f 1202 1203 1204
f 1205 1206 1207
f 1208 1209 1210
f 1211 1212 1213
f 1214 1215 1216
f 1217 1218 1219
f 1220 1221 1222
f 1223 1224 1225
f 1226 1227 1228
f 1229 1230 1231
f 1232 1233 1234
f 1235 1236 1237
f 1238 1239 1240
f 1241 1242 1243
f 1244 1245 1246
f 1247 1248 1249
f 1250 1251 1252
f 1253 1254 1255
f 1256 1257 1258
f 1259 1260 1261
f 1262 1263 1264
f 1265 1266 1267
f 1268 1269 1270
f 1271 1272 1273
f 1274 1275 1276
f 1277 1278 1279
f 1280 1281 1282
f 1283 1284 1285
f 1286 1287 1288
f 1289 1290 1291
f 1292 1293 1294
f 1295 1296 1297
f 1298 1299 1300
f 1301 1302 1303
f 1304 1305 1306
f 1307 1308 1309
f 1310 1311 1312
f 1313 1314 1315
f 1316 1317 1318
f 1319 1320 1321
f 1322 1323 1324
f 1325 1326 1327
f 1328 1329 1330
f 1330 1329 1331
f 1330 1331 1332
f 1333 1334 1330
f 1330 1334 1335
f 1330 1335 1328
f 1336 1337 1330
f 1330 1337 1338
f 1330 1338 1333
f 1332 1339 1330
f 1330 1339 1340
f 1330 1340 1336
f 1341 1342 1343
f 1343 1342 1344
f 1345 1346 1347
f 1347 1346 1348
f 1349 1350 1351
f 1351 1350 1352
f 1353 1354 1355
f 1355 1354 1356
f 1357 1358 1359
f 1359 1358 1360
f 1361 1362 1363
f 1363 1362 1364
f 1365 1366 1367
f 1367 1366 1368
f 1369 1370 1371
f 1371 1370 1372
f 1373 1374 1375
f 1375 1374 1376
f 1377 1378 1379
f 1379 1378 1380
f 1381 1382 1383
f 1383 1382 1384
f 1385 1386 1387
f 1387 1386 1388
f 1389 1390 1391
f 1391 1390 1392
f 1393 1394 1395
f 1395 1394 1396
f 1397 1398 1399
f 1399 1398 1400
f 1401 1402 1403
f 1403 1402 1404
f 1405 1406 1407
f 1407 1406 1408
f 1409 1410 1411
f 1411 1410 1412
f 1413 1414 1415
f 1415 1414 1416
f 1417 1418 1419
f 1419 1418 1420
f 1421 1422 1423
f 1423 1422 1424
f 1425 1426 1427
f 1427 1426 1428
f 1429 1430 1431
f 1431 1430 1432
f 1433 1434 1435
f 1435 1434 1436
f 1437 1438 1439
f 1439 1438 1440
f 1439 1440 1441
f 1442 1443 1439
f 1439 1443 1444
f 1439 1444 1437
f 1445 1446 1439
f 1439 1446 1447
f 1439 1447 1442
f 1441 1448 1439
f 1439 1448 1449
f 1439 1449 1445
f 1450 1451 1452
f 1452 1451 1453
f 1454 1455 1456
f 1456 1455 1457
f 1458 1459 1460
f 1460 1459 1461
f 1462 1463 1464
f 1464 1463 1465
f 1466 1467 1468
f 1468 1467 1469
f 1470 1471 1472
f 1472 1471 1473
f 1474 1475 1476
f 1476 1475 1477
f 1478 1479 1480
f 1480 1479 1481
f 1482 1483 1484
f 1484 1483 1485
f 1486 1487 1488
f 1488 1487 1489
f 1490 1491 1492
f 1492 1491 1493
f 1494 1495 1496
f 1496 1495 1497
f 1498 1499 1500
f 1500 1499 1501
f 1502 1503 1504
f 1504 1503 1505
f 1506 1507 1508
f 1508 1507 1509
f 1510 1511 1512
f 1512 1511 1513
f 1514 1515 1516
f 1516 1515 1517
f 1518 1519 1520
f 1520 1519 1521
f 1522 1523 1524
f 1524 1523 1525
f 1526 1527 1528
f 1528 1527 1529
f 1530 1531 1532
f 1532 1531 1533
f 1534 1535 1536
f 1536 1535 1537
f 1538 1539 1540
f 1540 1539 1541
f 1542 1543 1544
f 1544 1543 1545
f 1546 1547 1548
f 1548 1547 1549
f 1548 1549 1550
f 1551 1552 1548
f 1548 1552 1553
f 1548 1553 1546
f 1554 1555 1548
f 1548 1555 1556
f 1548 1556 1551
f 1550 1557 1548
f 1548 1557 1558
f 1548 1558 1554
f 1559 1560 1561
f 1561 1560 1562
f 1563 1564 1565
f 1565 1564 1566
f 1567 1568 1569
f 1569 1568 1570
f 1571 1572 1573
f 1573 1572 1574
f 1575 1576 1577
f 1577 1576 1578
f 1579 1580 1581
f 1581 1580 1582
f 1583 1584 1585
f 1585 1584 1586
f 1587 1588 1589
f 1589 1588 1590
f 1591 1592 1593
f 1593 1592 1594
f 1595 1596 1597
f 1597 1596 1598
f 1599 1600 1601
f 1601 1600 1602
f 1603 1604 1605
f 1605 1604 1606
f 1607 1608 1609
f 1609 1608 1610
f 1611 1612 1613
f 1613 1612 1614
f 1615 1616 1617
f 1617 1616 1618
f 1619 1620 1621
f 1621 1620 1622
f 1623 1624 1625
f 1625 1624 1626
f 1627 1628 1629
f 1629 1628 1630
f 1631 1632 1633
f 1633 1632 1634
f 1635 1636 1637
f 1637 1636 1638
f 1639 1640 1641
f 1641 1640 1642
f 1643 1644 1645
f 1645 1644 1646
f 1647 1648 1649
f 1649 1648 1650
f 1651 1652 1653
f 1653 1652 1654
f 1655 1656 1657
f 1657 1656 1658
f 1657 1658 1659
f 1660 1661 1657
f 1657 1661 1662
f 1657 1662 1655
f 1663 1664 1657
f 1657 1664 1665
f 1657 1665 1660
f 1659 1666 1657
f 1657 1666 1667
f 1657 1667 1663
f 1668 1669 1670
f 1670 1669 1671
f 1672 1673 1674
f 1674 1673 1675
f 1676 1677 1678
f 1678 1677 1679
f 1680 1681 1682
f 1682 1681 1683
f 1684 1685 1686
f 1686 1685 1687
f 1688 1689 1690
f 1690 1689 1691
f 1692 1693 1694
f 1694 1693 1695
f 1696 1697 1698
f 1698 1697 1699
f 1700 1701 1702
f 1702 1701 1703
f 1704 1705 1706
f 1706 1705 1707
f 1708 1709 1710
f 1710 1709 1711
f 1712 1713 1714
f 1714 1713 1715
f 1716 1717 1718
f 1718 1717 1719
f 1720 1721 1722
f 1722 1721 1723
f 1724 1725 1726
f 1726 1725 1727
f 1728 1729 1730
f 1730 1729 1731
f 1732 1733 1734
f 1734 1733 1735
f 1736 1737 1738
f 1738 1737 1739
f 1740 1741 1742
f 1742 1741 1743
f 1744 1745 1746
f 1746 1745 1747
f 1748 1749 1750
f 1750 1749 1751
f 1752 1753 1754
f 1754 1753 1755
f 1756 1757 1758
f 1758 1757 1759
f 1760 1761 1762
f 1762 1761 1763
f 1764 1765 1766
f 1766 1765 1767
f 1766 1767 1768
f 1769 1770 1766
f 1766 1770 1771
f 1766 1771 1764
f 1772 1773 1766
f 1766 1773 1774
f 1766 1774 1769
f 1768 1775 1766
f 1766 1775 1776
f 1766 1776 1772
f 1777 1778 1779
f 1779 1778 1780
f 1781 1782 1783
f 1783 1782 1784
f 1785 1786 1787
f 1787 1786 1788
f 1789 1790 1791
f 1791 1790 1792
f 1793 1794 1795
f 1795 1794 1796
f 1797 1798 1799
f 1799 1798 1800
f 1801 1802 1803
f 1803 1802 1804
f 1805 1806 1807
f 1807 1806 1808
f 1809 1810 1811
f 1811 1810 1812
f 1813 1814 1815
f 1815 1814 1816
f 1817 1818 1819
f 1819 1818 1820
f 1821 1822 1823
f 1823 1822 1824
f 1825 1826 1827
f 1827 1826 1828
f 1829 1830 1831
f 1831 1830 1832
f 1833 1834 1835
f 1835 1834 1836
f 1837 1838 1839
f 1839 1838 1840
f 1841 1842 1843
f 1843 1842 1844
f 1845 1846 1847
f 1847 1846 1848
f 1849 1850 1851
f 1851 1850 1852
f 1853 1854 1855
f 1855 1854 1856
f 1857 1858 1859
f 1859 1858 1860
f 1861 1862 1863
f 1863 1862 1864
f 1865 1866 1867
f 1867 1866 1868
f 1869 1870 1871
f 1871 1870 1872
f 1873 1874 1875
f 1875 1874 1876
f 1875 1876 1877
f 1878 1879 1875
f 1875 1879 1880
f 1875 1880 1873
f 1881 1882 1875
f 1875 1882 1883
f 1875 1883 1878
f 1877 1884 1875
f 1875 1884 1885
f 1875 1885 1881
f 1886 1887 1888
f 1888 1887 1889
f 1890 1891 1892
f 1892 1891 1893
f 1894 1895 1896
f 1896 1895 1897
f 1898 1899 1900
f 1900 1899 1901
f 1902 1903 1904
f 1904 1903 1905
f 1906 1907 1908
f 1908 1907 1909
f 1910 1911 1912
f 1912 1911 1913
f 1914 1915 1916
f 1916 1915 1917
f 1918 1919 1920
f 1920 1919 1921
f 1922 1923 1924
f 1924 1923 1925
f 1926 1927 1928
f 1928 1927 1929
f 1930 1931 1932
f 1932 1931 1933
f 1934 1935 1936
f 1936 1935 1937
f 1938 1939 1940
f 1940 1939 1941
f 1942 1943 1944
f 1944 1943 1945
f 1946 1947 1948
f 1948 1947 1949
f 1950 1951 1952
f 1952 1951 1953
f 1954 1955 1956
f 1956 1955 1957
f 1958 1959 1960
f 1960 1959 1961
f 1962 1963 1964
f 1964 1963 1965
f 1966 1967 1968
f 1968 1967 1969
f 1970 1971 1972
f 1972 1971 1973
f 1974 1975 1976
f 1976 1975 1977
f 1978 1979 1980
f 1980 1979 1981
f 1982 1983 1984
f 1985 1986 1987
f 1988 1989 1990
f 1991 1992 1993
f 1994 1995 1996
f 1997 1998 1999
f 1997 1999 2000
f 2001 2002 2003
f 2001 2003 2004
f 2005 2006 2007
f 2005 2007 2008
f 2009 2010 2011
f 2009 2011 2012
f 2013 2014 2015
f 2013 2015 2016
f 2017 2018 2019
f 2017 2019 2020
f 2021 2022 2023
f 2021 2023 2024
f 2025 2026 2027
f 2025 2027 2028
f 2029 2030 2031
f 2029 2031 2032
f 2033 2034 2035
f 2033 2035 2036
f 2037 2038 2039
f 2037 2039 2040
f 2041 2042 2043
f 2041 2043 2044
f 2045 2046 2047
f 2045 2047 2048
f 2049 2050 2051
f 2049 2051 2052
f 2053 2054 2055
f 2056 2057 2058
f 2058 2059 2056
f 2060 2061 2062
f 2060 2062 2063
f 2064 2065 2066
f 2064 2066 2067
f 2068 2069 2070
f 2068 2070 2071
f 2072 2073 2074
f 2072 2074 2075
f 2076 2077 2078
f 2076 2078 2079
f 2080 2081 2082
f 2082 2081 2083
f 2084 2085 2086
f 2087 2088 2089
f 2090 2091 2092
f 2093 2094 2095
f 2096 2097 2098
f 2099 2100 2101
f 2102 2103 2104
f 2105 2106 2107
f 2108 2109 2110
f 2111 2112 2113
f 2111 2113 2114
f 2055 2115 2053
f 2116 2117 2118
f 2119 2120 2121
f 2122 2123 2124
f 2125 2126 2127
f 2128 2129 2130
f 2131 2132 2133
f 2134 2135 2136
f 2136 2135 2137
f 2138 2139 2140
f 2140 2139 2141
f 2142 2143 2144
f 2144 2143 2145
f 2146 2147 2148
f 2148 2147 2149
f 2150 2151 2152
f 2152 2151 2153
f 2154 2155 2156
f 2156 2155 2157
f 2158 2159 2160
f 2161 2162 2163
f 2164 2165 2166
f 2166 2165 2167
f 2168 2169 2170
f 2170 2169 2171
f 2172 2173 2174
f 2174 2173 2175
f 2176 2177 2178
f 2178 2177 2179
f 2180 2181 2182
f 2182 2181 2183
f 2184 2185 2186
f 2186 2185 2187
f 2188 2189 2190
f 2191 2192 2193
f 2191 2193 2194
f 2195 2196 2197
f 2198 2199 2200
f 2201 2202 2203
f 2204 2205 2206
f 2207 2208 2209
f 2210 2211 2212
f 2212 2211 2213
f 2214 2215 2216
f 2216 2215 2217
f 2218 2219 2220
f 2221 2222 2223
f 2224 2225 2226
f 2227 2228 2229
f 2230 2231 2232
f 2233 2234 2235
f 2236 2237 2238
f 2239 2240 2241
f 2242 2243 2244
f 2245 2246 2247
f 2248 2249 2250
f 2251 2252 2253
f 2254 2255 2256
f 2257 2258 2259
f 2260 2261 2262
f 2263 2264 2265
f 2266 2267 2268
f 2269 2270 2271
f 2272 2273 2274
f 2275 2276 2277
f 2278 2279 2280
f 2281 2282 2283
f 2284 2285 2286
f 2287 2288 2289
f 2290 2291 2292
f 2293 2294 2295
f 2296 2297 2298
f 2299 2300 2301
f 2299 2301 2302
f 2303 2304 2305
f 2306 2307 2308
f 2309 2310 2311
f 2309 2311 2312
f 2313 2314 2315
f 2316 2317 2318
f 2319 2320 2321
f 2322 2323 2324
f 2325 2326 2327
f 2328 2329 2330
f 2331 2332 2333
f 2334 2335 2336
f 2337 2338 2339
f 2340 2341 2342
f 2343 2344 2345
f 2346 2347 2348
f 2349 2350 2351
f 2352 2353 2354
f 2352 2354 2355
f 2356 2357 2358
f 2356 2358 2359
f 2360 2361 2362
f 2360 2362 2363
f 2364 2365 2366
f 2367 2368 2369
f 2370 2371 2372
f 2373 2374 2375
f 2376 2377 2378
f 2379 2380 2381
f 2382 2383 2384
f 2385 2386 2387
f 2388 2389 2390
f 2391 2392 2393
f 2394 2395 2396
f 2396 2395 2397
f 2398 2399 2400
f 2400 2399 2401
f 2402 2403 2404
f 2405 2406 2407
f 2408 2409 2410
f 2411 2412 2413
f 2414 2415 2416
f 2417 2418 2419
f 2420 2421 2422
f 2423 2424 2425
f 2426 2427 2428
f 2429 2430 2431
f 2432 2433 2434
f 2435 2436 2437
f 2435 2437 2438
f 2439 2440 2441
f 2442 2443 2444
f 2445 2446 2447
f 2448 2449 2450
f 2451 2452 2453
f 2454 2455 2456
f 2457 2458 2459
f 2460 2461 2462
f 2463 2464 2465
f 2466 2467 2468
f 2469 2470 2471
f 2472 2473 2474
f 2475 2476 2477
f 2478 2479 2480
f 2481 2482 2483
f 2484 2485 2486
f 2487 2488 2489
f 2490 2491 2492
f 2493 2494 2495
f 2496 2497 2498
f 2499 2500 2501
f 2502 2503 2504
f 2505 2506 2507
f 2508 2509 2510
f 2511 2512 2513
f 2514 2515 2516
f 2517 2518 2519
f 2520 2521 2522
f 2523 2524 2525
f 2526 2527 2528
f 2529 2530 2531
f 2532 2533 2534
f 2535 2536 2537
f 2538 2539 2540
f 2541 2542 2543
f 2541 2543 2544
f 2545 2546 2547
f 2548 2549 2550
f 2551 2552 2553
f 2554 2555 2556
f 2557 2558 2559
f 2560 2561 2562
f 2563 2564 2565
f 2566 2567 2568
f 2569 2570 2571
f 2572 2573 2574
f 2575 2576 2577
f 2578 2579 2580
f 2581 2582 2583
f 2584 2585 2586
f 2587 2588 2589
f 2590 2591 2592
f 2593 2594 2595
f 2596 2597 2598
f 2599 2600 2601
f 2602 2603 2604
f 2605 2606 2607
f 2608 2609 2610
f 2611 2612 2613
f 2614 2615 2616
f 2617 2618 2619
f 2620 2621 2622
f 2623 2624 2625
f 2626 2627 2628
f 2626 2628 2629
f 2630 2631 2632
f 2630 2632 2633
f 2634 2635 2636
f 2634 2636 2637
f 2638 2639 2640
f 2638 2640 2641
f 2642 2643 2644
f 2642 2644 2645
f 2646 2647 2648
f 2646 2648 2649
f 2650 2651 2652
f 2650 2652 2653
f 2654 2655 2656
f 2654 2656 2657
f 2658 2659 2660
f 2658 2660 2661
f 2662 2663 2664
f 2662 2664 2665
f 2666 2667 2668
f 2666 2668 2669
f 2670 2671 2672
f 2670 2672 2673
f 2674 2675 2676
f 2674 2676 2677
f 2678 2679 2680
f 2678 2680 2681
f 2682 2683 2684
f 2682 2684 2685
f 2686 2687 2688
f 2686 2688 2689
f 2690 2691 2692
f 2690 2692 2693
f 2694 2695 2696
f 2694 2696 2697
f 2698 2699 2700
f 2698 2700 2701
f 2702 2703 2704
f 2702 2704 2705
f 2706 2707 2708
f 2706 2708 2709
f 2710 2711 2712
f 2710 2712 2713
f 2714 2715 2716
f 2714 2716 2717
f 2718 2719 2720
f 2718 2720 2721
f 2722 2723 2724
f 2722 2724 2725
f 2726 2727 2728
f 2726 2728 2729
f 2730 2731 2732
f 2730 2732 2733
f 2734 2735 2736
f 2734 2736 2737
f 2738 2739 2740
f 2740 2739 2741
f 2742 2743 2744
f 2745 2746 2747
f 2748 2749 2750
f 2751 2752 2753
f 2751 2753 2754
f 2755 2756 2757
f 2758 2759 2760
f 2761 2762 2763
f 2764 2765 2766
f 2767 2768 2769
f 2770 2771 2772
f 2773 2774 2775
f 2773 2775 2776
f 2777 2778 2779
f 2780 2781 2782
f 2783 2784 2785
f 2786 2787 2788
f 2789 2790 2791
f 2792 2793 2794
f 2795 2796 2797
f 2798 2799 2800
f 2801 2802 2803
f 2804 2805 2806
f 2807 2808 2809
f 2810 2811 2812
f 2813 2814 2815
f 2813 2815 2816
f 2817 2818 2819
f 2820 2821 2822
f 2823 2824 2825
f 2826 2827 2828
f 2829 2830 2831
f 2832 2833 2834
f 2835 2836 2837
f 2835 2837 2838
f 2839 2840 2841
f 2839 2841 2842
f 2843 2844 2845
f 2846 2847 2848
f 2849 2850 2851
f 2852 2853 2854
f 2855 2856 2857
f 2858 2859 2860
f 2861 2862 2863
f 2861 2863 2864
f 2865 2866 2867
f 2868 2869 2870
f 2871 2872 2873
f 2874 2875 2876
f 2877 2878 2879
f 2880 2881 2882
f 2883 2884 2885
f 2883 2885 2886
f 2887 2888 2889
f 2890 2891 2892
f 2893 2894 2895
f 2896 2897 2898
f 2899 2900 2901
f 2902 2903 2904
f 2905 2906 2907
f 2908 2909 2910
f 2911 2912 2913
f 2914 2915 2916
f 2917 2918 2919
f 2920 2921 2922
f 2923 2924 2925
f 2923 2925 2926
f 2927 2928 2929
f 2930 2931 2932
f 2933 2934 2935
f 2936 2937 2938
f 2936 2938 2939
f 2940 2941 2942
f 2942 2941 2943
f 2944 2945 2946
f 2946 2945 2947
f 2948 2949 2950
f 2950 2949 2951
f 2952 2953 2954
f 2954 2953 2955
f 2956 2957 2958
f 2958 2957 2959
f 2960 2961 2962
f 2962 2961 2963
f 2964 2965 2966
f 2966 2965 2967
f 2968 2969 2970
f 2970 2969 2971
f 2972 2973 2974
f 2974 2973 2975
f 2976 2977 2978
f 2978 2977 2979
f 2980 2981 2982
f 2982 2981 2983
f 2984 2985 2986
f 2986 2985 2987
f 2988 2989 2990
f 2990 2989 2991
f 2992 2993 2994
f 2994 2993 2995
f 2996 2997 2998
f 2998 2997 2999
f 3000 3001 3002
f 3002 3001 3003
f 3004 3005 3006
f 3006 3005 3007
f 3008 3009 3010
f 3010 3009 3011
f 3012 3013 3014
f 3014 3013 3015
f 3016 3017 3018
f 3018 3017 3019
f 3020 3021 3022
f 3022 3021 3023
f 3024 3025 3026
f 3026 3025 3027
f 3028 3029 3030
f 3030 3029 3031
f 3032 3033 3034
f 3034 3033 3035
f 3036 3037 3038
f 3038 3037 3039
f 3040 3041 3042
f 3042 3041 3043
f 3044 3045 3046
f 3046 3045 3047
f 3048 3049 3050
f 3051 3052 3053
f 3054 3055 3056
f 3056 3055 3057
f 3058 3059 3060
f 3060 3059 3061
f 3062 3063 3064
f 3064 3063 3065
f 3066 3067 3068
f 3068 3067 3069
f 3070 3071 3072
f 3072 3071 3073
f 3074 3075 3076
f 3076 3075 3077
f 3078 3079 3080
f 3080 3079 3081
f 3082 3083 3084
f 3084 3083 3085
f 3086 3087 3088
f 3088 3087 3089
f 3090 3091 3092
f 3092 3091 3093
f 3094 3095 3096
f 3096 3095 3097
f 3098 3099 3100
f 3100 3099 3101
f 3102 3103 3104
f 3104 3103 3105
f 3106 3107 3108
f 3108 3107 3109
f 3110 3111 3112
f 3112 3111 3113
f 3114 3115 3116
f 3116 3115 3117
f 3118 3119 3120
f 3120 3119 3121
f 3122 3123 3124
f 3124 3123 3125
f 3126 3127 3128
f 3128 3127 3129
f 3130 3131 3132
f 3132 3131 3133
f 3134 3135 3136
f 3136 3135 3137
f 3138 3139 3140
f 3140 3139 3141
f 3142 3143 3144
f 3144 3143 3145
f 3146 3147 3148
f 3148 3147 3149
f 3150 3151 3152
f 3152 3151 3153
f 3154 3155 3156
f 3156 3155 3157
f 3158 3159 3160
f 3160 3159 3161
f 3162 3163 3164
f 3165 3166 3167
f 3168 3169 3170
f 3170 3169 3171
f 3172 3173 3174
f 3174 3173 3175
f 3176 3177 3178
f 3178 3177 3179
f 3180 3181 3182
f 3182 3181 3183
f 3184 3185 3186
f 3186 3185 3187
f 3188 3189 3190
f 3190 3189 3191
f 3192 3193 3194
f 3195 3196 3197
f 3198 3199 3200
f 3198 3200 3201
f 3202 3203 3204
f 3202 3204 3205
f 3206 3207 3208
f 3206 3208 3209
f 3210 3211 3212
f 3210 3212 3213
f 3214 3215 3216
f 3214 3216 3217
f 3218 3219 3220
f 3218 3220 3221
f 3222 3223 3224
f 3222 3224 3225
f 3226 3227 3228
f 3228 3227 3229
f 3230 3231 3232
f 3233 3234 3235
f 3236 3237 3238
f 3239 3240 3241
f 3242 3243 3244
f 3245 3246 3247
f 3248 3249 3250
f 3248 3250 3251
f 3252 3253 3254
f 3252 3254 3255
f 3256 3257 3258
f 3259 3260 3261
f 3262 3263 3264
f 3265 3266 3267
f 3265 3267 3268
f 3269 3270 3271
f 3271 3270 3272
f 3273 3274 3275
f 3275 3274 3276
f 3277 3278 3279
f 3279 3278 3280
f 3281 3282 3283
f 3283 3282 3284
f 3285 3286 3287
f 3287 3286 3288
f 3289 3290 3291
f 3291 3290 3292
f 3293 3294 3295
f 3296 3297 3298
f 3299 3300 3301
f 3301 3300 3302
f 3303 3304 3305
f 3305 3304 3306
f 3307 3308 3309
f 3309 3308 3310
f 3311 3312 3313
f 3313 3312 3314
f 3315 3316 3317
f 3317 3316 3318
f 3319 3320 3321
f 3321 3320 3322
f 3323 3324 3325
f 3326 3327 3328
f 3329 3330 3331
f 3332 3333 3334
f 3335 3336 3337
f 3338 3339 3340
f 3341 3342 3343
f 3344 3345 3346
f 3347 3348 3349
f 3350 3351 3352
f 3353 3354 3355
f 3356 3357 3358
f 3359 3360 3361
f 3362 3363 3364
f 3365 3366 3367
f 3368 3369 3370
f 3371 3372 3373
f 3374 3375 3376
f 3377 3378 3379
f 3380 3381 3382
f 3383 3384 3385
f 3386 3387 3388
f 3389 3390 3391
f 3392 3393 3394
f 3395 3396 3397
f 3398 3399 3400
f 3401 3402 3403
f 3404 3405 3406
f 3407 3408 3409
f 3410 3411 3412
f 3413 3414 3415
f 3416 3417 3418
f 3419 3420 3421
f 3422 3423 3424
f 3425 3426 3427
f 3428 3429 3430
f 3431 3432 3433
f 3434 3435 3436
f 3437 3438 3439
f 3440 3441 3442
f 3443 3444 3445
f 3446 3447 3448
f 3449 3450 3451
f 3451 3450 3452
f 3451 3452 3453
f 3453 3452 3454
f 3455 3456 3457
f 3457 3456 3458
f 3457 3458 3459
f 3458 3460 3459
f 3459 3460 3461
f 3459 3461 3462
f 3462 3461 3463
f 3462 3463 3464
f 3464 3463 3465
f 3464 3465 3466
f 3467 3468 3465
f 3465 3468 3469
f 3465 3469 3470
f 3471 3472 3465
f 3465 3472 3473
f 3465 3473 3474
f 3474 3475 3465
f 3465 3475 3476
f 3465 3476 3467
f 3470 3477 3465
f 3465 3477 3478
f 3465 3478 3466
f 3479 3480 3481
f 3481 3480 3482
f 3481 3482 3483
f 3479 3484 3480
f 3480 3484 3485
f 3480 3485 3486
f 3486 3485 3487
f 3486 3487 3488
f 3489 3490 3491
f 3491 3490 3492
f 3491 3492 3493
f 3493 3492 3494
f 3493 3494 3495
f 3495 3494 3496
f 3495 3496 3497
f 3497 3496 3498
f 3497 3498 3482
f 3482 3498 3499
f 3482 3499 3483
f 3488 3500 3486
f 3486 3500 3501
f 3486 3501 3502
f 3502 3501 3503
f 3502 3503 3504
f 3505 3506 3507
f 3507 3506 3508
f 3507 3508 3509
f 3508 3510 3509
f 3509 3510 3511
f 3509 3511 3512
f 3512 3511 3513
f 3512 3513 3514
f 3514 3513 3515
f 3514 3515 3516
f 3516 3515 3517
f 3516 3517 3518
f 3517 3519 3518
f 3518 3519 3520
f 3518 3520 3521
f 3521 3520 3522
f 3521 3522 3523
f 3523 3522 3524
f 3523 3524 3525
f 3504 3526 3502
f 3502 3526 3527
f 3502 3527 3507
f 3507 3527 3528
f 3507 3528 3505
f 3524 3529 3525
f 3525 3529 3530
f 3525 3530 3531
f 3531 3530 3532
f 3531 3532 3489
f 3489 3532 3533
f 3489 3533 3490
f 3534 3535 3536
f 3536 3535 3537
f 3538 3539 3540
f 3540 3539 3541
f 3542 3543 3544
f 3544 3543 3545
f 3546 3547 3548
f 3549 3550 3551
f 3552 3553 3554
f 3555 3556 3557
f 3557 3556 3558
f 3559 3560 3561
f 3561 3560 3562
f 3563 3564 3565
f 3565 3564 3566
f 3567 3568 3569
f 3569 3568 3570
f 3571 3572 3573
f 3573 3572 3574
f 3575 3576 3577
f 3577 3576 3578
f 3579 3580 3581
f 3582 3583 3584
f 3584 3583 3585
f 3584 3585 3586
f 3582 3587 3583
f 3583 3587 3588
f 3583 3588 3581
f 3581 3588 3589
f 3581 3589 3579
f 3590 3591 3592
f 3593 3594 3595
f 3596 3597 3598
f 3596 3598 3599
f 3600 3601 3602
f 3600 3602 3603
f 3604 3605 3606
f 3604 3606 3607
f 3608 3609 3610
f 3608 3610 3611
f 3612 3613 3614
f 3612 3614 3615
f 3616 3617 3618
f 3616 3618 3619
f 3620 3621 3622
f 3620 3622 3623
f 3624 3625 3626
f 3624 3626 3627
f 3628 3629 3630
f 3628 3630 3631
f 3632 3633 3634
f 3632 3634 3635
f 3636 3637 3638
f 3636 3638 3639
f 3640 3641 3642
f 3640 3642 3643
f 3644 3645 3646
f 3644 3646 3647
f 3648 3649 3650
f 3648 3650 3651
f 3652 3653 3654
f 3652 3654 3655
f 3656 3657 3658
f 3659 3660 3661
f 3662 3663 3664
f 3593 3665 3594
f 3666 3667 3668
f 3669 3670 3671
f 3669 3671 3672
f 3673 3674 3675
f 3673 3675 3676
f 3677 3678 3679
f 3677 3679 3680
f 3681 3682 3683
f 3681 3683 3684
f 3685 3686 3687
f 3685 3687 3688
f 3689 3690 3691
f 3689 3691 3692
f 3693 3694 3695
f 3693 3695 3696
f 3697 3698 3699
f 3697 3699 3700
f 3701 3702 3703
f 3701 3703 3704
f 3705 3706 3707
f 3705 3707 3708
f 3709 3710 3711
f 3709 3711 3712
f 3713 3714 3715
f 3713 3715 3716
f 3717 3718 3719
f 3717 3719 3720
f 3721 3722 3723
f 3721 3723 3724
f 3725 3726 3727
f 3725 3727 3728
f 3729 3730 3731
f 3729 3731 3732
f 3733 3734 3735
f 3736 3737 3738
f 3739 3740 3741
f 3742 3743 3744
f 3745 3746 3747
f 3748 3749 3750
f 3751 3752 3753
f 3754 3755 3756
f 3757 3758 3759
f 3739 3760 3740
f 3761 3762 3763
f 3764 3765 3766
f 3767 3768 3769
f 3770 3771 3772
f 3773 3774 3775
f 3776 3777 3778
f 3779 3780 3781
f 3761 3782 3762
f 3783 3784 3785
f 3786 3787 3788
f 3786 3788 3789
f 3790 3791 3792
f 3793 3794 3795
f 3796 3797 3798
f 3799 3800 3801
f 3802 3803 3804
f 3805 3806 3807
f 3808 3809 3810
f 3811 3812 3813
f 3814 3815 3816
f 3817 3818 3819
f 3817 3819 3820
f 3821 3822 3823
f 3824 3825 3826
f 3827 3828 3829
f 3830 3831 3832
f 3833 3834 3835
f 3836 3837 3838
f 3839 3840 3841
f 3842 3843 3844
f 3845 3846 3847
f 3848 3849 3850
f 3851 3852 3853
f 3854 3855 3856
f 3857 3858 3859
f 3860 3861 3862
f 3863 3864 3865
f 3863 3865 3866
f 3867 3868 3869
f 3870 3871 3872
f 3870 3872 3873
f 3874 3875 3876
f 3877 3878 3879
f 3880 3881 3882
f 3883 3884 3885
f 3886 3887 3888
f 3889 3890 3891
f 3892 3893 3894
f 3895 3896 3897
f 3898 3899 3900
f 3901 3902 3903
f 3904 3905 3906
f 3907 3908 3909
f 3907 3909 3910
f 3911 3912 3913
f 3914 3915 3916
f 3917 3918 3919
f 3920 3921 3922
f 3923 3924 3925
f 3926 3927 3928
f 3929 3930 3931
f 3932 3933 3934
f 3935 3936 3937
f 3938 3939 3940
f 3941 3942 3943
f 3911 3944 3912
f 3945 3946 3947
f 3948 3949 3950
f 3951 3952 3953
f 3954 3955 3956
f 3957 3958 3959
f 3960 3961 3962
f 3963 3964 3965
f 3945 3966 3946
f 3967 3968 3969
f 3970 3971 3972
f 3970 3972 3973
f 3974 3975 3976
f 3977 3978 3979
f 3980 3981 3982
f 3983 3984 3985
f 3986 3987 3988
f 3989 3990 3991
f 3989 3991 3992
f 3993 3994 3995
f 3993 3995 3996
f 3997 3998 3999
f 3997 3999 4000
f 4001 4002 4003
f 4001 4003 4004
f 4005 4006 4007
f 4005 4007 4008
f 4009 4010 4011
f 4009 4011 4012
f 4013 4014 4015
f 4013 4015 4016
f 4017 4018 4019
f 4017 4019 4020
f 4021 4022 4023
f 4021 4023 4024
f 4025 4026 4027
f 4025 4027 4028
f 4029 4030 4031
f 4029 4031 4032
f 4033 4034 4035
f 4033 4035 4036
f 4037 4038 4039
f 4037 4039 4040
f 4041 4042 4043
f 4041 4043 4044
f 4045 4046 4047
f 4045 4047 4048
f 4049 4050 4051
f 4049 4051 4052
f 4053 4054 4055
f 4053 4055 4056
f 4057 4058 4059
f 4057 4059 4060
f 4061 4062 4063
f 4061 4063 4064
f 4065 4066 4067
f 4065 4067 4068
f 4069 4070 4071
f 4069 4071 4072
f 4073 4074 4075
f 4073 4075 4076
f 4077 4078 4079
f 4077 4079 4080
f 4081 4082 4083
f 4081 4083 4084
f 4085 4086 4087
f 4085 4087 4088
f 4089 4090 4091
f 4089 4091 4092
f 4093 4094 4095
f 4093 4095 4096
f 4097 4098 4099
f 4097 4099 4100
f 4101 4102 4103
f 4101 4103 4104
f 4105 4106 4107
f 4105 4107 4108
f 4109 4110 4111
f 4109 4111 4112
f 4113 4114 4115
f 4113 4115 4116
f 4117 4118 4119
f 4117 4119 4120
f 3986 4121 3987
f 4122 4123 4124
f 4125 4126 4127
f 4125 4127 4128
f 4129 4130 4131
f 4129 4131 4132
f 4133 4134 4135
f 4133 4135 4136
f 4137 4138 4139
f 4137 4139 4140
f 4141 4142 4143
f 4141 4143 4144
f 4145 4146 4147
f 4145 4147 4148
f 4149 4150 4151
f 4149 4151 4152
f 4153 4154 4155
f 4153 4155 4156
f 4157 4158 4159
f 4157 4159 4160
f 4161 4162 4163
f 4161 4163 4164
f 4165 4166 4167
f 4165 4167 4168
f 4169 4170 4171
f 4169 4171 4172
f 4173 4174 4175
f 4173 4175 4176
f 4177 4178 4179
f 4177 4179 4180
f 4181 4182 4183
f 4181 4183 4184
f 4185 4186 4187
f 4185 4187 4188
f 4189 4190 4191
f 4189 4191 4192
f 4193 4194 4195
f 4193 4195 4196
f 4197 4198 4199
f 4197 4199 4200
f 4201 4202 4203
f 4201 4203 4204
f 4205 4206 4207
f 4205 4207 4208
f 4209 4210 4211
f 4209 4211 4212
f 4213 4214 4215
f 4213 4215 4216
f 4217 4218 4219
f 4217 4219 4220
f 4221 4222 4223
f 4221 4223 4224
f 4225 4226 4227
f 4225 4227 4228
f 4229 4230 4231
f 4229 4231 4232
f 4233 4234 4235
f 4233 4235 4236
f 4237 4238 4239
f 4237 4239 4240
f 4241 4242 4243
f 4241 4243 4244
f 4245 4246 4247
f 4245 4247 4248
f 4249 4250 4251
f 4249 4251 4252
f 4253 4254 4255
f 4253 4255 4256
f 4122 4257 4123
f 4258 4259 4260
f 4261 4262 4263
f 4264 4265 4266
f 4267 4268 4269
f 4270 4271 4272
f 4273 4274 4275
f 4276 4277 4278
f 4279 4280 4281
f 4282 4283 4284
f 4285 4286 4287
f 4288 4289 4290
f 4291 4292 4293
f 4294 4295 4296
f 4297 4298 4299
f 4300 4301 4302
f 4303 4304 4305
f 4306 4307 4308
f 4309 4310 4311
f 4312 4313 4314
f 4315 4316 4317
f 4318 4319 4320
f 4321 4322 4323
f 4324 4325 4326
f 4327 4328 4329
f 4330 4331 4332
f 4333 4334 4335
f 4336 4337 4338
f 4339 4340 4341
f 4342 4343 4344
f 4345 4346 4347
f 4348 4349 4350
f 4351 4352 4353
f 4354 4355 4356
f 4357 4358 4359
f 4360 4361 4362
f 4363 4364 4365
f 4366 4367 4368
f 4369 4370 4371
f 4372 4373 4374
f 4375 4376 4377
f 4378 4379 4380
f 4381 4382 4383
f 4384 4385 4386
f 4387 4388 4389
f 4390 4391 4392
f 4393 4394 4395
f 4396 4397 4398
f 4399 4400 4401
f 4402 4403 4404
f 4405 4406 4407
f 4408 4409 4410
f 4411 4412 4413
f 4414 4415 4416
f 4417 4418 4419
f 4420 4421 4422
f 4423 4424 4425
f 4426 4427 4428
f 4429 4430 4431
f 4432 4433 4434
f 4435 4436 4437
f 4438 4439 4440
f 4441 4442 4443
f 4444 4445 4446
f 4447 4448 4449
f 4450 4451 4452
f 4453 4454 4455
f 4456 4457 4458
f 4459 4460 4461
f 4462 4463 4464
f 4465 4466 4467
f 4468 4469 4470
f 4471 4472 4473
f 4474 4475 4476
f 4477 4478 4479
f 4480 4481 4482
f 4483 4484 4485
f 4486 4487 4488
f 4489 4490 4491
f 4492 4493 4494
f 4495 4496 4497
f 4497 4496 4498
f 4497 4498 4499
f 4499 4498 4500
f 4499 4500 4501
f 4501 4500 4502
f 4501 4502 4503
f 4503 4502 4504
f 4503 4504 4505
f 4505 4504 4506
f 4505 4506 4507
f 4507 4506 4508
f 4507 4508 4509
f 4509 4508 4510
f 4509 4510 4511
f 4511 4510 4512
f 4511 4512 4513
f 4513 4512 4514
f 4513 4514 4515
f 4515 4514 4516
f 4515 4516 4517
f 4517 4516 4518
f 4517 4518 4519
f 4519 4518 4520
f 4519 4520 4521
f 4521 4520 4522
f 4521 4522 4523
f 4523 4522 4524
f 4523 4524 4525
f 4525 4524 4526
f 4525 4526 4527
f 4527 4526 4528
f 4527 4528 4529
f 4529 4528 4530
f 4529 4530 4531
f 4531 4530 4532
f 4531 4532 4533
f 4533 4532 4534
f 4533 4534 4535
f 4535 4534 4536
f 4535 4536 4537
f 4537 4536 4538
f 4537 4538 4539
f 4539 4538 4540
f 4539 4540 4495
f 4495 4540 4496
f 4541 4542 4543
f 4544 4545 4546
f 4547 4548 4549
f 4550 4551 4552
f 4553 4554 4555
f 4556 4557 4558
f 4559 4560 4561
f 4562 4563 4564
f 4565 4566 4567
f 4568 4569 4570
f 4571 4572 4573
f 4574 4575 4576
f 4577 4578 4579
f 4580 4581 4582
f 4583 4584 4585
f 4586 4587 4588
f 4589 4590 4591
f 4592 4593 4594
f 4595 4596 4597
f 4598 4599 4600
f 4601 4602 4603
f 4604 4605 4606
f 4607 4608 4609
f 4610 4611 4612
f 4613 4614 4615
f 4616 4617 4618
f 4619 4620 4621
f 4622 4623 4624
f 4625 4626 4627
f 4628 4629 4630
f 4631 4632 4633
f 4634 4635 4636
f 4637 4638 4639
f 4640 4641 4642
f 4643 4644 4645
f 4646 4647 4648
f 4649 4650 4651
f 4652 4653 4654
f 4655 4656 4657
f 4658 4659 4660
f 4661 4662 4663
f 4664 4665 4666
f 4667 4668 4669
f 4670 4671 4672
f 4673 4674 4675
f 4676 4677 4678
f 4679 4680 4681
f 4682 4683 4684
f 4685 4686 4687
f 4688 4689 4690
f 4691 4692 4693
f 4694 4695 4696
f 4697 4698 4699
f 4700 4701 4702
f 4703 4704 4705
f 4706 4707 4708
f 4709 4710 4711
f 4712 4713 4714
f 4715 4716 4717
f 4718 4719 4720
f 4721 4722 4723
f 4724 4725 4726
f 4727 4728 4729
f 4730 4731 4732
f 4733 4734 4735
f 4736 4737 4738
f 4739 4740 4741
f 4742 4743 4744
f 4745 4746 4744
f 4744 4746 4747
f 4744 4747 4742
f 4748 4749 4744
f 4744 4749 4750
f 4744 4750 4745
f 4751 4752 4744
f 4744 4752 4753
f 4744 4753 4748
f 4754 4755 4744
f 4744 4755 4756
f 4744 4756 4751
f 4757 4758 4744
f 4744 4758 4759
f 4744 4759 4754
f 4760 4761 4744
f 4744 4761 4762
f 4744 4762 4757
f 4743 4763 4744
f 4744 4763 4764
f 4744 4764 4760
f 4765 4766 4767
f 4768 4769 4770
f 4771 4772 4773
f 4774 4775 4776
f 4777 4778 4779
f 4780 4781 4782
f 4783 4784 4785
f 4786 4787 4788
f 4789 4790 4791
f 4792 4793 4794
f 4795 4796 4797
f 4798 4799 4800
f 4801 4802 4803
f 4804 4805 4806
f 4807 4808 4809
f 4810 4811 4812
f 4813 4814 4815
f 4816 4817 4818
f 4819 4820 4821
f 4822 4823 4824
f 4825 4826 4827
f 4828 4829 4830
f 4831 4832 4833
f 4834 4835 4836
f 4837 4838 4839
f 4840 4841 4842
f 4843 4844 4845
f 4846 4847 4848
f 4849 4850 4851
f 4852 4853 4854
f 4855 4856 4857
f 4858 4859 4860
f 4861 4862 4863
f 4864 4865 4866
f 4867 4868 4869
f 4870 4871 4872
f 4873 4874 4875
f 4876 4877 4878
f 4879 4880 4881
f 4882 4883 4884
f 4885 4886 4887
f 4888 4889 4890
f 4891 4892 4893
f 4894 4895 4896
f 4897 4898 4899
f 4900 4901 4902
f 4903 4904 4905
f 4906 4907 4908
f 4909 4910 4911
f 4912 4913 4914
f 4915 4916 4917
f 4918 4919 4920
f 4921 4922 4923
f 4924 4925 4926
f 4927 4928 4929
f 4930 4931 4932
f 4933 4934 4935
f 4936 4937 4938
f 4939 4940 4941
f 4942 4943 4944
f 4945 4946 4947
f 4948 4949 4950
f 4951 4952 4953
f 4954 4955 4956
f 4957 4958 4959
f 4960 4961 4962
f 4963 4964 4965
f 4966 4967 4968
f 4969 4970 4971
f 4972 4973 4974
f 4975 4976 4977
f 4978 4979 4980
f 4981 4982 4983
f 4984 4985 4986
f 4987 4988 4989
f 4990 4991 4992
f 4993 4994 4995
f 4996 4997 4998
f 4999 5000 5001
f 5002 5003 5004
f 5005 5006 5007
f 5008 5009 5010
f 5011 5012 5013
f 5014 5015 5016
f 5017 5018 5019
f 5020 5021 5022
f 5023 5024 5025
f 5026 5027 5028
f 5029 5030 5031
f 5032 5033 5034
f 4968 4967 5035
f 5036 5037 5038
f 5036 5038 5039
f 5040 5041 5042
f 5040 5042 5043
f 5044 5045 5046
f 5044 5046 5047
f 5048 5049 5050
f 5048 5050 5051
f 5052 5053 5054
f 5052 5054 5055
f 5056 5057 5058
f 5056 5058 5059
f 5060 5061 5062
f 5060 5062 5063
f 5064 5065 5066
f 5064 5066 5067
f 5068 5069 5070
f 5068 5070 5071
f 5072 5073 5074
f 5072 5074 5075
f 5076 5077 5078
f 5076 5078 5079
f 5080 5081 5082
f 5080 5082 5083
f 5084 5085 5086
f 5084 5086 5087
f 5088 5089 5090
f 5088 5090 5091
f 5092 5093 5094
f 5092 5094 5095
f 5096 5097 5098
f 5096 5098 5099
f 5100 5101 5102
f 5100 5102 5103
f 5104 5105 5106
f 5104 5106 5107
f 5108 5109 5110
f 5108 5110 5111
f 5112 5113 5114
f 5112 5114 5115
f 5116 5117 5118
f 5116 5118 5119
f 5120 5121 5122
f 5120 5122 5123
f 5123 5122 5124
f 5123 5124 5125
f 5125 5124 5126
f 5125 5126 5127
f 5127 5126 5128
f 5127 5128 5129
f 5129 5128 5130
f 5129 5130 5131
f 5131 5130 5132
f 5131 5132 5133
f 5133 5132 5134
f 5133 5134 5135
f 5135 5134 5136
f 5135 5136 5137
f 5137 5136 5138
f 5137 5138 5139
f 5139 5138 5140
f 5139 5140 5141
f 5141 5140 5142
f 5141 5142 5143
f 5143 5142 5144
f 5143 5144 5145
f 5145 5144 5146
f 5145 5146 5147
f 5147 5146 5148
f 5147 5148 5149
f 5149 5148 5150
f 5149 5150 5151
f 5151 5150 5152
f 5151 5152 5153
f 5153 5152 5154
f 5153 5154 5155
f 5155 5154 5156
f 5155 5156 5157
f 5157 5156 5158
f 5157 5158 5159
f 5159 5158 5160
f 5159 5160 5161
f 5161 5160 5162
f 5161 5162 5163
f 5164 5165 5166
f 5167 5168 5169
f 5169 5168 5170
f 5169 5170 5171
f 5172 5173 5169
f 5169 5173 5174
f 5169 5174 5167
f 5175 5176 5169
f 5169 5176 5177
f 5169 5177 5172
f 5171 5178 5169
f 5169 5178 5179
f 5169 5179 5175
f 5180 5181 5182
f 5182 5181 5183
f 5182 5183 5184
f 5185 5186 5182
f 5182 5186 5187
f 5182 5187 5180
f 5188 5189 5182
f 5182 5189 5190
f 5182 5190 5185
f 5191 5192 5182
f 5182 5192 5193
f 5182 5193 5188
f 5194 5195 5182
f 5182 5195 5196
f 5182 5196 5191
f 5197 5198 5182
f 5182 5198 5199
f 5182 5199 5194
f 5200 5201 5182
f 5182 5201 5202
f 5182 5202 5197
f 5184 5203 5182
f 5182 5203 5204
f 5182 5204 5200
f 5205 5206 5207
f 5208 5209 5210
f 5211 5212 5213
f 5213 5212 5214
f 5213 5214 5215
f 5207 5216 5205
f 5205 5216 5217
f 5205 5217 5218
f 5219 5220 5221
f 5221 5220 5222
f 5221 5222 5213
f 5213 5222 5223
f 5213 5223 5211
f 5209 5224 5210
f 5210 5224 5205
f 5210 5205 5225
f 5225 5205 5218
f 5226 5227 5228
f 5228 5227 5229
f 5226 5228 5210
f 5210 5228 5230
f 5210 5230 5208
f 5231 5232 5205
f 5205 5232 5233
f 5205 5233 5206
f 5229 5234 5228
f 5228 5234 5235
f 5228 5235 5236
f 5236 5237 5228
f 5228 5237 5238
f 5228 5238 5239
f 5205 5240 5231
f 5231 5240 5241
f 5231 5241 5215
f 5215 5241 5242
f 5215 5242 5213
f 5243 5244 5245
f 5245 5246 5243
f 5243 5246 5247
f 5243 5247 5248
f 5249 5250 5251
f 5251 5252 5249
f 5249 5252 5253
f 5249 5253 5254
f 5255 5256 5257
f 5258 5259 5260
f 5260 5259 5261
f 5260 5261 5262
f 5257 5263 5255
f 5255 5263 5264
f 5255 5264 5260
f 5260 5264 5265
f 5260 5265 5258
