v 0.01905119977891445 -0.03412419185042381 0.033775392919778824
v 0.019034015014767647 -0.03417820855975151 0.0320260226726532
v 0.019036786630749702 -0.034169506281614304 0.0320255346596241
v 0.019036786630749702 -0.034169506281614304 0.0320255346596241
v 0.01904807612299919 -0.03413401171565056 0.03295033052563667
v 0.01905119977891445 -0.03412419185042381 0.033775392919778824
v 0.01905119977891445 -0.03412419185042381 0.033775392919778824
v 0.01904807612299919 -0.03413401171565056 0.03295033052563667
v 0.019051838666200638 -0.03412218764424324 0.03387312591075897
v -0.021525610238313675 -0.030499998480081558 -0.0012223919620737433
v -0.02112462744116783 -0.030499998480081558 0.0046397484838962555
v -0.02033013477921486 -0.030499998480081558 -0.00697533180937171
v -0.02020420879125595 -0.030499998480081558 0.007820318453013897
v -0.02020420879125595 -0.030499998480081558 -0.007320318836718798
v -0.019051246345043182 -0.03412405028939247 -0.03327515721321106
v -0.019033756107091904 -0.034179020673036575 -0.031525786966085434
v -0.019036810845136642 -0.034169431775808334 -0.03152524679899216
v -0.019036810845136642 -0.034169431775808334 -0.03152524679899216
v -0.01904808171093464 -0.034133996814489365 -0.03244967386126518
v -0.019051246345043182 -0.03412405028939247 -0.03327515721321106
v -0.019051246345043182 -0.03412405028939247 -0.03327515721321106
v -0.01904808171093464 -0.034133996814489365 -0.03244967386126518
v -0.019051838666200638 -0.03412218764424324 -0.03337312489748001
v -0.01905117556452751 -0.03412426635622978 0.033775877207517624
v -0.019051838666200638 -0.03412218764424324 0.03387312591075897
v -0.019048072397708893 -0.03413402661681175 0.032950811088085175
v -0.01905117556452751 -0.03412426635622978 0.033775877207517624
v -0.019048072397708893 -0.03413402661681175 0.032950811088085175
v -0.019033916294574738 -0.03417852148413658 0.032026518136262894
v -0.019033916294574738 -0.03417852148413658 0.032026518136262894
v -0.019048072397708893 -0.03413402661681175 0.032950811088085175
v -0.01903676800429821 -0.03416955843567848 0.0320260152220726
v 0.02020420879125595 -0.030499998480081558 -0.007320318836718798
v 0.02020420879125595 -0.030499998480081558 0.007820318453013897
v 0.02033013477921486 -0.030499998480081558 -0.00697533180937171
v 0.02112462744116783 -0.030499998480081558 0.0046397484838962555
v 0.021525610238313675 -0.030499998480081558 -0.0012223919620737433
v 0.019071755930781364 -0.03405958041548729 -0.009839000180363655
v 0.02020420879125595 -0.030499998480081558 -0.007320318836718798
v 0.02033013477921486 -0.030499998480081558 -0.00697533180937171
v -0.01915692910552025 -0.033791858702898026 0.010176320560276508
v -0.02020420879125595 -0.030499998480081558 0.007820318453013897
v -0.02112462744116783 -0.030499998480081558 0.0046397484838962555
v -0.02112462744116783 -0.05550000071525574 0.0046397484838962555
v -0.01915692910552025 -0.05550000071525574 0.010176320560276508
v -0.01915692910552025 -0.033791858702898026 0.010176320560276508
v -0.011210495606064796 -0.047661684453487396 0.01868487522006035
v -0.014744351617991924 -0.047661684453487396 0.016001949086785316
v -0.015768449753522873 -0.05550000071525574 0.014976703561842442
v -0.015768449753522873 -0.05550000071525574 0.014976703561842442
v -0.014744351617991924 -0.047661684453487396 0.016001949086785316
v -0.015768449753522873 -0.044442690908908844 0.014976703561842442
v -0.015768449753522873 -0.05550000071525574 0.014976703561842442
v -0.015768449753522873 -0.044442690908908844 0.014976703561842442
v -0.01915692910552025 -0.05550000071525574 0.010176320560276508
v -0.01915692910552025 -0.05550000071525574 0.010176320560276508
v -0.015768449753522873 -0.044442690908908844 0.014976703561842442
v -0.017626866698265076 -0.03860122337937355 0.012692401185631752
v -0.01915692910552025 -0.05550000071525574 0.010176320560276508
v -0.017626866698265076 -0.03860122337937355 0.012692401185631752
v -0.01915692910552025 -0.033791858702898026 0.010176320560276508
v 0.011210495606064796 -0.05550000071525574 0.01868487522006035
v 0.005821110215038061 -0.047661684453487396 0.02102581597864628
v 0.005821110215038061 -0.05550000071525574 0.02102581597864628
v 0.005821110215038061 -0.05550000071525574 0.02102581597864628
v 0.005821110215038061 -0.047661684453487396 0.02102581597864628
v -4.0158848468863084e-16 -0.047661684453487396 0.02182590775191784
v -4.0679265511656126e-16 -0.05550000071525574 0.02182590775191784
v -4.0679265511656126e-16 -0.05550000071525574 0.02182590775191784
v -4.0158848468863084e-16 -0.047661684453487396 0.02182590775191784
v -0.005821110215038061 -0.047661684453487396 0.02102581597864628
v -0.005821110215038061 -0.05550000071525574 0.02102581597864628
v -0.005821110215038061 -0.05550000071525574 0.02102581597864628
v -0.005821110215038061 -0.047661684453487396 0.02102581597864628
v -0.011210495606064796 -0.047661684453487396 0.01868487522006035
v -0.011210495606064796 -0.05550000071525574 0.01868487522006035
v -0.011210495606064796 -0.05550000071525574 0.01868487522006035
v -0.011210495606064796 -0.047661684453487396 0.01868487522006035
v -0.015768449753522873 -0.05550000071525574 0.014976703561842442
v 0.015768449753522873 -0.05550000071525574 0.014976703561842442
v 0.014744351617991924 -0.047661684453487396 0.016001949086785316
v 0.011210495606064796 -0.05550000071525574 0.01868487522006035
v 0.011210495606064796 -0.05550000071525574 0.01868487522006035
v 0.014744351617991924 -0.047661684453487396 0.016001949086785316
v 0.011210495606064796 -0.047661684453487396 0.01868487522006035
v 0.011210495606064796 -0.047661684453487396 0.01868487522006035
v 0.02112462744116783 -0.030499998480081558 0.0046397484838962555
v 0.02020420879125595 -0.030499998480081558 0.007820318453013897
v 0.01915692910552025 -0.033791858702898026 0.010176320560276508
v 0.013616295531392097 -0.047661684453487396 -0.016486674547195435
v 0.014744351617991924 -0.047661684453487396 -0.01550194900482893
v 0.017626866698265076 -0.05550000071525574 -0.01219240203499794
v 0.019071755930781364 -0.03405958041548729 -0.009839000180363655
v 0.02033013477921486 -0.05550000071525574 -0.00697533180937171
v 0.017626866698265076 -0.03860122337937355 -0.01219240203499794
v 0.017626866698265076 -0.03860122337937355 -0.01219240203499794
v 0.02033013477921486 -0.05550000071525574 -0.00697533180937171
v 0.017626866698265076 -0.05550000071525574 -0.01219240203499794
v 0.017626866698265076 -0.03860122337937355 -0.01219240203499794
v 0.017626866698265076 -0.05550000071525574 -0.01219240203499794
v 0.016269979998469353 -0.042866259813308716 -0.013920659199357033
v 0.016269979998469353 -0.042866259813308716 -0.013920659199357033
v 0.017626866698265076 -0.05550000071525574 -0.01219240203499794
v 0.014744351617991924 -0.047661684453487396 -0.01550194900482893
v 0.017626866698265076 -0.05550000071525574 -0.01219240203499794
v 0.013616295531392097 -0.05550000071525574 -0.016486674547195435
v 0.013616295531392097 -0.047661684453487396 -0.016486674547195435
v 0.013616295531392097 -0.047661684453487396 -0.016486674547195435
v 0.013616295531392097 -0.05550000071525574 -0.016486674547195435
v 0.008595865219831467 -0.05550000071525574 -0.019539665430784225
v 0.008595865219831467 -0.047661684453487396 -0.019539665430784225
v 0.008595865219831467 -0.047661684453487396 -0.019539665430784225
v 0.008595865219831467 -0.05550000071525574 -0.019539665430784225
v 0.002937918994575739 -0.05550000071525574 -0.0211249478161335
v 0.002937918994575739 -0.047661684453487396 -0.0211249478161335
v 0.002937918994575739 -0.047661684453487396 -0.0211249478161335
v 0.002937918994575739 -0.05550000071525574 -0.0211249478161335
v -4.102621020685149e-16 -0.05550000071525574 -0.021325906738638878
v 0.002937918994575739 -0.047661684453487396 -0.0211249478161335
v -4.102621020685149e-16 -0.05550000071525574 -0.021325906738638878
v -0.002937918994575739 -0.047661684453487396 -0.0211249478161335
v -4.102621020685149e-16 -0.05550000071525574 -0.021325906738638878
v -0.002937918994575739 -0.05550000071525574 -0.0211249478161335
v -0.002937918994575739 -0.047661684453487396 -0.0211249478161335
v -0.002937918994575739 -0.047661684453487396 -0.0211249478161335
v -0.002937918994575739 -0.05550000071525574 -0.0211249478161335
v -0.008595865219831467 -0.05550000071525574 -0.019539665430784225
v -0.008595865219831467 -0.047661684453487396 -0.019539665430784225
v -0.008595865219831467 -0.047661684453487396 -0.019539665430784225
v -0.008595865219831467 -0.05550000071525574 -0.019539665430784225
v -0.013616295531392097 -0.05550000071525574 -0.016486674547195435
v -0.013616295531392097 -0.047661684453487396 -0.016486674547195435
v -0.013616295531392097 -0.047661684453487396 -0.016486674547195435
v -0.013616295531392097 -0.05550000071525574 -0.016486674547195435
v -0.014744351617991924 -0.047661684453487396 -0.01550194900482893
v -0.014744351617991924 -0.047661684453487396 -0.01550194900482893
v -0.013616295531392097 -0.05550000071525574 -0.016486674547195435
v -0.017626866698265076 -0.05550000071525574 -0.01219240203499794
v -0.014744351617991924 -0.047661684453487396 -0.01550194900482893
v -0.017626866698265076 -0.05550000071525574 -0.01219240203499794
v -0.016269979998469353 -0.042866259813308716 -0.013920659199357033
v -0.02033013477921486 -0.05550000071525574 -0.00697533180937171
v -0.019071755930781364 -0.03405958041548729 -0.009839000180363655
v -0.017626866698265076 -0.05550000071525574 -0.01219240203499794
v -0.017626866698265076 -0.05550000071525574 -0.01219240203499794
v -0.019071755930781364 -0.03405958041548729 -0.009839000180363655
v -0.017626866698265076 -0.03860122337937355 -0.01219240203499794
v -0.017626866698265076 -0.05550000071525574 -0.01219240203499794
v -0.017626866698265076 -0.03860122337937355 -0.01219240203499794
v -0.016269979998469353 -0.042866259813308716 -0.013920659199357033
v 0.019071755930781364 -0.03405958041548729 -0.009839000180363655
v 0.02033013477921486 -0.030499998480081558 -0.00697533180937171
v 0.02033013477921486 -0.05550000071525574 -0.00697533180937171
v 0.02033013477921486 -0.05550000071525574 -0.00697533180937171
v 0.02033013477921486 -0.030499998480081558 -0.00697533180937171
v 0.021525610238313675 -0.030499998480081558 -0.0012223919620737433
v 0.021525610238313675 -0.05550000071525574 -0.0012223919620737433
v 0.021525610238313675 -0.05550000071525574 -0.0012223919620737433
v 0.021525610238313675 -0.030499998480081558 -0.0012223919620737433
v 0.02112462744116783 -0.030499998480081558 0.0046397484838962555
v 0.02112462744116783 -0.05550000071525574 0.0046397484838962555
v 0.02112462744116783 -0.05550000071525574 0.0046397484838962555
v 0.02112462744116783 -0.030499998480081558 0.0046397484838962555
v 0.01915692910552025 -0.033791858702898026 0.010176320560276508
v 0.01915692910552025 -0.05550000071525574 0.010176320560276508
v 0.01915692910552025 -0.05550000071525574 0.010176320560276508
v 0.01915692910552025 -0.033791858702898026 0.010176320560276508
v 0.017626866698265076 -0.03860122337937355 0.012692401185631752
v 0.01915692910552025 -0.05550000071525574 0.010176320560276508
v 0.017626866698265076 -0.03860122337937355 0.012692401185631752
v 0.015768449753522873 -0.05550000071525574 0.014976703561842442
v 0.015768449753522873 -0.05550000071525574 0.014976703561842442
v 0.017626866698265076 -0.03860122337937355 0.012692401185631752
v 0.015768449753522873 -0.044442690908908844 0.014976703561842442
v 0.015768449753522873 -0.05550000071525574 0.014976703561842442
v 0.015768449753522873 -0.044442690908908844 0.014976703561842442
v 0.014744351617991924 -0.047661684453487396 0.016001949086785316
v -0.02112462744116783 -0.030499998480081558 0.0046397484838962555
v -0.02112462744116783 -0.05550000071525574 0.0046397484838962555
v -0.02112462744116783 -0.030499998480081558 0.0046397484838962555
v -0.021525610238313675 -0.030499998480081558 -0.0012223919620737433
v -0.021525610238313675 -0.05550000071525574 -0.0012223919620737433
v -0.021525610238313675 -0.05550000071525574 -0.0012223919620737433
v -0.021525610238313675 -0.030499998480081558 -0.0012223919620737433
v -0.02033013477921486 -0.030499998480081558 -0.00697533180937171
v -0.02033013477921486 -0.05550000071525574 -0.00697533180937171
v -0.02033013477921486 -0.05550000071525574 -0.00697533180937171
v -0.02033013477921486 -0.030499998480081558 -0.00697533180937171
v -0.02020420879125595 -0.030499998480081558 -0.007320318836718798
v -0.02033013477921486 -0.05550000071525574 -0.00697533180937171
v -0.02020420879125595 -0.030499998480081558 -0.007320318836718798
v -0.019071755930781364 -0.03405958041548729 -0.009839000180363655
v -0.027158694341778755 -0.008640331216156483 -0.036249998956918716
v -0.027158694341778755 -0.008640331216156483 0.03674999997019768
v -0.028423750773072243 -0.0020833504386246204 0.03674999997019768
v -0.028423750773072243 -0.0020833504386246204 -0.036249998956918716
v -0.028423750773072243 -0.0020833504386246204 -0.036249998956918716
v -0.028423750773072243 -0.0020833504386246204 0.03674999997019768
v -0.028128279373049736 0.004588011186569929 0.03674999997019768
v -0.028128279373049736 0.004588011186569929 -0.036249998956918716
v -0.028128279373049736 0.004588011186569929 -0.036249998956918716
v -0.028128279373049736 0.004588011186569929 0.03674999997019768
v -0.026288503780961037 0.01100748311728239 0.03674999997019768
v -0.026288503780961037 0.01100748311728239 -0.036249998956918716
v -0.026288503780961037 0.01100748311728239 -0.036249998956918716
v -0.026288503780961037 0.01100748311728239 0.03674999997019768
v -0.023005427792668343 0.016822610050439835 0.03674999997019768
v -0.023005427792668343 0.016822610050439835 -0.036249998956918716
v -0.023005427792668343 0.016822610050439835 -0.036249998956918716
v -0.023005427792668343 0.016822610050439835 0.03674999997019768
v -0.018459301441907883 0.021714147180318832 0.03674999997019768
v -0.018459301441907883 0.021714147180318832 -0.036249998956918716
v -0.018459301441907883 0.021714147180318832 -0.036249998956918716
v -0.018459301441907883 0.021714147180318832 0.03674999997019768
v -0.012899719178676605 0.025413524359464645 0.03674999997019768
v -0.012899719178676605 0.025413524359464645 -0.036249998956918716
v -0.012899719178676605 0.025413524359464645 -0.036249998956918716
v -0.012899719178676605 0.025413524359464645 0.03674999997019768
v -0.006631913129240274 0.027717646211385727 0.03674999997019768
v -0.006631913129240274 0.027717646211385727 -0.036249998956918716
v -0.006631913129240274 0.027717646211385727 -0.036249998956918716
v -0.006631913129240274 0.027717646211385727 0.03674999997019768
v -4.111294638065033e-16 0.02850000187754631 0.03674999997019768
v -4.119968255444917e-16 0.02850000187754631 -0.036249998956918716
v -4.119968255444917e-16 0.02850000187754631 -0.036249998956918716
v -4.111294638065033e-16 0.02850000187754631 0.03674999997019768
v 0.006631913129240274 0.027717646211385727 0.03674999997019768
v 0.006631913129240274 0.027717646211385727 -0.036249998956918716
v 0.006631913129240274 0.027717646211385727 -0.036249998956918716
v 0.006631913129240274 0.027717646211385727 0.03674999997019768
v 0.012899719178676605 0.025413524359464645 0.03674999997019768
v 0.012899719178676605 0.025413524359464645 -0.036249998956918716
v 0.012899719178676605 0.025413524359464645 -0.036249998956918716
v 0.012899719178676605 0.025413524359464645 0.03674999997019768
v 0.018459301441907883 0.021714147180318832 0.03674999997019768
v 0.018459301441907883 0.021714147180318832 -0.036249998956918716
v 0.018459301441907883 0.021714147180318832 -0.036249998956918716
v 0.018459301441907883 0.021714147180318832 0.03674999997019768
v 0.023005427792668343 0.016822610050439835 0.03674999997019768
v 0.023005427792668343 0.016822610050439835 -0.036249998956918716
v 0.023005427792668343 0.016822610050439835 -0.036249998956918716
v 0.023005427792668343 0.016822610050439835 0.03674999997019768
v 0.026288503780961037 0.01100748311728239 0.03674999997019768
v 0.026288503780961037 0.01100748311728239 -0.036249998956918716
v 0.026288503780961037 0.01100748311728239 -0.036249998956918716
v 0.026288503780961037 0.01100748311728239 0.03674999997019768
v 0.028128279373049736 0.004588011186569929 0.03674999997019768
v 0.028128279373049736 0.004588011186569929 -0.036249998956918716
v 0.028128279373049736 0.004588011186569929 -0.036249998956918716
v 0.028128279373049736 0.004588011186569929 0.03674999997019768
v 0.028423750773072243 -0.0020833504386246204 0.03674999997019768
v 0.028423750773072243 -0.0020833504386246204 -0.036249998956918716
v 0.028423750773072243 -0.0020833504386246204 -0.036249998956918716
v 0.028423750773072243 -0.0020833504386246204 0.03674999997019768
v 0.027158694341778755 -0.008640331216156483 0.03674999997019768
v 0.027158694341778755 -0.008640331216156483 -0.036249998956918716
v 0.01905123144388199 -0.03412409499287605 -0.03327536582946777
v 0.019051838666200638 -0.03412218764424324 -0.03337312489748001
v 0.019048085436224937 -0.03413398191332817 -0.03244955837726593
v 0.01905123144388199 -0.03412409499287605 -0.03327536582946777
v 0.019048085436224937 -0.03413398191332817 -0.03244955837726593
v 0.019033707678318024 -0.03417917713522911 -0.03152600675821304
v 0.019033707678318024 -0.03417917713522911 -0.03152600675821304
v 0.019048085436224937 -0.03413398191332817 -0.03244955837726593
v 0.01903688535094261 -0.03416920080780983 -0.031525447964668274
v -0.015768449753522873 -0.05550000071525574 0.014976703561842442
v -0.01935935765504837 -0.05550000071525574 0.024525867775082588
v -0.011210495606064796 -0.05550000071525574 0.01868487522006035
v -0.013472090475261211 -0.05550000071525574 0.028225084766745567
v -0.005821110215038061 -0.05550000071525574 0.02102581597864628
v -0.006909274961799383 -0.05550000071525574 0.030521512031555176
v -4.0679265511656126e-16 -0.05550000071525574 0.02182590775191784
v -4.0939474033052647e-16 -0.05550000071525574 0.031300000846385956
v 0.005821110215038061 -0.05550000071525574 0.02102581597864628
v 0.006909274961799383 -0.05550000071525574 0.030521512031555176
v 0.011210495606064796 -0.05550000071525574 0.01868487522006035
v 0.013472090475261211 -0.05550000071525574 0.028225084766745567
v 0.01935935765504837 -0.05550000071525574 0.024525867775082588
v 0.015768449753522873 -0.05550000071525574 0.014976703561842442
v 0.024275867268443108 -0.05550000071525574 0.01960935816168785
v 0.01915692910552025 -0.05550000071525574 0.010176320560276508
v 0.027975084260106087 -0.05550000071525574 0.013722090050578117
v 0.02112462744116783 -0.05550000071525574 0.0046397484838962555
v 0.030271511524915695 -0.05550000071525574 0.0071592750027775764
v 0.021525610238313675 -0.05550000071525574 -0.0012223919620737433
v 0.031050000339746475 -0.05550000071525574 0.0002500000118743628
v 0.030271511524915695 -0.05550000071525574 -0.00665927492082119
v 0.02033013477921486 -0.05550000071525574 -0.00697533180937171
v 0.027975084260106087 -0.05550000071525574 -0.013222090899944305
v 0.017626866698265076 -0.05550000071525574 -0.01219240203499794
v 0.024275867268443108 -0.05550000071525574 -0.01910935714840889
v 0.013616295531392097 -0.05550000071525574 -0.016486674547195435
v 0.01935935765504837 -0.05550000071525574 -0.024025866761803627
v 0.008595865219831467 -0.05550000071525574 -0.019539665430784225
v 0.013472090475261211 -0.05550000071525574 -0.027725083753466606
v 0.002937918994575739 -0.05550000071525574 -0.0211249478161335
v 0.006909274961799383 -0.05550000071525574 -0.030021511018276215
v -4.102621020685149e-16 -0.05550000071525574 -0.021325906738638878
v -4.0766001685454967e-16 -0.05550000071525574 -0.030799999833106995
v -0.002937918994575739 -0.05550000071525574 -0.0211249478161335
v -0.006909274961799383 -0.05550000071525574 -0.030021511018276215
v -0.008595865219831467 -0.05550000071525574 -0.019539665430784225
v -0.013472090475261211 -0.05550000071525574 -0.027725083753466606
v -0.013616295531392097 -0.05550000071525574 -0.016486674547195435
v -0.01935935765504837 -0.05550000071525574 -0.024025866761803627
v -0.017626866698265076 -0.05550000071525574 -0.01219240203499794
v -0.024275867268443108 -0.05550000071525574 -0.01910935714840889
v -0.02033013477921486 -0.05550000071525574 -0.00697533180937171
v -0.027975084260106087 -0.05550000071525574 -0.013222090899944305
v -0.030271511524915695 -0.05550000071525574 -0.00665927492082119
v -0.021525610238313675 -0.05550000071525574 -0.0012223919620737433
v -0.031050000339746475 -0.05550000071525574 0.0002500000118743628
v -0.02112462744116783 -0.05550000071525574 0.0046397484838962555
v -0.030271511524915695 -0.05550000071525574 0.0071592750027775764
v -0.01915692910552025 -0.05550000071525574 0.010176320560276508
v -0.027975084260106087 -0.05550000071525574 0.013722090050578117
v -0.024275867268443108 -0.05550000071525574 0.01960935816168785
v -4.0766001685454967e-16 -0.05550000071525574 -0.030799999833106995
v -0.006909274961799383 -0.10750000178813934 -0.030021511018276215
v -0.006909274961799383 -0.05550000071525574 -0.030021511018276215
v -0.006909274961799383 -0.05550000071525574 -0.030021511018276215
v -0.006909274961799383 -0.10750000178813934 -0.030021511018276215
v -0.013472090475261211 -0.10750000178813934 -0.027725083753466606
v -0.013472090475261211 -0.05550000071525574 -0.027725083753466606
v -0.013472090475261211 -0.05550000071525574 -0.027725083753466606
v -0.013472090475261211 -0.10750000178813934 -0.027725083753466606
v -0.01935935765504837 -0.10750000178813934 -0.024025866761803627
v -0.01935935765504837 -0.05550000071525574 -0.024025866761803627
v -0.01935935765504837 -0.05550000071525574 -0.024025866761803627
v -0.01935935765504837 -0.10750000178813934 -0.024025866761803627
v -0.024275867268443108 -0.10750000178813934 -0.01910935714840889
v -0.024275867268443108 -0.05550000071525574 -0.01910935714840889
v -0.024275867268443108 -0.05550000071525574 -0.01910935714840889
v -0.024275867268443108 -0.10750000178813934 -0.01910935714840889
v -0.027975084260106087 -0.10750000178813934 -0.013222090899944305
v -0.027975084260106087 -0.05550000071525574 -0.013222090899944305
v -0.027975084260106087 -0.05550000071525574 -0.013222090899944305
v -0.027975084260106087 -0.10750000178813934 -0.013222090899944305
v -0.030271511524915695 -0.10750000178813934 -0.00665927492082119
v -0.030271511524915695 -0.05550000071525574 -0.00665927492082119
v -0.030271511524915695 -0.05550000071525574 -0.00665927492082119
v -0.030271511524915695 -0.10750000178813934 -0.00665927492082119
v -0.031050000339746475 -0.10750000178813934 0.0002500000118743628
v -0.031050000339746475 -0.05550000071525574 0.0002500000118743628
v -0.031050000339746475 -0.05550000071525574 0.0002500000118743628
v -0.031050000339746475 -0.10750000178813934 0.0002500000118743628
v -0.030271511524915695 -0.10750000178813934 0.0071592750027775764
v -0.030271511524915695 -0.05550000071525574 0.0071592750027775764
v -0.030271511524915695 -0.05550000071525574 0.0071592750027775764
v -0.030271511524915695 -0.10750000178813934 0.0071592750027775764
v -0.027975084260106087 -0.10750000178813934 0.013722090050578117
v -0.027975084260106087 -0.05550000071525574 0.013722090050578117
v -0.027975084260106087 -0.05550000071525574 0.013722090050578117
v -0.027975084260106087 -0.10750000178813934 0.013722090050578117
v -0.024275867268443108 -0.10750000178813934 0.01960935816168785
v -0.024275867268443108 -0.05550000071525574 0.01960935816168785
v -0.024275867268443108 -0.05550000071525574 0.01960935816168785
v -0.024275867268443108 -0.10750000178813934 0.01960935816168785
v -0.01935935765504837 -0.10750000178813934 0.024525867775082588
v -0.01935935765504837 -0.05550000071525574 0.024525867775082588
v -0.01935935765504837 -0.05550000071525574 0.024525867775082588
v -0.01935935765504837 -0.10750000178813934 0.024525867775082588
v -0.013472090475261211 -0.10750000178813934 0.028225084766745567
v -0.013472090475261211 -0.05550000071525574 0.028225084766745567
v -0.013472090475261211 -0.05550000071525574 0.028225084766745567
v -0.013472090475261211 -0.10750000178813934 0.028225084766745567
v -0.006909274961799383 -0.10750000178813934 0.030521512031555176
v -0.006909274961799383 -0.05550000071525574 0.030521512031555176
v -0.006909274961799383 -0.05550000071525574 0.030521512031555176
v -0.006909274961799383 -0.10750000178813934 0.030521512031555176
v -4.0332320816460765e-16 -0.10750000178813934 0.031300000846385956
v -4.0939474033052647e-16 -0.05550000071525574 0.031300000846385956
v -4.0939474033052647e-16 -0.05550000071525574 0.031300000846385956
v -4.0332320816460765e-16 -0.10750000178813934 0.031300000846385956
v 0.006909274961799383 -0.10750000178813934 0.030521512031555176
v 0.006909274961799383 -0.05550000071525574 0.030521512031555176
v 0.006909274961799383 -0.05550000071525574 0.030521512031555176
v 0.006909274961799383 -0.10750000178813934 0.030521512031555176
v 0.013472090475261211 -0.10750000178813934 0.028225084766745567
v 0.013472090475261211 -0.05550000071525574 0.028225084766745567
v 0.013472090475261211 -0.05550000071525574 0.028225084766745567
v 0.013472090475261211 -0.10750000178813934 0.028225084766745567
v 0.01935935765504837 -0.10750000178813934 0.024525867775082588
v 0.01935935765504837 -0.05550000071525574 0.024525867775082588
v 0.01935935765504837 -0.05550000071525574 0.024525867775082588
v 0.01935935765504837 -0.10750000178813934 0.024525867775082588
v 0.024275867268443108 -0.10750000178813934 0.01960935816168785
v 0.024275867268443108 -0.05550000071525574 0.01960935816168785
v 0.024275867268443108 -0.05550000071525574 0.01960935816168785
v 0.024275867268443108 -0.10750000178813934 0.01960935816168785
v 0.027975084260106087 -0.10750000178813934 0.013722090050578117
v 0.027975084260106087 -0.05550000071525574 0.013722090050578117
v 0.027975084260106087 -0.05550000071525574 0.013722090050578117
v 0.027975084260106087 -0.10750000178813934 0.013722090050578117
v 0.030271511524915695 -0.10750000178813934 0.0071592750027775764
v 0.030271511524915695 -0.05550000071525574 0.0071592750027775764
v 0.030271511524915695 -0.05550000071525574 0.0071592750027775764
v 0.030271511524915695 -0.10750000178813934 0.0071592750027775764
v 0.031050000339746475 -0.10750000178813934 0.0002500000118743628
v 0.031050000339746475 -0.05550000071525574 0.0002500000118743628
v 0.031050000339746475 -0.05550000071525574 0.0002500000118743628
v 0.031050000339746475 -0.10750000178813934 0.0002500000118743628
v 0.030271511524915695 -0.10750000178813934 -0.00665927492082119
v 0.030271511524915695 -0.05550000071525574 -0.00665927492082119
v 0.030271511524915695 -0.05550000071525574 -0.00665927492082119
v 0.030271511524915695 -0.10750000178813934 -0.00665927492082119
v 0.027975084260106087 -0.10750000178813934 -0.013222090899944305
v 0.027975084260106087 -0.05550000071525574 -0.013222090899944305
v 0.027975084260106087 -0.05550000071525574 -0.013222090899944305
v 0.027975084260106087 -0.10750000178813934 -0.013222090899944305
v 0.024275867268443108 -0.10750000178813934 -0.01910935714840889
v 0.024275867268443108 -0.05550000071525574 -0.01910935714840889
v 0.024275867268443108 -0.05550000071525574 -0.01910935714840889
v 0.024275867268443108 -0.10750000178813934 -0.01910935714840889
v 0.01935935765504837 -0.10750000178813934 -0.024025866761803627
v 0.01935935765504837 -0.05550000071525574 -0.024025866761803627
v 0.01935935765504837 -0.05550000071525574 -0.024025866761803627
v 0.01935935765504837 -0.10750000178813934 -0.024025866761803627
v 0.013472090475261211 -0.10750000178813934 -0.027725083753466606
v 0.013472090475261211 -0.05550000071525574 -0.027725083753466606
v 0.013472090475261211 -0.05550000071525574 -0.027725083753466606
v 0.013472090475261211 -0.10750000178813934 -0.027725083753466606
v 0.006909274961799383 -0.10750000178813934 -0.030021511018276215
v 0.006909274961799383 -0.05550000071525574 -0.030021511018276215
v 0.006909274961799383 -0.05550000071525574 -0.030021511018276215
v 0.006909274961799383 -0.10750000178813934 -0.030021511018276215
v -3.937822290467352e-16 -0.10750000178813934 -0.030799999833106995
v -4.0766001685454967e-16 -0.05550000071525574 -0.030799999833106995
v -3.937822290467352e-16 -0.10750000178813934 -0.030799999833106995
v 0.026799999177455902 -0.11749999970197678 0.0022546574473381042
v 0.02416512928903103 -0.11749999970197678 0.0015486462507396936
v 0.026799999177455902 -0.11749999970197678 -0.0017546573653817177
v 0.02416512928903103 -0.11749999970197678 -0.001048646168783307
v 0.02337529882788658 -0.1087988093495369 -0.006010538432747126
v 0.023374605923891068 -0.10850000381469727 -0.006013207137584686
v 0.026748236268758774 -0.10850000381469727 -0.006917168386280537
v 0.02337529882788658 -0.1087988093495369 -0.006010538432747126
v 0.026748236268758774 -0.10850000381469727 -0.006917168386280537
v 0.02342623472213745 -0.11107565462589264 -0.005810536909848452
v 0.026748236268758774 -0.10850000381469727 -0.006917168386280537
v 0.02674872614443302 -0.1106799989938736 -0.006763150915503502
v 0.02342623472213745 -0.11107565462589264 -0.005810536909848452
v 0.02342623472213745 -0.11107565462589264 -0.005810536909848452
v 0.02674872614443302 -0.1106799989938736 -0.006763150915503502
v 0.02675008215010166 -0.11248691380023956 -0.006382044870406389
v 0.02342623472213745 -0.11107565462589264 -0.005810536909848452
v 0.02675008215010166 -0.11248691380023956 -0.006382044870406389
v 0.023507269099354744 -0.11261150240898132 -0.0054770344868302345
v 0.023507269099354744 -0.11261150240898132 -0.0054770344868302345
v 0.02675008215010166 -0.11248691380023956 -0.006382044870406389
v 0.026750221848487854 -0.11261165142059326 -0.006345936097204685
v 0.023507269099354744 -0.11261150240898132 -0.0054770344868302345
v 0.026750221848487854 -0.11261165142059326 -0.006345936097204685
v 0.023547440767288208 -0.11318213492631912 -0.005303878337144852
v 0.023547440767288208 -0.11318213492631912 -0.005303878337144852
v 0.026750221848487854 -0.11261165142059326 -0.006345936097204685
v 0.023634040728211403 -0.1142045259475708 -0.00491010257974267
v 0.026777319610118866 -0.11718710511922836 -0.003101624548435211
v 0.023972902446985245 -0.11684047430753708 -0.002942184917628765
v 0.026764381676912308 -0.11646267771720886 -0.004157728049904108
v 0.026764381676912308 -0.11646267771720886 -0.004157728049904108
v 0.023972902446985245 -0.11684047430753708 -0.002942184917628765
v 0.023834427818655968 -0.11596021056175232 -0.0038555902428925037
v 0.026764381676912308 -0.11646267771720886 -0.004157728049904108
v 0.023834427818655968 -0.11596021056175232 -0.0038555902428925037
v 0.026760799810290337 -0.1160658746957779 -0.004547546152025461
v 0.026760799810290337 -0.1160658746957779 -0.004547546152025461
v 0.023834427818655968 -0.11596021056175232 -0.0038555902428925037
v 0.026758139953017235 -0.11565251648426056 -0.004885352682322264
v 0.026750221848487854 -0.11261165142059326 -0.006345936097204685
v 0.02675287239253521 -0.11419748514890671 -0.005749104544520378
v 0.023634040728211403 -0.1142045259475708 -0.00491010257974267
v 0.023634040728211403 -0.1142045259475708 -0.00491010257974267
v 0.02675287239253521 -0.11419748514890671 -0.005749104544520378
v 0.02675485983490944 -0.11489652842283249 -0.005383990705013275
v 0.023634040728211403 -0.1142045259475708 -0.00491010257974267
v 0.02675485983490944 -0.11489652842283249 -0.005383990705013275
v 0.02379351481795311 -0.11565209925174713 -0.004091296344995499
v 0.02379351481795311 -0.11565209925174713 -0.004091296344995499
v 0.02675485983490944 -0.11489652842283249 -0.005383990705013275
v 0.026758139953017235 -0.11565251648426056 -0.004885352682322264
v 0.02379351481795311 -0.11565209925174713 -0.004091296344995499
v 0.026758139953017235 -0.11565251648426056 -0.004885352682322264
v 0.023793939501047134 -0.11565542221069336 -0.004088910762220621
v 0.023793939501047134 -0.11565542221069336 -0.004088910762220621
v 0.026758139953017235 -0.11565251648426056 -0.004885352682322264
v 0.023834427818655968 -0.11596021056175232 -0.0038555902428925037
v 0.026799999177455902 -0.11749999970197678 -0.0017546573653817177
v 0.02416512928903103 -0.11749999970197678 -0.001048646168783307
v 0.026794126257300377 -0.11748193949460983 -0.0020808479748666286
v 0.026794126257300377 -0.11748193949460983 -0.0020808479748666286
v 0.02416512928903103 -0.11749999970197678 -0.001048646168783307
v 0.02407814748585224 -0.11731906235218048 -0.0020580694545060396
v 0.026794126257300377 -0.11748193949460983 -0.0020808479748666286
v 0.02407814748585224 -0.11731906235218048 -0.0020580694545060396
v 0.026777319610118866 -0.11718710511922836 -0.003101624548435211
v 0.026777319610118866 -0.11718710511922836 -0.003101624548435211
v 0.02407814748585224 -0.11731906235218048 -0.0020580694545060396
v 0.024044668301939964 -0.11718901991844177 -0.002365340944379568
v 0.026777319610118866 -0.11718710511922836 -0.003101624548435211
v 0.024044668301939964 -0.11718901991844177 -0.002365340944379568
v 0.023972902446985245 -0.11684047430753708 -0.002942184917628765
v 0.026499999687075615 -0.1120000034570694 -0.0014820507494732738
v 0.027000000700354576 -0.11174999922513962 -0.001915063476189971
v 0.026499999687075615 -0.11126794666051865 -0.0007500000647269189
v 0.027000000700354576 -0.11083493381738663 -0.0009999999310821295
v 0.026499999687075615 -0.11126794666051865 -0.0007500000647269189
v 0.027000000700354576 -0.11083493381738663 -0.0009999999310821295
v 0.026499999687075615 -0.11100000143051147 0.0002500000118743628
v 0.027000000700354576 -0.11050000041723251 0.0002500000118743628
v 0.026499999687075615 -0.11100000143051147 0.0002500000118743628
v 0.027000000700354576 -0.11050000041723251 0.0002500000118743628
v 0.026499999687075615 -0.11126794666051865 0.0012500000884756446
v 0.027000000700354576 -0.11083493381738663 0.001500000013038516
v 0.026499999687075615 -0.11126794666051865 0.0012500000884756446
v 0.027000000700354576 -0.11083493381738663 0.001500000013038516
v 0.026499999687075615 -0.1120000034570694 0.0019820507150143385
v 0.027000000700354576 -0.11174999922513962 0.0024150635581463575
v 0.026499999687075615 -0.1120000034570694 0.0019820507150143385
v 0.027000000700354576 -0.11174999922513962 0.0024150635581463575
v 0.026499999687075615 -0.11299999803304672 0.002250000135973096
v 0.027000000700354576 -0.11299999803304672 0.002749999985098839
v 0.026499999687075615 -0.11299999803304672 0.002250000135973096
v 0.027000000700354576 -0.11299999803304672 0.002749999985098839
v 0.026499999687075615 -0.11400000005960464 0.0019820507150143385
v 0.027000000700354576 -0.11424999684095383 0.0024150635581463575
v 0.026499999687075615 -0.11400000005960464 0.0019820507150143385
v 0.027000000700354576 -0.11424999684095383 0.0024150635581463575
v 0.026499999687075615 -0.1147320494055748 0.0012500000884756446
v 0.027000000700354576 -0.11516506224870682 0.001500000013038516
v 0.026499999687075615 -0.1147320494055748 0.0012500000884756446
v 0.027000000700354576 -0.11516506224870682 0.001500000013038516
v 0.026499999687075615 -0.11500000208616257 0.0002500000118743628
v 0.027000000700354576 -0.11550000309944153 0.0002500000118743628
v 0.026499999687075615 -0.11500000208616257 0.0002500000118743628
v 0.027000000700354576 -0.11550000309944153 0.0002500000118743628
v 0.026499999687075615 -0.1147320494055748 -0.0007500000647269189
v 0.027000000700354576 -0.11516506224870682 -0.0009999999310821295
v 0.026499999687075615 -0.1147320494055748 -0.0007500000647269189
v 0.027000000700354576 -0.11516506224870682 -0.0009999999310821295
v 0.026499999687075615 -0.11400000005960464 -0.0014820507494732738
v 0.027000000700354576 -0.11424999684095383 -0.001915063476189971
v 0.026499999687075615 -0.11400000005960464 -0.0014820507494732738
v 0.027000000700354576 -0.11424999684095383 -0.001915063476189971
v 0.026499999687075615 -0.11299999803304672 -0.0017500000540167093
v 0.027000000700354576 -0.11299999803304672 -0.0022499999031424522
v 0.026499999687075615 -0.11299999803304672 -0.0017500000540167093
v 0.027000000700354576 -0.11299999803304672 -0.0022499999031424522
v 0.026499999687075615 -0.1120000034570694 -0.0014820507494732738
v 0.027000000700354576 -0.11174999922513962 -0.001915063476189971
v 0.02698763832449913 -0.11736921966075897 -0.0017546573653817177
v 0.026984775438904762 -0.11737653613090515 -0.0017546573653817177
v 0.026984209194779396 -0.11736065149307251 -0.0020674685947597027
v 0.02686922252178192 -0.11748763918876648 -0.0017546573653817177
v 0.026799999177455902 -0.11749999970197678 -0.0017546573653817177
v 0.026794126257300377 -0.11748193949460983 -0.0020808479748666286
v 0.02687244862318039 -0.11746852099895477 -0.0020793681032955647
v 0.02687653712928295 -0.11748477816581726 -0.0017546573653817177
v 0.02686922252178192 -0.11748763918876648 -0.0017546573653817177
v 0.02687653712928295 -0.11748477816581726 -0.0017546573653817177
v 0.02687244862318039 -0.11746852099895477 -0.0020793681032955647
v 0.026941420510411263 -0.11744142323732376 -0.0017546573653817177
v 0.026984775438904762 -0.11737653613090515 -0.0017546573653817177
v 0.026941420510411263 -0.11744142323732376 -0.0017546573653817177
v 0.026939328759908676 -0.11742585152387619 -0.002074660500511527
v 0.027000000700354576 -0.11728323251008987 -0.0020589279010891914
v 0.027000000700354576 -0.11729999631643295 -0.0017546573653817177
v 0.02698763832449913 -0.11736921966075897 -0.0017546573653817177
v 0.02686922252178192 -0.11748763918876648 -0.0017546573653817177
v 0.026794126257300377 -0.11748193949460983 -0.0020808479748666286
v 0.02687244862318039 -0.11746852099895477 -0.0020793681032955647
v 0.02687244862318039 -0.11746852099895477 -0.0020793681032955647
v 0.026794126257300377 -0.11748193949460983 -0.0020808479748666286
v 0.026777319610118866 -0.11718710511922836 -0.003101624548435211
v 0.02687244862318039 -0.11746852099895477 -0.0020793681032955647
v 0.026777319610118866 -0.11718710511922836 -0.003101624548435211
v 0.02686052769422531 -0.11717978864908218 -0.0030981788877397776
v 0.02686052769422531 -0.11717978864908218 -0.0030981788877397776
v 0.026777319610118866 -0.11718710511922836 -0.003101624548435211
v 0.026764381676912308 -0.11646267771720886 -0.004157728049904108
v 0.02686052769422531 -0.11717978864908218 -0.0030981788877397776
v 0.026764381676912308 -0.11646267771720886 -0.004157728049904108
v 0.0268511101603508 -0.11646013706922531 -0.004155401606112719
v 0.0268511101603508 -0.11646013706922531 -0.004155401606112719
v 0.026764381676912308 -0.11646267771720886 -0.004157728049904108
v 0.026760799810290337 -0.1160658746957779 -0.004547546152025461
v 0.0268511101603508 -0.11646013706922531 -0.004155401606112719
v 0.026760799810290337 -0.1160658746957779 -0.004547546152025461
v 0.026848459616303444 -0.11606449633836746 -0.004545994568616152
v 0.026848459616303444 -0.11606449633836746 -0.004545994568616152
v 0.026760799810290337 -0.1160658746957779 -0.004547546152025461
v 0.026758139953017235 -0.11565251648426056 -0.004885352682322264
v 0.026848459616303444 -0.11606449633836746 -0.004545994568616152
v 0.026758139953017235 -0.11565251648426056 -0.004885352682322264
v 0.026844026520848274 -0.11489665508270264 -0.005384210497140884
v 0.026844026520848274 -0.11489665508270264 -0.005384210497140884
v 0.026758139953017235 -0.11565251648426056 -0.004885352682322264
v 0.02675485983490944 -0.11489652842283249 -0.005383990705013275
v 0.026844026520848274 -0.11489665508270264 -0.005384210497140884
v 0.02675485983490944 -0.11489652842283249 -0.005383990705013275
v 0.02675287239253521 -0.11419748514890671 -0.005749104544520378
v 0.026750221848487854 -0.11261165142059326 -0.006345936097204685
v 0.026840422302484512 -0.11248750984668732 -0.006384163163602352
v 0.02675287239253521 -0.11419748514890671 -0.005749104544520378
v 0.02675287239253521 -0.11419748514890671 -0.005749104544520378
v 0.026840422302484512 -0.11248750984668732 -0.006384163163602352
v 0.026842530816793442 -0.11419793963432312 -0.0057500614784657955
v 0.02675287239253521 -0.11419748514890671 -0.005749104544520378
v 0.026842530816793442 -0.11419793963432312 -0.0057500614784657955
v 0.026844026520848274 -0.11489665508270264 -0.005384210497140884
v 0.026750221848487854 -0.11261165142059326 -0.006345936097204685
v 0.02675008215010166 -0.11248691380023956 -0.006382044870406389
v 0.026840422302484512 -0.11248750984668732 -0.006384163163602352
v 0.026840422302484512 -0.11248750984668732 -0.006384163163602352
v 0.02675008215010166 -0.11248691380023956 -0.006382044870406389
v 0.02674872614443302 -0.1106799989938736 -0.006763150915503502
v 0.026840422302484512 -0.11248750984668732 -0.006384163163602352
v 0.02674872614443302 -0.1106799989938736 -0.006763150915503502
v 0.026839392259716988 -0.11068039387464523 -0.006765889003872871
v 0.026839392259716988 -0.11068039387464523 -0.006765889003872871
v 0.02674872614443302 -0.1106799989938736 -0.006763150915503502
v 0.026748236268758774 -0.10850000381469727 -0.006917168386280537
v 0.026839392259716988 -0.11068039387464523 -0.006765889003872871
v 0.026748236268758774 -0.10850000381469727 -0.006917168386280537
v 0.026839017868041992 -0.10850000381469727 -0.006920140236616135
v 0.026941420510411263 -0.11744142323732376 -0.0017546573653817177
v 0.02687244862318039 -0.11746852099895477 -0.0020793681032955647
v 0.026939328759908676 -0.11742585152387619 -0.002074660500511527
v 0.026939328759908676 -0.11742585152387619 -0.002074660500511527
v 0.02687244862318039 -0.11746852099895477 -0.0020793681032955647
v 0.02686052769422531 -0.11717978864908218 -0.0030981788877397776
v 0.026939328759908676 -0.11742585152387619 -0.002074660500511527
v 0.02686052769422531 -0.11717978864908218 -0.0030981788877397776
v 0.026933161541819572 -0.11714233458042145 -0.0030805449932813644
v 0.026933161541819572 -0.11714233458042145 -0.0030805449932813644
v 0.02686052769422531 -0.11717978864908218 -0.0030981788877397776
v 0.0268511101603508 -0.11646013706922531 -0.004155401606112719
v 0.026933161541819572 -0.11714233458042145 -0.0030805449932813644
v 0.0268511101603508 -0.11646013706922531 -0.004155401606112719
v 0.026928212493658066 -0.11643074452877045 -0.004128478933125734
v 0.026928212493658066 -0.11643074452877045 -0.004128478933125734
v 0.0268511101603508 -0.11646013706922531 -0.004155401606112719
v 0.026848459616303444 -0.11606449633836746 -0.004545994568616152
v 0.026928212493658066 -0.11643074452877045 -0.004128478933125734
v 0.026848459616303444 -0.11606449633836746 -0.004545994568616152
v 0.026926806196570396 -0.11603827029466629 -0.00451661879196763
v 0.026926806196570396 -0.11603827029466629 -0.00451661879196763
v 0.026848459616303444 -0.11606449633836746 -0.004545994568616152
v 0.026844026520848274 -0.11489665508270264 -0.005384210497140884
v 0.026926806196570396 -0.11603827029466629 -0.00451661879196763
v 0.026844026520848274 -0.11489665508270264 -0.005384210497140884
v 0.026924442499876022 -0.11487729847431183 -0.0053509012795984745
v 0.026924442499876022 -0.11487729847431183 -0.0053509012795984745
v 0.026844026520848274 -0.11489665508270264 -0.005384210497140884
v 0.026842530816793442 -0.11419793963432312 -0.0057500614784657955
v 0.026924442499876022 -0.11487729847431183 -0.0053509012795984745
v 0.026842530816793442 -0.11419793963432312 -0.0057500614784657955
v 0.026923641562461853 -0.11418166756629944 -0.005715474020689726
v 0.026923641562461853 -0.11418166756629944 -0.005715474020689726
v 0.026842530816793442 -0.11419793963432312 -0.0057500614784657955
v 0.026840422302484512 -0.11248750984668732 -0.006384163163602352
v 0.026923641562461853 -0.11418166756629944 -0.005715474020689726
v 0.026840422302484512 -0.11248750984668732 -0.006384163163602352
v 0.02692250907421112 -0.11247718334197998 -0.0063478173688054085
v 0.02692250907421112 -0.11247718334197998 -0.0063478173688054085
v 0.026840422302484512 -0.11248750984668732 -0.006384163163602352
v 0.026839392259716988 -0.11068039387464523 -0.006765889003872871
v 0.02692250907421112 -0.11247718334197998 -0.0063478173688054085
v 0.026839392259716988 -0.11068039387464523 -0.006765889003872871
v 0.02692195400595665 -0.11067505925893784 -0.006728704087436199
v 0.02692195400595665 -0.11067505925893784 -0.006728704087436199
v 0.026839392259716988 -0.11068039387464523 -0.006765889003872871
v 0.026839017868041992 -0.10850000381469727 -0.006920140236616135
v 0.02692195400595665 -0.11067505925893784 -0.006728704087436199
v 0.026839017868041992 -0.10850000381469727 -0.006920140236616135
v 0.026921752840280533 -0.10850000381469727 -0.006882653571665287
v 0.026984775438904762 -0.11737653613090515 -0.0017546573653817177
v 0.026939328759908676 -0.11742585152387619 -0.002074660500511527
v 0.026984209194779396 -0.11736065149307251 -0.0020674685947597027
v 0.026984209194779396 -0.11736065149307251 -0.0020674685947597027
v 0.026939328759908676 -0.11742585152387619 -0.002074660500511527
v 0.026933161541819572 -0.11714233458042145 -0.0030805449932813644
v 0.026984209194779396 -0.11736065149307251 -0.0020674685947597027
v 0.026933161541819572 -0.11714233458042145 -0.0030805449932813644
v 0.02698252722620964 -0.11708129197359085 -0.003051804145798087
v 0.02698252722620964 -0.11708129197359085 -0.003051804145798087
v 0.026933161541819572 -0.11714233458042145 -0.0030805449932813644
v 0.026928212493658066 -0.11643074452877045 -0.004128478933125734
v 0.02698252722620964 -0.11708129197359085 -0.003051804145798087
v 0.026928212493658066 -0.11643074452877045 -0.004128478933125734
v 0.026981165632605553 -0.11638002842664719 -0.004082029219716787
v 0.026981165632605553 -0.11638002842664719 -0.004082029219716787
v 0.026928212493658066 -0.11643074452877045 -0.004128478933125734
v 0.026926806196570396 -0.11603827029466629 -0.00451661879196763
v 0.026981165632605553 -0.11638002842664719 -0.004082029219716787
v 0.026926806196570396 -0.11603827029466629 -0.00451661879196763
v 0.026980778202414513 -0.1159922406077385 -0.0044650668278336525
v 0.026980778202414513 -0.1159922406077385 -0.0044650668278336525
v 0.026926806196570396 -0.11603827029466629 -0.00451661879196763
v 0.026924442499876022 -0.11487729847431183 -0.0053509012795984745
v 0.026980778202414513 -0.1159922406077385 -0.0044650668278336525
v 0.026924442499876022 -0.11487729847431183 -0.0053509012795984745
v 0.026980122551321983 -0.11484230309724808 -0.005290683824568987
v 0.026980122551321983 -0.11484230309724808 -0.005290683824568987
v 0.026924442499876022 -0.11487729847431183 -0.0053509012795984745
v 0.026923641562461853 -0.11418166756629944 -0.005715474020689726
v 0.026980122551321983 -0.11484230309724808 -0.005290683824568987
v 0.026923641562461853 -0.11418166756629944 -0.005715474020689726
v 0.026979900896549225 -0.1141519546508789 -0.005652294028550386
v 0.026979900896549225 -0.1141519546508789 -0.005652294028550386
v 0.026923641562461853 -0.11418166756629944 -0.005715474020689726
v 0.02692250907421112 -0.11247718334197998 -0.0063478173688054085
v 0.026979900896549225 -0.1141519546508789 -0.005652294028550386
v 0.02692250907421112 -0.11247718334197998 -0.0063478173688054085
v 0.026979584246873856 -0.11245802789926529 -0.006280427798628807
v 0.026979584246873856 -0.11245802789926529 -0.006280427798628807
v 0.02692250907421112 -0.11247718334197998 -0.0063478173688054085
v 0.02692195400595665 -0.11067505925893784 -0.006728704087436199
v 0.026979584246873856 -0.11245802789926529 -0.006280427798628807
v 0.02692195400595665 -0.11067505925893784 -0.006728704087436199
v 0.02697943150997162 -0.11066508293151855 -0.006659244652837515
v 0.02697943150997162 -0.11066508293151855 -0.006659244652837515
v 0.02692195400595665 -0.11067505925893784 -0.006728704087436199
v 0.026921752840280533 -0.10850000381469727 -0.006882653571665287
v 0.02697943150997162 -0.11066508293151855 -0.006659244652837515
v 0.026921752840280533 -0.10850000381469727 -0.006882653571665287
v 0.026979373767971992 -0.10850000381469727 -0.006812440697103739
v 0.02698763832449913 -0.11736921966075897 -0.0017546573653817177
v 0.026984209194779396 -0.11736065149307251 -0.0020674685947597027
v 0.027000000700354576 -0.11728323251008987 -0.0020589279010891914
v 0.027000000700354576 -0.11728323251008987 -0.0020589279010891914
v 0.026984209194779396 -0.11736065149307251 -0.0020674685947597027
v 0.02698252722620964 -0.11708129197359085 -0.003051804145798087
v 0.027000000700354576 -0.11728323251008987 -0.0020589279010891914
v 0.02698252722620964 -0.11708129197359085 -0.003051804145798087
v 0.027000000700354576 -0.11700732260942459 -0.0030169780366122723
v 0.027000000700354576 -0.11700732260942459 -0.0030169780366122723
v 0.02698252722620964 -0.11708129197359085 -0.003051804145798087
v 0.026981165632605553 -0.11638002842664719 -0.004082029219716787
v 0.027000000700354576 -0.11700732260942459 -0.0030169780366122723
v 0.026981165632605553 -0.11638002842664719 -0.004082029219716787
v 0.027000000700354576 -0.11631754785776138 -0.004024801310151815
v 0.027000000700354576 -0.11631754785776138 -0.004024801310151815
v 0.026981165632605553 -0.11638002842664719 -0.004082029219716787
v 0.026980778202414513 -0.1159922406077385 -0.0044650668278336525
v 0.027000000700354576 -0.11631754785776138 -0.004024801310151815
v 0.026980778202414513 -0.1159922406077385 -0.0044650668278336525
v 0.027000000700354576 -0.11593526601791382 -0.004401246551424265
v 0.027000000700354576 -0.11593526601791382 -0.004401246551424265
v 0.026980778202414513 -0.1159922406077385 -0.0044650668278336525
v 0.026980122551321983 -0.11484230309724808 -0.005290683824568987
v 0.027000000700354576 -0.11593526601791382 -0.004401246551424265
v 0.026980122551321983 -0.11484230309724808 -0.005290683824568987
v 0.027000000700354576 -0.1147986352443695 -0.005215527955442667
v 0.027000000700354576 -0.1147986352443695 -0.005215527955442667
v 0.026980122551321983 -0.11484230309724808 -0.005290683824568987
v 0.026979900896549225 -0.1141519546508789 -0.005652294028550386
v 0.027000000700354576 -0.1147986352443695 -0.005215527955442667
v 0.026979900896549225 -0.1141519546508789 -0.005652294028550386
v 0.027000000700354576 -0.11411476135253906 -0.005573221016675234
v 0.027000000700354576 -0.11411476135253906 -0.005573221016675234
v 0.026979900896549225 -0.1141519546508789 -0.005652294028550386
v 0.026979584246873856 -0.11245802789926529 -0.006280427798628807
v 0.027000000700354576 -0.11411476135253906 -0.005573221016675234
v 0.026979584246873856 -0.11245802789926529 -0.006280427798628807
v 0.027000000700354576 -0.11243396997451782 -0.0061957514844834805
v 0.027000000700354576 -0.11243396997451782 -0.0061957514844834805
v 0.026979584246873856 -0.11245802789926529 -0.006280427798628807
v 0.02697943150997162 -0.11066508293151855 -0.006659244652837515
v 0.027000000700354576 -0.11243396997451782 -0.0061957514844834805
v 0.02697943150997162 -0.11066508293151855 -0.006659244652837515
v 0.027000000700354576 -0.11065252870321274 -0.006571797654032707
v 0.027000000700354576 -0.11065252870321274 -0.006571797654032707
v 0.02697943150997162 -0.11066508293151855 -0.006659244652837515
v 0.026979373767971992 -0.10850000381469727 -0.006812440697103739
v 0.027000000700354576 -0.11065252870321274 -0.006571797654032707
v 0.026979373767971992 -0.10850000381469727 -0.006812440697103739
v 0.027000000700354576 -0.10850000381469727 -0.006723983213305473
v 0.026799999177455902 -0.11749999970197678 -0.0017546573653817177
v 0.02686922252178192 -0.11748763918876648 -0.0017546573653817177
v 0.026799999177455902 -0.11749999970197678 0.0022546574473381042
v 0.02686922252178192 -0.11748763918876648 0.0022546574473381042
v 0.027000000700354576 -0.11729999631643295 -0.0017546573653817177
v 0.027000000700354576 -0.11729999631643295 0.0022546574473381042
v 0.02698763832449913 -0.11736921966075897 0.0022546574473381042
v 0.02686922252178192 -0.11748763918876648 0.0022546574473381042
v 0.02686922252178192 -0.11748763918876648 -0.0017546573653817177
v 0.02687653712928295 -0.11748477816581726 0.0022546574473381042
v 0.02687653712928295 -0.11748477816581726 -0.0017546573653817177
v 0.02687653712928295 -0.11748477816581726 0.0022546574473381042
v 0.02687653712928295 -0.11748477816581726 -0.0017546573653817177
v 0.026941420510411263 -0.11744142323732376 0.0022546574473381042
v 0.026941420510411263 -0.11744142323732376 -0.0017546573653817177
v 0.026941420510411263 -0.11744142323732376 0.0022546574473381042
v 0.026941420510411263 -0.11744142323732376 -0.0017546573653817177
v 0.026984775438904762 -0.11737653613090515 0.0022546574473381042
v 0.026984775438904762 -0.11737653613090515 -0.0017546573653817177
v 0.026984775438904762 -0.11737653613090515 0.0022546574473381042
v 0.026984775438904762 -0.11737653613090515 -0.0017546573653817177
v 0.02698763832449913 -0.11736921966075897 0.0022546574473381042
v 0.02698763832449913 -0.11736921966075897 -0.0017546573653817177
v 0.02698763832449913 -0.11736921966075897 -0.0017546573653817177
v 0.026983236894011497 -0.10850000381469727 0.007304132916033268
v 0.026979373767971992 -0.10850000381469727 0.007312440779060125
v 0.026979444548487663 -0.11090710759162903 0.007122384384274483
v 0.026829993352293968 -0.10850000381469727 0.007421721238642931
v 0.026748236268758774 -0.10850000381469727 0.007417168468236923
v 0.02674884907901287 -0.11092378199100494 0.00722608482465148
v 0.02683948539197445 -0.11092421412467957 0.00722876563668251
v 0.026839017868041992 -0.10850000381469727 0.007420140318572521
v 0.026829993352293968 -0.10850000381469727 0.007421721238642931
v 0.026839017868041992 -0.10850000381469727 0.007420140318572521
v 0.02683948539197445 -0.11092421412467957 0.00722876563668251
v 0.026921752840280533 -0.10850000381469727 0.007382653653621674
v 0.026979373767971992 -0.10850000381469727 0.007312440779060125
v 0.026921752840280533 -0.10850000381469727 0.007382653653621674
v 0.02692200429737568 -0.11091824620962143 0.007191656157374382
v 0.027000000700354576 -0.11089307814836502 0.007035189773887396
v 0.027000000700354576 -0.10850000381469727 0.00722398329526186
v 0.026983236894011497 -0.10850000381469727 0.007304132916033268
v 0.026829993352293968 -0.10850000381469727 0.007421721238642931
v 0.02674884907901287 -0.11092378199100494 0.00722608482465148
v 0.02683948539197445 -0.11092421412467957 0.00722876563668251
v 0.02683948539197445 -0.11092421412467957 0.00722876563668251
v 0.02674884907901287 -0.11092378199100494 0.00722608482465148
v 0.026750223711133003 -0.11261186748743057 0.006845872383564711
v 0.02683948539197445 -0.11092421412467957 0.00722876563668251
v 0.026750223711133003 -0.11261186748743057 0.006845872383564711
v 0.02684091217815876 -0.1130150854587555 0.006721350830048323
v 0.026750223711133003 -0.11261186748743057 0.006845872383564711
v 0.026750730350613594 -0.11301447451114655 0.006719515658915043
v 0.02684091217815876 -0.1130150854587555 0.006721350830048323
v 0.02684091217815876 -0.1130150854587555 0.006721350830048323
v 0.026750730350613594 -0.11301447451114655 0.006719515658915043
v 0.026752639561891556 -0.114096499979496 0.00629584863781929
v 0.02684091217815876 -0.1130150854587555 0.006721350830048323
v 0.026752639561891556 -0.114096499979496 0.00629584863781929
v 0.026842355728149414 -0.1140969768166542 0.006296896375715733
v 0.026842355728149414 -0.1140969768166542 0.006296896375715733
v 0.026752639561891556 -0.114096499979496 0.00629584863781929
v 0.02675768733024597 -0.1155676543712616 0.0054481313563883305
v 0.026842355728149414 -0.1140969768166542 0.006296896375715733
v 0.02675768733024597 -0.1155676543712616 0.0054481313563883305
v 0.02684614434838295 -0.11556714028120041 0.005447430070489645
v 0.02684614434838295 -0.11556714028120041 0.005447430070489645
v 0.02675768733024597 -0.1155676543712616 0.0054481313563883305
v 0.026758138090372086 -0.11565212905406952 0.00538564333692193
v 0.02684614434838295 -0.11556714028120041 0.005447430070489645
v 0.026758138090372086 -0.11565212905406952 0.00538564333692193
v 0.026847654953598976 -0.11591190099716187 0.005178011022508144
v 0.026758138090372086 -0.11565212905406952 0.00538564333692193
v 0.026759715750813484 -0.11591296643018723 0.005179286003112793
v 0.026847654953598976 -0.11591190099716187 0.005178011022508144
v 0.026847654953598976 -0.11591190099716187 0.005178011022508144
v 0.026759715750813484 -0.11591296643018723 0.005179286003112793
v 0.026769032701849937 -0.1168132871389389 0.004229533486068249
v 0.026847654953598976 -0.11591190099716187 0.005178011022508144
v 0.026769032701849937 -0.1168132871389389 0.004229533486068249
v 0.02685452066361904 -0.11680909991264343 0.004226513672620058
v 0.02685452066361904 -0.11680909991264343 0.004226513672620058
v 0.026769032701849937 -0.1168132871389389 0.004229533486068249
v 0.026777371764183044 -0.11718882620334625 0.003597983391955495
v 0.02685452066361904 -0.11680909991264343 0.004226513672620058
v 0.026777371764183044 -0.11718882620334625 0.003597983391955495
v 0.02686375007033348 -0.1173015832901001 0.0033028312027454376
v 0.02686375007033348 -0.1173015832901001 0.0033028312027454376
v 0.026777371764183044 -0.11718882620334625 0.003597983391955495
v 0.02678181603550911 -0.11731061339378357 0.0033061036374419928
v 0.026921752840280533 -0.10850000381469727 0.007382653653621674
v 0.02683948539197445 -0.11092421412467957 0.00722876563668251
v 0.02692200429737568 -0.11091824620962143 0.007191656157374382
v 0.02692200429737568 -0.11091824620962143 0.007191656157374382
v 0.02683948539197445 -0.11092421412467957 0.00722876563668251
v 0.02684091217815876 -0.1130150854587555 0.006721350830048323
v 0.02692200429737568 -0.11091824620962143 0.007191656157374382
v 0.02684091217815876 -0.1130150854587555 0.006721350830048323
v 0.026922771707177162 -0.11300310492515564 0.006685409229248762
v 0.026922771707177162 -0.11300310492515564 0.006685409229248762
v 0.02684091217815876 -0.1130150854587555 0.006721350830048323
v 0.026842355728149414 -0.1140969768166542 0.006296896375715733
v 0.026922771707177162 -0.11300310492515564 0.006685409229248762
v 0.026842355728149414 -0.1140969768166542 0.006296896375715733
v 0.026923546567559242 -0.11408111453056335 0.006262160837650299
v 0.026923546567559242 -0.11408111453056335 0.006262160837650299
v 0.026842355728149414 -0.1140969768166542 0.006296896375715733
v 0.02684614434838295 -0.11556714028120041 0.005447430070489645
v 0.026923546567559242 -0.11408111453056335 0.006262160837650299
v 0.02684614434838295 -0.11556714028120041 0.005447430070489645
v 0.026925573125481606 -0.11554419249296188 0.005415971390902996
v 0.026925573125481606 -0.11554419249296188 0.005415971390902996
v 0.02684614434838295 -0.11556714028120041 0.005447430070489645
v 0.026847654953598976 -0.11591190099716187 0.005178011022508144
v 0.026925573125481606 -0.11554419249296188 0.005415971390902996
v 0.026847654953598976 -0.11591190099716187 0.005178011022508144
v 0.026926377788186073 -0.11588674783706665 0.005147905088961124
v 0.026926377788186073 -0.11588674783706665 0.005147905088961124
v 0.026847654953598976 -0.11591190099716187 0.005178011022508144
v 0.02685452066361904 -0.11680909991264343 0.004226513672620058
v 0.026926377788186073 -0.11588674783706665 0.005147905088961124
v 0.02685452066361904 -0.11680909991264343 0.004226513672620058
v 0.026930011808872223 -0.11677629500627518 0.0042028543539345264
v 0.026930011808872223 -0.11677629500627518 0.0042028543539345264
v 0.02685452066361904 -0.11680909991264343 0.004226513672620058
v 0.02686375007033348 -0.1173015832901001 0.0033028312027454376
v 0.026930011808872223 -0.11677629500627518 0.0042028543539345264
v 0.02686375007033348 -0.1173015832901001 0.0033028312027454376
v 0.02693483978509903 -0.11726223677396774 0.003288568928837776
v 0.026979373767971992 -0.10850000381469727 0.007312440779060125
v 0.02692200429737568 -0.11091824620962143 0.007191656157374382
v 0.026979444548487663 -0.11090710759162903 0.007122384384274483
v 0.026979444548487663 -0.11090710759162903 0.007122384384274483
v 0.02692200429737568 -0.11091824620962143 0.007191656157374382
v 0.026922771707177162 -0.11300310492515564 0.006685409229248762
v 0.026979444548487663 -0.11090710759162903 0.007122384384274483
v 0.026922771707177162 -0.11300310492515564 0.006685409229248762
v 0.026979658752679825 -0.11298095434904099 0.006619000807404518
v 0.026979658752679825 -0.11298095434904099 0.006619000807404518
v 0.026922771707177162 -0.11300310492515564 0.006685409229248762
v 0.026923546567559242 -0.11408111453056335 0.006262160837650299
v 0.026979658752679825 -0.11298095434904099 0.006619000807404518
v 0.026923546567559242 -0.11408111453056335 0.006262160837650299
v 0.026979874819517136 -0.11405210196971893 0.006198632065206766
v 0.026979874819517136 -0.11405210196971893 0.006198632065206766
v 0.026923546567559242 -0.11408111453056335 0.006262160837650299
v 0.026925573125481606 -0.11554419249296188 0.005415971390902996
v 0.026979874819517136 -0.11405210196971893 0.006198632065206766
v 0.026925573125481606 -0.11554419249296188 0.005415971390902996
v 0.026980437338352203 -0.11550329625606537 0.005359910894185305
v 0.026980437338352203 -0.11550329625606537 0.005359910894185305
v 0.026925573125481606 -0.11554419249296188 0.005415971390902996
v 0.026926377788186073 -0.11588674783706665 0.005147905088961124
v 0.026980437338352203 -0.11550329625606537 0.005359910894185305
v 0.026926377788186073 -0.11588674783706665 0.005147905088961124
v 0.026980658993124962 -0.11584237962961197 0.005094791762530804
v 0.026980658993124962 -0.11584237962961197 0.005094791762530804
v 0.026926377788186073 -0.11588674783706665 0.005147905088961124
v 0.026930011808872223 -0.11677629500627518 0.0042028543539345264
v 0.026980658993124962 -0.11584237962961197 0.005094791762530804
v 0.026930011808872223 -0.11677629500627518 0.0042028543539345264
v 0.026981662958860397 -0.11672087758779526 0.004162894561886787
v 0.026981662958860397 -0.11672087758779526 0.004162894561886787
v 0.026930011808872223 -0.11677629500627518 0.0042028543539345264
v 0.02693483978509903 -0.11726223677396774 0.003288568928837776
v 0.026981662958860397 -0.11672087758779526 0.004162894561886787
v 0.02693483978509903 -0.11726223677396774 0.003288568928837776
v 0.02698298543691635 -0.11719925701618195 0.003265743376687169
v 0.02678181603550911 -0.11731061339378357 0.0033061036374419928
v 0.026799999177455902 -0.11749999970197678 0.0022546574473381042
v 0.02686922252178192 -0.11748763918876648 0.0022546574473381042
v 0.02678181603550911 -0.11731061339378357 0.0033061036374419928
v 0.02686922252178192 -0.11748763918876648 0.0022546574473381042
v 0.02686375007033348 -0.1173015832901001 0.0033028312027454376
v 0.02686375007033348 -0.1173015832901001 0.0033028312027454376
v 0.02686922252178192 -0.11748763918876648 0.0022546574473381042
v 0.02687653712928295 -0.11748477816581726 0.0022546574473381042
v 0.02686375007033348 -0.1173015832901001 0.0033028312027454376
v 0.02687653712928295 -0.11748477816581726 0.0022546574473381042
v 0.02693483978509903 -0.11726223677396774 0.003288568928837776
v 0.02693483978509903 -0.11726223677396774 0.003288568928837776
v 0.02687653712928295 -0.11748477816581726 0.0022546574473381042
v 0.026941420510411263 -0.11744142323732376 0.0022546574473381042
v 0.02693483978509903 -0.11726223677396774 0.003288568928837776
v 0.026941420510411263 -0.11744142323732376 0.0022546574473381042
v 0.02698298543691635 -0.11719925701618195 0.003265743376687169
v 0.02698298543691635 -0.11719925701618195 0.003265743376687169
v 0.026941420510411263 -0.11744142323732376 0.0022546574473381042
v 0.026984775438904762 -0.11737653613090515 0.0022546574473381042
v 0.02698298543691635 -0.11719925701618195 0.003265743376687169
v 0.026984775438904762 -0.11737653613090515 0.0022546574473381042
v 0.02698763832449913 -0.11736921966075897 0.0022546574473381042
v 0.026983236894011497 -0.10850000381469727 0.007304132916033268
v 0.026979444548487663 -0.11090710759162903 0.007122384384274483
v 0.027000000700354576 -0.11089307814836502 0.007035189773887396
v 0.027000000700354576 -0.11089307814836502 0.007035189773887396
v 0.026979444548487663 -0.11090710759162903 0.007122384384274483
v 0.026979658752679825 -0.11298095434904099 0.006619000807404518
v 0.027000000700354576 -0.11089307814836502 0.007035189773887396
v 0.026979658752679825 -0.11298095434904099 0.006619000807404518
v 0.027000000700354576 -0.11295315623283386 0.006535635329782963
v 0.027000000700354576 -0.11295315623283386 0.006535635329782963
v 0.026979658752679825 -0.11298095434904099 0.006619000807404518
v 0.026979874819517136 -0.11405210196971893 0.006198632065206766
v 0.027000000700354576 -0.11295315623283386 0.006535635329782963
v 0.026979874819517136 -0.11405210196971893 0.006198632065206766
v 0.027000000700354576 -0.11401578038930893 0.00611909618601203
v 0.027000000700354576 -0.11401578038930893 0.00611909618601203
v 0.026979874819517136 -0.11405210196971893 0.006198632065206766
v 0.026980437338352203 -0.11550329625606537 0.005359910894185305
v 0.027000000700354576 -0.11401578038930893 0.00611909618601203
v 0.026980437338352203 -0.11550329625606537 0.005359910894185305
v 0.027000000700354576 -0.11545244604349136 0.005290214903652668
v 0.027000000700354576 -0.11545244604349136 0.005290214903652668
v 0.026980437338352203 -0.11550329625606537 0.005359910894185305
v 0.026980658993124962 -0.11584237962961197 0.005094791762530804
v 0.027000000700354576 -0.11545244604349136 0.005290214903652668
v 0.026980658993124962 -0.11584237962961197 0.005094791762530804
v 0.027000000700354576 -0.11578737199306488 0.005028943065553904
v 0.027000000700354576 -0.11578737199306488 0.005028943065553904
v 0.026980658993124962 -0.11584237962961197 0.005094791762530804
v 0.026981662958860397 -0.11672087758779526 0.004162894561886787
v 0.027000000700354576 -0.11578737199306488 0.005028943065553904
v 0.026981662958860397 -0.11672087758779526 0.004162894561886787
v 0.027000000700354576 -0.11665302515029907 0.004113961476832628
v 0.027000000700354576 -0.11665302515029907 0.004113961476832628
v 0.026981662958860397 -0.11672087758779526 0.004162894561886787
v 0.02698298543691635 -0.11719925701618195 0.003265743376687169
v 0.027000000700354576 -0.11665302515029907 0.004113961476832628
v 0.02698298543691635 -0.11719925701618195 0.003265743376687169
v 0.027000000700354576 -0.11712336540222168 0.003238238161429763
v 0.027000000700354576 -0.11712336540222168 0.003238238161429763
v 0.02698298543691635 -0.11719925701618195 0.003265743376687169
v 0.02698763832449913 -0.11736921966075897 0.0022546574473381042
v 0.027000000700354576 -0.11712336540222168 0.003238238161429763
v 0.02698763832449913 -0.11736921966075897 0.0022546574473381042
v 0.027000000700354576 -0.11729999631643295 0.0022546574473381042
v 0.026750223711133003 -0.11261186748743057 0.006845872383564711
v 0.02351122908294201 -0.11267150193452835 0.0059602088294923306
v 0.026750730350613594 -0.11301447451114655 0.006719515658915043
v 0.026750730350613594 -0.11301447451114655 0.006719515658915043
v 0.02351122908294201 -0.11267150193452835 0.0059602088294923306
v 0.023571185767650604 -0.11348622292280197 0.005698838271200657
v 0.026750730350613594 -0.11301447451114655 0.006719515658915043
v 0.023571185767650604 -0.11348622292280197 0.005698838271200657
v 0.026752639561891556 -0.114096499979496 0.00629584863781929
v 0.026752639561891556 -0.114096499979496 0.00629584863781929
v 0.023571185767650604 -0.11348622292280197 0.005698838271200657
v 0.023712949827313423 -0.1149754673242569 0.005022462923079729
v 0.02416512928903103 -0.11749999970197678 0.0015486462507396936
v 0.026799999177455902 -0.11749999970197678 0.0022546574473381042
v 0.02408495917916298 -0.11734240502119064 0.0024916171096265316
v 0.02408495917916298 -0.11734240502119064 0.0024916171096265316
v 0.026799999177455902 -0.11749999970197678 0.0022546574473381042
v 0.02678181603550911 -0.11731061339378357 0.0033061036374419928
v 0.02408495917916298 -0.11734240502119064 0.0024916171096265316
v 0.02678181603550911 -0.11731061339378357 0.0033061036374419928
v 0.024044683203101158 -0.11718907952308655 0.0028652094770222902
v 0.024044683203101158 -0.11718907952308655 0.0028652094770222902
v 0.02678181603550911 -0.11731061339378357 0.0033061036374419928
v 0.026777371764183044 -0.11718882620334625 0.003597983391955495
v 0.024044683203101158 -0.11718907952308655 0.0028652094770222902
v 0.026777371764183044 -0.11718882620334625 0.003597983391955495
v 0.023963354527950287 -0.11678803712129593 0.003512417431920767
v 0.023963354527950287 -0.11678803712129593 0.003512417431920767
v 0.026777371764183044 -0.11718882620334625 0.003597983391955495
v 0.026769032701849937 -0.1168132871389389 0.004229533486068249
v 0.023963354527950287 -0.11678803712129593 0.003512417431920767
v 0.026769032701849937 -0.1168132871389389 0.004229533486068249
v 0.023809703066945076 -0.11577670276165009 0.004499528091400862
v 0.023809703066945076 -0.11577670276165009 0.004499528091400862
v 0.026769032701849937 -0.1168132871389389 0.004229533486068249
v 0.026759715750813484 -0.11591296643018723 0.005179286003112793
v 0.023809703066945076 -0.11577670276165009 0.004499528091400862
v 0.026759715750813484 -0.11591296643018723 0.005179286003112793
v 0.023793520405888557 -0.11565213650465012 0.004591269884258509
v 0.023793520405888557 -0.11565213650465012 0.004591269884258509
v 0.026759715750813484 -0.11591296643018723 0.005179286003112793
v 0.026758138090372086 -0.11565212905406952 0.00538564333692193
v 0.023793520405888557 -0.11565213650465012 0.004591269884258509
v 0.026758138090372086 -0.11565212905406952 0.00538564333692193
v 0.023712949827313423 -0.1149754673242569 0.005022462923079729
v 0.023712949827313423 -0.1149754673242569 0.005022462923079729
v 0.026758138090372086 -0.11565212905406952 0.00538564333692193
v 0.02675768733024597 -0.1155676543712616 0.0054481313563883305
v 0.023712949827313423 -0.1149754673242569 0.005022462923079729
v 0.02675768733024597 -0.1155676543712616 0.0054481313563883305
v 0.026752639561891556 -0.114096499979496 0.00629584863781929
v 0.026748236268758774 -0.10850000381469727 0.007417168468236923
v 0.023374605923891068 -0.10850000381469727 0.006513207219541073
v 0.02674884907901287 -0.11092378199100494 0.00722608482465148
v 0.02674884907901287 -0.11092378199100494 0.00722608482465148
v 0.023374605923891068 -0.10850000381469727 0.006513207219541073
v 0.023410292342305183 -0.11064299941062927 0.006373885087668896
v 0.02674884907901287 -0.11092378199100494 0.00722608482465148
v 0.023410292342305183 -0.11064299941062927 0.006373885087668896
v 0.026750223711133003 -0.11261186748743057 0.006845872383564711
v 0.026750223711133003 -0.11261186748743057 0.006845872383564711
v 0.023410292342305183 -0.11064299941062927 0.006373885087668896
v 0.023507267236709595 -0.11261148750782013 0.005977037828415632
v 0.026750223711133003 -0.11261186748743057 0.006845872383564711
v 0.023507267236709595 -0.11261148750782013 0.005977037828415632
v 0.02351122908294201 -0.11267150193452835 0.0059602088294923306
v 0.023994404822587967 -0.11106830835342407 -0.00026823891676031053
v 0.023979157209396362 -0.11126794666051865 -0.0007500000647269189
v 0.026499999687075615 -0.11126794666051865 -0.0007500000647269189
v 0.026499999687075615 -0.11126794666051865 -0.0007500000647269189
v 0.023979157209396362 -0.11126794666051865 -0.0007500000647269189
v 0.023937419056892395 -0.1120000034570694 -0.0014820507494732738
v 0.026499999687075615 -0.1120000034570694 -0.0014820507494732738
v 0.026499999687075615 -0.1120000034570694 -0.0014820507494732738
v 0.023937419056892395 -0.1120000034570694 -0.0014820507494732738
v 0.023922113701701164 -0.11248278617858887 -0.0016819654265418649
v 0.026499999687075615 -0.1120000034570694 -0.0014820507494732738
v 0.023922113701701164 -0.11248278617858887 -0.0016819654265418649
v 0.026499999687075615 -0.11299999803304672 -0.0017500000540167093
v 0.023994404822587967 -0.11106830835342407 -0.00026823891676031053
v 0.026499999687075615 -0.11126794666051865 -0.0007500000647269189
v 0.024000000208616257 -0.11100000143051147 0.0002500000118743628
v 0.024000000208616257 -0.11100000143051147 0.0002500000118743628
v 0.026499999687075615 -0.11126794666051865 -0.0007500000647269189
v 0.026499999687075615 -0.11100000143051147 0.0002500000118743628
v 0.024000000208616257 -0.11100000143051147 0.0002500000118743628
v 0.026499999687075615 -0.11100000143051147 0.0002500000118743628
v 0.023994412273168564 -0.11106820404529572 0.0007678365800529718
v 0.023994412273168564 -0.11106820404529572 0.0007678365800529718
v 0.026499999687075615 -0.11100000143051147 0.0002500000118743628
v 0.026499999687075615 -0.11126794666051865 0.0012500000884756446
v 0.023994412273168564 -0.11106820404529572 0.0007678365800529718
v 0.026499999687075615 -0.11126794666051865 0.0012500000884756446
v 0.023979157209396362 -0.11126794666051865 0.0012500000884756446
v 0.023979157209396362 -0.11126794666051865 0.0012500000884756446
v 0.026499999687075615 -0.11126794666051865 0.0012500000884756446
v 0.026499999687075615 -0.1120000034570694 0.0019820507150143385
v 0.023937419056892395 -0.1120000034570694 0.0019820507150143385
v 0.023937419056892395 -0.1120000034570694 0.0019820507150143385
v 0.026499999687075615 -0.1120000034570694 0.0019820507150143385
v 0.02392212674021721 -0.11248218268156052 0.002181803109124303
v 0.02392212674021721 -0.11248218268156052 0.002181803109124303
v 0.026499999687075615 -0.1120000034570694 0.0019820507150143385
v 0.026499999687075615 -0.11299999803304672 0.002250000135973096
v 0.02392212674021721 -0.11248218268156052 0.002181803109124303
v 0.026499999687075615 -0.11299999803304672 0.002250000135973096
v 0.023916522040963173 -0.11299999803304672 0.002250000135973096
v 0.023916522040963173 -0.11299999803304672 0.002250000135973096
v 0.026499999687075615 -0.11299999803304672 0.002250000135973096
v 0.023922134190797806 -0.11351817101240158 0.0021817090455442667
v 0.023922134190797806 -0.11351817101240158 0.0021817090455442667
v 0.026499999687075615 -0.11299999803304672 0.002250000135973096
v 0.026499999687075615 -0.11400000005960464 0.0019820507150143385
v 0.023922134190797806 -0.11351817101240158 0.0021817090455442667
v 0.026499999687075615 -0.11400000005960464 0.0019820507150143385
v 0.023937419056892395 -0.11400000005960464 0.0019820507150143385
v 0.023937419056892395 -0.11400000005960464 0.0019820507150143385
v 0.026499999687075615 -0.11400000005960464 0.0019820507150143385
v 0.026499999687075615 -0.1147320494055748 0.0012500000884756446
v 0.023979157209396362 -0.1147320494055748 0.0012500000884756446
v 0.026499999687075615 -0.11400000005960464 -0.0014820507494732738
v 0.023979157209396362 -0.1147320494055748 -0.0007500000647269189
v 0.026499999687075615 -0.1147320494055748 -0.0007500000647269189
v 0.026499999687075615 -0.1147320494055748 -0.0007500000647269189
v 0.023979157209396362 -0.1147320494055748 -0.0007500000647269189
v 0.02399442531168461 -0.11493195593357086 -0.00026724496274255216
v 0.026499999687075615 -0.1147320494055748 -0.0007500000647269189
v 0.02399442531168461 -0.11493195593357086 -0.00026724496274255216
v 0.026499999687075615 -0.11500000208616257 0.0002500000118743628
v 0.026499999687075615 -0.11500000208616257 0.0002500000118743628
v 0.02399442531168461 -0.11493195593357086 -0.00026724496274255216
v 0.024000000208616257 -0.11500000208616257 0.0002500000118743628
v 0.026499999687075615 -0.11500000208616257 0.0002500000118743628
v 0.024000000208616257 -0.11500000208616257 0.0002500000118743628
v 0.026499999687075615 -0.1147320494055748 0.0012500000884756446
v 0.026499999687075615 -0.1147320494055748 0.0012500000884756446
v 0.024000000208616257 -0.11500000208616257 0.0002500000118743628
v 0.023994427174329758 -0.11493197083473206 0.0007671832572668791
v 0.026499999687075615 -0.1147320494055748 0.0012500000884756446
v 0.023994427174329758 -0.11493197083473206 0.0007671832572668791
v 0.023979157209396362 -0.1147320494055748 0.0012500000884756446
v 0.023922113701701164 -0.11248278617858887 -0.0016819654265418649
v 0.023916522040963173 -0.11299999803304672 -0.0017500000540167093
v 0.026499999687075615 -0.11299999803304672 -0.0017500000540167093
v 0.026499999687075615 -0.11299999803304672 -0.0017500000540167093
v 0.023916522040963173 -0.11299999803304672 -0.0017500000540167093
v 0.023922165855765343 -0.11351965367794037 -0.0016813103575259447
v 0.026499999687075615 -0.11299999803304672 -0.0017500000540167093
v 0.023922165855765343 -0.11351965367794037 -0.0016813103575259447
v 0.026499999687075615 -0.11400000005960464 -0.0014820507494732738
v 0.026499999687075615 -0.11400000005960464 -0.0014820507494732738
v 0.023922165855765343 -0.11351965367794037 -0.0016813103575259447
v 0.023937419056892395 -0.11400000005960464 -0.0014820507494732738
v 0.023937419056892395 -0.11400000005960464 -0.0014820507494732738
v 0.024096006527543068 -0.11748763918876648 0.001544931554235518
v 0.02416512928903103 -0.11749999970197678 0.0015486462507396936
v 0.02408495917916298 -0.11734240502119064 0.0024916171096265316
v 0.024023912847042084 -0.11744142323732376 0.0015410571359097958
v 0.024065274745225906 -0.11747320741415024 0.0015432799700647593
v 0.023990945890545845 -0.1173136979341507 0.0024734223261475563
v 0.023990945890545845 -0.1173136979341507 0.0024734223261475563
v 0.024065274745225906 -0.11747320741415024 0.0015432799700647593
v 0.024096006527543068 -0.11748763918876648 0.001544931554235518
v 0.02397776208817959 -0.11736921966075897 0.0015385770238935947
v 0.023992175236344337 -0.11739999800920486 0.0015393515350297093
v 0.02392459847033024 -0.11724487692117691 0.002444181125611067
v 0.02392459847033024 -0.11724487692117691 0.002444181125611067
v 0.023992175236344337 -0.11739999800920486 0.0015393515350297093
v 0.024023912847042084 -0.11744142323732376 0.0015410571359097958
v 0.023902494460344315 -0.11715313047170639 0.0024111992679536343
v 0.023965418338775635 -0.11729999631643295 0.0015379136893898249
v 0.02397776208817959 -0.11736921966075897 0.0015385770238935947
v 0.024096006527543068 -0.11748763918876648 0.001544931554235518
v 0.02408495917916298 -0.11734240502119064 0.0024916171096265316
v 0.023990945890545845 -0.1173136979341507 0.0024734223261475563
v 0.023990945890545845 -0.1173136979341507 0.0024734223261475563
v 0.02408495917916298 -0.11734240502119064 0.0024916171096265316
v 0.024044683203101158 -0.11718907952308655 0.0028652094770222902
v 0.023990945890545845 -0.1173136979341507 0.0024734223261475563
v 0.024044683203101158 -0.11718907952308655 0.0028652094770222902
v 0.023873478174209595 -0.11676273494958878 0.0034813624806702137
v 0.024044683203101158 -0.11718907952308655 0.0028652094770222902
v 0.023963354527950287 -0.11678803712129593 0.003512417431920767
v 0.023873478174209595 -0.11676273494958878 0.0034813624806702137
v 0.023873478174209595 -0.11676273494958878 0.0034813624806702137
v 0.023963354527950287 -0.11678803712129593 0.003512417431920767
v 0.023809703066945076 -0.11577670276165009 0.004499528091400862
v 0.023873478174209595 -0.11676273494958878 0.0034813624806702137
v 0.023809703066945076 -0.11577670276165009 0.004499528091400862
v 0.02372153289616108 -0.11575765162706375 0.004459161311388016
v 0.02372153289616108 -0.11575765162706375 0.004459161311388016
v 0.023809703066945076 -0.11577670276165009 0.004499528091400862
v 0.023793520405888557 -0.11565213650465012 0.004591269884258509
v 0.02372153289616108 -0.11575765162706375 0.004459161311388016
v 0.023793520405888557 -0.11565213650465012 0.004591269884258509
v 0.023624958470463753 -0.11496015638113022 0.004978384356945753
v 0.023410292342305183 -0.11064299941062927 0.006373885087668896
v 0.023321226239204407 -0.11063925921916962 0.006323037203401327
v 0.023507267236709595 -0.11261148750782013 0.005977037828415632
v 0.023507267236709595 -0.11261148750782013 0.005977037828415632
v 0.023321226239204407 -0.11063925921916962 0.006323037203401327
v 0.02342267893254757 -0.11266347020864487 0.005911086220294237
v 0.023507267236709595 -0.11261148750782013 0.005977037828415632
v 0.02342267893254757 -0.11266347020864487 0.005911086220294237
v 0.02351122908294201 -0.11267150193452835 0.0059602088294923306
v 0.02351122908294201 -0.11267150193452835 0.0059602088294923306
v 0.02342267893254757 -0.11266347020864487 0.005911086220294237
v 0.02348288521170616 -0.11347603797912598 0.005650946870446205
v 0.02351122908294201 -0.11267150193452835 0.0059602088294923306
v 0.02348288521170616 -0.11347603797912598 0.005650946870446205
v 0.023571185767650604 -0.11348622292280197 0.005698838271200657
v 0.023571185767650604 -0.11348622292280197 0.005698838271200657
v 0.02348288521170616 -0.11347603797912598 0.005650946870446205
v 0.023624958470463753 -0.11496015638113022 0.004978384356945753
v 0.023571185767650604 -0.11348622292280197 0.005698838271200657
v 0.023624958470463753 -0.11496015638113022 0.004978384356945753
v 0.023712949827313423 -0.1149754673242569 0.005022462923079729
v 0.023712949827313423 -0.1149754673242569 0.005022462923079729
v 0.023624958470463753 -0.11496015638113022 0.004978384356945753
v 0.023793520405888557 -0.11565213650465012 0.004591269884258509
v 0.023410292342305183 -0.11064299941062927 0.006373885087668896
v 0.023374605923891068 -0.10850000381469727 0.006513207219541073
v 0.023321226239204407 -0.11063925921916962 0.006323037203401327
v 0.023321226239204407 -0.11063925921916962 0.006323037203401327
v 0.023374605923891068 -0.10850000381469727 0.006513207219541073
v 0.023285338655114174 -0.10850000381469727 0.006461832206696272
v 0.023321226239204407 -0.11063925921916962 0.006323037203401327
v 0.023285338655114174 -0.10850000381469727 0.006461832206696272
v 0.023253580555319786 -0.10850000381469727 0.006420736666768789
v 0.024023912847042084 -0.11744142323732376 0.0015410571359097958
v 0.023990945890545845 -0.1173136979341507 0.0024734223261475563
v 0.02392459847033024 -0.11724487692117691 0.002444181125611067
v 0.02392459847033024 -0.11724487692117691 0.002444181125611067
v 0.023990945890545845 -0.1173136979341507 0.0024734223261475563
v 0.023873478174209595 -0.11676273494958878 0.0034813624806702137
v 0.02392459847033024 -0.11724487692117691 0.002444181125611067
v 0.023873478174209595 -0.11676273494958878 0.0034813624806702137
v 0.023812951520085335 -0.11670505255460739 0.0034294845536351204
v 0.023812951520085335 -0.11670505255460739 0.0034294845536351204
v 0.023873478174209595 -0.11676273494958878 0.0034813624806702137
v 0.02372153289616108 -0.11575765162706375 0.004459161311388016
v 0.023812951520085335 -0.11670505255460739 0.0034294845536351204
v 0.02372153289616108 -0.11575765162706375 0.004459161311388016
v 0.023664936423301697 -0.11571361124515533 0.004391155205667019
v 0.023664936423301697 -0.11571361124515533 0.004391155205667019
v 0.02372153289616108 -0.11575765162706375 0.004459161311388016
v 0.023624958470463753 -0.11496015638113022 0.004978384356945753
v 0.023664936423301697 -0.11571361124515533 0.004391155205667019
v 0.023624958470463753 -0.11496015638113022 0.004978384356945753
v 0.02356991544365883 -0.11492390930652618 0.0049037146382033825
v 0.02356991544365883 -0.11492390930652618 0.0049037146382033825
v 0.023624958470463753 -0.11496015638113022 0.004978384356945753
v 0.02348288521170616 -0.11347603797912598 0.005650946870446205
v 0.02356991544365883 -0.11492390930652618 0.0049037146382033825
v 0.02348288521170616 -0.11347603797912598 0.005650946870446205
v 0.02342946268618107 -0.11345077306032181 0.005569081753492355
v 0.02342946268618107 -0.11345077306032181 0.005569081753492355
v 0.02348288521170616 -0.11347603797912598 0.005650946870446205
v 0.02342267893254757 -0.11266347020864487 0.005911086220294237
v 0.02342946268618107 -0.11345077306032181 0.005569081753492355
v 0.02342267893254757 -0.11266347020864487 0.005911086220294237
v 0.023369794711470604 -0.11264311522245407 0.0058267805725336075
v 0.023369794711470604 -0.11264311522245407 0.0058267805725336075
v 0.02342267893254757 -0.11266347020864487 0.005911086220294237
v 0.023321226239204407 -0.11063925921916962 0.006323037203401327
v 0.023369794711470604 -0.11264311522245407 0.0058267805725336075
v 0.023321226239204407 -0.11063925921916962 0.006323037203401327
v 0.02326911874115467 -0.11062940210103989 0.0062351771630346775
v 0.02326911874115467 -0.11062940210103989 0.0062351771630346775
v 0.023321226239204407 -0.11063925921916962 0.006323037203401327
v 0.023253580555319786 -0.10850000381469727 0.006420736666768789
v 0.02326911874115467 -0.11062940210103989 0.0062351771630346775
v 0.023253580555319786 -0.10850000381469727 0.006420736666768789
v 0.023233473300933838 -0.10850000381469727 0.006372849456965923
v 0.02397776208817959 -0.11736921966075897 0.0015385770238935947
v 0.02392459847033024 -0.11724487692117691 0.002444181125611067
v 0.023902494460344315 -0.11715313047170639 0.0024111992679536343
v 0.023902494460344315 -0.11715313047170639 0.0024111992679536343
v 0.02392459847033024 -0.11724487692117691 0.002444181125611067
v 0.023812951520085335 -0.11670505255460739 0.0034294845536351204
v 0.023902494460344315 -0.11715313047170639 0.0024111992679536343
v 0.023812951520085335 -0.11670505255460739 0.0034294845536351204
v 0.02379642240703106 -0.11662895232439041 0.0033693404402583838
v 0.02379642240703106 -0.11662895232439041 0.0033693404402583838
v 0.023812951520085335 -0.11670505255460739 0.0034294845536351204
v 0.023664936423301697 -0.11571361124515533 0.004391155205667019
v 0.02379642240703106 -0.11662895232439041 0.0033693404402583838
v 0.023664936423301697 -0.11571361124515533 0.004391155205667019
v 0.02365373633801937 -0.11565535515546799 0.0043121157214045525
v 0.02365373633801937 -0.11565535515546799 0.0043121157214045525
v 0.023664936423301697 -0.11571361124515533 0.004391155205667019
v 0.02356991544365883 -0.11492390930652618 0.0049037146382033825
v 0.02365373633801937 -0.11565535515546799 0.0043121157214045525
v 0.02356991544365883 -0.11492390930652618 0.0049037146382033825
v 0.023561468347907066 -0.11487569659948349 0.004816971719264984
v 0.023561468347907066 -0.11487569659948349 0.004816971719264984
v 0.02356991544365883 -0.11492390930652618 0.0049037146382033825
v 0.02342946268618107 -0.11345077306032181 0.005569081753492355
v 0.023561468347907066 -0.11487569659948349 0.004816971719264984
v 0.02342946268618107 -0.11345077306032181 0.005569081753492355
v 0.023424532264471054 -0.11341686546802521 0.005474106874316931
v 0.023424532264471054 -0.11341686546802521 0.005474106874316931
v 0.02342946268618107 -0.11345077306032181 0.005569081753492355
v 0.023369794711470604 -0.11264311522245407 0.0058267805725336075
v 0.023424532264471054 -0.11341686546802521 0.005474106874316931
v 0.023369794711470604 -0.11264311522245407 0.0058267805725336075
v 0.02336621843278408 -0.1126156896352768 0.005729039665311575
v 0.02336621843278408 -0.1126156896352768 0.005729039665311575
v 0.023369794711470604 -0.11264311522245407 0.0058267805725336075
v 0.02326911874115467 -0.11062940210103989 0.0062351771630346775
v 0.02336621843278408 -0.1126156896352768 0.005729039665311575
v 0.02326911874115467 -0.11062940210103989 0.0062351771630346775
v 0.023267684504389763 -0.11061601340770721 0.006133438553661108
v 0.023267684504389763 -0.11061601340770721 0.006133438553661108
v 0.02326911874115467 -0.11062940210103989 0.0062351771630346775
v 0.023233473300933838 -0.10850000381469727 0.006372849456965923
v 0.023267684504389763 -0.11061601340770721 0.006133438553661108
v 0.023233473300933838 -0.10850000381469727 0.006372849456965923
v 0.02323276363313198 -0.10850000381469727 0.006269856356084347
v 0.024000000208616257 -0.11729999631643295 0.0002500000118743628
v 0.023965418338775635 -0.11729999631643295 -0.0010379136074334383
v 0.02397776208817959 -0.11736921966075897 -0.0010385769419372082
v 0.023965418338775635 -0.11729999631643295 0.0015379136893898249
v 0.024000000208616257 -0.11729999631643295 0.0002500000118743628
v 0.02397776208817959 -0.11736921966075897 0.0015385770238935947
v 0.02397776208817959 -0.11736921966075897 0.0015385770238935947
v 0.024000000208616257 -0.11729999631643295 0.0002500000118743628
v 0.02397776208817959 -0.11736921966075897 -0.0010385769419372082
v 0.02397776208817959 -0.11736921966075897 0.0015385770238935947
v 0.02397776208817959 -0.11736921966075897 -0.0010385769419372082
v 0.023992175236344337 -0.11739999800920486 0.0015393515350297093
v 0.023992175236344337 -0.11739999800920486 -0.0010393514530733228
v 0.023992175236344337 -0.11739999800920486 0.0015393515350297093
v 0.023992175236344337 -0.11739999800920486 -0.0010393514530733228
v 0.024023912847042084 -0.11744142323732376 -0.0010410570539534092
v 0.02416512928903103 -0.11749999970197678 -0.001048646168783307
v 0.02416512928903103 -0.11749999970197678 0.0015486462507396936
v 0.024096006527543068 -0.11748763918876648 -0.0010449314722791314
v 0.024096006527543068 -0.11748763918876648 0.001544931554235518
v 0.024096006527543068 -0.11748763918876648 -0.0010449314722791314
v 0.024096006527543068 -0.11748763918876648 0.001544931554235518
v 0.024065274745225906 -0.11747320741415024 -0.0010432798881083727
v 0.024065274745225906 -0.11747320741415024 0.0015432799700647593
v 0.024065274745225906 -0.11747320741415024 -0.0010432798881083727
v 0.024065274745225906 -0.11747320741415024 0.0015432799700647593
v 0.024023912847042084 -0.11744142323732376 -0.0010410570539534092
v 0.024023912847042084 -0.11744142323732376 0.0015410571359097958
v 0.024023912847042084 -0.11744142323732376 0.0015410571359097958
v 0.023253580555319786 -0.10850000381469727 -0.005920736584812403
v 0.023285338655114174 -0.10850000381469727 -0.005961832124739885
v 0.023286035284399986 -0.1087983101606369 -0.0059591736644506454
v 0.023285338655114174 -0.10850000381469727 -0.005961832124739885
v 0.023374605923891068 -0.10850000381469727 -0.006013207137584686
v 0.02337529882788658 -0.1087988093495369 -0.006010538432747126
v 0.023234164342284203 -0.10879695415496826 -0.005870211869478226
v 0.023233473300933838 -0.10850000381469727 -0.005872849375009537
v 0.023253580555319786 -0.10850000381469727 -0.005920736584812403
v 0.023233473300933838 -0.10850000381469727 -0.005872849375009537
v 0.023234164342284203 -0.10879695415496826 -0.005870211869478226
v 0.02323276363313198 -0.10850000381469727 -0.00576985627412796
v 0.023285338655114174 -0.10850000381469727 -0.005961832124739885
v 0.02337529882788658 -0.1087988093495369 -0.006010538432747126
v 0.023286035284399986 -0.1087983101606369 -0.0059591736644506454
v 0.023286035284399986 -0.1087983101606369 -0.0059591736644506454
v 0.02337529882788658 -0.1087988093495369 -0.006010538432747126
v 0.02342623472213745 -0.11107565462589264 -0.005810536909848452
v 0.023286035284399986 -0.1087983101606369 -0.0059591736644506454
v 0.02342623472213745 -0.11107565462589264 -0.005810536909848452
v 0.02333725616335869 -0.11107109487056732 -0.005759936757385731
v 0.02333725616335869 -0.11107109487056732 -0.005759936757385731
v 0.02342623472213745 -0.11107565462589264 -0.005810536909848452
v 0.023507269099354744 -0.11261150240898132 -0.0054770344868302345
v 0.02333725616335869 -0.11107109487056732 -0.005759936757385731
v 0.023507269099354744 -0.11261150240898132 -0.0054770344868302345
v 0.023459048941731453 -0.11317279934883118 -0.005255477968603373
v 0.023507269099354744 -0.11261150240898132 -0.0054770344868302345
v 0.023547440767288208 -0.11318213492631912 -0.005303878337144852
v 0.023459048941731453 -0.11317279934883118 -0.005255477968603373
v 0.023459048941731453 -0.11317279934883118 -0.005255477968603373
v 0.023547440767288208 -0.11318213492631912 -0.005303878337144852
v 0.023634040728211403 -0.1142045259475708 -0.00491010257974267
v 0.023459048941731453 -0.11317279934883118 -0.005255477968603373
v 0.023634040728211403 -0.1142045259475708 -0.00491010257974267
v 0.02354593761265278 -0.11419210582971573 -0.004863718990236521
v 0.02354593761265278 -0.11419210582971573 -0.004863718990236521
v 0.023634040728211403 -0.1142045259475708 -0.00491010257974267
v 0.02379351481795311 -0.11565209925174713 -0.004091296344995499
v 0.02354593761265278 -0.11419210582971573 -0.004863718990236521
v 0.02379351481795311 -0.11565209925174713 -0.004091296344995499
v 0.023705830797553062 -0.11563698947429657 -0.004047855269163847
v 0.02379351481795311 -0.11565209925174713 -0.004091296344995499
v 0.023793939501047134 -0.11565542221069336 -0.004088910762220621
v 0.023705830797553062 -0.11563698947429657 -0.004047855269163847
v 0.023705830797553062 -0.11563698947429657 -0.004047855269163847
v 0.023793939501047134 -0.11565542221069336 -0.004088910762220621
v 0.023834427818655968 -0.11596021056175232 -0.0038555902428925037
v 0.023705830797553062 -0.11563698947429657 -0.004047855269163847
v 0.023834427818655968 -0.11596021056175232 -0.0038555902428925037
v 0.023746129125356674 -0.115940161049366 -0.003816382959485054
v 0.023746129125356674 -0.115940161049366 -0.003816382959485054
v 0.023834427818655968 -0.11596021056175232 -0.0038555902428925037
v 0.023972902446985245 -0.11684047430753708 -0.002942184917628765
v 0.023746129125356674 -0.115940161049366 -0.003816382959485054
v 0.023972902446985245 -0.11684047430753708 -0.002942184917628765
v 0.023882823064923286 -0.11681480705738068 -0.0029119178652763367
v 0.023882823064923286 -0.11681480705738068 -0.0029119178652763367
v 0.023972902446985245 -0.11684047430753708 -0.002942184917628765
v 0.023984480649232864 -0.1172904297709465 -0.002038965467363596
v 0.023253580555319786 -0.10850000381469727 -0.005920736584812403
v 0.023286035284399986 -0.1087983101606369 -0.0059591736644506454
v 0.023234164342284203 -0.10879695415496826 -0.005870211869478226
v 0.023234164342284203 -0.10879695415496826 -0.005870211869478226
v 0.023286035284399986 -0.1087983101606369 -0.0059591736644506454
v 0.02333725616335869 -0.11107109487056732 -0.005759936757385731
v 0.023234164342284203 -0.10879695415496826 -0.005870211869478226
v 0.02333725616335869 -0.11107109487056732 -0.005759936757385731
v 0.02328503504395485 -0.11105912923812866 -0.00567259918898344
v 0.02328503504395485 -0.11105912923812866 -0.00567259918898344
v 0.02333725616335869 -0.11107109487056732 -0.005759936757385731
v 0.023459048941731453 -0.11317279934883118 -0.005255477968603373
v 0.02328503504395485 -0.11105912923812866 -0.00567259918898344
v 0.023459048941731453 -0.11317279934883118 -0.005255477968603373
v 0.02340584807097912 -0.11314943432807922 -0.0051726121455430984
v 0.02340584807097912 -0.11314943432807922 -0.0051726121455430984
v 0.023459048941731453 -0.11317279934883118 -0.005255477968603373
v 0.02354593761265278 -0.11419210582971573 -0.004863718990236521
v 0.02340584807097912 -0.11314943432807922 -0.0051726121455430984
v 0.02354593761265278 -0.11419210582971573 -0.004863718990236521
v 0.023491866886615753 -0.11416195333003998 -0.004784755874425173
v 0.023491866886615753 -0.11416195333003998 -0.004784755874425173
v 0.02354593761265278 -0.11419210582971573 -0.004863718990236521
v 0.023705830797553062 -0.11563698947429657 -0.004047855269163847
v 0.023491866886615753 -0.11416195333003998 -0.004784755874425173
v 0.023705830797553062 -0.11563698947429657 -0.004047855269163847
v 0.02364952303469181 -0.11559426039457321 -0.0039786300621926785
v 0.02364952303469181 -0.11559426039457321 -0.0039786300621926785
v 0.023705830797553062 -0.11563698947429657 -0.004047855269163847
v 0.023746129125356674 -0.115940161049366 -0.003816382959485054
v 0.02364952303469181 -0.11559426039457321 -0.0039786300621926785
v 0.023746129125356674 -0.115940161049366 -0.003816382959485054
v 0.02368904836475849 -0.11589404195547104 -0.0037504159845411777
v 0.02368904836475849 -0.11589404195547104 -0.0037504159845411777
v 0.023746129125356674 -0.115940161049366 -0.003816382959485054
v 0.023882823064923286 -0.11681480705738068 -0.0029119178652763367
v 0.02368904836475849 -0.11589404195547104 -0.0037504159845411777
v 0.023882823064923286 -0.11681480705738068 -0.0029119178652763367
v 0.023821955546736717 -0.11675623059272766 -0.00286139571107924
v 0.023821955546736717 -0.11675623059272766 -0.00286139571107924
v 0.023882823064923286 -0.11681480705738068 -0.0029119178652763367
v 0.023984480649232864 -0.1172904297709465 -0.002038965467363596
v 0.023821955546736717 -0.11675623059272766 -0.00286139571107924
v 0.023984480649232864 -0.1172904297709465 -0.002038965467363596
v 0.02391856722533703 -0.11722216755151749 -0.002008067676797509
v 0.02416512928903103 -0.11749999970197678 -0.001048646168783307
v 0.024096006527543068 -0.11748763918876648 -0.0010449314722791314
v 0.02407814748585224 -0.11731906235218048 -0.0020580694545060396
v 0.02407814748585224 -0.11731906235218048 -0.0020580694545060396
v 0.024096006527543068 -0.11748763918876648 -0.0010449314722791314
v 0.023984480649232864 -0.1172904297709465 -0.002038965467363596
v 0.02407814748585224 -0.11731906235218048 -0.0020580694545060396
v 0.023984480649232864 -0.1172904297709465 -0.002038965467363596
v 0.024044668301939964 -0.11718901991844177 -0.002365340944379568
v 0.024044668301939964 -0.11718901991844177 -0.002365340944379568
v 0.023984480649232864 -0.1172904297709465 -0.002038965467363596
v 0.023972902446985245 -0.11684047430753708 -0.002942184917628765
v 0.024096006527543068 -0.11748763918876648 -0.0010449314722791314
v 0.024065274745225906 -0.11747320741415024 -0.0010432798881083727
v 0.023984480649232864 -0.1172904297709465 -0.002038965467363596
v 0.023984480649232864 -0.1172904297709465 -0.002038965467363596
v 0.024065274745225906 -0.11747320741415024 -0.0010432798881083727
v 0.024023912847042084 -0.11744142323732376 -0.0010410570539534092
v 0.023984480649232864 -0.1172904297709465 -0.002038965467363596
v 0.024023912847042084 -0.11744142323732376 -0.0010410570539534092
v 0.02391856722533703 -0.11722216755151749 -0.002008067676797509
v 0.02391856722533703 -0.11722216755151749 -0.002008067676797509
v 0.024023912847042084 -0.11744142323732376 -0.0010410570539534092
v 0.023992175236344337 -0.11739999800920486 -0.0010393514530733228
v 0.02391856722533703 -0.11722216755151749 -0.002008067676797509
v 0.023992175236344337 -0.11739999800920486 -0.0010393514530733228
v 0.02397776208817959 -0.11736921966075897 -0.0010385769419372082
v 0.02323276363313198 -0.10850000381469727 -0.00576985627412796
v 0.023234164342284203 -0.10879695415496826 -0.005870211869478226
v 0.0232334416359663 -0.10879512131214142 -0.005767242517322302
v 0.0232334416359663 -0.10879512131214142 -0.005767242517322302
v 0.023234164342284203 -0.10879695415496826 -0.005870211869478226
v 0.02328503504395485 -0.11105912923812866 -0.00567259918898344
v 0.0232334416359663 -0.10879512131214142 -0.005767242517322302
v 0.02328503504395485 -0.11105912923812866 -0.00567259918898344
v 0.023283272981643677 -0.11104291677474976 -0.005571445450186729
v 0.023283272981643677 -0.11104291677474976 -0.005571445450186729
v 0.02328503504395485 -0.11105912923812866 -0.00567259918898344
v 0.02340584807097912 -0.11314943432807922 -0.0051726121455430984
v 0.023283272981643677 -0.11104291677474976 -0.005571445450186729
v 0.02340584807097912 -0.11314943432807922 -0.0051726121455430984
v 0.02340146154165268 -0.11311802268028259 -0.005076500587165356
v 0.02340146154165268 -0.11311802268028259 -0.005076500587165356
v 0.02340584807097912 -0.11314943432807922 -0.0051726121455430984
v 0.023491866886615753 -0.11416195333003998 -0.004784755874425173
v 0.02340146154165268 -0.11311802268028259 -0.005076500587165356
v 0.023491866886615753 -0.11416195333003998 -0.004784755874425173
v 0.023485438898205757 -0.11412165313959122 -0.004693088587373495
v 0.023485438898205757 -0.11412165313959122 -0.004693088587373495
v 0.023491866886615753 -0.11416195333003998 -0.004784755874425173
v 0.02364952303469181 -0.11559426039457321 -0.0039786300621926785
v 0.023485438898205757 -0.11412165313959122 -0.004693088587373495
v 0.02364952303469181 -0.11559426039457321 -0.0039786300621926785
v 0.02363879419863224 -0.11553768813610077 -0.0038981763646006584
v 0.02363879419863224 -0.11553768813610077 -0.0038981763646006584
v 0.02364952303469181 -0.11559426039457321 -0.0039786300621926785
v 0.02368904836475849 -0.11589404195547104 -0.0037504159845411777
v 0.02363879419863224 -0.11553768813610077 -0.0038981763646006584
v 0.02368904836475849 -0.11589404195547104 -0.0037504159845411777
v 0.023677082732319832 -0.1158330962061882 -0.0036737462505698204
v 0.023677082732319832 -0.1158330962061882 -0.0036737462505698204
v 0.02368904836475849 -0.11589404195547104 -0.0037504159845411777
v 0.023821955546736717 -0.11675623059272766 -0.00286139571107924
v 0.023677082732319832 -0.1158330962061882 -0.0036737462505698204
v 0.023821955546736717 -0.11675623059272766 -0.00286139571107924
v 0.0238050427287817 -0.11667892336845398 -0.0028028564993292093
v 0.0238050427287817 -0.11667892336845398 -0.0028028564993292093
v 0.023821955546736717 -0.11675623059272766 -0.00286139571107924
v 0.02391856722533703 -0.11722216755151749 -0.002008067676797509
v 0.0238050427287817 -0.11667892336845398 -0.0028028564993292093
v 0.02391856722533703 -0.11722216755151749 -0.002008067676797509
v 0.023896818980574608 -0.11713127791881561 -0.001973068341612816
v 0.023896818980574608 -0.11713127791881561 -0.001973068341612816
v 0.02391856722533703 -0.11722216755151749 -0.002008067676797509
v 0.02397776208817959 -0.11736921966075897 -0.0010385769419372082
v 0.023896818980574608 -0.11713127791881561 -0.001973068341612816
v 0.02397776208817959 -0.11736921966075897 -0.0010385769419372082
v 0.023965418338775635 -0.11729999631643295 -0.0010379136074334383
v 0.026748236268758774 -0.10850000381469727 -0.006917168386280537
v 0.023374605923891068 -0.10850000381469727 -0.006013207137584686
v 0.026748236268758774 -0.10769999772310257 -0.006917168386280537
v 0.023374605923891068 -0.10769999772310257 -0.006013207137584686
v 0.026839017868041992 -0.10850000381469727 -0.006920140236616135
v 0.026748236268758774 -0.10850000381469727 -0.006917168386280537
v 0.026748236268758774 -0.10769999772310257 -0.006917168386280537
v 0.026983236894011497 -0.10769999772310257 -0.006804132834076881
v 0.027000000700354576 -0.10769999772310257 -0.006723983213305473
v 0.027000000700354576 -0.10850000381469727 -0.006723983213305473
v 0.026748236268758774 -0.10769999772310257 -0.006917168386280537
v 0.026829993352293968 -0.10769999772310257 -0.006921721156686544
v 0.026839017868041992 -0.10850000381469727 -0.006920140236616135
v 0.026839017868041992 -0.10850000381469727 -0.006920140236616135
v 0.026829993352293968 -0.10769999772310257 -0.006921721156686544
v 0.026921752840280533 -0.10769999772310257 -0.006882653571665287
v 0.026839017868041992 -0.10850000381469727 -0.006920140236616135
v 0.026921752840280533 -0.10769999772310257 -0.006882653571665287
v 0.026921752840280533 -0.10850000381469727 -0.006882653571665287
v 0.026921752840280533 -0.10850000381469727 -0.006882653571665287
v 0.026921752840280533 -0.10769999772310257 -0.006882653571665287
v 0.026983236894011497 -0.10769999772310257 -0.006804132834076881
v 0.026921752840280533 -0.10850000381469727 -0.006882653571665287
v 0.026983236894011497 -0.10769999772310257 -0.006804132834076881
v 0.026979373767971992 -0.10850000381469727 -0.006812440697103739
v 0.026979373767971992 -0.10850000381469727 -0.006812440697103739
v 0.026983236894011497 -0.10769999772310257 -0.006804132834076881
v 0.027000000700354576 -0.10850000381469727 -0.006723983213305473
v 0.027000000700354576 -0.11295315623283386 0.006535635329782963
v 0.027000000700354576 -0.11299999803304672 0.002749999985098839
v 0.027000000700354576 -0.11089307814836502 0.007035189773887396
v 0.027000000700354576 -0.11174999922513962 0.0024150635581463575
v 0.027000000700354576 -0.10850000381469727 0.00722398329526186
v 0.027000000700354576 -0.10769999772310257 0.00722398329526186
v 0.027000000700354576 -0.11578737199306488 0.005028943065553904
v 0.027000000700354576 -0.11424999684095383 0.0024150635581463575
v 0.027000000700354576 -0.11545244604349136 0.005290214903652668
v 0.027000000700354576 -0.11401578038930893 0.00611909618601203
v 0.027000000700354576 -0.11083493381738663 0.001500000013038516
v 0.027000000700354576 -0.11050000041723251 0.0002500000118743628
v 0.027000000700354576 -0.10769999772310257 -0.006723983213305473
v 0.027000000700354576 -0.11083493381738663 -0.0009999999310821295
v 0.027000000700354576 -0.10850000381469727 -0.006723983213305473
v 0.027000000700354576 -0.11174999922513962 -0.001915063476189971
v 0.027000000700354576 -0.11065252870321274 -0.006571797654032707
v 0.027000000700354576 -0.11299999803304672 -0.0022499999031424522
v 0.027000000700354576 -0.11243396997451782 -0.0061957514844834805
v 0.027000000700354576 -0.11631754785776138 -0.004024801310151815
v 0.027000000700354576 -0.11593526601791382 -0.004401246551424265
v 0.027000000700354576 -0.11424999684095383 -0.001915063476189971
v 0.027000000700354576 -0.1147986352443695 -0.005215527955442667
v 0.027000000700354576 -0.11411476135253906 -0.005573221016675234
v 0.027000000700354576 -0.11665302515029907 0.004113961476832628
v 0.027000000700354576 -0.11712336540222168 0.003238238161429763
v 0.027000000700354576 -0.11516506224870682 0.001500000013038516
v 0.027000000700354576 -0.11729999631643295 0.0022546574473381042
v 0.027000000700354576 -0.11550000309944153 0.0002500000118743628
v 0.027000000700354576 -0.11700732260942459 -0.0030169780366122723
v 0.027000000700354576 -0.11516506224870682 -0.0009999999310821295
v 0.027000000700354576 -0.11728323251008987 -0.0020589279010891914
v 0.027000000700354576 -0.11729999631643295 -0.0017546573653817177
v 0.027000000700354576 -0.10850000381469727 0.00722398329526186
v 0.027000000700354576 -0.10769999772310257 0.00722398329526186
v 0.026983236894011497 -0.10769999772310257 0.007304132916033268
v 0.026748236268758774 -0.10769999772310257 0.007417168468236923
v 0.026748236268758774 -0.10850000381469727 0.007417168468236923
v 0.026829993352293968 -0.10769999772310257 0.007421721238642931
v 0.026829993352293968 -0.10850000381469727 0.007421721238642931
v 0.026829993352293968 -0.10769999772310257 0.007421721238642931
v 0.026829993352293968 -0.10850000381469727 0.007421721238642931
v 0.026839017868041992 -0.10769999772310257 0.007420140318572521
v 0.026839017868041992 -0.10850000381469727 0.007420140318572521
v 0.026839017868041992 -0.10769999772310257 0.007420140318572521
v 0.026839017868041992 -0.10850000381469727 0.007420140318572521
v 0.026921752840280533 -0.10769999772310257 0.007382653653621674
v 0.026921752840280533 -0.10850000381469727 0.007382653653621674
v 0.026921752840280533 -0.10769999772310257 0.007382653653621674
v 0.026921752840280533 -0.10850000381469727 0.007382653653621674
v 0.026979373767971992 -0.10769999772310257 0.007312440779060125
v 0.026979373767971992 -0.10850000381469727 0.007312440779060125
v 0.026979373767971992 -0.10769999772310257 0.007312440779060125
v 0.026979373767971992 -0.10850000381469727 0.007312440779060125
v 0.026983236894011497 -0.10769999772310257 0.007304132916033268
v 0.026983236894011497 -0.10850000381469727 0.007304132916033268
v 0.026983236894011497 -0.10850000381469727 0.007304132916033268
v 0.026748236268758774 -0.10769999772310257 0.007417168468236923
v 0.023374605923891068 -0.10769999772310257 0.006513207219541073
v 0.026748236268758774 -0.10850000381469727 0.007417168468236923
v 0.023374605923891068 -0.10850000381469727 0.006513207219541073
v 0.023227330297231674 -0.10769999772310257 0.006339597515761852
v 0.02323276363313198 -0.10769999772310257 0.006269856356084347
v 0.02323276363313198 -0.10850000381469727 0.006269856356084347
v 0.023285338655114174 -0.10850000381469727 0.006461832206696272
v 0.023374605923891068 -0.10850000381469727 0.006513207219541073
v 0.023374605923891068 -0.10769999772310257 0.006513207219541073
v 0.023374605923891068 -0.10769999772310257 0.006513207219541073
v 0.023311246186494827 -0.10769999772310257 0.006483564618974924
v 0.023285338655114174 -0.10850000381469727 0.006461832206696272
v 0.023285338655114174 -0.10850000381469727 0.006461832206696272
v 0.023311246186494827 -0.10769999772310257 0.006483564618974924
v 0.023253580555319786 -0.10769999772310257 0.006420736666768789
v 0.023285338655114174 -0.10850000381469727 0.006461832206696272
v 0.023253580555319786 -0.10769999772310257 0.006420736666768789
v 0.023253580555319786 -0.10850000381469727 0.006420736666768789
v 0.023253580555319786 -0.10850000381469727 0.006420736666768789
v 0.023253580555319786 -0.10769999772310257 0.006420736666768789
v 0.023227330297231674 -0.10769999772310257 0.006339597515761852
v 0.023253580555319786 -0.10850000381469727 0.006420736666768789
v 0.023227330297231674 -0.10769999772310257 0.006339597515761852
v 0.023233473300933838 -0.10850000381469727 0.006372849456965923
v 0.023233473300933838 -0.10850000381469727 0.006372849456965923
v 0.023227330297231674 -0.10769999772310257 0.006339597515761852
v 0.02323276363313198 -0.10850000381469727 0.006269856356084347
v 0.02363879419863224 -0.11553768813610077 -0.0038981763646006584
v 0.023937419056892395 -0.11400000005960464 -0.0014820507494732738
v 0.023485438898205757 -0.11412165313959122 -0.004693088587373495
v 0.023485438898205757 -0.11412165313959122 -0.004693088587373495
v 0.023937419056892395 -0.11400000005960464 -0.0014820507494732738
v 0.023922165855765343 -0.11351965367794037 -0.0016813103575259447
v 0.023485438898205757 -0.11412165313959122 -0.004693088587373495
v 0.023922165855765343 -0.11351965367794037 -0.0016813103575259447
v 0.02340146154165268 -0.11311802268028259 -0.005076500587165356
v 0.02340146154165268 -0.11311802268028259 -0.005076500587165356
v 0.023922165855765343 -0.11351965367794037 -0.0016813103575259447
v 0.023916522040963173 -0.11299999803304672 -0.0017500000540167093
v 0.02340146154165268 -0.11311802268028259 -0.005076500587165356
v 0.023916522040963173 -0.11299999803304672 -0.0017500000540167093
v 0.023283272981643677 -0.11104291677474976 -0.005571445450186729
v 0.023283272981643677 -0.11104291677474976 -0.005571445450186729
v 0.023916522040963173 -0.11299999803304672 -0.0017500000540167093
v 0.023922113701701164 -0.11248278617858887 -0.0016819654265418649
v 0.023283272981643677 -0.11104291677474976 -0.005571445450186729
v 0.023922113701701164 -0.11248278617858887 -0.0016819654265418649
v 0.0232334416359663 -0.10879512131214142 -0.005767242517322302
v 0.02323276363313198 -0.10769999772310257 -0.00576985627412796
v 0.02323276363313198 -0.10850000381469727 -0.00576985627412796
v 0.02380741760134697 -0.10769999772310257 -0.0027842759154736996
v 0.02380741760134697 -0.10769999772310257 -0.0027842759154736996
v 0.02323276363313198 -0.10850000381469727 -0.00576985627412796
v 0.0232334416359663 -0.10879512131214142 -0.005767242517322302
v 0.02323276363313198 -0.10850000381469727 0.006269856356084347
v 0.02323276363313198 -0.10769999772310257 0.006269856356084347
v 0.02380741760134697 -0.10769999772310257 0.003284275997430086
v 0.023922113701701164 -0.11248278617858887 -0.0016819654265418649
v 0.023937419056892395 -0.1120000034570694 -0.0014820507494732738
v 0.0232334416359663 -0.10879512131214142 -0.005767242517322302
v 0.0232334416359663 -0.10879512131214142 -0.005767242517322302
v 0.023937419056892395 -0.1120000034570694 -0.0014820507494732738
v 0.023979157209396362 -0.11126794666051865 -0.0007500000647269189
v 0.0232334416359663 -0.10879512131214142 -0.005767242517322302
v 0.023979157209396362 -0.11126794666051865 -0.0007500000647269189
v 0.02380741760134697 -0.10769999772310257 -0.0027842759154736996
v 0.02380741760134697 -0.10769999772310257 -0.0027842759154736996
v 0.023979157209396362 -0.11126794666051865 -0.0007500000647269189
v 0.023994404822587967 -0.11106830835342407 -0.00026823891676031053
v 0.02380741760134697 -0.10769999772310257 -0.0027842759154736996
v 0.023994404822587967 -0.11106830835342407 -0.00026823891676031053
v 0.024000000208616257 -0.10769999772310257 0.0002500000118743628
v 0.024000000208616257 -0.10769999772310257 0.0002500000118743628
v 0.023994404822587967 -0.11106830835342407 -0.00026823891676031053
v 0.024000000208616257 -0.11100000143051147 0.0002500000118743628
v 0.024000000208616257 -0.10769999772310257 0.0002500000118743628
v 0.024000000208616257 -0.11100000143051147 0.0002500000118743628
v 0.02380741760134697 -0.10769999772310257 0.003284275997430086
v 0.024000000208616257 -0.11100000143051147 0.0002500000118743628
v 0.023994412273168564 -0.11106820404529572 0.0007678365800529718
v 0.02380741760134697 -0.10769999772310257 0.003284275997430086
v 0.02380741760134697 -0.10769999772310257 0.003284275997430086
v 0.023994412273168564 -0.11106820404529572 0.0007678365800529718
v 0.023979157209396362 -0.11126794666051865 0.0012500000884756446
v 0.02380741760134697 -0.10769999772310257 0.003284275997430086
v 0.023979157209396362 -0.11126794666051865 0.0012500000884756446
v 0.02323276363313198 -0.10850000381469727 0.006269856356084347
v 0.02323276363313198 -0.10850000381469727 0.006269856356084347
v 0.023979157209396362 -0.11126794666051865 0.0012500000884756446
v 0.023937419056892395 -0.1120000034570694 0.0019820507150143385
v 0.02323276363313198 -0.10850000381469727 0.006269856356084347
v 0.023937419056892395 -0.1120000034570694 0.0019820507150143385
v 0.023267684504389763 -0.11061601340770721 0.006133438553661108
v 0.023267684504389763 -0.11061601340770721 0.006133438553661108
v 0.023937419056892395 -0.1120000034570694 0.0019820507150143385
v 0.02392212674021721 -0.11248218268156052 0.002181803109124303
v 0.023267684504389763 -0.11061601340770721 0.006133438553661108
v 0.02392212674021721 -0.11248218268156052 0.002181803109124303
v 0.02336621843278408 -0.1126156896352768 0.005729039665311575
v 0.02336621843278408 -0.1126156896352768 0.005729039665311575
v 0.02392212674021721 -0.11248218268156052 0.002181803109124303
v 0.023916522040963173 -0.11299999803304672 0.002250000135973096
v 0.02336621843278408 -0.1126156896352768 0.005729039665311575
v 0.023916522040963173 -0.11299999803304672 0.002250000135973096
v 0.023424532264471054 -0.11341686546802521 0.005474106874316931
v 0.023424532264471054 -0.11341686546802521 0.005474106874316931
v 0.023916522040963173 -0.11299999803304672 0.002250000135973096
v 0.023922134190797806 -0.11351817101240158 0.0021817090455442667
v 0.023979157209396362 -0.1147320494055748 0.0012500000884756446
v 0.02379642240703106 -0.11662895232439041 0.0033693404402583838
v 0.023937419056892395 -0.11400000005960464 0.0019820507150143385
v 0.023937419056892395 -0.11400000005960464 0.0019820507150143385
v 0.02379642240703106 -0.11662895232439041 0.0033693404402583838
v 0.02365373633801937 -0.11565535515546799 0.0043121157214045525
v 0.023937419056892395 -0.11400000005960464 0.0019820507150143385
v 0.02365373633801937 -0.11565535515546799 0.0043121157214045525
v 0.023922134190797806 -0.11351817101240158 0.0021817090455442667
v 0.023922134190797806 -0.11351817101240158 0.0021817090455442667
v 0.02365373633801937 -0.11565535515546799 0.0043121157214045525
v 0.023561468347907066 -0.11487569659948349 0.004816971719264984
v 0.023922134190797806 -0.11351817101240158 0.0021817090455442667
v 0.023561468347907066 -0.11487569659948349 0.004816971719264984
v 0.023424532264471054 -0.11341686546802521 0.005474106874316931
v 0.02363879419863224 -0.11553768813610077 -0.0038981763646006584
v 0.023677082732319832 -0.1158330962061882 -0.0036737462505698204
v 0.023937419056892395 -0.11400000005960464 -0.0014820507494732738
v 0.023937419056892395 -0.11400000005960464 -0.0014820507494732738
v 0.023677082732319832 -0.1158330962061882 -0.0036737462505698204
v 0.0238050427287817 -0.11667892336845398 -0.0028028564993292093
v 0.023937419056892395 -0.11400000005960464 -0.0014820507494732738
v 0.0238050427287817 -0.11667892336845398 -0.0028028564993292093
v 0.023979157209396362 -0.1147320494055748 -0.0007500000647269189
v 0.023979157209396362 -0.1147320494055748 -0.0007500000647269189
v 0.0238050427287817 -0.11667892336845398 -0.0028028564993292093
v 0.023896818980574608 -0.11713127791881561 -0.001973068341612816
v 0.023979157209396362 -0.1147320494055748 -0.0007500000647269189
v 0.023896818980574608 -0.11713127791881561 -0.001973068341612816
v 0.02399442531168461 -0.11493195593357086 -0.00026724496274255216
v 0.02399442531168461 -0.11493195593357086 -0.00026724496274255216
v 0.023896818980574608 -0.11713127791881561 -0.001973068341612816
v 0.023965418338775635 -0.11729999631643295 -0.0010379136074334383
v 0.02399442531168461 -0.11493195593357086 -0.00026724496274255216
v 0.023965418338775635 -0.11729999631643295 -0.0010379136074334383
v 0.024000000208616257 -0.11500000208616257 0.0002500000118743628
v 0.024000000208616257 -0.11500000208616257 0.0002500000118743628
v 0.023965418338775635 -0.11729999631643295 -0.0010379136074334383
v 0.024000000208616257 -0.11729999631643295 0.0002500000118743628
v 0.024000000208616257 -0.11500000208616257 0.0002500000118743628
v 0.024000000208616257 -0.11729999631643295 0.0002500000118743628
v 0.023994427174329758 -0.11493197083473206 0.0007671832572668791
v 0.023994427174329758 -0.11493197083473206 0.0007671832572668791
v 0.024000000208616257 -0.11729999631643295 0.0002500000118743628
v 0.023965418338775635 -0.11729999631643295 0.0015379136893898249
v 0.023994427174329758 -0.11493197083473206 0.0007671832572668791
v 0.023965418338775635 -0.11729999631643295 0.0015379136893898249
v 0.023979157209396362 -0.1147320494055748 0.0012500000884756446
v 0.023979157209396362 -0.1147320494055748 0.0012500000884756446
v 0.023965418338775635 -0.11729999631643295 0.0015379136893898249
v 0.023902494460344315 -0.11715313047170639 0.0024111992679536343
v 0.023979157209396362 -0.1147320494055748 0.0012500000884756446
v 0.023902494460344315 -0.11715313047170639 0.0024111992679536343
v 0.02379642240703106 -0.11662895232439041 0.0033693404402583838
v 0.023311246186494827 -0.10769999772310257 -0.0059835645370185375
v 0.023374605923891068 -0.10769999772310257 -0.006013207137584686
v 0.023374605923891068 -0.10850000381469727 -0.006013207137584686
v 0.023233473300933838 -0.10850000381469727 -0.005872849375009537
v 0.02323276363313198 -0.10850000381469727 -0.00576985627412796
v 0.02323276363313198 -0.10769999772310257 -0.00576985627412796
v 0.02323276363313198 -0.10769999772310257 -0.00576985627412796
v 0.023227330297231674 -0.10769999772310257 -0.005839597433805466
v 0.023233473300933838 -0.10850000381469727 -0.005872849375009537
v 0.023233473300933838 -0.10850000381469727 -0.005872849375009537
v 0.023227330297231674 -0.10769999772310257 -0.005839597433805466
v 0.023253580555319786 -0.10769999772310257 -0.005920736584812403
v 0.023233473300933838 -0.10850000381469727 -0.005872849375009537
v 0.023253580555319786 -0.10769999772310257 -0.005920736584812403
v 0.023253580555319786 -0.10850000381469727 -0.005920736584812403
v 0.023253580555319786 -0.10850000381469727 -0.005920736584812403
v 0.023253580555319786 -0.10769999772310257 -0.005920736584812403
v 0.023311246186494827 -0.10769999772310257 -0.0059835645370185375
v 0.023253580555319786 -0.10850000381469727 -0.005920736584812403
v 0.023311246186494827 -0.10769999772310257 -0.0059835645370185375
v 0.023285338655114174 -0.10850000381469727 -0.005961832124739885
v 0.023285338655114174 -0.10850000381469727 -0.005961832124739885
v 0.023311246186494827 -0.10769999772310257 -0.0059835645370185375
v 0.023374605923891068 -0.10850000381469727 -0.006013207137584686
v 0.026748236268758774 -0.10769999772310257 -0.006917168386280537
v 0.023374605923891068 -0.10769999772310257 -0.006013207137584686
v 0.026741301640868187 -0.10760000348091125 -0.006943050306290388
v 0.02336767129600048 -0.10760000348091125 -0.006039089057594538
v 0.026741301640868187 -0.10760000348091125 -0.006943050306290388
v 0.02336767129600048 -0.10760000348091125 -0.006039089057594538
v 0.02672235481441021 -0.10752679407596588 -0.007013760972768068
v 0.023348724469542503 -0.10752679407596588 -0.006109799724072218
v 0.02672235481441021 -0.10752679407596588 -0.007013760972768068
v 0.023348724469542503 -0.10752679407596588 -0.006109799724072218
v 0.026696471497416496 -0.10750000178813934 -0.0071103535592556
v 0.02332284301519394 -0.10750000178813934 -0.00620639231055975
v 0.027026794850826263 -0.10760000348091125 -0.006723983213305473
v 0.027000000700354576 -0.10769999772310257 -0.006723983213305473
v 0.02700778655707836 -0.10760000348091125 -0.006814870983362198
v 0.02700778655707836 -0.10760000348091125 -0.006814870983362198
v 0.027000000700354576 -0.10769999772310257 -0.006723983213305473
v 0.026983236894011497 -0.10769999772310257 -0.006804132834076881
v 0.02700778655707836 -0.10760000348091125 -0.006814870983362198
v 0.026983236894011497 -0.10769999772310257 -0.006804132834076881
v 0.02693806402385235 -0.10760000348091125 -0.006903911475092173
v 0.02693806402385235 -0.10760000348091125 -0.006903911475092173
v 0.026983236894011497 -0.10769999772310257 -0.006804132834076881
v 0.026921752840280533 -0.10769999772310257 -0.006882653571665287
v 0.02693806402385235 -0.10760000348091125 -0.006903911475092173
v 0.026921752840280533 -0.10769999772310257 -0.006882653571665287
v 0.02683401107788086 -0.10760000348091125 -0.006948213092982769
v 0.026829993352293968 -0.10769999772310257 -0.006921721156686544
v 0.02683401107788086 -0.10760000348091125 -0.006948213092982769
v 0.026829993352293968 -0.10769999772310257 -0.006921721156686544
v 0.026741301640868187 -0.10760000348091125 -0.006943050306290388
v 0.026748236268758774 -0.10769999772310257 -0.006917168386280537
v 0.02710000053048134 -0.10752679407596588 -0.006723983213305473
v 0.027026794850826263 -0.10760000348091125 -0.006723983213305473
v 0.02707485668361187 -0.10752679407596588 -0.0068442076444625854
v 0.02700778655707836 -0.10760000348091125 -0.006814870983362198
v 0.02707485668361187 -0.10752679407596588 -0.0068442076444625854
v 0.02700778655707836 -0.10760000348091125 -0.006814870983362198
v 0.0269826278090477 -0.10752679407596588 -0.006961989216506481
v 0.02693806402385235 -0.10760000348091125 -0.006903911475092173
v 0.0269826278090477 -0.10752679407596588 -0.006961989216506481
v 0.02693806402385235 -0.10760000348091125 -0.006903911475092173
v 0.026844989508390427 -0.10752679407596588 -0.007020590361207724
v 0.02683401107788086 -0.10760000348091125 -0.006948213092982769
v 0.026844989508390427 -0.10752679407596588 -0.007020590361207724
v 0.02683401107788086 -0.10760000348091125 -0.006948213092982769
v 0.02672235481441021 -0.10752679407596588 -0.007013760972768068
v 0.026741301640868187 -0.10760000348091125 -0.006943050306290388
v 0.0272000003606081 -0.10750000178813934 -0.006723983213305473
v 0.02710000053048134 -0.10752679407596588 -0.006723983213305473
v 0.027166474610567093 -0.10750000178813934 -0.0068842824548482895
v 0.02707485668361187 -0.10752679407596588 -0.0068442076444625854
v 0.027166474610567093 -0.10750000178813934 -0.0068842824548482895
v 0.02707485668361187 -0.10752679407596588 -0.0068442076444625854
v 0.027043504640460014 -0.10750000178813934 -0.007041324395686388
v 0.0269826278090477 -0.10752679407596588 -0.006961989216506481
v 0.027043504640460014 -0.10750000178813934 -0.007041324395686388
v 0.0269826278090477 -0.10752679407596588 -0.006961989216506481
v 0.026859987527132034 -0.10750000178813934 -0.007119459565728903
v 0.026844989508390427 -0.10752679407596588 -0.007020590361207724
v 0.026859987527132034 -0.10750000178813934 -0.007119459565728903
v 0.026844989508390427 -0.10752679407596588 -0.007020590361207724
v 0.026696471497416496 -0.10750000178813934 -0.0071103535592556
v 0.02672235481441021 -0.10752679407596588 -0.007013760972768068
v 0.02701522409915924 -0.10762346535921097 0.00722398329526186
v 0.027000000700354576 -0.10769999772310257 0.00722398329526186
v 0.027000000700354576 -0.10769999772310257 -0.006723983213305473
v 0.02701522409915924 -0.10762346535921097 0.00722398329526186
v 0.027000000700354576 -0.10769999772310257 -0.006723983213305473
v 0.027026794850826263 -0.10760000348091125 0.00722398329526186
v 0.027026794850826263 -0.10760000348091125 0.00722398329526186
v 0.027000000700354576 -0.10769999772310257 -0.006723983213305473
v 0.027026794850826263 -0.10760000348091125 -0.006723983213305473
v 0.027026794850826263 -0.10760000348091125 0.00722398329526186
v 0.027026794850826263 -0.10760000348091125 -0.006723983213305473
v 0.02705857902765274 -0.10755857825279236 0.00722398329526186
v 0.02705857902765274 -0.10755857825279236 0.00722398329526186
v 0.027026794850826263 -0.10760000348091125 -0.006723983213305473
v 0.02710000053048134 -0.10752679407596588 -0.006723983213305473
v 0.02705857902765274 -0.10755857825279236 0.00722398329526186
v 0.02710000053048134 -0.10752679407596588 -0.006723983213305473
v 0.02710000053048134 -0.10752679407596588 0.00722398329526186
v 0.02710000053048134 -0.10752679407596588 0.00722398329526186
v 0.02710000053048134 -0.10752679407596588 -0.006723983213305473
v 0.02712346240878105 -0.10751522332429886 0.00722398329526186
v 0.02712346240878105 -0.10751522332429886 0.00722398329526186
v 0.02710000053048134 -0.10752679407596588 -0.006723983213305473
v 0.0272000003606081 -0.10750000178813934 -0.006723983213305473
v 0.02712346240878105 -0.10751522332429886 0.00722398329526186
v 0.0272000003606081 -0.10750000178813934 -0.006723983213305473
v 0.0272000003606081 -0.10750000178813934 0.00722398329526186
v 0.026829993352293968 -0.10769999772310257 0.007421721238642931
v 0.026839017868041992 -0.10769999772310257 0.007420140318572521
v 0.026841988787055016 -0.10762346535921097 0.007435071747750044
v 0.026983236894011497 -0.10769999772310257 0.007304132916033268
v 0.027000000700354576 -0.10769999772310257 0.00722398329526186
v 0.02701522409915924 -0.10762346535921097 0.00722398329526186
v 0.026878036558628082 -0.10750000178813934 0.0076162973418831825
v 0.026696471497416496 -0.10750000178813934 0.0076103536412119865
v 0.026716280728578568 -0.10751522332429886 0.0075364247895777225
v 0.027043504640460014 -0.10750000178813934 0.007541324477642775
v 0.026878036558628082 -0.10750000178813934 0.0076162973418831825
v 0.026863103732466698 -0.10751522332429886 0.007541231345385313
v 0.027158748358488083 -0.10750000178813934 0.007400898728519678
v 0.027043504640460014 -0.10750000178813934 0.007541324477642775
v 0.02699691243469715 -0.10751522332429886 0.007480603642761707
v 0.027158748358488083 -0.10750000178813934 0.007400898728519678
v 0.027090106159448624 -0.10751522332429886 0.007367047481238842
v 0.0272000003606081 -0.10750000178813934 0.00722398329526186
v 0.02712346240878105 -0.10751522332429886 0.00722398329526186
v 0.0270319115370512 -0.10755857825279236 0.007338349707424641
v 0.02705857902765274 -0.10755857825279236 0.00722398329526186
v 0.027090106159448624 -0.10751522332429886 0.007367047481238842
v 0.027090106159448624 -0.10751522332429886 0.007367047481238842
v 0.02705857902765274 -0.10755857825279236 0.00722398329526186
v 0.02710000053048134 -0.10752679407596588 0.00722398329526186
v 0.027090106159448624 -0.10751522332429886 0.007367047481238842
v 0.02710000053048134 -0.10752679407596588 0.00722398329526186
v 0.02712346240878105 -0.10751522332429886 0.00722398329526186
v 0.026979373767971992 -0.10769999772310257 0.007312440779060125
v 0.026983236894011497 -0.10769999772310257 0.007304132916033268
v 0.026993028819561005 -0.10762346535921097 0.007319174241274595
v 0.026993028819561005 -0.10762346535921097 0.007319174241274595
v 0.026983236894011497 -0.10769999772310257 0.007304132916033268
v 0.02701522409915924 -0.10762346535921097 0.00722398329526186
v 0.026993028819561005 -0.10762346535921097 0.007319174241274595
v 0.02701522409915924 -0.10762346535921097 0.00722398329526186
v 0.0270319115370512 -0.10755857825279236 0.007338349707424641
v 0.0270319115370512 -0.10755857825279236 0.007338349707424641
v 0.02701522409915924 -0.10762346535921097 0.00722398329526186
v 0.027026794850826263 -0.10760000348091125 0.00722398329526186
v 0.0270319115370512 -0.10755857825279236 0.007338349707424641
v 0.027026794850826263 -0.10760000348091125 0.00722398329526186
v 0.02705857902765274 -0.10755857825279236 0.00722398329526186
v 0.027090106159448624 -0.10751522332429886 0.007367047481238842
v 0.027090106159448624 -0.10751522332429886 0.007367047481238842
v 0.02699691243469715 -0.10751522332429886 0.007480603642761707
v 0.02695741318166256 -0.10755857825279236 0.007429127581417561
v 0.027090106159448624 -0.10751522332429886 0.007367047481238842
v 0.02695741318166256 -0.10755857825279236 0.007429127581417561
v 0.0270319115370512 -0.10755857825279236 0.007338349707424641
v 0.0270319115370512 -0.10755857825279236 0.007338349707424641
v 0.02695741318166256 -0.10755857825279236 0.007429127581417561
v 0.026931019499897957 -0.10762346535921097 0.007394731976091862
v 0.0270319115370512 -0.10755857825279236 0.007338349707424641
v 0.026931019499897957 -0.10762346535921097 0.007394731976091862
v 0.026993028819561005 -0.10762346535921097 0.007319174241274595
v 0.026993028819561005 -0.10762346535921097 0.007319174241274595
v 0.026931019499897957 -0.10762346535921097 0.007394731976091862
v 0.026921752840280533 -0.10769999772310257 0.007382653653621674
v 0.026993028819561005 -0.10762346535921097 0.007319174241274595
v 0.026921752840280533 -0.10769999772310257 0.007382653653621674
v 0.026979373767971992 -0.10769999772310257 0.007312440779060125
v 0.02699691243469715 -0.10751522332429886 0.007480603642761707
v 0.02699691243469715 -0.10751522332429886 0.007480603642761707
v 0.026863103732466698 -0.10751522332429886 0.007541231345385313
v 0.026850447058677673 -0.10755857825279236 0.007477593142539263
v 0.02695741318166256 -0.10755857825279236 0.007429127581417561
v 0.02695741318166256 -0.10755857825279236 0.007429127581417561
v 0.026850447058677673 -0.10755857825279236 0.007477593142539263
v 0.026841988787055016 -0.10762346535921097 0.007435071747750044
v 0.026931019499897957 -0.10762346535921097 0.007394731976091862
v 0.026931019499897957 -0.10762346535921097 0.007394731976091862
v 0.026841988787055016 -0.10762346535921097 0.007435071747750044
v 0.026839017868041992 -0.10769999772310257 0.007420140318572521
v 0.026921752840280533 -0.10769999772310257 0.007382653653621674
v 0.026863103732466698 -0.10751522332429886 0.007541231345385313
v 0.026863103732466698 -0.10751522332429886 0.007541231345385313
v 0.026716280728578568 -0.10751522332429886 0.0075364247895777225
v 0.026733074337244034 -0.10755857825279236 0.007473750971257687
v 0.026850447058677673 -0.10755857825279236 0.007477593142539263
v 0.026850447058677673 -0.10755857825279236 0.007477593142539263
v 0.026733074337244034 -0.10755857825279236 0.007473750971257687
v 0.02674429677426815 -0.10762346535921097 0.007431873586028814
v 0.026841988787055016 -0.10762346535921097 0.007435071747750044
v 0.026841988787055016 -0.10762346535921097 0.007435071747750044
v 0.02674429677426815 -0.10762346535921097 0.007431873586028814
v 0.026748236268758774 -0.10769999772310257 0.007417168468236923
v 0.026841988787055016 -0.10762346535921097 0.007435071747750044
v 0.026748236268758774 -0.10769999772310257 0.007417168468236923
v 0.026829993352293968 -0.10769999772310257 0.007421721238642931
v 0.023374605923891068 -0.10769999772310257 0.006513207219541073
v 0.026748236268758774 -0.10769999772310257 0.007417168468236923
v 0.02674429677426815 -0.10762346535921097 0.007431873586028814
v 0.023374605923891068 -0.10769999772310257 0.006513207219541073
v 0.02674429677426815 -0.10762346535921097 0.007431873586028814
v 0.02336767129600048 -0.10760000348091125 0.006539089139550924
v 0.02336767129600048 -0.10760000348091125 0.006539089139550924
v 0.02674429677426815 -0.10762346535921097 0.007431873586028814
v 0.026733074337244034 -0.10755857825279236 0.007473750971257687
v 0.02336767129600048 -0.10760000348091125 0.006539089139550924
v 0.026733074337244034 -0.10755857825279236 0.007473750971257687
v 0.023359445855021477 -0.10755857825279236 0.006569789722561836
v 0.023359445855021477 -0.10755857825279236 0.006569789722561836
v 0.026733074337244034 -0.10755857825279236 0.007473750971257687
v 0.026716280728578568 -0.10751522332429886 0.0075364247895777225
v 0.023359445855021477 -0.10755857825279236 0.006569789722561836
v 0.026716280728578568 -0.10751522332429886 0.0075364247895777225
v 0.023348724469542503 -0.10752679407596588 0.0066097998060286045
v 0.023348724469542503 -0.10752679407596588 0.0066097998060286045
v 0.026716280728578568 -0.10751522332429886 0.0075364247895777225
v 0.026696471497416496 -0.10750000178813934 0.0076103536412119865
v 0.023348724469542503 -0.10752679407596588 0.0066097998060286045
v 0.026696471497416496 -0.10750000178813934 0.0076103536412119865
v 0.02332284301519394 -0.10750000178813934 0.006706392392516136
v 0.02320682629942894 -0.10760000348091125 0.006263135466724634
v 0.02323276363313198 -0.10769999772310257 0.006269856356084347
v 0.023200664669275284 -0.10760000348091125 0.0063422201201319695
v 0.023227330297231674 -0.10769999772310257 0.006339597515761852
v 0.023200664669275284 -0.10760000348091125 0.0063422201201319695
v 0.023227330297231674 -0.10769999772310257 0.006339597515761852
v 0.023230429738759995 -0.10760000348091125 0.006434230133891106
v 0.023230429738759995 -0.10760000348091125 0.006434230133891106
v 0.023227330297231674 -0.10769999772310257 0.006339597515761852
v 0.023253580555319786 -0.10769999772310257 0.006420736666768789
v 0.023230429738759995 -0.10760000348091125 0.006434230133891106
v 0.023253580555319786 -0.10769999772310257 0.006420736666768789
v 0.023295821622014046 -0.10760000348091125 0.006505474913865328
v 0.0231359601020813 -0.10752679407596588 0.006244773510843515
v 0.02320682629942894 -0.10760000348091125 0.006263135466724634
v 0.023127811029553413 -0.10752679407596588 0.006349385250359774
v 0.023127811029553413 -0.10752679407596588 0.006349385250359774
v 0.02320682629942894 -0.10760000348091125 0.006263135466724634
v 0.023200664669275284 -0.10760000348091125 0.0063422201201319695
v 0.023127811029553413 -0.10752679407596588 0.006349385250359774
v 0.023200664669275284 -0.10760000348091125 0.0063422201201319695
v 0.023167185485363007 -0.10752679407596588 0.006471094209700823
v 0.023167185485363007 -0.10752679407596588 0.006471094209700823
v 0.023200664669275284 -0.10760000348091125 0.0063422201201319695
v 0.023230429738759995 -0.10760000348091125 0.006434230133891106
v 0.023167185485363007 -0.10752679407596588 0.006471094209700823
v 0.023230429738759995 -0.10760000348091125 0.006434230133891106
v 0.023253683000802994 -0.10752679407596588 0.006565335672348738
v 0.023253683000802994 -0.10752679407596588 0.006565335672348738
v 0.023230429738759995 -0.10760000348091125 0.006434230133891106
v 0.023295821622014046 -0.10760000348091125 0.006505474913865328
v 0.023311246186494827 -0.10769999772310257 0.006483564618974924
v 0.023374605923891068 -0.10769999772310257 0.006513207219541073
v 0.02336767129600048 -0.10760000348091125 0.006539089139550924
v 0.023311246186494827 -0.10769999772310257 0.006483564618974924
v 0.023295821622014046 -0.10760000348091125 0.006505474913865328
v 0.023295821622014046 -0.10760000348091125 0.006505474913865328
v 0.02336767129600048 -0.10760000348091125 0.006539089139550924
v 0.023253683000802994 -0.10752679407596588 0.006565335672348738
v 0.023253683000802994 -0.10752679407596588 0.006565335672348738
v 0.02336767129600048 -0.10760000348091125 0.006539089139550924
v 0.023359445855021477 -0.10755857825279236 0.006569789722561836
v 0.023253683000802994 -0.10752679407596588 0.006565335672348738
v 0.023359445855021477 -0.10755857825279236 0.006569789722561836
v 0.023348724469542503 -0.10752679407596588 0.0066097998060286045
v 0.023039158433675766 -0.10750000178813934 0.006219691131263971
v 0.0231359601020813 -0.10752679407596588 0.006244773510843515
v 0.023028291761875153 -0.10750000178813934 0.006359172984957695
v 0.023127811029553413 -0.10752679407596588 0.006349385250359774
v 0.023028291761875153 -0.10750000178813934 0.006359172984957695
v 0.023127811029553413 -0.10752679407596588 0.006349385250359774
v 0.023080790415406227 -0.10750000178813934 0.006521451752632856
v 0.023167185485363007 -0.10752679407596588 0.006471094209700823
v 0.023080790415406227 -0.10750000178813934 0.006521451752632856
v 0.023167185485363007 -0.10752679407596588 0.006471094209700823
v 0.02319611981511116 -0.10750000178813934 0.006647107191383839
v 0.023253683000802994 -0.10752679407596588 0.006565335672348738
v 0.02319611981511116 -0.10750000178813934 0.006647107191383839
v 0.023253683000802994 -0.10752679407596588 0.006565335672348738
v 0.02332284301519394 -0.10750000178813934 0.006706392392516136
v 0.023348724469542503 -0.10752679407596588 0.0066097998060286045
v 0.0231359601020813 -0.10752679407596588 0.006244773510843515
v 0.023039158433675766 -0.10750000178813934 0.006219691131263971
v 0.023708220571279526 -0.10752679407596588 0.0032716330606490374
v 0.023609023541212082 -0.10750000178813934 0.0032589903566986322
v 0.023708220571279526 -0.10752679407596588 0.0032716330606490374
v 0.023609023541212082 -0.10750000178813934 0.0032589903566986322
v 0.023900000378489494 -0.10752679407596588 0.0002500000118743628
v 0.023800000548362732 -0.10750000178813934 0.0002500000118743628
v 0.023900000378489494 -0.10752679407596588 0.0002500000118743628
v 0.023800000548362732 -0.10750000178813934 0.0002500000118743628
v 0.023708220571279526 -0.10752679407596588 -0.002771632978692651
v 0.023609023541212082 -0.10750000178813934 -0.0027589902747422457
v 0.023708220571279526 -0.10752679407596588 -0.002771632978692651
v 0.023609023541212082 -0.10750000178813934 -0.0027589902747422457
v 0.0231359601020813 -0.10752679407596588 -0.005744773428887129
v 0.023039158433675766 -0.10750000178813934 -0.005719691049307585
v 0.02320682629942894 -0.10760000348091125 0.006263135466724634
v 0.0231359601020813 -0.10752679407596588 0.006244773510843515
v 0.023780837655067444 -0.10760000348091125 0.0032808883115649223
v 0.023780837655067444 -0.10760000348091125 0.0032808883115649223
v 0.0231359601020813 -0.10752679407596588 0.006244773510843515
v 0.023708220571279526 -0.10752679407596588 0.0032716330606490374
v 0.023780837655067444 -0.10760000348091125 0.0032808883115649223
v 0.023708220571279526 -0.10752679407596588 0.0032716330606490374
v 0.02397320419549942 -0.10760000348091125 0.0002500000118743628
v 0.023900000378489494 -0.10752679407596588 0.0002500000118743628
v 0.02397320419549942 -0.10760000348091125 0.0002500000118743628
v 0.023900000378489494 -0.10752679407596588 0.0002500000118743628
v 0.023780837655067444 -0.10760000348091125 -0.0027808882296085358
v 0.023708220571279526 -0.10752679407596588 -0.002771632978692651
v 0.023780837655067444 -0.10760000348091125 -0.0027808882296085358
v 0.023708220571279526 -0.10752679407596588 -0.002771632978692651
v 0.02320682629942894 -0.10760000348091125 -0.005763135384768248
v 0.02320682629942894 -0.10760000348091125 -0.005763135384768248
v 0.023708220571279526 -0.10752679407596588 -0.002771632978692651
v 0.0231359601020813 -0.10752679407596588 -0.005744773428887129
v 0.02323276363313198 -0.10769999772310257 0.006269856356084347
v 0.02320682629942894 -0.10760000348091125 0.006263135466724634
v 0.02380741760134697 -0.10769999772310257 0.003284275997430086
v 0.023780837655067444 -0.10760000348091125 0.0032808883115649223
v 0.02380741760134697 -0.10769999772310257 0.003284275997430086
v 0.023780837655067444 -0.10760000348091125 0.0032808883115649223
v 0.024000000208616257 -0.10769999772310257 0.0002500000118743628
v 0.02397320419549942 -0.10760000348091125 0.0002500000118743628
v 0.024000000208616257 -0.10769999772310257 0.0002500000118743628
v 0.02397320419549942 -0.10760000348091125 0.0002500000118743628
v 0.02380741760134697 -0.10769999772310257 -0.0027842759154736996
v 0.023780837655067444 -0.10760000348091125 -0.0027808882296085358
v 0.02380741760134697 -0.10769999772310257 -0.0027842759154736996
v 0.023780837655067444 -0.10760000348091125 -0.0027808882296085358
v 0.02323276363313198 -0.10769999772310257 -0.00576985627412796
v 0.02320682629942894 -0.10760000348091125 -0.005763135384768248
v 0.02336767129600048 -0.10760000348091125 -0.006039089057594538
v 0.023374605923891068 -0.10769999772310257 -0.006013207137584686
v 0.023295821622014046 -0.10760000348091125 -0.006005474831908941
v 0.023311246186494827 -0.10769999772310257 -0.0059835645370185375
v 0.023295821622014046 -0.10760000348091125 -0.006005474831908941
v 0.023311246186494827 -0.10769999772310257 -0.0059835645370185375
v 0.023230429738759995 -0.10760000348091125 -0.005934230051934719
v 0.023253580555319786 -0.10769999772310257 -0.005920736584812403
v 0.023230429738759995 -0.10760000348091125 -0.005934230051934719
v 0.023253580555319786 -0.10769999772310257 -0.005920736584812403
v 0.023200664669275284 -0.10760000348091125 -0.005842220038175583
v 0.023200664669275284 -0.10760000348091125 -0.005842220038175583
v 0.023253580555319786 -0.10769999772310257 -0.005920736584812403
v 0.023227330297231674 -0.10769999772310257 -0.005839597433805466
v 0.023200664669275284 -0.10760000348091125 -0.005842220038175583
v 0.023227330297231674 -0.10769999772310257 -0.005839597433805466
v 0.02320682629942894 -0.10760000348091125 -0.005763135384768248
v 0.02323276363313198 -0.10769999772310257 -0.00576985627412796
v 0.023348724469542503 -0.10752679407596588 -0.006109799724072218
v 0.02336767129600048 -0.10760000348091125 -0.006039089057594538
v 0.023253683000802994 -0.10752679407596588 -0.006065335590392351
v 0.023295821622014046 -0.10760000348091125 -0.006005474831908941
v 0.023253683000802994 -0.10752679407596588 -0.006065335590392351
v 0.023295821622014046 -0.10760000348091125 -0.006005474831908941
v 0.023167185485363007 -0.10752679407596588 -0.005971094127744436
v 0.023167185485363007 -0.10752679407596588 -0.005971094127744436
v 0.023295821622014046 -0.10760000348091125 -0.006005474831908941
v 0.023230429738759995 -0.10760000348091125 -0.005934230051934719
v 0.023167185485363007 -0.10752679407596588 -0.005971094127744436
v 0.023230429738759995 -0.10760000348091125 -0.005934230051934719
v 0.023127811029553413 -0.10752679407596588 -0.005849385168403387
v 0.023127811029553413 -0.10752679407596588 -0.005849385168403387
v 0.023230429738759995 -0.10760000348091125 -0.005934230051934719
v 0.023200664669275284 -0.10760000348091125 -0.005842220038175583
v 0.023127811029553413 -0.10752679407596588 -0.005849385168403387
v 0.023200664669275284 -0.10760000348091125 -0.005842220038175583
v 0.0231359601020813 -0.10752679407596588 -0.005744773428887129
v 0.0231359601020813 -0.10752679407596588 -0.005744773428887129
v 0.023200664669275284 -0.10760000348091125 -0.005842220038175583
v 0.02320682629942894 -0.10760000348091125 -0.005763135384768248
v 0.02332284301519394 -0.10750000178813934 -0.00620639231055975
v 0.023348724469542503 -0.10752679407596588 -0.006109799724072218
v 0.02319611981511116 -0.10750000178813934 -0.006147107109427452
v 0.023253683000802994 -0.10752679407596588 -0.006065335590392351
v 0.02319611981511116 -0.10750000178813934 -0.006147107109427452
v 0.023253683000802994 -0.10752679407596588 -0.006065335590392351
v 0.023080790415406227 -0.10750000178813934 -0.00602145167067647
v 0.023167185485363007 -0.10752679407596588 -0.005971094127744436
v 0.023080790415406227 -0.10750000178813934 -0.00602145167067647
v 0.023167185485363007 -0.10752679407596588 -0.005971094127744436
v 0.023028291761875153 -0.10750000178813934 -0.0058591729030013084
v 0.023127811029553413 -0.10752679407596588 -0.005849385168403387
v 0.023028291761875153 -0.10750000178813934 -0.0058591729030013084
v 0.023127811029553413 -0.10752679407596588 -0.005849385168403387
v 0.023039158433675766 -0.10750000178813934 -0.005719691049307585
v 0.0231359601020813 -0.10752679407596588 -0.005744773428887129
v 0.0272000003606081 -0.10750000178813934 -0.006723983213305473
v 0.027166474610567093 -0.10750000178813934 -0.0068842824548482895
v 0.030271511524915695 -0.10750000178813934 -0.00665927492082119
v 0.027975084260106087 -0.10750000178813934 -0.013222090899944305
v 0.030271511524915695 -0.10750000178813934 0.0071592750027775764
v 0.027158748358488083 -0.10750000178813934 0.007400898728519678
v 0.0272000003606081 -0.10750000178813934 0.00722398329526186
v 0.02332284301519394 -0.10750000178813934 -0.00620639231055975
v 0.02319611981511116 -0.10750000178813934 -0.006147107109427452
v 0.006909274961799383 -0.10750000178813934 -0.030021511018276215
v 0.027043504640460014 -0.10750000178813934 0.007541324477642775
v 0.027975084260106087 -0.10750000178813934 0.013722090050578117
v 0.026878036558628082 -0.10750000178813934 0.0076162973418831825
v -0.006909274961799383 -0.10750000178813934 0.030521512031555176
v -0.013472090475261211 -0.10750000178813934 0.028225084766745567
v 0.023080790415406227 -0.10750000178813934 0.006521451752632856
v 0.031050000339746475 -0.10750000178813934 0.0002500000118743628
v -3.937822290467352e-16 -0.10750000178813934 -0.030799999833106995
v 0.023080790415406227 -0.10750000178813934 -0.00602145167067647
v -0.006909274961799383 -0.10750000178813934 -0.030021511018276215
v 0.023028291761875153 -0.10750000178813934 0.006359172984957695
v -0.01935935765504837 -0.10750000178813934 0.024525867775082588
v -0.024275867268443108 -0.10750000178813934 0.01960935816168785
v 0.027043504640460014 -0.10750000178813934 -0.007041324395686388
v 0.026859987527132034 -0.10750000178813934 -0.007119459565728903
v 0.024275867268443108 -0.10750000178813934 -0.01910935714840889
v 0.026696471497416496 -0.10750000178813934 -0.0071103535592556
v 0.01935935765504837 -0.10750000178813934 -0.024025866761803627
v 0.013472090475261211 -0.10750000178813934 -0.027725083753466606
v -0.027975084260106087 -0.10750000178813934 -0.013222090899944305
v -0.024275867268443108 -0.10750000178813934 -0.01910935714840889
v 0.023028291761875153 -0.10750000178813934 -0.0058591729030013084
v -0.01935935765504837 -0.10750000178813934 -0.024025866761803627
v -0.013472090475261211 -0.10750000178813934 -0.027725083753466606
v 0.026696471497416496 -0.10750000178813934 0.0076103536412119865
v 0.024275867268443108 -0.10750000178813934 0.01960935816168785
v 0.02332284301519394 -0.10750000178813934 0.006706392392516136
v 0.01935935765504837 -0.10750000178813934 0.024525867775082588
v 0.013472090475261211 -0.10750000178813934 0.028225084766745567
v 0.02319611981511116 -0.10750000178813934 0.006647107191383839
v 0.006909274961799383 -0.10750000178813934 0.030521512031555176
v -4.0332320816460765e-16 -0.10750000178813934 0.031300000846385956
v -0.030271511524915695 -0.10750000178813934 -0.00665927492082119
v 0.023039158433675766 -0.10750000178813934 -0.005719691049307585
v -0.031050000339746475 -0.10750000178813934 0.0002500000118743628
v 0.023609023541212082 -0.10750000178813934 -0.0027589902747422457
v 0.023800000548362732 -0.10750000178813934 0.0002500000118743628
v -0.027975084260106087 -0.10750000178813934 0.013722090050578117
v -0.030271511524915695 -0.10750000178813934 0.0071592750027775764
v 0.023039158433675766 -0.10750000178813934 0.006219691131263971
v 0.023609023541212082 -0.10750000178813934 0.0032589903566986322
v -0.019033756107091904 -0.034179020673036575 -0.031525786966085434
v -0.019051246345043182 -0.03412405028939247 -0.03327515721321106
v -0.014744351617991924 -0.047661684453487396 -0.036249998956918716
v -0.019036810845136642 -0.034169431775808334 -0.03152524679899216
v -0.027158694341778755 -0.008640331216156483 0.03674999997019768
v -0.01904808171093464 -0.034133996814489365 -0.03244967386126518
v -0.027158694341778755 -0.008640331216156483 -0.036249998956918716
v -0.019051838666200638 -0.03412218764424324 -0.03337312489748001
v -0.01903676800429821 -0.03416955843567848 0.0320260152220726
v -0.01915692910552025 -0.033791858702898026 0.010176320560276508
v -0.017626866698265076 -0.03860122337937355 0.012692401185631752
v -0.017626866698265076 -0.03860122337937355 0.012692401185631752
v -0.019048072397708893 -0.03413402661681175 0.032950811088085175
v -0.019051838666200638 -0.03412218764424324 0.03387312591075897
v -0.014744351617991924 -0.047661684453487396 0.03674999997019768
v -0.014744351617991924 -0.047661684453487396 0.03674999997019768
v -0.019051838666200638 -0.03412218764424324 0.03387312591075897
v -0.01905117556452751 -0.03412426635622978 0.033775877207517624
v -0.01905117556452751 -0.03412426635622978 0.033775877207517624
v -0.014744351617991924 -0.047661684453487396 0.016001949086785316
v -0.019033916294574738 -0.03417852148413658 0.032026518136262894
v -0.015768449753522873 -0.044442690908908844 0.014976703561842442
v -0.02020420879125595 -0.030499998480081558 0.007820318453013897
v -0.02020420879125595 -0.030499998480081558 -0.007320318836718798
v -0.019071755930781364 -0.03405958041548729 -0.009839000180363655
v -0.014744351617991924 -0.047661684453487396 -0.01550194900482893
v -0.016269979998469353 -0.042866259813308716 -0.013920659199357033
v -0.019033756107091904 -0.034179020673036575 -0.031525786966085434
v -0.016269979998469353 -0.042866259813308716 -0.013920659199357033
v -0.019036810845136642 -0.034169431775808334 -0.03152524679899216
v -0.017626866698265076 -0.03860122337937355 -0.01219240203499794
v 0.027158694341778755 -0.008640331216156483 -0.036249998956918716
v 0.027158694341778755 -0.008640331216156483 0.03674999997019768
v 0.01903688535094261 -0.03416920080780983 -0.031525447964668274
v 0.019048085436224937 -0.03413398191332817 -0.03244955837726593
v 0.019051838666200638 -0.03412218764424324 -0.03337312489748001
v 0.014744351617991924 -0.047661684453487396 -0.036249998956918716
v 0.019034015014767647 -0.03417820855975151 0.0320260226726532
v 0.01905119977891445 -0.03412419185042381 0.033775392919778824
v 0.014744351617991924 -0.047661684453487396 0.03674999997019768
v 0.017626866698265076 -0.03860122337937355 0.012692401185631752
v 0.019036786630749702 -0.034169506281614304 0.0320255346596241
v 0.015768449753522873 -0.044442690908908844 0.014976703561842442
v 0.015768449753522873 -0.044442690908908844 0.014976703561842442
v 0.019036786630749702 -0.034169506281614304 0.0320255346596241
v 0.019034015014767647 -0.03417820855975151 0.0320260226726532
v 0.014744351617991924 -0.047661684453487396 0.016001949086785316
v 0.01905119977891445 -0.03412419185042381 0.033775392919778824
v 0.019051838666200638 -0.03412218764424324 0.03387312591075897
v 0.014744351617991924 -0.047661684453487396 0.03674999997019768
v 0.019051838666200638 -0.03412218764424324 0.03387312591075897
v 0.01904807612299919 -0.03413401171565056 0.03295033052563667
v 0.019033707678318024 -0.03417917713522911 -0.03152600675821304
v 0.01903688535094261 -0.03416920080780983 -0.031525447964668274
v 0.017626866698265076 -0.03860122337937355 -0.01219240203499794
v 0.01915692910552025 -0.033791858702898026 0.010176320560276508
v 0.02020420879125595 -0.030499998480081558 0.007820318453013897
v 0.02020420879125595 -0.030499998480081558 -0.007320318836718798
v 0.019071755930781364 -0.03405958041548729 -0.009839000180363655
v 0.017626866698265076 -0.03860122337937355 -0.01219240203499794
v 0.01905123144388199 -0.03412409499287605 -0.03327536582946777
v 0.014744351617991924 -0.047661684453487396 -0.01550194900482893
v 0.019033707678318024 -0.03417917713522911 -0.03152600675821304
v 0.016269979998469353 -0.042866259813308716 -0.013920659199357033
v -0.014744351617991924 -0.047661684453487396 0.016001949086785316
v -0.011210495606064796 -0.047661684453487396 0.01868487522006035
v -0.014744351617991924 -0.047661684453487396 0.03674999997019768
v -0.005821110215038061 -0.047661684453487396 0.02102581597864628
v 0.014744351617991924 -0.047661684453487396 0.03674999997019768
v -4.0158848468863084e-16 -0.047661684453487396 0.02182590775191784
v 0.005821110215038061 -0.047661684453487396 0.02102581597864628
v 0.011210495606064796 -0.047661684453487396 0.01868487522006035
v 0.014744351617991924 -0.047661684453487396 0.016001949086785316
v 0.014744351617991924 -0.047661684453487396 -0.036249998956918716
v 0.014744351617991924 -0.047661684453487396 -0.01550194900482893
v 0.013616295531392097 -0.047661684453487396 -0.016486674547195435
v 0.008595865219831467 -0.047661684453487396 -0.019539665430784225
v 0.002937918994575739 -0.047661684453487396 -0.0211249478161335
v -0.014744351617991924 -0.047661684453487396 -0.036249998956918716
v -0.002937918994575739 -0.047661684453487396 -0.0211249478161335
v -0.008595865219831467 -0.047661684453487396 -0.019539665430784225
v -0.013616295531392097 -0.047661684453487396 -0.016486674547195435
v -0.014744351617991924 -0.047661684453487396 -0.01550194900482893
v 0.014744351617991924 -0.047661684453487396 -0.036249998956918716
v -0.014744351617991924 -0.047661684453487396 -0.036249998956918716
v 0.027158694341778755 -0.008640331216156483 -0.036249998956918716
v -0.027158694341778755 -0.008640331216156483 -0.036249998956918716
v 0.028128279373049736 0.004588011186569929 -0.036249998956918716
v 0.028423750773072243 -0.0020833504386246204 -0.036249998956918716
v -0.028128279373049736 0.004588011186569929 -0.036249998956918716
v -0.028423750773072243 -0.0020833504386246204 -0.036249998956918716
v -0.006631913129240274 0.027717646211385727 -0.036249998956918716
v -4.119968255444917e-16 0.02850000187754631 -0.036249998956918716
v -0.026288503780961037 0.01100748311728239 -0.036249998956918716
v -0.023005427792668343 0.016822610050439835 -0.036249998956918716
v -0.018459301441907883 0.021714147180318832 -0.036249998956918716
v 0.006631913129240274 0.027717646211385727 -0.036249998956918716
v 0.012899719178676605 0.025413524359464645 -0.036249998956918716
v 0.018459301441907883 0.021714147180318832 -0.036249998956918716
v 0.023005427792668343 0.016822610050439835 -0.036249998956918716
v 0.026288503780961037 0.01100748311728239 -0.036249998956918716
v -0.012899719178676605 0.025413524359464645 -0.036249998956918716
v -0.014744351617991924 -0.047661684453487396 0.03674999997019768
v 0.014744351617991924 -0.047661684453487396 0.03674999997019768
v -0.027158694341778755 -0.008640331216156483 0.03674999997019768
v 0.027158694341778755 -0.008640331216156483 0.03674999997019768
v -0.028423750773072243 -0.0020833504386246204 0.03674999997019768
v 0.028128279373049736 0.004588011186569929 0.03674999997019768
v 0.026288503780961037 0.01100748311728239 0.03674999997019768
v -0.028128279373049736 0.004588011186569929 0.03674999997019768
v 0.028423750773072243 -0.0020833504386246204 0.03674999997019768
v 0.012899719178676605 0.025413524359464645 0.03674999997019768
v 0.006631913129240274 0.027717646211385727 0.03674999997019768
v -4.111294638065033e-16 0.02850000187754631 0.03674999997019768
v -0.006631913129240274 0.027717646211385727 0.03674999997019768
v 0.023005427792668343 0.016822610050439835 0.03674999997019768
v 0.018459301441907883 0.021714147180318832 0.03674999997019768
v -0.012899719178676605 0.025413524359464645 0.03674999997019768
v -0.018459301441907883 0.021714147180318832 0.03674999997019768
v -0.026288503780961037 0.01100748311728239 0.03674999997019768
v -0.023005427792668343 0.016822610050439835 0.03674999997019768
f 1 2 3
f 4 5 6
f 7 8 9
f 10 11 12
f 12 11 13
f 12 13 14
f 15 16 17
f 18 19 20
f 21 22 23
f 24 25 26
f 27 28 29
f 30 31 32
f 33 34 35
f 35 34 36
f 35 36 37
f 38 39 40
f 41 42 43
f 44 45 46
f 47 48 49
f 50 51 52
f 53 54 55
f 56 57 58
f 59 60 61
f 62 63 64
f 65 66 67
f 65 67 68
f 69 70 71
f 69 71 72
f 73 74 75
f 73 75 76
f 77 78 79
f 80 81 82
f 83 84 85
f 62 86 63
f 87 88 89
f 90 91 92
f 93 94 95
f 96 97 98
f 99 100 101
f 102 103 104
f 105 106 107
f 108 109 110
f 108 110 111
f 112 113 114
f 112 114 115
f 116 117 118
f 119 120 121
f 122 123 124
f 125 126 127
f 125 127 128
f 129 130 131
f 129 131 132
f 133 134 135
f 136 137 138
f 139 140 141
f 142 143 144
f 145 146 147
f 148 149 150
f 151 152 153
f 154 155 156
f 154 156 157
f 158 159 160
f 158 160 161
f 162 163 164
f 162 164 165
f 166 167 168
f 169 170 171
f 172 173 174
f 175 176 177
f 46 178 44
f 179 180 181
f 179 181 182
f 183 184 185
f 183 185 186
f 187 188 189
f 190 191 192
f 193 194 195
f 193 195 196
f 197 198 199
f 197 199 200
f 201 202 203
f 201 203 204
f 205 206 207
f 205 207 208
f 209 210 211
f 209 211 212
f 213 214 215
f 213 215 216
f 217 218 219
f 217 219 220
f 221 222 223
f 221 223 224
f 225 226 227
f 225 227 228
f 229 230 231
f 229 231 232
f 233 234 235
f 233 235 236
f 237 238 239
f 237 239 240
f 241 242 243
f 241 243 244
f 245 246 247
f 245 247 248
f 249 250 251
f 249 251 252
f 253 254 255
f 253 255 256
f 257 258 259
f 260 261 262
f 263 264 265
f 266 267 268
f 268 267 269
f 268 269 270
f 270 269 271
f 270 271 272
f 272 271 273
f 272 273 274
f 274 273 275
f 274 275 276
f 275 277 276
f 276 277 278
f 276 278 279
f 279 278 280
f 279 280 281
f 281 280 282
f 281 282 283
f 283 282 284
f 283 284 285
f 284 286 285
f 285 286 287
f 285 287 288
f 288 287 289
f 288 289 290
f 290 289 291
f 290 291 292
f 292 291 293
f 292 293 294
f 294 293 295
f 294 295 296
f 296 295 297
f 296 297 298
f 298 297 299
f 298 299 300
f 300 299 301
f 300 301 302
f 302 301 303
f 302 303 304
f 304 303 305
f 304 305 306
f 306 305 307
f 306 307 308
f 307 309 308
f 308 309 310
f 308 310 311
f 311 310 312
f 311 312 313
f 313 312 314
f 313 314 315
f 315 314 316
f 315 316 266
f 266 316 317
f 266 317 267
f 318 319 320
f 321 322 323
f 321 323 324
f 325 326 327
f 325 327 328
f 329 330 331
f 329 331 332
f 333 334 335
f 333 335 336
f 337 338 339
f 337 339 340
f 341 342 343
f 341 343 344
f 345 346 347
f 345 347 348
f 349 350 351
f 349 351 352
f 353 354 355
f 353 355 356
f 357 358 359
f 357 359 360
f 361 362 363
f 361 363 364
f 365 366 367
f 365 367 368
f 369 370 371
f 369 371 372
f 373 374 375
f 373 375 376
f 377 378 379
f 377 379 380
f 381 382 383
f 381 383 384
f 385 386 387
f 385 387 388
f 389 390 391
f 389 391 392
f 393 394 395
f 393 395 396
f 397 398 399
f 397 399 400
f 401 402 403
f 401 403 404
f 405 406 407
f 405 407 408
f 409 410 411
f 409 411 412
f 413 414 415
f 413 415 416
f 417 418 419
f 417 419 420
f 421 422 423
f 421 423 424
f 425 426 427
f 425 427 428
f 318 429 319
f 430 431 432
f 432 431 433
f 434 435 436
f 437 438 439
f 440 441 442
f 443 444 445
f 446 447 448
f 449 450 451
f 452 453 454
f 455 456 457
f 458 459 460
f 461 462 463
f 464 465 466
f 467 468 469
f 470 471 472
f 473 474 475
f 476 477 478
f 479 480 481
f 482 483 484
f 485 486 487
f 488 489 490
f 491 492 493
f 494 495 496
f 497 498 499
f 500 501 502
f 503 504 505
f 505 504 506
f 507 508 509
f 509 508 510
f 511 512 513
f 513 512 514
f 515 516 517
f 517 516 518
f 519 520 521
f 521 520 522
f 523 524 525
f 525 524 526
f 527 528 529
f 529 528 530
f 531 532 533
f 533 532 534
f 535 536 537
f 537 536 538
f 539 540 541
f 541 540 542
f 543 544 545
f 545 544 546
f 547 548 549
f 549 548 550
f 551 552 553
f 554 555 556
f 557 558 559
f 560 561 562
f 563 564 565
f 566 567 568
f 569 570 571
f 572 573 574
f 575 576 577
f 578 579 580
f 581 582 583
f 584 585 586
f 587 588 589
f 590 591 592
f 593 594 595
f 596 597 598
f 599 600 601
f 602 603 604
f 605 606 607
f 608 609 610
f 611 612 613
f 614 615 616
f 617 618 619
f 620 621 622
f 623 624 625
f 626 627 628
f 629 630 631
f 632 633 634
f 635 636 637
f 638 639 640
f 641 642 643
f 644 645 646
f 647 648 649
f 650 651 652
f 653 654 655
f 656 657 658
f 659 660 661
f 662 663 664
f 665 666 667
f 668 669 670
f 671 672 673
f 674 675 676
f 677 678 679
f 680 681 682
f 683 684 685
f 686 687 688
f 689 690 691
f 692 693 694
f 695 696 697
f 698 699 700
f 701 702 703
f 704 705 706
f 707 708 709
f 710 711 712
f 713 714 715
f 716 717 718
f 719 720 721
f 722 723 724
f 725 726 727
f 728 729 730
f 731 732 733
f 734 735 736
f 737 738 739
f 740 741 742
f 743 744 745
f 746 747 748
f 749 750 751
f 752 753 754
f 755 756 757
f 758 759 760
f 761 762 763
f 764 765 766
f 767 768 769
f 770 771 772
f 773 774 775
f 776 777 778
f 779 780 781
f 781 780 782
f 783 784 785
f 786 787 788
f 788 787 789
f 790 791 792
f 792 791 793
f 794 795 796
f 796 795 797
f 798 799 800
f 800 799 801
f 785 802 783
f 803 804 805
f 806 807 808
f 809 810 811
f 812 813 814
f 815 816 817
f 818 819 820
f 821 822 823
f 824 825 826
f 827 828 829
f 830 831 832
f 833 834 835
f 836 837 838
f 839 840 841
f 842 843 844
f 845 846 847
f 848 849 850
f 851 852 853
f 854 855 856
f 857 858 859
f 860 861 862
f 863 864 865
f 866 867 868
f 869 870 871
f 872 873 874
f 875 876 877
f 878 879 880
f 881 882 883
f 884 885 886
f 887 888 889
f 890 891 892
f 893 894 895
f 896 897 898
f 899 900 901
f 902 903 904
f 905 906 907
f 908 909 910
f 911 912 913
f 914 915 916
f 917 918 919
f 920 921 922
f 923 924 925
f 926 927 928
f 929 930 931
f 932 933 934
f 935 936 937
f 938 939 940
f 941 942 943
f 944 945 946
f 947 948 949
f 950 951 952
f 953 954 955
f 956 957 958
f 959 960 961
f 962 963 964
f 965 966 967
f 968 969 970
f 971 972 973
f 974 975 976
f 977 978 979
f 980 981 982
f 983 984 985
f 986 987 988
f 989 990 991
f 992 993 994
f 995 996 997
f 998 999 1000
f 1001 1002 1003
f 1004 1005 1006
f 1007 1008 1009
f 1010 1011 1012
f 1013 1014 1015
f 1016 1017 1018
f 1019 1020 1021
f 1022 1023 1024
f 1025 1026 1027
f 1028 1029 1030
f 1031 1032 1033
f 1034 1035 1036
f 1037 1038 1039
f 1040 1041 1042
f 1043 1044 1045
f 1046 1047 1048
f 1049 1050 1051
f 1052 1053 1054
f 1055 1056 1057
f 1058 1059 1060
f 1061 1062 1063
f 1064 1065 1066
f 1067 1068 1069
f 1070 1071 1072
f 1073 1074 1075
f 1076 1077 1078
f 1079 1080 1081
f 1082 1083 1084
f 1085 1086 1087
f 1085 1087 1088
f 1089 1090 1091
f 1092 1093 1094
f 1095 1096 1097
f 1098 1099 1100
f 1101 1102 1103
f 1104 1105 1106
f 1107 1108 1109
f 1110 1111 1112
f 1110 1112 1113
f 1114 1115 1116
f 1117 1118 1119
f 1120 1121 1122
f 1123 1124 1125
f 1126 1127 1128
f 1129 1130 1131
f 1132 1133 1134
f 1132 1134 1135
f 1136 1137 1138
f 1139 1140 1141
f 1142 1143 1144
f 1145 1146 1147
f 1148 1149 1150
f 1151 1152 1153
f 1154 1155 1156
f 1157 1158 1159
f 1160 1161 1162
f 1163 1164 1165
f 1166 1167 1168
f 1136 1169 1137
f 1170 1171 1172
f 1173 1174 1175
f 1176 1177 1178
f 1179 1180 1181
f 1182 1183 1184
f 1185 1186 1187
f 1188 1189 1190
f 1191 1192 1193
f 1194 1195 1196
f 1197 1198 1199
f 1200 1201 1202
f 1203 1204 1205
f 1206 1207 1208
f 1209 1210 1211
f 1212 1213 1214
f 1215 1216 1217
f 1218 1219 1220
f 1221 1222 1223
f 1224 1225 1226
f 1227 1228 1229
f 1230 1231 1232
f 1233 1234 1235
f 1236 1237 1238
f 1239 1240 1241
f 1242 1243 1244
f 1245 1246 1247
f 1248 1249 1250
f 1251 1252 1253
f 1254 1255 1256
f 1257 1258 1259
f 1260 1261 1262
f 1263 1264 1265
f 1266 1267 1268
f 1269 1270 1271
f 1272 1273 1274
f 1275 1276 1277
f 1278 1279 1280
f 1281 1282 1283
f 1284 1285 1286
f 1287 1288 1289
f 1290 1291 1292
f 1293 1294 1295
f 1296 1297 1298
f 1299 1300 1301
f 1302 1303 1304
f 1305 1306 1307
f 1308 1309 1310
f 1311 1312 1313
f 1314 1315 1316
f 1317 1318 1319
f 1320 1321 1322
f 1323 1324 1325
f 1326 1327 1328
f 1329 1330 1331
f 1332 1333 1334
f 1335 1336 1337
f 1338 1339 1340
f 1341 1342 1343
f 1344 1345 1346
f 1346 1345 1347
f 1348 1349 1350
f 1351 1352 1353
f 1353 1352 1354
f 1355 1356 1357
f 1357 1356 1358
f 1359 1360 1361
f 1361 1360 1362
f 1350 1363 1348
f 1364 1365 1366
f 1367 1368 1369
f 1370 1371 1372
f 1373 1374 1375
f 1376 1377 1378
f 1379 1380 1381
f 1382 1383 1384
f 1385 1386 1387
f 1388 1389 1390
f 1391 1392 1393
f 1394 1395 1396
f 1397 1398 1399
f 1400 1401 1402
f 1403 1404 1405
f 1406 1407 1408
f 1409 1410 1411
f 1412 1413 1414
f 1415 1416 1417
f 1418 1419 1420
f 1421 1422 1423
f 1424 1425 1426
f 1427 1428 1429
f 1430 1431 1432
f 1433 1434 1435
f 1436 1437 1438
f 1439 1440 1441
f 1442 1443 1444
f 1445 1446 1447
f 1448 1449 1450
f 1451 1452 1453
f 1454 1455 1456
f 1457 1458 1459
f 1460 1461 1462
f 1463 1464 1465
f 1466 1467 1468
f 1469 1470 1471
f 1472 1473 1474
f 1475 1476 1477
f 1478 1479 1480
f 1481 1482 1483
f 1484 1485 1486
f 1487 1488 1489
f 1490 1491 1492
f 1493 1494 1495
f 1496 1497 1498
f 1499 1500 1501
f 1502 1503 1504
f 1505 1506 1507
f 1508 1509 1510
f 1511 1512 1513
f 1514 1515 1516
f 1517 1518 1519
f 1520 1521 1522
f 1523 1524 1525
f 1526 1527 1528
f 1529 1530 1531
f 1532 1533 1534
f 1535 1536 1537
f 1538 1539 1540
f 1541 1542 1543
f 1544 1545 1546
f 1547 1548 1549
f 1549 1548 1550
f 1551 1552 1553
f 1554 1555 1556
f 1557 1558 1559
f 1560 1561 1562
f 1563 1564 1565
f 1566 1567 1568
f 1569 1570 1571
f 1572 1573 1574
f 1575 1576 1577
f 1577 1576 1578
f 1577 1578 1579
f 1579 1578 1580
f 1581 1582 1583
f 1583 1582 1576
f 1583 1576 1584
f 1584 1576 1575
f 1578 1585 1580
f 1580 1585 1586
f 1580 1586 1587
f 1587 1586 1588
f 1587 1588 1589
f 1589 1588 1590
f 1589 1590 1591
f 1591 1590 1592
f 1591 1592 1593
f 1594 1595 1596
f 1596 1595 1597
f 1596 1597 1592
f 1592 1597 1598
f 1592 1598 1593
f 1581 1599 1582
f 1582 1599 1600
f 1582 1600 1601
f 1601 1600 1602
f 1601 1602 1603
f 1594 1596 1604
f 1604 1596 1605
f 1604 1605 1606
f 1603 1602 1605
f 1605 1602 1607
f 1605 1607 1606
f 1608 1609 1610
f 1611 1612 1613
f 1613 1612 1614
f 1615 1616 1617
f 1617 1616 1618
f 1619 1620 1621
f 1621 1620 1622
f 1623 1624 1625
f 1625 1624 1626
f 1627 1628 1629
f 1629 1628 1630
f 1610 1631 1608
f 1632 1633 1634
f 1634 1633 1635
f 1636 1637 1638
f 1639 1640 1641
f 1642 1643 1644
f 1645 1646 1647
f 1648 1649 1650
f 1651 1652 1653
f 1654 1655 1656
f 1657 1658 1659
f 1660 1661 1662
f 1663 1664 1665
f 1666 1667 1668
f 1669 1670 1671
f 1672 1673 1674
f 1675 1676 1677
f 1678 1679 1680
f 1681 1682 1683
f 1684 1685 1686
f 1687 1688 1689
f 1690 1691 1692
f 1693 1694 1695
f 1696 1697 1698
f 1699 1700 1701
f 1702 1703 1704
f 1705 1706 1707
f 1708 1709 1710
f 1711 1712 1713
f 1714 1715 1716
f 1717 1718 1719
f 1720 1721 1722
f 1723 1724 1725
f 1726 1727 1728
f 1729 1730 1731
f 1732 1733 1734
f 1735 1736 1737
f 1738 1739 1740
f 1741 1742 1743
f 1744 1745 1746
f 1747 1748 1749
f 1750 1751 1752
f 1753 1754 1755
f 1756 1757 1758
f 1759 1760 1761
f 1762 1763 1764
f 1765 1766 1767
f 1768 1769 1770
f 1771 1772 1773
f 1774 1775 1776
f 1777 1778 1779
f 1780 1781 1782
f 1783 1784 1785
f 1786 1787 1788
f 1789 1790 1791
f 1792 1793 1794
f 1795 1796 1797
f 1798 1799 1800
f 1801 1802 1803
f 1804 1805 1806
f 1807 1808 1809
f 1810 1811 1812
f 1813 1814 1815
f 1816 1817 1818
f 1819 1820 1821
f 1821 1820 1822
f 1823 1824 1825
f 1825 1824 1826
f 1827 1828 1829
f 1829 1828 1830
f 1831 1832 1833
f 1834 1835 1836
f 1837 1838 1839
f 1840 1841 1842
f 1843 1844 1845
f 1845 1844 1846
f 1847 1848 1849
f 1849 1848 1850
f 1851 1852 1853
f 1853 1852 1854
f 1855 1856 1857
f 1857 1856 1858
f 1859 1860 1861
f 1861 1860 1862
f 1863 1864 1865
f 1865 1864 1866
f 1867 1868 1869
f 1869 1868 1870
f 1871 1872 1873
f 1873 1872 1874
f 1875 1876 1877
f 1877 1876 1878
f 1879 1880 1881
f 1881 1880 1882
f 1883 1884 1885
f 1886 1887 1888
f 1889 1890 1891
f 1892 1893 1894
f 1895 1896 1897
f 1898 1899 1900
f 1901 1902 1903
f 1904 1905 1906
f 1907 1908 1909
f 1910 1911 1912
f 1913 1914 1915
f 1916 1917 1918
f 1919 1920 1921
f 1922 1923 1924
f 1925 1926 1927
f 1927 1926 1928
f 1929 1930 1931
f 1932 1933 1934
f 1935 1936 1937
f 1938 1939 1940
f 1941 1942 1943
f 1944 1945 1946
f 1947 1948 1949
f 1950 1951 1952
f 1922 1924 1953
f 1954 1955 1956
f 1957 1958 1959
f 1960 1961 1962
f 1963 1964 1965
f 1966 1967 1968
f 1969 1970 1971
f 1919 1921 1972
f 1973 1974 1975
f 1973 1975 1976
f 1977 1978 1979
f 1977 1979 1980
f 1981 1982 1983
f 1981 1983 1984
f 1916 1918 1985
f 1986 1987 1988
f 1986 1988 1989
f 1990 1991 1992
f 1990 1992 1993
f 1994 1995 1996
f 1997 1998 1999
f 2000 2001 2002
f 2003 2004 2005
f 2006 2007 2008
f 2009 2010 2011
f 2012 2013 2014
f 2015 2016 2017
f 2018 2019 2020
f 2021 2022 2023
f 2024 2025 2026
f 2026 2025 2027
f 2028 2029 2030
f 2031 2032 2033
f 2034 2035 2036
f 2037 2038 2039
f 2040 2041 2042
f 2043 2044 2045
f 2046 2047 2048
f 2049 2050 2051
f 2052 2053 2054
f 2055 2056 2057
f 2035 2058 2036
f 2059 2055 2057
f 2060 2061 2062
f 2063 2064 2065
f 2066 2067 2068
f 2069 2070 2071
f 2071 2070 2072
f 2073 2074 2075
f 2075 2074 2076
f 2077 2078 2079
f 2079 2078 2080
f 2081 2082 2083
f 2083 2082 2084
f 2085 2086 2087
f 2087 2086 2088
f 2089 2090 2091
f 2091 2090 2092
f 2093 2094 2095
f 2095 2094 2096
f 2097 2098 2099
f 2099 2098 2100
f 2101 2102 2103
f 2104 2105 2106
f 2107 2108 2109
f 2109 2108 2110
f 2111 2112 2113
f 2113 2112 2114
f 2115 2116 2117
f 2118 2119 2120
f 2121 2122 2123
f 2123 2122 2124
f 2125 2126 2127
f 2127 2126 2128
f 2129 2130 2131
f 2131 2130 2132
f 2133 2134 2135
f 2135 2134 2136
f 2137 2138 2139
f 2139 2138 2140
f 2141 2142 2143
f 2143 2142 2144
f 2145 2146 2147
f 2148 2149 2150
f 2151 2152 2153
f 2153 2152 2154
f 2155 2156 2157
f 2157 2156 2158
f 2159 2160 2161
f 2162 2163 2164
f 2165 2166 2167
f 2168 2169 2170
f 2171 2172 2173
f 2174 2175 2176
f 2177 2178 2179
f 2179 2178 2180
f 2181 2182 2183
f 2183 2182 2184
f 2185 2186 2187
f 2187 2186 2188
f 2189 2190 2191
f 2191 2190 2192
f 2193 2194 2195
f 2195 2194 2196
f 2197 2198 2199
f 2200 2201 2202
f 2198 2197 2203
f 2203 2197 2204
f 2203 2204 2205
f 2206 2207 2208
f 2193 2195 2199
f 2199 2195 2209
f 2199 2209 2197
f 2202 2201 2210
f 2210 2201 2211
f 2210 2211 2212
f 2208 2207 2213
f 2213 2207 2214
f 2213 2214 2215
f 2194 2216 2196
f 2196 2216 2217
f 2196 2217 2218
f 2218 2217 2219
f 2218 2219 2220
f 2220 2219 2200
f 2220 2200 2221
f 2221 2200 2202
f 2222 2223 2224
f 2224 2223 2225
f 2224 2225 2211
f 2211 2225 2226
f 2211 2226 2212
f 2205 2204 2227
f 2227 2204 2228
f 2227 2228 2229
f 2228 2230 2229
f 2229 2230 2231
f 2229 2231 2232
f 2232 2231 2233
f 2232 2233 2208
f 2208 2233 2234
f 2208 2234 2206
f 2222 2224 2235
f 2235 2224 2236
f 2235 2236 2237
f 2237 2236 2238
f 2237 2238 2239
f 2215 2240 2213
f 2213 2240 2241
f 2213 2241 2242
f 2242 2241 2237
f 2242 2237 2243
f 2243 2237 2239
f 2244 2245 2246
f 2247 2248 2249
f 2249 2248 2250
f 2249 2250 2251
f 2251 2250 2246
f 2251 2246 2245
f 2252 2253 2254
f 32 2255 30
f 2252 2256 2248
f 2248 2256 2257
f 2248 2257 2258
f 2259 2260 2261
f 2258 2262 2263
f 2263 2262 2264
f 2263 2264 2265
f 2265 2264 2254
f 2253 2252 2266
f 2266 2252 2248
f 2266 2248 2267
f 2267 2248 2247
f 2267 2247 2268
f 2246 2269 2244
f 2244 2269 2270
f 2271 2272 2273
f 2247 2270 2274
f 2247 2274 2268
f 2275 2276 2277
f 2277 2278 2275
f 2275 2278 2279
f 2275 2279 2280
f 2281 2282 2283
f 2284 2285 2286
f 2287 2288 2289
f 2286 2281 2290
f 2290 2281 2283
f 2291 2292 2293
f 2283 2294 2276
f 2276 2294 2295
f 2276 2295 2285
f 2296 2297 2298
f 2284 2299 2285
f 2285 2299 2300
f 2285 2300 2276
f 2276 2300 2301
f 2276 2301 2277
f 2277 2301 2302
f 2277 2302 2303
f 2280 2279 2304
f 2280 2304 2305
f 2305 2304 2306
f 2305 2306 2307
f 2307 2306 2303
f 2308 2309 2310
f 2310 2309 2311
f 2310 2311 2312
f 2312 2311 2313
f 2313 2314 2312
f 2312 2314 2315
f 2312 2315 2316
f 2317 2318 2319
f 2319 2320 2317
f 2317 2320 2321
f 2317 2321 2322
f 2322 2321 2323
f 2323 2324 2322
f 2322 2324 2325
f 2322 2325 2326
f 2327 2328 2329
f 2329 2328 2330
f 2331 2332 2333
f 2333 2332 2329
f 2333 2329 2334
f 2334 2329 2330
f 2335 2336 2333
f 2337 2338 2339
f 2336 2340 2333
f 2333 2340 2341
f 2333 2341 2342
f 2342 2343 2333
f 2333 2343 2344
f 2333 2344 2331
f 2337 2339 2333
f 2333 2339 2345
f 2333 2345 2335
f 2346 2347 2348
f 2348 2347 2349
f 2348 2349 2350
f 2351 2352 2353
f 2350 2349 2353
f 2353 2349 2354
f 2353 2354 2351
f 2355 2356 2353
f 2353 2356 2357
f 2353 2357 2358
f 2352 2359 2353
f 2353 2359 2360
f 2353 2360 2355
f 2358 2361 2353
f 2353 2361 2362
f 2353 2362 2363
f 2363 2362 2364
