v 0.011749999597668648 -0.04105864837765694 -0.02250000089406967
v 0.012606846168637276 -0.04120400920510292 -0.02250000089406967
v 0.011749999597668648 -0.04157770425081253 -0.021837210282683372
v 0.011749999597668648 -0.04157770425081253 -0.021837210282683372
v 0.012606846168637276 -0.04120400920510292 -0.02250000089406967
v 0.012788350693881512 -0.041706204414367676 -0.02197088859975338
v 0.012606846168637276 -0.04120400920510292 -0.02250000089406967
v 0.012792687863111496 -0.04127706214785576 -0.02250000089406967
v 0.012788350693881512 -0.041706204414367676 -0.02197088859975338
v 0.012788350693881512 -0.041706204414367676 -0.02197088859975338
v 0.012792687863111496 -0.04127706214785576 -0.02250000089406967
v 0.013370407745242119 -0.041625894606113434 -0.02250000089406967
v 0.012788350693881512 -0.041706204414367676 -0.02197088859975338
v 0.013370407745242119 -0.041625894606113434 -0.02250000089406967
v 0.013871320523321629 -0.042186636477708817 -0.02247067727148533
v 0.013871320523321629 -0.042186636477708817 -0.02247067727148533
v 0.013370407745242119 -0.041625894606113434 -0.02250000089406967
v 0.013911230489611626 -0.04221482202410698 -0.02250000089406967
v -0.024249998852610588 -0.04105864837765694 -0.02250000089406967
v 0.011749999597668648 -0.04105864837765694 -0.02250000089406967
v -0.024249998852610588 -0.04116976261138916 -0.022322198376059532
v -0.024249998852610588 -0.04116976261138916 -0.022322198376059532
v 0.011749999597668648 -0.04105864837765694 -0.02250000089406967
v 0.011749999597668648 -0.04157770425081253 -0.021837210282683372
v -0.024249998852610588 -0.04116976261138916 -0.022322198376059532
v 0.011749999597668648 -0.04157770425081253 -0.021837210282683372
v -0.024249998852610588 -0.04157770425081253 -0.021837210282683372
v -0.024358564987778664 -0.04105182737112045 -0.02250000089406967
v -0.024249998852610588 -0.04105864837765694 -0.02250000089406967
v -0.024249998852610588 -0.04116976261138916 -0.022322198376059532
v -0.02525000087916851 -0.04088469594717026 -0.02111627906560898
v -0.02525000087916851 -0.04034077748656273 -0.02176293171942234
v -0.02518819086253643 -0.040627703070640564 -0.02195650339126587
v -0.02518819086253643 -0.041124556213617325 -0.021365806460380554
v -0.02518819086253643 -0.041124556213617325 -0.021365806460380554
v -0.02518819086253643 -0.040627703070640564 -0.02195650339126587
v -0.02495710738003254 -0.04092695936560631 -0.022158393636345863
v -0.02495710738003254 -0.041374724358320236 -0.021626055240631104
v -0.02495710738003254 -0.041374724358320236 -0.021626055240631104
v -0.02495710738003254 -0.04092695936560631 -0.022158393636345863
v -0.024596115574240685 -0.041118524968624115 -0.022287631407380104
v -0.024596115574240685 -0.041534870862960815 -0.02179265022277832
v -0.024358564987778664 -0.04105182737112045 -0.02250000089406967
v -0.024249998852610588 -0.04116976261138916 -0.022322198376059532
v -0.024693259969353676 -0.04093967378139496 -0.02250000089406967
v -0.024249998852610588 -0.04157770425081253 -0.021837210282683372
v -0.024596115574240685 -0.041534870862960815 -0.02179265022277832
v -0.024249998852610588 -0.04116976261138916 -0.022322198376059532
v -0.024596115574240685 -0.041118524968624115 -0.022287631407380104
v -0.024249998852610588 -0.04116976261138916 -0.022322198376059532
v -0.024596115574240685 -0.041118524968624115 -0.022287631407380104
v -0.024693259969353676 -0.04093967378139496 -0.02250000089406967
v -0.024693259969353676 -0.04093967378139496 -0.02250000089406967
v -0.024596115574240685 -0.041118524968624115 -0.022287631407380104
v -0.02495710738003254 -0.04092695936560631 -0.022158393636345863
v -0.024693259969353676 -0.04093967378139496 -0.02250000089406967
v -0.02495710738003254 -0.04092695936560631 -0.022158393636345863
v -0.02499045617878437 -0.04068605601787567 -0.02250000089406967
v -0.02499045617878437 -0.04068605601787567 -0.02250000089406967
v -0.02495710738003254 -0.04092695936560631 -0.022158393636345863
v -0.02518819086253643 -0.040627703070640564 -0.02195650339126587
v -0.02499045617878437 -0.04068605601787567 -0.02250000089406967
v -0.02518819086253643 -0.040627703070640564 -0.02195650339126587
v -0.025183191522955894 -0.04033947363495827 -0.02250000089406967
v -0.025183191522955894 -0.04033947363495827 -0.02250000089406967
v -0.02518819086253643 -0.040627703070640564 -0.02195650339126587
v -0.02525000087916851 -0.04034077748656273 -0.02176293171942234
v -0.025183191522955894 -0.04033947363495827 -0.02250000089406967
v -0.02525000087916851 -0.04034077748656273 -0.02176293171942234
v -0.02525000087916851 -0.039948489516973495 -0.02250000089406967
v -0.025229668244719505 -0.03673451766371727 -0.02250000089406967
v -0.02518819086253643 -0.03688614070415497 -0.022278504446148872
v -0.025184309110045433 -0.03630180284380913 -0.02250000089406967
v -0.025116024538874626 -0.043156951665878296 -0.01250000111758709
v -0.02495710738003254 -0.042949844151735306 -0.01250000111758709
v -0.02495710738003254 -0.04280266910791397 -0.014234369620680809
v -0.02474999986588955 -0.04279092699289322 -0.01250000111758709
v -0.024596115574240685 -0.042718760669231415 -0.01250000111758709
v -0.024596115574240685 -0.042574889957904816 -0.014195432886481285
v -0.024596115574240685 -0.042574889957904816 -0.014195432886481285
v -0.024596115574240685 -0.042718760669231415 -0.01250000111758709
v -0.024249998852610588 -0.042656950652599335 -0.01250000111758709
v -0.02525000087916851 -0.0434996671974659 -0.014353519305586815
v -0.02525000087916851 -0.04365695267915726 -0.01250000111758709
v -0.02518819086253643 -0.04331083223223686 -0.01250000111758709
v -0.025229668244719505 -0.03673451766371727 -0.02250000089406967
v -0.02525000087916851 -0.037239618599414825 -0.02250000089406967
v -0.02518819086253643 -0.03688614070415497 -0.022278504446148872
v -0.02518819086253643 -0.03688614070415497 -0.022278504446148872
v -0.02525000087916851 -0.037239618599414825 -0.02250000089406967
v -0.02525000087916851 -0.039371002465486526 -0.021213294938206673
v -0.02518819086253643 -0.03688614070415497 -0.022278504446148872
v -0.02525000087916851 -0.039371002465486526 -0.021213294938206673
v -0.02518819086253643 -0.03915974497795105 -0.02093913033604622
v -0.02518819086253643 -0.03915974497795105 -0.02093913033604622
v -0.02525000087916851 -0.039371002465486526 -0.021213294938206673
v -0.02525000087916851 -0.04130658134818077 -0.01929587498307228
v -0.02518819086253643 -0.04103441908955574 -0.019082041457295418
v -0.02518819086253643 -0.04103441908955574 -0.019082041457295418
v -0.02525000087916851 -0.04130658134818077 -0.01929587498307228
v -0.02525000087916851 -0.0427115336060524 -0.01696154661476612
v -0.02518819086253643 -0.04239516332745552 -0.01682116463780403
v -0.02518819086253643 -0.04239516332745552 -0.01682116463780403
v -0.02525000087916851 -0.0427115336060524 -0.01696154661476612
v -0.02525000087916851 -0.0434996671974659 -0.014353519305586815
v -0.02518819086253643 -0.04315849766135216 -0.014295198023319244
v -0.02518819086253643 -0.04315849766135216 -0.014295198023319244
v -0.024256030097603798 -0.03267601877450943 -0.02250000089406967
v -0.024649975821375847 -0.03395172953605652 -0.02250000089406967
v -0.024596115574240685 -0.03425883501768112 -0.022433478385210037
v -0.024596115574240685 -0.03425883501768112 -0.022433478385210037
v -0.024649975821375847 -0.03395172953605652 -0.02250000089406967
v -0.02474191226065159 -0.034270599484443665 -0.02250000089406967
v -0.024596115574240685 -0.03425883501768112 -0.022433478385210037
v -0.02474191226065159 -0.034270599484443665 -0.02250000089406967
v -0.024596115574240685 -0.036651112139225006 -0.02173507958650589
v -0.024249998852610588 -0.0326569490134716 -0.02250000089406967
v -0.024256030097603798 -0.03267601877450943 -0.02250000089406967
v -0.024249998852610588 -0.034248992800712585 -0.02237245813012123
v -0.024249998852610588 -0.034248992800712585 -0.02237245813012123
v -0.024256030097603798 -0.03267601877450943 -0.02250000089406967
v -0.024596115574240685 -0.03425883501768112 -0.022433478385210037
v -0.024249998852610588 -0.034248992800712585 -0.02237245813012123
v -0.024596115574240685 -0.03425883501768112 -0.022433478385210037
v -0.024249998852610588 -0.035747118294239044 -0.022010566666722298
v -0.024249998852610588 -0.035747118294239044 -0.022010566666722298
v -0.024596115574240685 -0.03425883501768112 -0.022433478385210037
v -0.024596115574240685 -0.036651112139225006 -0.02173507958650589
v -0.024249998852610588 -0.035747118294239044 -0.022010566666722298
v -0.024596115574240685 -0.036651112139225006 -0.02173507958650589
v -0.024249998852610588 -0.03662657365202904 -0.021678349003195763
v -0.024249998852610588 -0.03662657365202904 -0.021678349003195763
v -0.024596115574240685 -0.036651112139225006 -0.02173507958650589
v -0.024249998852610588 -0.038534801453351974 -0.020590171217918396
v -0.024249998852610588 -0.038534801453351974 -0.020590171217918396
v -0.024596115574240685 -0.036651112139225006 -0.02173507958650589
v -0.024596115574240685 -0.03879835829138756 -0.020470136776566505
v -0.024249998852610588 -0.038534801453351974 -0.020590171217918396
v -0.024596115574240685 -0.03879835829138756 -0.020470136776566505
v -0.024249998852610588 -0.038760632276535034 -0.02042117714881897
v -0.024249998852610588 -0.038760632276535034 -0.02042117714881897
v -0.024596115574240685 -0.03879835829138756 -0.020470136776566505
v -0.024596115574240685 -0.04056885093450546 -0.018716253340244293
v -0.024249998852610588 -0.04052025079727173 -0.01867806725203991
v -0.024249998852610588 -0.04251396656036377 -0.014185016974806786
v -0.024596115574240685 -0.042574889957904816 -0.014195432886481285
v -0.024249998852610588 -0.04251396656036377 -0.014185016974806786
v -0.024249998852610588 -0.04216751456260681 -0.01559017039835453
v -0.024596115574240685 -0.042574889957904816 -0.014195432886481285
v -0.024249998852610588 -0.04216751456260681 -0.01559017039835453
v -0.024596115574240685 -0.041853975504636765 -0.01658102124929428
v -0.024596115574240685 -0.041853975504636765 -0.01658102124929428
v -0.024249998852610588 -0.04216751456260681 -0.01559017039835453
v -0.024249998852610588 -0.04179747775197029 -0.01655595190823078
v -0.024596115574240685 -0.041853975504636765 -0.01658102124929428
v -0.024249998852610588 -0.04179747775197029 -0.01655595190823078
v -0.024596115574240685 -0.04056885093450546 -0.018716253340244293
v -0.024596115574240685 -0.04056885093450546 -0.018716253340244293
v -0.024249998852610588 -0.04179747775197029 -0.01655595190823078
v -0.024249998852610588 -0.04074712097644806 -0.01837785355746746
v -0.024596115574240685 -0.04056885093450546 -0.018716253340244293
v -0.024249998852610588 -0.04074712097644806 -0.01837785355746746
v -0.024249998852610588 -0.04052025079727173 -0.01867806725203991
v -0.02518819086253643 -0.04331083223223686 -0.01250000111758709
v -0.025116024538874626 -0.043156951665878296 -0.01250000111758709
v -0.02518819086253643 -0.04315849766135216 -0.014295198023319244
v -0.02518819086253643 -0.04315849766135216 -0.014295198023319244
v -0.025116024538874626 -0.043156951665878296 -0.01250000111758709
v -0.02495710738003254 -0.04280266910791397 -0.014234369620680809
v -0.02518819086253643 -0.04315849766135216 -0.014295198023319244
v -0.02495710738003254 -0.04280266910791397 -0.014234369620680809
v -0.02518819086253643 -0.04239516332745552 -0.01682116463780403
v -0.02495710738003254 -0.042065199464559555 -0.016674747690558434
v -0.02518819086253643 -0.04239516332745552 -0.01682116463780403
v -0.02495710738003254 -0.042065199464559555 -0.016674747690558434
v -0.02518819086253643 -0.04103441908955574 -0.019082041457295418
v -0.02495710738003254 -0.04075055941939354 -0.0188590195029974
v -0.02518819086253643 -0.04103441908955574 -0.019082041457295418
v -0.02495710738003254 -0.04075055941939354 -0.0188590195029974
v -0.02518819086253643 -0.03915974497795105 -0.02093913033604622
v -0.02495710738003254 -0.03893940523266792 -0.02065318450331688
v -0.02518819086253643 -0.03915974497795105 -0.02093913033604622
v -0.02495710738003254 -0.03893940523266792 -0.02065318450331688
v -0.02518819086253643 -0.03688614070415497 -0.022278504446148872
v -0.02495710738003254 -0.03674284368753433 -0.02194717712700367
v -0.02518819086253643 -0.03688614070415497 -0.022278504446148872
v -0.02495710738003254 -0.03674284368753433 -0.02194717712700367
v -0.025184309110045433 -0.03630180284380913 -0.02250000089406967
v -0.025184309110045433 -0.03630180284380913 -0.02250000089406967
v -0.02495710738003254 -0.03674284368753433 -0.02194717712700367
v -0.024990642443299294 -0.03523952513933182 -0.02250000089406967
v -0.02495710738003254 -0.042949844151735306 -0.01250000111758709
v -0.02474999986588955 -0.04279092699289322 -0.01250000111758709
v -0.02495710738003254 -0.04280266910791397 -0.014234369620680809
v -0.02495710738003254 -0.04280266910791397 -0.014234369620680809
v -0.02474999986588955 -0.04279092699289322 -0.01250000111758709
v -0.024596115574240685 -0.042574889957904816 -0.014195432886481285
v -0.02495710738003254 -0.04280266910791397 -0.014234369620680809
v -0.024596115574240685 -0.042574889957904816 -0.014195432886481285
v -0.02495710738003254 -0.042065199464559555 -0.016674747690558434
v -0.024596115574240685 -0.041853975504636765 -0.01658102124929428
v -0.02495710738003254 -0.042065199464559555 -0.016674747690558434
v -0.024596115574240685 -0.041853975504636765 -0.01658102124929428
v -0.02495710738003254 -0.04075055941939354 -0.0188590195029974
v -0.024596115574240685 -0.04056885093450546 -0.018716253340244293
v -0.02495710738003254 -0.04075055941939354 -0.0188590195029974
v -0.024596115574240685 -0.04056885093450546 -0.018716253340244293
v -0.02495710738003254 -0.03893940523266792 -0.02065318450331688
v -0.024596115574240685 -0.03879835829138756 -0.020470136776566505
v -0.02495710738003254 -0.03893940523266792 -0.02065318450331688
v -0.024596115574240685 -0.03879835829138756 -0.020470136776566505
v -0.02495710738003254 -0.03674284368753433 -0.02194717712700367
v -0.024596115574240685 -0.036651112139225006 -0.02173507958650589
v -0.02495710738003254 -0.03674284368753433 -0.02194717712700367
v -0.024596115574240685 -0.036651112139225006 -0.02173507958650589
v -0.024990642443299294 -0.03523952513933182 -0.02250000089406967
v -0.024990642443299294 -0.03523952513933182 -0.02250000089406967
v -0.024596115574240685 -0.036651112139225006 -0.02173507958650589
v -0.02474191226065159 -0.034270599484443665 -0.02250000089406967
v 0.02509336732327938 -0.03573384881019592 -0.02250000089406967
v 0.024990644305944443 -0.03523952513933182 -0.02250000089406967
v 0.02495710738003254 -0.03674284368753433 -0.02194717712700367
v 0.024256030097603798 -0.03267601877450943 -0.02250000089406967
v 0.024250000715255737 -0.0326569490134716 -0.02250000089406967
v 0.024250000715255737 -0.034248992800712585 -0.02237245813012123
v 0.02495710738003254 -0.042949844151735306 -0.01250000111758709
v 0.025116024538874626 -0.043156951665878296 -0.01250000111758709
v 0.02518819086253643 -0.04315849766135216 -0.014295198023319244
v 0.02518819086253643 -0.04315849766135216 -0.014295198023319244
v 0.025116024538874626 -0.043156951665878296 -0.01250000111758709
v 0.02518819086253643 -0.04331083223223686 -0.01250000111758709
v 0.02518819086253643 -0.04315849766135216 -0.014295198023319244
v 0.02518819086253643 -0.04331083223223686 -0.01250000111758709
v 0.02525000087916851 -0.04365695267915726 -0.01250000111758709
v 0.024596117436885834 -0.042718760669231415 -0.01250000111758709
v 0.02474999986588955 -0.04279092699289322 -0.01250000111758709
v 0.02495710738003254 -0.04280266910791397 -0.014234369620680809
v 0.024250000715255737 -0.04251396656036377 -0.014185016974806786
v 0.024250000715255737 -0.042656950652599335 -0.01250000111758709
v 0.024596117436885834 -0.042718760669231415 -0.01250000111758709
v 0.024250000715255737 -0.04251396656036377 -0.014185016974806786
v 0.024596117436885834 -0.042574889957904816 -0.014195432886481285
v 0.024250000715255737 -0.04216751456260681 -0.01559017039835453
v 0.024250000715255737 -0.04216751456260681 -0.01559017039835453
v 0.024596117436885834 -0.042574889957904816 -0.014195432886481285
v 0.024596117436885834 -0.041853975504636765 -0.01658102124929428
v 0.024250000715255737 -0.04216751456260681 -0.01559017039835453
v 0.024596117436885834 -0.041853975504636765 -0.01658102124929428
v 0.024250000715255737 -0.04179747775197029 -0.01655595190823078
v 0.024250000715255737 -0.04179747775197029 -0.01655595190823078
v 0.024596117436885834 -0.041853975504636765 -0.01658102124929428
v 0.024250000715255737 -0.04074712097644806 -0.01837785355746746
v 0.024250000715255737 -0.04074712097644806 -0.01837785355746746
v 0.024596117436885834 -0.041853975504636765 -0.01658102124929428
v 0.024596117436885834 -0.04056885093450546 -0.018716253340244293
v 0.024250000715255737 -0.04074712097644806 -0.01837785355746746
v 0.024596117436885834 -0.04056885093450546 -0.018716253340244293
v 0.024250000715255737 -0.04052025079727173 -0.01867806725203991
v 0.024250000715255737 -0.04052025079727173 -0.01867806725203991
v 0.024596117436885834 -0.04056885093450546 -0.018716253340244293
v 0.024596117436885834 -0.03879835829138756 -0.020470136776566505
v 0.024250000715255737 -0.038760632276535034 -0.02042117714881897
v 0.024250000715255737 -0.038760632276535034 -0.02042117714881897
v 0.024596117436885834 -0.03879835829138756 -0.020470136776566505
v 0.024596117436885834 -0.036651112139225006 -0.02173507958650589
v 0.024250000715255737 -0.03662657365202904 -0.021678349003195763
v 0.024649975821375847 -0.03395172953605652 -0.02250000089406967
v 0.024256030097603798 -0.03267601877450943 -0.02250000089406967
v 0.024596117436885834 -0.03425883501768112 -0.022433478385210037
v 0.024596117436885834 -0.03425883501768112 -0.022433478385210037
v 0.024256030097603798 -0.03267601877450943 -0.02250000089406967
v 0.024250000715255737 -0.034248992800712585 -0.02237245813012123
v 0.024596117436885834 -0.03425883501768112 -0.022433478385210037
v 0.024250000715255737 -0.034248992800712585 -0.02237245813012123
v 0.024596117436885834 -0.036651112139225006 -0.02173507958650589
v 0.024596117436885834 -0.036651112139225006 -0.02173507958650589
v 0.024250000715255737 -0.034248992800712585 -0.02237245813012123
v 0.024250000715255737 -0.035747118294239044 -0.022010566666722298
v 0.024596117436885834 -0.036651112139225006 -0.02173507958650589
v 0.024250000715255737 -0.035747118294239044 -0.022010566666722298
v 0.024250000715255737 -0.03662657365202904 -0.021678349003195763
v 0.02509336732327938 -0.03573384881019592 -0.02250000089406967
v 0.02495710738003254 -0.03674284368753433 -0.02194717712700367
v 0.02518279291689396 -0.036290243268013 -0.02250000089406967
v 0.02525000087916851 -0.0434996671974659 -0.014353519305586815
v 0.02518819086253643 -0.04315849766135216 -0.014295198023319244
v 0.02525000087916851 -0.0434996671974659 -0.014353519305586815
v 0.02525000087916851 -0.0427115336060524 -0.01696154661476612
v 0.02518819086253643 -0.04239516332745552 -0.01682116463780403
v 0.02518819086253643 -0.04239516332745552 -0.01682116463780403
v 0.02525000087916851 -0.0427115336060524 -0.01696154661476612
v 0.02525000087916851 -0.04130658134818077 -0.01929587498307228
v 0.02518819086253643 -0.04103441908955574 -0.019082041457295418
v 0.02518819086253643 -0.04103441908955574 -0.019082041457295418
v 0.02525000087916851 -0.04130658134818077 -0.01929587498307228
v 0.02525000087916851 -0.039371002465486526 -0.021213294938206673
v 0.02518819086253643 -0.03915974497795105 -0.02093913033604622
v 0.02518819086253643 -0.03915974497795105 -0.02093913033604622
v 0.02525000087916851 -0.039371002465486526 -0.021213294938206673
v 0.02525000087916851 -0.037239618599414825 -0.02250000089406967
v 0.02518819086253643 -0.03915974497795105 -0.02093913033604622
v 0.02525000087916851 -0.037239618599414825 -0.02250000089406967
v 0.02518819086253643 -0.03688614070415497 -0.022278504446148872
v 0.024596117436885834 -0.042574889957904816 -0.014195432886481285
v 0.024596117436885834 -0.042574889957904816 -0.014195432886481285
v 0.024596117436885834 -0.042718760669231415 -0.01250000111758709
v 0.02495710738003254 -0.04280266910791397 -0.014234369620680809
v 0.024596117436885834 -0.042574889957904816 -0.014195432886481285
v 0.02495710738003254 -0.04280266910791397 -0.014234369620680809
v 0.024596117436885834 -0.041853975504636765 -0.01658102124929428
v 0.02495710738003254 -0.042065199464559555 -0.016674747690558434
v 0.024596117436885834 -0.041853975504636765 -0.01658102124929428
v 0.02495710738003254 -0.042065199464559555 -0.016674747690558434
v 0.024596117436885834 -0.04056885093450546 -0.018716253340244293
v 0.02495710738003254 -0.04075055941939354 -0.0188590195029974
v 0.024596117436885834 -0.04056885093450546 -0.018716253340244293
v 0.02495710738003254 -0.04075055941939354 -0.0188590195029974
v 0.024596117436885834 -0.03879835829138756 -0.020470136776566505
v 0.02495710738003254 -0.03893940523266792 -0.02065318450331688
v 0.024596117436885834 -0.03879835829138756 -0.020470136776566505
v 0.02495710738003254 -0.03893940523266792 -0.02065318450331688
v 0.024596117436885834 -0.036651112139225006 -0.02173507958650589
v 0.02495710738003254 -0.03674284368753433 -0.02194717712700367
v 0.024596117436885834 -0.036651112139225006 -0.02173507958650589
v 0.02495710738003254 -0.03674284368753433 -0.02194717712700367
v 0.024596117436885834 -0.03425883501768112 -0.022433478385210037
v 0.024596117436885834 -0.03425883501768112 -0.022433478385210037
v 0.02495710738003254 -0.03674284368753433 -0.02194717712700367
v 0.024990644305944443 -0.03523952513933182 -0.02250000089406967
v 0.024596117436885834 -0.03425883501768112 -0.022433478385210037
v 0.024990644305944443 -0.03523952513933182 -0.02250000089406967
v 0.024649975821375847 -0.03395172953605652 -0.02250000089406967
v 0.02474999986588955 -0.04279092699289322 -0.01250000111758709
v 0.02495710738003254 -0.042949844151735306 -0.01250000111758709
v 0.02495710738003254 -0.04280266910791397 -0.014234369620680809
v 0.02495710738003254 -0.04280266910791397 -0.014234369620680809
v 0.02495710738003254 -0.042949844151735306 -0.01250000111758709
v 0.02518819086253643 -0.04315849766135216 -0.014295198023319244
v 0.02495710738003254 -0.04280266910791397 -0.014234369620680809
v 0.02518819086253643 -0.04315849766135216 -0.014295198023319244
v 0.02495710738003254 -0.042065199464559555 -0.016674747690558434
v 0.02518819086253643 -0.04239516332745552 -0.01682116463780403
v 0.02495710738003254 -0.042065199464559555 -0.016674747690558434
v 0.02518819086253643 -0.04239516332745552 -0.01682116463780403
v 0.02495710738003254 -0.04075055941939354 -0.0188590195029974
v 0.02518819086253643 -0.04103441908955574 -0.019082041457295418
v 0.02495710738003254 -0.04075055941939354 -0.0188590195029974
v 0.02518819086253643 -0.04103441908955574 -0.019082041457295418
v 0.02495710738003254 -0.03893940523266792 -0.02065318450331688
v 0.02518819086253643 -0.03915974497795105 -0.02093913033604622
v 0.02495710738003254 -0.03893940523266792 -0.02065318450331688
v 0.02518819086253643 -0.03915974497795105 -0.02093913033604622
v 0.02495710738003254 -0.03674284368753433 -0.02194717712700367
v 0.02518819086253643 -0.03688614070415497 -0.022278504446148872
v 0.02495710738003254 -0.03674284368753433 -0.02194717712700367
v 0.02518819086253643 -0.03688614070415497 -0.022278504446148872
v 0.02518279291689396 -0.036290243268013 -0.02250000089406967
v 0.02518279291689396 -0.036290243268013 -0.02250000089406967
v 0.02518819086253643 -0.03688614070415497 -0.022278504446148872
v 0.02525000087916851 -0.037239618599414825 -0.02250000089406967
v 0.013911230489611626 -0.04221482202410698 -0.02250000089406967
v 0.014079202897846699 -0.04248746484518051 -0.02250000089406967
v 0.013871320523321629 -0.04376930743455887 -0.020754214376211166
v 0.013871320523321629 -0.04376930743455887 -0.020754214376211166
v 0.014079202897846699 -0.04248746484518051 -0.02250000089406967
v 0.014564573764801025 -0.044608261436223984 -0.02143903449177742
v 0.013911230489611626 -0.04221482202410698 -0.02250000089406967
v 0.013871320523321629 -0.04376930743455887 -0.020754214376211166
v 0.013871320523321629 -0.042186636477708817 -0.02247067727148533
v 0.013871320523321629 -0.042186636477708817 -0.02247067727148533
v 0.013871320523321629 -0.04376930743455887 -0.020754214376211166
v 0.012788350693881512 -0.043232258409261703 -0.020315831527113914
v 0.012788350693881512 -0.041706204414367676 -0.02197088859975338
v 0.012788350693881512 -0.044548194855451584 -0.018489258363842964
v 0.011749999597668648 -0.04439149051904678 -0.018390130251646042
v 0.011749999597668648 -0.04308861121535301 -0.020198576152324677
v 0.011749999597668648 -0.04157770425081253 -0.021837210282683372
v 0.012788350693881512 -0.041706204414367676 -0.02197088859975338
v 0.011749999597668648 -0.04308861121535301 -0.020198576152324677
v 0.012788350693881512 -0.043232258409261703 -0.020315831527113914
v 0.012788350693881512 -0.043232258409261703 -0.020315831527113914
v 0.012788350693881512 -0.044548194855451584 -0.018489258363842964
v 0.012788350693881512 -0.043232258409261703 -0.020315831527113914
v 0.013871320523321629 -0.04376930743455887 -0.020754214376211166
v 0.013871320523321629 -0.04513406753540039 -0.018859872594475746
v 0.014564573764801025 -0.044608261436223984 -0.02143903449177742
v 0.014750000089406967 -0.04541264846920967 -0.02209564298391342
v 0.014750000089406967 -0.04692680388689041 -0.019993934780359268
v 0.014750000089406967 -0.04692680388689041 -0.019993934780359268
v 0.014639277942478657 -0.04624437168240547 -0.019562238827347755
v 0.014564573764801025 -0.044608261436223984 -0.02143903449177742
v 0.014564573764801025 -0.044608261436223984 -0.02143903449177742
v 0.014639277942478657 -0.04624437168240547 -0.019562238827347755
v 0.014564573764801025 -0.04604928940534592 -0.019438831135630608
v 0.014564573764801025 -0.044608261436223984 -0.02143903449177742
v 0.014564573764801025 -0.04604928940534592 -0.019438831135630608
v 0.013871320523321629 -0.04376930743455887 -0.020754214376211166
v 0.013871320523321629 -0.04376930743455887 -0.020754214376211166
v 0.014564573764801025 -0.04604928940534592 -0.019438831135630608
v 0.014019795693457127 -0.04526901617646217 -0.01894523948431015
v 0.013871320523321629 -0.04376930743455887 -0.020754214376211166
v 0.014019795693457127 -0.04526901617646217 -0.01894523948431015
v 0.013871320523321629 -0.04513406753540039 -0.018859872594475746
v 0.014750000089406967 -0.045074574649333954 -0.02250000089406967
v 0.014750000089406967 -0.04541264846920967 -0.02209564298391342
v 0.014603541232645512 -0.04383331537246704 -0.02250000089406967
v 0.014603541232645512 -0.04383331537246704 -0.02250000089406967
v 0.014750000089406967 -0.04541264846920967 -0.02209564298391342
v 0.014564573764801025 -0.044608261436223984 -0.02143903449177742
v 0.014603541232645512 -0.04383331537246704 -0.02250000089406967
v 0.014564573764801025 -0.044608261436223984 -0.02143903449177742
v 0.014535101130604744 -0.04357423260807991 -0.02250000089406967
v 0.014535101130604744 -0.04357423260807991 -0.02250000089406967
v 0.014564573764801025 -0.044608261436223984 -0.02143903449177742
v 0.014079202897846699 -0.04248746484518051 -0.02250000089406967
v 0.014750000089406967 -0.047514695674180984 -0.02070523425936699
v 0.014750000089406967 -0.04692680388689041 -0.019993934780359268
v 0.014750000089406967 -0.04541264846920967 -0.02209564298391342
v 0.014750000089406967 -0.04784524440765381 -0.02125205285847187
v 0.014750000089406967 -0.0479864664375782 -0.02187521383166313
v 0.014750000089406967 -0.04792685806751251 -0.02250000089406967
v 0.014750000089406967 -0.045074574649333954 -0.02250000089406967
v 0.013871320523321629 -0.04981263726949692 -0.020458735525608063
v 0.013856343924999237 -0.04914282634854317 -0.01932230032980442
v 0.01454998180270195 -0.04833560809493065 -0.02000795118510723
v 0.01457218173891306 -0.048966143280267715 -0.02250000089406967
v 0.014528796076774597 -0.04908079281449318 -0.02250000089406967
v 0.014521638862788677 -0.04913228005170822 -0.021803582087159157
v 0.012948579154908657 -0.049634549766778946 -0.01895303837954998
v 0.012948958203196526 -0.049610648304224014 -0.018924931064248085
v 0.013856343924999237 -0.04914282634854317 -0.01932230032980442
v 0.011749999597668648 -0.05098062381148338 -0.021688031032681465
v 0.011749999597668648 -0.050627559423446655 -0.020130131393671036
v 0.012898050248622894 -0.0504157692193985 -0.020215533673763275
v 0.012898050248622894 -0.0504157692193985 -0.020215533673763275
v 0.011749999597668648 -0.050627559423446655 -0.020130131393671036
v 0.011749999597668648 -0.05057826638221741 -0.020012248307466507
v 0.012898050248622894 -0.0504157692193985 -0.020215533673763275
v 0.011749999597668648 -0.05057826638221741 -0.020012248307466507
v 0.012107064947485924 -0.050533995032310486 -0.019964655861258507
v 0.012107064947485924 -0.050533995032310486 -0.019964655861258507
v 0.01242088619619608 -0.050411272794008255 -0.019831689074635506
v 0.012898050248622894 -0.0504157692193985 -0.020215533673763275
v 0.012898050248622894 -0.0504157692193985 -0.020215533673763275
v 0.01242088619619608 -0.050411272794008255 -0.019831689074635506
v 0.012673582881689072 -0.050225142389535904 -0.01962706632912159
v 0.012898050248622894 -0.0504157692193985 -0.020215533673763275
v 0.012673582881689072 -0.050225142389535904 -0.01962706632912159
v 0.012863922864198685 -0.04996548965573311 -0.01933547854423523
v 0.013871320523321629 -0.05010365694761276 -0.02174285613000393
v 0.014003920368850231 -0.049938689917325974 -0.02250000089406967
v 0.013227717019617558 -0.05057398974895477 -0.02250000089406967
v 0.01457218173891306 -0.048966143280267715 -0.02250000089406967
v 0.014521638862788677 -0.04913228005170822 -0.021803582087159157
v 0.014749934896826744 -0.04794721305370331 -0.02250000089406967
v 0.012948579154908657 -0.049634549766778946 -0.01895303837954998
v 0.013856343924999237 -0.04914282634854317 -0.01932230032980442
v 0.012863922864198685 -0.04996548965573311 -0.01933547854423523
v 0.012863922864198685 -0.04996548965573311 -0.01933547854423523
v 0.013856343924999237 -0.04914282634854317 -0.01932230032980442
v 0.013871320523321629 -0.04981263726949692 -0.020458735525608063
v 0.012863922864198685 -0.04996548965573311 -0.01933547854423523
v 0.013871320523321629 -0.04981263726949692 -0.020458735525608063
v 0.012898050248622894 -0.0504157692193985 -0.020215533673763275
v 0.012898050248622894 -0.0504157692193985 -0.020215533673763275
v 0.013871320523321629 -0.04981263726949692 -0.020458735525608063
v 0.012898050248622894 -0.050752706825733185 -0.021702280268073082
v 0.012898050248622894 -0.050752706825733185 -0.021702280268073082
v 0.014528796076774597 -0.04908079281449318 -0.02250000089406967
v 0.014003920368850231 -0.049938689917325974 -0.02250000089406967
v 0.014521638862788677 -0.04913228005170822 -0.021803582087159157
v 0.014521638862788677 -0.04913228005170822 -0.021803582087159157
v 0.014003920368850231 -0.049938689917325974 -0.02250000089406967
v 0.013871320523321629 -0.05010365694761276 -0.02174285613000393
v 0.014521638862788677 -0.04913228005170822 -0.021803582087159157
v 0.013871320523321629 -0.05010365694761276 -0.02174285613000393
v 0.014521638862788677 -0.048909991979599 -0.020822713151574135
v 0.01454998180270195 -0.04833560809493065 -0.02000795118510723
v 0.014521638862788677 -0.048909991979599 -0.020822713151574135
v 0.013871320523321629 -0.04981263726949692 -0.020458735525608063
v 0.013871320523321629 -0.04981263726949692 -0.020458735525608063
v 0.013871320523321629 -0.05010365694761276 -0.02174285613000393
v 0.012898050248622894 -0.050752706825733185 -0.021702280268073082
v 0.013871320523321629 -0.05010365694761276 -0.02174285613000393
v 0.013227717019617558 -0.05057398974895477 -0.02250000089406967
v 0.012898050248622894 -0.050752706825733185 -0.021702280268073082
v 0.013227717019617558 -0.05057398974895477 -0.02250000089406967
v 0.011749999597668648 -0.05098062381148338 -0.021688031032681465
v 0.011749999597668648 -0.05098062381148338 -0.021688031032681465
v 0.013227717019617558 -0.05057398974895477 -0.02250000089406967
v 0.012285861186683178 -0.05091680958867073 -0.02250000089406967
v 0.011749999597668648 -0.05098062381148338 -0.021688031032681465
v 0.012285861186683178 -0.05091680958867073 -0.02250000089406967
v 0.011749999597668648 -0.05096530169248581 -0.02250000089406967
v 0.01454998180270195 -0.04833560809493065 -0.02000795118510723
v 0.014750000089406967 -0.047514695674180984 -0.02070523425936699
v 0.014521638862788677 -0.048909991979599 -0.020822713151574135
v 0.014521638862788677 -0.048909991979599 -0.020822713151574135
v 0.014750000089406967 -0.047514695674180984 -0.02070523425936699
v 0.014750000089406967 -0.04784524440765381 -0.02125205285847187
v 0.014521638862788677 -0.048909991979599 -0.020822713151574135
v 0.014750000089406967 -0.04784524440765381 -0.02125205285847187
v 0.014521638862788677 -0.04913228005170822 -0.021803582087159157
v 0.014750000089406967 -0.0479864664375782 -0.02187521383166313
v 0.014521638862788677 -0.04913228005170822 -0.021803582087159157
v 0.014750000089406967 -0.0479864664375782 -0.02187521383166313
v 0.014749934896826744 -0.04794721305370331 -0.02250000089406967
v 0.014749934896826744 -0.04794721305370331 -0.02250000089406967
v 0.014750000089406967 -0.0479864664375782 -0.02187521383166313
v 0.014750000089406967 -0.04792685806751251 -0.02250000089406967
v -0.024249998852610588 -0.0509309321641922 -0.021231364458799362
v -0.024249998852610588 -0.05057826638221741 -0.020012248307466507
v 0.011749999597668648 -0.05057826638221741 -0.020012248307466507
v 0.011749999597668648 -0.05096530169248581 -0.02250000089406967
v -0.024249998852610588 -0.05096530169248581 -0.02250000089406967
v 0.011749999597668648 -0.05098062381148338 -0.021688031032681465
v 0.011749999597668648 -0.05098062381148338 -0.021688031032681465
v -0.024249998852610588 -0.05096530169248581 -0.02250000089406967
v -0.024249998852610588 -0.0509309321641922 -0.021231364458799362
v 0.011749999597668648 -0.05098062381148338 -0.021688031032681465
v -0.024249998852610588 -0.0509309321641922 -0.021231364458799362
v 0.011749999597668648 -0.050627559423446655 -0.020130131393671036
v 0.011749999597668648 -0.050627559423446655 -0.020130131393671036
v -0.024249998852610588 -0.0509309321641922 -0.021231364458799362
v 0.011749999597668648 -0.05057826638221741 -0.020012248307466507
v -0.0249596256762743 -0.05108004808425903 -0.02053828537464142
v -0.024758687242865562 -0.05083436146378517 -0.020283754914999008
v -0.024596115574240685 -0.050992004573345184 -0.021221863105893135
v -0.024596115574240685 -0.050992004573345184 -0.021221863105893135
v -0.024758687242865562 -0.05083436146378517 -0.020283754914999008
v -0.024531183764338493 -0.05065774545073509 -0.02009720169007778
v -0.024596115574240685 -0.050992004573345184 -0.021221863105893135
v -0.024531183764338493 -0.05065774545073509 -0.02009720169007778
v -0.024249998852610588 -0.0509309321641922 -0.021231364458799362
v -0.024249998852610588 -0.0509309321641922 -0.021231364458799362
v -0.024531183764338493 -0.05065774545073509 -0.02009720169007778
v -0.024381032213568687 -0.05059569329023361 -0.020030928775668144
v -0.024249998852610588 -0.0509309321641922 -0.021231364458799362
v -0.024381032213568687 -0.05059569329023361 -0.020030928775668144
v -0.024249998852610588 -0.05057826638221741 -0.020012248307466507
v -0.02495710738003254 -0.05122034251689911 -0.021186338737607002
v -0.02518819086253643 -0.051577042788267136 -0.021130844950675964
v -0.025111297145485878 -0.05135272070765495 -0.020814206451177597
v -0.02518819086253643 -0.051577042788267136 -0.021130844950675964
v -0.02518819086253643 -0.05162210017442703 -0.02250000089406967
v -0.025224706158041954 -0.05174519121646881 -0.02250000089406967
v -0.025111297145485878 -0.05135272070765495 -0.020814206451177597
v -0.02518819086253643 -0.051577042788267136 -0.021130844950675964
v -0.02525000087916851 -0.05196092650294304 -0.021406006067991257
v -0.02525000087916851 -0.05196092650294304 -0.021406006067991257
v -0.02518819086253643 -0.051577042788267136 -0.021130844950675964
v -0.025224706158041954 -0.05174519121646881 -0.02250000089406967
v -0.02525000087916851 -0.05196092650294304 -0.021406006067991257
v -0.025224706158041954 -0.05174519121646881 -0.02250000089406967
v -0.02525000087916851 -0.051969580352306366 -0.02250000089406967
v -0.02457982487976551 -0.05102153867483139 -0.02250000089406967
v -0.02487245760858059 -0.05118369683623314 -0.02250000089406967
v -0.02495710738003254 -0.05122034251689911 -0.021186338737607002
v -0.02495710738003254 -0.05122034251689911 -0.021186338737607002
v -0.02487245760858059 -0.05118369683623314 -0.02250000089406967
v -0.02495713345706463 -0.05125961825251579 -0.02250000089406967
v -0.02495710738003254 -0.05122034251689911 -0.021186338737607002
v -0.02495713345706463 -0.05125961825251579 -0.02250000089406967
v -0.02518819086253643 -0.051577042788267136 -0.021130844950675964
v -0.02518819086253643 -0.051577042788267136 -0.021130844950675964
v -0.02495713345706463 -0.05125961825251579 -0.02250000089406967
v -0.025095781311392784 -0.051433924585580826 -0.02250000089406967
v -0.02518819086253643 -0.051577042788267136 -0.021130844950675964
v -0.025095781311392784 -0.051433924585580826 -0.02250000089406967
v -0.02518819086253643 -0.05162210017442703 -0.02250000089406967
v -0.025111297145485878 -0.05135272070765495 -0.020814206451177597
v -0.0249596256762743 -0.05108004808425903 -0.02053828537464142
v -0.02495710738003254 -0.05122034251689911 -0.021186338737607002
v -0.02495710738003254 -0.05122034251689911 -0.021186338737607002
v -0.0249596256762743 -0.05108004808425903 -0.02053828537464142
v -0.024596115574240685 -0.050992004573345184 -0.021221863105893135
v -0.02495710738003254 -0.05122034251689911 -0.021186338737607002
v -0.024596115574240685 -0.050992004573345184 -0.021221863105893135
v -0.02457982487976551 -0.05102153867483139 -0.02250000089406967
v -0.02457982487976551 -0.05102153867483139 -0.02250000089406967
v -0.024596115574240685 -0.050992004573345184 -0.021221863105893135
v -0.024249998852610588 -0.0509309321641922 -0.021231364458799362
v -0.02457982487976551 -0.05102153867483139 -0.02250000089406967
v -0.024249998852610588 -0.0509309321641922 -0.021231364458799362
v -0.024249998852610588 -0.05096530169248581 -0.02250000089406967
v -0.028750000521540642 -0.06704787164926529 0.032349999994039536
v -0.028750000521540642 -0.06073206290602684 0.0302810650318861
v -0.028750000521540642 -0.07952231913805008 -0.029500000178813934
v -0.028750000521540642 -0.09170712530612946 -0.024376507848501205
v -0.028750000521540642 -0.09672724455595016 -0.020021243020892143
v -0.028750000521540642 -0.07365695387125015 0.03305000066757202
v -0.028750000521540642 -0.10072364658117294 -0.014710996299982071
v -0.028750000521540642 -0.10351899266242981 -0.008681402541697025
v -0.028750000521540642 -0.08588604629039764 -0.02758353017270565
v -0.028750000521540642 -0.10498923808336258 -0.0022000207100063562
v -0.028750000521540642 -0.10506915301084518 0.004445546306669712
v -0.028750000521540642 -0.1037551760673523 0.010960408486425877
v -0.028750000521540642 -0.09723807126283646 0.02246028184890747
v -0.028750000521540642 -0.09232412278652191 0.026934998109936714
v -0.028750000521540642 -0.08658184111118317 0.0302810650318861
v -0.028750000521540642 -0.054989781230688095 0.026934998109936714
v -0.028750000521540642 -0.05007583275437355 0.02246028184890747
v -0.028750000521540642 -0.046208277344703674 0.01705547422170639
v -0.028750000521540642 -0.04355872422456741 0.010960408486425877
v -0.028750000521540642 -0.04224475100636482 0.004445546306669712
v -0.028750000521540642 -0.04232466220855713 -0.0022000207100063562
v -0.028750000521540642 -0.10110562294721603 0.01705547422170639
v -0.028750000521540642 -0.08026603609323502 0.032349999994039536
v -0.028750000521540642 -0.0437949076294899 -0.008681402541697025
v -0.028750000521540642 -0.046590253710746765 -0.014710996299982071
v -0.028750000521540642 -0.05058665573596954 -0.020021243020892143
v -0.028750000521540642 -0.05560677498579025 -0.024376507848501205
v -0.028750000521540642 -0.061427854001522064 -0.02758353017270565
v -0.028750000521540642 -0.06779158860445023 -0.029500000178813934
v 0.01234928984194994 -0.050100453197956085 -0.019487949088215828
v 0.011749999597668648 -0.05057826638221741 -0.020012248307466507
v -0.024249998852610588 -0.05057826638221741 -0.020012248307466507
v -0.028750000521540642 -0.05058665573596954 -0.020021243020892143
v -0.024249998852610588 -0.05057826638221741 -0.020012248307466507
v -0.024381032213568687 -0.05059569329023361 -0.020030928775668144
v -0.024381032213568687 -0.05059569329023361 -0.020030928775668144
v -0.024531183764338493 -0.05065774545073509 -0.02009720169007778
v -0.028750000521540642 -0.05058665573596954 -0.020021243020892143
v -0.028750000521540642 -0.05058665573596954 -0.020021243020892143
v -0.024531183764338493 -0.05065774545073509 -0.02009720169007778
v -0.024758687242865562 -0.05083436146378517 -0.020283754914999008
v -0.028750000521540642 -0.05058665573596954 -0.020021243020892143
v -0.024758687242865562 -0.05083436146378517 -0.020283754914999008
v -0.0249596256762743 -0.05108004808425903 -0.02053828537464142
v -0.0249596256762743 -0.05108004808425903 -0.02053828537464142
v -0.025111297145485878 -0.05135272070765495 -0.020814206451177597
v -0.028750000521540642 -0.05058665573596954 -0.020021243020892143
v -0.028750000521540642 -0.05058665573596954 -0.020021243020892143
v -0.025111297145485878 -0.05135272070765495 -0.020814206451177597
v -0.02525000087916851 -0.05196092650294304 -0.021406006067991257
v -0.028750000521540642 -0.05058665573596954 -0.020021243020892143
v -0.02525000087916851 -0.05196092650294304 -0.021406006067991257
v -0.028750000521540642 -0.05560677498579025 -0.024376507848501205
v -0.02496006153523922 -0.04801599681377411 -0.016883250325918198
v -0.024649208411574364 -0.048254355788230896 -0.017211247235536575
v -0.028750000521540642 -0.05058665573596954 -0.020021243020892143
v -0.028750000521540642 -0.05058665573596954 -0.020021243020892143
v -0.024649208411574364 -0.048254355788230896 -0.017211247235536575
v -0.024249998852610588 -0.05057826638221741 -0.020012248307466507
v -0.024249998852610588 -0.05057826638221741 -0.020012248307466507
v -0.024649208411574364 -0.048254355788230896 -0.017211247235536575
v -0.024420538917183876 -0.04834502562880516 -0.01733371615409851
v -0.024249998852610588 -0.05057826638221741 -0.020012248307466507
v -0.024420538917183876 -0.04834502562880516 -0.01733371615409851
v -0.024249998852610588 -0.048365768045186996 -0.017361562699079514
v 0.011887606233358383 -0.04837031289935112 -0.0173676535487175
v 0.012275071814656258 -0.048435378819704056 -0.017454544082283974
v 0.012418282218277454 -0.04871601238846779 -0.017822323366999626
v 0.012418282218277454 -0.04871601238846779 -0.017822323366999626
v 0.012275071814656258 -0.048435378819704056 -0.017454544082283974
v 0.012594700790941715 -0.048566784709692 -0.017628150060772896
v 0.011749999597668648 -0.048365768045186996 -0.017361562699079514
v 0.011887606233358383 -0.04837031289935112 -0.0173676535487175
v 0.012948958203196526 -0.049610648304224014 -0.018924931064248085
v 0.012948958203196526 -0.049610648304224014 -0.018924931064248085
v 0.011887606233358383 -0.04837031289935112 -0.0173676535487175
v 0.012418282218277454 -0.04871601238846779 -0.017822323366999626
v 0.012948958203196526 -0.049610648304224014 -0.018924931064248085
v 0.012418282218277454 -0.04871601238846779 -0.017822323366999626
v 0.012948958203196526 -0.04906989261507988 -0.01827066019177437
v 0.012948958203196526 -0.04906989261507988 -0.01827066019177437
v 0.012418282218277454 -0.04871601238846779 -0.017822323366999626
v 0.012594700790941715 -0.048566784709692 -0.017628150060772896
v 0.012948958203196526 -0.04906989261507988 -0.01827066019177437
v 0.012594700790941715 -0.048566784709692 -0.017628150060772896
v 0.012820719741284847 -0.04874897003173828 -0.017864786088466644
v 0.012107064947485924 -0.050533995032310486 -0.019964655861258507
v 0.011749999597668648 -0.05057826638221741 -0.020012248307466507
v 0.01242088619619608 -0.050411272794008255 -0.019831689074635506
v 0.01242088619619608 -0.050411272794008255 -0.019831689074635506
v 0.011749999597668648 -0.05057826638221741 -0.020012248307466507
v 0.01234928984194994 -0.050100453197956085 -0.019487949088215828
v 0.01242088619619608 -0.050411272794008255 -0.019831689074635506
v 0.01234928984194994 -0.050100453197956085 -0.019487949088215828
v 0.012673582881689072 -0.050225142389535904 -0.01962706632912159
v 0.012673582881689072 -0.050225142389535904 -0.01962706632912159
v 0.01234928984194994 -0.050100453197956085 -0.019487949088215828
v 0.012863922864198685 -0.04996548965573311 -0.01933547854423523
v 0.012863922864198685 -0.04996548965573311 -0.01933547854423523
v 0.01234928984194994 -0.050100453197956085 -0.019487949088215828
v 0.012948579154908657 -0.049634549766778946 -0.01895303837954998
v 0.012948579154908657 -0.049634549766778946 -0.01895303837954998
v 0.01234928984194994 -0.050100453197956085 -0.019487949088215828
v -0.024249998852610588 -0.05057826638221741 -0.020012248307466507
v 0.012948579154908657 -0.049634549766778946 -0.01895303837954998
v -0.024249998852610588 -0.05057826638221741 -0.020012248307466507
v 0.012948958203196526 -0.049610648304224014 -0.018924931064248085
v 0.012948958203196526 -0.049610648304224014 -0.018924931064248085
v -0.024249998852610588 -0.05057826638221741 -0.020012248307466507
v -0.024249998852610588 -0.048365768045186996 -0.017361562699079514
v 0.012948958203196526 -0.049610648304224014 -0.018924931064248085
v -0.024249998852610588 -0.048365768045186996 -0.017361562699079514
v 0.011749999597668648 -0.048365768045186996 -0.017361562699079514
v -0.02525000087916851 -0.04365695267915726 -0.008267421275377274
v -0.02525000087916851 -0.0437949076294899 -0.008681402541697025
v -0.028750000521540642 -0.0437949076294899 -0.008681402541697025
v -0.028750000521540642 -0.0437949076294899 -0.008681402541697025
v -0.02525000087916851 -0.0437949076294899 -0.008681402541697025
v -0.02525000087916851 -0.046590253710746765 -0.014710996299982071
v -0.028750000521540642 -0.046590253710746765 -0.014710996299982071
v -0.028750000521540642 -0.046590253710746765 -0.014710996299982071
v -0.02525000087916851 -0.046590253710746765 -0.014710996299982071
v -0.02525000087916851 -0.04742168262600899 -0.016024649143218994
v -0.028750000521540642 -0.046590253710746765 -0.014710996299982071
v -0.02525000087916851 -0.04742168262600899 -0.016024649143218994
v -0.028750000521540642 -0.05058665573596954 -0.020021243020892143
v -0.028750000521540642 -0.05058665573596954 -0.020021243020892143
v -0.02525000087916851 -0.04742168262600899 -0.016024649143218994
v -0.025138230994343758 -0.04778686538338661 -0.016559377312660217
v -0.028750000521540642 -0.05058665573596954 -0.020021243020892143
v -0.025138230994343758 -0.04778686538338661 -0.016559377312660217
v -0.02496006153523922 -0.04801599681377411 -0.016883250325918198
v 0.024570811539888382 -0.04270980879664421 -0.004638146609067917
v 0.024441871792078018 -0.04267553240060806 -0.004462727345526218
v 0.02525000087916851 -0.04232466220855713 -0.0022000207100063562
v 0.02525000087916851 -0.04365695267915726 -0.008267421275377274
v 0.025116024538874626 -0.043156951665878296 -0.006571710575371981
v 0.02525000087916851 -0.04232466220855713 -0.0022000207100063562
v 0.02525000087916851 -0.04232466220855713 -0.0022000207100063562
v 0.025116024538874626 -0.043156951665878296 -0.006571710575371981
v 0.02474999986588955 -0.04279092699289322 -0.005033834371715784
v 0.02525000087916851 -0.04232466220855713 -0.0022000207100063562
v 0.02474999986588955 -0.04279092699289322 -0.005033834371715784
v 0.024570811539888382 -0.04270980879664421 -0.004638146609067917
v 0.024441871792078018 -0.04267553240060806 -0.004462727345526218
v 0.024355584755539894 -0.042662542313337326 -0.004394832067191601
v 0.02525000087916851 -0.04232466220855713 -0.0022000207100063562
v 0.02525000087916851 -0.04232466220855713 -0.0022000207100063562
v 0.024355584755539894 -0.042662542313337326 -0.004394832067191601
v 0.024250000715255737 -0.042656950652599335 -0.004365365486592054
v 0.02525000087916851 -0.04232466220855713 -0.0022000207100063562
v 0.024250000715255737 -0.042656950652599335 -0.004365365486592054
v -0.017344335094094276 -0.042656950652599335 -0.004365365952253342
v -0.017344335094094276 -0.042656950652599335 -0.004365365952253342
v -0.017431771382689476 -0.04266024008393288 -0.004382731858640909
v -0.028750000521540642 -0.04232466220855713 -0.0022000207100063562
v -0.028750000521540642 -0.04232466220855713 -0.0022000207100063562
v -0.017431771382689476 -0.04266024008393288 -0.004382731858640909
v -0.01755467988550663 -0.04267391934990883 -0.004454347304999828
v -0.020429572090506554 -0.04314625263214111 -0.006531174760311842
v -0.021250000223517418 -0.04317132756114006 -0.006625834386795759
v -0.028750000521540642 -0.04232466220855713 -0.0022000207100063562
v -0.01755467988550663 -0.04267391934990883 -0.004454347304999828
v -0.0179730374366045 -0.042759962379932404 -0.004885816480964422
v -0.028750000521540642 -0.04232466220855713 -0.0022000207100063562
v -0.028750000521540642 -0.04232466220855713 -0.0022000207100063562
v -0.0179730374366045 -0.042759962379932404 -0.004885816480964422
v -0.01825053058564663 -0.042825259268283844 -0.005193981807678938
v -0.028750000521540642 -0.04232466220855713 -0.0022000207100063562
v -0.01825053058564663 -0.042825259268283844 -0.005193981807678938
v -0.018823029473423958 -0.04294661432504654 -0.0057303281500935555
v -0.018823029473423958 -0.04294661432504654 -0.0057303281500935555
v -0.0192797239869833 -0.04302453249692917 -0.006053635850548744
v -0.028750000521540642 -0.04232466220855713 -0.0022000207100063562
v -0.028750000521540642 -0.04232466220855713 -0.0022000207100063562
v -0.0192797239869833 -0.04302453249692917 -0.006053635850548744
v -0.020227426663041115 -0.04313230514526367 -0.0064780074171721935
v -0.028750000521540642 -0.04232466220855713 -0.0022000207100063562
v -0.020227426663041115 -0.04313230514526367 -0.0064780074171721935
v -0.020429572090506554 -0.04314625263214111 -0.006531174760311842
v -0.021250000223517418 -0.04317132756114006 -0.006625834386795759
v -0.024249998852610588 -0.04317132756114006 -0.006625834386795759
v -0.028750000521540642 -0.04232466220855713 -0.0022000207100063562
v -0.028750000521540642 -0.04232466220855713 -0.0022000207100063562
v -0.024249998852610588 -0.04317132756114006 -0.006625834386795759
v -0.024704178795218468 -0.04320059344172478 -0.006734850350767374
v -0.028750000521540642 -0.04232466220855713 -0.0022000207100063562
v -0.024704178795218468 -0.04320059344172478 -0.006734850350767374
v -0.024722931906580925 -0.04320325702428818 -0.006744690705090761
v -0.024722931906580925 -0.04320325702428818 -0.006744690705090761
v -0.024977026507258415 -0.043257277458906174 -0.006941705476492643
v -0.028750000521540642 -0.04232466220855713 -0.0022000207100063562
v -0.028750000521540642 -0.04232466220855713 -0.0022000207100063562
v -0.024977026507258415 -0.043257277458906174 -0.006941705476492643
v -0.025150028988718987 -0.04333270713686943 -0.007208772469311953
v -0.028750000521540642 -0.04232466220855713 -0.0022000207100063562
v -0.025150028988718987 -0.04333270713686943 -0.007208772469311953
v -0.028750000521540642 -0.0437949076294899 -0.008681402541697025
v -0.028750000521540642 -0.0437949076294899 -0.008681402541697025
v -0.025150028988718987 -0.04333270713686943 -0.007208772469311953
v -0.025220995768904686 -0.04341786354780197 -0.007500000763684511
v -0.028750000521540642 -0.0437949076294899 -0.008681402541697025
v -0.025220995768904686 -0.04341786354780197 -0.007500000763684511
v -0.02525000087916851 -0.04365695267915726 -0.008267421275377274
v -0.02525000087916851 -0.08588604629039764 -0.02758353017270565
v -0.02525000087916851 -0.08701220154762268 -0.027083909139037132
v -0.028750000521540642 -0.09170712530612946 -0.024376507848501205
v -0.028750000521540642 -0.09170712530612946 -0.024376507848501205
v -0.028750000521540642 -0.08588604629039764 -0.02758353017270565
v -0.02525000087916851 -0.08588604629039764 -0.02758353017270565
v -0.02525000087916851 -0.08588604629039764 -0.02758353017270565
v -0.028750000521540642 -0.08588604629039764 -0.02758353017270565
v -0.028750000521540642 -0.07952231913805008 -0.029500000178813934
v -0.02525000087916851 -0.07952231913805008 -0.029500000178813934
v -0.02525000087916851 -0.05196092650294304 -0.021406006067991257
v -0.02525000087916851 -0.05560677498579025 -0.024376507848501205
v -0.028750000521540642 -0.05560677498579025 -0.024376507848501205
v -0.028750000521540642 -0.05560677498579025 -0.024376507848501205
v -0.02525000087916851 -0.05560677498579025 -0.024376507848501205
v -0.02525000087916851 -0.061427854001522064 -0.02758353017270565
v -0.028750000521540642 -0.061427854001522064 -0.02758353017270565
v -0.028750000521540642 -0.061427854001522064 -0.02758353017270565
v -0.02525000087916851 -0.061427854001522064 -0.02758353017270565
v -0.02525000087916851 -0.06779158860445023 -0.029500000178813934
v -0.028750000521540642 -0.06779158860445023 -0.029500000178813934
v -0.028750000521540642 -0.04232466220855713 -0.0022000207100063562
v 0.02525000087916851 -0.04232466220855713 -0.0022000207100063562
v -0.028750000521540642 -0.04232466220855713 -0.0022000207100063562
v -0.028750000521540642 -0.04224475100636482 0.004445546306669712
v 0.02525000087916851 -0.04224475100636482 0.004445546306669712
v 0.02525000087916851 -0.04224475100636482 0.004445546306669712
v -0.028750000521540642 -0.04224475100636482 0.004445546306669712
v -0.028750000521540642 -0.04355872422456741 0.010960408486425877
v 0.02525000087916851 -0.04355872422456741 0.010960408486425877
v 0.02525000087916851 -0.04355872422456741 0.010960408486425877
v -0.028750000521540642 -0.04355872422456741 0.010960408486425877
v -0.028750000521540642 -0.046208277344703674 0.01705547422170639
v 0.02525000087916851 -0.046208277344703674 0.01705547422170639
v 0.02525000087916851 -0.046208277344703674 0.01705547422170639
v -0.028750000521540642 -0.046208277344703674 0.01705547422170639
v -0.028750000521540642 -0.05007583275437355 0.02246028184890747
v 0.02525000087916851 -0.05007583275437355 0.02246028184890747
v 0.02525000087916851 -0.05007583275437355 0.02246028184890747
v -0.028750000521540642 -0.05007583275437355 0.02246028184890747
v -0.028750000521540642 -0.054989781230688095 0.026934998109936714
v 0.02525000087916851 -0.054989781230688095 0.026934998109936714
v 0.02525000087916851 -0.054989781230688095 0.026934998109936714
v -0.028750000521540642 -0.054989781230688095 0.026934998109936714
v -0.028750000521540642 -0.06073206290602684 0.0302810650318861
v 0.02525000087916851 -0.06073206290602684 0.0302810650318861
v 0.02525000087916851 -0.06073206290602684 0.0302810650318861
v -0.028750000521540642 -0.06073206290602684 0.0302810650318861
v -0.028750000521540642 -0.06704787164926529 0.032349999994039536
v 0.02525000087916851 -0.06704787164926529 0.032349999994039536
v 0.02525000087916851 -0.06704787164926529 0.032349999994039536
v -0.028750000521540642 -0.06704787164926529 0.032349999994039536
v -0.028750000521540642 -0.07365695387125015 0.03305000066757202
v 0.02525000087916851 -0.07365695387125015 0.03305000066757202
v 0.02525000087916851 -0.07365695387125015 0.03305000066757202
v -0.028750000521540642 -0.07365695387125015 0.03305000066757202
v -0.028750000521540642 -0.08026603609323502 0.032349999994039536
v 0.02525000087916851 -0.08026603609323502 0.032349999994039536
v 0.02525000087916851 -0.08026603609323502 0.032349999994039536
v -0.028750000521540642 -0.08026603609323502 0.032349999994039536
v -0.028750000521540642 -0.08658184111118317 0.0302810650318861
v 0.02525000087916851 -0.08658184111118317 0.0302810650318861
v 0.02525000087916851 -0.08658184111118317 0.0302810650318861
v -0.028750000521540642 -0.08658184111118317 0.0302810650318861
v -0.028750000521540642 -0.09232412278652191 0.026934998109936714
v 0.02525000087916851 -0.09232412278652191 0.026934998109936714
v 0.02525000087916851 -0.09232412278652191 0.026934998109936714
v -0.028750000521540642 -0.09232412278652191 0.026934998109936714
v -0.028750000521540642 -0.09723807126283646 0.02246028184890747
v 0.02525000087916851 -0.09723807126283646 0.02246028184890747
v 0.02525000087916851 -0.09723807126283646 0.02246028184890747
v -0.028750000521540642 -0.09723807126283646 0.02246028184890747
v -0.028750000521540642 -0.10110562294721603 0.01705547422170639
v 0.02525000087916851 -0.10110562294721603 0.01705547422170639
v 0.02525000087916851 -0.10110562294721603 0.01705547422170639
v -0.028750000521540642 -0.10110562294721603 0.01705547422170639
v -0.028750000521540642 -0.1037551760673523 0.010960408486425877
v 0.02525000087916851 -0.1037551760673523 0.010960408486425877
v 0.02525000087916851 -0.1037551760673523 0.010960408486425877
v -0.028750000521540642 -0.1037551760673523 0.010960408486425877
v -0.028750000521540642 -0.10506915301084518 0.004445546306669712
v 0.02525000087916851 -0.10506915301084518 0.004445546306669712
v 0.02525000087916851 -0.10506915301084518 0.004445546306669712
v -0.028750000521540642 -0.10506915301084518 0.004445546306669712
v -0.028750000521540642 -0.10498923808336258 -0.0022000207100063562
v 0.02525000087916851 -0.10498923808336258 -0.0022000207100063562
v 0.02525000087916851 -0.10498923808336258 -0.0022000207100063562
v -0.028750000521540642 -0.10498923808336258 -0.0022000207100063562
v -0.028750000521540642 -0.10351899266242981 -0.008681402541697025
v 0.02525000087916851 -0.10351899266242981 -0.008681402541697025
v 0.02525000087916851 -0.10351899266242981 -0.008681402541697025
v -0.028750000521540642 -0.10351899266242981 -0.008681402541697025
v -0.028750000521540642 -0.10072364658117294 -0.014710996299982071
v 0.02525000087916851 -0.10072364658117294 -0.014710996299982071
v 0.02525000087916851 -0.10072364658117294 -0.014710996299982071
v -0.028750000521540642 -0.10072364658117294 -0.014710996299982071
v -0.028750000521540642 -0.09672724455595016 -0.020021243020892143
v 0.02525000087916851 -0.09672724455595016 -0.020021243020892143
v 0.02525000087916851 -0.09672724455595016 -0.020021243020892143
v -0.028750000521540642 -0.09672724455595016 -0.020021243020892143
v -0.028750000521540642 -0.09170712530612946 -0.024376507848501205
v 0.02525000087916851 -0.09170712530612946 -0.024376507848501205
v 0.02525000087916851 -0.09170712530612946 -0.024376507848501205
v -0.028750000521540642 -0.09170712530612946 -0.024376507848501205
v -0.02525000087916851 -0.08701220154762268 -0.027083909139037132
v 0.02525000087916851 -0.08701220154762268 -0.027083909139037132
v 0.02525000087916851 -0.04355872422456741 0.010960408486425877
v 0.02525000087916851 -0.046208277344703674 0.01705547422170639
v 0.02525000087916851 -0.09170712530612946 -0.024376507848501205
v 0.02525000087916851 -0.05007583275437355 0.02246028184890747
v 0.02525000087916851 -0.054989781230688095 0.026934998109936714
v 0.02525000087916851 -0.06073206290602684 0.0302810650318861
v 0.02525000087916851 -0.04365695267915726 -0.01250000111758709
v 0.02525000087916851 -0.04365695267915726 -0.008267421275377274
v 0.02525000087916851 -0.08701220154762268 -0.027083909139037132
v 0.02525000087916851 -0.04232466220855713 -0.0022000207100063562
v 0.02525000087916851 -0.04224475100636482 0.004445546306669712
v 0.02525000087916851 -0.039371002465486526 -0.021213294938206673
v 0.02525000087916851 -0.08701220154762268 -0.029500000178813934
v 0.02525000087916851 -0.037239618599414825 -0.02250000089406967
v 0.02525000087916851 -0.0036569517105817795 -0.029500000178813934
v 0.02525000087916851 -0.0036569517105817795 -0.02250000089406967
v 0.02525000087916851 -0.06704787164926529 0.032349999994039536
v 0.02525000087916851 -0.07365695387125015 0.03305000066757202
v 0.02525000087916851 -0.08026603609323502 0.032349999994039536
v 0.02525000087916851 -0.08658184111118317 0.0302810650318861
v 0.02525000087916851 -0.09232412278652191 0.026934998109936714
v 0.02525000087916851 -0.09723807126283646 0.02246028184890747
v 0.02525000087916851 -0.10110562294721603 0.01705547422170639
v 0.02525000087916851 -0.1037551760673523 0.010960408486425877
v 0.02525000087916851 -0.09672724455595016 -0.020021243020892143
v 0.02525000087916851 -0.04130658134818077 -0.01929587498307228
v 0.02525000087916851 -0.0427115336060524 -0.01696154661476612
v 0.02525000087916851 -0.0434996671974659 -0.014353519305586815
v 0.02525000087916851 -0.10506915301084518 0.004445546306669712
v 0.02525000087916851 -0.10498923808336258 -0.0022000207100063562
v 0.02525000087916851 -0.10351899266242981 -0.008681402541697025
v 0.02525000087916851 -0.10072364658117294 -0.014710996299982071
v -0.028750000521540642 -0.07952231913805008 -0.029500000178813934
v -0.028750000521540642 -0.06779158860445023 -0.029500000178813934
v -0.02525000087916851 -0.07952231913805008 -0.029500000178813934
v -0.02525000087916851 -0.06779158860445023 -0.029500000178813934
v -0.02525000087916851 -0.08701220154762268 -0.029500000178813934
v 0.02525000087916851 -0.08701220154762268 -0.029500000178813934
v 0.02525000087916851 -0.0036569517105817795 -0.029500000178813934
v -0.02525000087916851 -0.0036569517105817795 -0.029500000178813934
v -0.02461692877113819 0.0019617024809122086 -0.029500000178813934
v -0.015743115916848183 0.01608429290354252 -0.029500000178813934
v -0.010955563746392727 0.019092509523034096 -0.029500000178813934
v 0.015743117779493332 0.01608429290354252 -0.029500000178813934
v 0.019741244614124298 0.012086162343621254 -0.029500000178813934
v 0.022749463096261024 0.007298612967133522 -0.029500000178813934
v -0.022749463096261024 0.007298612967133522 -0.029500000178813934
v -0.01974124275147915 0.012086162343621254 -0.029500000178813934
v -0.005618653260171413 0.020959975197911263 -0.029500000178813934
v -8.799054262986772e-10 0.02159305103123188 -0.029500000178813934
v 0.005618653260171413 0.020959975197911263 -0.029500000178813934
v 0.010955564677715302 0.019092509523034096 -0.029500000178813934
v 0.02461693063378334 0.0019617024809122086 -0.029500000178813934
v 0.009248594753444195 0.011551709845662117 -0.021000001579523087
v 0.004802382551133633 0.013482974842190742 -0.021000001579523087
v 0.00493032019585371 0.013134175911545753 -0.021300001069903374
v 0.00493032019585371 0.013134175911545753 -0.021300001069903374
v 0.009092719294130802 0.011295387521386147 -0.021300001069903374
v 0.009248594753444195 0.011551709845662117 -0.021000001579523087
v 0.009248594753444195 0.011551709845662117 -0.021000001579523087
v 0.009092719294130802 0.011295387521386147 -0.021300001069903374
v 0.00946121383458376 0.011064985767006874 -0.021300001069903374
v 0.009248594753444195 0.011551709845662117 -0.021000001579523087
v 0.00946121383458376 0.011064985767006874 -0.021300001069903374
v 0.01300888042896986 0.008492494001984596 -0.021000001579523087
v 0.00946121383458376 0.011064985767006874 -0.021300001069903374
v 0.012789629399776459 0.008287729695439339 -0.021300001069903374
v 0.01300888042896986 0.008492494001984596 -0.021000001579523087
v 0.01300888042896986 0.008492494001984596 -0.021000001579523087
v 0.012789629399776459 0.008287729695439339 -0.021300001069903374
v 0.013225617818534374 0.007803114131093025 -0.021300001069903374
v 0.01300888042896986 0.008492494001984596 -0.021000001579523087
v 0.013225617818534374 0.007803114131093025 -0.021300001069903374
v 0.015804357826709747 0.004532204940915108 -0.021000001579523087
v 0.013225617818534374 0.007803114131093025 -0.021300001069903374
v 0.015537991188466549 0.004394182935357094 -0.021300001069903374
v 0.015804357826709747 0.004532204940915108 -0.021000001579523087
v 0.015804357826709747 0.004532204940915108 -0.021000001579523087
v 0.015537991188466549 0.004394182935357094 -0.021300001069903374
v 0.015918560326099396 0.0036128107458353043 -0.021300001069903374
v 0.015804357826709747 0.004532204940915108 -0.021000001579523087
v 0.015918560326099396 0.0036128107458353043 -0.021300001069903374
v 0.017427697777748108 -3.543308048392646e-05 -0.021000001579523087
v 0.015918560326099396 0.0036128107458353043 -0.021300001069903374
v 0.01713397167623043 -9.646824037190527e-05 -0.021300001069903374
v 0.017427697777748108 -3.543308048392646e-05 -0.021000001579523087
v 0.017427697777748108 -3.543308048392646e-05 -0.021000001579523087
v 0.01713397167623043 -9.646824037190527e-05 -0.021300001069903374
v 0.01732187531888485 -0.0011664386838674545 -0.021300001069903374
v 0.017427697777748108 -3.543308048392646e-05 -0.021000001579523087
v 0.01732187531888485 -0.0011664386838674545 -0.021300001069903374
v 0.017758503556251526 -0.004871664568781853 -0.021000001579523087
v 0.01732187531888485 -0.0011664386838674545 -0.021300001069903374
v 0.01745920442044735 -0.004851197823882103 -0.021300001069903374
v 0.017758503556251526 -0.004871664568781853 -0.021000001579523087
v 0.017758503556251526 -0.004871664568781853 -0.021000001579523087
v 0.01745920442044735 -0.004851197823882103 -0.021300001069903374
v 0.01732187531888485 -0.006147464737296104 -0.021300001069903374
v 0.017758503556251526 -0.004871664568781853 -0.021000001579523087
v 0.01732187531888485 -0.006147464737296104 -0.021300001069903374
v 0.01677224412560463 -0.009617811068892479 -0.021000001579523087
v 0.01732187531888485 -0.006147464737296104 -0.021300001069903374
v 0.01648956723511219 -0.009517347440123558 -0.021300001069903374
v 0.01677224412560463 -0.009617811068892479 -0.021000001579523087
v 0.01677224412560463 -0.009617811068892479 -0.021000001579523087
v 0.01648956723511219 -0.009517347440123558 -0.021300001069903374
v 0.015918560326099396 -0.010926714166998863 -0.021300001069903374
v 0.01677224412560463 -0.009617811068892479 -0.021000001579523087
v 0.015918560326099396 -0.010926714166998863 -0.021300001069903374
v 0.01454206369817257 -0.013921862468123436 -0.021000001579523087
v 0.015918560326099396 -0.010926714166998863 -0.021300001069903374
v 0.014296973124146461 -0.013748856261372566 -0.021300001069903374
v 0.01454206369817257 -0.013921862468123436 -0.021000001579523087
v 0.01454206369817257 -0.013921862468123436 -0.021000001579523087
v 0.014296973124146461 -0.013748856261372566 -0.021300001069903374
v 0.013225617818534374 -0.015117013826966286 -0.021300001069903374
v 0.01454206369817257 -0.013921862468123436 -0.021000001579523087
v 0.013225617818534374 -0.015117013826966286 -0.021300001069903374
v 0.011233365163207054 -0.017464613541960716 -0.021000001579523087
v 0.013225617818534374 -0.015117013826966286 -0.021300001069903374
v 0.011044039390981197 -0.0172318983823061 -0.021300001069903374
v 0.011233365163207054 -0.017464613541960716 -0.021000001579523087
v 0.011233365163207054 -0.017464613541960716 -0.021000001579523087
v 0.011044039390981197 -0.0172318983823061 -0.021300001069903374
v 0.00946121383458376 -0.018378889188170433 -0.021300001069903374
v 0.011233365163207054 -0.017464613541960716 -0.021000001579523087
v 0.00946121383458376 -0.018378889188170433 -0.021300001069903374
v 0.007091539911925793 -0.019983312115073204 -0.021000001579523087
v 0.00946121383458376 -0.018378889188170433 -0.021300001069903374
v 0.00697201956063509 -0.01970815099775791 -0.021300001069903374
v 0.007091539911925793 -0.019983312115073204 -0.021000001579523087
v 0.007091539911925793 -0.019983312115073204 -0.021000001579523087
v 0.00697201956063509 -0.01970815099775791 -0.021300001069903374
v 0.00493032019585371 -0.020448079332709312 -0.021300001069903374
v 0.007091539911925793 -0.019983312115073204 -0.021000001579523087
v 0.00493032019585371 -0.020448079332709312 -0.021300001069903374
v 0.0024237660691142082 -0.021291160956025124 -0.021000001579523087
v -0.00493032019585371 -0.020448079332709312 -0.021300001069903374
v -0.007091539911925793 -0.019983312115073204 -0.021000001579523087
v -0.0024237660691142082 -0.021291160956025124 -0.021000001579523087
v 0.00493032019585371 -0.020448079332709312 -0.021300001069903374
v 0.002382916398346424 -0.020993957296013832 -0.021300001069903374
v 0.0024237660691142082 -0.021291160956025124 -0.021000001579523087
v 0.0024237660691142082 -0.021291160956025124 -0.021000001579523087
v 0.002382916398346424 -0.020993957296013832 -0.021300001069903374
v -8.799054262986772e-10 -0.021156953647732735 -0.021300001069903374
v 0.0024237660691142082 -0.021291160956025124 -0.021000001579523087
v -8.799054262986772e-10 -0.021156953647732735 -0.021300001069903374
v -0.0024237660691142082 -0.021291160956025124 -0.021000001579523087
v -0.0024237660691142082 -0.021291160956025124 -0.021000001579523087
v -8.799054262986772e-10 -0.021156953647732735 -0.021300001069903374
v -0.002382916398346424 -0.020993957296013832 -0.021300001069903374
v -0.0024237660691142082 -0.021291160956025124 -0.021000001579523087
v -0.002382916398346424 -0.020993957296013832 -0.021300001069903374
v -0.00493032019585371 -0.020448079332709312 -0.021300001069903374
v -0.013225617818534374 -0.015117013826966286 -0.021300001069903374
v -0.014542064629495144 -0.013921862468123436 -0.021000001579523087
v -0.011233366094529629 -0.017464613541960716 -0.021000001579523087
v -0.00493032019585371 -0.020448079332709312 -0.021300001069903374
v -0.006972017697989941 -0.01970815099775791 -0.021300001069903374
v -0.007091539911925793 -0.019983312115073204 -0.021000001579523087
v -0.007091539911925793 -0.019983312115073204 -0.021000001579523087
v -0.006972017697989941 -0.01970815099775791 -0.021300001069903374
v -0.009461215697228909 -0.018378889188170433 -0.021300001069903374
v -0.007091539911925793 -0.019983312115073204 -0.021000001579523087
v -0.009461215697228909 -0.018378889188170433 -0.021300001069903374
v -0.011233366094529629 -0.017464613541960716 -0.021000001579523087
v -0.011233366094529629 -0.017464613541960716 -0.021000001579523087
v -0.009461215697228909 -0.018378889188170433 -0.021300001069903374
v -0.011044039390981197 -0.0172318983823061 -0.021300001069903374
v -0.011233366094529629 -0.017464613541960716 -0.021000001579523087
v -0.011044039390981197 -0.0172318983823061 -0.021300001069903374
v -0.013225617818534374 -0.015117013826966286 -0.021300001069903374
v -0.01732187531888485 -0.006147464737296104 -0.021300001069903374
v -0.017758501693606377 -0.004871664568781853 -0.021000001579523087
v -0.01677224226295948 -0.009617811068892479 -0.021000001579523087
v -0.013225617818534374 -0.015117013826966286 -0.021300001069903374
v -0.014296974055469036 -0.013748856261372566 -0.021300001069903374
v -0.014542064629495144 -0.013921862468123436 -0.021000001579523087
v -0.014542064629495144 -0.013921862468123436 -0.021000001579523087
v -0.014296974055469036 -0.013748856261372566 -0.021300001069903374
v -0.015918558463454247 -0.010926714166998863 -0.021300001069903374
v -0.014542064629495144 -0.013921862468123436 -0.021000001579523087
v -0.015918558463454247 -0.010926714166998863 -0.021300001069903374
v -0.01677224226295948 -0.009617811068892479 -0.021000001579523087
v -0.01677224226295948 -0.009617811068892479 -0.021000001579523087
v -0.015918558463454247 -0.010926714166998863 -0.021300001069903374
v -0.016489563509821892 -0.009517347440123558 -0.021300001069903374
v -0.01677224226295948 -0.009617811068892479 -0.021000001579523087
v -0.016489563509821892 -0.009517347440123558 -0.021300001069903374
v -0.01732187531888485 -0.006147464737296104 -0.021300001069903374
v -0.01732187531888485 -0.006147464737296104 -0.021300001069903374
v -0.01745920442044735 -0.004851197823882103 -0.021300001069903374
v -0.017758501693606377 -0.004871664568781853 -0.021000001579523087
v -0.017758501693606377 -0.004871664568781853 -0.021000001579523087
v -0.01745920442044735 -0.004851197823882103 -0.021300001069903374
v -0.01732187531888485 -0.0011664386838674545 -0.021300001069903374
v -0.017758501693606377 -0.004871664568781853 -0.021000001579523087
v -0.01732187531888485 -0.0011664386838674545 -0.021300001069903374
v -0.01742769591510296 -3.543308048392646e-05 -0.021000001579523087
v -0.01742769591510296 -3.543308048392646e-05 -0.021000001579523087
v -0.01732187531888485 -0.0011664386838674545 -0.021300001069903374
v -0.01713397167623043 -9.646824037190527e-05 -0.021300001069903374
v -0.01742769591510296 -3.543308048392646e-05 -0.021000001579523087
v -0.01713397167623043 -9.646824037190527e-05 -0.021300001069903374
v -0.015804355964064598 0.004532204940915108 -0.021000001579523087
v -0.01713397167623043 -9.646824037190527e-05 -0.021300001069903374
v -0.015918558463454247 0.0036128107458353043 -0.021300001069903374
v -0.015804355964064598 0.004532204940915108 -0.021000001579523087
v -0.015804355964064598 0.004532204940915108 -0.021000001579523087
v -0.015918558463454247 0.0036128107458353043 -0.021300001069903374
v -0.015537991188466549 0.004394182935357094 -0.021300001069903374
v -0.015804355964064598 0.004532204940915108 -0.021000001579523087
v -0.015537991188466549 0.004394182935357094 -0.021300001069903374
v -0.01300888042896986 0.008492494001984596 -0.021000001579523087
v -0.015537991188466549 0.004394182935357094 -0.021300001069903374
v -0.013225617818534374 0.007803114131093025 -0.021300001069903374
v -0.01300888042896986 0.008492494001984596 -0.021000001579523087
v -0.01300888042896986 0.008492494001984596 -0.021000001579523087
v -0.013225617818534374 0.007803114131093025 -0.021300001069903374
v -0.012789628468453884 0.008287729695439339 -0.021300001069903374
v -0.01300888042896986 0.008492494001984596 -0.021000001579523087
v -0.012789628468453884 0.008287729695439339 -0.021300001069903374
v -0.009248594753444195 0.011551709845662117 -0.021000001579523087
v -0.012789628468453884 0.008287729695439339 -0.021300001069903374
v -0.009461215697228909 0.011064985767006874 -0.021300001069903374
v -0.009248594753444195 0.011551709845662117 -0.021000001579523087
v -0.009248594753444195 0.011551709845662117 -0.021000001579523087
v -0.009461215697228909 0.011064985767006874 -0.021300001069903374
v -0.009092717431485653 0.011295387521386147 -0.021300001069903374
v -0.009248594753444195 0.011551709845662117 -0.021000001579523087
v -0.009092717431485653 0.011295387521386147 -0.021300001069903374
v -0.004802382551133633 0.013482974842190742 -0.021000001579523087
v -0.009092717431485653 0.011295387521386147 -0.021300001069903374
v -0.00493032019585371 0.013134175911545753 -0.021300001069903374
v -0.004802382551133633 0.013482974842190742 -0.021000001579523087
v -0.004802382551133633 0.013482974842190742 -0.021000001579523087
v -0.00493032019585371 0.013134175911545753 -0.021300001069903374
v -0.004721443168818951 0.013194100931286812 -0.021300001069903374
v -0.004802382551133633 0.013482974842190742 -0.021000001579523087
v -0.004721443168818951 0.013194100931286812 -0.021300001069903374
v -8.799054262986772e-10 0.014143051579594612 -0.021000001579523087
v -8.799054262986772e-10 0.014143051579594612 -0.021000001579523087
v -0.004721443168818951 0.013194100931286812 -0.021300001069903374
v -8.799054262986772e-10 0.013843046501278877 -0.021300001069903374
v -8.799054262986772e-10 0.014143051579594612 -0.021000001579523087
v -8.799054262986772e-10 0.013843046501278877 -0.021300001069903374
v 0.004802382551133633 0.013482974842190742 -0.021000001579523087
v 0.004802382551133633 0.013482974842190742 -0.021000001579523087
v -8.799054262986772e-10 0.013843046501278877 -0.021300001069903374
v 0.004721443168818951 0.013194100931286812 -0.021300001069903374
v 0.004802382551133633 0.013482974842190742 -0.021000001579523087
v 0.004721443168818951 0.013194100931286812 -0.021300001069903374
v 0.00493032019585371 0.013134175911545753 -0.021300001069903374
v -0.004721443168818951 0.013194100931286812 -0.021300001069903374
v -0.00493032019585371 0.013134175911545753 -0.02250000089406967
v -8.799054262986772e-10 0.013843046501278877 -0.02250000089406967
v -0.004721443168818951 0.013194100931286812 -0.021300001069903374
v -0.00493032019585371 0.013134175911545753 -0.021300001069903374
v -0.00493032019585371 0.013134175911545753 -0.02250000089406967
v -0.00493032019585371 0.013134175911545753 -0.02250000089406967
v -0.00493032019585371 0.013134175911545753 -0.021300001069903374
v -0.009092717431485653 0.011295387521386147 -0.021300001069903374
v -0.00493032019585371 0.013134175911545753 -0.02250000089406967
v -0.009092717431485653 0.011295387521386147 -0.021300001069903374
v -0.009461215697228909 0.011064985767006874 -0.02250000089406967
v -0.009092717431485653 0.011295387521386147 -0.021300001069903374
v -0.009461215697228909 0.011064985767006874 -0.021300001069903374
v -0.009461215697228909 0.011064985767006874 -0.02250000089406967
v -0.009461215697228909 0.011064985767006874 -0.02250000089406967
v -0.009461215697228909 0.011064985767006874 -0.021300001069903374
v -0.012789628468453884 0.008287729695439339 -0.021300001069903374
v -0.009461215697228909 0.011064985767006874 -0.02250000089406967
v -0.012789628468453884 0.008287729695439339 -0.021300001069903374
v -0.013225617818534374 0.007803114131093025 -0.02250000089406967
v -0.013225617818534374 0.007803114131093025 -0.02250000089406967
v -0.012789628468453884 0.008287729695439339 -0.021300001069903374
v -0.013225617818534374 0.007803114131093025 -0.021300001069903374
v -0.013225617818534374 0.007803114131093025 -0.02250000089406967
v -0.013225617818534374 0.007803114131093025 -0.021300001069903374
v -0.015918558463454247 0.0036128107458353043 -0.02250000089406967
v -0.013225617818534374 0.007803114131093025 -0.021300001069903374
v -0.015537991188466549 0.004394182935357094 -0.021300001069903374
v -0.015918558463454247 0.0036128107458353043 -0.02250000089406967
v -0.015918558463454247 0.0036128107458353043 -0.02250000089406967
v -0.015537991188466549 0.004394182935357094 -0.021300001069903374
v -0.015918558463454247 0.0036128107458353043 -0.021300001069903374
v -0.015918558463454247 0.0036128107458353043 -0.02250000089406967
v -0.015918558463454247 0.0036128107458353043 -0.021300001069903374
v -0.01732187531888485 -0.0011664386838674545 -0.02250000089406967
v -0.015918558463454247 0.0036128107458353043 -0.021300001069903374
v -0.01713397167623043 -9.646824037190527e-05 -0.021300001069903374
v -0.01732187531888485 -0.0011664386838674545 -0.02250000089406967
v -0.01732187531888485 -0.0011664386838674545 -0.02250000089406967
v -0.01713397167623043 -9.646824037190527e-05 -0.021300001069903374
v -0.01732187531888485 -0.0011664386838674545 -0.021300001069903374
v -0.01732187531888485 -0.0011664386838674545 -0.02250000089406967
v -0.01732187531888485 -0.0011664386838674545 -0.021300001069903374
v -0.01732187531888485 -0.006147464737296104 -0.02250000089406967
v -0.01732187531888485 -0.0011664386838674545 -0.021300001069903374
v -0.01745920442044735 -0.004851197823882103 -0.021300001069903374
v -0.01732187531888485 -0.006147464737296104 -0.02250000089406967
v -0.01732187531888485 -0.006147464737296104 -0.02250000089406967
v -0.01745920442044735 -0.004851197823882103 -0.021300001069903374
v -0.01732187531888485 -0.006147464737296104 -0.021300001069903374
v -0.01732187531888485 -0.006147464737296104 -0.02250000089406967
v -0.01732187531888485 -0.006147464737296104 -0.021300001069903374
v -0.015918558463454247 -0.010926714166998863 -0.02250000089406967
v -0.01732187531888485 -0.006147464737296104 -0.021300001069903374
v -0.016489563509821892 -0.009517347440123558 -0.021300001069903374
v -0.015918558463454247 -0.010926714166998863 -0.02250000089406967
v -0.015918558463454247 -0.010926714166998863 -0.02250000089406967
v -0.016489563509821892 -0.009517347440123558 -0.021300001069903374
v -0.015918558463454247 -0.010926714166998863 -0.021300001069903374
v -0.015918558463454247 -0.010926714166998863 -0.02250000089406967
v -0.015918558463454247 -0.010926714166998863 -0.021300001069903374
v -0.013225617818534374 -0.015117013826966286 -0.02250000089406967
v -0.015918558463454247 -0.010926714166998863 -0.021300001069903374
v -0.014296974055469036 -0.013748856261372566 -0.021300001069903374
v -0.013225617818534374 -0.015117013826966286 -0.02250000089406967
v -0.013225617818534374 -0.015117013826966286 -0.02250000089406967
v -0.014296974055469036 -0.013748856261372566 -0.021300001069903374
v -0.013225617818534374 -0.015117013826966286 -0.021300001069903374
v -0.013225617818534374 -0.015117013826966286 -0.02250000089406967
v -0.013225617818534374 -0.015117013826966286 -0.021300001069903374
v -0.009461215697228909 -0.018378889188170433 -0.02250000089406967
v -0.013225617818534374 -0.015117013826966286 -0.021300001069903374
v -0.011044039390981197 -0.0172318983823061 -0.021300001069903374
v -0.009461215697228909 -0.018378889188170433 -0.02250000089406967
v -0.009461215697228909 -0.018378889188170433 -0.02250000089406967
v -0.011044039390981197 -0.0172318983823061 -0.021300001069903374
v -0.009461215697228909 -0.018378889188170433 -0.021300001069903374
v -0.009461215697228909 -0.018378889188170433 -0.02250000089406967
v -0.009461215697228909 -0.018378889188170433 -0.021300001069903374
v -0.00493032019585371 -0.020448079332709312 -0.02250000089406967
v -0.009461215697228909 -0.018378889188170433 -0.021300001069903374
v -0.006972017697989941 -0.01970815099775791 -0.021300001069903374
v -0.00493032019585371 -0.020448079332709312 -0.02250000089406967
v -0.00493032019585371 -0.020448079332709312 -0.02250000089406967
v -0.006972017697989941 -0.01970815099775791 -0.021300001069903374
v -0.00493032019585371 -0.020448079332709312 -0.021300001069903374
v -0.00493032019585371 -0.020448079332709312 -0.02250000089406967
v -0.00493032019585371 -0.020448079332709312 -0.021300001069903374
v -8.799054262986772e-10 -0.021156953647732735 -0.02250000089406967
v -8.799054262986772e-10 -0.021156953647732735 -0.02250000089406967
v -0.00493032019585371 -0.020448079332709312 -0.021300001069903374
v -0.002382916398346424 -0.020993957296013832 -0.021300001069903374
v -0.002382916398346424 -0.020993957296013832 -0.021300001069903374
v -8.799054262986772e-10 -0.021156953647732735 -0.021300001069903374
v -8.799054262986772e-10 -0.021156953647732735 -0.02250000089406967
v -8.799054262986772e-10 -0.021156953647732735 -0.02250000089406967
v -8.799054262986772e-10 -0.021156953647732735 -0.021300001069903374
v 0.002382916398346424 -0.020993957296013832 -0.021300001069903374
v -8.799054262986772e-10 -0.021156953647732735 -0.02250000089406967
v 0.002382916398346424 -0.020993957296013832 -0.021300001069903374
v 0.00493032019585371 -0.020448079332709312 -0.02250000089406967
v 0.002382916398346424 -0.020993957296013832 -0.021300001069903374
v 0.00493032019585371 -0.020448079332709312 -0.021300001069903374
v 0.00493032019585371 -0.020448079332709312 -0.02250000089406967
v 0.00493032019585371 -0.020448079332709312 -0.02250000089406967
v 0.00493032019585371 -0.020448079332709312 -0.021300001069903374
v 0.00697201956063509 -0.01970815099775791 -0.021300001069903374
v 0.00493032019585371 -0.020448079332709312 -0.02250000089406967
v 0.00697201956063509 -0.01970815099775791 -0.021300001069903374
v 0.00946121383458376 -0.018378889188170433 -0.02250000089406967
v 0.00697201956063509 -0.01970815099775791 -0.021300001069903374
v 0.00946121383458376 -0.018378889188170433 -0.021300001069903374
v 0.00946121383458376 -0.018378889188170433 -0.02250000089406967
v 0.00946121383458376 -0.018378889188170433 -0.02250000089406967
v 0.00946121383458376 -0.018378889188170433 -0.021300001069903374
v 0.011044039390981197 -0.0172318983823061 -0.021300001069903374
v 0.00946121383458376 -0.018378889188170433 -0.02250000089406967
v 0.011044039390981197 -0.0172318983823061 -0.021300001069903374
v 0.013225617818534374 -0.015117013826966286 -0.02250000089406967
v 0.011044039390981197 -0.0172318983823061 -0.021300001069903374
v 0.013225617818534374 -0.015117013826966286 -0.021300001069903374
v 0.013225617818534374 -0.015117013826966286 -0.02250000089406967
v 0.013225617818534374 -0.015117013826966286 -0.02250000089406967
v 0.013225617818534374 -0.015117013826966286 -0.021300001069903374
v 0.014296973124146461 -0.013748856261372566 -0.021300001069903374
v 0.013225617818534374 -0.015117013826966286 -0.02250000089406967
v 0.014296973124146461 -0.013748856261372566 -0.021300001069903374
v 0.015918560326099396 -0.010926714166998863 -0.02250000089406967
v 0.014296973124146461 -0.013748856261372566 -0.021300001069903374
v 0.015918560326099396 -0.010926714166998863 -0.021300001069903374
v 0.015918560326099396 -0.010926714166998863 -0.02250000089406967
v 0.015918560326099396 -0.010926714166998863 -0.02250000089406967
v 0.015918560326099396 -0.010926714166998863 -0.021300001069903374
v 0.01648956723511219 -0.009517347440123558 -0.021300001069903374
v 0.015918560326099396 -0.010926714166998863 -0.02250000089406967
v 0.01648956723511219 -0.009517347440123558 -0.021300001069903374
v 0.01732187531888485 -0.006147464737296104 -0.02250000089406967
v 0.01648956723511219 -0.009517347440123558 -0.021300001069903374
v 0.01732187531888485 -0.006147464737296104 -0.021300001069903374
v 0.01732187531888485 -0.006147464737296104 -0.02250000089406967
v 0.01732187531888485 -0.006147464737296104 -0.02250000089406967
v 0.01732187531888485 -0.006147464737296104 -0.021300001069903374
v 0.01745920442044735 -0.004851197823882103 -0.021300001069903374
v 0.01732187531888485 -0.006147464737296104 -0.02250000089406967
v 0.01745920442044735 -0.004851197823882103 -0.021300001069903374
v 0.01732187531888485 -0.0011664386838674545 -0.02250000089406967
v 0.01745920442044735 -0.004851197823882103 -0.021300001069903374
v 0.01732187531888485 -0.0011664386838674545 -0.021300001069903374
v 0.01732187531888485 -0.0011664386838674545 -0.02250000089406967
v 0.01732187531888485 -0.0011664386838674545 -0.02250000089406967
v 0.01732187531888485 -0.0011664386838674545 -0.021300001069903374
v 0.01713397167623043 -9.646824037190527e-05 -0.021300001069903374
v 0.01732187531888485 -0.0011664386838674545 -0.02250000089406967
v 0.01713397167623043 -9.646824037190527e-05 -0.021300001069903374
v 0.015918560326099396 0.0036128107458353043 -0.02250000089406967
v 0.01713397167623043 -9.646824037190527e-05 -0.021300001069903374
v 0.015918560326099396 0.0036128107458353043 -0.021300001069903374
v 0.015918560326099396 0.0036128107458353043 -0.02250000089406967
v 0.015918560326099396 0.0036128107458353043 -0.02250000089406967
v 0.015918560326099396 0.0036128107458353043 -0.021300001069903374
v 0.015537991188466549 0.004394182935357094 -0.021300001069903374
v 0.015918560326099396 0.0036128107458353043 -0.02250000089406967
v 0.015537991188466549 0.004394182935357094 -0.021300001069903374
v 0.013225617818534374 0.007803114131093025 -0.02250000089406967
v 0.015537991188466549 0.004394182935357094 -0.021300001069903374
v 0.013225617818534374 0.007803114131093025 -0.021300001069903374
v 0.013225617818534374 0.007803114131093025 -0.02250000089406967
v 0.013225617818534374 0.007803114131093025 -0.02250000089406967
v 0.013225617818534374 0.007803114131093025 -0.021300001069903374
v 0.012789629399776459 0.008287729695439339 -0.021300001069903374
v 0.013225617818534374 0.007803114131093025 -0.02250000089406967
v 0.012789629399776459 0.008287729695439339 -0.021300001069903374
v 0.00946121383458376 0.011064985767006874 -0.02250000089406967
v 0.012789629399776459 0.008287729695439339 -0.021300001069903374
v 0.00946121383458376 0.011064985767006874 -0.021300001069903374
v 0.00946121383458376 0.011064985767006874 -0.02250000089406967
v 0.00946121383458376 0.011064985767006874 -0.02250000089406967
v 0.00946121383458376 0.011064985767006874 -0.021300001069903374
v 0.009092719294130802 0.011295387521386147 -0.021300001069903374
v 0.00946121383458376 0.011064985767006874 -0.02250000089406967
v 0.009092719294130802 0.011295387521386147 -0.021300001069903374
v 0.00493032019585371 0.013134175911545753 -0.02250000089406967
v 0.009092719294130802 0.011295387521386147 -0.021300001069903374
v 0.00493032019585371 0.013134175911545753 -0.021300001069903374
v 0.00493032019585371 0.013134175911545753 -0.02250000089406967
v 0.00493032019585371 0.013134175911545753 -0.02250000089406967
v 0.00493032019585371 0.013134175911545753 -0.021300001069903374
v 0.004721443168818951 0.013194100931286812 -0.021300001069903374
v 0.00493032019585371 0.013134175911545753 -0.02250000089406967
v 0.004721443168818951 0.013194100931286812 -0.021300001069903374
v -8.799054262986772e-10 0.013843046501278877 -0.02250000089406967
v -8.799054262986772e-10 0.013843046501278877 -0.02250000089406967
v 0.004721443168818951 0.013194100931286812 -0.021300001069903374
v -8.799054262986772e-10 0.013843046501278877 -0.021300001069903374
v -8.799054262986772e-10 0.013843046501278877 -0.02250000089406967
v -8.799054262986772e-10 0.013843046501278877 -0.021300001069903374
v -0.004721443168818951 0.013194100931286812 -0.021300001069903374
v -0.014542064629495144 -0.013921862468123436 -0.021000001579523087
v -0.015522426925599575 -0.014613879844546318 -0.021000001579523087
v -0.011233366094529629 -0.017464613541960716 -0.021000001579523087
v -0.011990669183433056 -0.01839546672999859 -0.021000001579523087
v -0.007091539911925793 -0.019983312115073204 -0.021000001579523087
v -0.007569621317088604 -0.02108396776020527 -0.021000001579523087
v -0.0024237660691142082 -0.021291160956025124 -0.021000001579523087
v -0.002587166614830494 -0.022479986771941185 -0.021000001579523087
v 0.0024237660691142082 -0.021291160956025124 -0.021000001579523087
v 0.002587166614830494 -0.022479986771941185 -0.021000001579523087
v 0.007091539911925793 -0.019983312115073204 -0.021000001579523087
v 0.007569621317088604 -0.02108396776020527 -0.021000001579523087
v 0.011233365163207054 -0.017464613541960716 -0.021000001579523087
v 0.011990671046078205 -0.01839546672999859 -0.021000001579523087
v 0.01454206369817257 -0.013921862468123436 -0.021000001579523087
v 0.01552242785692215 -0.014613879844546318 -0.021000001579523087
v 0.01677224412560463 -0.009617811068892479 -0.021000001579523087
v 0.017902957275509834 -0.010019665583968163 -0.021000001579523087
v 0.017758503556251526 -0.004871664568781853 -0.021000001579523087
v 0.018955707550048828 -0.0049535613507032394 -0.021000001579523087
v 0.017427697777748108 -3.543308048392646e-05 -0.021000001579523087
v 0.01860259845852852 0.00020871499145869166 -0.021000001579523087
v 0.015804357826709747 0.004532204940915108 -0.021000001579523087
v 0.016869818791747093 0.0050842855125665665 -0.021000001579523087
v 0.01300888042896986 0.008492494001984596 -0.021000001579523087
v 0.01388588361442089 0.009311558678746223 -0.021000001579523087
v 0.009248594753444195 0.011551709845662117 -0.021000001579523087
v 0.009872094728052616 0.012577014043927193 -0.021000001579523087
v 0.004802382551133633 0.013482974842190742 -0.021000001579523087
v 0.0051261382177472115 0.014638477936387062 -0.021000001579523087
v -8.799054262986772e-10 0.014143051579594612 -0.021000001579523087
v -8.799054262986772e-10 0.01534304954111576 -0.021000001579523087
v -0.004802382551133633 0.013482974842190742 -0.021000001579523087
v -0.0051261382177472115 0.014638477936387062 -0.021000001579523087
v -0.009248594753444195 0.011551709845662117 -0.021000001579523087
v -0.009872096590697765 0.012577014043927193 -0.021000001579523087
v -0.01300888042896986 0.008492494001984596 -0.021000001579523087
v -0.013885884545743465 0.009311558678746223 -0.021000001579523087
v -0.015804355964064598 0.004532204940915108 -0.021000001579523087
v -0.016869818791747093 0.0050842855125665665 -0.021000001579523087
v -0.01742769591510296 -3.543308048392646e-05 -0.021000001579523087
v -0.01860259659588337 0.00020871499145869166 -0.021000001579523087
v -0.017758501693606377 -0.004871664568781853 -0.021000001579523087
v -0.01895570568740368 -0.0049535613507032394 -0.021000001579523087
v -0.01677224226295948 -0.009617811068892479 -0.021000001579523087
v -0.017902957275509834 -0.010019665583968163 -0.021000001579523087
v -8.799054262986772e-10 0.013843046501278877 -0.02250000089406967
v -0.00493032019585371 0.013134175911545753 -0.02250000089406967
v -8.799054262986772e-10 -0.0036569517105817795 -0.02250000089406967
v 0.013225617818534374 0.007803114131093025 -0.02250000089406967
v 0.00946121383458376 0.011064985767006874 -0.02250000089406967
v 0.00493032019585371 0.013134175911545753 -0.02250000089406967
v 0.01732187531888485 -0.006147464737296104 -0.02250000089406967
v 0.01732187531888485 -0.0011664386838674545 -0.02250000089406967
v 0.015918560326099396 0.0036128107458353043 -0.02250000089406967
v 0.00946121383458376 -0.018378889188170433 -0.02250000089406967
v 0.013225617818534374 -0.015117013826966286 -0.02250000089406967
v 0.015918560326099396 -0.010926714166998863 -0.02250000089406967
v -0.00493032019585371 -0.020448079332709312 -0.02250000089406967
v -8.799054262986772e-10 -0.021156953647732735 -0.02250000089406967
v 0.00493032019585371 -0.020448079332709312 -0.02250000089406967
v -0.015918558463454247 -0.010926714166998863 -0.02250000089406967
v -0.013225617818534374 -0.015117013826966286 -0.02250000089406967
v -0.009461215697228909 -0.018378889188170433 -0.02250000089406967
v -0.015918558463454247 0.0036128107458353043 -0.02250000089406967
v -0.01732187531888485 -0.0011664386838674545 -0.02250000089406967
v -0.01732187531888485 -0.006147464737296104 -0.02250000089406967
v -0.009461215697228909 0.011064985767006874 -0.02250000089406967
v -0.013225617818534374 0.007803114131093025 -0.02250000089406967
v 0.00029228354105725884 0.01534079946577549 -0.0215000007301569
v -8.799054262986772e-10 0.01534304954111576 -0.021000001579523087
v 0.003778134472668171 0.014963621273636818 -0.0215000007301569
v 0.003778134472668171 0.014963621273636818 -0.0215000007301569
v -8.799054262986772e-10 0.01534304954111576 -0.021000001579523087
v 0.0051261382177472115 0.014638477936387062 -0.021000001579523087
v 0.003778134472668171 0.014963621273636818 -0.0215000007301569
v 0.0051261382177472115 0.014638477936387062 -0.021000001579523087
v 0.0051261382177472115 0.014638477936387062 -0.0215000007301569
v 0.0051261382177472115 0.014638477936387062 -0.0215000007301569
v 0.0051261382177472115 0.014638477936387062 -0.021000001579523087
v 0.007135325111448765 0.013952339068055153 -0.0215000007301569
v 0.007135325111448765 0.013952339068055153 -0.0215000007301569
v 0.0051261382177472115 0.014638477936387062 -0.021000001579523087
v 0.009872094728052616 0.012577014043927193 -0.021000001579523087
v 0.007135325111448765 0.013952339068055153 -0.0215000007301569
v 0.009872094728052616 0.012577014043927193 -0.021000001579523087
v 0.009872094728052616 0.012577014043927193 -0.0215000007301569
v 0.01388588361442089 0.009311558678746223 -0.021000001579523087
v 0.01388588361442089 0.009311558678746223 -0.0215000007301569
v 0.013014702126383781 0.010185645893216133 -0.0215000007301569
v 0.01388588361442089 0.009311558678746223 -0.021000001579523087
v 0.013014702126383781 0.010185645893216133 -0.0215000007301569
v 0.009872094728052616 0.012577014043927193 -0.021000001579523087
v 0.009872094728052616 0.012577014043927193 -0.021000001579523087
v 0.013014702126383781 0.010185645893216133 -0.0215000007301569
v 0.010249530896544456 0.012341396883130074 -0.0215000007301569
v 0.009872094728052616 0.012577014043927193 -0.021000001579523087
v 0.010249530896544456 0.012341396883130074 -0.0215000007301569
v 0.009872094728052616 0.012577014043927193 -0.0215000007301569
v 0.01388588361442089 0.009311558678746223 -0.0215000007301569
v 0.01388588361442089 0.009311558678746223 -0.021000001579523087
v 0.015336672775447369 0.007558504119515419 -0.0215000007301569
v 0.015336672775447369 0.007558504119515419 -0.0215000007301569
v 0.01388588361442089 0.009311558678746223 -0.021000001579523087
v 0.016869818791747093 0.0050842855125665665 -0.021000001579523087
v 0.015336672775447369 0.007558504119515419 -0.0215000007301569
v 0.016869818791747093 0.0050842855125665665 -0.021000001579523087
v 0.016869818791747093 0.0050842855125665665 -0.0215000007301569
v 0.01860259845852852 0.00020871499145869166 -0.021000001579523087
v 0.01860259845852852 0.00020871499145869166 -0.0215000007301569
v 0.018352512270212173 0.0012609008699655533 -0.0215000007301569
v 0.01860259845852852 0.00020871499145869166 -0.021000001579523087
v 0.018352512270212173 0.0012609008699655533 -0.0215000007301569
v 0.016869818791747093 0.0050842855125665665 -0.021000001579523087
v 0.016869818791747093 0.0050842855125665665 -0.021000001579523087
v 0.018352512270212173 0.0012609008699655533 -0.0215000007301569
v 0.01713637262582779 0.004549430683255196 -0.0215000007301569
v 0.016869818791747093 0.0050842855125665665 -0.021000001579523087
v 0.01713637262582779 0.004549430683255196 -0.0215000007301569
v 0.016869818791747093 0.0050842855125665665 -0.0215000007301569
v 0.01860259845852852 0.00020871499145869166 -0.0215000007301569
v 0.01860259845852852 0.00020871499145869166 -0.021000001579523087
v 0.018943678587675095 -0.002195095643401146 -0.0215000007301569
v 0.018943678587675095 -0.002195095643401146 -0.0215000007301569
v 0.01860259845852852 0.00020871499145869166 -0.021000001579523087
v 0.018955707550048828 -0.0049535613507032394 -0.021000001579523087
v 0.018943678587675095 -0.002195095643401146 -0.0215000007301569
v 0.018955707550048828 -0.0049535613507032394 -0.021000001579523087
v 0.018955707550048828 -0.0049535613507032394 -0.0215000007301569
v 0.017902957275509834 -0.010019665583968163 -0.021000001579523087
v 0.017902957275509834 -0.010019665583968163 -0.0215000007301569
v 0.018192537128925323 -0.009137054905295372 -0.0215000007301569
v 0.017902957275509834 -0.010019665583968163 -0.021000001579523087
v 0.018192537128925323 -0.009137054905295372 -0.0215000007301569
v 0.018955707550048828 -0.0049535613507032394 -0.021000001579523087
v 0.018955707550048828 -0.0049535613507032394 -0.021000001579523087
v 0.018192537128925323 -0.009137054905295372 -0.0215000007301569
v 0.018889741972088814 -0.00570087693631649 -0.0215000007301569
v 0.018955707550048828 -0.0049535613507032394 -0.021000001579523087
v 0.018889741972088814 -0.00570087693631649 -0.0215000007301569
v 0.018955707550048828 -0.0049535613507032394 -0.0215000007301569
v 0.017902957275509834 -0.010019665583968163 -0.0215000007301569
v 0.017902957275509834 -0.010019665583968163 -0.021000001579523087
v 0.01687580905854702 -0.012386618182063103 -0.0215000007301569
v 0.01687580905854702 -0.012386618182063103 -0.0215000007301569
v 0.017902957275509834 -0.010019665583968163 -0.021000001579523087
v 0.01552242785692215 -0.014613879844546318 -0.021000001579523087
v 0.01687580905854702 -0.012386618182063103 -0.0215000007301569
v 0.01552242785692215 -0.014613879844546318 -0.021000001579523087
v 0.01552242785692215 -0.014613879844546318 -0.0215000007301569
v 0.011990671046078205 -0.01839546672999859 -0.021000001579523087
v 0.011990671046078205 -0.01839546672999859 -0.0215000007301569
v 0.012582702562212944 -0.017893368378281593 -0.0215000007301569
v 0.011990671046078205 -0.01839546672999859 -0.021000001579523087
v 0.012582702562212944 -0.017893368378281593 -0.0215000007301569
v 0.01552242785692215 -0.014613879844546318 -0.021000001579523087
v 0.01552242785692215 -0.014613879844546318 -0.021000001579523087
v 0.012582702562212944 -0.017893368378281593 -0.0215000007301569
v 0.014984393492341042 -0.015338903293013573 -0.0215000007301569
v 0.01552242785692215 -0.014613879844546318 -0.021000001579523087
v 0.014984393492341042 -0.015338903293013573 -0.0215000007301569
v 0.01552242785692215 -0.014613879844546318 -0.0215000007301569
v 0.011990671046078205 -0.01839546672999859 -0.0215000007301569
v 0.011990671046078205 -0.01839546672999859 -0.021000001579523087
v 0.009752524085342884 -0.019963031634688377 -0.0215000007301569
v 0.009752524085342884 -0.019963031634688377 -0.0215000007301569
v 0.011990671046078205 -0.01839546672999859 -0.021000001579523087
v 0.007569621317088604 -0.02108396776020527 -0.021000001579523087
v 0.009752524085342884 -0.019963031634688377 -0.0215000007301569
v 0.007569621317088604 -0.02108396776020527 -0.021000001579523087
v 0.007569621317088604 -0.02108396776020527 -0.0215000007301569
v 0.002587166614830494 -0.022479986771941185 -0.021000001579523087
v 0.002587166614830494 -0.022479986771941185 -0.0215000007301569
v 0.0032035214826464653 -0.02238493598997593 -0.0215000007301569
v 0.002587166614830494 -0.022479986771941185 -0.021000001579523087
v 0.0032035214826464653 -0.02238493598997593 -0.0215000007301569
v 0.007569621317088604 -0.02108396776020527 -0.021000001579523087
v 0.007569621317088604 -0.02108396776020527 -0.021000001579523087
v 0.0032035214826464653 -0.02238493598997593 -0.0215000007301569
v 0.006590233184397221 -0.021477414295077324 -0.0215000007301569
v 0.007569621317088604 -0.02108396776020527 -0.021000001579523087
v 0.006590233184397221 -0.021477414295077324 -0.0215000007301569
v 0.007569621317088604 -0.02108396776020527 -0.0215000007301569
v 0.002587166614830494 -0.022479986771941185 -0.0215000007301569
v 0.002587166614830494 -0.022479986771941185 -0.021000001579523087
v -0.000292283424641937 -0.02265470288693905 -0.0215000007301569
v -0.000292283424641937 -0.02265470288693905 -0.0215000007301569
v 0.002587166614830494 -0.022479986771941185 -0.021000001579523087
v -0.002587166614830494 -0.022479986771941185 -0.021000001579523087
v -0.000292283424641937 -0.02265470288693905 -0.0215000007301569
v -0.002587166614830494 -0.022479986771941185 -0.021000001579523087
v -0.002587166614830494 -0.022479986771941185 -0.0215000007301569
v -0.007569621317088604 -0.02108396776020527 -0.021000001579523087
v -0.007569621317088604 -0.02108396776020527 -0.0215000007301569
v -0.007135323248803616 -0.021266242489218712 -0.0215000007301569
v -0.007569621317088604 -0.02108396776020527 -0.021000001579523087
v -0.007135323248803616 -0.021266242489218712 -0.0215000007301569
v -0.002587166614830494 -0.022479986771941185 -0.021000001579523087
v -0.002587166614830494 -0.022479986771941185 -0.021000001579523087
v -0.007135323248803616 -0.021266242489218712 -0.0215000007301569
v -0.003778134472668171 -0.022277524694800377 -0.0215000007301569
v -0.002587166614830494 -0.022479986771941185 -0.021000001579523087
v -0.003778134472668171 -0.022277524694800377 -0.0215000007301569
v -0.002587166614830494 -0.022479986771941185 -0.0215000007301569
v -0.007569621317088604 -0.02108396776020527 -0.0215000007301569
v -0.007569621317088604 -0.02108396776020527 -0.021000001579523087
v -0.010249531827867031 -0.019655300304293633 -0.0215000007301569
v -0.010249531827867031 -0.019655300304293633 -0.0215000007301569
v -0.007569621317088604 -0.02108396776020527 -0.021000001579523087
v -0.011990669183433056 -0.01839546672999859 -0.021000001579523087
v -0.010249531827867031 -0.019655300304293633 -0.0215000007301569
v -0.011990669183433056 -0.01839546672999859 -0.021000001579523087
v -0.011990669183433056 -0.01839546672999859 -0.0215000007301569
v -0.015522426925599575 -0.014613879844546318 -0.021000001579523087
v -0.015522426925599575 -0.014613879844546318 -0.0215000007301569
v -0.015336672775447369 -0.014872407540678978 -0.0215000007301569
v -0.015522426925599575 -0.014613879844546318 -0.021000001579523087
v -0.015336672775447369 -0.014872407540678978 -0.0215000007301569
v -0.011990669183433056 -0.01839546672999859 -0.021000001579523087
v -0.011990669183433056 -0.01839546672999859 -0.021000001579523087
v -0.015336672775447369 -0.014872407540678978 -0.0215000007301569
v -0.013014703057706356 -0.017499549314379692 -0.0215000007301569
v -0.011990669183433056 -0.01839546672999859 -0.021000001579523087
v -0.013014703057706356 -0.017499549314379692 -0.0215000007301569
v -0.011990669183433056 -0.01839546672999859 -0.0215000007301569
v -0.015522426925599575 -0.014613879844546318 -0.0215000007301569
v -0.015522426925599575 -0.014613879844546318 -0.021000001579523087
v -0.01713637076318264 -0.011863337829709053 -0.0215000007301569
v -0.01713637076318264 -0.011863337829709053 -0.0215000007301569
v -0.015522426925599575 -0.014613879844546318 -0.021000001579523087
v -0.017902957275509834 -0.010019665583968163 -0.021000001579523087
v -0.01713637076318264 -0.011863337829709053 -0.0215000007301569
v -0.017902957275509834 -0.010019665583968163 -0.021000001579523087
v -0.017902957275509834 -0.010019665583968163 -0.0215000007301569
v -0.01895570568740368 -0.0049535613507032394 -0.021000001579523087
v -0.01895570568740368 -0.0049535613507032394 -0.0215000007301569
v -0.018943676725029945 -0.005118807777762413 -0.0215000007301569
v -0.01895570568740368 -0.0049535613507032394 -0.021000001579523087
v -0.018943676725029945 -0.005118807777762413 -0.0215000007301569
v -0.017902957275509834 -0.010019665583968163 -0.021000001579523087
v -0.017902957275509834 -0.010019665583968163 -0.021000001579523087
v -0.018943676725029945 -0.005118807777762413 -0.0215000007301569
v -0.018352510407567024 -0.00857481174170971 -0.0215000007301569
v -0.017902957275509834 -0.010019665583968163 -0.021000001579523087
v -0.018352510407567024 -0.00857481174170971 -0.0215000007301569
v -0.017902957275509834 -0.010019665583968163 -0.0215000007301569
v -0.01895570568740368 -0.0049535613507032394 -0.0215000007301569
v -0.01895570568740368 -0.0049535613507032394 -0.021000001579523087
v -0.018889741972088814 -0.0016130264848470688 -0.0215000007301569
v -0.018889741972088814 -0.0016130264848470688 -0.0215000007301569
v -0.01895570568740368 -0.0049535613507032394 -0.021000001579523087
v -0.01860259659588337 0.00020871499145869166 -0.021000001579523087
v -0.018889741972088814 -0.0016130264848470688 -0.0215000007301569
v -0.01860259659588337 0.00020871499145869166 -0.021000001579523087
v -0.01860259659588337 0.00020871499145869166 -0.0215000007301569
v -0.01860259659588337 0.00020871499145869166 -0.0215000007301569
v -0.01860259659588337 0.00020871499145869166 -0.021000001579523087
v -0.018192535266280174 0.001823151484131813 -0.0215000007301569
v -0.018192535266280174 0.001823151484131813 -0.0215000007301569
v -0.01860259659588337 0.00020871499145869166 -0.021000001579523087
v -0.016869818791747093 0.0050842855125665665 -0.021000001579523087
v -0.018192535266280174 0.001823151484131813 -0.0215000007301569
v -0.016869818791747093 0.0050842855125665665 -0.021000001579523087
v -0.01687580905854702 0.005072714760899544 -0.0215000007301569
v -0.01687580905854702 0.005072714760899544 -0.0215000007301569
v -0.016869818791747093 0.0050842855125665665 -0.021000001579523087
v -0.014984394423663616 0.008024999871850014 -0.0215000007301569
v -0.014984394423663616 0.008024999871850014 -0.0215000007301569
v -0.016869818791747093 0.0050842855125665665 -0.021000001579523087
v -0.013885884545743465 0.009311558678746223 -0.021000001579523087
v -0.014984394423663616 0.008024999871850014 -0.0215000007301569
v -0.013885884545743465 0.009311558678746223 -0.021000001579523087
v -0.013885884545743465 0.009311558678746223 -0.0215000007301569
v -0.013885884545743465 0.009311558678746223 -0.0215000007301569
v -0.013885884545743465 0.009311558678746223 -0.021000001579523087
v -0.012582703493535519 0.010579468682408333 -0.0215000007301569
v -0.012582703493535519 0.010579468682408333 -0.0215000007301569
v -0.013885884545743465 0.009311558678746223 -0.021000001579523087
v -0.009872096590697765 0.012577014043927193 -0.021000001579523087
v -0.012582703493535519 0.010579468682408333 -0.0215000007301569
v -0.009872096590697765 0.012577014043927193 -0.021000001579523087
v -0.009872096590697765 0.012577014043927193 -0.0215000007301569
v -0.0051261382177472115 0.014638477936387062 -0.021000001579523087
v -0.00659023504704237 0.014163510873913765 -0.0215000007301569
v -0.009872096590697765 0.012577014043927193 -0.021000001579523087
v -0.009872096590697765 0.012577014043927193 -0.021000001579523087
v -0.00659023504704237 0.014163510873913765 -0.0215000007301569
v -0.009752522222697735 0.012649128213524818 -0.0215000007301569
v -0.009872096590697765 0.012577014043927193 -0.021000001579523087
v -0.009752522222697735 0.012649128213524818 -0.0215000007301569
v -0.009872096590697765 0.012577014043927193 -0.0215000007301569
v 0.00029228354105725884 0.01534079946577549 -0.0215000007301569
v -8.799054262986772e-10 0.01534304954111576 -0.0215000007301569
v -8.799054262986772e-10 0.01534304954111576 -0.021000001579523087
v -8.799054262986772e-10 0.01534304954111576 -0.021000001579523087
v -8.799054262986772e-10 0.01534304954111576 -0.0215000007301569
v -0.0032035214826464653 0.015071036294102669 -0.0215000007301569
v -8.799054262986772e-10 0.01534304954111576 -0.021000001579523087
v -0.0032035214826464653 0.015071036294102669 -0.0215000007301569
v -0.0051261382177472115 0.014638477936387062 -0.021000001579523087
v -0.0051261382177472115 0.014638477936387062 -0.021000001579523087
v -0.0032035214826464653 0.015071036294102669 -0.0215000007301569
v -0.0051261382177472115 0.014638477936387062 -0.0215000007301569
v -0.0051261382177472115 0.014638477936387062 -0.021000001579523087
v -0.0051261382177472115 0.014638477936387062 -0.0215000007301569
v -0.00659023504704237 0.014163510873913765 -0.0215000007301569
v -0.0033137714490294456 0.01571555621922016 -0.02243819274008274
v -0.006937089376151562 0.015101427212357521 -0.02250000089406967
v -0.00681703444570303 0.014776797965168953 -0.02243819274008274
v -0.00681703444570303 0.014776797965168953 -0.02243819274008274
v -0.006937089376151562 0.015101427212357521 -0.02250000089406967
v -0.010265815071761608 0.01350734569132328 -0.02250000089406967
v -0.01008815597742796 0.013210298493504524 -0.02243819274008274
v -0.01008815597742796 0.013210298493504524 -0.02243819274008274
v -0.010265815071761608 0.01350734569132328 -0.02250000089406967
v -0.013244952075183392 0.011328751221299171 -0.02250000089406967
v -0.01301573496311903 0.011069411411881447 -0.02243819274008274
v -0.01301573496311903 0.011069411411881447 -0.02243819274008274
v -0.013244952075183392 0.011328751221299171 -0.02250000089406967
v -0.015773044899106026 0.008639836683869362 -0.02250000089406967
v -0.015500078909099102 0.008427033200860023 -0.02243819274008274
v -0.015500078909099102 0.008427033200860023 -0.02243819274008274
v -0.015773044899106026 0.008639836683869362 -0.02250000089406967
v -0.017764007672667503 0.0055321697145700455 -0.02250000089406967
v -0.01745658554136753 0.005373144522309303 -0.02243819274008274
v -0.01745658554136753 0.005373144522309303 -0.02243819274008274
v -0.017764007672667503 0.0055321697145700455 -0.02250000089406967
v -0.019150039181113243 0.0021115783601999283 -0.02250000089406967
v -0.018818629905581474 0.002011755481362343 -0.02243819274008274
v -0.018818629905581474 0.002011755481362343 -0.02243819274008274
v -0.019150039181113243 0.0021115783601999283 -0.02250000089406967
v -0.019883939996361732 -0.0015054475516080856 -0.02250000089406967
v -0.019539831206202507 -0.001542685553431511 -0.02243819274008274
v -0.019539831206202507 -0.001542685553431511 -0.02243819274008274
v -0.019883939996361732 -0.0015054475516080856 -0.02250000089406967
v -0.019940713420510292 -0.005195749923586845 -0.02250000089406967
v -0.019595621153712273 -0.005169114097952843 -0.02243819274008274
v -0.019595621153712273 -0.005169114097952843 -0.02243819274008274
v -0.019940713420510292 -0.005195749923586845 -0.02250000089406967
v -0.019318433478474617 -0.008833644911646843 -0.02250000089406967
v -0.01898411102592945 -0.00874405913054943 -0.02243819274008274
v -0.01898411102592945 -0.00874405913054943 -0.02243819274008274
v -0.019318433478474617 -0.008833644911646843 -0.02250000089406967
v -0.01803828589618206 -0.012295251712203026 -0.02250000089406967
v -0.017726117745041847 -0.012145759537816048 -0.02243819274008274
v -0.017726117745041847 -0.012145759537816048 -0.02243819274008274
v -0.01803828589618206 -0.012295251712203026 -0.02250000089406967
v -0.016143864020705223 -0.015462694689631462 -0.02250000089406967
v -0.015864482149481773 -0.015258388593792915 -0.02243819274008274
v -0.015864482149481773 -0.015258388593792915 -0.02243819274008274
v -0.016143864020705223 -0.015462694689631462 -0.02250000089406967
v -0.013699687086045742 -0.018228108063340187 -0.02250000089406967
v -0.013462602160871029 -0.0179759431630373 -0.02243819274008274
v -0.013462602160871029 -0.0179759431630373 -0.02243819274008274
v -0.013699687086045742 -0.018228108063340187 -0.02250000089406967
v -0.010788979940116405 -0.020497316494584084 -0.02250000089406967
v -0.010602268390357494 -0.02020587958395481 -0.02243819274008274
v -0.010602268390357494 -0.02020587958395481 -0.02243819274008274
v -0.010788979940116405 -0.020497316494584084 -0.02250000089406967
v -0.007510869763791561 -0.022193046286702156 -0.02250000089406967
v -0.007380886934697628 -0.0218722652643919 -0.02243819274008274
v -0.007380886934697628 -0.0218722652643919 -0.02243819274008274
v -0.007510869763791561 -0.022193046286702156 -0.02250000089406967
v -0.003976983018219471 -0.023257555440068245 -0.02250000089406967
v -0.003908158279955387 -0.022918349131941795 -0.02243819274008274
v -0.003908158279955387 -0.022918349131941795 -0.02243819274008274
v -0.003976983018219471 -0.023257555440068245 -0.02250000089406967
v -0.00030766514828428626 -0.02365458570420742 -0.02250000089406967
v -0.0003023417084477842 -0.023308509960770607 -0.02243819274008274
v -0.0003023417084477842 -0.023308509960770607 -0.02243819274008274
v -0.00030766514828428626 -0.02365458570420742 -0.02250000089406967
v -8.799054262986772e-10 -0.023656951263546944 -0.02250000089406967
v -0.0003023417084477842 -0.023308509960770607 -0.02243819274008274
v -8.799054262986772e-10 -0.023656951263546944 -0.02250000089406967
v 0.0033137695863842964 -0.02302945964038372 -0.02243819274008274
v -8.799054262986772e-10 -0.023656951263546944 -0.02250000089406967
v 0.0033721281215548515 -0.023370621725916862 -0.02250000089406967
v 0.0033137695863842964 -0.02302945964038372 -0.02243819274008274
v 0.0033137695863842964 -0.02302945964038372 -0.02243819274008274
v 0.0033721281215548515 -0.023370621725916862 -0.02250000089406967
v 0.0069370875135064125 -0.02241533063352108 -0.02250000089406967
v 0.006817036308348179 -0.022090701386332512 -0.02243819274008274
v 0.006817036308348179 -0.022090701386332512 -0.02243819274008274
v 0.0069370875135064125 -0.02241533063352108 -0.02250000089406967
v 0.010265814140439034 -0.02082124911248684 -0.02250000089406967
v 0.01008815597742796 -0.02052420563995838 -0.02243819274008274
v 0.01008815597742796 -0.02052420563995838 -0.02243819274008274
v 0.010265814140439034 -0.02082124911248684 -0.02250000089406967
v 0.013244950212538242 -0.01864265464246273 -0.02250000089406967
v 0.01301573496311903 -0.018383314833045006 -0.02243819274008274
v 0.01301573496311903 -0.018383314833045006 -0.02243819274008274
v 0.013244950212538242 -0.01864265464246273 -0.02250000089406967
v 0.015773046761751175 -0.01595374010503292 -0.02250000089406967
v 0.015500079840421677 -0.015740936622023582 -0.02243819274008274
v 0.015500079840421677 -0.015740936622023582 -0.02243819274008274
v 0.015773046761751175 -0.01595374010503292 -0.02250000089406967
v 0.017764009535312653 -0.012846076861023903 -0.02250000089406967
v 0.01745658740401268 -0.01268705166876316 -0.02243819274008274
v 0.01745658740401268 -0.01268705166876316 -0.02243819274008274
v 0.017764009535312653 -0.012846076861023903 -0.02250000089406967
v 0.019150039181113243 -0.009425481781363487 -0.02250000089406967
v 0.018818631768226624 -0.009325658902525902 -0.02243819274008274
v 0.018818631768226624 -0.009325658902525902 -0.02243819274008274
v 0.019150039181113243 -0.009425481781363487 -0.02250000089406967
v 0.019883939996361732 -0.005808455869555473 -0.02250000089406967
v 0.019539831206202507 -0.005771217867732048 -0.02243819274008274
v 0.019539831206202507 -0.005771217867732048 -0.02243819274008274
v 0.019883939996361732 -0.005808455869555473 -0.02250000089406967
v 0.01994071528315544 -0.0021181534975767136 -0.02250000089406967
v 0.01959562487900257 -0.0021447893232107162 -0.02243819274008274
v 0.01959562487900257 -0.0021447893232107162 -0.02243819274008274
v 0.01994071528315544 -0.0021181534975767136 -0.02250000089406967
v 0.019318433478474617 0.001519741490483284 -0.02250000089406967
v 0.01898411102592945 0.0014301557093858719 -0.02243819274008274
v 0.01898411102592945 0.0014301557093858719 -0.02243819274008274
v 0.019318433478474617 0.001519741490483284 -0.02250000089406967
v 0.01803828589618206 0.004981348291039467 -0.02250000089406967
v 0.017726117745041847 0.00483185239136219 -0.02243819274008274
v 0.017726117745041847 0.00483185239136219 -0.02243819274008274
v 0.01803828589618206 0.004981348291039467 -0.02250000089406967
v 0.016143865883350372 0.008148791268467903 -0.02250000089406967
v 0.015864484012126923 0.007944481447339058 -0.02243819274008274
v 0.015864484012126923 0.007944481447339058 -0.02243819274008274
v 0.016143865883350372 0.008148791268467903 -0.02250000089406967
v 0.013699686154723167 0.01091420091688633 -0.02250000089406967
v 0.013462601229548454 0.010662036016583443 -0.02243819274008274
v 0.013462601229548454 0.010662036016583443 -0.02243819274008274
v 0.013699686154723167 0.01091420091688633 -0.02250000089406967
v 0.010788979940116405 0.013183416798710823 -0.02250000089406967
v 0.01060226745903492 0.01289197988808155 -0.02243819274008274
v 0.01060226745903492 0.01289197988808155 -0.02243819274008274
v 0.010788979940116405 0.013183416798710823 -0.02250000089406967
v 0.007510867901146412 0.014879146590828896 -0.02250000089406967
v 0.007380886934697628 0.01455836184322834 -0.02243819274008274
v 0.007380886934697628 0.01455836184322834 -0.02243819274008274
v 0.007510867901146412 0.014879146590828896 -0.02250000089406967
v 0.003976983018219471 0.015943648293614388 -0.02250000089406967
v 0.003908158279955387 0.015604445710778236 -0.02243819274008274
v 0.003908158279955387 0.015604445710778236 -0.02243819274008274
v 0.003976983018219471 0.015943648293614388 -0.02250000089406967
v 0.0003076652646996081 0.01634068228304386 -0.02250000089406967
v 0.000302341824863106 0.01599460281431675 -0.02243819274008274
v 0.000302341824863106 0.01599460281431675 -0.02243819274008274
v 0.0003076652646996081 0.01634068228304386 -0.02250000089406967
v -8.799054262986772e-10 0.016343051567673683 -0.02250000089406967
v 0.000302341824863106 0.01599460281431675 -0.02243819274008274
v -8.799054262986772e-10 0.016343051567673683 -0.02250000089406967
v -0.0033137714490294456 0.01571555621922016 -0.02243819274008274
v -0.0033137714490294456 0.01571555621922016 -0.02243819274008274
v -8.799054262986772e-10 0.016343051567673683 -0.02250000089406967
v -0.0033721281215548515 0.016056718304753304 -0.02250000089406967
v -0.0033721281215548515 0.016056718304753304 -0.02250000089406967
v -8.799054262986772e-10 0.01534304954111576 -0.0215000007301569
v 0.00029323349008336663 0.015402602031826973 -0.021846117451786995
v -0.0032035214826464653 0.015071036294102669 -0.0215000007301569
v -0.0032035214826464653 0.015071036294102669 -0.0215000007301569
v 0.00029323349008336663 0.015402602031826973 -0.021846117451786995
v -0.0032139429822564125 0.015131959691643715 -0.021846117451786995
v -0.0032035214826464653 0.015071036294102669 -0.0215000007301569
v -0.0032139429822564125 0.015131959691643715 -0.021846117451786995
v -0.0051261382177472115 0.014638477936387062 -0.0215000007301569
v -0.0051261382177472115 0.014638477936387062 -0.0215000007301569
v -0.0032139429822564125 0.015131959691643715 -0.021846117451786995
v -0.006611674092710018 0.01422148384153843 -0.021846117451786995
v -0.0051261382177472115 0.014638477936387062 -0.0215000007301569
v -0.006611674092710018 0.01422148384153843 -0.021846117451786995
v -0.00659023504704237 0.014163510873913765 -0.0215000007301569
v -0.00659023504704237 0.014163510873913765 -0.0215000007301569
v -0.006611674092710018 0.01422148384153843 -0.021846117451786995
v -0.009784250520169735 0.012702176347374916 -0.021846117451786995
v -0.009752522222697735 0.012649128213524818 -0.0215000007301569
v -0.01825171895325184 0.0018409807235002518 -0.021846117451786995
v -0.01687580905854702 0.005072714760899544 -0.0215000007301569
v -0.016930704936385155 0.005101116374135017 -0.021846117451786995
v -0.016930704936385155 0.005101116374135017 -0.021846117451786995
v -0.01687580905854702 0.005072714760899544 -0.0215000007301569
v -0.014984394423663616 0.008024999871850014 -0.0215000007301569
v -0.01503313984721899 0.008062997832894325 -0.021846117451786995
v -0.01503313984721899 0.008062997832894325 -0.021846117451786995
v -0.014984394423663616 0.008024999871850014 -0.0215000007301569
v -0.013885884545743465 0.009311558678746223 -0.0215000007301569
v -0.01503313984721899 0.008062997832894325 -0.021846117451786995
v -0.013885884545743465 0.009311558678746223 -0.0215000007301569
v -0.012623636983335018 0.010625781491398811 -0.021846117451786995
v -0.012623636983335018 0.010625781491398811 -0.021846117451786995
v -0.013885884545743465 0.009311558678746223 -0.0215000007301569
v -0.012582703493535519 0.010579468682408333 -0.0215000007301569
v -0.012623636983335018 0.010625781491398811 -0.021846117451786995
v -0.012582703493535519 0.010579468682408333 -0.0215000007301569
v -0.009784250520169735 0.012702176347374916 -0.021846117451786995
v -0.009784250520169735 0.012702176347374916 -0.021846117451786995
v -0.012582703493535519 0.010579468682408333 -0.0215000007301569
v -0.009872096590697765 0.012577014043927193 -0.0215000007301569
v -0.009784250520169735 0.012702176347374916 -0.021846117451786995
v -0.009872096590697765 0.012577014043927193 -0.0215000007301569
v -0.009752522222697735 0.012649128213524818 -0.0215000007301569
v -0.018951190635561943 -0.0016063731163740158 -0.021846117451786995
v -0.01860259659588337 0.00020871499145869166 -0.0215000007301569
v -0.01825171895325184 0.0018409807235002518 -0.021846117451786995
v -0.01825171895325184 0.0018409807235002518 -0.021846117451786995
v -0.01860259659588337 0.00020871499145869166 -0.0215000007301569
v -0.018192535266280174 0.001823151484131813 -0.0215000007301569
v -0.01825171895325184 0.0018409807235002518 -0.021846117451786995
v -0.018192535266280174 0.001823151484131813 -0.0215000007301569
v -0.01687580905854702 0.005072714760899544 -0.0215000007301569
v -0.018412211909890175 -0.008590808138251305 -0.021846117451786995
v -0.018943676725029945 -0.005118807777762413 -0.0215000007301569
v -0.0190053042024374 -0.00512356124818325 -0.021846117451786995
v -0.0190053042024374 -0.00512356124818325 -0.021846117451786995
v -0.018943676725029945 -0.005118807777762413 -0.0215000007301569
v -0.01895570568740368 -0.0049535613507032394 -0.0215000007301569
v -0.0190053042024374 -0.00512356124818325 -0.021846117451786995
v -0.01895570568740368 -0.0049535613507032394 -0.0215000007301569
v -0.018951190635561943 -0.0016063731163740158 -0.021846117451786995
v -0.018951190635561943 -0.0016063731163740158 -0.021846117451786995
v -0.01895570568740368 -0.0049535613507032394 -0.0215000007301569
v -0.018889741972088814 -0.0016130264848470688 -0.0215000007301569
v -0.018951190635561943 -0.0016063731163740158 -0.021846117451786995
v -0.018889741972088814 -0.0016130264848470688 -0.0215000007301569
v -0.01860259659588337 0.00020871499145869166 -0.0215000007301569
v -0.017192116007208824 -0.011890033259987831 -0.021846117451786995
v -0.017902957275509834 -0.010019665583968163 -0.0215000007301569
v -0.018412211909890175 -0.008590808138251305 -0.021846117451786995
v -0.018412211909890175 -0.008590808138251305 -0.021846117451786995
v -0.017902957275509834 -0.010019665583968163 -0.0215000007301569
v -0.018352510407567024 -0.00857481174170971 -0.0215000007301569
v -0.018352510407567024 -0.00857481174170971 -0.0215000007301569
v -0.013057040981948376 -0.0175445806235075 -0.021846117451786995
v -0.015336672775447369 -0.014872407540678978 -0.0215000007301569
v -0.015386565588414669 -0.014908893033862114 -0.021846117451786995
v -0.015386565588414669 -0.014908893033862114 -0.021846117451786995
v -0.015336672775447369 -0.014872407540678978 -0.0215000007301569
v -0.015522426925599575 -0.014613879844546318 -0.0215000007301569
v -0.015386565588414669 -0.014908893033862114 -0.021846117451786995
v -0.015522426925599575 -0.014613879844546318 -0.0215000007301569
v -0.017192116007208824 -0.011890033259987831 -0.021846117451786995
v -0.017192116007208824 -0.011890033259987831 -0.021846117451786995
v -0.015522426925599575 -0.014613879844546318 -0.0215000007301569
v -0.01713637076318264 -0.011863337829709053 -0.0215000007301569
v -0.017192116007208824 -0.011890033259987831 -0.021846117451786995
v -0.01713637076318264 -0.011863337829709053 -0.0215000007301569
v -0.017902957275509834 -0.010019665583968163 -0.0215000007301569
v -0.010282873176038265 -0.019707342609763145 -0.021846117451786995
v -0.011990669183433056 -0.01839546672999859 -0.0215000007301569
v -0.013057040981948376 -0.0175445806235075 -0.021846117451786995
v -0.013057040981948376 -0.0175445806235075 -0.021846117451786995
v -0.011990669183433056 -0.01839546672999859 -0.0215000007301569
v -0.013014703057706356 -0.017499549314379692 -0.0215000007301569
v -0.013014703057706356 -0.017499549314379692 -0.0215000007301569
v -0.003790424205362797 -0.022338097915053368 -0.021846117451786995
v -0.007135323248803616 -0.021266242489218712 -0.0215000007301569
v -0.007158535532653332 -0.02132352627813816 -0.021846117451786995
v -0.007158535532653332 -0.02132352627813816 -0.021846117451786995
v -0.007135323248803616 -0.021266242489218712 -0.0215000007301569
v -0.007569621317088604 -0.02108396776020527 -0.0215000007301569
v -0.007158535532653332 -0.02132352627813816 -0.021846117451786995
v -0.007569621317088604 -0.02108396776020527 -0.0215000007301569
v -0.010282873176038265 -0.019707342609763145 -0.021846117451786995
v -0.010282873176038265 -0.019707342609763145 -0.021846117451786995
v -0.007569621317088604 -0.02108396776020527 -0.0215000007301569
v -0.010249531827867031 -0.019655300304293633 -0.0215000007301569
v -0.010282873176038265 -0.019707342609763145 -0.021846117451786995
v -0.010249531827867031 -0.019655300304293633 -0.0215000007301569
v -0.011990669183433056 -0.01839546672999859 -0.0215000007301569
v -0.0002932333736680448 -0.022716505452990532 -0.021846117451786995
v -0.002587166614830494 -0.022479986771941185 -0.0215000007301569
v -0.003790424205362797 -0.022338097915053368 -0.021846117451786995
v -0.003790424205362797 -0.022338097915053368 -0.021846117451786995
v -0.002587166614830494 -0.022479986771941185 -0.0215000007301569
v -0.003778134472668171 -0.022277524694800377 -0.0215000007301569
v -0.003778134472668171 -0.022277524694800377 -0.0215000007301569
v 0.006611672230064869 -0.02153538353741169 -0.021846117451786995
v 0.0032035214826464653 -0.02238493598997593 -0.0215000007301569
v 0.0032139429822564125 -0.022445863112807274 -0.021846117451786995
v 0.0032139429822564125 -0.022445863112807274 -0.021846117451786995
v 0.0032035214826464653 -0.02238493598997593 -0.0215000007301569
v 0.002587166614830494 -0.022479986771941185 -0.0215000007301569
v 0.0032139429822564125 -0.022445863112807274 -0.021846117451786995
v 0.002587166614830494 -0.022479986771941185 -0.0215000007301569
v -0.0002932333736680448 -0.022716505452990532 -0.021846117451786995
v -0.0002932333736680448 -0.022716505452990532 -0.021846117451786995
v 0.002587166614830494 -0.022479986771941185 -0.0215000007301569
v -0.000292283424641937 -0.02265470288693905 -0.0215000007301569
v -0.0002932333736680448 -0.022716505452990532 -0.021846117451786995
v -0.000292283424641937 -0.02265470288693905 -0.0215000007301569
v -0.002587166614830494 -0.022479986771941185 -0.0215000007301569
v 0.00978424958884716 -0.020016079768538475 -0.021846117451786995
v 0.007569621317088604 -0.02108396776020527 -0.0215000007301569
v 0.006611672230064869 -0.02153538353741169 -0.021846117451786995
v 0.006611672230064869 -0.02153538353741169 -0.021846117451786995
v 0.007569621317088604 -0.02108396776020527 -0.0215000007301569
v 0.006590233184397221 -0.021477414295077324 -0.0215000007301569
v 0.006611672230064869 -0.02153538353741169 -0.021846117451786995
v 0.006590233184397221 -0.021477414295077324 -0.0215000007301569
v 0.0032035214826464653 -0.02238493598997593 -0.0215000007301569
v 0.01552242785692215 -0.014613879844546318 -0.0215000007301569
v 0.014984393492341042 -0.015338903293013573 -0.0215000007301569
v 0.015033138915896416 -0.015376904979348183 -0.021846117451786995
v 0.015033138915896416 -0.015376904979348183 -0.021846117451786995
v 0.014984393492341042 -0.015338903293013573 -0.0215000007301569
v 0.012582702562212944 -0.017893368378281593 -0.0215000007301569
v 0.012623636052012444 -0.017939681187272072 -0.021846117451786995
v 0.012623636052012444 -0.017939681187272072 -0.021846117451786995
v 0.012582702562212944 -0.017893368378281593 -0.0215000007301569
v 0.011990671046078205 -0.01839546672999859 -0.0215000007301569
v 0.012623636052012444 -0.017939681187272072 -0.021846117451786995
v 0.011990671046078205 -0.01839546672999859 -0.0215000007301569
v 0.00978424958884716 -0.020016079768538475 -0.021846117451786995
v 0.00978424958884716 -0.020016079768538475 -0.021846117451786995
v 0.011990671046078205 -0.01839546672999859 -0.0215000007301569
v 0.009752524085342884 -0.019963031634688377 -0.0215000007301569
v 0.00978424958884716 -0.020016079768538475 -0.021846117451786995
v 0.009752524085342884 -0.019963031634688377 -0.0215000007301569
v 0.007569621317088604 -0.02108396776020527 -0.0215000007301569
v 0.01552242785692215 -0.014613879844546318 -0.0215000007301569
v 0.015033138915896416 -0.015376904979348183 -0.021846117451786995
v 0.01687580905854702 -0.012386618182063103 -0.0215000007301569
v 0.01687580905854702 -0.012386618182063103 -0.0215000007301569
v 0.015033138915896416 -0.015376904979348183 -0.021846117451786995
v 0.016930706799030304 -0.012415016070008278 -0.021846117451786995
v 0.01687580905854702 -0.012386618182063103 -0.0215000007301569
v 0.016930706799030304 -0.012415016070008278 -0.021846117451786995
v 0.017902957275509834 -0.010019665583968163 -0.0215000007301569
v 0.017902957275509834 -0.010019665583968163 -0.0215000007301569
v 0.016930706799030304 -0.012415016070008278 -0.021846117451786995
v 0.018251720815896988 -0.00915488414466381 -0.021846117451786995
v 0.017902957275509834 -0.010019665583968163 -0.0215000007301569
v 0.018251720815896988 -0.00915488414466381 -0.021846117451786995
v 0.018192537128925323 -0.009137054905295372 -0.0215000007301569
v 0.018192537128925323 -0.009137054905295372 -0.0215000007301569
v 0.018251720815896988 -0.00915488414466381 -0.021846117451786995
v 0.018951192498207092 -0.005707530304789543 -0.021846117451786995
v 0.018889741972088814 -0.00570087693631649 -0.0215000007301569
v 0.016869818791747093 0.0050842855125665665 -0.0215000007301569
v 0.01713637262582779 0.004549430683255196 -0.0215000007301569
v 0.017192117869853973 0.004576133564114571 -0.021846117451786995
v 0.017192117869853973 0.004576133564114571 -0.021846117451786995
v 0.01713637262582779 0.004549430683255196 -0.0215000007301569
v 0.018352512270212173 0.0012609008699655533 -0.0215000007301569
v 0.018412213772535324 0.0012769047170877457 -0.021846117451786995
v 0.018412213772535324 0.0012769047170877457 -0.021846117451786995
v 0.018352512270212173 0.0012609008699655533 -0.0215000007301569
v 0.01860259845852852 0.00020871499145869166 -0.0215000007301569
v 0.018412213772535324 0.0012769047170877457 -0.021846117451786995
v 0.01860259845852852 0.00020871499145869166 -0.0215000007301569
v 0.0190053042024374 -0.0021903421729803085 -0.021846117451786995
v 0.0190053042024374 -0.0021903421729803085 -0.021846117451786995
v 0.01860259845852852 0.00020871499145869166 -0.0215000007301569
v 0.018943678587675095 -0.002195095643401146 -0.0215000007301569
v 0.0190053042024374 -0.0021903421729803085 -0.021846117451786995
v 0.018943678587675095 -0.002195095643401146 -0.0215000007301569
v 0.018951192498207092 -0.005707530304789543 -0.021846117451786995
v 0.018951192498207092 -0.005707530304789543 -0.021846117451786995
v 0.018943678587675095 -0.002195095643401146 -0.0215000007301569
v 0.018955707550048828 -0.0049535613507032394 -0.0215000007301569
v 0.018951192498207092 -0.005707530304789543 -0.021846117451786995
v 0.018955707550048828 -0.0049535613507032394 -0.0215000007301569
v 0.018889741972088814 -0.00570087693631649 -0.0215000007301569
v 0.016869818791747093 0.0050842855125665665 -0.0215000007301569
v 0.017192117869853973 0.004576133564114571 -0.021846117451786995
v 0.015336672775447369 0.007558504119515419 -0.0215000007301569
v 0.015336672775447369 0.007558504119515419 -0.0215000007301569
v 0.017192117869853973 0.004576133564114571 -0.021846117451786995
v 0.015386564657092094 0.007594989612698555 -0.021846117451786995
v 0.015336672775447369 0.007558504119515419 -0.0215000007301569
v 0.015386564657092094 0.007594989612698555 -0.021846117451786995
v 0.01388588361442089 0.009311558678746223 -0.0215000007301569
v 0.01388588361442089 0.009311558678746223 -0.0215000007301569
v 0.015386564657092094 0.007594989612698555 -0.021846117451786995
v 0.013057040050625801 0.01023067720234394 -0.021846117451786995
v 0.01388588361442089 0.009311558678746223 -0.0215000007301569
v 0.013057040050625801 0.01023067720234394 -0.021846117451786995
v 0.013014702126383781 0.010185645893216133 -0.0215000007301569
v 0.013014702126383781 0.010185645893216133 -0.0215000007301569
v 0.013057040050625801 0.01023067720234394 -0.021846117451786995
v 0.01028287410736084 0.012393439188599586 -0.021846117451786995
v 0.010249530896544456 0.012341396883130074 -0.0215000007301569
v -8.799054262986772e-10 0.01534304954111576 -0.0215000007301569
v 0.00029228354105725884 0.01534079946577549 -0.0215000007301569
v 0.00029323349008336663 0.015402602031826973 -0.021846117451786995
v 0.00029323349008336663 0.015402602031826973 -0.021846117451786995
v 0.00029228354105725884 0.01534079946577549 -0.0215000007301569
v 0.003778134472668171 0.014963621273636818 -0.0215000007301569
v 0.003790424205362797 0.015024194493889809 -0.021846117451786995
v 0.003790424205362797 0.015024194493889809 -0.021846117451786995
v 0.003778134472668171 0.014963621273636818 -0.0215000007301569
v 0.0051261382177472115 0.014638477936387062 -0.0215000007301569
v 0.003790424205362797 0.015024194493889809 -0.021846117451786995
v 0.0051261382177472115 0.014638477936387062 -0.0215000007301569
v 0.007158537395298481 0.0140096265822649 -0.021846117451786995
v 0.007158537395298481 0.0140096265822649 -0.021846117451786995
v 0.0051261382177472115 0.014638477936387062 -0.0215000007301569
v 0.007135325111448765 0.013952339068055153 -0.0215000007301569
v 0.007158537395298481 0.0140096265822649 -0.021846117451786995
v 0.007135325111448765 0.013952339068055153 -0.0215000007301569
v 0.01028287410736084 0.012393439188599586 -0.021846117451786995
v 0.01028287410736084 0.012393439188599586 -0.021846117451786995
v 0.007135325111448765 0.013952339068055153 -0.0215000007301569
v 0.009872094728052616 0.012577014043927193 -0.0215000007301569
v 0.01028287410736084 0.012393439188599586 -0.021846117451786995
v 0.009872094728052616 0.012577014043927193 -0.0215000007301569
v 0.010249530896544456 0.012341396883130074 -0.0215000007301569
v -0.0033137714490294456 0.01571555621922016 -0.02243819274008274
v 0.00029678927967324853 0.015633659437298775 -0.0222071073949337
v 0.000302341824863106 0.01599460281431675 -0.02243819274008274
v 0.000302341824863106 0.01599460281431675 -0.02243819274008274
v 0.00029678927967324853 0.015633659437298775 -0.0222071073949337
v 0.0038363756611943245 0.015250662341713905 -0.0222071073949337
v 0.003908158279955387 0.015604445710778236 -0.02243819274008274
v 0.003908158279955387 0.015604445710778236 -0.02243819274008274
v 0.0038363756611943245 0.015250662341713905 -0.0222071073949337
v 0.0072453198954463005 0.014223793521523476 -0.0222071073949337
v 0.007380886934697628 0.01455836184322834 -0.02243819274008274
v 0.007380886934697628 0.01455836184322834 -0.02243819274008274
v 0.0072453198954463005 0.014223793521523476 -0.0222071073949337
v 0.010407532565295696 0.01258801855146885 -0.0222071073949337
v 0.01060226745903492 0.01289197988808155 -0.02243819274008274
v 0.01060226745903492 0.01289197988808155 -0.02243819274008274
v 0.010407532565295696 0.01258801855146885 -0.0222071073949337
v 0.013215329498052597 0.010399037972092628 -0.0222071073949337
v 0.013462601229548454 0.010662036016583443 -0.02243819274008274
v 0.013462601229548454 0.010662036016583443 -0.02243819274008274
v 0.013215329498052597 0.010399037972092628 -0.0222071073949337
v 0.015573094598948956 0.0077313948422670364 -0.0222071073949337
v 0.015864484012126923 0.007944481447339058 -0.02243819274008274
v 0.015864484012126923 0.007944481447339058 -0.02243819274008274
v 0.015573094598948956 0.0077313948422670364 -0.0222071073949337
v 0.017400536686182022 0.004675941541790962 -0.0222071073949337
v 0.017726117745041847 0.00483185239136219 -0.02243819274008274
v 0.017726117745041847 0.00483185239136219 -0.02243819274008274
v 0.017400536686182022 0.004675941541790962 -0.0222071073949337
v 0.018635423853993416 0.0013367179781198502 -0.0222071073949337
v 0.01898411102592945 0.0014301557093858719 -0.02243819274008274
v 0.01898411102592945 0.0014301557093858719 -0.02243819274008274
v 0.018635423853993416 0.0013367179781198502 -0.0222071073949337
v 0.019235704094171524 -0.0021725650876760483 -0.0222071073949337
v 0.01959562487900257 -0.0021447893232107162 -0.02243819274008274
v 0.01959562487900257 -0.0021447893232107162 -0.02243819274008274
v 0.019235704094171524 -0.0021725650876760483 -0.0222071073949337
v 0.019180936738848686 -0.005732385441660881 -0.0222071073949337
v 0.019539831206202507 -0.005771217867732048 -0.02243819274008274
v 0.019539831206202507 -0.005771217867732048 -0.02243819274008274
v 0.019180936738848686 -0.005732385441660881 -0.0222071073949337
v 0.018472984433174133 -0.009221537038683891 -0.0222071073949337
v 0.018818631768226624 -0.009325658902525902 -0.02243819274008274
v 0.018818631768226624 -0.009325658902525902 -0.02243819274008274
v 0.018472984433174133 -0.009221537038683891 -0.0222071073949337
v 0.01713595725595951 -0.012521190568804741 -0.0222071073949337
v 0.01745658740401268 -0.01268705166876316 -0.02243819274008274
v 0.01745658740401268 -0.01268705166876316 -0.02243819274008274
v 0.01713595725595951 -0.012521190568804741 -0.0222071073949337
v 0.015215384773910046 -0.015518983826041222 -0.0222071073949337
v 0.015500079840421677 -0.015740936622023582 -0.02243819274008274
v 0.015500079840421677 -0.015740936622023582 -0.02243819274008274
v 0.015215384773910046 -0.015518983826041222 -0.0222071073949337
v 0.012776670977473259 -0.018112828955054283 -0.0222071073949337
v 0.01301573496311903 -0.018383314833045006 -0.02243819274008274
v 0.01301573496311903 -0.018383314833045006 -0.02243819274008274
v 0.012776670977473259 -0.018112828955054283 -0.0222071073949337
v 0.009902862831950188 -0.020214399322867393 -0.0222071073949337
v 0.01008815597742796 -0.02052420563995838 -0.02243819274008274
v 0.01008815597742796 -0.02052420563995838 -0.02243819274008274
v 0.009902862831950188 -0.020214399322867393 -0.0222071073949337
v 0.0066918255761265755 -0.021752120926976204 -0.0222071073949337
v 0.006817036308348179 -0.022090701386332512 -0.02243819274008274
v 0.006817036308348179 -0.022090701386332512 -0.02243819274008274
v 0.0066918255761265755 -0.021752120926976204 -0.0222071073949337
v 0.0032529057934880257 -0.02267363853752613 -0.0222071073949337
v 0.0033137695863842964 -0.02302945964038372 -0.02243819274008274
v 0.0033137695863842964 -0.02302945964038372 -0.02243819274008274
v 0.0032529057934880257 -0.02267363853752613 -0.0222071073949337
v -0.0002967891632579267 -0.022947562858462334 -0.0222071073949337
v -0.0003023417084477842 -0.023308509960770607 -0.02243819274008274
v -0.0003023417084477842 -0.023308509960770607 -0.02243819274008274
v -0.0002967891632579267 -0.022947562858462334 -0.0222071073949337
v -0.0038363756611943245 -0.022564569488167763 -0.0222071073949337
v -0.003908158279955387 -0.022918349131941795 -0.02243819274008274
v -0.003908158279955387 -0.022918349131941795 -0.02243819274008274
v -0.0038363756611943245 -0.022564569488167763 -0.0222071073949337
v -0.0072453198954463005 -0.021537696942687035 -0.0222071073949337
v -0.007380886934697628 -0.0218722652643919 -0.02243819274008274
v -0.007380886934697628 -0.0218722652643919 -0.02243819274008274
v -0.0072453198954463005 -0.021537696942687035 -0.0222071073949337
v -0.010407532565295696 -0.019901921972632408 -0.0222071073949337
v -0.010602268390357494 -0.02020587958395481 -0.02243819274008274
v -0.010602268390357494 -0.02020587958395481 -0.02243819274008274
v -0.010407532565295696 -0.019901921972632408 -0.0222071073949337
v -0.013215328566730022 -0.017712941393256187 -0.0222071073949337
v -0.013462602160871029 -0.0179759431630373 -0.02243819274008274
v -0.013462602160871029 -0.0179759431630373 -0.02243819274008274
v -0.013215328566730022 -0.017712941393256187 -0.0222071073949337
v -0.015573094598948956 -0.015045298263430595 -0.0222071073949337
v -0.015864482149481773 -0.015258388593792915 -0.02243819274008274
v -0.015864482149481773 -0.015258388593792915 -0.02243819274008274
v -0.015573094598948956 -0.015045298263430595 -0.0222071073949337
v -0.017400534823536873 -0.011989841237664223 -0.0222071073949337
v -0.017726117745041847 -0.012145759537816048 -0.02243819274008274
v -0.017726117745041847 -0.012145759537816048 -0.02243819274008274
v -0.017400534823536873 -0.011989841237664223 -0.0222071073949337
v -0.018635423853993416 -0.008650621399283409 -0.0222071073949337
v -0.01898411102592945 -0.00874405913054943 -0.02243819274008274
v -0.01898411102592945 -0.00874405913054943 -0.02243819274008274
v -0.018635423853993416 -0.008650621399283409 -0.0222071073949337
v -0.019235702231526375 -0.005141345784068108 -0.0222071073949337
v -0.019595621153712273 -0.005169114097952843 -0.02243819274008274
v -0.019595621153712273 -0.005169114097952843 -0.02243819274008274
v -0.019235702231526375 -0.005141345784068108 -0.0222071073949337
v -0.019180936738848686 -0.001581517979502678 -0.0222071073949337
v -0.019539831206202507 -0.001542685553431511 -0.02243819274008274
v -0.019539831206202507 -0.001542685553431511 -0.02243819274008274
v -0.019180936738848686 -0.001581517979502678 -0.0222071073949337
v -0.018472982570528984 0.0019076336175203323 -0.0222071073949337
v -0.018818629905581474 0.002011755481362343 -0.02243819274008274
v -0.018818629905581474 0.002011755481362343 -0.02243819274008274
v -0.018472982570528984 0.0019076336175203323 -0.0222071073949337
v -0.017135953530669212 0.005207287147641182 -0.0222071073949337
v -0.01745658554136753 0.005373144522309303 -0.02243819274008274
v -0.01745658554136753 0.005373144522309303 -0.02243819274008274
v -0.017135953530669212 0.005207287147641182 -0.0222071073949337
v -0.015215384773910046 0.008205080404877663 -0.0222071073949337
v -0.015500078909099102 0.008427033200860023 -0.02243819274008274
v -0.015500078909099102 0.008427033200860023 -0.02243819274008274
v -0.015215384773910046 0.008205080404877663 -0.0222071073949337
v -0.012776671908795834 0.010798925533890724 -0.0222071073949337
v -0.01301573496311903 0.011069411411881447 -0.02243819274008274
v -0.01301573496311903 0.011069411411881447 -0.02243819274008274
v -0.012776671908795834 0.010798925533890724 -0.0222071073949337
v -0.009902863763272762 0.012900495901703835 -0.0222071073949337
v -0.01008815597742796 0.013210298493504524 -0.02243819274008274
v -0.01008815597742796 0.013210298493504524 -0.02243819274008274
v -0.009902863763272762 0.012900495901703835 -0.0222071073949337
v -0.006691823713481426 0.014438221231102943 -0.0222071073949337
v -0.00681703444570303 0.014776797965168953 -0.02243819274008274
v -0.00681703444570303 0.014776797965168953 -0.02243819274008274
v -0.006691823713481426 0.014438221231102943 -0.0222071073949337
v -0.0032529057934880257 0.015359731391072273 -0.0222071073949337
v -0.0033137714490294456 0.01571555621922016 -0.02243819274008274
v -0.0032529057934880257 0.015359731391072273 -0.0222071073949337
v -0.0032529057934880257 0.015359731391072273 -0.0222071073949337
v 0.00029323349008336663 0.015402602031826973 -0.021846117451786995
v 0.00029678927967324853 0.015633659437298775 -0.0222071073949337
v 0.00029678927967324853 0.015633659437298775 -0.0222071073949337
v 0.00029323349008336663 0.015402602031826973 -0.021846117451786995
v 0.003790424205362797 0.015024194493889809 -0.021846117451786995
v 0.0038363756611943245 0.015250662341713905 -0.0222071073949337
v 0.0038363756611943245 0.015250662341713905 -0.0222071073949337
v 0.003790424205362797 0.015024194493889809 -0.021846117451786995
v 0.007158537395298481 0.0140096265822649 -0.021846117451786995
v 0.0072453198954463005 0.014223793521523476 -0.0222071073949337
v 0.0072453198954463005 0.014223793521523476 -0.0222071073949337
v 0.007158537395298481 0.0140096265822649 -0.021846117451786995
v 0.01028287410736084 0.012393439188599586 -0.021846117451786995
v 0.010407532565295696 0.01258801855146885 -0.0222071073949337
v 0.010407532565295696 0.01258801855146885 -0.0222071073949337
v 0.01028287410736084 0.012393439188599586 -0.021846117451786995
v 0.013057040050625801 0.01023067720234394 -0.021846117451786995
v 0.013215329498052597 0.010399037972092628 -0.0222071073949337
v 0.013215329498052597 0.010399037972092628 -0.0222071073949337
v 0.013057040050625801 0.01023067720234394 -0.021846117451786995
v 0.015386564657092094 0.007594989612698555 -0.021846117451786995
v 0.015573094598948956 0.0077313948422670364 -0.0222071073949337
v 0.015573094598948956 0.0077313948422670364 -0.0222071073949337
v 0.015386564657092094 0.007594989612698555 -0.021846117451786995
v 0.017192117869853973 0.004576133564114571 -0.021846117451786995
v 0.017400536686182022 0.004675941541790962 -0.0222071073949337
v 0.017400536686182022 0.004675941541790962 -0.0222071073949337
v 0.017192117869853973 0.004576133564114571 -0.021846117451786995
v 0.018412213772535324 0.0012769047170877457 -0.021846117451786995
v 0.018635423853993416 0.0013367179781198502 -0.0222071073949337
v 0.018635423853993416 0.0013367179781198502 -0.0222071073949337
v 0.018412213772535324 0.0012769047170877457 -0.021846117451786995
v 0.0190053042024374 -0.0021903421729803085 -0.021846117451786995
v 0.019235704094171524 -0.0021725650876760483 -0.0222071073949337
v 0.019235704094171524 -0.0021725650876760483 -0.0222071073949337
v 0.0190053042024374 -0.0021903421729803085 -0.021846117451786995
v 0.018951192498207092 -0.005707530304789543 -0.021846117451786995
v 0.019180936738848686 -0.005732385441660881 -0.0222071073949337
v 0.019180936738848686 -0.005732385441660881 -0.0222071073949337
v 0.018951192498207092 -0.005707530304789543 -0.021846117451786995
v 0.018251720815896988 -0.00915488414466381 -0.021846117451786995
v 0.018472984433174133 -0.009221537038683891 -0.0222071073949337
v 0.018472984433174133 -0.009221537038683891 -0.0222071073949337
v 0.018251720815896988 -0.00915488414466381 -0.021846117451786995
v 0.016930706799030304 -0.012415016070008278 -0.021846117451786995
v 0.01713595725595951 -0.012521190568804741 -0.0222071073949337
v 0.01713595725595951 -0.012521190568804741 -0.0222071073949337
v 0.016930706799030304 -0.012415016070008278 -0.021846117451786995
v 0.015033138915896416 -0.015376904979348183 -0.021846117451786995
v 0.015215384773910046 -0.015518983826041222 -0.0222071073949337
v 0.015215384773910046 -0.015518983826041222 -0.0222071073949337
v 0.015033138915896416 -0.015376904979348183 -0.021846117451786995
v 0.012623636052012444 -0.017939681187272072 -0.021846117451786995
v 0.012776670977473259 -0.018112828955054283 -0.0222071073949337
v 0.012776670977473259 -0.018112828955054283 -0.0222071073949337
v 0.012623636052012444 -0.017939681187272072 -0.021846117451786995
v 0.00978424958884716 -0.020016079768538475 -0.021846117451786995
v 0.009902862831950188 -0.020214399322867393 -0.0222071073949337
v 0.009902862831950188 -0.020214399322867393 -0.0222071073949337
v 0.00978424958884716 -0.020016079768538475 -0.021846117451786995
v 0.006611672230064869 -0.02153538353741169 -0.021846117451786995
v 0.0066918255761265755 -0.021752120926976204 -0.0222071073949337
v 0.0066918255761265755 -0.021752120926976204 -0.0222071073949337
v 0.006611672230064869 -0.02153538353741169 -0.021846117451786995
v 0.0032139429822564125 -0.022445863112807274 -0.021846117451786995
v 0.0032529057934880257 -0.02267363853752613 -0.0222071073949337
v 0.0032529057934880257 -0.02267363853752613 -0.0222071073949337
v 0.0032139429822564125 -0.022445863112807274 -0.021846117451786995
v -0.0002932333736680448 -0.022716505452990532 -0.021846117451786995
v -0.0002967891632579267 -0.022947562858462334 -0.0222071073949337
v -0.0002967891632579267 -0.022947562858462334 -0.0222071073949337
v -0.0002932333736680448 -0.022716505452990532 -0.021846117451786995
v -0.003790424205362797 -0.022338097915053368 -0.021846117451786995
v -0.0038363756611943245 -0.022564569488167763 -0.0222071073949337
v -0.0038363756611943245 -0.022564569488167763 -0.0222071073949337
v -0.003790424205362797 -0.022338097915053368 -0.021846117451786995
v -0.007158535532653332 -0.02132352627813816 -0.021846117451786995
v -0.0072453198954463005 -0.021537696942687035 -0.0222071073949337
v -0.0072453198954463005 -0.021537696942687035 -0.0222071073949337
v -0.007158535532653332 -0.02132352627813816 -0.021846117451786995
v -0.010282873176038265 -0.019707342609763145 -0.021846117451786995
v -0.010407532565295696 -0.019901921972632408 -0.0222071073949337
v -0.010407532565295696 -0.019901921972632408 -0.0222071073949337
v -0.010282873176038265 -0.019707342609763145 -0.021846117451786995
v -0.013057040981948376 -0.0175445806235075 -0.021846117451786995
v -0.013215328566730022 -0.017712941393256187 -0.0222071073949337
v -0.013215328566730022 -0.017712941393256187 -0.0222071073949337
v -0.013057040981948376 -0.0175445806235075 -0.021846117451786995
v -0.015386565588414669 -0.014908893033862114 -0.021846117451786995
v -0.015573094598948956 -0.015045298263430595 -0.0222071073949337
v -0.015573094598948956 -0.015045298263430595 -0.0222071073949337
v -0.015386565588414669 -0.014908893033862114 -0.021846117451786995
v -0.017192116007208824 -0.011890033259987831 -0.021846117451786995
v -0.017400534823536873 -0.011989841237664223 -0.0222071073949337
v -0.017400534823536873 -0.011989841237664223 -0.0222071073949337
v -0.017192116007208824 -0.011890033259987831 -0.021846117451786995
v -0.018412211909890175 -0.008590808138251305 -0.021846117451786995
v -0.018635423853993416 -0.008650621399283409 -0.0222071073949337
v -0.018635423853993416 -0.008650621399283409 -0.0222071073949337
v -0.018412211909890175 -0.008590808138251305 -0.021846117451786995
v -0.0190053042024374 -0.00512356124818325 -0.021846117451786995
v -0.019235702231526375 -0.005141345784068108 -0.0222071073949337
v -0.019235702231526375 -0.005141345784068108 -0.0222071073949337
v -0.0190053042024374 -0.00512356124818325 -0.021846117451786995
v -0.018951190635561943 -0.0016063731163740158 -0.021846117451786995
v -0.019180936738848686 -0.001581517979502678 -0.0222071073949337
v -0.019180936738848686 -0.001581517979502678 -0.0222071073949337
v -0.018951190635561943 -0.0016063731163740158 -0.021846117451786995
v -0.01825171895325184 0.0018409807235002518 -0.021846117451786995
v -0.018472982570528984 0.0019076336175203323 -0.0222071073949337
v -0.018472982570528984 0.0019076336175203323 -0.0222071073949337
v -0.01825171895325184 0.0018409807235002518 -0.021846117451786995
v -0.016930704936385155 0.005101116374135017 -0.021846117451786995
v -0.017135953530669212 0.005207287147641182 -0.0222071073949337
v -0.017135953530669212 0.005207287147641182 -0.0222071073949337
v -0.016930704936385155 0.005101116374135017 -0.021846117451786995
v -0.01503313984721899 0.008062997832894325 -0.021846117451786995
v -0.015215384773910046 0.008205080404877663 -0.0222071073949337
v -0.015215384773910046 0.008205080404877663 -0.0222071073949337
v -0.01503313984721899 0.008062997832894325 -0.021846117451786995
v -0.012623636983335018 0.010625781491398811 -0.021846117451786995
v -0.012776671908795834 0.010798925533890724 -0.0222071073949337
v -0.012776671908795834 0.010798925533890724 -0.0222071073949337
v -0.012623636983335018 0.010625781491398811 -0.021846117451786995
v -0.009784250520169735 0.012702176347374916 -0.021846117451786995
v -0.009902863763272762 0.012900495901703835 -0.0222071073949337
v -0.009902863763272762 0.012900495901703835 -0.0222071073949337
v -0.009784250520169735 0.012702176347374916 -0.021846117451786995
v -0.006611674092710018 0.01422148384153843 -0.021846117451786995
v -0.006691823713481426 0.014438221231102943 -0.0222071073949337
v -0.006691823713481426 0.014438221231102943 -0.0222071073949337
v -0.006611674092710018 0.01422148384153843 -0.021846117451786995
v -0.0032139429822564125 0.015131959691643715 -0.021846117451786995
v -0.0032529057934880257 0.015359731391072273 -0.0222071073949337
v -0.0032139429822564125 0.015131959691643715 -0.021846117451786995
v -0.02525000087916851 -0.0036569517105817795 -0.02250000089406967
v -0.024990642443299294 -0.03523952513933182 -0.02250000089406967
v -0.02474191226065159 -0.034270599484443665 -0.02250000089406967
v 0.024990644305944443 -0.03523952513933182 -0.02250000089406967
v 0.02509336732327938 -0.03573384881019592 -0.02250000089406967
v 0.02525000087916851 -0.0036569517105817795 -0.02250000089406967
v 0.02518279291689396 -0.036290243268013 -0.02250000089406967
v 0.02525000087916851 -0.037239618599414825 -0.02250000089406967
v -0.02525000087916851 -0.037239618599414825 -0.02250000089406967
v -0.025229668244719505 -0.03673451766371727 -0.02250000089406967
v -0.025184309110045433 -0.03630180284380913 -0.02250000089406967
v 0.024250000715255737 -0.0326569490134716 -0.02250000089406967
v 0.024256030097603798 -0.03267601877450943 -0.02250000089406967
v 0.024649975821375847 -0.03395172953605652 -0.02250000089406967
v -0.024649975821375847 -0.03395172953605652 -0.02250000089406967
v -0.024256030097603798 -0.03267601877450943 -0.02250000089406967
v -0.024249998852610588 -0.0326569490134716 -0.02250000089406967
v -0.010955563746392727 0.019092509523034096 -0.02250000089406967
v -0.006937089376151562 0.015101427212357521 -0.02250000089406967
v -0.005618653260171413 0.020959975197911263 -0.02250000089406967
v -0.0033721281215548515 0.016056718304753304 -0.02250000089406967
v -8.799054262986772e-10 0.02159305103123188 -0.02250000089406967
v -8.799054262986772e-10 0.016343051567673683 -0.02250000089406967
v 0.0003076652646996081 0.01634068228304386 -0.02250000089406967
v 0.005618653260171413 0.020959975197911263 -0.02250000089406967
v 0.003976983018219471 0.015943648293614388 -0.02250000089406967
v 0.010955564677715302 0.019092509523034096 -0.02250000089406967
v 0.007510867901146412 0.014879146590828896 -0.02250000089406967
v 0.015743117779493332 0.01608429290354252 -0.02250000089406967
v 0.015773046761751175 -0.01595374010503292 -0.02250000089406967
v 0.013244950212538242 -0.01864265464246273 -0.02250000089406967
v 0.010265814140439034 -0.02082124911248684 -0.02250000089406967
v 0.0069370875135064125 -0.02241533063352108 -0.02250000089406967
v -0.003976983018219471 -0.023257555440068245 -0.02250000089406967
v -0.007510869763791561 -0.022193046286702156 -0.02250000089406967
v -0.010788979940116405 -0.020497316494584084 -0.02250000089406967
v -0.013699687086045742 -0.018228108063340187 -0.02250000089406967
v 0.010788979940116405 0.013183416798710823 -0.02250000089406967
v 0.013699686154723167 0.01091420091688633 -0.02250000089406967
v 0.019741244614124298 0.012086162343621254 -0.02250000089406967
v 0.016143865883350372 0.008148791268467903 -0.02250000089406967
v 0.022749463096261024 0.007298612967133522 -0.02250000089406967
v 0.01803828589618206 0.004981348291039467 -0.02250000089406967
v 0.02461693063378334 0.0019617024809122086 -0.02250000089406967
v 0.019318433478474617 0.001519741490483284 -0.02250000089406967
v 0.01994071528315544 -0.0021181534975767136 -0.02250000089406967
v 0.019883939996361732 -0.005808455869555473 -0.02250000089406967
v 0.019150039181113243 -0.009425481781363487 -0.02250000089406967
v 0.017764009535312653 -0.012846076861023903 -0.02250000089406967
v -0.016143864020705223 -0.015462694689631462 -0.02250000089406967
v -0.01803828589618206 -0.012295251712203026 -0.02250000089406967
v -0.019318433478474617 -0.008833644911646843 -0.02250000089406967
v -0.019940713420510292 -0.005195749923586845 -0.02250000089406967
v -0.019883939996361732 -0.0015054475516080856 -0.02250000089406967
v -0.02461692877113819 0.0019617024809122086 -0.02250000089406967
v -0.019150039181113243 0.0021115783601999283 -0.02250000089406967
v -0.022749463096261024 0.007298612967133522 -0.02250000089406967
v -0.017764007672667503 0.0055321697145700455 -0.02250000089406967
v -0.01974124275147915 0.012086162343621254 -0.02250000089406967
v -0.015773044899106026 0.008639836683869362 -0.02250000089406967
v -0.015743115916848183 0.01608429290354252 -0.02250000089406967
v -0.013244952075183392 0.011328751221299171 -0.02250000089406967
v -0.010265815071761608 0.01350734569132328 -0.02250000089406967
v 0.0033721281215548515 -0.023370621725916862 -0.02250000089406967
v -8.799054262986772e-10 -0.023656951263546944 -0.02250000089406967
v -0.00030766514828428626 -0.02365458570420742 -0.02250000089406967
v 0.02525000087916851 -0.0036569517105817795 -0.02250000089406967
v 0.02525000087916851 -0.0036569517105817795 -0.029500000178813934
v 0.02461693063378334 0.0019617024809122086 -0.029500000178813934
v 0.02461693063378334 0.0019617024809122086 -0.02250000089406967
v 0.02461693063378334 0.0019617024809122086 -0.02250000089406967
v 0.02461693063378334 0.0019617024809122086 -0.029500000178813934
v 0.022749463096261024 0.007298612967133522 -0.029500000178813934
v 0.022749463096261024 0.007298612967133522 -0.02250000089406967
v 0.022749463096261024 0.007298612967133522 -0.02250000089406967
v 0.022749463096261024 0.007298612967133522 -0.029500000178813934
v 0.019741244614124298 0.012086162343621254 -0.029500000178813934
v 0.019741244614124298 0.012086162343621254 -0.02250000089406967
v 0.019741244614124298 0.012086162343621254 -0.02250000089406967
v 0.019741244614124298 0.012086162343621254 -0.029500000178813934
v 0.015743117779493332 0.01608429290354252 -0.029500000178813934
v 0.015743117779493332 0.01608429290354252 -0.02250000089406967
v 0.015743117779493332 0.01608429290354252 -0.02250000089406967
v 0.015743117779493332 0.01608429290354252 -0.029500000178813934
v 0.010955564677715302 0.019092509523034096 -0.029500000178813934
v 0.010955564677715302 0.019092509523034096 -0.02250000089406967
v 0.010955564677715302 0.019092509523034096 -0.02250000089406967
v 0.010955564677715302 0.019092509523034096 -0.029500000178813934
v 0.005618653260171413 0.020959975197911263 -0.029500000178813934
v 0.005618653260171413 0.020959975197911263 -0.02250000089406967
v 0.005618653260171413 0.020959975197911263 -0.02250000089406967
v 0.005618653260171413 0.020959975197911263 -0.029500000178813934
v -8.799054262986772e-10 0.02159305103123188 -0.029500000178813934
v -8.799054262986772e-10 0.02159305103123188 -0.02250000089406967
v -8.799054262986772e-10 0.02159305103123188 -0.02250000089406967
v -8.799054262986772e-10 0.02159305103123188 -0.029500000178813934
v -0.005618653260171413 0.020959975197911263 -0.029500000178813934
v -0.005618653260171413 0.020959975197911263 -0.02250000089406967
v -0.005618653260171413 0.020959975197911263 -0.02250000089406967
v -0.005618653260171413 0.020959975197911263 -0.029500000178813934
v -0.010955563746392727 0.019092509523034096 -0.029500000178813934
v -0.010955563746392727 0.019092509523034096 -0.02250000089406967
v -0.010955563746392727 0.019092509523034096 -0.02250000089406967
v -0.010955563746392727 0.019092509523034096 -0.029500000178813934
v -0.015743115916848183 0.01608429290354252 -0.029500000178813934
v -0.015743115916848183 0.01608429290354252 -0.02250000089406967
v -0.015743115916848183 0.01608429290354252 -0.02250000089406967
v -0.015743115916848183 0.01608429290354252 -0.029500000178813934
v -0.01974124275147915 0.012086162343621254 -0.029500000178813934
v -0.01974124275147915 0.012086162343621254 -0.02250000089406967
v -0.01974124275147915 0.012086162343621254 -0.02250000089406967
v -0.01974124275147915 0.012086162343621254 -0.029500000178813934
v -0.022749463096261024 0.007298612967133522 -0.029500000178813934
v -0.022749463096261024 0.007298612967133522 -0.02250000089406967
v -0.022749463096261024 0.007298612967133522 -0.02250000089406967
v -0.022749463096261024 0.007298612967133522 -0.029500000178813934
v -0.02461692877113819 0.0019617024809122086 -0.029500000178813934
v -0.02461692877113819 0.0019617024809122086 -0.02250000089406967
v -0.02461692877113819 0.0019617024809122086 -0.02250000089406967
v -0.02461692877113819 0.0019617024809122086 -0.029500000178813934
v -0.02525000087916851 -0.0036569517105817795 -0.029500000178813934
v -0.02525000087916851 -0.0036569517105817795 -0.02250000089406967
v -0.024596115574240685 -0.04304073005914688 -0.020159490406513214
v -0.024249998852610588 -0.04308861121535301 -0.020198576152324677
v -0.024249998852610588 -0.04439149051904678 -0.018390130251646042
v -0.024596115574240685 -0.041534870862960815 -0.02179265022277832
v -0.024249998852610588 -0.04157770425081253 -0.021837210282683372
v -0.024249998852610588 -0.04308861121535301 -0.020198576152324677
v -0.024596115574240685 -0.04304073005914688 -0.020159490406513214
v -0.024596115574240685 -0.041534870862960815 -0.02179265022277832
v -0.024596115574240685 -0.04304073005914688 -0.020159490406513214
v -0.02495710738003254 -0.04286171495914459 -0.020013364031910896
v -0.02495710738003254 -0.041374724358320236 -0.021626055240631104
v -0.02495710738003254 -0.041374724358320236 -0.021626055240631104
v -0.02495710738003254 -0.04286171495914459 -0.020013364031910896
v -0.02518819086253643 -0.04258206486701965 -0.019785089418292046
v -0.02518819086253643 -0.041124556213617325 -0.021365806460380554
v -0.02518819086253643 -0.04383889213204384 -0.01804056391119957
v -0.02525000087916851 -0.04354638606309891 -0.017855528742074966
v -0.02525000087916851 -0.04231393337249756 -0.01956622116267681
v -0.024596115574240685 -0.04433925449848175 -0.018357086926698685
v -0.024596115574240685 -0.04304073005914688 -0.020159490406513214
v -0.024596115574240685 -0.04433925449848175 -0.018357086926698685
v -0.02495710738003254 -0.04414396360516548 -0.01823354884982109
v -0.02495710738003254 -0.04286171495914459 -0.020013364031910896
v -0.02495710738003254 -0.04286171495914459 -0.020013364031910896
v -0.02495710738003254 -0.04414396360516548 -0.01823354884982109
v -0.02518819086253643 -0.04383889213204384 -0.01804056391119957
v -0.02518819086253643 -0.04258206486701965 -0.019785089418292046
v -0.02518819086253643 -0.04258206486701965 -0.019785089418292046
v -0.02518819086253643 -0.04258206486701965 -0.019785089418292046
v -0.02525000087916851 -0.04231393337249756 -0.01956622116267681
v -0.02518819086253643 -0.041124556213617325 -0.021365806460380554
v -0.02525000087916851 -0.04088469594717026 -0.02111627906560898
v 0.024250000715255737 -0.0326569490134716 -0.02250000089406967
v -0.024249998852610588 -0.0326569490134716 -0.02250000089406967
v 0.024250000715255737 -0.034248992800712585 -0.02237245813012123
v -0.024249998852610588 -0.034248992800712585 -0.02237245813012123
v 0.024250000715255737 -0.034248992800712585 -0.02237245813012123
v -0.024249998852610588 -0.034248992800712585 -0.02237245813012123
v 0.024250000715255737 -0.035747118294239044 -0.022010566666722298
v -0.024249998852610588 -0.035747118294239044 -0.022010566666722298
v 0.024250000715255737 -0.035747118294239044 -0.022010566666722298
v -0.024249998852610588 -0.035747118294239044 -0.022010566666722298
v 0.024250000715255737 -0.03662657365202904 -0.021678349003195763
v -0.024249998852610588 -0.03662657365202904 -0.021678349003195763
v 0.024250000715255737 -0.03662657365202904 -0.021678349003195763
v -0.024249998852610588 -0.03662657365202904 -0.021678349003195763
v 0.024250000715255737 -0.038760632276535034 -0.02042117714881897
v -0.024249998852610588 -0.03662657365202904 -0.021678349003195763
v -0.024249998852610588 -0.038534801453351974 -0.020590171217918396
v 0.024250000715255737 -0.038760632276535034 -0.02042117714881897
v 0.024250000715255737 -0.038760632276535034 -0.02042117714881897
v -0.024249998852610588 -0.038534801453351974 -0.020590171217918396
v -0.024249998852610588 -0.038760632276535034 -0.02042117714881897
v 0.024250000715255737 -0.038760632276535034 -0.02042117714881897
v -0.024249998852610588 -0.038760632276535034 -0.02042117714881897
v 0.024250000715255737 -0.04052025079727173 -0.01867806725203991
v -0.024249998852610588 -0.04052025079727173 -0.01867806725203991
v 0.024250000715255737 -0.04052025079727173 -0.01867806725203991
v -0.024249998852610588 -0.04052025079727173 -0.01867806725203991
v 0.024250000715255737 -0.04074712097644806 -0.01837785355746746
v -0.024249998852610588 -0.04074712097644806 -0.01837785355746746
v 0.024250000715255737 -0.04074712097644806 -0.01837785355746746
v -0.024249998852610588 -0.04074712097644806 -0.01837785355746746
v 0.024250000715255737 -0.04179747775197029 -0.01655595190823078
v -0.024249998852610588 -0.04179747775197029 -0.01655595190823078
v 0.024250000715255737 -0.04179747775197029 -0.01655595190823078
v -0.024249998852610588 -0.04179747775197029 -0.01655595190823078
v 0.024250000715255737 -0.04216751456260681 -0.01559017039835453
v -0.024249998852610588 -0.04216751456260681 -0.01559017039835453
v 0.024250000715255737 -0.04216751456260681 -0.01559017039835453
v -0.024249998852610588 -0.04216751456260681 -0.01559017039835453
v 0.024250000715255737 -0.04251396656036377 -0.014185016974806786
v -0.024249998852610588 -0.04251396656036377 -0.014185016974806786
v 0.024250000715255737 -0.04251396656036377 -0.014185016974806786
v -0.024249998852610588 -0.04251396656036377 -0.014185016974806786
v 0.024250000715255737 -0.042656950652599335 -0.01250000111758709
v -0.024249998852610588 -0.042656950652599335 -0.01250000111758709
v 0.011749999597668648 -0.04439149051904678 -0.018390130251646042
v -0.024249998852610588 -0.04439149051904678 -0.018390130251646042
v 0.011749999597668648 -0.04308861121535301 -0.020198576152324677
v -0.024249998852610588 -0.04308861121535301 -0.020198576152324677
v 0.011749999597668648 -0.04308861121535301 -0.020198576152324677
v -0.024249998852610588 -0.04308861121535301 -0.020198576152324677
v 0.011749999597668648 -0.04157770425081253 -0.021837210282683372
v -0.024249998852610588 -0.04157770425081253 -0.021837210282683372
v 0.014750000089406967 -0.04692680388689041 -0.019993934780359268
v 0.014750000089406967 -0.047514695674180984 -0.02070523425936699
v 0.01463943812996149 -0.047555651515722275 -0.019488271325826645
v 0.01463943812996149 -0.047555651515722275 -0.019488271325826645
v 0.014750000089406967 -0.047514695674180984 -0.02070523425936699
v 0.01454998180270195 -0.04833560809493065 -0.02000795118510723
v 0.01463943812996149 -0.047555651515722275 -0.019488271325826645
v 0.01454998180270195 -0.04833560809493065 -0.02000795118510723
v 0.01454998180270195 -0.04776617884635925 -0.01931898668408394
v 0.01454998180270195 -0.04776617884635925 -0.01931898668408394
v 0.01454998180270195 -0.04833560809493065 -0.02000795118510723
v 0.013856343924999237 -0.04914282634854317 -0.01932230032980442
v 0.013856343924999237 -0.04859154671430588 -0.01865530014038086
v 0.013856343924999237 -0.04859154671430588 -0.01865530014038086
v 0.013856343924999237 -0.04914282634854317 -0.01932230032980442
v 0.012948958203196526 -0.049610648304224014 -0.018924931064248085
v 0.012948958203196526 -0.04906989261507988 -0.01827066019177437
v 0.013827857561409473 -0.04633386433124542 -0.0179128460586071
v 0.012875629588961601 -0.04651365429162979 -0.01724397763609886
v 0.012652684934437275 -0.046051446348428726 -0.017270168289542198
v 0.012652684934437275 -0.046051446348428726 -0.017270168289542198
v 0.012875629588961601 -0.04651365429162979 -0.01724397763609886
v 0.011749999597668648 -0.046757087111473083 -0.016998739913105965
v 0.011749999597668648 -0.04561743140220642 -0.017294760793447495
v 0.012250952422618866 -0.04573158547282219 -0.017288291826844215
v 0.011749999597668648 -0.046757087111473083 -0.016998739913105965
v 0.014564573764801025 -0.04604928940534592 -0.019438831135630608
v 0.014639277942478657 -0.04624437168240547 -0.019562238827347755
v 0.014459991827607155 -0.04624541848897934 -0.018902303650975227
v 0.014459991827607155 -0.04624541848897934 -0.018902303650975227
v 0.014639277942478657 -0.04624437168240547 -0.019562238827347755
v 0.014750000089406967 -0.04692680388689041 -0.019993934780359268
v 0.012674733065068722 -0.044890210032463074 -0.017994647845625877
v 0.012788350693881512 -0.044548194855451584 -0.018489258363842964
v 0.013871320523321629 -0.04513406753540039 -0.018859872594475746
v 0.011749999597668648 -0.04439149051904678 -0.018390130251646042
v 0.012788350693881512 -0.044548194855451584 -0.018489258363842964
v 0.011749999597668648 -0.04467948153614998 -0.018006587401032448
v 0.011749999597668648 -0.04467948153614998 -0.018006587401032448
v 0.012788350693881512 -0.044548194855451584 -0.018489258363842964
v 0.012674733065068722 -0.044890210032463074 -0.017994647845625877
v 0.011749999597668648 -0.04467948153614998 -0.018006587401032448
v 0.012674733065068722 -0.044890210032463074 -0.017994647845625877
v 0.011749999597668648 -0.04547690600156784 -0.017367569729685783
v 0.011749999597668648 -0.048365768045186996 -0.017361562699079514
v 0.011749999597668648 -0.04792288690805435 -0.01716412603855133
v 0.011887606233358383 -0.04837031289935112 -0.0173676535487175
v 0.011887606233358383 -0.04837031289935112 -0.0173676535487175
v 0.011749999597668648 -0.04792288690805435 -0.01716412603855133
v 0.012250952422618866 -0.04780873283743858 -0.01717059500515461
v 0.011887606233358383 -0.04837031289935112 -0.0173676535487175
v 0.012250952422618866 -0.04780873283743858 -0.01717059500515461
v 0.012275071814656258 -0.048435378819704056 -0.017454544082283974
v 0.012275071814656258 -0.048435378819704056 -0.017454544082283974
v 0.012250952422618866 -0.04780873283743858 -0.01717059500515461
v 0.012594700790941715 -0.048566784709692 -0.017628150060772896
v 0.012250952422618866 -0.04780873283743858 -0.01717059500515461
v 0.012652684934437275 -0.047488871961832047 -0.017188718542456627
v 0.012594700790941715 -0.048566784709692 -0.017628150060772896
v 0.012594700790941715 -0.048566784709692 -0.017628150060772896
v 0.012652684934437275 -0.047488871961832047 -0.017188718542456627
v 0.013416311703622341 -0.04813407361507416 -0.017810840159654617
v 0.012594700790941715 -0.048566784709692 -0.017628150060772896
v 0.013416311703622341 -0.04813407361507416 -0.017810840159654617
v 0.012820719741284847 -0.04874897003173828 -0.017864786088466644
v 0.012820719741284847 -0.04874897003173828 -0.017864786088466644
v 0.013416311703622341 -0.04813407361507416 -0.017810840159654617
v 0.013856343924999237 -0.04859154671430588 -0.01865530014038086
v 0.012820719741284847 -0.04874897003173828 -0.017864786088466644
v 0.013856343924999237 -0.04859154671430588 -0.01865530014038086
v 0.012948958203196526 -0.04906989261507988 -0.01827066019177437
v 0.011749999597668648 -0.04561743140220642 -0.017294760793447495
v 0.011749999597668648 -0.04547690600156784 -0.017367569729685783
v 0.012250952422618866 -0.04573158547282219 -0.017288291826844215
v 0.012250952422618866 -0.04573158547282219 -0.017288291826844215
v 0.011749999597668648 -0.04547690600156784 -0.017367569729685783
v 0.012674733065068722 -0.044890210032463074 -0.017994647845625877
v 0.012250952422618866 -0.04573158547282219 -0.017288291826844215
v 0.012674733065068722 -0.044890210032463074 -0.017994647845625877
v 0.013416311703622341 -0.045480649918317795 -0.01796119101345539
v 0.013416311703622341 -0.045480649918317795 -0.01796119101345539
v 0.012674733065068722 -0.044890210032463074 -0.017994647845625877
v 0.013871320523321629 -0.04513406753540039 -0.018859872594475746
v 0.013416311703622341 -0.045480649918317795 -0.01796119101345539
v 0.013871320523321629 -0.04513406753540039 -0.018859872594475746
v 0.014019795693457127 -0.04526901617646217 -0.01894523948431015
v 0.014564573764801025 -0.04604928940534592 -0.019438831135630608
v 0.014459991827607155 -0.04624541848897934 -0.018902303650975227
v 0.014019795693457127 -0.04526901617646217 -0.01894523948431015
v 0.014019795693457127 -0.04526901617646217 -0.01894523948431015
v 0.014459991827607155 -0.04624541848897934 -0.018902303650975227
v 0.013827857561409473 -0.04633386433124542 -0.0179128460586071
v 0.014019795693457127 -0.04526901617646217 -0.01894523948431015
v 0.013827857561409473 -0.04633386433124542 -0.0179128460586071
v 0.013416311703622341 -0.045480649918317795 -0.01796119101345539
v 0.013416311703622341 -0.045480649918317795 -0.01796119101345539
v 0.012652684934437275 -0.046051446348428726 -0.017270168289542198
v 0.012250952422618866 -0.04573158547282219 -0.017288291826844215
v 0.012652684934437275 -0.046051446348428726 -0.017270168289542198
v 0.011749999597668648 -0.046757087111473083 -0.016998739913105965
v 0.01463943812996149 -0.047555651515722275 -0.019488271325826645
v 0.01454998180270195 -0.04776617884635925 -0.01931898668408394
v 0.014459991827607155 -0.0474805124104023 -0.018832320347428322
v 0.014459991827607155 -0.0474805124104023 -0.018832320347428322
v 0.01454998180270195 -0.04776617884635925 -0.01931898668408394
v 0.013856343924999237 -0.04859154671430588 -0.01865530014038086
v 0.014459991827607155 -0.0474805124104023 -0.018832320347428322
v 0.013856343924999237 -0.04859154671430588 -0.01865530014038086
v 0.013827857561409473 -0.04728085920214653 -0.017859185114502907
v 0.013827857561409473 -0.04728085920214653 -0.017859185114502907
v 0.013856343924999237 -0.04859154671430588 -0.01865530014038086
v 0.013416311703622341 -0.04813407361507416 -0.017810840159654617
v 0.013827857561409473 -0.04728085920214653 -0.017859185114502907
v 0.013416311703622341 -0.04813407361507416 -0.017810840159654617
v 0.012875629588961601 -0.04702666401863098 -0.017214909195899963
v 0.012652684934437275 -0.047488871961832047 -0.017188718542456627
v 0.012875629588961601 -0.04702666401863098 -0.017214909195899963
v 0.012652684934437275 -0.047488871961832047 -0.017188718542456627
v 0.011749999597668648 -0.046757087111473083 -0.016998739913105965
v 0.012250952422618866 -0.04780873283743858 -0.01717059500515461
v 0.011749999597668648 -0.046757087111473083 -0.016998739913105965
v 0.012652684934437275 -0.047488871961832047 -0.017188718542456627
v 0.011749999597668648 -0.04792288690805435 -0.01716412603855133
v 0.011749999597668648 -0.04692056402564049 -0.016993941739201546
v 0.012250952422618866 -0.04780873283743858 -0.01717059500515461
v 0.012250952422618866 -0.04780873283743858 -0.01717059500515461
v 0.011749999597668648 -0.04692056402564049 -0.016993941739201546
v 0.011749999597668648 -0.046757087111473083 -0.016998739913105965
v 0.014750000089406967 -0.04692680388689041 -0.019993934780359268
v 0.01463943812996149 -0.047555651515722275 -0.019488271325826645
v 0.014459991827607155 -0.04624541848897934 -0.018902303650975227
v 0.014459991827607155 -0.04624541848897934 -0.018902303650975227
v 0.01463943812996149 -0.047555651515722275 -0.019488271325826645
v 0.014459991827607155 -0.0474805124104023 -0.018832320347428322
v 0.014459991827607155 -0.04624541848897934 -0.018902303650975227
v 0.014459991827607155 -0.0474805124104023 -0.018832320347428322
v 0.013827857561409473 -0.04633386433124542 -0.0179128460586071
v 0.013827857561409473 -0.04728085920214653 -0.017859185114502907
v 0.013827857561409473 -0.04633386433124542 -0.0179128460586071
v 0.013827857561409473 -0.04728085920214653 -0.017859185114502907
v 0.012875629588961601 -0.04651365429162979 -0.01724397763609886
v 0.012875629588961601 -0.04702666401863098 -0.017214909195899963
v 0.012875629588961601 -0.04651365429162979 -0.01724397763609886
v 0.012875629588961601 -0.04702666401863098 -0.017214909195899963
v 0.011749999597668648 -0.046757087111473083 -0.016998739913105965
v -0.024249998852610588 -0.04618828743696213 -0.01708625629544258
v -0.024249998852610588 -0.04547690600156784 -0.017367569729685783
v 0.011749999597668648 -0.04547690600156784 -0.017367569729685783
v 0.011749999597668648 -0.04547690600156784 -0.017367569729685783
v -0.024249998852610588 -0.04547690600156784 -0.017367569729685783
v -0.024249998852610588 -0.04507410153746605 -0.017634380608797073
v 0.011749999597668648 -0.04547690600156784 -0.017367569729685783
v -0.024249998852610588 -0.04507410153746605 -0.017634380608797073
v 0.011749999597668648 -0.04467948153614998 -0.018006587401032448
v 0.011749999597668648 -0.04467948153614998 -0.018006587401032448
v -0.024249998852610588 -0.04507410153746605 -0.017634380608797073
v -0.024249998852610588 -0.04439149051904678 -0.018390130251646042
v 0.011749999597668648 -0.04467948153614998 -0.018006587401032448
v -0.024249998852610588 -0.04439149051904678 -0.018390130251646042
v 0.011749999597668648 -0.04439149051904678 -0.018390130251646042
v 0.011749999597668648 -0.048365768045186996 -0.017361562699079514
v -0.024249998852610588 -0.048365768045186996 -0.017361562699079514
v 0.011749999597668648 -0.04792288690805435 -0.01716412603855133
v 0.011749999597668648 -0.04792288690805435 -0.01716412603855133
v -0.024249998852610588 -0.048365768045186996 -0.017361562699079514
v -0.024249998852610588 -0.04742899537086487 -0.01703626662492752
v 0.011749999597668648 -0.04792288690805435 -0.01716412603855133
v -0.024249998852610588 -0.04742899537086487 -0.01703626662492752
v 0.011749999597668648 -0.04692056402564049 -0.016993941739201546
v 0.011749999597668648 -0.04692056402564049 -0.016993941739201546
v -0.024249998852610588 -0.04742899537086487 -0.01703626662492752
v -0.024249998852610588 -0.04692056402564049 -0.016993941739201546
v 0.011749999597668648 -0.04692056402564049 -0.016993941739201546
v -0.024249998852610588 -0.04692056402564049 -0.016993941739201546
v 0.011749999597668648 -0.046757087111473083 -0.016998739913105965
v 0.011749999597668648 -0.046757087111473083 -0.016998739913105965
v -0.024249998852610588 -0.04692056402564049 -0.016993941739201546
v -0.024249998852610588 -0.04618828743696213 -0.01708625629544258
v 0.011749999597668648 -0.046757087111473083 -0.016998739913105965
v -0.024249998852610588 -0.04618828743696213 -0.01708625629544258
v 0.011749999597668648 -0.04561743140220642 -0.017294760793447495
v 0.011749999597668648 -0.04561743140220642 -0.017294760793447495
v -0.024249998852610588 -0.04618828743696213 -0.01708625629544258
v 0.011749999597668648 -0.04547690600156784 -0.017367569729685783
v -0.024249998852610588 -0.048365768045186996 -0.017361562699079514
v -0.024420538917183876 -0.04834502562880516 -0.01733371615409851
v -0.024249998852610588 -0.04742899537086487 -0.01703626662492752
v -0.024249998852610588 -0.04742899537086487 -0.01703626662492752
v -0.024420538917183876 -0.04834502562880516 -0.01733371615409851
v -0.024596115574240685 -0.0474393405020237 -0.01697533018887043
v -0.024249998852610588 -0.04742899537086487 -0.01703626662492752
v -0.024596115574240685 -0.0474393405020237 -0.01697533018887043
v -0.024249998852610588 -0.04692056402564049 -0.016993941739201546
v -0.024596115574240685 -0.04503593221306801 -0.017585767433047295
v -0.024249998852610588 -0.04507410153746605 -0.017634380608797073
v -0.024249998852610588 -0.04547690600156784 -0.017367569729685783
v -0.024596115574240685 -0.04433925449848175 -0.018357086926698685
v -0.024249998852610588 -0.04439149051904678 -0.018390130251646042
v -0.024249998852610588 -0.04507410153746605 -0.017634380608797073
v -0.024596115574240685 -0.04503593221306801 -0.017585767433047295
v -0.024596115574240685 -0.04433925449848175 -0.018357086926698685
v -0.024596115574240685 -0.04503593221306801 -0.017585767433047295
v -0.02495710738003254 -0.04489322006702423 -0.017404014244675636
v -0.02495710738003254 -0.04414396360516548 -0.01823354884982109
v -0.02495710738003254 -0.04414396360516548 -0.01823354884982109
v -0.02495710738003254 -0.04489322006702423 -0.017404014244675636
v -0.02518819086253643 -0.044670283794403076 -0.017120089381933212
v -0.02518819086253643 -0.04383889213204384 -0.01804056391119957
v -0.02518819086253643 -0.04602732136845589 -0.016452495008707047
v -0.02525000087916851 -0.045942116528749466 -0.016117028892040253
v -0.02525000087916851 -0.04445653408765793 -0.01684786193072796
v -0.024420538917183876 -0.04834502562880516 -0.01733371615409851
v -0.024649208411574364 -0.048254355788230896 -0.017211247235536575
v -0.024596115574240685 -0.0474393405020237 -0.01697533018887043
v -0.024596115574240685 -0.0474393405020237 -0.01697533018887043
v -0.024649208411574364 -0.048254355788230896 -0.017211247235536575
v -0.02496006153523922 -0.04801599681377411 -0.016883250325918198
v -0.024596115574240685 -0.0474393405020237 -0.01697533018887043
v -0.02496006153523922 -0.04801599681377411 -0.016883250325918198
v -0.02495710738003254 -0.047478023916482925 -0.016747506335377693
v -0.02495710738003254 -0.047478023916482925 -0.016747506335377693
v -0.02496006153523922 -0.04801599681377411 -0.016883250325918198
v -0.025138230994343758 -0.04778686538338661 -0.016559377312660217
v -0.02495710738003254 -0.047478023916482925 -0.016747506335377693
v -0.025138230994343758 -0.04778686538338661 -0.016559377312660217
v -0.02518819086253643 -0.047538451850414276 -0.016391608864068985
v -0.02518819086253643 -0.047538451850414276 -0.016391608864068985
v -0.025138230994343758 -0.04778686538338661 -0.016559377312660217
v -0.02525000087916851 -0.04742168262600899 -0.016024649143218994
v -0.02518819086253643 -0.047538451850414276 -0.016391608864068985
v -0.02525000087916851 -0.04742168262600899 -0.016024649143218994
v -0.02525000087916851 -0.045942116528749466 -0.016117028892040253
v -0.02525000087916851 -0.045942116528749466 -0.016117028892040253
v -0.02518819086253643 -0.04602732136845589 -0.016452495008707047
v -0.02518819086253643 -0.047538451850414276 -0.016391608864068985
v -0.02518819086253643 -0.047538451850414276 -0.016391608864068985
v -0.02518819086253643 -0.04602732136845589 -0.016452495008707047
v -0.02495710738003254 -0.0461161844432354 -0.01680237613618374
v -0.02495710738003254 -0.047478023916482925 -0.016747506335377693
v -0.02495710738003254 -0.047478023916482925 -0.016747506335377693
v -0.02495710738003254 -0.0461161844432354 -0.01680237613618374
v -0.024596115574240685 -0.04617307335138321 -0.017026349902153015
v -0.024596115574240685 -0.0474393405020237 -0.01697533018887043
v -0.024596115574240685 -0.0474393405020237 -0.01697533018887043
v -0.024596115574240685 -0.04617307335138321 -0.017026349902153015
v -0.024249998852610588 -0.04618828743696213 -0.01708625629544258
v -0.024596115574240685 -0.0474393405020237 -0.01697533018887043
v -0.024249998852610588 -0.04618828743696213 -0.01708625629544258
v -0.024249998852610588 -0.04692056402564049 -0.016993941739201546
v -0.02525000087916851 -0.04354638606309891 -0.017855528742074966
v -0.02518819086253643 -0.04383889213204384 -0.01804056391119957
v -0.02525000087916851 -0.04445653408765793 -0.01684786193072796
v -0.02518819086253643 -0.044670283794403076 -0.017120089381933212
v -0.02518819086253643 -0.044670283794403076 -0.017120089381933212
v -0.02518819086253643 -0.04602732136845589 -0.016452495008707047
v -0.02518819086253643 -0.044670283794403076 -0.017120089381933212
v -0.02495710738003254 -0.04489322006702423 -0.017404014244675636
v -0.02495710738003254 -0.0461161844432354 -0.01680237613618374
v -0.02495710738003254 -0.0461161844432354 -0.01680237613618374
v -0.02495710738003254 -0.04489322006702423 -0.017404014244675636
v -0.024596115574240685 -0.04503593221306801 -0.017585767433047295
v -0.024596115574240685 -0.04617307335138321 -0.017026349902153015
v -0.024596115574240685 -0.04617307335138321 -0.017026349902153015
v -0.024596115574240685 -0.04503593221306801 -0.017585767433047295
v -0.024249998852610588 -0.04547690600156784 -0.017367569729685783
v -0.024596115574240685 -0.04617307335138321 -0.017026349902153015
v -0.024249998852610588 -0.04547690600156784 -0.017367569729685783
v -0.024249998852610588 -0.04618828743696213 -0.01708625629544258
v -0.024249998852610588 -0.042656950652599335 -0.007500000763684511
v -0.021250000223517418 -0.042656950652599335 -0.007500000763684511
v -0.024249998852610588 -0.042656950652599335 -0.01250000111758709
v -0.020044265314936638 -0.042656950652599335 -0.007313950452953577
v 0.024250000715255737 -0.042656950652599335 -0.01250000111758709
v -0.017344335094094276 -0.042656950652599335 -0.004365365952253342
v 0.024250000715255737 -0.042656950652599335 -0.004365365486592054
v -0.017771044746041298 -0.042656950652599335 -0.005474049132317305
v -0.018733477219939232 -0.042656950652599335 -0.0066091991029679775
v 0.02525000087916851 -0.04365695267915726 -0.008267421275377274
v 0.02525000087916851 -0.04365695267915726 -0.01250000111758709
v 0.02518819086253643 -0.04331083223223686 -0.01250000111758709
v 0.02525000087916851 -0.04365695267915726 -0.008267421275377274
v 0.02518819086253643 -0.04331083223223686 -0.01250000111758709
v 0.025116024538874626 -0.043156951665878296 -0.006571710575371981
v 0.025116024538874626 -0.043156951665878296 -0.006571710575371981
v 0.02518819086253643 -0.04331083223223686 -0.01250000111758709
v 0.025116024538874626 -0.043156951665878296 -0.01250000111758709
v 0.025116024538874626 -0.043156951665878296 -0.006571710575371981
v 0.025116024538874626 -0.043156951665878296 -0.01250000111758709
v 0.02474999986588955 -0.04279092699289322 -0.005033834371715784
v 0.025116024538874626 -0.043156951665878296 -0.01250000111758709
v 0.02495710738003254 -0.042949844151735306 -0.01250000111758709
v 0.02474999986588955 -0.04279092699289322 -0.005033834371715784
v 0.02474999986588955 -0.04279092699289322 -0.005033834371715784
v 0.02495710738003254 -0.042949844151735306 -0.01250000111758709
v 0.02474999986588955 -0.04279092699289322 -0.01250000111758709
v 0.02474999986588955 -0.04279092699289322 -0.005033834371715784
v 0.02474999986588955 -0.04279092699289322 -0.01250000111758709
v 0.024570811539888382 -0.04270980879664421 -0.004638146609067917
v 0.024570811539888382 -0.04270980879664421 -0.004638146609067917
v 0.02474999986588955 -0.04279092699289322 -0.01250000111758709
v 0.024596117436885834 -0.042718760669231415 -0.01250000111758709
v 0.024570811539888382 -0.04270980879664421 -0.004638146609067917
v 0.024596117436885834 -0.042718760669231415 -0.01250000111758709
v 0.024441871792078018 -0.04267553240060806 -0.004462727345526218
v 0.024441871792078018 -0.04267553240060806 -0.004462727345526218
v 0.024596117436885834 -0.042718760669231415 -0.01250000111758709
v 0.024250000715255737 -0.042656950652599335 -0.01250000111758709
v 0.024441871792078018 -0.04267553240060806 -0.004462727345526218
v 0.024250000715255737 -0.042656950652599335 -0.01250000111758709
v 0.024355584755539894 -0.042662542313337326 -0.004394832067191601
v 0.024355584755539894 -0.042662542313337326 -0.004394832067191601
v 0.024250000715255737 -0.042656950652599335 -0.01250000111758709
v 0.024250000715255737 -0.042656950652599335 -0.004365365486592054
v -0.02525000087916851 -0.04365695267915726 -0.008267421275377274
v -0.025220995768904686 -0.04341786354780197 -0.007500000763684511
v -0.025180066004395485 -0.043289560824632645 -0.007500000763684511
v -0.02525000087916851 -0.04365695267915726 -0.008267421275377274
v -0.025180066004395485 -0.043289560824632645 -0.007500000763684511
v -0.02525000087916851 -0.04365695267915726 -0.01250000111758709
v -0.024249998852610588 -0.042656950652599335 -0.007500000763684511
v -0.024249998852610588 -0.042656950652599335 -0.01250000111758709
v -0.024617386981844902 -0.04272688180208206 -0.007500000763684511
v -0.024617386981844902 -0.04272688180208206 -0.007500000763684511
v -0.024249998852610588 -0.042656950652599335 -0.01250000111758709
v -0.024596115574240685 -0.042718760669231415 -0.01250000111758709
v -0.024617386981844902 -0.04272688180208206 -0.007500000763684511
v -0.024596115574240685 -0.042718760669231415 -0.01250000111758709
v -0.02474999986588955 -0.04279092699289322 -0.007500000763684511
v -0.02474999986588955 -0.04279092699289322 -0.007500000763684511
v -0.024596115574240685 -0.042718760669231415 -0.01250000111758709
v -0.02474999986588955 -0.04279092699289322 -0.01250000111758709
v -0.02474999986588955 -0.04279092699289322 -0.007500000763684511
v -0.02474999986588955 -0.04279092699289322 -0.01250000111758709
v -0.02495710738003254 -0.042949844151735306 -0.007500000763684511
v -0.02495710738003254 -0.042949844151735306 -0.01250000111758709
v -0.02495710738003254 -0.042949844151735306 -0.007500000763684511
v -0.02495710738003254 -0.042949844151735306 -0.01250000111758709
v -0.025116024538874626 -0.043156951665878296 -0.007500000763684511
v -0.025116024538874626 -0.043156951665878296 -0.01250000111758709
v -0.025116024538874626 -0.043156951665878296 -0.007500000763684511
v -0.025116024538874626 -0.043156951665878296 -0.01250000111758709
v -0.025180066004395485 -0.043289560824632645 -0.007500000763684511
v -0.025180066004395485 -0.043289560824632645 -0.007500000763684511
v -0.025116024538874626 -0.043156951665878296 -0.01250000111758709
v -0.02518819086253643 -0.04331083223223686 -0.01250000111758709
v -0.025180066004395485 -0.043289560824632645 -0.007500000763684511
v -0.02518819086253643 -0.04331083223223686 -0.01250000111758709
v -0.02525000087916851 -0.04365695267915726 -0.01250000111758709
v -0.02495710738003254 -0.042949844151735306 -0.007500000763684511
v -0.024758057668805122 -0.04286755248904228 -0.007155431900173426
v -0.02465507946908474 -0.0427645742893219 -0.007301063742488623
v -0.024704178795218468 -0.04320059344172478 -0.006734850350767374
v -0.024733232334256172 -0.04317371919751167 -0.006769950035959482
v -0.024722931906580925 -0.04320325702428818 -0.006744690705090761
v -0.024286167696118355 -0.042726654559373856 -0.007134975399821997
v -0.024249998852610588 -0.04271915555000305 -0.007152811158448458
v -0.024249998852610588 -0.042656950652599335 -0.007500000763684511
v -0.024733232334256172 -0.04317371919751167 -0.006769950035959482
v -0.024704178795218468 -0.04320059344172478 -0.006734850350767374
v -0.02447511814534664 -0.04291560873389244 -0.006867758464068174
v -0.024249998852610588 -0.04271915555000305 -0.007152811158448458
v -0.024286167696118355 -0.042726654559373856 -0.007134975399821997
v -0.024249998852610588 -0.0428980328142643 -0.0068488153629004955
v -0.024249998852610588 -0.0428980328142643 -0.0068488153629004955
v -0.024286167696118355 -0.042726654559373856 -0.007134975399821997
v -0.02447511814534664 -0.04291560873389244 -0.006867758464068174
v -0.024249998852610588 -0.0428980328142643 -0.0068488153629004955
v -0.02447511814534664 -0.04291560873389244 -0.006867758464068174
v -0.024249998852610588 -0.04302961751818657 -0.00672124931588769
v -0.024249998852610588 -0.04302961751818657 -0.00672124931588769
v -0.02447511814534664 -0.04291560873389244 -0.006867758464068174
v -0.024704178795218468 -0.04320059344172478 -0.006734850350767374
v -0.024249998852610588 -0.04302961751818657 -0.00672124931588769
v -0.024704178795218468 -0.04320059344172478 -0.006734850350767374
v -0.024249998852610588 -0.04317132756114006 -0.006625834386795759
v -0.025142373517155647 -0.04325186833739281 -0.007301063742488623
v -0.025150028988718987 -0.04333270713686943 -0.007208772469311953
v -0.024977026507258415 -0.043257277458906174 -0.006941705476492643
v -0.024617386981844902 -0.04272688180208206 -0.007500000763684511
v -0.02474999986588955 -0.04279092699289322 -0.007500000763684511
v -0.02465507946908474 -0.0427645742893219 -0.007301063742488623
v -0.02465507946908474 -0.0427645742893219 -0.007301063742488623
v -0.02474999986588955 -0.04279092699289322 -0.007500000763684511
v -0.02495710738003254 -0.042949844151735306 -0.007500000763684511
v -0.024898728355765343 -0.0430082231760025 -0.007102126721292734
v -0.024758057668805122 -0.04286755248904228 -0.007155431900173426
v -0.02495710738003254 -0.042949844151735306 -0.007500000763684511
v -0.025220995768904686 -0.04341786354780197 -0.007500000763684511
v -0.025150028988718987 -0.04333270713686943 -0.007208772469311953
v -0.025180066004395485 -0.043289560824632645 -0.007500000763684511
v -0.025180066004395485 -0.043289560824632645 -0.007500000763684511
v -0.025150028988718987 -0.04333270713686943 -0.007208772469311953
v -0.025142373517155647 -0.04325186833739281 -0.007301063742488623
v -0.025180066004395485 -0.043289560824632645 -0.007500000763684511
v -0.025142373517155647 -0.04325186833739281 -0.007301063742488623
v -0.025116024538874626 -0.043156951665878296 -0.007500000763684511
v -0.025116024538874626 -0.043156951665878296 -0.007500000763684511
v -0.025142373517155647 -0.04325186833739281 -0.007301063742488623
v -0.02495710738003254 -0.042949844151735306 -0.007500000763684511
v -0.024722931906580925 -0.04320325702428818 -0.006744690705090761
v -0.024733232334256172 -0.04317371919751167 -0.006769950035959482
v -0.024977026507258415 -0.043257277458906174 -0.006941705476492643
v -0.024977026507258415 -0.043257277458906174 -0.006941705476492643
v -0.024733232334256172 -0.04317371919751167 -0.006769950035959482
v -0.025039395317435265 -0.04314889386296272 -0.007155431900173426
v -0.024977026507258415 -0.043257277458906174 -0.006941705476492643
v -0.025039395317435265 -0.04314889386296272 -0.007155431900173426
v -0.025142373517155647 -0.04325186833739281 -0.007301063742488623
v -0.025142373517155647 -0.04325186833739281 -0.007301063742488623
v -0.025039395317435265 -0.04314889386296272 -0.007155431900173426
v -0.02495710738003254 -0.042949844151735306 -0.007500000763684511
v -0.024249998852610588 -0.042656950652599335 -0.007500000763684511
v -0.024617386981844902 -0.04272688180208206 -0.007500000763684511
v -0.024286167696118355 -0.042726654559373856 -0.007134975399821997
v -0.024286167696118355 -0.042726654559373856 -0.007134975399821997
v -0.024617386981844902 -0.04272688180208206 -0.007500000763684511
v -0.02465507946908474 -0.0427645742893219 -0.007301063742488623
v -0.024286167696118355 -0.042726654559373856 -0.007134975399821997
v -0.02465507946908474 -0.0427645742893219 -0.007301063742488623
v -0.02447511814534664 -0.04291560873389244 -0.006867758464068174
v -0.024758057668805122 -0.04286755248904228 -0.007155431900173426
v -0.02447511814534664 -0.04291560873389244 -0.006867758464068174
v -0.024758057668805122 -0.04286755248904228 -0.007155431900173426
v -0.024733232334256172 -0.04317371919751167 -0.006769950035959482
v -0.024898728355765343 -0.0430082231760025 -0.007102126721292734
v -0.024733232334256172 -0.04317371919751167 -0.006769950035959482
v -0.024898728355765343 -0.0430082231760025 -0.007102126721292734
v -0.025039395317435265 -0.04314889386296272 -0.007155431900173426
v -0.025039395317435265 -0.04314889386296272 -0.007155431900173426
v -0.024898728355765343 -0.0430082231760025 -0.007102126721292734
v -0.02495710738003254 -0.042949844151735306 -0.007500000763684511
v -0.024249998852610588 -0.04317132756114006 -0.006625834386795759
v -0.021250000223517418 -0.04317132756114006 -0.006625834386795759
v -0.024249998852610588 -0.04302961751818657 -0.00672124931588769
v -0.024249998852610588 -0.04302961751818657 -0.00672124931588769
v -0.021250000223517418 -0.04317132756114006 -0.006625834386795759
v -0.021250000223517418 -0.04291260242462158 -0.006832211744040251
v -0.024249998852610588 -0.04302961751818657 -0.00672124931588769
v -0.021250000223517418 -0.04291260242462158 -0.006832211744040251
v -0.024249998852610588 -0.0428980328142643 -0.0068488153629004955
v -0.024249998852610588 -0.0428980328142643 -0.0068488153629004955
v -0.021250000223517418 -0.04291260242462158 -0.006832211744040251
v -0.021250000223517418 -0.042713817209005356 -0.0071675837971270084
v -0.024249998852610588 -0.0428980328142643 -0.0068488153629004955
v -0.021250000223517418 -0.042713817209005356 -0.0071675837971270084
v -0.024249998852610588 -0.04271915555000305 -0.007152811158448458
v -0.024249998852610588 -0.04271915555000305 -0.007152811158448458
v -0.021250000223517418 -0.042713817209005356 -0.0071675837971270084
v -0.021250000223517418 -0.042656950652599335 -0.007500000763684511
v -0.024249998852610588 -0.04271915555000305 -0.007152811158448458
v -0.021250000223517418 -0.042656950652599335 -0.007500000763684511
v -0.024249998852610588 -0.042656950652599335 -0.007500000763684511
v -0.021250000223517418 -0.04317132756114006 -0.006625834386795759
v -0.020245561376214027 -0.04291260242462158 -0.006677221041172743
v -0.021250000223517418 -0.04291260242462158 -0.006832211744040251
v -0.021250000223517418 -0.04291260242462158 -0.006832211744040251
v -0.020245561376214027 -0.04291260242462158 -0.006677221041172743
v -0.020144468173384666 -0.042713817209005356 -0.0069969953037798405
v -0.021250000223517418 -0.042713817209005356 -0.0071675837971270084
v -0.020044265314936638 -0.042656950652599335 -0.007313950452953577
v -0.018942611292004585 -0.042713817209005356 -0.0063508120365440845
v -0.018733477219939232 -0.042656950652599335 -0.0066091991029679775
v -0.018733477219939232 -0.042656950652599335 -0.0066091991029679775
v -0.018942611292004585 -0.042713817209005356 -0.0063508120365440845
v -0.01806016080081463 -0.042713817209005356 -0.005309997126460075
v -0.017771044746041298 -0.042656950652599335 -0.005474049132317305
v -0.017431771382689476 -0.04266024008393288 -0.004382731858640909
v -0.017344335094094276 -0.042656950652599335 -0.004365365952253342
v -0.01755467988550663 -0.04267391934990883 -0.004454347304999828
v -0.01755467988550663 -0.04267391934990883 -0.004454347304999828
v -0.017344335094094276 -0.042656950652599335 -0.004365365952253342
v -0.017771044746041298 -0.042656950652599335 -0.005474049132317305
v -0.01755467988550663 -0.04267391934990883 -0.004454347304999828
v -0.017771044746041298 -0.042656950652599335 -0.005474049132317305
v -0.0179730374366045 -0.042759962379932404 -0.004885816480964422
v -0.0179730374366045 -0.042759962379932404 -0.004885816480964422
v -0.017771044746041298 -0.042656950652599335 -0.005474049132317305
v -0.01806016080081463 -0.042713817209005356 -0.005309997126460075
v -0.0179730374366045 -0.042759962379932404 -0.004885816480964422
v -0.01806016080081463 -0.042713817209005356 -0.005309997126460075
v -0.01825053058564663 -0.042825259268283844 -0.005193981807678938
v -0.01825053058564663 -0.042825259268283844 -0.005193981807678938
v -0.01806016080081463 -0.042713817209005356 -0.005309997126460075
v -0.018823029473423958 -0.04294661432504654 -0.0057303281500935555
v -0.018823029473423958 -0.04294661432504654 -0.0057303281500935555
v -0.01806016080081463 -0.042713817209005356 -0.005309997126460075
v -0.018942611292004585 -0.042713817209005356 -0.0063508120365440845
v -0.018823029473423958 -0.04294661432504654 -0.0057303281500935555
v -0.018942611292004585 -0.042713817209005356 -0.0063508120365440845
v -0.01915360428392887 -0.04291260242462158 -0.006090126466006041
v -0.021250000223517418 -0.04317132756114006 -0.006625834386795759
v -0.020429572090506554 -0.04314625263214111 -0.006531174760311842
v -0.020245561376214027 -0.04291260242462158 -0.006677221041172743
v -0.020245561376214027 -0.04291260242462158 -0.006677221041172743
v -0.020429572090506554 -0.04314625263214111 -0.006531174760311842
v -0.020227426663041115 -0.04313230514526367 -0.0064780074171721935
v -0.020245561376214027 -0.04291260242462158 -0.006677221041172743
v -0.020227426663041115 -0.04313230514526367 -0.0064780074171721935
v -0.0192797239869833 -0.04302453249692917 -0.006053635850548744
v -0.021250000223517418 -0.042656950652599335 -0.007500000763684511
v -0.021250000223517418 -0.042713817209005356 -0.0071675837971270084
v -0.020044265314936638 -0.042656950652599335 -0.007313950452953577
v -0.020144468173384666 -0.042713817209005356 -0.0069969953037798405
v -0.020144468173384666 -0.042713817209005356 -0.0069969953037798405
v -0.018942611292004585 -0.042713817209005356 -0.0063508120365440845
v -0.020144468173384666 -0.042713817209005356 -0.0069969953037798405
v -0.020245561376214027 -0.04291260242462158 -0.006677221041172743
v -0.01915360428392887 -0.04291260242462158 -0.006090126466006041
v -0.01915360428392887 -0.04291260242462158 -0.006090126466006041
v -0.020245561376214027 -0.04291260242462158 -0.006677221041172743
v -0.0192797239869833 -0.04302453249692917 -0.006053635850548744
v -0.01915360428392887 -0.04291260242462158 -0.006090126466006041
v -0.0192797239869833 -0.04302453249692917 -0.006053635850548744
v -0.018823029473423958 -0.04294661432504654 -0.0057303281500935555
v -0.02525000087916851 -0.037239618599414825 -0.02250000089406967
v -0.02525000087916851 -0.0036569517105817795 -0.02250000089406967
v -0.02525000087916851 -0.0036569517105817795 -0.029500000178813934
v -0.02525000087916851 -0.039948489516973495 -0.02250000089406967
v -0.02525000087916851 -0.061427854001522064 -0.02758353017270565
v -0.02525000087916851 -0.051969580352306366 -0.02250000089406967
v -0.02525000087916851 -0.05560677498579025 -0.024376507848501205
v -0.02525000087916851 -0.05196092650294304 -0.021406006067991257
v -0.02525000087916851 -0.06779158860445023 -0.029500000178813934
v -0.02525000087916851 -0.039371002465486526 -0.021213294938206673
v -0.02525000087916851 -0.045942116528749466 -0.016117028892040253
v -0.02525000087916851 -0.04742168262600899 -0.016024649143218994
v -0.02525000087916851 -0.046590253710746765 -0.014710996299982071
v -0.02525000087916851 -0.0437949076294899 -0.008681402541697025
v -0.02525000087916851 -0.04365695267915726 -0.008267421275377274
v -0.02525000087916851 -0.04365695267915726 -0.01250000111758709
v -0.02525000087916851 -0.04445653408765793 -0.01684786193072796
v -0.02525000087916851 -0.0434996671974659 -0.014353519305586815
v -0.02525000087916851 -0.04354638606309891 -0.017855528742074966
v -0.02525000087916851 -0.0427115336060524 -0.01696154661476612
v -0.02525000087916851 -0.04231393337249756 -0.01956622116267681
v -0.02525000087916851 -0.04130658134818077 -0.01929587498307228
v -0.02525000087916851 -0.04088469594717026 -0.02111627906560898
v -0.02525000087916851 -0.04034077748656273 -0.02176293171942234
v -0.02525000087916851 -0.039948489516973495 -0.02250000089406967
v -0.02525000087916851 -0.051969580352306366 -0.02250000089406967
v -0.025183191522955894 -0.04033947363495827 -0.02250000089406967
v -0.02499045617878437 -0.04068605601787567 -0.02250000089406967
v -0.024693259969353676 -0.04093967378139496 -0.02250000089406967
v -0.02457982487976551 -0.05102153867483139 -0.02250000089406967
v -0.024358564987778664 -0.04105182737112045 -0.02250000089406967
v -0.024249998852610588 -0.05096530169248581 -0.02250000089406967
v -0.02518819086253643 -0.05162210017442703 -0.02250000089406967
v -0.025095781311392784 -0.051433924585580826 -0.02250000089406967
v -0.02495713345706463 -0.05125961825251579 -0.02250000089406967
v -0.02487245760858059 -0.05118369683623314 -0.02250000089406967
v -0.025224706158041954 -0.05174519121646881 -0.02250000089406967
v 0.014750000089406967 -0.045074574649333954 -0.02250000089406967
v 0.014750000089406967 -0.04792685806751251 -0.02250000089406967
v 0.011749999597668648 -0.05096530169248581 -0.02250000089406967
v 0.014749934896826744 -0.04794721305370331 -0.02250000089406967
v 0.014603541232645512 -0.04383331537246704 -0.02250000089406967
v 0.014535101130604744 -0.04357423260807991 -0.02250000089406967
v 0.014079202897846699 -0.04248746484518051 -0.02250000089406967
v 0.013227717019617558 -0.05057398974895477 -0.02250000089406967
v 0.014003920368850231 -0.049938689917325974 -0.02250000089406967
v 0.012285861186683178 -0.05091680958867073 -0.02250000089406967
v 0.014528796076774597 -0.04908079281449318 -0.02250000089406967
v 0.01457218173891306 -0.048966143280267715 -0.02250000089406967
v 0.013370407745242119 -0.041625894606113434 -0.02250000089406967
v 0.012792687863111496 -0.04127706214785576 -0.02250000089406967
v 0.013911230489611626 -0.04221482202410698 -0.02250000089406967
v 0.012606846168637276 -0.04120400920510292 -0.02250000089406967
v 0.011749999597668648 -0.04105864837765694 -0.02250000089406967
v -0.024249998852610588 -0.04105864837765694 -0.02250000089406967
v -0.02525000087916851 -0.07952231913805008 -0.029500000178813934
v -0.02525000087916851 -0.08701220154762268 -0.029500000178813934
v -0.02525000087916851 -0.08588604629039764 -0.02758353017270565
v -0.02525000087916851 -0.08701220154762268 -0.027083909139037132
v -0.02525000087916851 -0.08701220154762268 -0.027083909139037132
v -0.02525000087916851 -0.08701220154762268 -0.029500000178813934
v 0.02525000087916851 -0.08701220154762268 -0.027083909139037132
v 0.02525000087916851 -0.08701220154762268 -0.029500000178813934
f 1 2 3
f 4 5 6
f 7 8 9
f 10 11 12
f 13 14 15
f 16 17 18
f 19 20 21
f 22 23 24
f 25 26 27
f 28 29 30
f 31 32 33
f 31 33 34
f 35 36 37
f 35 37 38
f 39 40 41
f 39 41 42
f 43 44 45
f 46 47 48
f 48 47 49
f 50 51 52
f 53 54 55
f 56 57 58
f 59 60 61
f 62 63 64
f 65 66 67
f 68 69 70
f 71 72 73
f 74 75 76
f 77 78 79
f 80 81 82
f 83 84 85
f 86 87 88
f 89 90 91
f 92 93 94
f 95 96 97
f 95 97 98
f 99 100 101
f 99 101 102
f 103 104 105
f 103 105 106
f 107 83 85
f 108 109 110
f 111 112 113
f 114 115 116
f 117 118 119
f 120 121 122
f 123 124 125
f 126 127 128
f 129 130 131
f 132 133 134
f 135 136 137
f 138 139 140
f 141 142 143
f 141 143 144
f 82 145 80
f 146 147 148
f 149 150 151
f 152 153 154
f 155 156 157
f 158 159 160
f 161 162 163
f 164 165 166
f 167 168 169
f 170 171 172
f 172 171 173
f 174 175 176
f 176 175 177
f 178 179 180
f 180 179 181
f 182 183 184
f 184 183 185
f 186 187 188
f 189 190 191
f 192 193 194
f 195 196 197
f 198 199 200
f 200 199 201
f 202 203 204
f 204 203 205
f 206 207 208
f 208 207 209
f 210 211 212
f 212 211 213
f 214 215 216
f 217 218 219
f 220 221 222
f 223 224 225
f 226 227 228
f 229 230 231
f 232 233 234
f 235 236 237
f 238 239 240
f 241 242 243
f 244 245 246
f 247 248 249
f 250 251 252
f 253 254 255
f 256 257 258
f 259 260 261
f 259 261 262
f 263 264 265
f 263 265 266
f 267 268 269
f 270 271 272
f 273 274 275
f 276 277 278
f 279 280 281
f 282 283 284
f 234 285 232
f 286 287 288
f 286 288 289
f 290 291 292
f 290 292 293
f 294 295 296
f 294 296 297
f 298 299 300
f 301 302 303
f 238 240 304
f 305 306 307
f 308 309 310
f 310 309 311
f 312 313 314
f 314 313 315
f 316 317 318
f 318 317 319
f 320 321 322
f 322 321 323
f 324 325 326
f 327 328 329
f 330 331 332
f 333 334 335
f 336 337 338
f 339 340 341
f 341 340 342
f 343 344 345
f 345 344 346
f 347 348 349
f 349 348 350
f 351 352 353
f 353 352 354
f 355 356 357
f 358 359 360
f 361 362 363
f 364 365 366
f 367 368 369
f 370 371 372
f 370 372 373
f 374 375 376
f 377 378 379
f 379 378 380
f 376 381 374
f 382 383 384
f 382 384 385
f 386 387 388
f 389 390 391
f 392 393 394
f 395 396 397
f 398 399 400
f 401 402 403
f 404 405 406
f 407 408 409
f 410 411 412
f 413 414 415
f 416 417 418
f 419 416 420
f 420 416 418
f 420 418 421
f 421 418 422
f 423 424 425
f 426 427 428
f 429 430 431
f 432 433 434
f 435 436 437
f 438 439 440
f 441 442 443
f 444 445 446
f 447 448 449
f 450 451 452
f 453 454 455
f 456 457 458
f 459 460 461
f 462 463 464
f 465 466 467
f 434 468 432
f 469 470 471
f 472 473 474
f 475 476 477
f 478 479 480
f 481 477 476
f 466 482 467
f 483 484 485
f 486 487 488
f 489 490 491
f 492 493 494
f 495 496 497
f 498 499 500
f 501 502 503
f 503 502 504
f 505 506 507
f 508 509 510
f 511 512 513
f 514 515 516
f 517 518 519
f 520 521 522
f 523 524 525
f 526 527 528
f 529 530 531
f 532 533 534
f 535 536 537
f 538 539 540
f 541 542 543
f 544 545 546
f 547 548 549
f 550 551 552
f 553 554 555
f 556 557 558
f 559 560 561
f 562 563 564
f 565 566 567
f 568 569 570
f 571 572 573
f 574 575 576
f 577 578 579
f 580 581 582
f 583 584 585
f 586 587 588
f 589 590 591
f 591 590 592
f 591 592 593
f 586 588 591
f 591 588 594
f 591 594 589
f 593 595 591
f 591 595 596
f 591 596 597
f 598 599 600
f 587 601 588
f 588 601 602
f 588 602 603
f 603 604 588
f 588 604 605
f 588 605 606
f 597 607 591
f 591 607 598
f 591 598 608
f 608 598 600
f 606 609 588
f 588 609 610
f 588 610 611
f 611 612 588
f 588 612 613
f 588 613 614
f 615 616 617
f 618 619 620
f 621 622 623
f 624 625 626
f 627 628 629
f 630 631 632
f 633 634 635
f 636 637 638
f 639 640 641
f 642 643 644
f 645 646 647
f 648 649 650
f 651 652 653
f 654 655 656
f 657 658 659
f 660 661 662
f 663 664 665
f 666 667 668
f 669 670 671
f 672 673 674
f 675 676 677
f 678 679 680
f 681 682 683
f 684 685 686
f 687 688 689
f 690 691 692
f 693 694 695
f 696 697 698
f 699 700 701
f 702 703 704
f 702 704 705
f 706 707 708
f 709 710 711
f 712 713 714
f 715 716 717
f 718 719 720
f 721 722 723
f 724 725 726
f 727 728 729
f 730 731 732
f 733 734 735
f 736 737 738
f 739 740 741
f 742 743 744
f 745 746 747
f 748 749 750
f 751 752 753
f 754 755 756
f 757 758 759
f 760 761 762
f 763 764 765
f 766 767 768
f 769 770 771
f 772 773 774
f 775 776 777
f 778 779 780
f 781 782 783
f 784 785 786
f 787 788 789
f 790 791 792
f 793 794 795
f 796 797 798
f 796 798 799
f 800 801 802
f 803 804 805
f 803 805 806
f 807 808 809
f 807 809 810
f 738 811 736
f 812 813 814
f 812 814 815
f 816 817 818
f 816 818 819
f 820 821 822
f 820 822 823
f 824 825 826
f 824 826 827
f 828 829 830
f 828 830 831
f 832 833 834
f 832 834 835
f 836 837 838
f 836 838 839
f 840 841 842
f 840 842 843
f 844 845 846
f 844 846 847
f 848 849 850
f 848 850 851
f 852 853 854
f 852 854 855
f 856 857 858
f 856 858 859
f 860 861 862
f 860 862 863
f 864 865 866
f 864 866 867
f 868 869 870
f 868 870 871
f 872 873 874
f 872 874 875
f 876 877 878
f 876 878 879
f 880 881 882
f 880 882 883
f 884 885 886
f 884 886 887
f 888 889 890
f 888 890 891
f 892 893 894
f 892 894 895
f 896 897 898
f 897 899 898
f 898 899 900
f 898 900 901
f 902 903 904
f 904 903 905
f 904 905 898
f 898 905 906
f 898 906 896
f 907 908 909
f 909 908 910
f 909 910 911
f 901 912 898
f 898 912 913
f 898 913 914
f 914 915 898
f 898 915 916
f 898 916 917
f 917 918 898
f 898 918 919
f 898 919 920
f 907 921 908
f 908 921 922
f 908 922 904
f 904 922 923
f 904 923 902
f 924 925 926
f 924 926 919
f 919 926 927
f 919 927 920
f 928 929 930
f 930 929 931
f 932 930 933
f 933 930 931
f 933 931 934
f 934 931 935
f 934 935 936
f 934 937 938
f 939 940 941
f 936 942 934
f 934 942 943
f 934 943 937
f 938 944 934
f 934 944 945
f 934 945 946
f 946 947 934
f 934 947 939
f 934 939 948
f 948 939 941
f 949 950 951
f 952 953 954
f 955 956 957
f 958 959 960
f 961 962 963
f 964 965 966
f 967 968 969
f 970 971 972
f 973 974 975
f 976 977 978
f 979 980 981
f 982 983 984
f 985 986 987
f 988 989 990
f 991 992 993
f 994 995 996
f 997 998 999
f 1000 1001 1002
f 1003 1004 1005
f 1006 1007 1008
f 1009 1010 1011
f 1012 1013 1014
f 1015 1016 1017
f 1018 1019 1020
f 1021 1022 1023
f 1024 1025 1026
f 1027 1028 1029
f 1030 1031 1032
f 1033 1034 1035
f 1036 1037 1038
f 1039 1040 1041
f 1042 1043 1044
f 1045 1046 1047
f 1048 1049 1050
f 1051 1052 1053
f 1054 1055 1056
f 1057 1058 1059
f 1060 1061 1062
f 1063 1064 1065
f 1066 1067 1068
f 1069 1070 1071
f 1072 1073 1074
f 1075 1076 1077
f 1078 1079 1080
f 1081 1082 1083
f 1084 1085 1086
f 1087 1088 1089
f 1090 1091 1092
f 1093 1094 1095
f 1096 1097 1098
f 1099 1100 1101
f 1102 1103 1104
f 1105 1106 1107
f 1108 1109 1110
f 1111 1112 1113
f 1114 1115 1116
f 1117 1118 1119
f 1120 1121 1122
f 1123 1124 1125
f 1126 1127 1128
f 1129 1130 1131
f 1132 1133 1134
f 1135 1136 1137
f 1138 1139 1140
f 1141 1142 1143
f 1144 1145 1146
f 1147 1148 1149
f 1150 1151 1152
f 1153 1154 1155
f 1156 1157 1158
f 1159 1160 1161
f 1162 1163 1164
f 1165 1166 1167
f 1168 1169 1170
f 1171 1172 1173
f 1174 1175 1176
f 1177 1178 1179
f 1180 1181 1182
f 1183 1184 1185
f 1186 1187 1188
f 1189 1190 1191
f 1192 1193 1194
f 1195 1196 1197
f 1198 1199 1200
f 1201 1202 1203
f 1204 1205 1206
f 1207 1208 1209
f 1210 1211 1212
f 1213 1214 1215
f 1216 1217 1218
f 1219 1220 1221
f 1222 1223 1224
f 1225 1226 1227
f 1228 1229 1230
f 1231 1232 1233
f 1234 1235 1236
f 1237 1238 1239
f 1240 1241 1242
f 1243 1244 1245
f 1246 1247 1248
f 1249 1250 1251
f 1252 1253 1254
f 1255 1256 1257
f 1258 1259 1260
f 1261 1262 1263
f 1264 1265 1266
f 1267 1268 1269
f 1270 1271 1272
f 1273 1274 1275
f 1276 1277 1278
f 1279 1280 1281
f 1282 1283 1284
f 1285 1286 1287
f 1288 1289 1290
f 1291 1292 1293
f 1294 1295 1296
f 1297 1298 1299
f 1300 1301 1302
f 1303 1304 1305
f 1306 1307 1308
f 1309 1310 1311
f 1312 1313 1314
f 1315 1316 1317
f 1318 1319 1320
f 1321 1322 1323
f 1324 1325 1326
f 1327 1328 1329
f 1330 1331 1332
f 1333 1334 1335
f 1336 1337 1338
f 1339 1340 1341
f 1342 1343 1344
f 1345 1346 1347
f 1348 1349 1350
f 1350 1349 1351
f 1350 1351 1352
f 1352 1351 1353
f 1352 1353 1354
f 1354 1353 1355
f 1354 1355 1356
f 1356 1355 1357
f 1356 1357 1358
f 1358 1357 1359
f 1358 1359 1360
f 1360 1359 1361
f 1360 1361 1362
f 1362 1361 1363
f 1362 1363 1364
f 1364 1363 1365
f 1364 1365 1366
f 1366 1365 1367
f 1366 1367 1368
f 1368 1367 1369
f 1368 1369 1370
f 1370 1369 1371
f 1370 1371 1372
f 1372 1371 1373
f 1372 1373 1374
f 1374 1373 1375
f 1374 1375 1376
f 1376 1375 1377
f 1376 1377 1378
f 1378 1377 1379
f 1378 1379 1380
f 1380 1379 1381
f 1380 1381 1382
f 1382 1381 1383
f 1382 1383 1384
f 1384 1383 1385
f 1384 1385 1386
f 1386 1385 1387
f 1386 1387 1388
f 1388 1387 1389
f 1388 1389 1390
f 1390 1389 1391
f 1390 1391 1392
f 1392 1391 1393
f 1392 1393 1348
f 1348 1393 1349
f 1394 1395 1396
f 1397 1398 1396
f 1396 1398 1399
f 1396 1399 1394
f 1400 1401 1396
f 1396 1401 1402
f 1396 1402 1397
f 1403 1404 1396
f 1396 1404 1405
f 1396 1405 1400
f 1406 1407 1396
f 1396 1407 1408
f 1396 1408 1403
f 1409 1410 1396
f 1396 1410 1411
f 1396 1411 1406
f 1412 1413 1396
f 1396 1413 1414
f 1396 1414 1409
f 1395 1415 1396
f 1396 1415 1416
f 1396 1416 1412
f 1417 1418 1419
f 1420 1421 1422
f 1423 1424 1425
f 1426 1427 1428
f 1429 1430 1431
f 1432 1433 1434
f 1435 1436 1437
f 1438 1439 1440
f 1441 1442 1443
f 1444 1445 1446
f 1447 1448 1449
f 1450 1451 1452
f 1453 1454 1455
f 1456 1457 1458
f 1459 1460 1461
f 1462 1463 1464
f 1465 1466 1467
f 1468 1469 1470
f 1471 1472 1473
f 1474 1475 1476
f 1477 1478 1479
f 1480 1481 1482
f 1483 1484 1485
f 1486 1487 1488
f 1489 1490 1491
f 1492 1493 1494
f 1495 1496 1497
f 1498 1499 1500
f 1501 1502 1503
f 1504 1505 1506
f 1507 1508 1509
f 1510 1511 1512
f 1513 1514 1515
f 1516 1517 1518
f 1519 1520 1521
f 1522 1523 1524
f 1525 1526 1527
f 1528 1529 1530
f 1531 1532 1533
f 1534 1535 1536
f 1537 1538 1539
f 1540 1541 1542
f 1543 1544 1545
f 1546 1547 1548
f 1549 1550 1551
f 1552 1553 1554
f 1555 1556 1557
f 1558 1559 1560
f 1561 1562 1563
f 1564 1565 1566
f 1567 1568 1569
f 1570 1571 1572
f 1573 1574 1575
f 1576 1577 1578
f 1579 1580 1581
f 1582 1583 1584
f 1585 1586 1587
f 1588 1589 1590
f 1591 1592 1593
f 1594 1595 1596
f 1597 1598 1599
f 1600 1601 1602
f 1603 1604 1605
f 1606 1607 1608
f 1609 1610 1611
f 1612 1613 1614
f 1615 1616 1617
f 1618 1619 1620
f 1621 1622 1623
f 1624 1625 1626
f 1627 1628 1629
f 1630 1631 1632
f 1633 1634 1635
f 1636 1637 1638
f 1639 1640 1641
f 1642 1643 1644
f 1645 1646 1647
f 1648 1649 1650
f 1651 1652 1653
f 1654 1655 1656
f 1657 1658 1659
f 1657 1659 1660
f 1661 1662 1663
f 1661 1663 1664
f 1665 1666 1667
f 1665 1667 1668
f 1669 1670 1671
f 1669 1671 1672
f 1673 1674 1675
f 1673 1675 1676
f 1677 1678 1679
f 1677 1679 1680
f 1681 1682 1683
f 1681 1683 1684
f 1685 1686 1687
f 1685 1687 1688
f 1689 1690 1691
f 1689 1691 1692
f 1693 1694 1695
f 1693 1695 1696
f 1697 1698 1699
f 1697 1699 1700
f 1701 1702 1703
f 1701 1703 1704
f 1705 1706 1707
f 1705 1707 1708
f 1709 1710 1711
f 1709 1711 1712
f 1713 1714 1715
f 1713 1715 1716
f 1717 1718 1719
f 1720 1721 1722
f 1723 1724 1725
f 1726 1727 1728
f 1726 1728 1729
f 1730 1731 1732
f 1730 1732 1733
f 1734 1735 1736
f 1734 1736 1737
f 1738 1739 1740
f 1738 1740 1741
f 1742 1743 1744
f 1742 1744 1745
f 1746 1747 1748
f 1746 1748 1749
f 1750 1751 1752
f 1750 1752 1753
f 1754 1755 1756
f 1754 1756 1757
f 1758 1759 1760
f 1758 1760 1761
f 1762 1763 1764
f 1762 1764 1765
f 1766 1767 1768
f 1766 1768 1769
f 1770 1771 1772
f 1770 1772 1773
f 1774 1775 1776
f 1774 1776 1777
f 1778 1779 1780
f 1778 1780 1781
f 1782 1783 1784
f 1782 1784 1785
f 1786 1787 1788
f 1786 1788 1789
f 1790 1791 1792
f 1793 1794 1795
f 1796 1797 1798
f 1654 1799 1655
f 1800 1801 1802
f 1803 1804 1805
f 1806 1807 1808
f 1809 1810 1811
f 1812 1813 1814
f 1815 1816 1817
f 1815 1817 1818
f 1819 1820 1821
f 1822 1823 1824
f 1822 1824 1825
f 1826 1827 1828
f 1829 1830 1831
f 1832 1833 1834
f 1835 1836 1837
f 1838 1839 1840
f 1841 1842 1843
f 1844 1845 1846
f 1847 1848 1849
f 1850 1851 1852
f 1853 1854 1855
f 1856 1857 1858
f 1859 1860 1861
f 1862 1863 1864
f 1865 1866 1867
f 1868 1869 1870
f 1871 1872 1873
f 1853 1874 1854
f 1875 1876 1877
f 1878 1879 1880
f 1881 1882 1883
f 1884 1885 1886
f 1887 1888 1889
f 1890 1891 1892
f 1893 1894 1895
f 1875 1896 1876
f 1897 1898 1899
f 1900 1901 1902
f 1903 1904 1905
f 1906 1907 1908
f 1909 1910 1911
f 1912 1913 1914
f 1915 1916 1917
f 1897 1918 1898
f 1919 1920 1921
f 1922 1923 1924
f 1925 1926 1927
f 1928 1929 1930
f 1931 1932 1933
f 1934 1935 1936
f 1937 1938 1939
f 1940 1941 1942
f 1943 1944 1945
f 1946 1947 1948
f 1946 1948 1949
f 1950 1951 1952
f 1953 1954 1955
f 1956 1957 1958
f 1959 1960 1961
f 1962 1963 1964
f 1965 1966 1967
f 1968 1969 1970
f 1971 1972 1973
f 1974 1975 1976
f 1977 1978 1979
f 1977 1979 1980
f 1981 1982 1983
f 1984 1985 1986
f 1984 1986 1987
f 1988 1989 1990
f 1991 1992 1993
f 1994 1995 1996
f 1997 1998 1999
f 2000 2001 2002
f 2003 2004 2005
f 2006 2007 2008
f 2009 2010 2011
f 2012 2013 2014
f 2015 2016 2017
f 2018 2019 2020
f 2021 2022 2023
f 2021 2023 2024
f 2025 2026 2027
f 2028 2029 2030
f 2028 2030 2031
f 2032 2033 2034
f 2035 2036 2037
f 2038 2039 2040
f 2041 2042 2043
f 2044 2045 2046
f 2047 2048 2049
f 2050 2051 2052
f 2053 2054 2055
f 2053 2055 2056
f 2057 2058 2059
f 2057 2059 2060
f 2061 2062 2063
f 2061 2063 2064
f 2065 2066 2067
f 2065 2067 2068
f 2069 2070 2071
f 2069 2071 2072
f 2073 2074 2075
f 2073 2075 2076
f 2077 2078 2079
f 2077 2079 2080
f 2081 2082 2083
f 2081 2083 2084
f 2085 2086 2087
f 2085 2087 2088
f 2089 2090 2091
f 2089 2091 2092
f 2093 2094 2095
f 2093 2095 2096
f 2097 2098 2099
f 2097 2099 2100
f 2101 2102 2103
f 2101 2103 2104
f 2105 2106 2107
f 2105 2107 2108
f 2109 2110 2111
f 2109 2111 2112
f 2113 2114 2115
f 2113 2115 2116
f 2117 2118 2119
f 2117 2119 2120
f 2121 2122 2123
f 2121 2123 2124
f 2125 2126 2127
f 2125 2127 2128
f 2129 2130 2131
f 2129 2131 2132
f 2133 2134 2135
f 2133 2135 2136
f 2137 2138 2139
f 2137 2139 2140
f 2141 2142 2143
f 2141 2143 2144
f 2145 2146 2147
f 2145 2147 2148
f 2149 2150 2151
f 2149 2151 2152
f 2153 2154 2155
f 2153 2155 2156
f 2157 2158 2159
f 2157 2159 2160
f 2161 2162 2163
f 2161 2163 2164
f 2165 2166 2167
f 2165 2167 2168
f 2169 2170 2171
f 2169 2171 2172
f 2173 2174 2175
f 2173 2175 2176
f 2177 2178 2179
f 2177 2179 2180
f 2181 2182 2183
f 2181 2183 2184
f 2050 2185 2051
f 2186 2187 2188
f 2189 2190 2191
f 2189 2191 2192
f 2193 2194 2195
f 2193 2195 2196
f 2197 2198 2199
f 2197 2199 2200
f 2201 2202 2203
f 2201 2203 2204
f 2205 2206 2207
f 2205 2207 2208
f 2209 2210 2211
f 2209 2211 2212
f 2213 2214 2215
f 2213 2215 2216
f 2217 2218 2219
f 2217 2219 2220
f 2221 2222 2223
f 2221 2223 2224
f 2225 2226 2227
f 2225 2227 2228
f 2229 2230 2231
f 2229 2231 2232
f 2233 2234 2235
f 2233 2235 2236
f 2237 2238 2239
f 2237 2239 2240
f 2241 2242 2243
f 2241 2243 2244
f 2245 2246 2247
f 2245 2247 2248
f 2249 2250 2251
f 2249 2251 2252
f 2253 2254 2255
f 2253 2255 2256
f 2257 2258 2259
f 2257 2259 2260
f 2261 2262 2263
f 2261 2263 2264
f 2265 2266 2267
f 2265 2267 2268
f 2269 2270 2271
f 2269 2271 2272
f 2273 2274 2275
f 2273 2275 2276
f 2277 2278 2279
f 2277 2279 2280
f 2281 2282 2283
f 2281 2283 2284
f 2285 2286 2287
f 2285 2287 2288
f 2289 2290 2291
f 2289 2291 2292
f 2293 2294 2295
f 2293 2295 2296
f 2297 2298 2299
f 2297 2299 2300
f 2301 2302 2303
f 2301 2303 2304
f 2305 2306 2307
f 2305 2307 2308
f 2309 2310 2311
f 2309 2311 2312
f 2313 2314 2315
f 2313 2315 2316
f 2317 2318 2319
f 2317 2319 2320
f 2186 2321 2187
f 2322 2323 2324
f 2325 2326 2327
f 2327 2326 2328
f 2327 2328 2329
f 2330 2331 2322
f 2322 2331 2332
f 2322 2332 2323
f 2333 2334 2327
f 2327 2334 2335
f 2327 2335 2325
f 2324 2336 2322
f 2322 2336 2337
f 2322 2337 2338
f 2339 2340 2341
f 2341 2340 2342
f 2341 2342 2343
f 2342 2344 2343
f 2343 2344 2345
f 2343 2345 2346
f 2346 2345 2347
f 2346 2347 2348
f 2348 2347 2349
f 2348 2349 2350
f 2351 2352 2333
f 2333 2352 2353
f 2333 2353 2354
f 2355 2356 2338
f 2338 2356 2357
f 2338 2357 2358
f 2349 2359 2350
f 2350 2359 2360
f 2350 2360 2361
f 2361 2360 2362
f 2361 2362 2363
f 2363 2362 2364
f 2363 2364 2365
f 2365 2364 2366
f 2365 2366 2327
f 2327 2366 2367
f 2367 2368 2327
f 2327 2368 2369
f 2327 2369 2333
f 2333 2369 2370
f 2333 2370 2351
f 2358 2371 2338
f 2338 2371 2372
f 2338 2372 2322
f 2322 2372 2373
f 2373 2374 2322
f 2322 2374 2375
f 2322 2375 2376
f 2376 2375 2377
f 2376 2377 2378
f 2378 2377 2379
f 2378 2379 2380
f 2380 2379 2381
f 2380 2381 2382
f 2382 2381 2383
f 2382 2383 2339
f 2339 2383 2384
f 2339 2384 2340
f 2354 2385 2333
f 2333 2385 2386
f 2333 2386 2338
f 2338 2386 2387
f 2338 2387 2355
f 2388 2389 2390
f 2388 2390 2391
f 2392 2393 2394
f 2392 2394 2395
f 2396 2397 2398
f 2396 2398 2399
f 2400 2401 2402
f 2400 2402 2403
f 2404 2405 2406
f 2404 2406 2407
f 2408 2409 2410
f 2408 2410 2411
f 2412 2413 2414
f 2412 2414 2415
f 2416 2417 2418
f 2416 2418 2419
f 2420 2421 2422
f 2420 2422 2423
f 2424 2425 2426
f 2424 2426 2427
f 2428 2429 2430
f 2428 2430 2431
f 2432 2433 2434
f 2432 2434 2435
f 2436 2437 2438
f 2436 2438 2439
f 2440 2441 2442
f 2440 2442 2443
f 2444 2445 2446
f 2447 2448 2449
f 2449 2450 2447
f 2451 2452 2453
f 2451 2453 2454
f 2455 2456 2457
f 2455 2457 2458
f 2459 2460 2461
f 2446 2462 2444
f 2463 2464 2465
f 2463 2465 2466
f 2467 2468 2469
f 2467 2469 2470
f 2471 2459 2461
f 2472 2473 2474
f 2474 2473 2475
f 2476 2477 2478
f 2478 2477 2479
f 2480 2481 2482
f 2482 2481 2483
f 2484 2485 2486
f 2486 2485 2487
f 2488 2489 2490
f 2491 2492 2493
f 2494 2495 2496
f 2497 2498 2499
f 2499 2498 2500
f 2501 2502 2503
f 2503 2502 2504
f 2505 2506 2507
f 2507 2506 2508
f 2509 2510 2511
f 2511 2510 2512
f 2513 2514 2515
f 2515 2514 2516
f 2517 2518 2519
f 2519 2518 2520
f 2521 2522 2523
f 2523 2522 2524
f 2525 2526 2527
f 2527 2526 2528
f 2529 2530 2531
f 2532 2533 2534
f 2535 2536 2537
f 2538 2539 2540
f 2538 2540 2541
f 2542 2543 2544
f 2542 2544 2545
f 2546 2547 2548
f 2549 2550 2551
f 2552 2553 2554
f 2555 2556 2557
f 2558 2559 2560
f 2561 2562 2563
f 2564 2565 2566
f 2567 2568 2569
f 2570 2571 2572
f 2573 2574 2575
f 2576 2577 2578
f 2579 2580 2581
f 2582 2583 2584
f 2585 2586 2587
f 2588 2589 2590
f 2591 2592 2593
f 2594 2595 2596
f 2597 2598 2599
f 2600 2601 2602
f 2603 2604 2605
f 2606 2607 2608
f 2609 2610 2611
f 2612 2613 2614
f 2615 2616 2617
f 2618 2619 2620
f 2621 2622 2623
f 2624 2546 2548
f 2608 2625 2606
f 2626 2627 2628
f 2629 2630 2631
f 2632 2633 2634
f 2635 2636 2637
f 2638 2639 2640
f 2641 2642 2643
f 2643 2642 2644
f 2645 2646 2647
f 2648 2649 2650
f 2651 2652 2653
f 2654 2655 2656
f 2657 2658 2659
f 2660 2661 2662
f 2663 2664 2665
f 2665 2664 2666
f 2667 2668 2669
f 2669 2668 2670
f 2671 2672 2673
f 2674 2675 2676
f 2677 2678 2679
f 2680 2681 2682
f 2683 2684 2685
f 2686 2687 2688
f 2689 2690 2691
f 2692 2693 2694
f 2695 2696 2697
f 2698 2699 2700
f 2701 2702 2703
f 2704 2705 2706
f 2707 2708 2709
f 2710 2711 2712
f 2713 2714 2715
f 2716 2717 2718
f 2719 2720 2721
f 2722 2723 2724
f 2725 2726 2727
f 2727 2728 2725
f 2729 2730 2731
f 2729 2731 2732
f 2733 2734 2735
f 2733 2735 2736
f 2737 2738 2739
f 2740 2741 2742
f 2743 2744 2745
f 2746 2747 2748
f 2749 2750 2751
f 2752 2753 2754
f 2755 2756 2757
f 2758 2759 2760
f 2761 2762 2763
f 2764 2765 2766
f 2764 2766 2767
f 2768 2769 2770
f 2768 2770 2771
f 2772 2773 2774
f 2775 2776 2777
f 2778 2779 2780
f 2780 2779 2781
f 2739 2782 2737
f 2783 2784 2785
f 2783 2785 2786
f 2787 2788 2789
f 2787 2789 2790
f 2791 2792 2793
f 2794 2795 2796
f 2797 2798 2799
f 2799 2798 2800
f 2799 2800 2801
f 2802 2803 2804
f 2804 2803 2801
f 2804 2801 2805
f 2805 2801 2800
f 2806 2807 2808
f 2809 2810 2811
f 2812 2813 2814
f 2815 2816 2817
f 2818 2819 2820
f 2821 2822 2823
f 2824 2825 2826
f 2827 2828 2829
f 2830 2831 2832
f 2833 2834 2835
f 2836 2837 2838
f 2839 2840 2841
f 2842 2843 2844
f 2845 2846 2847
f 2848 2849 2850
f 2851 2852 2853
f 2854 2855 2856
f 2857 2858 2859
f 2860 2861 2862
f 2862 2861 2863
f 2864 2865 2866
f 2866 2865 2867
f 2868 2869 2870
f 2871 2872 2873
f 2874 2875 2876
f 2877 2878 2879
f 2880 2881 2882
f 2883 2884 2885
f 2886 2887 2888
f 2889 2890 2891
f 2892 2893 2894
f 2895 2896 2897
f 2898 2899 2900
f 2901 2902 2903
f 2904 2905 2906
f 2907 2908 2909
f 2910 2911 2912
f 2913 2914 2915
f 2916 2917 2918
f 2919 2920 2921
f 2922 2923 2924
f 2925 2926 2927
f 2928 2929 2930
f 2931 2932 2933
f 2934 2935 2936
f 2937 2938 2939
f 2940 2941 2942
f 2943 2944 2945
f 2946 2947 2948
f 2948 2947 2949
f 2950 2951 2952
f 2952 2951 2953
f 2954 2955 2956
f 2957 2958 2959
f 2960 2961 2962
f 2963 2964 2965
f 2966 2967 2968
f 2969 2970 2971
f 2972 2973 2974
f 2975 2976 2977
f 2978 2979 2980
f 2981 2982 2983
f 2984 2985 2986
f 2984 2986 2987
f 2988 2989 2990
f 2991 2992 2993
f 2991 2993 2994
f 2995 2996 2997
f 2998 2999 3000
f 3001 3002 3003
f 3004 3005 3006
f 3007 3008 3009
f 3010 3011 3012
f 3013 3014 3015
f 3016 3017 3018
f 3019 3020 3021
f 3022 3023 3024
f 3025 3026 3027
f 3028 3029 3030
f 3030 3029 3031
f 2988 3032 2989
f 3033 3034 3035
f 3033 3035 3036
f 3037 3038 3039
f 3040 3041 3042
f 3043 3044 3045
f 3046 3047 3048
f 3048 3047 3049
f 3048 3049 3050
f 3051 3047 3045
f 3045 3047 3046
f 3045 3046 3043
f 3043 3046 3052
f 3053 3054 3055
f 3056 3057 3058
f 3055 3056 3053
f 3053 3056 3058
f 3053 3058 3059
f 3059 3058 3060
f 3059 3060 3061
f 3061 3060 3062
f 3061 3062 3063
f 3063 3062 3064
f 3063 3064 3065
f 3065 3064 3052
f 3065 3052 3066
f 3066 3052 3046
f 3067 3068 3069
f 3069 3068 3070
f 3071 3072 3073
f 3073 3072 3074
f 3075 3076 3071
f 3076 3077 3071
f 3071 3077 3078
f 3071 3078 3072
f 3070 3068 3071
f 3071 3068 3079
f 3071 3079 3075
f 3080 3074 3081
f 3081 3074 3082
f 3081 3082 3083
f 3080 3084 3074
f 3074 3084 3085
f 3074 3085 3086
f 3087 3088 3089
f 3089 3088 3090
f 3089 3090 3082
f 3082 3090 3091
f 3082 3091 3083
f 3092 3093 3094
f 3094 3093 3086
f 3093 3095 3086
f 3086 3095 3096
f 3086 3096 3074
f 3074 3096 3097
f 3074 3097 3073
f 3098 3099 3100
f 3100 3099 3101
f 3102 3103 3104
f 3104 3103 3105
