mtllib Camera_module.mtl
v 0.010519207455217838 9.615835680435432e-20 -0.0008249999955296519
v 0.010545785538852215 -0.0002018788509303704 -0.0008249999955296519
v 0.010623707436025143 -0.00039000000106170774 -0.0008249999955296519
v 0.010747664608061314 -0.0005515433149412274 -0.0008249999955296519
v 0.010909207165241241 -0.0006754997884854674 -0.0008249999955296519
v 0.01109732873737812 -0.0007534221513196826 -0.0008249999955296519
v 0.01129920780658722 -0.0007800000021234155 -0.0008249999955296519
v 0.011501086875796318 -0.0007534221513196826 -0.0008249999955296519
v 0.011689207516610622 -0.0006754997884854674 -0.0008249999955296519
v 0.011850751005113125 -0.0005515433149412274 -0.0008249999955296519
v 0.011974707245826721 -0.00039000000106170774 -0.0008249999955296519
v 0.012052630074322224 -0.0002018788509303704 -0.0008249999955296519
v 0.012079207226634026 6.359085759552884e-22 -0.0008249999955296519
v 0.012052630074322224 0.0002018788509303704 -0.0008249999955296519
v 0.011974707245826721 0.00039000000106170774 -0.0008249999955296519
v 0.011850751005113125 0.0005515433149412274 -0.0008249999955296519
v 0.011689207516610622 0.0006754997884854674 -0.0008249999955296519
v 0.011501086875796318 0.0007534221513196826 -0.0008249999955296519
v 0.01129920780658722 0.0007800000021234155 -0.0008249999955296519
v 0.01109732873737812 0.0007534221513196826 -0.0008249999955296519
v 0.010909207165241241 0.0006754997884854674 -0.0008249999955296519
v 0.010747664608061314 0.0005515433149412274 -0.0008249999955296519
v 0.010623707436025143 0.00039000000106170774 -0.0008249999955296519
v 0.010545785538852215 0.0002018788509303704 -0.0008249999955296519
v 0.01129920780658722 0.0 -0.0008249999955296519
v 0.012052630074322224 -0.0002018788509303704 0.0
v 0.012079207226634026 -1.90408989546917e-19 0.0
v 0.011974707245826721 -0.00039000000106170774 0.0
v 0.011850751005113125 -0.0005515433149412274 0.0
v 0.011689207516610622 -0.0006754997884854674 0.0
v 0.011501086875796318 -0.0007534221513196826 0.0
v 0.01129920780658722 -0.0007800000021234155 0.0
v 0.01109732873737812 -0.0007534221513196826 0.0
v 0.010909207165241241 -0.0006754997884854674 0.0
v 0.010747664608061314 -0.0005515433149412274 0.0
v 0.010623707436025143 -0.00039000000106170774 0.0
v 0.010545785538852215 -0.0002018788509303704 0.0
v 0.010519207455217838 4.425479349680405e-19 0.0
v 0.010545785538852215 0.0002018788509303704 0.0
v 0.010623707436025143 0.00039000000106170774 0.0
v 0.010747664608061314 0.0005515433149412274 0.0
v 0.010909207165241241 0.0006754997884854674 0.0
v 0.01109732873737812 0.0007534221513196826 0.0
v 0.01129920780658722 0.0007800000021234155 0.0
v 0.011501086875796318 0.0007534221513196826 0.0
v 0.011689207516610622 0.0006754997884854674 0.0
v 0.011850751005113125 0.0005515433149412274 0.0
v 0.011974707245826721 0.00039000000106170774 0.0
v 0.012052630074322224 0.0002018788509303704 0.0
v 0.04910999909043312 -0.0006754997884854674 0.0
v -0.042249999940395355 0.008700000122189522 0.0
v -0.024000000208616257 0.0007800000021234155 0.0
v -0.023798121139407158 0.0007534221513196826 0.0
v -0.023246577009558678 0.0002018788509303704 0.0
v -0.024201879277825356 0.0007534221513196826 0.0
v -0.023324500769376755 0.00039000000106170774 0.0
v -0.02360999956727028 0.0006754997884854674 0.0
v 0.04929812252521515 -0.0007534221513196826 0.0
v 0.04894845560193062 -0.0005515433149412274 0.0
v 0.06615000218153 0.007400046568363905 0.0
v 0.04929812252521515 0.0007534221513196826 0.0
v 0.0494999997317791 0.0007800000021234155 0.0
v -0.02322000078856945 -5.727910751552456e-17 0.0
v -0.024551542475819588 0.0005515433149412274 0.0
v -0.024390000849962234 0.0006754997884854674 0.0
v -0.042249955236911774 -0.008700000122189522 0.0
v -0.023798121139407158 -0.0007534221513196826 0.0
v -0.024000000208616257 -0.0007800000021234155 0.0
v 0.06485000252723694 -0.008700000122189522 0.0
v 0.0494999997317791 -0.0007800000021234155 0.0
v 0.050169918686151505 -0.0007768599316477776 0.0
v 0.05009999871253967 -0.0007800000021234155 0.0
v 0.05052969977259636 0.0006509671220555902 0.0
v 0.050675731152296066 0.0005262430058792233 0.0
v 0.05009999871253967 0.0007800000021234155 0.0
v 0.050169918686151505 0.0007768599316477776 0.0
v -0.02360999956727028 -0.0006754997884854674 0.0
v -0.024201879277825356 -0.0007534221513196826 0.0
v -0.023448456078767776 -0.0005515433149412274 0.0
v 0.05078686401247978 -0.00036961756995879114 0.0
v 0.050675731152296066 -0.0005262430058792233 0.0
v 0.06615000218153 -0.007400000002235174 0.0
v 0.05085635930299759 0.00019058551697526127 0.0
v 0.05035761743783951 0.0007362290052697062 0.0
v 0.0488245002925396 -0.00039000000106170774 0.0
v -0.023448456078767776 0.0005515433149412274 0.0
v -0.024390000849962234 -0.0006754997884854674 0.0
v -0.023324500769376755 -0.00039000000106170774 0.0
v -0.023246577009558678 -0.0002018788509303704 0.0
v 0.05035761743783951 -0.0007362290052697062 0.0
v 0.05052969977259636 -0.0006509671220555902 0.0
v 0.05085635930299759 -0.00019058551697526127 0.0
v 0.05078686401247978 0.00036961756995879114 0.0
v 0.04874657839536667 -0.0002018788509303704 0.0
v 0.04871999844908714 1.5227803477527142e-16 0.0
v -0.02467549964785576 0.00039000000106170774 0.0
v -0.043549999594688416 0.007400000002235174 0.0
v -0.043549999594688416 -0.007400046568363905 0.0
v -0.024753421545028687 -0.0002018788509303704 0.0
v -0.02467549964785576 -0.00039000000106170774 0.0
v -0.024551542475819588 -0.0005515433149412274 0.0
v 0.05087999999523163 1.4130820371960958e-16 0.0
v 0.06484995037317276 0.008700000122189522 0.0
v 0.04910999909043312 0.0006754997884854674 0.0
v -0.024753421545028687 0.0002018788509303704 0.0
v 0.04894845560193062 0.0005515433149412274 0.0
v 0.04874657839536667 0.0002018788509303704 0.0
v 0.0488245002925396 0.00039000000106170774 0.0
v -0.024779999628663063 -5.816292683898032e-17 0.0
v 0.06530994921922684 -0.008240047842264175 -0.00150400004349649
v 0.06485000252723694 -0.008700000122189522 -0.00150400004349649
v 0.06615000218153 -0.007400000002235174 -0.00150400004349649
v -0.043549999594688416 -0.007400000002235174 -0.0015039531281217937
v -0.042249999940395355 -0.008699999190866947 -0.0015039531281217937
v -0.043549999594688416 0.007400000002235174 -0.00150400004349649
v -0.042249999940395355 0.008700000122189522 -0.0015039975987747316
v 0.06530994921922684 0.008240047842264175 -0.0015039531281217937
v 0.06615000218153 0.0074000004678964615 -0.0015039531281217937
v 0.06485000252723694 0.008699999190866947 -0.0015039531281217937
v 0.05035761743783951 -0.0007362290052697062 -0.00150400004349649
v 0.050169918686151505 -0.0007768599316477776 -0.00150400004349649
v 0.05052969977259636 -0.0006509671220555902 -0.00150400004349649
v 0.050675731152296066 -0.0005262430058792233 -0.00150400004349649
v 0.05078686401247978 -0.00036961756995879114 -0.00150400004349649
v 0.05085635930299759 -0.00019058551697526127 -0.00150400004349649
v 0.05087999999523163 1.4130820371960958e-16 -0.00150400004349649
v 0.05085635930299759 0.00019058551697526127 -0.00150400004349649
v 0.05078686401247978 0.00036961756995879114 -0.00150400004349649
v 0.050675731152296066 0.0005262430058792233 -0.00150400004349649
v 0.05052969977259636 0.0006509671220555902 -0.00150400004349649
v 0.05035761743783951 0.0007362290052697062 -0.00150400004349649
v 0.050169918686151505 0.0007768599316477776 -0.00150400004349649
v 0.05009999871253967 -0.0007800000021234155 -0.00150400004349649
v 0.05012338608503342 0.0007748235948383808 -0.0008000002708286049
v 0.05010043829679489 0.0007749999640509486 -0.0007999999797903003
v 0.05012311041355133 0.0007747285417281091 -0.0015035012038424615
v 0.0494999997317791 -0.0007800000021234155 -0.00150400004349649
v 0.04929812252521515 0.0007534221513196826 -0.00150400004349649
v 0.0494999997317791 0.0007800000021234155 -0.00150400004349649
v 0.04910999909043312 0.0006754997884854674 -0.00150400004349649
v 0.04894845560193062 0.0005515433149412274 -0.00150400004349649
v 0.0488245002925396 0.00039000000106170774 -0.00150400004349649
v 0.04874657839536667 0.0002018788509303704 -0.00150400004349649
v 0.04871999844908714 1.5227803477527142e-16 -0.00150400004349649
v 0.04874657839536667 -0.0002018788509303704 -0.00150400004349649
v 0.0488245002925396 -0.00039000000106170774 -0.00150400004349649
v 0.04894845560193062 -0.0005515433149412274 -0.00150400004349649
v 0.04910999909043312 -0.0006754997884854674 -0.00150400004349649
v 0.04929812252521515 -0.0007534221513196826 -0.00150400004349649
v -0.024201879277825356 0.0007534221513196826 -0.00150400004349649
v -0.024000000208616257 0.0007800000021234155 -0.00150400004349649
v -0.024390000849962234 0.0006754997884854674 -0.00150400004349649
v -0.024551542475819588 0.0005515433149412274 -0.00150400004349649
v -0.02467549964785576 0.00039000000106170774 -0.00150400004349649
v -0.024753421545028687 0.0002018788509303704 -0.00150400004349649
v -0.024779999628663063 -5.766119216663016e-17 -0.00150400004349649
v -0.024753421545028687 -0.0002018788509303704 -0.00150400004349649
v -0.02467549964785576 -0.00039000000106170774 -0.00150400004349649
v -0.024551542475819588 -0.0005515433149412274 -0.00150400004349649
v -0.024390000849962234 -0.0006754997884854674 -0.00150400004349649
v -0.024201879277825356 -0.0007534221513196826 -0.00150400004349649
v -0.024000000208616257 -0.0007800000021234155 -0.00150400004349649
v -0.023798121139407158 -0.0007534221513196826 -0.00150400004349649
v -0.02360999956727028 -0.0006754997884854674 -0.00150400004349649
v -0.023448456078767776 -0.0005515433149412274 -0.00150400004349649
v -0.023324500769376755 -0.00039000000106170774 -0.00150400004349649
v -0.023246577009558678 -0.0002018788509303704 -0.00150400004349649
v -0.02322000078856945 -5.710590913014576e-17 -0.00150400004349649
v -0.023246577009558678 0.0002018788509303704 -0.00150400004349649
v -0.023324500769376755 0.00039000000106170774 -0.00150400004349649
v -0.023448456078767776 0.0005515433149412274 -0.00150400004349649
v -0.02360999956727028 0.0006754997884854674 -0.00150400004349649
v -0.023798121139407158 0.0007534221513196826 -0.00150400004349649
v 0.06615000218153 0.006606814917176962 -0.008181079290807249
v 0.06615000218153 -0.007390392478555441 -0.007240438368171455
v 0.06615000218153 -0.007361939642578363 -0.007334235124289991
v 0.06615000218153 -0.007400000002235174 -0.007142893038690092
v 0.06615000218153 0.006626795046031475 -0.008132842369377615
v 0.06615000218153 0.006658578757196665 -0.008091421797871591
v 0.06615000218153 0.003000000026077032 -0.0008500000112690034
v 0.06615000218153 -0.00731573486700654 -0.007420678157359363
v 0.06615000218153 -0.003000000026077032 -0.0008500000112690034
v 0.06615000218153 0.007400000002235174 -0.007142893038690092
v 0.06615000218153 -0.007253553252667189 -0.00749644683673978
v 0.06615000218153 0.007382962852716446 -0.007272302638739349
v 0.06615000218153 -0.006603843066841364 -0.008193824440240862
v 0.06615000218153 -0.006599999964237213 -0.008232843130826952
v 0.06615000218153 0.006599999964237213 -0.008849999867379667
v 0.06615000218153 -0.006658578757196665 -0.008091421797871591
v 0.06615000218153 0.007333012763410807 -0.007392893079668285
v 0.06615000218153 0.006599999964237213 -0.008232843130826952
v 0.06615000218153 -0.006599999964237213 -0.008849999867379667
v 0.06615000218153 -0.006633705925196409 -0.008121728897094728
v 0.06615000218153 0.003000000026077032 -0.0002583920140750707
v 0.06615000218153 0.007253553252667189 -0.00749644683673978
v 0.06615000218153 -0.006615224294364452 -0.008156306110322477
v 0.06615000218153 -0.003000000026077032 -0.0002583920140750707
v 0.06565000116825104 -0.007400000002235174 -0.007142893038690092
v 0.06565000116825104 -0.007400000002235174 -0.00150400004349649
v 0.06565000116825104 0.006599999964237213 -0.008232843130826952
v 0.06565000116825104 0.006606814917176962 -0.008181079290807249
v 0.06565000116825104 0.006626795046031475 -0.008132842369377615
v 0.06565000116825104 0.006658578757196665 -0.008091421797871591
v 0.06565000116825104 -0.007390392478555441 -0.007240438368171455
v 0.06565000116825104 -0.007361939642578363 -0.007334235124289991
v 0.06565000116825104 -0.00731573486700654 -0.007420678157359363
v 0.06565000116825104 -0.007253553252667189 -0.00749644683673978
v 0.06565000116825104 -0.006658578757196665 -0.008091421797871591
v 0.06565000116825104 -0.006633705925196409 -0.008121728897094728
v 0.06565000116825104 -0.006615224294364452 -0.008156306110322477
v 0.06565000116825104 -0.006603843066841364 -0.008193824440240862
v 0.06565000116825104 -0.006599999964237213 -0.008232843130826952
v 0.06565000116825104 0.007253553252667189 -0.00749644683673978
v 0.06565000116825104 0.007333012763410807 -0.007392893079668285
v 0.06565000116825104 0.007382962852716446 -0.007272302638739349
v 0.06565000116825104 0.007400000002235174 -0.007142893038690092
v 0.06565000116825104 0.007400000002235174 -0.00150400004349649
v 0.06565000116825104 -0.006599999964237213 -0.008849999867379667
v 0.06565000116825104 -0.0026225000619888306 -0.00150400004349649
v 0.06565000116825104 0.006599999964237213 -0.008849999867379667
v 0.06565000116825104 -0.00596744054928422 -0.00150400004349649
v 0.06554999947547913 -0.006599999964237213 -0.009449999779462816
v 0.06554999947547913 0.006599999964237213 -0.009449999779462816
v 0.06570529192686081 0.006599999964237213 -0.009429555386304857
v 0.06570529192686081 -0.006599999964237213 -0.009429555386304857
v 0.06584999710321426 0.006599999964237213 -0.009369615465402605
v 0.06584999710321426 -0.006599999964237213 -0.009369615465402605
v 0.06597426533699036 0.006599999964237213 -0.009274263866245748
v 0.06597426533699036 -0.006599999964237213 -0.009274263866245748
v 0.06606961786746979 0.006599999964237213 -0.009150000289082529
v 0.06606961786746979 -0.006599999964237213 -0.009150000289082529
v 0.06612955778837204 0.006599999964237213 -0.009005291387438776
v 0.06612955778837204 -0.006599999964237213 -0.009005291387438776
v 0.06564659625291824 -0.006599999964237213 -0.008875882253050806
v 0.06563660502433777 -0.006599999964237213 -0.008899999782443048
v 0.06564659625291824 0.006599999964237213 -0.008875882253050806
v 0.06562071293592453 -0.006599999964237213 -0.008920710533857347
v 0.06563660502433777 0.006599999964237213 -0.008899999782443048
v 0.06560000032186508 -0.006599999964237213 -0.008936602622270586
v 0.06562071293592453 0.006599999964237213 -0.008920710533857347
v 0.06557588279247284 -0.006599999964237213 -0.008946592919528486
v 0.06560000032186508 0.006599999964237213 -0.008936602622270586
v 0.06554999947547913 -0.0028899998869746923 -0.00894999969750643
v 0.06554999947547913 -0.0060377176851034164 -0.00894999969750643
v 0.06557588279247284 0.006599999964237213 -0.008946592919528486
v 0.06554999947547913 0.0028899998869746923 -0.00894999969750643
v 0.06554999947547913 0.0060377176851034164 -0.00894999969750643
v 0.06554999947547913 0.006599999964237213 -0.00894999969750643
v 0.06554999947547913 -0.006599999964237213 -0.00894999969750643
v 0.06524000316858292 -0.006599999964237213 -0.009449999779462816
v 0.06524000316858292 -0.006599999964237213 -0.00894999969750643
v 0.06524000316858292 0.006599999964237213 -0.00894999969750643
v 0.06524000316858292 0.006599999964237213 -0.009449999779462816
v 0.065193310379982 -0.006605525966733694 -0.009449999779462816
v 0.0651492029428482 -0.00662179896607995 -0.009449999779462816
v 0.065193310379982 -0.006605525966733694 -0.00894999969750643
v 0.06511010974645615 -0.006647919304668903 -0.009449999779462816
v 0.0651492029428482 -0.00662179896607995 -0.00894999969750643
v 0.06507819890975952 -0.0066824438981711864 -0.009449999779462816
v 0.06511010974645615 -0.006647919304668903 -0.00894999969750643
v 0.06505522131919861 -0.0067234649322927 -0.009449999779462816
v 0.06507819890975952 -0.0066824438981711864 -0.00894999969750643
v 0.06504245847463608 -0.006768715102225542 -0.009449999779462816
v 0.06505522131919861 -0.0067234649322927 -0.00894999969750643
v 0.06504061818122864 -0.006815694272518158 -0.009449999779462816
v 0.06504245847463608 -0.006768715102225542 -0.00894999969750643
v 0.06504978984594345 -0.0068618059158325195 -0.009449999779462816
v 0.06504061818122864 -0.006815694272518158 -0.00894999969750643
v 0.06506947427988052 -0.006904502399265766 -0.009449999779462816
v 0.06504978984594345 -0.0068618059158325195 -0.00894999969750643
v 0.0650985836982727 -0.006941423751413822 -0.009449999779462816
v 0.06506947427988052 -0.006904502399265766 -0.00894999969750643
v 0.0650985836982727 -0.006941423751413822 -0.00894999969750643
v 0.06580569595098495 -0.007648485247045755 -0.00894999969750643
v 0.06580569595098495 -0.007648485247045755 -0.009449999779462816
v 0.06509853899478912 -0.008355642668902874 -0.00894999969750643
v 0.06509853899478912 -0.008355642668902874 -0.009449999779462816
v 0.06439141929149628 -0.007648573722690344 -0.00894999969750643
v 0.06439141929149628 -0.007648573722690344 -0.009449999779462816
v 0.06434999406337738 -0.007616791874170303 -0.009449999779462816
v 0.0643017590045929 -0.007596813607960939 -0.009449999779462816
v 0.06434999406337738 -0.007616791874170303 -0.00894999969750643
v 0.06424999237060547 -0.007590000052005053 -0.009449999779462816
v 0.0643017590045929 -0.007596813607960939 -0.00894999969750643
v 0.06419823318719864 -0.007596815936267376 -0.009449999779462816
v 0.06424999237060547 -0.007590000052005053 -0.00894999969750643
v 0.06414999812841415 -0.007616796530783176 -0.009449999779462816
v 0.06419823318719864 -0.007596815936267376 -0.00894999969750643
v 0.06410858035087585 -0.007648580241948366 -0.009449999779462816
v 0.06414999812841415 -0.007616796530783176 -0.00894999969750643
v 0.06407679617404938 -0.007690001279115677 -0.009449999779462816
v 0.06410858035087585 -0.007648580241948366 -0.00894999969750643
v 0.06405681371688843 -0.007738236803561449 -0.009449999779462816
v 0.06407679617404938 -0.007690001279115677 -0.00894999969750643
v 0.06404999643564224 -0.007790000177919865 -0.009449999779462816
v 0.06405681371688843 -0.007738236803561449 -0.00894999969750643
v 0.06404999643564224 -0.007790000177919865 -0.00894999969750643
v 0.06505049765110016 0.006863950751721859 -0.009449999779462816
v 0.06507081538438797 0.0069066607393324375 -0.009449999779462816
v 0.06507081538438797 0.0069066607393324375 -0.00894999969750643
v 0.06504078209400177 0.00681766401976347 -0.009449999779462816
v 0.06505049765110016 0.006863950751721859 -0.00894999969750643
v 0.06504220515489578 0.006770389620214701 -0.009449999779462816
v 0.06504078209400177 0.00681766401976347 -0.00894999969750643
v 0.06505468487739563 0.006724771112203598 -0.009449999779462816
v 0.06504220515489578 0.006770389620214701 -0.00894999969750643
v 0.0650775358080864 0.006683359853923321 -0.009449999779462816
v 0.06505468487739563 0.006724771112203598 -0.00894999969750643
v 0.06510946899652481 0.006648471113294363 -0.009449999779462816
v 0.0650775358080864 0.006683359853923321 -0.00894999969750643
v 0.06514869630336761 0.006622056011110544 -0.009449999779462816
v 0.06510946899652481 0.006648471113294363 -0.00894999969750643
v 0.06519303470849991 0.006605592090636492 -0.009449999779462816
v 0.06514869630336761 0.006622056011110544 -0.00894999969750643
v 0.06519303470849991 0.006605592090636492 -0.00894999969750643
v 0.06509857624769211 0.006941421423107386 -0.009449999779462816
v 0.06509857624769211 0.006941418629139662 -0.00894999969750643
v 0.06580568104982376 0.007648522965610027 -0.009449999779462816
v 0.06580568104982376 0.007648522965610027 -0.00894999969750643
v 0.06509849429130554 0.008355654776096344 -0.009449999779462816
v 0.06509849429130554 0.008355654776096344 -0.00894999969750643
v 0.06439141929149628 0.007648578844964504 -0.009449999779462816
v 0.06439141929149628 0.007648578844964504 -0.00894999969750643
v 0.06405681371688843 0.007738236337900162 -0.009449999779462816
v 0.06404999643564224 0.007790000177919865 -0.009449999779462816
v 0.06404999643564224 0.007790000177919865 -0.00894999969750643
v 0.06407679617404938 0.007689999882131815 -0.009449999779462816
v 0.06405681371688843 0.007738236337900162 -0.00894999969750643
v 0.06410858035087585 0.007648578844964504 -0.009449999779462816
v 0.06407679617404938 0.007689999882131815 -0.00894999969750643
v 0.06414999812841415 0.0076167951337993145 -0.009449999779462816
v 0.06410858035087585 0.007648578844964504 -0.00894999969750643
v 0.06419823318719864 0.007596815004944801 -0.009449999779462816
v 0.06414999812841415 0.0076167951337993145 -0.00894999969750643
v 0.06424999982118607 0.007590000052005053 -0.009449999779462816
v 0.06419823318719864 0.007596815004944801 -0.00894999969750643
v 0.06430176645517349 0.007596815004944801 -0.009449999779462816
v 0.06424999982118607 0.007590000052005053 -0.00894999969750643
v 0.06435000151395798 0.0076167951337993145 -0.009449999779462816
v 0.06430176645517349 0.007596815004944801 -0.00894999969750643
v 0.06435000151395798 0.0076167951337993145 -0.00894999969750643
v 0.06615340709686279 -0.003000000026077032 -0.0008241180912591519
v 0.06616339832544327 -0.003000000026077032 -0.0007999999797903003
v 0.06615340709686279 0.003000000026077032 -0.0008241180912591519
v 0.0661792904138565 -0.003000000026077032 -0.0007792893447913232
v 0.06616339832544327 0.003000000026077032 -0.0007999999797903003
v 0.06620000302791595 -0.003000000026077032 -0.0007633974310010674
v 0.0661792904138565 0.003000000026077032 -0.0007792893447913232
v 0.0662241205573082 -0.003000000026077032 -0.0007534074247814717
v 0.06620000302791595 0.003000000026077032 -0.0007633974310010674
v 0.06624999642372131 -0.003000000026077032 -0.0007500000065192582
v 0.0662241205573082 0.003000000026077032 -0.0007534074247814717
v 0.06624999642372131 0.003000000026077032 -0.0007500000065192582
v 0.06624999642372131 -0.003000000026077032 -0.0002500000118743629
v 0.06624999642372131 0.003000000026077032 -0.0002500000118743629
v 0.06955000013113022 -0.003000000026077032 -0.0002500000118743629
v 0.06955000013113022 -0.003000000026077032 -0.0007500000065192582
v 0.06955000013113022 0.003000000026077032 -0.0007500000065192582
v 0.06955000013113022 0.003000000026077032 -0.0002500000118743629
v 0.0710500031709671 -0.001500000013038516 -0.0007500000065192582
v 0.0710500031709671 -0.001500000013038516 -0.0002500000118743629
v 0.07101239264011383 -0.0018337813671678305 -0.0002500000118743629
v 0.07101239264011383 -0.0018337813671678305 -0.0007500000065192582
v 0.07090145349502563 -0.0021508256904780865 -0.0002500000118743629
v 0.07090145349502563 -0.0021508256904780865 -0.0007500000065192582
v 0.07072274386882782 -0.002435234608128667 -0.0002500000118743629
v 0.07072274386882782 -0.002435234608128667 -0.0007500000065192582
v 0.07048523426055908 -0.002672747243195772 -0.0002500000118743629
v 0.07048523426055908 -0.002672747243195772 -0.0007500000065192582
v 0.07020082324743271 -0.0028514533769339323 -0.0002500000118743629
v 0.07020082324743271 -0.0028514533769339323 -0.0007500000065192582
v 0.06988377869129181 -0.002962391823530197 -0.0002500000118743629
v 0.06988377869129181 -0.002962391823530197 -0.0007500000065192582
v 0.0710500031709671 -0.0013500000350177288 -0.0007500000065192582
v 0.0710500031709671 -0.0013500000350177288 -0.0002500000118743629
v 0.07084999978542328 -0.0011500000255182385 -0.0007500000065192582
v 0.07084999978542328 -0.0011500000255182385 -0.0002500000118743629
v 0.0709017664194107 -0.0011568148620426655 -0.0002500000118743629
v 0.0709017664194107 -0.0011568148620426655 -0.0007500000065192582
v 0.07095000147819519 -0.0011767948744818568 -0.0002500000118743629
v 0.07095000147819519 -0.0011767948744818568 -0.0007500000065192582
v 0.07099141925573349 -0.0012085785856470466 -0.0002500000118743629
v 0.07099141925573349 -0.0012085785856470466 -0.0007500000065192582
v 0.07102320343255997 -0.0012499999720603228 -0.0002500000118743629
v 0.07102320343255997 -0.0012499999720603228 -0.0007500000065192582
v 0.07104318588972092 -0.001298236194998026 -0.0002500000118743629
v 0.07104318588972092 -0.001298236194998026 -0.0007500000065192582
v 0.06904999911785126 -0.0011500000255182385 -0.0007500000065192582
v 0.06904999911785126 -0.0011500000255182385 -0.0002500000118743629
v 0.06988377869129181 0.002962391823530197 -0.0002500000118743629
v 0.06988377869129181 0.002962391823530197 -0.0007500000065192582
v 0.07020082324743271 0.0028514533769339323 -0.0002500000118743629
v 0.07020082324743271 0.0028514533769339323 -0.0007500000065192582
v 0.07048523426055908 0.002672747243195772 -0.0002500000118743629
v 0.07048523426055908 0.002672747243195772 -0.0007500000065192582
v 0.07072274386882782 0.002435234608128667 -0.0002500000118743629
v 0.07072274386882782 0.002435234608128667 -0.0007500000065192582
v 0.07090145349502563 0.0021508256904780865 -0.0002500000118743629
v 0.07090145349502563 0.0021508256904780865 -0.0007500000065192582
v 0.07101239264011383 0.0018337813671678305 -0.0002500000118743629
v 0.07101239264011383 0.0018337813671678305 -0.0007500000065192582
v 0.0710500031709671 0.001500000013038516 -0.0002500000118743629
v 0.0710500031709671 0.001500000013038516 -0.0007500000065192582
v 0.0710500031709671 0.0013500000350177288 -0.0007500000065192582
v 0.0710500031709671 0.0013500000350177288 -0.0002500000118743629
v 0.0709017664194107 0.0011568148620426655 -0.0007500000065192582
v 0.07102320343255997 0.0012499999720603228 -0.0007500000065192582
v 0.07099141925573349 0.0012085785856470466 -0.0007500000065192582
v 0.07104318588972092 0.001298236194998026 -0.0007500000065192582
v 0.06904999911785126 0.0011500000255182385 -0.0007500000065192582
v 0.06875235587358475 -0.0011108147446066141 -0.0007500000065192582
v 0.06847500056028366 -0.000995929236523807 -0.0007500000065192582
v 0.06793918460607529 -0.000297641905490309 -0.0007500000065192582
v 0.06805407255887985 -0.0005750000127591193 -0.0007500000065192582
v 0.07095000147819519 0.0011767948744818568 -0.0007500000065192582
v 0.0682368278503418 -0.0008131727809086442 -0.0007500000065192582
v 0.06790000200271606 1.829299072051384e-16 -0.0007500000065192582
v 0.0682368278503418 0.0008131727809086442 -0.0007500000065192582
v 0.06805407255887985 0.0005750000127591193 -0.0007500000065192582
v 0.07084999978542328 0.0011500000255182385 -0.0007500000065192582
v 0.06793918460607529 0.000297641905490309 -0.0007500000065192582
v 0.06847500056028366 0.000995929236523807 -0.0007500000065192582
v 0.06875235587358475 0.0011108147446066141 -0.0007500000065192582
v 0.0709017664194107 0.0011568148620426655 -0.0002500000118743629
v 0.07102320343255997 0.0012499999720603228 -0.0002500000118743629
v 0.07104318588972092 0.001298236194998026 -0.0002500000118743629
v 0.07095000147819519 0.0011767948744818568 -0.0002500000118743629
v 0.07099141925573349 0.0012085785856470466 -0.0002500000118743629
v 0.06904999911785126 0.0011500000255182385 -0.0002500000118743629
v 0.07084999978542328 0.0011500000255182385 -0.0002500000118743629
v 0.0682368278503418 -0.0008131727809086442 -0.0002500000118743629
v 0.06805407255887985 -0.0005750000127591193 -0.0002500000118743629
v 0.06875235587358475 -0.0011108147446066141 -0.0002500000118743629
v 0.06793918460607529 0.000297641905490309 -0.0002500000118743629
v 0.06805407255887985 0.0005750000127591193 -0.0002500000118743629
v 0.06793918460607529 -0.000297641905490309 -0.0002500000118743629
v 0.06790000200271606 1.829299072051384e-16 -0.0002500000118743629
v 0.06847500056028366 -0.000995929236523807 -0.0002500000118743629
v 0.06847500056028366 0.000995929236523807 -0.0002500000118743629
v 0.0682368278503418 0.0008131727809086442 -0.0002500000118743629
v 0.06875235587358475 0.0011108147446066141 -0.0002500000118743629
v 0.06404999643564224 0.008679555729031563 -0.009005291387438776
v 0.06404999643564224 0.008700000122189522 -0.008849999867379667
v 0.06404999643564224 0.008200000040233135 -0.008849999867379667
v 0.06404999643564224 0.008200000040233135 -0.008232843130826952
v 0.06404999643564224 0.008100000210106373 -0.009449999779462816
v 0.06404999643564224 0.008100000210106373 -0.00894999969750643
v 0.06404999643564224 0.008125881664454937 -0.008946592919528486
v 0.06404999643564224 0.008255291730165482 -0.009429555386304857
v 0.06404999643564224 0.00839999970048666 -0.009369615465402605
v 0.06404999643564224 0.008150000125169754 -0.008936602622270586
v 0.06404999643564224 0.008170710876584053 -0.008920710533857347
v 0.06404999643564224 0.008619614876806736 -0.009150000289082529
v 0.06404999643564224 0.008196592330932617 -0.008875882253050806
v 0.06404999643564224 0.008700000122189522 -0.008232843130826952
v 0.06404999643564224 0.008524264208972454 -0.009274263866245748
v 0.06404999643564224 0.008186602964997292 -0.008899999782443048
v 0.06405384093523026 0.008200000040233135 -0.008193824440240862
v 0.06406522542238235 0.008200000040233135 -0.008156306110322477
v 0.06405384093523026 0.008700000122189522 -0.008193824440240862
v 0.06408370286226273 0.008200000040233135 -0.008121728897094728
v 0.06406522542238235 0.008700000122189522 -0.008156306110322477
v 0.06410858035087585 0.008200000040233135 -0.008091421797871591
v 0.06408370286226273 0.008700000122189522 -0.008121728897094728
v 0.06410858035087585 0.008700000122189522 -0.008091421797871591
v 0.0647035539150238 0.008700000122189522 -0.00749644683673978
v 0.0647035539150238 0.008200000040233135 -0.00749644683673978
v 0.06478301435709 0.008700000122189522 -0.007392893079668285
v 0.06478301435709 0.008200000040233135 -0.007392893079668285
v 0.06483296304941177 0.008700000122189522 -0.007272302638739349
v 0.06483296304941177 0.008200000040233135 -0.007272302638739349
v 0.06485000252723694 0.008700000122189522 -0.007142836693674328
v 0.06485000252723694 0.008200000040233135 -0.007142893038690092
v 0.06485000252723694 0.008200000040233135 -0.00150400004349649
v -0.041450001299381256 0.008200000040233135 -0.008849999867379667
v -0.041450001299381256 0.008196592330932617 -0.008875882253050806
v -0.041450001299381256 0.008186602964997292 -0.008899999782443048
v -0.041450001299381256 0.008170710876584053 -0.008920710533857347
v -0.041450001299381256 0.008150000125169754 -0.008936602622270586
v 0.047382015734910965 0.008100000210106373 -0.00894999969750643
v 0.05234000086784363 0.008100000210106373 -0.00894999969750643
v 0.031677983701229095 0.008100000210106373 -0.00894999969750643
v 0.016814999282360077 0.008100000210106373 -0.00894999969750643
v -0.041450001299381256 0.008125881664454937 -0.008946592919528486
v 0.008950700983405113 0.008100000210106373 -0.00894999969750643
v -0.014375700615346432 0.008100000210106373 -0.00894999969750643
v -0.027990000322461128 0.008100000210106373 -0.00894999969750643
v -0.041450001299381256 0.008100000210106373 -0.00894999969750643
v 0.02828310988843441 0.008100000210106373 -0.009449999779462816
v 0.008950700983405113 0.008100000210106373 -0.009449999779462816
v -0.041450001299381256 0.008255291730165482 -0.009429555386304857
v -0.041450001299381256 0.008100000210106373 -0.009449999779462816
v 0.03516290709376335 0.008100000210106373 -0.009449999779462816
v -0.041450001299381256 0.00839999970048666 -0.009369615465402605
v -0.041450001299381256 0.008524264208972454 -0.009274263866245748
v -0.041450001299381256 0.008619614876806736 -0.009150000289082529
v -0.041450001299381256 0.008679555729031563 -0.009005291387438776
v -0.041450001299381256 0.008700000122189522 -0.008849999867379667
v -0.041450001299381256 0.008700000122189522 -0.008232843130826952
v -0.041450001299381256 0.007790000177919865 -0.00894999969750643
v -0.041450001299381256 0.007790000177919865 -0.009449999779462816
v -0.041450001299381256 0.008200000040233135 -0.008232843130826952
v -0.041749995201826096 0.007616791874170303 -0.009449999779462816
v -0.041791416704654694 0.007648573722690344 -0.009449999779462816
v -0.041791416704654694 0.007648573722690344 -0.00894999969750643
v -0.04170176014304161 0.007596813607960939 -0.009449999779462816
v -0.041749995201826096 0.007616791874170303 -0.00894999969750643
v -0.041649993509054184 0.007590000052005053 -0.009449999779462816
v -0.04170176014304161 0.007596813607960939 -0.00894999969750643
v -0.041598230600357056 0.007596815936267376 -0.009449999779462816
v -0.041649993509054184 0.007590000052005053 -0.00894999969750643
v -0.04154999554157257 0.007616796530783176 -0.009449999779462816
v -0.041598230600357056 0.007596815936267376 -0.00894999969750643
v -0.04150857776403427 0.007648580241948366 -0.009449999779462816
v -0.04154999554157257 0.007616796530783176 -0.00894999969750643
v -0.041476793587207794 0.007690001279115677 -0.009449999779462816
v -0.04150857776403427 0.007648580241948366 -0.00894999969750643
v -0.04145681485533714 0.007738236803561449 -0.009449999779462816
v -0.041476793587207794 0.007690001279115677 -0.00894999969750643
v -0.04145681485533714 0.007738236803561449 -0.00894999969750643
v -0.04249853640794754 0.008355642668902874 -0.009449999779462816
v -0.042202845215797424 0.008059974759817123 -0.00894999969750643
v -0.04249853640794754 0.008355642668902874 -0.00894999969750643
v -0.04320569336414337 0.007648485247045755 -0.009449999779462816
v -0.04320569336414337 0.007648485247045755 -0.00894999969750643
v -0.04249858483672142 0.006941426545381546 -0.009449999779462816
v -0.04249858483672142 0.006941426545381546 -0.00894999969750643
v -0.04259331151843071 0.006605525966733694 -0.009449999779462816
v -0.04264000058174133 0.006599999964237213 -0.009449999779462816
v -0.04264000058174133 0.006599999964237213 -0.00894999969750643
v -0.04254920035600662 0.006621799431741238 -0.009449999779462816
v -0.04259331151843071 0.006605525966733694 -0.00894999969750643
v -0.04251010715961456 0.006647920235991478 -0.009449999779462816
v -0.04254920035600662 0.006621799431741238 -0.00894999969750643
v -0.04247819632291794 0.006682445295155048 -0.009449999779462816
v -0.04251010715961456 0.006647920235991478 -0.00894999969750643
v -0.042455222457647324 0.006723466794937849 -0.009449999779462816
v -0.04247819632291794 0.006682445295155048 -0.00894999969750643
v -0.04244246333837509 0.006768717430531979 -0.009449999779462816
v -0.042455222457647324 0.006723466794937849 -0.00894999969750643
v -0.042440615594387054 0.0068156966008245945 -0.009449999779462816
v -0.04244246333837509 0.006768717430531979 -0.00894999969750643
v -0.042449790984392166 0.006861808709800243 -0.009449999779462816
v -0.042440615594387054 0.0068156966008245945 -0.00894999969750643
v -0.04246947541832924 0.00690450519323349 -0.009449999779462816
v -0.042449790984392166 0.006861808709800243 -0.00894999969750643
v -0.04246947541832924 0.00690450519323349 -0.00894999969750643
v -0.04145384207367897 0.008700000122189522 -0.008193824440240862
v -0.04146522283554077 0.008700000122189522 -0.008156306110322477
v -0.04145384207367897 0.008200000040233135 -0.008193824440240862
v -0.04148370772600174 0.008700000122189522 -0.008121728897094728
v -0.04146522283554077 0.008200000040233135 -0.008156306110322477
v -0.04150857776403427 0.008700000122189522 -0.008091421797871591
v -0.04148370772600174 0.008200000040233135 -0.008121728897094728
v -0.04150857776403427 0.008200000040233135 -0.008091421797871591
v -0.04210355505347252 0.008200000040233135 -0.00749644683673978
v -0.042103514075279236 0.008700000122189522 -0.007496486417949201
v -0.04218301177024841 0.008200000040233135 -0.007392893079668285
v -0.04218301177024841 0.008700000122189522 -0.007392893079668285
v -0.04223296418786049 0.008200000040233135 -0.007272302638739349
v -0.04223296418786049 0.008700000122189522 -0.007272302638739349
v -0.042249999940395355 0.008200000040233135 -0.007142893038690092
v -0.042249999940395355 0.008700000122189522 -0.007142893038690092
v -0.042249999940395355 0.008200000040233135 -0.00150400004349649
v 0.028643596917390823 0.008482962846755981 -0.009449999779462816
v 0.028523007407784462 0.008433012291789055 -0.009449999779462816
v 0.028419453650712967 0.008353553712368011 -0.009449999779462816
v 0.028339995071291924 0.008249999955296516 -0.009449999779462816
v 0.028773007914423943 0.008500000461935997 -0.009449999779462816
v 0.035026561468839645 0.008353553712368011 -0.009449999779462816
v 0.034923005849123 0.008433012291789055 -0.009449999779462816
v 0.03480241820216179 0.008482962846755981 -0.009449999779462816
v 0.03467300906777382 0.008500000461935997 -0.009449999779462816
v 0.035155970603227615 0.00812940951436758 -0.009449999779462816
v 0.03510601818561554 0.008249999955296516 -0.009449999779462816
v 0.028290044516324997 0.00812940951436758 -0.009449999779462816
v 0.028773007914423943 0.008500000461935997 -0.009499000385403635
v 0.03467300906777382 0.008500000461935997 -0.009499000385403635
v 0.028643596917390823 0.008482962846755981 -0.009499000385403635
v 0.028523007407784462 0.008433012291789055 -0.009499000385403635
v 0.028419453650712967 0.008353553712368011 -0.009499000385403635
v 0.028339995071291924 0.008249999955296516 -0.009499000385403635
v 0.028290044516324997 0.00812940951436758 -0.009499000385403635
v 0.02827300690114498 0.00800000037997961 -0.009449999779462816
v 0.02827300690114498 0.00800000037997961 -0.009499000385403635
v 0.03517300635576248 0.00800000037997961 -0.009499000385403635
v 0.035155970603227615 0.00812940951436758 -0.009499000385403635
v 0.03510601818561554 0.008249999955296516 -0.009499000385403635
v 0.035026561468839645 0.008353553712368011 -0.009499000385403635
v 0.034923005849123 0.008433012291789055 -0.009499000385403635
v 0.03480241820216179 0.008482962846755981 -0.009499000385403635
v 0.03517300635576248 0.00800000037997961 -0.009449999779462816
v 0.02827300690114498 -0.00800000037997961 -0.009499000385403635
v 0.02827300690114498 -0.00800000037997961 -0.009449999779462816
v 0.02827300690114498 0.0028899998869746923 -0.009449999779462816
v 0.03517300635576248 -0.00800000037997961 -0.009449999779462816
v 0.03517300635576248 -0.00800000037997961 -0.009499000385403635
v 0.028419453650712967 -0.008353553712368011 -0.009499000385403635
v 0.028339995071291924 -0.008249999955296516 -0.009499000385403635
v 0.028643596917390823 -0.008482962846755981 -0.009499000385403635
v 0.028523007407784462 -0.008433012291789055 -0.009499000385403635
v 0.035026561468839645 -0.008353553712368011 -0.009499000385403635
v 0.034923005849123 -0.008433012291789055 -0.009499000385403635
v 0.028773007914423943 -0.008500000461935997 -0.009499000385403635
v 0.03467300906777382 -0.008500000461935997 -0.009499000385403635
v 0.03480241820216179 -0.008482962846755981 -0.009499000385403635
v 0.035155970603227615 -0.00812940951436758 -0.009499000385403635
v 0.03510601818561554 -0.008249999955296516 -0.009499000385403635
v 0.028290044516324997 -0.00812940951436758 -0.009499000385403635
v 0.03467300906777382 -0.008500000461935997 -0.009449999779462816
v 0.03480241820216179 -0.008482962846755981 -0.009449999779462816
v 0.034923005849123 -0.008433012291789055 -0.009449999779462816
v 0.035026561468839645 -0.008353553712368011 -0.009449999779462816
v 0.03510601818561554 -0.008249999955296516 -0.009449999779462816
v 0.03516290709376335 -0.008100000210106373 -0.009449999779462816
v 0.035155970603227615 -0.00812940951436758 -0.009449999779462816
v 0.02828310988843441 -0.008100000210106373 -0.009449999779462816
v 0.028290044516324997 -0.00812940951436758 -0.009449999779462816
v 0.028339995071291924 -0.008249999955296516 -0.009449999779462816
v 0.028419453650712967 -0.008353553712368011 -0.009449999779462816
v 0.028523007407784462 -0.008433012291789055 -0.009449999779462816
v 0.028643596917390823 -0.008482962846755981 -0.009449999779462816
v 0.028773007914423943 -0.008500000461935997 -0.009449999779462816
v 0.06404999643564224 -0.008684956468641758 -0.008983512409031393
v -0.00555871706455946 -0.00869746133685112 -0.008905138820409777
v -0.005561819300055504 -0.00868444237858057 -0.008964356966316702
v -0.0055558993481099606 -0.008700000122189522 -0.008849999867379667
v 0.06404999643564224 -0.008700000122189522 -0.008849999867379667
v -0.005562771111726761 -0.008680448867380619 -0.008982521481812002
v -0.005566333886235952 -0.008665499277412891 -0.009050526656210424
v 0.06404999643564224 -0.008640581741929054 -0.009110330604016783
v -0.005567548330873251 -0.008654854260385036 -0.009071748703718187
v -0.005573289003223181 -0.008604556322097778 -0.009172028861939909
v 0.06404999643564224 -0.008569099009037018 -0.009224093519151213
v -0.005569640547037125 -0.008636523969471455 -0.009108294732868673
v -0.005573936738073826 -0.008598881773650646 -0.009183342568576338
v 0.06404999643564224 -0.008474093861877918 -0.009319098666310312
v -0.005580822471529245 -0.008511994034051895 -0.0092861894518137
v -0.005582763813436031 -0.008481387980282307 -0.009308621287345888
v -0.00557901244610548 -0.008534833788871765 -0.009259154088795187
v -0.00557651137933135 -0.008566387929022312 -0.009221804328262808
v -0.005588438827544451 -0.00839192420244217 -0.00937419477850199
v 0.06404999643564224 -0.008360330015420914 -0.009390581399202349
v -0.005583381745964289 -0.008471647277474403 -0.009315761737525465
v -0.0055884406901896 -0.008391893468797207 -0.00937420688569546
v -0.005594202782958746 -0.008287477307021618 -0.009416353888809683
v 0.06404999643564224 -0.008233512751758099 -0.009434957057237627
v -0.005590252112597227 -0.008359069004654884 -0.009387456811964514
v -0.005596063565462828 -0.008253758773207664 -0.009429964236915113
v -0.00559712341055274 -0.008233211003243923 -0.009432641789317133
v 0.06404999643564224 -0.008100000210106373 -0.009449999779462816
v 0.008950700983405113 -0.008100000210106373 -0.009449999779462816
v -0.005599902011454105 -0.008179380558431149 -0.009439656510949137
v -0.0056039984337985516 -0.008100000210106373 -0.009449999779462816
v 0.06404999643564224 -0.008100000210106373 -0.00894999969750643
v 0.06404999643564224 -0.008700000122189522 -0.008232843130826952
v 0.06404999643564224 -0.008200000040233135 -0.008849999867379667
v 0.06404999643564224 -0.00819749291986227 -0.008872251957654955
v 0.06404999643564224 -0.00812225230038166 -0.008947492577135565
v 0.06404999643564224 -0.008190097287297249 -0.008893388323485853
v 0.06404999643564224 -0.008143388666212559 -0.008940096944570543
v 0.06404999643564224 -0.008178182877600193 -0.00891234911978245
v 0.06404999643564224 -0.00816234853118658 -0.008928183466196062
v 0.06404999643564224 -0.008200000040233135 -0.008232843130826952
v 0.008950700983405113 -0.008100000210106373 -0.00894999969750643
v -0.0056039984337985516 -0.008100000210106373 -0.00894999969750643
v -0.005599902477115393 -0.008113221265375614 -0.00894823204725981
v -0.00559712341055274 -0.008122189901769161 -0.00894703343510628
v 0.016814999282360077 -0.008100000210106373 -0.00894999969750643
v 0.031677983701229095 -0.008100000210106373 -0.00894999969750643
v 0.047382015734910965 -0.008100000210106373 -0.00894999969750643
v 0.05234000086784363 -0.008100000210106373 -0.00894999969750643
v -0.005595860071480274 -0.008126268163323402 -0.00894648861140013
v -0.005594202782958746 -0.008131247013807297 -0.008944408036768438
v -0.005590252578258514 -0.008143116720020771 -0.008939449675381185
v -0.0055884383618831635 -0.00814856681972742 -0.00893717259168625
v -0.005587902385741472 -0.008150178007781506 -0.008936499245464804
v -0.005583383142948151 -0.008161844685673714 -0.008927527815103533
v -0.005579948890954256 -0.008170710876584053 -0.008920710533857347
v -0.00557901244610548 -0.008172575384378433 -0.008918297477066519
v -0.005582764744758606 -0.00816344190388918 -0.00892630033195019
v -0.0055765146389603615 -0.008177552372217178 -0.008911861106753351
v -0.005572152324020863 -0.00818624161183834 -0.008900619111955168
v -0.005573283415287733 -0.008183988742530346 -0.008903534151613714
v -0.0055675506591796875 -0.008192086592316628 -0.008886822499334814
v -0.005564187653362751 -0.008196358568966389 -0.008876739069819452
v -0.005569645203649998 -0.008189425803720951 -0.00889310333877802
v -0.005562774837017059 -0.008196979761123657 -0.008872181177139284
v -0.0055618248879909515 -0.008197396993637085 -0.008869117125868799
v -0.0055558993481099606 -0.008200000040233135 -0.008849999867379667
v 0.06405681371688843 -0.008700000122189522 -0.008181079290807249
v 0.06407679617404938 -0.008700000122189522 -0.008132842369377615
v 0.06405681371688843 -0.008200000040233135 -0.008181079290807249
v 0.06410858035087585 -0.008700000122189522 -0.008091421797871591
v 0.06407679617404938 -0.008200000040233135 -0.008132842369377615
v 0.06410858035087585 -0.008200000040233135 -0.008091421797871591
v 0.0647035539150238 -0.008200000040233135 -0.00749644683673978
v 0.0647035539150238 -0.008700000122189522 -0.00749644683673978
v 0.06478301435709 -0.008200000040233135 -0.007392893079668285
v 0.06478301435709 -0.008700000122189522 -0.007392893079668285
v 0.06483296304941177 -0.008200000040233135 -0.007272302638739349
v 0.06483296304941177 -0.008700000122189522 -0.007272302638739349
v 0.06485000252723694 -0.008200000040233135 -0.007142893038690092
v 0.06485000252723694 -0.008700000122189522 -0.007142893038690092
v 0.06485000252723694 -0.008200000040233135 -0.00150400004349649
v -0.005996136460453272 -0.0036178443115204573 -0.009449999779462816
v -0.00578442495316267 -0.0060377176851034164 -0.00894999969750643
v -0.005996136460453272 -0.0036178443115204573 -0.00894999969750643
v -0.006047763861715794 -0.0033766827546060085 -0.009449999779462816
v -0.006156843155622482 -0.003155491081997752 -0.009449999779462816
v -0.006047763861715794 -0.0033766827546060085 -0.00894999969750643
v -0.006316740997135639 -0.002967722713947296 -0.009449999779462816
v -0.006156843155622482 -0.003155491081997752 -0.00894999969750643
v -0.006426040083169937 -0.0028899998869746923 -0.00894999969750643
v -0.00651773065328598 -0.0028247986920177937 -0.009449999779462816
v -0.006316740997135639 -0.002967722713947296 -0.00894999969750643
v -0.00674758804962039 -0.0027354122139513493 -0.009449999779462816
v -0.00651773065328598 -0.0028247986920177937 -0.00894999969750643
v -0.006992331240326166 -0.0027050001081079245 -0.009449999779462816
v -0.00674758804962039 -0.0027354122139513493 -0.00894999969750643
v -0.006992331240326166 -0.0027050001081079245 -0.00894999969750643
v -0.014375700615346432 -0.0027050001081079245 -0.00894999969750643
v -0.019159669056534767 -0.0027050001081079245 -0.009449999779462816
v -0.019159669056534767 -0.0027050001081079245 -0.00894999969750643
v -0.01940441131591797 -0.0027354122139513493 -0.009449999779462816
v -0.019634269177913666 -0.0028247986920177937 -0.009449999779462816
v -0.01940441131591797 -0.0027354122139513493 -0.00894999969750643
v -0.01983525976538658 -0.002967722713947296 -0.009449999779462816
v -0.01972595974802971 -0.0028899998869746923 -0.00894999969750643
v -0.019634269177913666 -0.0028247986920177937 -0.00894999969750643
v -0.019995156675577164 -0.003155491081997752 -0.009449999779462816
v -0.01983525976538658 -0.002967722713947296 -0.00894999969750643
v -0.020104236900806427 -0.0033766827546060085 -0.009449999779462816
v -0.019995156675577164 -0.003155491081997752 -0.00894999969750643
v -0.02015586383640766 -0.0036178443115204573 -0.009449999779462816
v -0.020104236900806427 -0.0033766827546060085 -0.00894999969750643
v -0.02015586383640766 -0.0036178443115204573 -0.00894999969750643
v -0.02036757580935955 -0.0060377176851034164 -0.00894999969750643
v -0.020548000931739807 -0.008100000210106373 -0.009449999779462816
v -0.020548000931739807 -0.008100000210106373 -0.00894999969750643
v -0.004973518196493387 -0.008700000122189522 -0.0021933566313236956
v -0.004973518196493387 -0.008200000040233135 -0.0021933566313236956
v -0.005354287102818489 -0.008700000122189522 -0.001663739676587284
v -0.005471615586429834 -0.008700000122189522 -0.0016497786855325107
v -0.005471615586429834 -0.008200000040233135 -0.0016497786855325107
v -0.005243510473519564 -0.008700000122189522 -0.0017048427835106854
v -0.005354287102818489 -0.008200000040233135 -0.001663739676587284
v -0.0051454720087349415 -0.008700000122189522 -0.0017707928782328968
v -0.005243510473519564 -0.008200000040233135 -0.0017048427835106854
v -0.005065646953880787 -0.008700000122189522 -0.0018579069292172794
v -0.0051454720087349415 -0.008200000040233135 -0.0017707928782328968
v -0.005008492153137922 -0.008700000122189522 -0.0019613201729953293
v -0.005065646953880787 -0.008200000040233135 -0.0018579069292172794
v -0.0049772001802921295 -0.008700000122189522 -0.002075257478281856
v -0.005008492153137922 -0.008200000040233135 -0.0019613201729953293
v -0.0049772001802921295 -0.008200000040233135 -0.002075257478281856
v -0.0206803847104311 -0.008700000122189522 -0.0016497786855325107
v -0.0206803847104311 -0.008200000040233135 -0.0016497786855325107
v -0.021174799650907516 -0.008700000122189522 -0.002075257478281856
v -0.021178482100367546 -0.008700000122189522 -0.0021933566313236956
v -0.021178482100367546 -0.008200000040233135 -0.0021933566313236956
v -0.021143507212400436 -0.008700000122189522 -0.0019613201729953293
v -0.021174799650907516 -0.008200000040233135 -0.002075257478281856
v -0.021086353808641434 -0.008700000122189522 -0.0018579069292172794
v -0.021143507212400436 -0.008200000040233135 -0.0019613201729953293
v -0.021006528288125992 -0.008700000122189522 -0.0017707928782328968
v -0.021086353808641434 -0.008200000040233135 -0.0018579069292172794
v -0.02090848982334137 -0.008700000122189522 -0.0017048427835106854
v -0.021006528288125992 -0.008200000040233135 -0.0017707928782328968
v -0.020797712728381157 -0.008700000122189522 -0.001663739676587284
v -0.02090848982334137 -0.008200000040233135 -0.0017048427835106854
v -0.020797712728381157 -0.008200000040233135 -0.001663739676587284
v -0.020596100017428398 -0.008700000122189522 -0.008849999867379667
v -0.020596100017428398 -0.008200000040233135 -0.008849999867379667
v -0.02059200406074524 -0.008689655922353268 -0.008929380215704443
v -0.020589224994182587 -0.008682641200721264 -0.008983210660517217
v -0.020587962120771408 -0.00819648802280426 -0.008876268751919271
v -0.020588083192706108 -0.008196541108191013 -0.008875874802470209
v -0.020588165149092674 -0.008679963648319244 -0.009003758430480959
v -0.020586304366588593 -0.008194408379495144 -0.008881246671080591
v -0.020586304366588593 -0.008666353300213814 -0.009037477895617487
v -0.020582353696227074 -0.008637456223368645 -0.009109068661928179
v -0.020580541342496872 -0.008187172934412956 -0.008898566477000715
v -0.020580066367983818 -0.008186577819287777 -0.008899989537894728
v -0.02058054320514202 -0.008624207228422165 -0.009141894057393076
v -0.020580541342496872 -0.008624195121228695 -0.009141923859715463
v -0.020580004900693893 -0.00818649958819151 -0.0089001776650548
v -0.02057548426091671 -0.008565761148929596 -0.009221647866070272
v -0.020574865862727165 -0.008176300674676895 -0.008913441561162474
v -0.020574865862727165 -0.008558621630072594 -0.009231388568878176
v -0.020572924986481667 -0.00853618886321783 -0.00926199369132519
v -0.020572051405906677 -0.008170710876584053 -0.008920710533857347
v -0.020571114495396614 -0.008168297819793224 -0.008922575972974302
v -0.020571114495396614 -0.008509154431521893 -0.009284834377467634
v -0.02056538499891758 -0.00815353449434042 -0.00893398839980364
v -0.020568612962961197 -0.008471803739666939 -0.009316388517618181
v -0.02056603878736496 -0.008433341979980469 -0.00934888143092394
v -0.020565390586853027 -0.008422029204666615 -0.009354555979371073
v -0.020561743527650833 -0.008358295075595379 -0.009386523626744749
v -0.020564036443829536 -0.008149964734911919 -0.008936519734561445
v -0.020559651777148247 -0.00813682284206152 -0.008942087180912496
v -0.020564254373311996 -0.008150619454681873 -0.00893624220043421
v -0.020559649914503098 -0.008321748115122318 -0.009404854848980905
v -0.020556289702653885 -0.008126738481223583 -0.008946359157562258
v -0.0205584354698658 -0.00830052699893713 -0.009415498934686186
v -0.02055487409234047 -0.008232521824538708 -0.009430449455976488
v -0.020553922280669212 -0.008214357309043407 -0.009434442967176439
v -0.020556019619107246 -0.008125865831971169 -0.008946477435529234
v -0.02055392786860466 -0.008119117468595505 -0.00894739665091038
v -0.020550819113850594 -0.008155139163136482 -0.009447460994124414
v -0.02059200406074524 -0.008198232389986515 -0.008863220922648908
v -0.041450001299381256 -0.008196592330932617 -0.008875882253050806
v -0.041450001299381256 -0.008200000040233135 -0.008849999867379667
v -0.041450001299381256 -0.008186602964997292 -0.008899999782443048
v -0.041450001299381256 -0.008170710876584053 -0.008920710533857347
v -0.041450001299381256 -0.008150000125169754 -0.008936602622270586
v -0.041450001299381256 -0.008125881664454937 -0.008946592919528486
v -0.027990000322461128 -0.008100000210106373 -0.00894999969750643
v -0.041450001299381256 -0.008100000210106373 -0.00894999969750643
v -0.041450001299381256 -0.008233512751758099 -0.009434957057237627
v -0.041450001299381256 -0.008100000210106373 -0.009449999779462816
v -0.041450001299381256 -0.008360330015420914 -0.009390581399202349
v -0.041450001299381256 -0.008474093861877918 -0.009319098666310312
v -0.041450001299381256 -0.008569099009037018 -0.009224093519151213
v -0.041450001299381256 -0.008640581741929054 -0.009110330604016783
v -0.041450001299381256 -0.008684956468641758 -0.008983512409031393
v -0.041450001299381256 -0.008700000122189522 -0.008849999867379667
v -0.041450001299381256 -0.008200000040233135 -0.008232843130826952
v -0.041450001299381256 -0.007790000177919865 -0.009449999779462816
v -0.041450001299381256 -0.008700000122189522 -0.008232843130826952
v -0.041450001299381256 -0.007790000177919865 -0.00894999969750643
v -0.04145384207367897 -0.008200000040233135 -0.008193824440240862
v -0.04146522283554077 -0.008200000040233135 -0.008156306110322477
v -0.04145384207367897 -0.008700000122189522 -0.008193824440240862
v -0.04148370772600174 -0.008200000040233135 -0.008121728897094728
v -0.04146522283554077 -0.008700000122189522 -0.008156306110322477
v -0.04150857776403427 -0.008200000040233135 -0.008091421797871591
v -0.04148370772600174 -0.008700000122189522 -0.008121728897094728
v -0.04150857776403427 -0.008700000122189522 -0.008091421797871591
v -0.04210355505347252 -0.008200000040233135 -0.00749644683673978
v -0.04210355505347252 -0.008700000122189522 -0.00749644683673978
v -0.04221193864941597 -0.008700000122189522 -0.007334235124289991
v -0.04216573387384415 -0.008700000122189522 -0.007420678157359363
v -0.042249999940395355 -0.008700000122189522 -0.007142893038690092
v -0.04224039241671562 -0.008700000122189522 -0.007240438368171455
v -0.042249999940395355 -0.008200000040233135 -0.007142893038690092
v -0.02052750065922737 -0.008200000040233135 -0.00150400004349649
v -0.006102440413087606 -0.008200000040233135 -0.00150400004349649
v 0.01205000001937151 -0.008200000040233135 -0.00150400004349649
v 0.038594938814640045 -0.008200000040233135 -0.00150400004349649
v -0.04224039241671562 -0.008200000040233135 -0.007240438368171455
v -0.04221193864941597 -0.008200000040233135 -0.007334235124289991
v -0.04216573387384415 -0.008200000040233135 -0.007420678157359363
v -0.042249999940395355 -0.008200000040233135 -0.00150400004349649
v -0.027655059471726418 -0.008200000040233135 -0.00150400004349649
v 0.05200506001710892 -0.008200000040233135 -0.00150400004349649
v -0.04145681485533714 -0.007738236337900162 -0.009449999779462816
v -0.041476793587207794 -0.007689999882131815 -0.009449999779462816
v -0.04145681485533714 -0.007738236337900162 -0.00894999969750643
v -0.04150857776403427 -0.007648578844964504 -0.009449999779462816
v -0.041476793587207794 -0.007689999882131815 -0.00894999969750643
v -0.04154999926686287 -0.0076167951337993145 -0.009449999779462816
v -0.04150857776403427 -0.007648578844964504 -0.00894999969750643
v -0.04159823805093765 -0.007596815004944801 -0.009449999779462816
v -0.04154999926686287 -0.0076167951337993145 -0.00894999969750643
v -0.04165000095963478 -0.007590000052005053 -0.009449999779462816
v -0.04159823805093765 -0.007596815004944801 -0.00894999969750643
v -0.04170176386833191 -0.007596815004944801 -0.009449999779462816
v -0.04165000095963478 -0.007590000052005053 -0.00894999969750643
v -0.041749998927116394 -0.0076167951337993145 -0.009449999779462816
v -0.04170176386833191 -0.007596815004944801 -0.00894999969750643
v -0.04179142042994499 -0.007648578844964504 -0.009449999779462816
v -0.041749998927116394 -0.0076167951337993145 -0.00894999969750643
v -0.04179142042994499 -0.007648578844964504 -0.00894999969750643
v -0.042202845215797424 -0.008060003630816936 -0.00894999969750643
v -0.042498499155044556 -0.008355654776096344 -0.009449999779462816
v -0.042498499155044556 -0.008355654776096344 -0.00894999969750643
v -0.043205682188272476 -0.007648522965610027 -0.00894999969750643
v -0.043205682188272476 -0.007648522965610027 -0.009449999779462816
v -0.04249857738614082 -0.006941418629139662 -0.00894999969750643
v -0.04249857738614082 -0.006941421423107386 -0.009449999779462816
v -0.042450498789548874 -0.006863950751721859 -0.009449999779462816
v -0.042470816522836685 -0.0069066607393324375 -0.009449999779462816
v -0.042470816522836685 -0.0069066607393324375 -0.00894999969750643
v -0.042440783232450485 -0.00681766401976347 -0.009449999779462816
v -0.042450498789548874 -0.006863950751721859 -0.00894999969750643
v -0.0424422025680542 -0.006770389620214701 -0.009449999779462816
v -0.042440783232450485 -0.00681766401976347 -0.00894999969750643
v -0.042454686015844345 -0.006724771112203598 -0.009449999779462816
v -0.0424422025680542 -0.006770389620214701 -0.00894999969750643
v -0.04247753322124481 -0.006683359853923321 -0.009449999779462816
v -0.042454686015844345 -0.006724771112203598 -0.00894999969750643
v -0.04250946640968323 -0.006648471113294363 -0.009449999779462816
v -0.04247753322124481 -0.006683359853923321 -0.00894999969750643
v -0.04254869744181633 -0.006622056011110544 -0.009449999779462816
v -0.04250946640968323 -0.006648471113294363 -0.00894999969750643
v -0.042593035846948624 -0.006605592090636492 -0.009449999779462816
v -0.04254869744181633 -0.006622056011110544 -0.00894999969750643
v -0.04264000058174133 -0.006599999964237213 -0.009449999779462816
v -0.042593035846948624 -0.006605592090636492 -0.00894999969750643
v -0.04264000058174133 -0.006599999964237213 -0.00894999969750643
v -0.04337426275014877 0.006599999964237213 -0.009274263866245748
v -0.043469615280628204 0.006599999964237213 -0.009150000289082529
v -0.043036602437496185 0.006599999964237213 -0.008899999782443048
v -0.04304659366607666 0.006599999964237213 -0.008875882253050806
v -0.04324999824166298 0.006599999964237213 -0.009369615465402605
v -0.04302071034908295 0.006599999964237213 -0.008920710533857347
v -0.04352955520153046 0.006599999964237213 -0.009005291387438776
v -0.04295000061392784 0.006599999964237213 -0.009449999779462816
v -0.04295000061392784 0.006599999964237213 -0.00894999969750643
v -0.042975880205631256 0.006599999964237213 -0.008946592919528486
v -0.043105293065309525 0.006599999964237213 -0.009429555386304857
v -0.0430000014603138 0.006599999964237213 -0.008936602622270586
v -0.043549999594688416 0.006599999964237213 -0.008849999867379667
v -0.043049998581409454 0.006599999964237213 -0.008849999867379667
v -0.043049998581409454 0.006599999964237213 -0.008232843130826952
v -0.043549999594688416 0.006599999964237213 -0.008232843130826952
v -0.043105293065309525 -0.006599999964237213 -0.009429555386304857
v -0.04295000061392784 0.0028899998869746923 -0.009449999779462816
v -0.04324999824166298 -0.006599999964237213 -0.009369615465402605
v -0.04337426275014877 -0.006599999964237213 -0.009274263866245748
v -0.043469615280628204 -0.006599999964237213 -0.009150000289082529
v -0.04352955520153046 -0.006599999964237213 -0.009005291387438776
v -0.043549999594688416 -0.006599999964237213 -0.008849999867379667
v -0.04295000061392784 -0.006599999964237213 -0.009449999779462816
v -0.043049998581409454 -0.006599999964237213 -0.008849999867379667
v -0.04304659366607666 -0.006599999964237213 -0.008875882253050806
v -0.043036602437496185 -0.006599999964237213 -0.008899999782443048
v -0.04302071034908295 -0.006599999964237213 -0.008920710533857347
v -0.0430000014603138 -0.006599999964237213 -0.008936602622270586
v -0.04295000061392784 0.0028899998869746923 -0.00894999969750643
v -0.04295000061392784 0.0060377176851034164 -0.00894999969750643
v -0.042975880205631256 -0.006599999964237213 -0.008946592919528486
v -0.04295000061392784 -0.0028899998869746923 -0.00894999969750643
v -0.04295000061392784 -0.0060377176851034164 -0.00894999969750643
v -0.04295000061392784 -0.006599999964237213 -0.00894999969750643
v -0.043549999594688416 -0.006599999964237213 -0.008232843130826952
v -0.043049998581409454 -0.006599999964237213 -0.008232843130826952
v -0.043049998581409454 -0.006633705925196409 -0.008121728897094728
v -0.043049998581409454 -0.006658578757196665 -0.008091421797871591
v -0.043549999594688416 -0.006658578757196665 -0.008091421797871591
v -0.043049998581409454 -0.006615224294364452 -0.008156306110322477
v -0.043549999594688416 -0.006633705925196409 -0.008121728897094728
v -0.043049998581409454 -0.006603843066841364 -0.008193824440240862
v -0.043549999594688416 -0.006615224294364452 -0.008156306110322477
v -0.043549999594688416 -0.006603843066841364 -0.008193824440240862
v -0.043049998581409454 0.006603843066841364 -0.008193824440240862
v -0.043049998581409454 0.006615224294364452 -0.008156306110322477
v -0.043549999594688416 0.006603843066841364 -0.008193824440240862
v -0.043049998581409454 0.006633705925196409 -0.008121728897094728
v -0.043549999594688416 0.006615224294364452 -0.008156306110322477
v -0.043049998581409454 0.006658578757196665 -0.008091421797871591
v -0.043549999594688416 0.006633705925196409 -0.008121728897094728
v -0.043549999594688416 0.006658578757196665 -0.008091421797871591
v -0.043049998581409454 0.007253553252667189 -0.00749644683673978
v -0.043549999594688416 0.007253553252667189 -0.00749644683673978
v -0.043549999594688416 0.00731573486700654 -0.007420678157359363
v -0.043049998581409454 0.00731573486700654 -0.007420678157359363
v -0.043549999594688416 0.007361939642578363 -0.007334235124289991
v -0.043049998581409454 0.007361939642578363 -0.007334235124289991
v -0.043549999594688416 0.007390392478555441 -0.007240438368171455
v -0.043049998581409454 0.007390392478555441 -0.007240438368171455
v -0.043549999594688416 0.007400000002235174 -0.007142893038690092
v -0.043049998581409454 0.007400000002235174 -0.007142893038690092
v -0.043049998581409454 0.007400000002235174 -0.00150400004349649
v -0.043049998581409454 -0.007253553252667189 -0.00749644683673978
v -0.043549999594688416 -0.007253553252667189 -0.00749644683673978
v -0.043049998581409454 -0.007400000002235174 -0.007142893038690092
v -0.043049998581409454 -0.007390392478555441 -0.007240438368171455
v -0.043049998581409454 -0.007361939642578363 -0.007334235124289991
v -0.043049998581409454 -0.00731573486700654 -0.007420678157359363
v -0.043049998581409454 -0.007400000002235174 -0.00150400004349649
v -0.043049998581409454 -0.0026225000619888306 -0.00150400004349649
v -0.043049998581409454 -0.00596744054928422 -0.00150400004349649
v -0.043549999594688416 -0.007400000002235174 -0.007142893038690092
v -0.043549999594688416 -0.007390392478555441 -0.007240438368171455
v -0.043549999594688416 -0.007361939642578363 -0.007334235124289991
v -0.043549999594688416 -0.00731573486700654 -0.007420678157359363
v -0.043549999594688416 -0.003000000026077032 -0.0008500000112690034
v -0.043549999594688416 0.003000000026077032 -0.0008500000112690034
v -0.043549999594688416 -0.003000000026077032 -0.0002583920140750707
v -0.043549999594688416 0.003000000026077032 -0.0002583920140750707
v -0.04355340823531151 0.003000000026077032 -0.0008241180912591519
v -0.043563395738601685 0.003000000026077032 -0.0007999999797903003
v -0.04355340823531151 -0.003000000026077032 -0.0008241180912591519
v -0.04357928782701492 0.003000000026077032 -0.0007792893447913232
v -0.043563395738601685 -0.003000000026077032 -0.0007999999797903003
v -0.04360000044107437 0.003000000026077032 -0.0007633974310010674
v -0.04357928782701492 -0.003000000026077032 -0.0007792893447913232
v -0.043624117970466614 0.003000000026077032 -0.0007534074247814717
v -0.04360000044107437 -0.003000000026077032 -0.0007633974310010674
v -0.04365000128746033 0.003000000026077032 -0.0007500000065192582
v -0.043624117970466614 -0.003000000026077032 -0.0007534074247814717
v -0.04365000128746033 -0.003000000026077032 -0.0007500000065192582
v -0.04365000128746033 0.003000000026077032 -0.0002500000118743629
v -0.04365000128746033 -0.003000000026077032 -0.0002500000118743629
v -0.046950001269578934 0.003000000026077032 -0.0002500000118743629
v -0.046950001269578934 0.003000000026077032 -0.0007500000065192582
v -0.046950001269578934 -0.003000000026077032 -0.0007500000065192582
v -0.046950001269578934 -0.003000000026077032 -0.0002500000118743629
v -0.047283779829740524 -0.002962391823530197 -0.0002500000118743629
v -0.047283779829740524 -0.002962391823530197 -0.0007500000065192582
v -0.047600824385881424 -0.0028514533769339323 -0.0002500000118743629
v -0.047600824385881424 -0.0028514533769339323 -0.0007500000065192582
v -0.0478852353990078 -0.002672747243195772 -0.0002500000118743629
v -0.0478852353990078 -0.002672747243195772 -0.0007500000065192582
v -0.048122748732566833 -0.002435234608128667 -0.0002500000118743629
v -0.048122748732566833 -0.002435234608128667 -0.0007500000065192582
v -0.04830145463347435 -0.0021508256904780865 -0.0002500000118743629
v -0.04830145463347435 -0.0021508256904780865 -0.0007500000065192582
v -0.04841239005327225 -0.0018337813671678305 -0.0002500000118743629
v -0.04841239005327225 -0.0018337813671678305 -0.0007500000065192582
v -0.04845000058412552 -0.001500000013038516 -0.0002500000118743629
v -0.04845000058412552 -0.001500000013038516 -0.0007500000065192582
v -0.04845000058412552 0.001500000013038516 -0.0007500000065192582
v -0.04845000058412552 0.001500000013038516 -0.0002500000118743629
v -0.04841239005327225 0.0018337813671678305 -0.0002500000118743629
v -0.04841239005327225 0.0018337813671678305 -0.0007500000065192582
v -0.04830145463347435 0.0021508256904780865 -0.0002500000118743629
v -0.04830145463347435 0.0021508256904780865 -0.0007500000065192582
v -0.048122748732566833 0.002435234608128667 -0.0002500000118743629
v -0.048122748732566833 0.002435234608128667 -0.0007500000065192582
v -0.0478852353990078 0.002672747243195772 -0.0002500000118743629
v -0.0478852353990078 0.002672747243195772 -0.0007500000065192582
v -0.047600824385881424 0.0028514533769339323 -0.0002500000118743629
v -0.047600824385881424 0.0028514533769339323 -0.0007500000065192582
v -0.047283779829740524 0.002962391823530197 -0.0002500000118743629
v -0.047283779829740524 0.002962391823530197 -0.0007500000065192582
v -0.04752499982714653 0.000995929236523807 -0.0007500000065192582
v -0.047763172537088394 0.0008131727809086442 -0.0007500000065192582
v -0.047247640788555145 0.0011108147446066141 -0.0007500000065192582
v -0.046652358025312424 -0.0011108147446066141 -0.0007500000065192582
v -0.04752499982714653 -0.000995929236523807 -0.0007500000065192582
v -0.047247640788555145 -0.0011108147446066141 -0.0007500000065192582
v -0.047763172537088394 -0.0008131727809086442 -0.0007500000065192582
v -0.04637499898672104 0.000995929236523807 -0.0007500000065192582
v -0.04595407098531723 0.0005750000127591193 -0.0007500000065192582
v -0.046136826276779175 0.0008131727809086442 -0.0007500000065192582
v -0.04637499898672104 -0.000995929236523807 -0.0007500000065192582
v -0.046136826276779175 -0.0008131727809086442 -0.0007500000065192582
v -0.046950001269578934 -0.0011500000255182385 -0.0007500000065192582
v -0.046950001269578934 0.0011500000255182385 -0.0007500000065192582
v -0.04794592782855034 -0.0005750000127591193 -0.0007500000065192582
v -0.046652358025312424 0.0011108147446066141 -0.0007500000065192582
v -0.04583918675780296 -0.000297641905490309 -0.0007500000065192582
v -0.04580000042915344 1.7185577198295608e-16 -0.0007500000065192582
v -0.04595407098531723 -0.0005750000127591193 -0.0007500000065192582
v -0.048060815781354904 -0.000297641905490309 -0.0007500000065192582
v -0.04583918675780296 0.000297641905490309 -0.0007500000065192582
v -0.04794592782855034 0.0005750000127591193 -0.0007500000065192582
v -0.04809999838471413 1.7029735047401637e-16 -0.0007500000065192582
v -0.048060815781354904 0.000297641905490309 -0.0007500000065192582
v -0.04752499982714653 -0.000995929236523807 -0.0002500000118743629
v -0.047247640788555145 -0.0011108147446066141 -0.0002500000118743629
v -0.046652358025312424 0.0011108147446066141 -0.0002500000118743629
v -0.04752499982714653 0.000995929236523807 -0.0002500000118743629
v -0.047247640788555145 0.0011108147446066141 -0.0002500000118743629
v -0.047763172537088394 0.0008131727809086442 -0.0002500000118743629
v -0.047763172537088394 -0.0008131727809086442 -0.0002500000118743629
v -0.046950001269578934 -0.0011500000255182385 -0.0002500000118743629
v -0.04637499898672104 -0.000995929236523807 -0.0002500000118743629
v -0.046652358025312424 -0.0011108147446066141 -0.0002500000118743629
v -0.04637499898672104 0.000995929236523807 -0.0002500000118743629
v -0.046136826276779175 0.0008131727809086442 -0.0002500000118743629
v -0.046950001269578934 0.0011500000255182385 -0.0002500000118743629
v -0.04595407098531723 -0.0005750000127591193 -0.0002500000118743629
v -0.046136826276779175 -0.0008131727809086442 -0.0002500000118743629
v -0.04794592782855034 0.0005750000127591193 -0.0002500000118743629
v -0.04595407098531723 0.0005750000127591193 -0.0002500000118743629
v -0.048060815781354904 0.000297641905490309 -0.0002500000118743629
v -0.048060815781354904 -0.000297641905490309 -0.0002500000118743629
v -0.04809999838471413 1.7029735047401637e-16 -0.0002500000118743629
v -0.04583918675780296 -0.000297641905490309 -0.0002500000118743629
v -0.04794592782855034 -0.0005750000127591193 -0.0002500000118743629
v -0.04580000042915344 1.7185577198295608e-16 -0.0002500000118743629
v -0.04583918675780296 0.000297641905490309 -0.0002500000118743629
v 0.05009999871253967 0.0007800000021234155 -0.009449999779462816
v 0.0494999997317791 0.0007800000021234155 -0.009449999779462816
v 0.04450809210538864 0.0037080917973071337 -0.009449999779462816
v 0.062335532158613205 -0.0035355337895452976 -0.009449999779462816
v 0.056299999356269836 0.0043301270343363285 -0.009449999779462816
v 0.05030187964439392 0.0007534221513196826 -0.009449999779462816
v 0.057505905628204346 0.004829629324376583 -0.009449999779462816
v 0.04931333288550377 0.0007573346374556422 -0.009449999779462816
v 0.048858072608709335 0.0004430905100889504 -0.009449999779462816
v 0.048770688474178314 0.0002765918034128845 -0.009449999779462816
v 0.04534146562218666 0.002622016938403249 -0.009449999779462816
v 0.04913751408457756 0.0006906557246111333 -0.009449999779462816
v 0.04898276552557945 0.000583838380407542 -0.009449999779462816
v 0.04586534947156906 -0.0013572558527812362 -0.009449999779462816
v 0.04931333288550377 -0.0007573346374556422 -0.009449999779462816
v 0.0494999997317791 -0.0007800000021234155 -0.009449999779462816
v 0.06379999965429306 1.621785661443635e-16 -0.009449999779462816
v 0.06129999831318855 -0.0043301270343363285 -0.009449999779462816
v 0.057505905628204346 -0.004829629324376583 -0.009449999779462816
v 0.058800000697374344 0.004999999888241291 -0.009449999779462816
v 0.05009999871253967 -0.0007800000021234155 -0.009449999779462816
v 0.0636296272277832 -0.00129409518558532 -0.009449999779462816
v 0.056299999356269836 -0.0043301270343363285 -0.009449999779462816
v 0.05446987226605415 -0.0024999999441206455 -0.009449999779462816
v 0.04215725511312485 -0.005065347533673048 -0.009449999779462816
v 0.0381779819726944 0.004541466478258371 -0.009449999779462816
v 0.04215725511312485 0.005065347533673048 -0.009449999779462816
v 0.05048999935388565 0.0006754997884854674 -0.009449999779462816
v 0.04913751408457756 -0.0006906557246111333 -0.009449999779462816
v 0.058800000697374344 -0.004999999888241291 -0.009449999779462816
v 0.040800001472234726 -0.005244033876806498 -0.009449999779462816
v 0.0381779819726944 -0.004541466478258371 -0.009449999779462816
v 0.039442744106054306 -0.005065347533673048 -0.009449999779462816
v 0.03709190711379051 -0.0037080917973071337 -0.009449999779462816
v 0.039442744106054306 0.005065347533673048 -0.009449999779462816
v 0.040800001472234726 0.005244033876806498 -0.009449999779462816
v 0.043422017246484756 0.004541466478258371 -0.009449999779462816
v 0.04898276552557945 -0.000583838380407542 -0.009449999779462816
v 0.048770688474178314 -0.0002765918034128845 -0.009449999779462816
v 0.048858072608709335 -0.0004430905100889504 -0.009449999779462816
v 0.04604403302073479 1.7243457341861658e-16 -0.009449999779462816
v 0.048725686967372894 -9.401860734215006e-05 -0.009449999779462816
v 0.06009409576654434 -0.004829629324376583 -0.009449999779462816
v 0.055264465510845184 -0.0035355337895452976 -0.009449999779462816
v 0.03625853359699249 -0.002622016938403249 -0.009449999779462816
v 0.062335532158613205 0.0035355337895452976 -0.009449999779462816
v 0.06129999831318855 0.0043301270343363285 -0.009449999779462816
v 0.03573465347290039 0.0013572558527812362 -0.009449999779462816
v 0.035555966198444366 1.6817913283117018e-16 -0.009449999779462816
v 0.03709190711379051 0.0037080917973071337 -0.009449999779462816
v 0.03625853359699249 0.002622016938403249 -0.009449999779462816
v 0.048725686967372894 9.401860734215006e-05 -0.009449999779462816
v 0.05380000174045563 1.5861904253242532e-16 -0.009449999779462816
v 0.05065154284238815 -0.0005515433149412274 -0.009449999779462816
v 0.050775498151779175 -0.00039000000106170774 -0.009449999779462816
v 0.04534146562218666 -0.002622016938403249 -0.009449999779462816
v 0.05030187964439392 -0.0007534221513196826 -0.009449999779462816
v 0.06313012540340424 -0.0024999999441206455 -0.009449999779462816
v 0.03573465347290039 -0.0013572558527812362 -0.009449999779462816
v 0.05087999999523163 1.6555547474682959e-16 -0.009449999779462816
v 0.0508534237742424 0.0002018788509303704 -0.009449999779462816
v 0.053970370441675186 0.00129409518558532 -0.009449999779462816
v 0.050775498151779175 0.00039000000106170774 -0.009449999779462816
v 0.055264465510845184 0.0035355337895452976 -0.009449999779462816
v 0.05446987226605415 0.0024999999441206455 -0.009449999779462816
v 0.05048999935388565 -0.0006754997884854674 -0.009449999779462816
v 0.043422017246484756 -0.004541466478258371 -0.009449999779462816
v 0.04450809210538864 -0.0037080917973071337 -0.009449999779462816
v 0.053970370441675186 -0.00129409518558532 -0.009449999779462816
v 0.06313012540340424 0.0024999999441206455 -0.009449999779462816
v 0.05065154284238815 0.0005515433149412274 -0.009449999779462816
v 0.0508534237742424 -0.0002018788509303704 -0.009449999779462816
v 0.06009409576654434 0.004829629324376583 -0.009449999779462816
v 0.0636296272277832 0.00129409518558532 -0.009449999779462816
v 0.04586534947156906 0.0013572558527812362 -0.009449999779462816
v 0.0494999997317791 0.0007800000021234155 -0.00894999969750643
v 0.04931333288550377 0.0007573346374556422 -0.00894999969750643
v 0.04913751408457756 0.0006906557246111333 -0.00894999969750643
v 0.04898276552557945 0.000583838380407542 -0.00894999969750643
v 0.048858072608709335 0.0004430905100889504 -0.00894999969750643
v 0.048770688474178314 0.0002765918034128845 -0.00894999969750643
v 0.048725686967372894 9.401860734215006e-05 -0.00894999969750643
v 0.048725686967372894 -9.401860734215006e-05 -0.00894999969750643
v 0.048770688474178314 -0.0002765918034128845 -0.00894999969750643
v 0.048858072608709335 -0.0004430905100889504 -0.00894999969750643
v 0.04898276552557945 -0.000583838380407542 -0.00894999969750643
v 0.04913751408457756 -0.0006906557246111333 -0.00894999969750643
v 0.04931333288550377 -0.0007573346374556422 -0.00894999969750643
v 0.0494999997317791 -0.0007800000021234155 -0.00894999969750643
v 0.05009999871253967 0.0007800000021234155 -0.00894999969750643
v 0.05009999871253967 -0.0007800000021234155 -0.00894999969750643
v 0.05030187964439392 -0.0007534221513196826 -0.00894999969750643
v 0.05048999935388565 -0.0006754997884854674 -0.00894999969750643
v 0.05065154284238815 -0.0005515433149412274 -0.00894999969750643
v 0.050775498151779175 -0.00039000000106170774 -0.00894999969750643
v 0.0508534237742424 -0.0002018788509303704 -0.00894999969750643
v 0.05087999999523163 1.6555547474682959e-16 -0.00894999969750643
v 0.0508534237742424 0.0002018788509303704 -0.00894999969750643
v 0.050775498151779175 0.00039000000106170774 -0.00894999969750643
v 0.05065154284238815 0.0005515433149412274 -0.00894999969750643
v 0.05048999935388565 0.0006754997884854674 -0.00894999969750643
v 0.05030187964439392 0.0007534221513196826 -0.00894999969750643
v 0.058800000697374344 0.004999999888241291 -0.00894999969750643
v 0.057505905628204346 0.004829629324376583 -0.00894999969750643
v 0.056299999356269836 0.0043301270343363285 -0.00894999969750643
v 0.055264465510845184 0.0035355337895452976 -0.00894999969750643
v 0.054769132286310196 0.0028899998869746923 -0.00894999969750643
v 0.05446987226605415 0.0024999999441206455 -0.00894999969750643
v 0.053970370441675186 0.00129409518558532 -0.00894999969750643
v 0.05380000174045563 1.5540279225725173e-16 -0.00894999969750643
v 0.053970370441675186 -0.00129409518558532 -0.00894999969750643
v 0.054769132286310196 -0.0028899998869746923 -0.00894999969750643
v 0.05446987226605415 -0.0024999999441206455 -0.00894999969750643
v 0.055264465510845184 -0.0035355337895452976 -0.00894999969750643
v 0.056299999356269836 -0.0043301270343363285 -0.00894999969750643
v 0.057505905628204346 -0.004829629324376583 -0.00894999969750643
v 0.058800000697374344 -0.004999999888241291 -0.00894999969750643
v 0.06009409576654434 -0.004829629324376583 -0.00894999969750643
v 0.06129999831318855 -0.0043301270343363285 -0.00894999969750643
v 0.062335532158613205 -0.0035355337895452976 -0.00894999969750643
v 0.06283087283372879 -0.0028899998869746923 -0.00894999969750643
v 0.06313012540340424 -0.0024999999441206455 -0.00894999969750643
v 0.0636296272277832 -0.00129409518558532 -0.00894999969750643
v 0.06379999965429306 1.621785661443635e-16 -0.00894999969750643
v 0.0636296272277832 0.00129409518558532 -0.00894999969750643
v 0.06283087283372879 0.0028899998869746923 -0.00894999969750643
v 0.06313012540340424 0.0024999999441206455 -0.00894999969750643
v 0.062335532158613205 0.0035355337895452976 -0.00894999969750643
v 0.06129999831318855 0.0043301270343363285 -0.00894999969750643
v 0.06009409576654434 0.004829629324376583 -0.00894999969750643
v 0.035555966198444366 1.6946355241656292e-16 -0.00894999969750643
v 0.03573465347290039 -0.0013572558527812362 -0.00894999969750643
v 0.03646416589617729 -0.0028899998869746923 -0.00894999969750643
v 0.03625853359699249 -0.002622016938403249 -0.00894999969750643
v 0.03709190711379051 -0.0037080917973071337 -0.00894999969750643
v 0.0381779819726944 -0.004541466478258371 -0.00894999969750643
v 0.039442744106054306 -0.005065347533673048 -0.00894999969750643
v 0.040800001472234726 -0.005244033876806498 -0.00894999969750643
v 0.04215725511312485 -0.005065347533673048 -0.00894999969750643
v 0.043422017246484756 -0.004541466478258371 -0.00894999969750643
v 0.04450809210538864 -0.0037080917973071337 -0.00894999969750643
v 0.04513583704829216 -0.0028899998869746923 -0.00894999969750643
v 0.04534146562218666 -0.002622016938403249 -0.00894999969750643
v 0.04586534947156906 -0.0013572558527812362 -0.00894999969750643
v 0.04604403302073479 1.7243457341861658e-16 -0.00894999969750643
v 0.04586534947156906 0.0013572558527812362 -0.00894999969750643
v 0.04513583704829216 0.0028899998869746923 -0.00894999969750643
v 0.04534146562218666 0.002622016938403249 -0.00894999969750643
v 0.04450809210538864 0.0037080917973071337 -0.00894999969750643
v 0.043422017246484756 0.004541466478258371 -0.00894999969750643
v 0.04215725511312485 0.005065347533673048 -0.00894999969750643
v 0.040800001472234726 0.005244033876806498 -0.00894999969750643
v 0.039442744106054306 0.005065347533673048 -0.00894999969750643
v 0.0381779819726944 0.004541466478258371 -0.00894999969750643
v 0.03709190711379051 0.0037080917973071337 -0.00894999969750643
v 0.03646416589617729 0.0028899998869746923 -0.00894999969750643
v 0.03625853359699249 0.002622016938403249 -0.00894999969750643
v 0.03573465347290039 0.0013572558527812362 -0.00894999969750643
v 0.015049999579787254 -0.0007800000021234155 -0.00894999969750643
v 0.015251878648996353 -0.0007534221513196826 -0.00894999969750643
v 0.01054999977350235 -0.0007800000021234155 -0.00894999969750643
v 0.010348120704293251 -0.0007534221513196826 -0.00894999969750643
v 0.009998456574976444 0.0005515433149412274 -0.00894999969750643
v 0.010160000063478947 0.0006754997884854674 -0.00894999969750643
v 0.009796577505767345 0.0002018788509303704 -0.00894999969750643
v 0.009874500334262848 0.00039000000106170774 -0.00894999969750643
v 0.009796577505767345 -0.0002018788509303704 -0.00894999969750643
v 0.009770000353455544 1.48855227574976e-16 -0.00894999969750643
v 0.010160000063478947 -0.0006754997884854674 -0.00894999969750643
v 0.009998456574976444 -0.0005515433149412274 -0.00894999969750643
v 0.015440000221133232 -0.0006754997884854674 -0.00894999969750643
v 0.015725499019026756 0.00039000000106170774 -0.00894999969750643
v 0.015803422778844833 0.0002018788509303704 -0.00894999969750643
v 0.01054999977350235 0.0007800000021234155 -0.00894999969750643
v 0.009874500334262848 -0.00039000000106170774 -0.00894999969750643
v 0.015601543709635735 -0.0005515433149412274 -0.00894999969750643
v 0.01583000086247921 1.4829981218959359e-16 -0.00894999969750643
v 0.015601543709635735 0.0005515433149412274 -0.00894999969750643
v 0.015251878648996353 0.0007534221513196826 -0.00894999969750643
v 0.015440000221133232 0.0006754997884854674 -0.00894999969750643
v 0.010348120704293251 0.0007534221513196826 -0.00894999969750643
v 0.015803422778844833 -0.0002018788509303704 -0.00894999969750643
v 0.015049999579787254 0.0007800000021234155 -0.00894999969750643
v 0.015725499019026756 -0.00039000000106170774 -0.00894999969750643
v -0.031199999153614044 1.5250804392512036e-16 -0.00894999969750643
v -0.0313703715801239 -0.00129409518558532 -0.00894999969750643
v -0.03186987340450287 -0.0024999999441206455 -0.00894999969750643
v -0.0313703715801239 0.00129409518558532 -0.00894999969750643
v -0.03216912969946861 0.0028899998869746923 -0.00894999969750643
v -0.03186987340450287 0.0024999999441206455 -0.00894999969750643
v -0.03973553329706192 -0.0035355337895452976 -0.00894999969750643
v -0.03620000183582306 -0.004999999888241291 -0.00894999969750643
v -0.03749409690499306 -0.004829629324376583 -0.00894999969750643
v -0.03490590304136276 -0.004829629324376583 -0.00894999969750643
v -0.03869999945163727 -0.0043301270343363285 -0.00894999969750643
v -0.03370000049471855 -0.0043301270343363285 -0.00894999969750643
v -0.0326644666492939 -0.0035355337895452976 -0.00894999969750643
v -0.03216912969946861 -0.0028899998869746923 -0.00894999969750643
v -0.04102962836623192 -0.00129409518558532 -0.00894999969750643
v -0.041200000792741776 1.457322832728984e-16 -0.00894999969750643
v -0.04053012654185295 -0.0024999999441206455 -0.00894999969750643
v -0.04102962836623192 0.00129409518558532 -0.00894999969750643
v -0.04053012654185295 0.0024999999441206455 -0.00894999969750643
v -0.04023087024688721 -0.0028899998869746923 -0.00894999969750643
v -0.0326644666492939 0.0035355337895452976 -0.00894999969750643
v -0.03370000049471855 0.0043301270343363285 -0.00894999969750643
v -0.03490590304136276 0.004829629324376583 -0.00894999969750643
v -0.03620000183582306 0.004999999888241291 -0.00894999969750643
v -0.03869999945163727 0.0043301270343363285 -0.00894999969750643
v -0.03749409690499306 0.004829629324376583 -0.00894999969750643
v -0.04023087024688721 0.0028899998869746923 -0.00894999969750643
v -0.03973553329706192 0.0035355337895452976 -0.00894999969750643
v 0.027799999341368675 1.5851394427251678e-16 -0.00894999969750643
v 0.027629628777503967 -0.00129409518558532 -0.00894999969750643
v 0.027130126953125 -0.0024999999441206455 -0.00894999969750643
v 0.027629628777503967 0.00129409518558532 -0.00894999969750643
v 0.026830868795514107 0.0028899998869746923 -0.00894999969750643
v 0.027130126953125 0.0024999999441206455 -0.00894999969750643
v 0.024094095453619957 -0.004829629324376583 -0.00894999969750643
v 0.02280000038444996 -0.004999999888241291 -0.00894999969750643
v 0.02150590531527996 -0.004829629324376583 -0.00894999969750643
v 0.0203000009059906 -0.0043301270343363285 -0.00894999969750643
v 0.025299999862909317 -0.0043301270343363285 -0.00894999969750643
v 0.026830868795514107 -0.0028899998869746923 -0.00894999969750643
v 0.02633553370833397 -0.0035355337895452976 -0.00894999969750643
v 0.0192644651979208 -0.0035355337895452976 -0.00894999969750643
v 0.0179703701287508 -0.00129409518558532 -0.00894999969750643
v 0.017799999564886093 1.517381836202948e-16 -0.00894999969750643
v 0.0179703701287508 0.00129409518558532 -0.00894999969750643
v 0.018469873815774918 0.0024999999441206455 -0.00894999969750643
v 0.01876913011074066 -0.0028899998869746923 -0.00894999969750643
v 0.018469873815774918 -0.0024999999441206455 -0.00894999969750643
v 0.02633553370833397 0.0035355337895452976 -0.00894999969750643
v 0.024094095453619957 0.004829629324376583 -0.00894999969750643
v 0.025299999862909317 0.0043301270343363285 -0.00894999969750643
v 0.02280000038444996 0.004999999888241291 -0.00894999969750643
v 0.02150590531527996 0.004829629324376583 -0.00894999969750643
v 0.0192644651979208 0.0035355337895452976 -0.00894999969750643
v 0.0203000009059906 0.0043301270343363285 -0.00894999969750643
v 0.01876913011074066 0.0028899998869746923 -0.00894999969750643
v 0.0072161671705543995 0.0034157007467001677 -0.00894999969750643
v 0.006130530033260584 0.004830530378967524 -0.00894999969750643
v 0.004715700633823872 0.005916167050600052 -0.00894999969750643
v 0.004422251600772142 0.0060377176851034164 -0.00894999969750643
v 0.008131401613354683 1.4745480418047882e-16 -0.00894999969750643
v 0.00789862684905529 0.0017680966993793845 -0.00894999969750643
v 0.007433919236063957 0.0028899998869746923 -0.00894999969750643
v 0.00789862684905529 -0.0017680966993793845 -0.00894999969750643
v 0.0072161671705543995 -0.0034157007467001677 -0.00894999969750643
v 0.006130530033260584 -0.004830530378967524 -0.00894999969750643
v 0.007433919236063957 -0.0028899998869746923 -0.00894999969750643
v 0.004715700633823872 -0.005916167050600052 -0.00894999969750643
v -0.003530530259013176 0.004830530378967524 -0.00894999969750643
v -0.00211570062674582 0.005916167050600052 -0.00894999969750643
v -0.004616166930645704 0.0034157007467001677 -0.00894999969750643
v -0.004833919461816549 0.0028899998869746923 -0.00894999969750643
v -0.024000000208616257 0.0007800000021234155 -0.00894999969750643
v -0.023798121139407158 0.0007534221513196826 -0.00894999969750643
v -0.023798121139407158 -0.0007534221513196826 -0.00894999969750643
v -0.024551542475819588 0.0005515433149412274 -0.00894999969750643
v -0.024390000849962234 0.0006754997884854674 -0.00894999969750643
v -0.024000000208616257 -0.0007800000021234155 -0.00894999969750643
v -0.024201879277825356 -0.0007534221513196826 -0.00894999969750643
v -0.02360999956727028 -0.0006754997884854674 -0.00894999969750643
v -0.023324500769376755 -0.00039000000106170774 -0.00894999969750643
v -0.024201879277825356 0.0007534221513196826 -0.00894999969750643
v -0.02467549964785576 0.00039000000106170774 -0.00894999969750643
v -0.024779999628663063 -5.816292683898032e-17 -0.00894999969750643
v -0.024753421545028687 0.0002018788509303704 -0.00894999969750643
v -0.024390000849962234 -0.0006754997884854674 -0.00894999969750643
v -0.024551542475819588 -0.0005515433149412274 -0.00894999969750643
v -0.023448456078767776 -0.0005515433149412274 -0.00894999969750643
v -0.023246577009558678 -0.0002018788509303704 -0.00894999969750643
v -0.02360999956727028 0.0006754997884854674 -0.00894999969750643
v -0.023448456078767776 0.0005515433149412274 -0.00894999969750643
v -0.02467549964785576 -0.00039000000106170774 -0.00894999969750643
v -0.024753421545028687 -0.0002018788509303704 -0.00894999969750643
v -0.023324500769376755 0.00039000000106170774 -0.00894999969750643
v -0.023246577009558678 0.0002018788509303704 -0.00894999969750643
v -0.02322000078856945 -5.710590913014576e-17 -0.00894999969750643
v -0.005298627074807882 -0.0017680966993793845 -0.00894999969750643
v -0.004833919461816549 -0.0028899998869746923 -0.00894999969750643
v -0.005531401373445988 1.5064488907851612e-16 -0.00894999969750643
v -0.005298627074807882 0.0017680966993793845 -0.00894999969750643
v -0.003530530259013176 -0.004830530378967524 -0.00894999969750643
v -0.004616166930645704 -0.0034157007467001677 -0.00894999969750643
v -0.00211570062674582 -0.005916167050600052 -0.00894999969750643
v -0.0018222517101094127 -0.0060377176851034164 -0.00894999969750643
v -0.00046809675404801965 -0.006598626729100943 -0.00894999969750643
v 0.0013000000035390258 -0.006831401493400335 -0.00894999969750643
v 0.0030680967029184103 -0.006598626729100943 -0.00894999969750643
v 0.004422251600772142 -0.0060377176851034164 -0.00894999969750643
v 0.0030680967029184103 0.006598626729100943 -0.00894999969750643
v 0.0013000000035390258 0.006831401493400335 -0.00894999969750643
v -0.00046809675404801965 0.006598626729100943 -0.00894999969750643
v -0.0018222517101094127 0.0060377176851034164 -0.00894999969750643
v 0.047382015734910965 -0.0028899998869746923 -0.00894999969750643
v -0.027990000322461128 -0.0028899998869746923 -0.00894999969750643
v -0.042202845215797424 0.0028899998869746923 -0.00894999969750643
v 0.031677983701229095 -0.0028899998869746923 -0.00894999969750643
v 0.008950700983405113 0.0028899998869746923 -0.00894999969750643
v -0.042202845215797424 0.0060377176851034164 -0.00894999969750643
v -0.027990000322461128 0.0060377176851034164 -0.00894999969750643
v 0.016814999282360077 0.0060377176851034164 -0.00894999969750643
v 0.031677983701229095 0.0060377176851034164 -0.00894999969750643
v 0.05234000086784363 0.0060377176851034164 -0.00894999969750643
v 0.05234000086784363 -0.0060377176851034164 -0.00894999969750643
v 0.05234000086784363 -0.0028899998869746923 -0.00894999969750643
v 0.047382015734910965 -0.0060377176851034164 -0.00894999969750643
v 0.031677983701229095 -0.0060377176851034164 -0.00894999969750643
v 0.016814999282360077 -0.0060377176851034164 -0.00894999969750643
v 0.008950700983405113 -0.0060377176851034164 -0.00894999969750643
v -0.014375700615346432 0.0028899998869746923 -0.00894999969750643
v -0.027990000322461128 0.0028899998869746923 -0.00894999969750643
v -0.027990000322461128 -0.0060377176851034164 -0.00894999969750643
v -0.042202845215797424 -0.0060377176851034164 -0.00894999969750643
v -0.042202845215797424 -0.0028899998869746923 -0.00894999969750643
v -0.014375700615346432 0.0060377176851034164 -0.00894999969750643
v 0.008950700983405113 -0.0028899998869746923 -0.00894999969750643
v 0.008950700983405113 0.0060377176851034164 -0.00894999969750643
v 0.016814999282360077 -0.0028899998869746923 -0.00894999969750643
v 0.016814999282360077 0.0028899998869746923 -0.00894999969750643
v 0.031677983701229095 0.0028899998869746923 -0.00894999969750643
v 0.05234000086784363 0.0028899998869746923 -0.00894999969750643
v 0.047382015734910965 0.0028899998869746923 -0.00894999969750643
v 0.047382015734910965 0.0060377176851034164 -0.00894999969750643
v 0.015251878648996353 -0.0007534221513196826 -0.009449999779462816
v 0.015049999579787254 -0.0007800000021234155 -0.009449999779462816
v 0.015440000221133232 -0.0006754997884854674 -0.009449999779462816
v 0.015601543709635735 -0.0005515433149412274 -0.009449999779462816
v 0.015725499019026756 -0.00039000000106170774 -0.009449999779462816
v 0.015803422778844833 -0.0002018788509303704 -0.009449999779462816
v 0.01583000086247921 1.4829981218959359e-16 -0.009449999779462816
v 0.015803422778844833 0.0002018788509303704 -0.009449999779462816
v 0.015725499019026756 0.00039000000106170774 -0.009449999779462816
v 0.015601543709635735 0.0005515433149412274 -0.009449999779462816
v 0.015440000221133232 0.0006754997884854674 -0.009449999779462816
v 0.015251878648996353 0.0007534221513196826 -0.009449999779462816
v 0.015049999579787254 0.0007800000021234155 -0.009449999779462816
v 0.01054999977350235 -0.0007800000021234155 -0.009449999779462816
v 0.010348120704293251 0.0007534221513196826 -0.009449999779462816
v 0.01054999977350235 0.0007800000021234155 -0.009449999779462816
v 0.010160000063478947 0.0006754997884854674 -0.009449999779462816
v 0.009998456574976444 0.0005515433149412274 -0.009449999779462816
v 0.009874500334262848 0.00039000000106170774 -0.009449999779462816
v 0.009796577505767345 0.0002018788509303704 -0.009449999779462816
v 0.009770000353455544 1.48855227574976e-16 -0.009449999779462816
v 0.009796577505767345 -0.0002018788509303704 -0.009449999779462816
v 0.009874500334262848 -0.00039000000106170774 -0.009449999779462816
v 0.009998456574976444 -0.0005515433149412274 -0.009449999779462816
v 0.010160000063478947 -0.0006754997884854674 -0.009449999779462816
v 0.010348120704293251 -0.0007534221513196826 -0.009449999779462816
v -0.024201879277825356 0.0007534221513196826 -0.009449999779462816
v -0.024000000208616257 0.0007800000021234155 -0.009449999779462816
v -0.024390000849962234 0.0006754997884854674 -0.009449999779462816
v -0.024551542475819588 0.0005515433149412274 -0.009449999779462816
v -0.02467549964785576 0.00039000000106170774 -0.009449999779462816
v -0.024753421545028687 0.0002018788509303704 -0.009449999779462816
v -0.024779999628663063 -5.766119216663016e-17 -0.009449999779462816
v -0.024753421545028687 -0.0002018788509303704 -0.009449999779462816
v -0.02467549964785576 -0.00039000000106170774 -0.009449999779462816
v -0.024551542475819588 -0.0005515433149412274 -0.009449999779462816
v -0.024390000849962234 -0.0006754997884854674 -0.009449999779462816
v -0.024201879277825356 -0.0007534221513196826 -0.009449999779462816
v -0.024000000208616257 -0.0007800000021234155 -0.009449999779462816
v -0.023798121139407158 -0.0007534221513196826 -0.009449999779462816
v -0.02360999956727028 -0.0006754997884854674 -0.009449999779462816
v -0.023448456078767776 -0.0005515433149412274 -0.009449999779462816
v -0.023324500769376755 -0.00039000000106170774 -0.009449999779462816
v -0.023246577009558678 -0.0002018788509303704 -0.009449999779462816
v -0.02322000078856945 -5.710590913014576e-17 -0.009449999779462816
v -0.023246577009558678 0.0002018788509303704 -0.009449999779462816
v -0.023324500769376755 0.00039000000106170774 -0.009449999779462816
v -0.023448456078767776 0.0005515433149412274 -0.009449999779462816
v -0.02360999956727028 0.0006754997884854674 -0.009449999779462816
v -0.023798121139407158 0.0007534221513196826 -0.009449999779462816
v 0.02150590531527996 0.004829629324376583 -0.009449999779462816
v 0.02280000038444996 0.004999999888241291 -0.009449999779462816
v 0.0203000009059906 0.0043301270343363285 -0.009449999779462816
v 0.0192644651979208 0.0035355337895452976 -0.009449999779462816
v 0.018469873815774918 0.0024999999441206455 -0.009449999779462816
v 0.01876913011074066 0.0028899998869746923 -0.009449999779462816
v 0.0179703701287508 0.00129409518558532 -0.009449999779462816
v 0.017799999564886093 1.549544206605786e-16 -0.009449999779462816
v 0.0179703701287508 -0.00129409518558532 -0.009449999779462816
v 0.018469873815774918 -0.0024999999441206455 -0.009449999779462816
v 0.0192644651979208 -0.0035355337895452976 -0.009449999779462816
v 0.0203000009059906 -0.0043301270343363285 -0.009449999779462816
v 0.02150590531527996 -0.004829629324376583 -0.009449999779462816
v 0.02280000038444996 -0.004999999888241291 -0.009449999779462816
v 0.024094095453619957 -0.004829629324376583 -0.009449999779462816
v 0.025299999862909317 -0.0043301270343363285 -0.009449999779462816
v 0.02633553370833397 -0.0035355337895452976 -0.009449999779462816
v 0.027130126953125 -0.0024999999441206455 -0.009449999779462816
v 0.027629628777503967 -0.00129409518558532 -0.009449999779462816
v 0.027799999341368675 1.5851394427251678e-16 -0.009449999779462816
v 0.027629628777503967 0.00129409518558532 -0.009449999779462816
v 0.027130126953125 0.0024999999441206455 -0.009449999779462816
v 0.02633553370833397 0.0035355337895452976 -0.009449999779462816
v 0.026830868795514107 0.0028899998869746923 -0.009449999779462816
v 0.025299999862909317 0.0043301270343363285 -0.009449999779462816
v 0.024094095453619957 0.004829629324376583 -0.009449999779462816
v -0.03749409690499306 0.004829629324376583 -0.009449999779462816
v -0.03620000183582306 0.004999999888241291 -0.009449999779462816
v -0.03869999945163727 0.0043301270343363285 -0.009449999779462816
v -0.03973553329706192 0.0035355337895452976 -0.009449999779462816
v -0.04053012654185295 0.0024999999441206455 -0.009449999779462816
v -0.04023087024688721 0.0028899998869746923 -0.009449999779462816
v -0.04102962836623192 0.00129409518558532 -0.009449999779462816
v -0.041200000792741776 1.4894852031318217e-16 -0.009449999779462816
v -0.04102962836623192 -0.00129409518558532 -0.009449999779462816
v -0.04053012654185295 -0.0024999999441206455 -0.009449999779462816
v -0.03973553329706192 -0.0035355337895452976 -0.009449999779462816
v -0.03869999945163727 -0.0043301270343363285 -0.009449999779462816
v -0.03749409690499306 -0.004829629324376583 -0.009449999779462816
v -0.03620000183582306 -0.004999999888241291 -0.009449999779462816
v -0.03490590304136276 -0.004829629324376583 -0.009449999779462816
v -0.03370000049471855 -0.0043301270343363285 -0.009449999779462816
v -0.0326644666492939 -0.0035355337895452976 -0.009449999779462816
v -0.03186987340450287 -0.0024999999441206455 -0.009449999779462816
v -0.0313703715801239 -0.00129409518558532 -0.009449999779462816
v -0.031199999153614044 1.5250804392512036e-16 -0.009449999779462816
v -0.0313703715801239 0.00129409518558532 -0.009449999779462816
v -0.03186987340450287 0.0024999999441206455 -0.009449999779462816
v -0.0326644666492939 0.0035355337895452976 -0.009449999779462816
v -0.03216912969946861 0.0028899998869746923 -0.009449999779462816
v -0.03370000049471855 0.0043301270343363285 -0.009449999779462816
v -0.03490590304136276 0.004829629324376583 -0.009449999779462816
v -0.005298627074807882 0.0017680966993793845 -0.009449999779462816
v -0.005531401373445988 1.5064488907851612e-16 -0.009449999779462816
v -0.004833919461816549 0.0028899998869746923 -0.009449999779462816
v -0.005298627074807882 -0.0017680966993793845 -0.009449999779462816
v 0.00789862684905529 -0.0017680966993793845 -0.009449999779462816
v 0.008131401613354683 1.4897166813544386e-16 -0.009449999779462816
v -0.004616166930645704 -0.0034157007467001677 -0.009449999779462816
v 0.00789862684905529 0.0017680966993793845 -0.009449999779462816
v 0.0013000000035390258 -0.006831401493400335 -0.009449999779462816
v -0.003530530259013176 -0.004830530378967524 -0.009449999779462816
v -0.00211570062674582 -0.005916167050600052 -0.009449999779462816
v 0.0072161671705543995 -0.0034157007467001677 -0.009449999779462816
v 0.004715700633823872 -0.005916167050600052 -0.009449999779462816
v 0.006130530033260584 -0.004830530378967524 -0.009449999779462816
v 0.0030680967029184103 -0.006598626729100943 -0.009449999779462816
v -0.00046809675404801965 -0.006598626729100943 -0.009449999779462816
v 0.007433919236063957 0.0028899998869746923 -0.009449999779462816
v -0.00211570062674582 0.005916167050600052 -0.009449999779462816
v -0.003530530259013176 0.004830530378967524 -0.009449999779462816
v -0.004616166930645704 0.0034157007467001677 -0.009449999779462816
v -0.00046809675404801965 0.006598626729100943 -0.009449999779462816
v 0.0013000000035390258 0.006831401493400335 -0.009449999779462816
v 0.004715700633823872 0.005916167050600052 -0.009449999779462816
v 0.0030680967029184103 0.006598626729100943 -0.009449999779462816
v 0.0072161671705543995 0.0034157007467001677 -0.009449999779462816
v 0.006130530033260584 0.004830530378967524 -0.009449999779462816
v 0.008950700983405113 0.0028899998869746923 -0.009449999779462816
v 0.0013000000035390258 -0.006487255450338125 -0.009341491386294367
v 0.0029790252447128296 -0.006266207434237003 -0.009341491386294367
v 0.004543627612292767 -0.00561812799423933 -0.009341491386294367
v 0.005887182429432869 -0.004587182309478521 -0.009341491386294367
v 0.006918128114193678 -0.0032436277251690626 -0.009341491386294367
v 0.007566207554191351 -0.0016790252411738038 -0.009341491386294367
v 0.007787255570292473 1.4755229237875186e-16 -0.009341491386294367
v 0.007566207554191351 0.0016790252411738038 -0.009341491386294367
v 0.006918128114193678 0.0032436277251690626 -0.009341491386294367
v 0.005887182429432869 0.004587182309478521 -0.009341491386294367
v 0.004543627612292767 0.00561812799423933 -0.009341491386294367
v 0.0029790252447128296 0.006266207434237003 -0.009341491386294367
v 0.0013000000035390258 0.006487255450338125 -0.009341491386294367
v -0.0003790252667386085 0.006266207434237003 -0.009341491386294367
v -0.0019436277216300368 0.00561812799423933 -0.009341491386294367
v -0.0032871821895241737 0.004587182309478521 -0.009341491386294367
v -0.004318127874284983 0.0032436277251690626 -0.009341491386294367
v -0.004966207779943943 0.0016790252411738038 -0.009341491386294367
v -0.005187255330383778 1.5058166600993747e-16 -0.009341491386294367
v -0.004966207779943943 -0.0016790252411738038 -0.009341491386294367
v -0.004318127874284983 -0.0032436277251690626 -0.009341491386294367
v -0.0032871821895241737 -0.004587182309478521 -0.009341491386294367
v -0.0019436277216300368 -0.00561812799423933 -0.009341491386294367
v -0.0003790252667386085 -0.006266207434237003 -0.009341491386294367
v -0.0034447365906089544 0.004744736477732658 -0.009437604807317259
v -0.004511091858148575 0.00335503532551229 -0.009437604807317259
v -0.002055035438388586 0.005811091512441635 -0.009437604807317259
v -0.0004366940993349999 0.006481430493295193 -0.009437604807317259
v 0.0013000000035390258 0.00671007065102458 -0.009437604807317259
v 0.003036694135516882 0.006481430493295193 -0.009437604807317259
v 0.004655035212635994 0.005811091512441635 -0.009437604807317259
v 0.006044736597687006 0.004744736477732658 -0.009437604807317259
v 0.007111091632395983 0.00335503532551229 -0.009437604807317259
v 0.00778143061324954 0.0017366941319778562 -0.009437604807317259
v 0.008010070770978928 1.4790003910826916e-16 -0.009437604807317259
v 0.00778143061324954 -0.0017366941319778562 -0.009437604807317259
v 0.007111091632395983 -0.00335503532551229 -0.009437604807317259
v 0.006044736597687006 -0.004744736477732658 -0.009437604807317259
v 0.004655035212635994 -0.005811091512441635 -0.009437604807317259
v 0.003036694135516882 -0.006481430493295193 -0.009437604807317259
v 0.0013000000035390258 -0.00671007065102458 -0.009437604807317259
v -0.0004366940993349999 -0.006481430493295193 -0.009437604807317259
v -0.002055035438388586 -0.005811091512441635 -0.009437604807317259
v -0.0034447365906089544 -0.004744736477732658 -0.009437604807317259
v -0.004511091858148575 -0.00335503532551229 -0.009437604807317259
v -0.005181430839002132 -0.0017366941319778562 -0.009437604807317259
v -0.005410070531070232 1.5385977616004022e-16 -0.009437604807317259
v -0.005181430839002132 0.0017366941319778562 -0.009437604807317259
v 0.003006588900461793 -0.006369076669216156 -0.009400929324328901
v 0.004596876911818981 -0.005710357800126076 -0.009400929324328901
v 0.005962487775832415 -0.004662487655878067 -0.009400929324328901
v 0.007010357920080423 -0.0032968767918646336 -0.009400929324328901
v 0.007669076789170504 -0.001706589013338089 -0.009400929324328901
v 0.007893753238022327 1.4792587361316041e-16 -0.009400929324328901
v 0.007669076789170504 0.001706589013338089 -0.009400929324328901
v 0.007010357920080423 0.0032968767918646336 -0.009400929324328901
v 0.005962487775832415 0.004662487655878067 -0.009400929324328901
v 0.004596876911818981 0.005710357800126076 -0.009400929324328901
v 0.003006588900461793 0.006369076669216156 -0.009400929324328901
v 0.0013000000035390258 0.006593753583729267 -0.009400929324328901
v -0.0004065889515914023 0.006369076669216156 -0.009400929324328901
v -0.001996876671910286 0.005710357800126076 -0.009400929324328901
v -0.003362487768754363 0.004662487655878067 -0.009400929324328901
v -0.0044103581458330154 0.0032968767918646336 -0.009400929324328901
v -0.005069076549261808 0.001706589013338089 -0.009400929324328901
v -0.0052937534637749195 1.5378229911514605e-16 -0.009400929324328901
v -0.005069076549261808 -0.001706589013338089 -0.009400929324328901
v -0.0044103581458330154 -0.0032968767918646336 -0.009400929324328901
v -0.003362487768754363 -0.004662487655878067 -0.009400929324328901
v -0.001996876671910286 -0.005710357800126076 -0.009400929324328901
v -0.0004065889515914023 -0.006369076669216156 -0.009400929324328901
v 0.0013000000035390258 -0.006593753583729267 -0.009400929324328901
v 0.0024646855890750885 0.004346666391938925 -0.007950000464916231
v 0.0035500000230968 0.003897114424034953 -0.007950000464916231
v 0.004481980577111244 0.0031819804571568966 -0.007950000464916231
v 0.005197114311158657 0.0022499999031424522 -0.007950000464916231
v 0.005646666046231985 0.0011646857019513845 -0.007950000464916231
v 0.005799999926239252 1.524695171609101e-16 -0.007950000464916231
v 0.005646666046231985 -0.0011646857019513845 -0.007950000464916231
v 0.005197114311158657 -0.0022499999031424522 -0.007950000464916231
v 0.004481980577111244 -0.0031819804571568966 -0.007950000464916231
v 0.0035500000230968 -0.003897114424034953 -0.007950000464916231
v 0.0024646855890750885 -0.004346666391938925 -0.007950000464916231
v 0.0013000000035390258 -0.0044999998062849045 -0.007950000464916231
v 0.00013531430158764124 -0.004346666391938925 -0.007950000464916231
v -0.0009500000160187483 -0.003897114424034953 -0.007950000464916231
v -0.0018819805700331926 -0.0031819804571568966 -0.007950000464916231
v -0.0025971143040806055 -0.0022499999031424522 -0.007950000464916231
v -0.003046666271984577 -0.0011646857019513845 -0.007950000464916231
v -0.0031999999191612005 1.545709000239296e-16 -0.007950000464916231
v -0.003046666271984577 0.0011646857019513845 -0.007950000464916231
v -0.0025971143040806055 0.0022499999031424522 -0.007950000464916231
v -0.0018819805700331926 0.0031819804571568966 -0.007950000464916231
v -0.0009500000160187483 0.003897114424034953 -0.007950000464916231
v 0.00013531430158764124 0.004346666391938925 -0.007950000464916231
v 0.0013000000035390258 0.0044999998062849045 -0.007950000464916231
v 0.0013000000035390258 -0.004786788020282984 -0.007540423888713123
v 0.002538911998271942 -0.004623682238161564 -0.007540423888713123
v 0.0036933941300958395 -0.00414548022672534 -0.007540423888713123
v 0.004684770479798317 -0.0033847703598439693 -0.007540423888713123
v 0.0054454803466796875 -0.002393394010141492 -0.007540423888713123
v 0.0059236823581159115 -0.0012389119947329164 -0.007540423888713123
v 0.006086788140237331 1.531652488479611e-16 -0.007540423888713123
v 0.0059236823581159115 0.0012389119947329164 -0.007540423888713123
v 0.0054454803466796875 0.002393394010141492 -0.007540423888713123
v 0.004684770479798317 0.0033847703598439693 -0.007540423888713123
v 0.0036933941300958395 0.00414548022672534 -0.007540423888713123
v 0.002538911998271942 0.004623682238161564 -0.007540423888713123
v 0.0013000000035390258 0.004786788020282984 -0.007540423888713123
v 6.10880451858975e-05 0.004623682238161564 -0.007540423888713123
v -0.001093394123017788 0.00414548022672534 -0.007540423888713123
v -0.0020847704727202654 0.0033847703598439693 -0.007540423888713123
v -0.0028454801067709923 0.002393394010141492 -0.007540423888713123
v -0.00332368235103786 0.0012389119947329164 -0.007540423888713123
v -0.00348678813315928 1.509299421350468e-16 -0.007540423888713123
v -0.00332368235103786 -0.0012389119947329164 -0.007540423888713123
v -0.0028454801067709923 -0.002393394010141492 -0.007540423888713123
v -0.0020847704727202654 -0.0033847703598439693 -0.007540423888713123
v -0.001093394123017788 -0.00414548022672534 -0.007540423888713123
v 6.10880451858975e-05 -0.004623682238161564 -0.007540423888713123
v 0.0013000000035390258 0.0067740436643362045 -0.008931915275752546
v 0.0030532514210790396 0.00654322374612093 -0.008931915275752546
v 0.00468702195212245 0.005866494029760361 -0.008931915275752546
v 0.006089972332119942 0.004789972212165594 -0.008931915275752546
v 0.007166493684053421 0.0033870218321681023 -0.008931915275752546
v 0.00784322340041399 0.0017532515339553356 -0.008931915275752546
v 0.008074043318629265 1.4747104339026446e-16 -0.008931915275752546
v 0.00784322340041399 -0.0017532515339553356 -0.008931915275752546
v 0.007166493684053421 -0.0033870218321681023 -0.008931915275752546
v 0.006089972332119942 -0.004789972212165594 -0.008931915275752546
v 0.00468702195212245 -0.005866494029760361 -0.008931915275752546
v 0.0030532514210790396 -0.00654322374612093 -0.008931915275752546
v 0.0013000000035390258 -0.0067740436643362045 -0.008931915275752546
v -0.0004532515013124794 -0.00654322374612093 -0.008931915275752546
v -0.0020870217122137547 -0.005866494029760361 -0.008931915275752546
v -0.0034899720922112465 -0.004789972212165594 -0.008931915275752546
v -0.004566493909806013 -0.0033870218321681023 -0.008931915275752546
v -0.005243223626166582 -0.0017532515339553356 -0.008931915275752546
v -0.005474043544381857 1.5063435410623465e-16 -0.008931915275752546
v -0.005243223626166582 0.0017532515339553356 -0.008931915275752546
v -0.004566493909806013 0.0033870218321681023 -0.008931915275752546
v -0.0034899720922112465 0.004789972212165594 -0.008931915275752546
v -0.0020870217122137547 0.005866494029760361 -0.008931915275752546
v -0.0004532515013124794 0.00654322374612093 -0.008931915275752546
v -0.002105589723214507 -0.005898654460906982 -0.008947934024035932
v -0.003516231197863817 -0.004816231317818165 -0.008947934024035932
v -0.004581865388900042 -0.003395896637812257 -0.008941821753978731
v -0.003502523060888052 -0.0048025231808424 -0.008941821753978731
v -0.002095896750688553 -0.005881865508854389 -0.008941821753978731
v -0.0004578454536385834 -0.006560368463397026 -0.008941821753978731
v 0.0013000000035390258 -0.006791793275624514 -0.008941821753978731
v 0.003057845402508974 -0.006560368463397026 -0.008941821753978731
v 0.004695896524935961 -0.005881865508854389 -0.008941821753978731
v 0.006102523300796747 -0.0048025231808424 -0.008941821753978731
v 0.007181865628808737 -0.003395896637812257 -0.008941821753978731
v 0.007860368117690086 -0.0017578455153852701 -0.008941821753978731
v 0.008091793395578861 1.478818940743522e-16 -0.008941821753978731
v 0.007860368117690086 0.0017578455153852701 -0.008941821753978731
v 0.007181865628808737 0.003395896637812257 -0.008941821753978731
v 0.006102523300796747 0.0048025231808424 -0.008941821753978731
v 0.004695896524935961 0.005881865508854389 -0.008941821753978731
v 0.003057845402508974 0.006560368463397026 -0.008941821753978731
v 0.0013000000035390258 0.006791793275624514 -0.008941821753978731
v -0.0004578454536385834 0.006560368463397026 -0.008941821753978731
v -0.002095896750688553 0.005881865508854389 -0.008941821753978731
v -0.003502523060888052 0.0048025231808424 -0.008941821753978731
v -0.004581865388900042 0.003395896637812257 -0.008941821753978731
v -0.0052603683434426785 0.0017578455153852701 -0.008941821753978731
v -0.005491793155670166 1.539142244966809e-16 -0.008941821753978731
v -0.0052603683434426785 -0.0017578455153852701 -0.008941821753978731
v -0.00046286298311315477 -0.006579094100743532 -0.008947934024035932
v 0.0013000000035390258 -0.006811179686337709 -0.008947934024035932
v 0.003062862902879715 -0.006579094100743532 -0.008947934024035932
v 0.004705589730292559 -0.005898654460906982 -0.008947934024035932
v 0.0061162314377725124 -0.004816231317818165 -0.008947934024035932
v 0.00719865458086133 -0.0034055898431688547 -0.008947934024035932
v 0.00787909422069788 -0.001762863015756011 -0.008947934024035932
v 0.008111179806292057 1.4787759273516692e-16 -0.008947934024035932
v 0.00787909422069788 0.001762863015756011 -0.008947934024035932
v 0.00719865458086133 0.0034055898431688547 -0.008947934024035932
v 0.0061162314377725124 0.004816231317818165 -0.008947934024035932
v 0.004705589730292559 0.005898654460906982 -0.008947934024035932
v 0.003062862902879715 0.006579094100743532 -0.008947934024035932
v 0.0013000000035390258 0.006811179686337709 -0.008947934024035932
v -0.00046286298311315477 0.006579094100743532 -0.008947934024035932
v -0.002105589723214507 0.005898654460906982 -0.008947934024035932
v -0.003516231197863817 0.004816231317818165 -0.008947934024035932
v -0.004598654340952635 0.0034055898431688547 -0.008947934024035932
v -0.005279093980789185 0.001762863015756011 -0.008947934024035932
v -0.005511179566383362 1.5392712851423673e-16 -0.008947934024035932
v -0.005279093980789185 -0.001762863015756011 -0.008947934024035932
v -0.004598654340952635 -0.0034055898431688547 -0.008947934024035932
v -0.023383494466543198 0.008700000122189522 -0.004075000062584878
v -0.024150000885128975 0.008700000122189522 -0.003100000089034439
v -0.024150000885128975 0.008700000122189522 -0.003949999809265138
v -0.026750000193715096 0.008700000122189522 -0.003949999809265138
v -0.026756267994642258 0.008700000122189522 -0.004005630034953357
v -0.027000000700354576 0.008700000122189522 -0.004199999850243331
v -0.026944369077682495 0.008700000122189522 -0.004193732049316169
v -0.027355629950761795 0.008700000122189522 -0.004193732049316169
v -0.027300000190734863 0.008700000122189522 -0.004199999850243331
v -0.02754373289644718 0.008700000122189522 -0.004005630034953357
v -0.027525242418050766 0.008700000122189522 -0.004058470949530602
v -0.026750000193715096 0.008700000122189522 -0.003100000089034439
v -0.027455871924757957 0.008700000122189522 -0.00414545787498355
v -0.027408471331000328 0.008700000122189522 -0.00417524203658104
v -0.024141481146216393 0.008700000122189522 -0.00401470484212041
v -0.026774758473038673 0.008700000122189522 -0.004058470949530602
v -0.026844127103686333 0.008700000122189522 -0.00414545787498355
v -0.026804542168974876 0.008700000122189522 -0.004105872474610806
v -0.02689152956008911 0.008700000122189522 -0.00417524203658104
v -0.023423222824931145 0.008700000122189522 -0.004126776475459338
v -0.023900000378489494 0.008700000122189522 -0.004199999850243331
v -0.023600000888109207 0.008700000122189522 -0.004199999850243331
v -0.02396470494568348 0.008700000122189522 -0.00419148150831461
v -0.027495458722114563 0.008700000122189522 -0.004105872474610806
v -0.027550000697374344 0.008700000122189522 -0.003949999809265138
v -0.027550000697374344 0.008700000122189522 -0.00150400004349649
v -0.023535294458270073 0.008700000122189522 -0.00419148150831461
v -0.024076776579022408 0.008700000122189522 -0.004126776475459338
v -0.024025000631809235 0.008700000122189522 -0.004166506230831147
v -0.023475000634789467 0.008700000122189522 -0.004166506230831147
v -0.024116506800055504 0.008700000122189522 -0.004075000062584878
v -0.02335851825773716 0.008700000122189522 -0.00401470484212041
v -0.023350000381469727 0.008700000122189522 -0.003949999809265138
v -0.023350000381469727 0.008700000122189522 -0.00150400004349649
v -0.027550000697374344 0.008200000040233135 -0.003949999809265138
v -0.027550000697374344 0.008200000040233135 -0.00150400004349649
v -0.027355629950761795 0.008200000040233135 -0.004193732049316169
v -0.027300000190734863 0.008200000040233135 -0.004199999850243331
v -0.027408471331000328 0.008200000040233135 -0.00417524203658104
v -0.027455871924757957 0.008200000040233135 -0.00414545787498355
v -0.027495458722114563 0.008200000040233135 -0.004105872474610806
v -0.027525242418050766 0.008200000040233135 -0.004058470949530602
v -0.02754373289644718 0.008200000040233135 -0.004005630034953357
v -0.027000000700354576 0.008200000040233135 -0.004199999850243331
v -0.026756267994642258 0.008200000040233135 -0.004005630034953357
v -0.026750000193715096 0.008200000040233135 -0.003949999809265138
v -0.026774758473038673 0.008200000040233135 -0.004058470949530602
v -0.026804542168974876 0.008200000040233135 -0.004105872474610806
v -0.026844127103686333 0.008200000040233135 -0.00414545787498355
v -0.02689152956008911 0.008200000040233135 -0.00417524203658104
v -0.026944369077682495 0.008200000040233135 -0.004193732049316169
v -0.02396470494568348 0.008200000040233135 -0.00419148150831461
v -0.023900000378489494 0.008200000040233135 -0.004199999850243331
v -0.024025000631809235 0.008200000040233135 -0.004166506230831147
v -0.024076776579022408 0.008200000040233135 -0.004126776475459338
v -0.024116506800055504 0.008200000040233135 -0.004075000062584878
v -0.024141481146216393 0.008200000040233135 -0.00401470484212041
v -0.024150000885128975 0.008200000040233135 -0.003949999809265138
v -0.023600000888109207 0.008200000040233135 -0.004199999850243331
v -0.02335851825773716 0.008200000040233135 -0.00401470484212041
v -0.023350000381469727 0.008200000040233135 -0.003949999809265138
v -0.023383494466543198 0.008200000040233135 -0.004075000062584878
v -0.023423222824931145 0.008200000040233135 -0.004126776475459338
v -0.023475000634789467 0.008200000040233135 -0.004166506230831147
v -0.023535294458270073 0.008200000040233135 -0.00419148150831461
v -0.023350000381469727 0.008200000040233135 -0.00150400004349649
v -0.026750000193715096 0.008200000040233135 -0.003100000089034439
v -0.024150000885128975 0.008200000040233135 -0.003100000089034439
v -0.006102440413087606 0.008200000040233135 -0.00150400004349649
v -0.02052750065922737 0.008200000040233135 -0.00150400004349649
v 0.01205000001937151 0.008200000040233135 -0.00150400004349649
v 0.038594938814640045 0.008200000040233135 -0.00150400004349649
v -0.027655059471726418 0.008200000040233135 -0.00150400004349649
v 0.05200506001710892 0.008200000040233135 -0.00150400004349649
v -0.026750000193715096 0.008100000210106373 -0.002499999944120646
v -0.024150000885128975 0.008100000210106373 -0.002499999944120646
v -0.024150000885128975 0.008255291730165482 -0.0025204445701092486
v -0.026750000193715096 0.008255291730165482 -0.0025204445701092486
v -0.024150000885128975 0.00839999970048666 -0.0025803847238421444
v -0.026750000193715096 0.00839999970048666 -0.0025803847238421444
v -0.024150000885128975 0.008524264208972454 -0.0026757358573377137
v -0.026750000193715096 0.008524264208972454 -0.0026757358573377137
v -0.024150000885128975 0.008619614876806736 -0.0027999999001622204
v -0.026750000193715096 0.008619614876806736 -0.0027999999001622204
v -0.024150000885128975 0.008679555729031563 -0.0029447085689753303
v -0.026750000193715096 0.008679555729031563 -0.0029447085689753303
v -0.026750000193715096 0.00819749291986227 -0.0030777479987591514
v -0.026750000193715096 0.008190097287297249 -0.003056611632928253
v -0.024150000885128975 0.00819749291986227 -0.0030777479987591514
v -0.026750000193715096 0.008178182877600193 -0.0030376510694623
v -0.024150000885128975 0.008190097287297249 -0.003056611632928253
v -0.026750000193715096 0.00816234853118658 -0.0030218169558793315
v -0.024150000885128975 0.008178182877600193 -0.0030376510694623
v -0.026750000193715096 0.008143388666212559 -0.003009903011843563
v -0.024150000885128975 0.00816234853118658 -0.0030218169558793315
v -0.026750000193715096 0.00812225230038166 -0.003002507146447898
v -0.024150000885128975 0.008143388666212559 -0.003009903011843563
v -0.026750000193715096 0.008100000210106373 -0.003000000026077033
v -0.024150000885128975 0.00812225230038166 -0.003002507146447898
v -0.024150000885128975 0.008100000210106373 -0.003000000026077033
v -0.026750000193715096 0.006275000050663948 -0.002499999944120646
v -0.026750000193715096 0.006275000050663948 -0.003000000026077033
v -0.024150000885128975 0.006275000050663948 -0.003000000026077033
v -0.024150000885128975 0.006275000050663948 -0.002499999944120646
v -0.026249999180436134 0.0057749999687075615 -0.003000000026077033
v -0.026561744511127472 0.005884084384888411 -0.003000000026077033
v -0.026640916243195534 0.005963255185633898 -0.003000000026077033
v -0.026361260563135147 0.005787536036223173 -0.003000000026077033
v -0.026466941460967064 0.005824515596032143 -0.003000000026077033
v -0.02670048363506794 0.006058058235794306 -0.003000000026077033
v -0.02673746459186077 0.00616373959928751 -0.003000000026077033
v -0.024650000035762787 0.0057749999687075615 -0.003000000026077033
v -0.02433825470507145 0.005884084384888411 -0.003000000026077033
v -0.024433057755231857 0.005824515596032143 -0.003000000026077033
v -0.02419951558113098 0.006058058235794306 -0.003000000026077033
v -0.024259084835648537 0.005963255185633898 -0.003000000026077033
v -0.0241625364869833 0.00616373959928751 -0.003000000026077033
v -0.024538738653063774 0.005787536036223173 -0.003000000026077033
v -0.02419951558113098 0.006058058235794306 -0.002499999944120646
v -0.024538738653063774 0.005787536036223173 -0.002499999944120646
v -0.024433057755231857 0.005824515596032143 -0.002499999944120646
v -0.026249999180436134 0.0057749999687075615 -0.002499999944120646
v -0.026561744511127472 0.005884084384888411 -0.002499999944120646
v -0.026466941460967064 0.005824515596032143 -0.002499999944120646
v -0.02670048363506794 0.006058058235794306 -0.002499999944120646
v -0.026640916243195534 0.005963255185633898 -0.002499999944120646
v -0.02433825470507145 0.005884084384888411 -0.002499999944120646
v -0.02673746459186077 0.00616373959928751 -0.002499999944120646
v -0.024650000035762787 0.0057749999687075615 -0.002499999944120646
v -0.0241625364869833 0.00616373959928751 -0.002499999944120646
v -0.024259084835648537 0.005963255185633898 -0.002499999944120646
v -0.026361260563135147 0.005787536036223173 -0.002499999944120646
v 0.06446988135576248 -0.005669881124049425 -0.00150400004349649
v 0.053130120038986206 -0.005669881124049425 -0.00150400004349649
v 0.053130120038986206 -0.0026225000619888306 -0.00150400004349649
v 0.028469881042838097 -0.0056698801927268505 -0.00150400004349649
v 0.01713011972606182 -0.0056698801927268505 -0.00150400004349649
v 0.01713011972606182 -0.0026225000619888306 -0.00150400004349649
v 0.006969880312681198 -0.0056698801927268505 -0.00150400004349649
v -0.00436988053843379 -0.0056698801927268505 -0.00150400004349649
v -0.00436988053843379 -0.0026225000619888306 -0.00150400004349649
v -0.007834999822080135 -0.00446499977260828 -0.00150400004349649
v -0.007834999822080135 -0.00596744054928422 -0.00150400004349649
v -0.017835000529885292 -0.00446499977260828 -0.00150400004349649
v -0.007834999822080135 -0.006264999974519014 -0.00150400004349649
v -0.017835000529885292 -0.006264999974519014 -0.00150400004349649
v -0.017835000529885292 -0.00596744054928422 -0.00150400004349649
v -0.030530119314789772 -0.0056698801927268505 -0.00150400004349649
v -0.0418698787689209 -0.0056698801927268505 -0.00150400004349649
v -0.0418698787689209 -0.0026225000619888306 -0.00150400004349649
v -0.0418698787689209 0.0056698801927268505 -0.00150400004349649
v -0.030530119314789772 0.0056698801927268505 -0.00150400004349649
v -0.030530119314789772 -0.0026225000619888306 -0.00150400004349649
v -0.00436988053843379 0.0056698801927268505 -0.00150400004349649
v 0.006969880312681198 0.0056698801927268505 -0.00150400004349649
v 0.006969880312681198 -0.0026225000619888306 -0.00150400004349649
v 0.01713011972606182 0.0056698801927268505 -0.00150400004349649
v 0.028469881042838097 0.0056698801927268505 -0.00150400004349649
v 0.028469881042838097 -0.0026225000619888306 -0.00150400004349649
v 0.06446988135576248 0.0056698801927268505 -0.00150400004349649
v 0.053130120038986206 0.0056698801927268505 -0.00150400004349649
v 0.06446988135576248 -0.0026225000619888306 -0.00150400004349649
v 0.06530994921922684 -0.00596744054928422 -0.00150400004349649
v 0.06530994921922684 -0.0026225000619888306 -0.00150400004349649
v 0.038594938814640045 -0.0026225000619888306 -0.00150400004349649
v 0.05200506001710892 -0.0026225000619888306 -0.00150400004349649
v -0.02052750065922737 -0.0026225000619888306 -0.00150400004349649
v -0.006102440413087606 -0.0026225000619888306 -0.00150400004349649
v -0.027655059471726418 -0.0026225000619888306 -0.00150400004349649
v -0.027655059471726418 -0.00596744054928422 -0.00150400004349649
v 0.038594938814640045 -0.00596744054928422 -0.00150400004349649
v 0.05200506001710892 -0.00596744054928422 -0.00150400004349649
v -0.02052750065922737 -0.00596744054928422 -0.00150400004349649
v -0.006102440413087606 -0.00596744054928422 -0.00150400004349649
v 0.01205000001937151 -0.00596744054928422 -0.00150400004349649
v 0.01205000001937151 -0.0026225000619888306 -0.00150400004349649
v -0.00436988053843379 0.0056698801927268505 -0.007503999862819912
v 0.006969880312681198 0.0056698801927268505 -0.007503999862819912
v 0.006969880312681198 -0.0056698801927268505 -0.007503999862819912
v -0.00436988053843379 -0.0056698801927268505 -0.007503999862819912
v -0.002467110753059387 0.0010093942983075976 -0.007503999862819912
v -0.0026000000070780516 -2.0736085203301458e-16 -0.007503999862819912
v 0.004057716578245163 -0.0027577164582908154 -0.007503999862819912
v 0.004677499178797007 -0.0019499999471008778 -0.007503999862819912
v -0.002077499171718955 0.0019499999471008778 -0.007503999862819912
v -0.0006500000017695129 0.003377499058842659 -0.007503999862819912
v -0.0014577164547517896 0.0027577164582908154 -0.007503999862819912
v 0.0032500000670552254 -0.003377499058842659 -0.007503999862819912
v 0.0013000000035390258 0.0038999998942017555 -0.007503999862819912
v 0.0002906057343352586 0.003767110640183091 -0.007503999862819912
v 0.0023093943018466234 -0.003767110640183091 -0.007503999862819912
v -0.0014577164547517896 -0.0027577164582908154 -0.007503999862819912
v -0.0006500000017695129 -0.003377499058842659 -0.007503999862819912
v 0.0023093943018466234 0.003767110640183091 -0.007503999862819912
v 0.004677499178797007 0.0019499999471008778 -0.007503999862819912
v 0.004057716578245163 0.0027577164582908154 -0.007503999862819912
v 0.005200000014156103 -2.049727882220189e-16 -0.007503999862819912
v 0.0013000000035390258 -0.0038999998942017555 -0.007503999862819912
v 0.0002906057343352586 -0.003767110640183091 -0.007503999862819912
v -0.002077499171718955 -0.0019499999471008778 -0.007503999862819912
v 0.0032500000670552254 0.003377499058842659 -0.007503999862819912
v 0.005067110527306795 -0.0010093942983075976 -0.007503999862819912
v -0.002467110753059387 -0.0010093942983075976 -0.007503999862819912
v 0.005067110527306795 0.0010093942983075976 -0.007503999862819912
v -0.017835000529885292 -0.00446499977260828 -0.0020049999002367262
v -0.007834999822080135 -0.00446499977260828 -0.0020049999002367262
v -0.017835000529885292 -0.006264999974519014 -0.0020049999002367262
v -0.007834999822080135 -0.006264999974519014 -0.0020049999002367262
v -0.012834999710321426 -0.005115000065416098 -0.0020049999002367262
v -0.012899705208837986 -0.005606481339782476 -0.0020049999002367262
v -0.012834999710321426 -0.005615000147372484 -0.0020049999002367262
v -0.013011776842176914 -0.00518822344020009 -0.0020049999002367262
v -0.013051506131887436 -0.005239999853074551 -0.0020049999002367262
v -0.012899705208837986 -0.005123518407344818 -0.0020049999002367262
v -0.01271000038832426 -0.005148493684828281 -0.0020049999002367262
v -0.012770295143127441 -0.005123518407344818 -0.0020049999002367262
v -0.012658223509788513 -0.0055417767725884914 -0.0020049999002367262
v -0.012618493288755417 -0.005489999894052744 -0.0020049999002367262
v -0.012770295143127441 -0.005606481339782476 -0.0020049999002367262
v -0.012959999963641167 -0.0055815065279603004 -0.0020049999002367262
v -0.012959999963641167 -0.005148493684828281 -0.0020049999002367262
v -0.012593518942594528 -0.005300295073539019 -0.0020049999002367262
v -0.012618493288755417 -0.005239999853074551 -0.0020049999002367262
v -0.01271000038832426 -0.0055815065279603004 -0.0020049999002367262
v -0.0130764814093709 -0.005429704673588276 -0.0020049999002367262
v -0.013051506131887436 -0.005489999894052744 -0.0020049999002367262
v -0.012658223509788513 -0.00518822344020009 -0.0020049999002367262
v -0.01258500013500452 -0.005365000106394291 -0.0020049999002367262
v -0.013011776842176914 -0.0055417767725884914 -0.0020049999002367262
v -0.012593518942594528 -0.005429704673588276 -0.0020049999002367262
v -0.0130764814093709 -0.005300295073539019 -0.0020049999002367262
v -0.013085000216960907 -0.005365000106394291 -0.0020049999002367262
v -0.0418698787689209 0.0056698801927268505 -0.007503999862819912
v -0.030530119314789772 0.0056698801927268505 -0.007503999862819912
v -0.0418698787689209 -0.0056698801927268505 -0.007503999862819912
v -0.030530119314789772 -0.0056698801927268505 -0.007503999862819912
v -0.03503531590104103 0.004346666391938925 -0.007503999862819912
v -0.03620000183582306 0.0044999998062849045 -0.007503999862819912
v -0.03230288624763489 0.0022499999031424522 -0.007503999862819912
v -0.033018019050359726 0.0031819804571568966 -0.007503999862819912
v -0.03736468404531479 -0.004346666391938925 -0.007503999862819912
v -0.03620000183582306 -0.0044999998062849045 -0.007503999862819912
v -0.03736468404531479 0.004346666391938925 -0.007503999862819912
v -0.03844999894499779 0.003897114424034953 -0.007503999862819912
v -0.0318533331155777 0.0011646857019513845 -0.007503999862819912
v -0.03503531590104103 -0.004346666391938925 -0.007503999862819912
v -0.03395000100135803 -0.003897114424034953 -0.007503999862819912
v -0.03395000100135803 0.003897114424034953 -0.007503999862819912
v -0.031700000166893005 -2.1102790250713977e-17 -0.007503999862819912
v -0.033018019050359726 -0.0031819804571568966 -0.007503999862819912
v -0.03844999894499779 -0.003897114424034953 -0.007503999862819912
v -0.039381980895996094 0.0031819804571568966 -0.007503999862819912
v -0.04009711369872093 0.0022499999031424522 -0.007503999862819912
v -0.0318533331155777 -0.0011646857019513845 -0.007503999862819912
v -0.04009711369872093 -0.0022499999031424522 -0.007503999862819912
v -0.039381980895996094 -0.0031819804571568966 -0.007503999862819912
v -0.03230288624763489 -0.0022499999031424522 -0.007503999862819912
v -0.04054666683077812 0.0011646857019513845 -0.007503999862819912
v -0.040699999779462814 -2.4754465091613023e-17 -0.007503999862819912
v -0.04054666683077812 -0.0011646857019513845 -0.007503999862819912
v 0.028469881042838097 -0.0056698801927268505 -0.007503999862819912
v 0.028469881042838097 0.0056698801927268505 -0.007503999862819912
v 0.01713011972606182 0.0056698801927268505 -0.007503999862819912
v 0.01713011972606182 -0.0056698801927268505 -0.007503999862819912
v 0.02163531444966793 -0.004346666391938925 -0.007503999862819912
v 0.02280000038444996 -0.0044999998062849045 -0.007503999862819912
v 0.023964686319231987 -0.004346666391938925 -0.007503999862819912
v 0.025049999356269836 -0.003897114424034953 -0.007503999862819912
v 0.02714666537940502 -0.0011646857019513845 -0.007503999862819912
v 0.027300000190734863 2.5494924502336297e-18 -0.007503999862819912
v 0.019618019461631775 -0.0031819804571568966 -0.007503999862819912
v 0.020549999549984932 -0.003897114424034953 -0.007503999862819912
v 0.02280000038444996 0.0044999998062849045 -0.007503999862819912
v 0.02163531444966793 0.004346666391938925 -0.007503999862819912
v 0.023964686319231987 0.004346666391938925 -0.007503999862819912
v 0.02669711410999298 -0.0022499999031424522 -0.007503999862819912
v 0.018453333526849747 -0.0011646857019513845 -0.007503999862819912
v 0.018902884796261787 -0.0022499999031424522 -0.007503999862819912
v 0.025981981307268143 0.0031819804571568966 -0.007503999862819912
v 0.025049999356269836 0.003897114424034953 -0.007503999862819912
v 0.02714666537940502 0.0011646857019513845 -0.007503999862819912
v 0.02669711410999298 0.0022499999031424522 -0.007503999862819912
v 0.025981981307268143 -0.0031819804571568966 -0.007503999862819912
v 0.020549999549984932 0.003897114424034953 -0.007503999862819912
v 0.019618019461631775 0.0031819804571568966 -0.007503999862819912
v 0.018902884796261787 0.0022499999031424522 -0.007503999862819912
v 0.018453333526849747 0.0011646857019513845 -0.007503999862819912
v 0.018300000578165054 -1.1021820804726868e-18 -0.007503999862819912
v 0.053130120038986206 0.0056698801927268505 -0.007503999862819912
v 0.06446988135576248 0.0056698801927268505 -0.007503999862819912
v 0.053130120038986206 -0.005669881124049425 -0.007503999862819912
v 0.06446988135576248 -0.005669881124049425 -0.007503999862819912
v 0.05996468663215637 0.004346666391938925 -0.007503999862819912
v 0.058800000697374344 0.0044999998062849045 -0.007503999862819912
v 0.057635314762592316 -0.004346666391938925 -0.007503999862819912
v 0.058800000697374344 -0.0044999998062849045 -0.007503999862819912
v 0.057635314762592316 0.004346666391938925 -0.007503999862819912
v 0.05654999986290932 0.003897114424034953 -0.007503999862819912
v 0.06105000153183937 0.003897114424034953 -0.007503999862819912
v 0.05996468663215637 -0.004346666391938925 -0.007503999862819912
v 0.06105000153183937 -0.003897114424034953 -0.007503999862819912
v 0.05654999986290932 -0.003897114424034953 -0.007503999862819912
v 0.06269711256027222 0.0022499999031424522 -0.007503999862819912
v 0.06198197975754738 0.0031819804571568966 -0.007503999862819912
v 0.05490288510918617 -0.0022499999031424522 -0.007503999862819912
v 0.05561801791191101 -0.0031819804571568966 -0.007503999862819912
v 0.05561801791191101 0.0031819804571568966 -0.007503999862819912
v 0.05490288510918617 0.0022499999031424522 -0.007503999862819912
v 0.0632999986410141 2.5494924502336297e-18 -0.007503999862819912
v 0.0631466656923294 0.0011646857019513845 -0.007503999862819912
v 0.0631466656923294 -0.0011646857019513845 -0.007503999862819912
v 0.06198197975754738 -0.0031819804571568966 -0.007503999862819912
v 0.06269711256027222 -0.0022499999031424522 -0.007503999862819912
v 0.05445333197712898 -0.0011646857019513845 -0.007503999862819912
v 0.05445333197712898 0.0011646857019513845 -0.007503999862819912
v 0.05429999902844429 -1.1021820804726868e-18 -0.007503999862819912
v -0.013085000216960907 -0.005365000106394291 -0.00150400004349649
v -0.0130764814093709 -0.005429704673588276 -0.00150400004349649
v -0.013051506131887436 -0.005489999894052744 -0.00150400004349649
v -0.013011776842176914 -0.0055417767725884914 -0.00150400004349649
v -0.012959999963641167 -0.0055815065279603004 -0.00150400004349649
v -0.012899705208837986 -0.005606481339782476 -0.00150400004349649
v -0.012834999710321426 -0.005615000147372484 -0.00150400004349649
v -0.012770295143127441 -0.005606481339782476 -0.00150400004349649
v -0.01271000038832426 -0.0055815065279603004 -0.00150400004349649
v -0.012658223509788513 -0.0055417767725884914 -0.00150400004349649
v -0.012618493288755417 -0.005489999894052744 -0.00150400004349649
v -0.012593518942594528 -0.005429704673588276 -0.00150400004349649
v -0.01258500013500452 -0.005365000106394291 -0.00150400004349649
v -0.012593518942594528 -0.005300295073539019 -0.00150400004349649
v -0.012618493288755417 -0.005239999853074551 -0.00150400004349649
v -0.012658223509788513 -0.00518822344020009 -0.00150400004349649
v -0.01271000038832426 -0.005148493684828281 -0.00150400004349649
v -0.012770295143127441 -0.005123518407344818 -0.00150400004349649
v -0.012834999710321426 -0.005115000065416098 -0.00150400004349649
v -0.012899705208837986 -0.005123518407344818 -0.00150400004349649
v -0.012959999963641167 -0.005148493684828281 -0.00150400004349649
v -0.013011776842176914 -0.00518822344020009 -0.00150400004349649
v -0.013051506131887436 -0.005239999853074551 -0.00150400004349649
v -0.0130764814093709 -0.005300295073539019 -0.00150400004349649
v -0.012834999710321426 -0.005365000106394291 -0.00150400004349649
v -0.0026000000070780516 -2.0640562386163835e-16 -0.008009999990463259
v -0.002467110753059387 0.0010093942983075976 -0.008009999990463259
v -0.002077499171718955 0.0019499999471008778 -0.008009999990463259
v -0.0014577164547517896 0.0027577164582908154 -0.008009999990463259
v -0.0006500000017695129 0.003377499058842659 -0.008009999990463259
v 0.0002906057343352586 0.003767110640183091 -0.008009999990463259
v 0.0013000000035390258 0.0038999998942017555 -0.008009999990463259
v 0.0023093943018466234 0.003767110640183091 -0.008009999990463259
v 0.0032500000670552254 0.003377499058842659 -0.008009999990463259
v 0.004057716578245163 0.0027577164582908154 -0.008009999990463259
v 0.004677499178797007 0.0019499999471008778 -0.008009999990463259
v 0.005067110527306795 0.0010093942983075976 -0.008009999990463259
v 0.005200000014156103 -2.041960590093867e-16 -0.008009999990463259
v 0.005067110527306795 -0.0010093942983075976 -0.008009999990463259
v 0.004677499178797007 -0.0019499999471008778 -0.008009999990463259
v 0.004057716578245163 -0.0027577164582908154 -0.008009999990463259
v 0.0032500000670552254 -0.003377499058842659 -0.008009999990463259
v 0.0023093943018466234 -0.003767110640183091 -0.008009999990463259
v 0.0013000000035390258 -0.0038999998942017555 -0.008009999990463259
v 0.0002906057343352586 -0.003767110640183091 -0.008009999990463259
v -0.002077499171718955 -0.0019499999471008778 -0.008009999990463259
v -0.002467110753059387 -0.0010093942983075976 -0.008009999990463259
v -0.0020726274233311415 -0.0019584137480705976 -0.007980000227689745
v -0.0020726274233311415 -0.0019584137480705976 -0.008009999990463259
v -0.0006500000017695129 -0.003377499058842659 -0.008009999990463259
v -0.0006584138027392328 -0.0033726273104548454 -0.007980000227689745
v -0.0014577164547517896 -0.0027577164582908154 -0.007980000227689745
v -0.0006584138027392328 -0.0033726273104548454 -0.008009999990463259
v -0.0019260351546108723 -0.0018118215957656503 -0.008009999990463259
v -0.0018918286077678204 -0.0017776150489225984 -0.007980000227689745
v -0.001904294011183083 0.0018500000005587935 -0.008009999990463259
v -0.0013162951217964292 0.002616295125335455 -0.008009999990463259
v -0.0005499999970197678 0.003204294014722109 -0.008009999990463259
v 0.00034236954525113106 0.003573925467208028 -0.008009999990463259
v 0.0013000000035390258 0.003700000001117587 -0.008009999990463259
v -0.002273925580084324 -0.0009576304582878947 -0.008009999990463259
v -0.002273925580084324 0.0009576304582878947 -0.008009999990463259
v 0.0022576304618269205 0.003573925467208028 -0.008009999990463259
v -0.002400000113993883 -2.0731185647097184e-16 -0.008009999990463259
v 0.0031500000040978193 0.003204294014722109 -0.008009999990463259
v 0.0039162952452898026 0.002616295125335455 -0.008009999990463259
v 0.0045042941346764565 0.0018500000005587935 -0.008009999990463259
v 0.004873925354331732 0.0009576304582878947 -0.008009999990463259
v 0.004999999888241291 -2.0759563897808164e-16 -0.008009999990463259
v 0.0045042941346764565 -0.0018500000005587935 -0.008009999990463259
v 0.0039162952452898026 -0.002616295125335455 -0.008009999990463259
v 0.0031500000040978193 -0.003204294014722109 -0.008009999990463259
v 0.0022576304618269205 -0.003573925467208028 -0.008009999990463259
v 0.00034236954525113106 -0.003573925467208028 -0.008009999990463259
v -0.0005118215340189636 -0.0032260350417345762 -0.008009999990463259
v 0.004873925354331732 -0.0009576304582878947 -0.008009999990463259
v 0.0013000000035390258 -0.003700000001117587 -0.008009999990463259
v -0.00047761498717591166 -0.0031918284948915243 -0.007980000227689745
v -0.0012833781074732542 -0.002583377994596958 -0.007980000227689745
v -0.0005267241504043341 -0.0031639791559427977 -0.007980000227689745
v -0.00186397903598845 -0.0018267241539433599 -0.007980000227689745
v -0.0018875552341341972 0.0008541028364561498 -0.007752222009003164
v -0.001557883806526661 0.0016499999910593033 -0.007752222009003164
v -0.0010334523394703865 0.002333452459424734 -0.007752222009003164
v -0.0003499999875202775 0.0028578839264810085 -0.007752222009003164
v 0.0004458971379790455 0.003187555121257901 -0.007752222009003164
v 0.0013000000035390258 0.0032999999821186066 -0.007752222009003164
v 0.0021541027817875147 0.003187555121257901 -0.007752222009003164
v 0.002950000111013651 0.0028578839264810085 -0.007752222009003164
v 0.003633452346548438 0.002333452459424734 -0.007752222009003164
v 0.004157884046435356 0.0016499999910593033 -0.007752222009003164
v 0.004487555008381605 0.0008541028364561498 -0.007752222009003164
v 0.004600000102072954 -2.0600149650156944e-16 -0.007752222009003164
v 0.004487555008381605 -0.0008541028364561498 -0.007752222009003164
v 0.004157884046435356 -0.0016499999910593033 -0.007752222009003164
v 0.003633452346548438 -0.002333452459424734 -0.007752222009003164
v 0.002950000111013651 -0.0028578839264810085 -0.007752222009003164
v 0.0021541027817875147 -0.003187555121257901 -0.007752222009003164
v 0.0013000000035390258 -0.0032999999821186066 -0.007752222009003164
v 0.0004458971379790455 -0.003187555121257901 -0.007752222009003164
v -0.0020000000949949026 -2.0721389181666596e-16 -0.007752222009003164
v -0.0003499999875202775 -0.0028578839264810085 -0.007752222009003164
v -0.0010334523394703865 -0.002333452459424734 -0.007752222009003164
v -0.001557883806526661 -0.0016499999910593033 -0.007752222009003164
v -0.0018875552341341972 -0.0008541028364561498 -0.007752222009003164
v -0.0020000000949949026 -2.0640562386163835e-16 -0.007503999862819912
v -0.0018875552341341972 -0.0008541028364561498 -0.007503999862819912
v -0.001557883806526661 -0.0016499999910593033 -0.007503999862819912
v -0.0010334523394703865 -0.002333452459424734 -0.007503999862819912
v -0.0003499999875202775 -0.0028578839264810085 -0.007503999862819912
v 0.0004458971379790455 -0.003187555121257901 -0.007503999862819912
v 0.0013000000035390258 -0.0032999999821186066 -0.007503999862819912
v 0.0021541027817875147 -0.003187555121257901 -0.007503999862819912
v 0.002950000111013651 -0.0028578839264810085 -0.007503999862819912
v 0.003633452346548438 -0.002333452459424734 -0.007503999862819912
v 0.004157884046435356 -0.0016499999910593033 -0.007503999862819912
v 0.004487555008381605 -0.0008541028364561498 -0.007503999862819912
v 0.004600000102072954 -2.045359971539215e-16 -0.007503999862819912
v 0.004487555008381605 0.0008541028364561498 -0.007503999862819912
v 0.004157884046435356 0.0016499999910593033 -0.007503999862819912
v 0.003633452346548438 0.002333452459424734 -0.007503999862819912
v 0.002950000111013651 0.0028578839264810085 -0.007503999862819912
v 0.0021541027817875147 0.003187555121257901 -0.007503999862819912
v 0.0013000000035390258 0.0032999999821186066 -0.007503999862819912
v 0.0004458971379790455 0.003187555121257901 -0.007503999862819912
v -0.0003499999875202775 0.0028578839264810085 -0.007503999862819912
v -0.0010334523394703865 0.002333452459424734 -0.007503999862819912
v -0.001557883806526661 0.0016499999910593033 -0.007503999862819912
v -0.0018875552341341972 0.0008541028364561498 -0.007503999862819912
v -0.0008985199383459985 0.0005890916218049824 -0.007503999862819912
v -0.0006711390451528132 0.00113803765270859 -0.007503999862819912
v -0.00030942828743718565 0.0016094283200800419 -0.007503999862819912
v 0.00016196233627852052 0.0019711391068995 -0.007503999862819912
v 0.0007109083817340434 0.0021985198836773634 -0.007503999862819912
v 0.0013000000035390258 0.00227607530541718 -0.007503999862819912
v 0.0018890916835516691 0.0021985198836773634 -0.007503999862819912
v 0.002438037656247616 0.0019711391068995 -0.007503999862819912
v 0.002909428207203746 0.0016094283200800419 -0.007503999862819912
v 0.003271138994023204 0.00113803765270859 -0.007503999862819912
v 0.003498520003631711 0.0005890916218049824 -0.007503999862819912
v 0.0035760754253715277 -2.0686577451023425e-16 -0.007503999862819912
v 0.003498520003631711 -0.0005890916218049824 -0.007503999862819912
v 0.003271138994023204 -0.00113803765270859 -0.007503999862819912
v 0.002909428207203746 -0.0016094283200800419 -0.007503999862819912
v 0.002438037656247616 -0.0019711391068995 -0.007503999862819912
v -0.00030942828743718565 -0.0016094283200800419 -0.007503999862819912
v -0.0006711390451528132 -0.00113803765270859 -0.007503999862819912
v 0.0018890916835516691 -0.0021985198836773634 -0.007503999862819912
v 0.0013000000035390258 -0.00227607530541718 -0.007503999862819912
v -0.0008985199383459985 -0.0005890916218049824 -0.007503999862819912
v -0.0009760753600858152 -2.0556473190325164e-16 -0.007503999862819912
v 0.0007109083817340434 -0.0021985198836773634 -0.007503999862819912
v 0.00016196233627852052 -0.0019711391068995 -0.007503999862819912
v 0.0007171317702159286 0.0010095573961734772 -0.007848734967410566
v 0.0009982852498069406 0.0011260149767622352 -0.007848734967410566
v 0.0013000000035390258 -2.0614043637469875e-16 -0.007895778864622118
v 0.00047569983871653676 0.000824300164822489 -0.007848734967410566
v 0.00029044263646937907 0.0005828682333230972 -0.007848734967410566
v 0.00017398505588062108 0.0003017147828359157 -0.007848734967410566
v 0.00013426355144474655 -2.0618871725269224e-16 -0.007848734967410566
v 0.00017398505588062108 -0.0003017147828359157 -0.007848734967410566
v 0.00029044263646937907 -0.0005828682333230972 -0.007848734967410566
v 0.00047569983871653676 -0.000824300164822489 -0.007848734967410566
v 0.0007171317702159286 -0.0010095573961734772 -0.007848734967410566
v 0.0009982852498069406 -0.0011260149767622352 -0.007848734967410566
v 0.0013000000035390258 -0.0011657364666461945 -0.007848734967410566
v 0.001601714757271111 -0.0011260149767622352 -0.007848734967410566
v 0.001882868236862123 -0.0010095573961734772 -0.007848734967410566
v 0.0021243002265691757 -0.000824300164822489 -0.007848734967410566
v 0.002309557283297181 -0.0005828682333230972 -0.007848734967410566
v 0.002426014980301261 -0.0003017147828359157 -0.007848734967410566
v 0.0024657363537698984 -2.0722409591670242e-16 -0.007848734967410566
v 0.002426014980301261 0.0003017147828359157 -0.007848734967410566
v 0.002309557283297181 0.0005828682333230972 -0.007848734967410566
v 0.0021243002265691757 0.000824300164822489 -0.007848734967410566
v 0.001882868236862123 0.0010095573961734772 -0.007848734967410566
v 0.001601714757271111 0.0011260149767622352 -0.007848734967410566
v 0.0013000000035390258 0.0011657364666461945 -0.007848734967410566
v 0.0013000000035390258 0.0019777738489210606 -0.007634791545569898
v 0.0018118855077773333 0.0019103828817605972 -0.007634791545569898
v 0.0022888868115842342 0.001712802448309958 -0.007634791545569898
v 0.0026984973810613155 0.001398497261106968 -0.007634791545569898
v 0.0030128024518489838 0.0009888869244605303 -0.007634791545569898
v 0.003210382768884301 0.0005118855624459684 -0.007634791545569898
v 0.0032777737360447645 -2.077650190977529e-16 -0.007634791545569898
v 0.003210382768884301 -0.0005118855624459684 -0.007634791545569898
v 0.0030128024518489838 -0.0009888869244605303 -0.007634791545569898
v 0.0026984973810613155 -0.001398497261106968 -0.007634791545569898
v 0.0022888868115842342 -0.001712802448309958 -0.007634791545569898
v 0.0018118855077773333 -0.0019103828817605972 -0.007634791545569898
v 0.0013000000035390258 -0.0019777738489210606 -0.007634791545569898
v 0.0007881144410930574 -0.0019103828817605972 -0.007634791545569898
v 0.0003111130790784955 -0.001712802448309958 -0.007634791545569898
v -9.849730122368783e-05 -0.001398497261106968 -0.007634791545569898
v -0.0004128023865632713 -0.0009888869244605303 -0.007634791545569898
v -0.0006103828200139105 -0.0005118855624459684 -0.007634791545569898
v -0.0006777738453820348 -2.0600840511404548e-16 -0.007634791545569898
v -0.0006103828200139105 0.0005118855624459684 -0.007634791545569898
v -0.0004128023865632713 0.0009888869244605303 -0.007634791545569898
v -9.849730122368783e-05 0.001398497261106968 -0.007634791545569898
v 0.0003111130790784955 0.001712802448309958 -0.007634791545569898
v 0.0007881144410930574 0.0019103828817605972 -0.007634791545569898
v -0.040699999779462814 -2.3652283321333066e-17 -0.010470000095665457
v -0.04054666683077812 0.0011646857019513845 -0.010470000095665457
v -0.04009711369872093 0.0022499999031424522 -0.010470000095665457
v -0.039381980895996094 0.0031819804571568966 -0.010470000095665457
v -0.03844999894499779 0.003897114424034953 -0.010470000095665457
v -0.03736468404531479 0.004346666391938925 -0.010470000095665457
v -0.03620000183582306 0.0044999998062849045 -0.010470000095665457
v -0.03503531590104103 0.004346666391938925 -0.010470000095665457
v -0.03395000100135803 0.003897114424034953 -0.010470000095665457
v -0.033018019050359726 0.0031819804571568966 -0.010470000095665457
v -0.03230288624763489 0.0022499999031424522 -0.010470000095665457
v -0.0318533331155777 0.0011646857019513845 -0.010470000095665457
v -0.031700000166893005 -2.1102790250713977e-17 -0.010470000095665457
v -0.0318533331155777 -0.0011646857019513845 -0.010470000095665457
v -0.03230288624763489 -0.0022499999031424522 -0.010470000095665457
v -0.033018019050359726 -0.0031819804571568966 -0.010470000095665457
v -0.03395000100135803 -0.003897114424034953 -0.010470000095665457
v -0.03503531590104103 -0.004346666391938925 -0.010470000095665457
v -0.03620000183582306 -0.0044999998062849045 -0.010470000095665457
v -0.03736468404531479 -0.004346666391938925 -0.010470000095665457
v -0.04009711369872093 -0.0022499999031424522 -0.010470000095665457
v -0.04054666683077812 -0.0011646857019513845 -0.010470000095665457
v -0.040009524673223495 -0.002395311603322625 -0.010440000332891943
v -0.040009524673223495 -0.002395311603322625 -0.010470000095665457
v -0.03844999894499779 -0.003897114424034953 -0.010470000095665457
v -0.03859531134366989 -0.003809525165706873 -0.010440000332891943
v -0.039381980895996094 -0.0031819804571568966 -0.010440000332891943
v -0.03859531134366989 -0.003809525165706873 -0.010470000095665457
v -0.033124085515737534 0.0030759144574403763 -0.010470000095665457
v -0.03243279084563255 0.002174999797716737 -0.010470000095665457
v -0.03732586279511452 0.004201777279376984 -0.010470000095665457
v -0.03620000183582306 0.004350000061094761 -0.010470000095665457
v -0.0350741371512413 0.004201777279376984 -0.010470000095665457
v -0.03402499854564667 0.0037672105245292187 -0.010470000095665457
v -0.03199822083115578 0.0011258625891059637 -0.010470000095665457
v -0.039275914430618286 0.0030759144574403763 -0.010470000095665457
v -0.03837500140070915 0.0037672105245292187 -0.010470000095665457
v -0.031849998980760574 -3.329089504067184e-10 -0.010470000095665457
v -0.03243279084563255 -0.0021750004962086678 -0.010470000095665457
v -0.033124085515737534 -0.0030759151559323072 -0.010470000095665457
v -0.03620000183582306 -0.004350000526756048 -0.010470000095665457
v -0.03732586279511452 -0.004201778210699558 -0.010470000095665457
v -0.03837500140070915 -0.0037672112230211496 -0.010470000095665457
v -0.03848642855882645 -0.003700641915202141 -0.010470000095665457
v -0.03996720910072327 -0.0021750004962086678 -0.010470000095665457
v -0.04040177911520004 -0.0011258632875978947 -0.010470000095665457
v -0.03996720910072327 0.002174999797716737 -0.010470000095665457
v -0.03199822083115578 -0.0011258632875978947 -0.010470000095665457
v -0.03402499854564667 -0.0037672112230211496 -0.010470000095665457
v -0.0350741371512413 -0.004201778210699558 -0.010470000095665457
v -0.040550000965595245 -3.329089504067184e-10 -0.010470000095665457
v -0.04040177911520004 0.0011258625891059637 -0.010470000095665457
v -0.03990064188838005 -0.002286428352817893 -0.010470000095665457
v -0.03988252952694893 -0.002268383512273431 -0.010445982217788698
v -0.039250634610652924 -0.0030506341718137264 -0.010440000332891943
v -0.03846830502152443 -0.0036824929993599653 -0.010444520972669126
v -0.03719645366072655 -0.0037188150454312563 -0.010050450451672079
v -0.03812500089406967 -0.0033341983798891306 -0.010050450451672079
v -0.03991881385445595 -0.0009964536875486374 -0.010050450451672079
v -0.040049999952316284 -3.329089504067184e-10 -0.010050450451672079
v -0.03991881385445595 0.0009964531054720283 -0.010050450451672079
v -0.03953419625759125 0.0019249998731538653 -0.010050450451672079
v -0.03892236202955246 0.0027223611250519753 -0.010050450451672079
v -0.03812500089406967 0.0033341976813971996 -0.010050450451672079
v -0.03719645366072655 0.0037188143469393253 -0.010050450451672079
v -0.03620000183582306 0.0038499999791383743 -0.010050450451672079
v -0.03520354628562927 0.0037188143469393253 -0.010050450451672079
v -0.03427499905228615 0.0033341976813971996 -0.010050450451672079
v -0.03347763791680336 0.0027223611250519753 -0.010050450451672079
v -0.03286580368876457 0.0019249998731538653 -0.010050450451672079
v -0.03248118609189987 0.0009964531054720283 -0.010050450451672079
v -0.032349999994039536 -3.329089504067184e-10 -0.010050450451672079
v -0.03248118609189987 -0.0009964536875486374 -0.010050450451672079
v -0.03286580368876457 -0.0019250004552304745 -0.010050450451672079
v -0.03347763791680336 -0.0027223615907132626 -0.010050450451672079
v -0.03427499905228615 -0.0033341983798891306 -0.010050450451672079
v -0.03520354628562927 -0.0037188150454312563 -0.010050450451672079
v -0.03620000183582306 -0.0038500006776303053 -0.010050450451672079
v -0.03892236202955246 -0.0027223615907132626 -0.010050450451672079
v -0.03953419625759125 -0.0019250004552304745 -0.010050450451672079
v -0.03620000183582306 -0.0038500006776303053 -0.009325023740530016
v -0.03520354628562927 -0.0037188150454312563 -0.009325023740530016
v -0.03427499905228615 -0.0033341983798891306 -0.009325023740530016
v -0.03347763791680336 -0.0027223615907132626 -0.009325023740530016
v -0.03286580368876457 -0.0019250004552304745 -0.009325023740530016
v -0.03248118609189987 -0.0009964536875486374 -0.009325023740530016
v -0.032349999994039536 -3.329089504067184e-10 -0.009325023740530016
v -0.03248118609189987 0.0009964531054720283 -0.009325023740530016
v -0.03286580368876457 0.0019249998731538653 -0.009325023740530016
v -0.03347763791680336 0.0027223611250519753 -0.009325023740530016
v -0.03427499905228615 0.0033341976813971996 -0.009325023740530016
v -0.03520354628562927 0.0037188143469393253 -0.009325023740530016
v -0.03620000183582306 0.0038499999791383743 -0.009325023740530016
v -0.03719645366072655 0.0037188143469393253 -0.009325023740530016
v -0.03812500089406967 0.0033341976813971996 -0.009325023740530016
v -0.03892236202955246 0.0027223611250519753 -0.009325023740530016
v -0.03953419625759125 0.0019249998731538653 -0.009325023740530016
v -0.03991881385445595 0.0009964531054720283 -0.009325023740530016
v -0.040049999952316284 -3.329089504067184e-10 -0.009325023740530016
v -0.03991881385445595 -0.0009964536875486374 -0.009325023740530016
v -0.03953419625759125 -0.0019250004552304745 -0.009325023740530016
v -0.03892236202955246 -0.0027223615907132626 -0.009325023740530016
v -0.03812500089406967 -0.0033341983798891306 -0.009325023740530016
v -0.03719645366072655 -0.0037188150454312563 -0.009325023740530016
v -0.03718745708465576 -0.003685236210003495 -0.009225924499332907
v -0.03810761868953705 -0.0033040924463421106 -0.009225924499332907
v -0.03889777883887291 -0.0026977802626788616 -0.009225924499332907
v -0.03950409218668938 -0.0019076188327744603 -0.009225924499332907
v -0.03988523408770561 -0.000987456296570599 -0.009225924499332907
v -0.04001523554325104 -3.329089504067184e-10 -0.009225924499332907
v -0.03988523408770561 0.00098745571449399 -0.009225924499332907
v -0.03950409218668938 0.0019076181342825294 -0.009225924499332907
v -0.03889777883887291 0.0026977795641869307 -0.009225924499332907
v -0.03810761868953705 0.0033040917478501797 -0.009225924499332907
v -0.03718745708465576 0.0036852355115115643 -0.009225924499332907
v -0.03620000183582306 0.003815236734226346 -0.009225924499332907
v -0.03521254286170006 0.0036852355115115643 -0.009225924499332907
v -0.03429238125681877 0.0033040917478501797 -0.009225924499332907
v -0.03350222110748291 0.0026977795641869307 -0.009225924499332907
v -0.03289590775966644 0.0019076181342825294 -0.009225924499332907
v -0.03251476585865021 0.00098745571449399 -0.009225924499332907
v -0.03238476440310478 -3.329089504067184e-10 -0.009225924499332907
v -0.03251476585865021 -0.000987456296570599 -0.009225924499332907
v -0.03289590775966644 -0.0019076188327744603 -0.009225924499332907
v -0.03350222110748291 -0.0026977802626788616 -0.009225924499332907
v -0.03429238125681877 -0.0033040924463421106 -0.009225924499332907
v -0.03521254286170006 -0.003685236210003495 -0.009225924499332907
v -0.03620000183582306 -0.0038152371998876333 -0.009225924499332907
v -0.03910118341445923 0.0016749997157603502 -0.009225924499332907
v -0.038568805903196335 0.002368807327002287 -0.009225924499332907
v -0.03787500038743019 0.0029011848382651806 -0.009225924499332907
v -0.03706704452633858 0.0032358511816710234 -0.009225924499332907
v -0.03533295542001724 0.0032358511816710234 -0.009225924499332907
v -0.03452499955892563 0.0029011848382651806 -0.009225924499332907
v -0.03706704452633858 -0.0032358518801629543 -0.009225924499332907
v -0.03787500038743019 -0.002901185303926468 -0.009225924499332907
v -0.03910118341445923 -0.0016750002978369594 -0.009225924499332907
v -0.03943585231900215 -0.000867044145707041 -0.009225924499332907
v -0.03620000183582306 0.003349999664351344 -0.009225924499332907
v -0.03329881653189659 0.0016749997157603502 -0.009225924499332907
v -0.03296414762735367 0.0008670434472151101 -0.009225924499332907
v -0.03329881653189659 -0.0016750002978369594 -0.009225924499332907
v -0.033831194043159485 -0.002368808025494218 -0.009225924499332907
v -0.03452499955892563 -0.002901185303926468 -0.009225924499332907
v -0.03533295542001724 -0.0032358518801629543 -0.009225924499332907
v -0.03620000183582306 -0.003350000362843275 -0.009225924499332907
v -0.038568805903196335 -0.002368808025494218 -0.009225924499332907
v -0.033831194043159485 0.002368807327002287 -0.009225924499332907
v -0.0328500010073185 -3.329089504067184e-10 -0.009225924499332907
v -0.03296414762735367 -0.000867044145707041 -0.009225924499332907
v -0.03954999893903732 -3.329089504067184e-10 -0.009225924499332907
v -0.03943585231900215 0.0008670434472151101 -0.009225924499332907
v -0.03620000183582306 0.003252531634643674 -0.009275924414396288
v -0.03704181686043739 0.003141704248264432 -0.009275924414396288
v -0.03782626613974571 0.0028167751152068377 -0.009275924414396288
v -0.03849988803267479 0.002299887128174305 -0.009275924414396288
v -0.03901677578687668 0.0016262657009065151 -0.009275924414396288
v -0.039341703057289124 0.0008418168872594833 -0.009275924414396288
v -0.039452530443668365 -3.329089504067184e-10 -0.009275924414396288
v -0.039341703057289124 -0.0008418175857514143 -0.009275924414396288
v -0.03901677578687668 -0.0016262662829831243 -0.009275924414396288
v -0.03849988803267479 -0.002299887826666236 -0.009275924414396288
v -0.03782626613974571 -0.002816775580868125 -0.009275924414396288
v -0.03704181686043739 -0.003141704946756363 -0.009275924414396288
v -0.03620000183582306 -0.003252532333135605 -0.009275924414396288
v -0.035358183085918427 -0.003141704946756363 -0.009275924414396288
v -0.03457373380661011 -0.002816775580868125 -0.009275924414396288
v -0.03390011191368103 -0.002299887826666236 -0.009275924414396288
v -0.03338322415947914 -0.0016262662829831243 -0.009275924414396288
v -0.033058296889066696 -0.0008418175857514143 -0.009275924414396288
v -0.032947469502687454 -3.329089504067184e-10 -0.009275924414396288
v -0.033058296889066696 0.0008418168872594833 -0.009275924414396288
v -0.03338322415947914 0.0016262657009065151 -0.009275924414396288
v -0.03390011191368103 0.002299887128174305 -0.009275924414396288
v -0.03457373380661011 0.0028167751152068377 -0.009275924414396288
v -0.035358183085918427 0.003141704248264432 -0.009275924414396288
v -0.037062086164951324 0.003217345103621483 -0.009246851317584516
v -0.03786541894078255 0.002884592628106475 -0.009246851317584516
v -0.03855526074767113 0.002355259843170643 -0.009246851317584516
v -0.03908459469676018 0.0016654201317578554 -0.009246851317584516
v -0.03941734507679939 0.0008620847365818918 -0.009246851317584516
v -0.03953083977103233 -3.329089504067184e-10 -0.009246851317584516
v -0.03941734507679939 -0.0008620854350738227 -0.009246851317584516
v -0.03908459469676018 -0.0016654208302497864 -0.009246851317584516
v -0.03855526074767113 -0.002355260541662574 -0.009246851317584516
v -0.03786541894078255 -0.002884593326598406 -0.009246851317584516
v -0.037062086164951324 -0.00321734556928277 -0.009246851317584516
v -0.03620000183582306 -0.003330841427668929 -0.009246851317584516
v -0.035337913781404495 -0.00321734556928277 -0.009246851317584516
v -0.03453458100557327 -0.002884593326598406 -0.009246851317584516
v -0.03384473919868469 -0.002355260541662574 -0.009246851317584516
v -0.03331540524959564 -0.0016654208302497864 -0.009246851317584516
v -0.03298265486955643 -0.0008620854350738227 -0.009246851317584516
v -0.032869160175323486 -3.329089504067184e-10 -0.009246851317584516
v -0.03298265486955643 0.0008620847365818918 -0.009246851317584516
v -0.03331540524959564 0.0016654201317578554 -0.009246851317584516
v -0.03384473919868469 0.002355259843170643 -0.009246851317584516
v -0.03453458100557327 0.002884592628106475 -0.009246851317584516
v -0.035337913781404495 0.003217345103621483 -0.009246851317584516
v -0.03620000183582306 0.003330840729176998 -0.009246851317584516
v -0.03705599159002304 0.0031946103554219007 -0.009262694977223875
v -0.037853650748729706 0.002864209236577153 -0.009262694977223875
v -0.0385386161506176 0.0023386168759316206 -0.009262694977223875
v -0.039064209908246994 0.0016536518232896924 -0.009262694977223875
v -0.03939460963010788 0.0008559930138289928 -0.009262694977223875
v -0.03950730338692665 -3.329089504067184e-10 -0.009262694977223875
v -0.03939460963010788 -0.0008559936541132629 -0.009262694977223875
v -0.039064209908246994 -0.0016536525217816234 -0.009262694977223875
v -0.0385386161506176 -0.0023386175744235516 -0.009262694977223875
v -0.037853650748729706 -0.002864209935069084 -0.009262694977223875
v -0.03705599159002304 -0.0031946110539138317 -0.009262694977223875
v -0.03620000183582306 -0.0033073045779019594 -0.009262694977223875
v -0.03534400835633278 -0.0031946110539138317 -0.009262694977223875
v -0.034546349197626114 -0.002864209935069084 -0.009262694977223875
v -0.03386138379573822 -0.0023386175744235516 -0.009262694977223875
v -0.033335790038108826 -0.0016536525217816234 -0.009262694977223875
v -0.03300539031624794 -0.0008559936541132629 -0.009262694977223875
v -0.03289269655942917 -3.329089504067184e-10 -0.009262694977223875
v -0.03300539031624794 0.0008559930138289928 -0.009262694977223875
v -0.033335790038108826 0.0016536518232896924 -0.009262694977223875
v -0.03386138379573822 0.0023386168759316206 -0.009262694977223875
v -0.034546349197626114 0.002864209236577153 -0.009262694977223875
v -0.03534400835633278 0.0031946103554219007 -0.009262694977223875
v -0.03620000183582306 0.0033073038794100285 -0.009262694977223875
v -0.03704910725355148 0.0031689179595559835 -0.009272569790482523
v -0.0378403514623642 0.0028411741368472576 -0.009272569790482523
v -0.038519810885190964 0.002319808816537261 -0.009272569790482523
v -0.039041172713041306 0.0016403525369241834 -0.009272569790482523
v -0.039368920028209686 0.000849108793772757 -0.009272569790482523
v -0.03948070481419563 -3.329089504067184e-10 -0.009272569790482523
v -0.039368920028209686 -0.0008491094340570271 -0.009272569790482523
v -0.039041172713041306 -0.0016403531190007925 -0.009272569790482523
v -0.038519810885190964 -0.002319809515029192 -0.009272569790482523
v -0.0378403514623642 -0.0028411748353391886 -0.009272569790482523
v -0.03704910725355148 -0.0031689186580479145 -0.009272569790482523
v -0.03620000183582306 -0.0032807060051709414 -0.009272569790482523
v -0.03535089269280434 -0.0031689186580479145 -0.009272569790482523
v -0.03455964848399162 -0.0028411748353391886 -0.009272569790482523
v -0.033880189061164856 -0.002319809515029192 -0.009272569790482523
v -0.033358827233314514 -0.0016403531190007925 -0.009272569790482523
v -0.03303107991814613 -0.0008491094340570271 -0.009272569790482523
v -0.03291929513216019 -3.329089504067184e-10 -0.009272569790482523
v -0.03303107991814613 0.000849108793772757 -0.009272569790482523
v -0.033358827233314514 0.0016403525369241834 -0.009272569790482523
v -0.033880189061164856 0.002319808816537261 -0.009272569790482523
v -0.03455964848399162 0.0028411741368472576 -0.009272569790482523
v -0.03535089269280434 0.0031689179595559835 -0.009272569790482523
v -0.03620000183582306 0.0032807053066790104 -0.009272569790482523
v -0.03759953752160072 0.0024240671191364527 -0.009275924414396288
v -0.03692445158958435 0.002703695558011532 -0.009275924414396288
v -0.03620000183582306 0.002799071604385972 -0.009275924414396288
v -0.03547554835677147 0.002703695558011532 -0.009275924414396288
v -0.034800462424755096 0.0024240671191364527 -0.009275924414396288
v -0.03862406685948372 0.0013995356857776642 -0.009275924414396288
v -0.03817924112081528 0.001979242544621229 -0.009275924414396288
v -0.03422075882554054 -0.0019792430102825165 -0.009275924414396288
v -0.034800462424755096 -0.0024240678176283836 -0.009275924414396288
v -0.03422075882554054 0.001979242544621229 -0.009275924414396288
v -0.0337759330868721 0.0013995356857776642 -0.009275924414396288
v -0.03349630534648895 0.000724452780559659 -0.009275924414396288
v -0.03547554835677147 -0.002703696256503463 -0.009275924414396288
v -0.03340092673897743 -3.329089504067184e-10 -0.009275924414396288
v -0.03349630534648895 -0.00072445347905159 -0.009275924414396288
v -0.03620000183582306 -0.002799072302877903 -0.009275924414396288
v -0.03692445158958435 -0.002703696256503463 -0.009275924414396288
v -0.03759953752160072 -0.0024240678176283836 -0.009275924414396288
v -0.03817924112081528 -0.0019792430102825165 -0.009275924414396288
v -0.0337759330868721 -0.0013995363842695951 -0.009275924414396288
v -0.03862406685948372 -0.0013995363842695951 -0.009275924414396288
v -0.03890369459986687 -0.00072445347905159 -0.009275924414396288
v -0.03899907320737839 -3.329089504067184e-10 -0.009275924414396288
v -0.03890369459986687 0.000724452780559659 -0.009275924414396288
v -0.03665102645754814 0.0007812005933374166 -0.01025420241057873
v -0.036433469504117966 0.0008713160641491413 -0.01025420241057873
v -0.03620000183582306 -3.329089504067184e-10 -0.010364918038249018
v -0.03683784604072571 0.0006378475809469819 -0.01025420241057873
v -0.03698120266199112 0.0004510262224357575 -0.01025420241057873
v -0.03707131743431091 0.00023346819216385484 -0.01025420241057873
v -0.03710205480456352 -3.329089504067184e-10 -0.01025420241057873
v -0.03707131743431091 -0.00023346886155195534 -0.01025420241057873
v -0.03698120266199112 -0.000451026891823858 -0.01025420241057873
v -0.03683784604072571 -0.000637848221231252 -0.01025420241057873
v -0.03665102645754814 -0.0007812012918293476 -0.01025420241057873
v -0.036433469504117966 -0.0008713167626410723 -0.01025420241057873
v -0.03620000183582306 -0.0009020534926094115 -0.01025420241057873
v -0.035966530442237854 -0.0008713167626410723 -0.01025420241057873
v -0.03574897348880768 -0.0007812012918293476 -0.01025420241057873
v -0.03556215390563011 -0.000637848221231252 -0.01025420241057873
v -0.0354187972843647 -0.000451026891823858 -0.01025420241057873
v -0.03532868251204491 -0.00023346886155195534 -0.01025420241057873
v -0.0352979451417923 -3.329089504067184e-10 -0.01025420241057873
v -0.03532868251204491 0.00023346819216385484 -0.01025420241057873
v -0.0354187972843647 0.0004510262224357575 -0.01025420241057873
v -0.03556215390563011 0.0006378475809469819 -0.01025420241057873
v -0.03574897348880768 0.0007812005933374166 -0.01025420241057873
v -0.035966530442237854 0.0008713160641491413 -0.01025420241057873
v -0.03620000183582306 0.0009020527941174805 -0.01025420241057873
v -0.03620000183582306 0.0015926990890875459 -0.010030499659478666
v -0.035787779837846756 0.0015384291764348745 -0.010030499659478666
v -0.035403650254011154 0.0013793178368359804 -0.010030499659478666
v -0.035073790699243546 0.0011262082261964679 -0.010030499659478666
v -0.03482068330049515 0.0007963493699207902 -0.010030499659478666
v -0.03466156870126724 0.00041222063009627163 -0.010030499659478666
v -0.03460730239748955 -3.329089504067184e-10 -0.010030499659478666
v -0.03466156870126724 -0.0004122212703805417 -0.010030499659478666
v -0.03482068330049515 -0.0007963500684127212 -0.010030499659478666
v -0.035073790699243546 -0.0011262089246883988 -0.010030499659478666
v -0.035403650254011154 -0.0013793185353279114 -0.010030499659478666
v -0.035787779837846756 -0.0015384298749268055 -0.010030499659478666
v -0.03620000183582306 -0.0015926997875794768 -0.010030499659478666
v -0.036612220108509064 -0.0015384298749268055 -0.010030499659478666
v -0.036996349692344666 -0.0013793185353279114 -0.010030499659478666
v -0.037326209247112274 -0.0011262089246883988 -0.010030499659478666
v -0.03757931664586067 -0.0007963500684127212 -0.010030499659478666
v -0.03773843124508858 -0.0004122212703805417 -0.010030499659478666
v -0.03779270127415657 -3.329089504067184e-10 -0.010030499659478666
v -0.03773843124508858 0.00041222063009627163 -0.010030499659478666
v -0.03757931664586067 0.0007963493699207902 -0.010030499659478666
v -0.037326209247112274 0.0011262082261964679 -0.010030499659478666
v -0.036996349692344666 0.0013793178368359804 -0.010030499659478666
v -0.036612220108509064 0.0015384291764348745 -0.010030499659478666
v -0.03620000183582306 0.0021722023375332355 -0.009742118418216707
v -0.03563779219985008 0.002098186407238245 -0.009742118418216707
v -0.035113897174596786 0.0018811823101714253 -0.009742118418216707
v -0.03466401994228363 0.0015359788667410612 -0.009742118418216707
v -0.03431881591677666 0.0010861009359359741 -0.009742118418216707
v -0.03410181403160095 0.0005622070748358965 -0.009742118418216707
v -0.03402779623866081 -3.329089504067184e-10 -0.009742118418216707
v -0.03410181403160095 -0.0005622077733278275 -0.009742118418216707
v -0.03431881591677666 -0.001086101634427905 -0.009742118418216707
v -0.03466401994228363 -0.0015359795652329922 -0.009742118418216707
v -0.035113897174596786 -0.0018811830086633563 -0.009742118418216707
v -0.03563779219985008 -0.0020981868728995323 -0.009742118418216707
v -0.03620000183582306 -0.0021722030360251665 -0.009742118418216707
v -0.03676220774650574 -0.0020981868728995323 -0.009742118418216707
v -0.03728610277175903 -0.0018811830086633563 -0.009742118418216707
v -0.03773598000407219 -0.0015359795652329922 -0.009742118418216707
v -0.03808118402957916 -0.001086101634427905 -0.009742118418216707
v -0.03829818591475487 -0.0005622077733278275 -0.009742118418216707
v -0.03837220370769501 -3.329089504067184e-10 -0.009742118418216707
v -0.03829818591475487 0.0005622070748358965 -0.009742118418216707
v -0.03808118402957916 0.0010861009359359741 -0.009742118418216707
v -0.03773598000407219 0.0015359788667410612 -0.009742118418216707
v -0.03728610277175903 0.0018811823101714253 -0.009742118418216707
v -0.03676220774650574 0.002098186407238245 -0.009742118418216707
v 0.018300000578165054 0.0 -0.010470000095665457
v 0.018453333526849747 0.0011646857019513845 -0.010470000095665457
v 0.018902884796261787 0.0022499999031424522 -0.010470000095665457
v 0.019618019461631775 0.0031819804571568966 -0.010470000095665457
v 0.020549999549984932 0.003897114424034953 -0.010470000095665457
v 0.02163531444966793 0.004346666391938925 -0.010470000095665457
v 0.02280000038444996 0.0044999998062849045 -0.010470000095665457
v 0.023964686319231987 0.004346666391938925 -0.010470000095665457
v 0.025049999356269836 0.003897114424034953 -0.010470000095665457
v 0.025981981307268143 0.0031819804571568966 -0.010470000095665457
v 0.02669711410999298 0.0022499999031424522 -0.010470000095665457
v 0.02714666537940502 0.0011646857019513845 -0.010470000095665457
v 0.027300000190734863 2.5494924502336297e-18 -0.010470000095665457
v 0.02714666537940502 -0.0011646857019513845 -0.010470000095665457
v 0.02669711410999298 -0.0022499999031424522 -0.010470000095665457
v 0.025981981307268143 -0.0031819804571568966 -0.010470000095665457
v 0.025049999356269836 -0.003897114424034953 -0.010470000095665457
v 0.023964686319231987 -0.004346666391938925 -0.010470000095665457
v 0.02280000038444996 -0.0044999998062849045 -0.010470000095665457
v 0.02163531444966793 -0.004346666391938925 -0.010470000095665457
v 0.018902884796261787 -0.0022499999031424522 -0.010470000095665457
v 0.018453333526849747 -0.0011646857019513845 -0.010470000095665457
v 0.018990475684404373 -0.002395311603322625 -0.010440000332891943
v 0.018990475684404373 -0.002395311603322625 -0.010470000095665457
v 0.020549999549984932 -0.003897114424034953 -0.010470000095665457
v 0.020404689013957977 -0.003809525165706873 -0.010440000332891943
v 0.019618019461631775 -0.0031819804571568966 -0.010440000332891943
v 0.020404689013957977 -0.003809525165706873 -0.010470000095665457
v 0.020624998956918716 0.0037672105245292187 -0.010470000095665457
v 0.02167413756251335 0.004201777279376984 -0.010470000095665457
v 0.023925863206386566 0.004201777279376984 -0.010470000095665457
v 0.024974999949336052 0.0037672105245292187 -0.010470000095665457
v 0.019724085927009583 0.0030759144574403763 -0.010470000095665457
v 0.02280000038444996 0.004350000061094761 -0.010470000095665457
v 0.020624998956918716 -0.0037672112230211496 -0.010470000095665457
v 0.020513571798801422 -0.003700641915202141 -0.010470000095665457
v 0.025875914841890335 0.0030759144574403763 -0.010470000095665457
v 0.026567211374640465 0.002174999797716737 -0.010470000095665457
v 0.025875914841890335 -0.0030759151559323072 -0.010470000095665457
v 0.024974999949336052 -0.0037672112230211496 -0.010470000095665457
v 0.023925863206386566 -0.004201778210699558 -0.010470000095665457
v 0.02280000038444996 -0.004350000526756048 -0.010470000095665457
v 0.02167413756251335 -0.004201778210699558 -0.010470000095665457
v 0.019032789394259453 -0.0021750004962086678 -0.010470000095665457
v 0.018598223105072975 -0.0011258632875978947 -0.010470000095665457
v 0.018449999392032623 -3.329089226511428e-10 -0.010470000095665457
v 0.018598223105072975 0.0011258625891059637 -0.010470000095665457
v 0.027001777663826942 0.0011258625891059637 -0.010470000095665457
v 0.027149999514222145 -3.329089226511428e-10 -0.010470000095665457
v 0.026567211374640465 -0.0021750004962086678 -0.010470000095665457
v 0.019032789394259453 0.002174999797716737 -0.010470000095665457
v 0.027001777663826942 -0.0011258632875978947 -0.010470000095665457
v 0.019099358469247818 -0.002286428352817893 -0.010470000095665457
v 0.019117582589387894 -0.0022684242576360703 -0.010444510728120806
v 0.019749365746974945 -0.0030506341718137264 -0.010440000332891943
v 0.02053157612681389 -0.003682417329400778 -0.010444510728120806
v 0.02180354669690132 -0.0037188150454312563 -0.010050450451672079
v 0.020874999463558197 -0.0033341983798891306 -0.010050450451672079
v 0.01908118464052677 -0.0009964536875486374 -0.010050450451672079
v 0.018950000405311584 -3.329089226511428e-10 -0.010050450451672079
v 0.01908118464052677 0.0009964531054720283 -0.010050450451672079
v 0.019465802237391472 0.0019249998731538653 -0.010050450451672079
v 0.02007763832807541 0.0027223611250519753 -0.010050450451672079
v 0.020874999463558197 0.0033341976813971996 -0.010050450451672079
v 0.02180354669690132 0.0037188143469393253 -0.010050450451672079
v 0.02280000038444996 0.0038499999791383743 -0.010050450451672079
v 0.023796454071998596 0.0037188143469393253 -0.010050450451672079
v 0.02472499944269657 0.0033341976813971996 -0.010050450451672079
v 0.02552236057817936 0.0027223611250519753 -0.010050450451672079
v 0.026134198531508446 0.0019249998731538653 -0.010050450451672079
v 0.026518814265727997 0.0009964531054720283 -0.010050450451672079
v 0.026650000363588333 -3.329089226511428e-10 -0.010050450451672079
v 0.026518814265727997 -0.0009964536875486374 -0.010050450451672079
v 0.026134198531508446 -0.0019250004552304745 -0.010050450451672079
v 0.02552236057817936 -0.0027223615907132626 -0.010050450451672079
v 0.02472499944269657 -0.0033341983798891306 -0.010050450451672079
v 0.023796454071998596 -0.0037188150454312563 -0.010050450451672079
v 0.02280000038444996 -0.0038500006776303053 -0.010050450451672079
v 0.02007763832807541 -0.0027223615907132626 -0.010050450451672079
v 0.019465802237391472 -0.0019250004552304745 -0.010050450451672079
v 0.02280000038444996 -0.0038500006776303053 -0.009325023740530016
v 0.023796454071998596 -0.0037188150454312563 -0.009325023740530016
v 0.02472499944269657 -0.0033341983798891306 -0.009325023740530016
v 0.02552236057817936 -0.0027223615907132626 -0.009325023740530016
v 0.026134198531508446 -0.0019250004552304745 -0.009325023740530016
v 0.026518814265727997 -0.0009964536875486374 -0.009325023740530016
v 0.026650000363588333 -3.329089226511428e-10 -0.009325023740530016
v 0.026518814265727997 0.0009964531054720283 -0.009325023740530016
v 0.026134198531508446 0.0019249998731538653 -0.009325023740530016
v 0.02552236057817936 0.0027223611250519753 -0.009325023740530016
v 0.02472499944269657 0.0033341976813971996 -0.009325023740530016
v 0.023796454071998596 0.0037188143469393253 -0.009325023740530016
v 0.02280000038444996 0.0038499999791383743 -0.009325023740530016
v 0.02180354669690132 0.0037188143469393253 -0.009325023740530016
v 0.020874999463558197 0.0033341976813971996 -0.009325023740530016
v 0.02007763832807541 0.0027223611250519753 -0.009325023740530016
v 0.019465802237391472 0.0019249998731538653 -0.009325023740530016
v 0.01908118464052677 0.0009964531054720283 -0.009325023740530016
v 0.018950000405311584 -3.329089226511428e-10 -0.009325023740530016
v 0.01908118464052677 -0.0009964536875486374 -0.009325023740530016
v 0.019465802237391472 -0.0019250004552304745 -0.009325023740530016
v 0.02007763832807541 -0.0027223615907132626 -0.009325023740530016
v 0.020874999463558197 -0.0033341983798891306 -0.009325023740530016
v 0.02180354669690132 -0.0037188150454312563 -0.009325023740530016
v 0.021812543272972107 -0.003685236210003495 -0.009225924499332907
v 0.02089238166809082 -0.0033040924463421106 -0.009225924499332907
v 0.02010221965610981 -0.0026977802626788616 -0.009225924499332907
v 0.019495908170938492 -0.0019076188327744603 -0.009225924499332907
v 0.019114764407277107 -0.000987456296570599 -0.009225924499332907
v 0.018984762951731682 -3.329089226511428e-10 -0.009225924499332907
v 0.019114764407277107 0.00098745571449399 -0.009225924499332907
v 0.019495908170938492 0.0019076181342825294 -0.009225924499332907
v 0.02010221965610981 0.0026977795641869307 -0.009225924499332907
v 0.02089238166809082 0.0033040917478501797 -0.009225924499332907
v 0.021812543272972107 0.0036852355115115643 -0.009225924499332907
v 0.02280000038444996 0.003815236734226346 -0.009225924499332907
v 0.02378745563328266 0.0036852355115115643 -0.009225924499332907
v 0.024707619100809097 0.0033040917478501797 -0.009225924499332907
v 0.02549777925014496 0.0026977795641869307 -0.009225924499332907
v 0.026104092597961426 0.0019076181342825294 -0.009225924499332907
v 0.02648523636162281 0.00098745571449399 -0.009225924499332907
v 0.026615237817168236 -3.329089226511428e-10 -0.009225924499332907
v 0.02648523636162281 -0.000987456296570599 -0.009225924499332907
v 0.026104092597961426 -0.0019076188327744603 -0.009225924499332907
v 0.02549777925014496 -0.0026977802626788616 -0.009225924499332907
v 0.024707619100809097 -0.0033040924463421106 -0.009225924499332907
v 0.02378745563328266 -0.003685236210003495 -0.009225924499332907
v 0.02280000038444996 -0.0038152371998876333 -0.009225924499332907
v 0.019564148038625717 0.0008670434472151101 -0.009225924499332907
v 0.01989881508052349 0.0016749997157603502 -0.009225924499332907
v 0.020431192591786385 0.002368807327002287 -0.009225924499332907
v 0.021124999970197678 0.0029011848382651806 -0.009225924499332907
v 0.02193295583128929 0.0032358511816710234 -0.009225924499332907
v 0.023667043074965477 0.0032358511816710234 -0.009225924499332907
v 0.02447500079870224 0.0029011848382651806 -0.009225924499332907
v 0.023667043074965477 -0.0032358518801629543 -0.009225924499332907
v 0.02280000038444996 -0.003350000362843275 -0.009225924499332907
v 0.02280000038444996 0.003349999664351344 -0.009225924499332907
v 0.02193295583128929 -0.0032358518801629543 -0.009225924499332907
v 0.021124999970197678 -0.002901185303926468 -0.009225924499332907
v 0.020431192591786385 -0.002368808025494218 -0.009225924499332907
v 0.019564148038625717 -0.000867044145707041 -0.009225924499332907
v 0.019449999555945396 -3.329089226511428e-10 -0.009225924499332907
v 0.025168808177113533 0.002368807327002287 -0.009225924499332907
v 0.025701185688376427 0.0016749997157603502 -0.009225924499332907
v 0.02603585086762905 0.0008670434472151101 -0.009225924499332907
v 0.026149999350309372 -3.329089226511428e-10 -0.009225924499332907
v 0.02603585086762905 -0.000867044145707041 -0.009225924499332907
v 0.025701185688376427 -0.0016750002978369594 -0.009225924499332907
v 0.01989881508052349 -0.0016750002978369594 -0.009225924499332907
v 0.025168808177113533 -0.002368808025494218 -0.009225924499332907
v 0.02447500079870224 -0.002901185303926468 -0.009225924499332907
v 0.02280000038444996 0.003252531634643674 -0.009275924414396288
v 0.021958183497190475 0.003141704248264432 -0.009275924414396288
v 0.021173734217882156 0.0028167751152068377 -0.009275924414396288
v 0.02050011232495308 0.002299887128174305 -0.009275924414396288
v 0.01998322457075119 0.0016262657009065151 -0.009275924414396288
v 0.019658295437693596 0.0008418168872594833 -0.009275924414396288
v 0.019547468051314354 -3.329089226511428e-10 -0.009275924414396288
v 0.019658295437693596 -0.0008418175857514143 -0.009275924414396288
v 0.01998322457075119 -0.0016262662829831243 -0.009275924414396288
v 0.02050011232495308 -0.002299887826666236 -0.009275924414396288
v 0.021173734217882156 -0.002816775580868125 -0.009275924414396288
v 0.021958183497190475 -0.003141704946756363 -0.009275924414396288
v 0.02280000038444996 -0.003252532333135605 -0.009275924414396288
v 0.023641817271709442 -0.003141704946756363 -0.009275924414396288
v 0.02442626655101776 -0.002816775580868125 -0.009275924414396288
v 0.02509988658130169 -0.002299887826666236 -0.009275924414396288
v 0.025616776198148727 -0.0016262662829831243 -0.009275924414396288
v 0.02594170533120632 -0.0008418175857514143 -0.009275924414396288
v 0.026052532717585564 -3.329089226511428e-10 -0.009275924414396288
v 0.02594170533120632 0.0008418168872594833 -0.009275924414396288
v 0.025616776198148727 0.0016262657009065151 -0.009275924414396288
v 0.02509988658130169 0.002299887128174305 -0.009275924414396288
v 0.02442626655101776 0.0028167751152068377 -0.009275924414396288
v 0.023641817271709442 0.003141704248264432 -0.009275924414396288
v 0.021937914192676544 0.003217345103621483 -0.009246851317584516
v 0.021134579554200172 0.002884592628106475 -0.009246851317584516
v 0.02044473960995674 0.002355259843170643 -0.009246851317584516
v 0.01991540752351284 0.0016654201317578554 -0.009246851317584516
v 0.019582655280828476 0.0008620847365818918 -0.009246851317584516
v 0.019469158723950386 -3.329089226511428e-10 -0.009246851317584516
v 0.019582655280828476 -0.0008620854350738227 -0.009246851317584516
v 0.01991540752351284 -0.0016654208302497864 -0.009246851317584516
v 0.02044473960995674 -0.002355260541662574 -0.009246851317584516
v 0.021134579554200172 -0.002884593326598406 -0.009246851317584516
v 0.021937914192676544 -0.00321734556928277 -0.009246851317584516
v 0.02280000038444996 -0.003330841427668929 -0.009246851317584516
v 0.023662084713578224 -0.00321734556928277 -0.009246851317584516
v 0.024465421214699745 -0.002884593326598406 -0.009246851317584516
v 0.025155261158943176 -0.002355260541662574 -0.009246851317584516
v 0.025684593245387077 -0.0016654208302497864 -0.009246851317584516
v 0.02601734548807144 -0.0008620854350738227 -0.009246851317584516
v 0.026130840182304382 -3.329089226511428e-10 -0.009246851317584516
v 0.02601734548807144 0.0008620847365818918 -0.009246851317584516
v 0.025684593245387077 0.0016654201317578554 -0.009246851317584516
v 0.025155261158943176 0.002355259843170643 -0.009246851317584516
v 0.024465421214699745 0.002884592628106475 -0.009246851317584516
v 0.023662084713578224 0.003217345103621483 -0.009246851317584516
v 0.02280000038444996 0.003330840729176998 -0.009246851317584516
v 0.02194400690495968 0.0031946103554219007 -0.009262694977223875
v 0.021146347746253014 0.002864209236577153 -0.009262694977223875
v 0.02046138234436512 0.0023386168759316206 -0.009262694977223875
v 0.019935790449380875 0.0016536518232896924 -0.009262694977223875
v 0.01960538886487484 0.0008559930138289928 -0.009262694977223875
v 0.01949269510805607 -3.329089226511428e-10 -0.009262694977223875
v 0.01960538886487484 -0.0008559936541132629 -0.009262694977223875
v 0.019935790449380875 -0.0016536525217816234 -0.009262694977223875
v 0.02046138234436512 -0.0023386175744235516 -0.009262694977223875
v 0.021146347746253014 -0.002864209935069084 -0.009262694977223875
v 0.02194400690495968 -0.0031946110539138317 -0.009262694977223875
v 0.02280000038444996 -0.0033073045779019594 -0.009262694977223875
v 0.02365599386394024 -0.0031946110539138317 -0.009262694977223875
v 0.024453653022646904 -0.002864209935069084 -0.009262694977223875
v 0.02513861656188965 -0.0023386175744235516 -0.009262694977223875
v 0.025664210319519043 -0.0016536525217816234 -0.009262694977223875
v 0.02599461004137993 -0.0008559936541132629 -0.009262694977223875
v 0.0261073037981987 -3.329089226511428e-10 -0.009262694977223875
v 0.02599461004137993 0.0008559930138289928 -0.009262694977223875
v 0.025664210319519043 0.0016536518232896924 -0.009262694977223875
v 0.02513861656188965 0.0023386168759316206 -0.009262694977223875
v 0.024453653022646904 0.002864209236577153 -0.009262694977223875
v 0.02365599386394024 0.0031946103554219007 -0.009262694977223875
v 0.02280000038444996 0.0033073038794100285 -0.009262694977223875
v 0.021950891241431236 0.0031689179595559835 -0.009272569790482523
v 0.021159647032618523 0.0028411741368472576 -0.009272569790482523
v 0.020480191335082054 0.002319808816537261 -0.009272569790482523
v 0.019958825781941414 0.0016403525369241834 -0.009272569790482523
v 0.01963108219206333 0.000849108793772757 -0.009272569790482523
v 0.019519293680787086 -3.329089226511428e-10 -0.009272569790482523
v 0.01963108219206333 -0.0008491094340570271 -0.009272569790482523
v 0.019958825781941414 -0.0016403531190007925 -0.009272569790482523
v 0.020480191335082054 -0.002319809515029192 -0.009272569790482523
v 0.021159647032618523 -0.0028411748353391886 -0.009272569790482523
v 0.021950891241431236 -0.0031689186580479145 -0.009272569790482523
v 0.02280000038444996 -0.0032807060051709414 -0.009272569790482523
v 0.02364910952746868 -0.0031689186580479145 -0.009272569790482523
v 0.024440353736281395 -0.0028411748353391886 -0.009272569790482523
v 0.025119809433817863 -0.002319809515029192 -0.009272569790482523
v 0.025641174986958504 -0.0016403531190007925 -0.009272569790482523
v 0.025968918576836586 -0.0008491094340570271 -0.009272569790482523
v 0.026080705225467682 -3.329089226511428e-10 -0.009272569790482523
v 0.025968918576836586 0.000849108793772757 -0.009272569790482523
v 0.025641174986958504 0.0016403525369241834 -0.009272569790482523
v 0.025119809433817863 0.002319808816537261 -0.009272569790482523
v 0.024440353736281395 0.0028411741368472576 -0.009272569790482523
v 0.02364910952746868 0.0031689179595559835 -0.009272569790482523
v 0.02280000038444996 0.0032807053066790104 -0.009272569790482523
v 0.020820757374167442 0.001979242544621229 -0.009275924414396288
v 0.021400464698672295 0.0024240671191364527 -0.009275924414396288
v 0.025599071756005287 -3.329089226511428e-10 -0.009275924414396288
v 0.025503695011138916 -0.00072445347905159 -0.009275924414396288
v 0.02207554690539837 0.002703695558011532 -0.009275924414396288
v 0.02280000038444996 0.002799071604385972 -0.009275924414396288
v 0.02352445386350155 0.002703695558011532 -0.009275924414396288
v 0.024199536070227623 0.0024240671191364527 -0.009275924414396288
v 0.024779243394732475 0.001979242544621229 -0.009275924414396288
v 0.025503695011138916 0.000724452780559659 -0.009275924414396288
v 0.020375931635499 0.0013995356857776642 -0.009275924414396288
v 0.025224067270755768 -0.0013995363842695951 -0.009275924414396288
v 0.024199536070227623 -0.0024240678176283836 -0.009275924414396288
v 0.02352445386350155 -0.002703696256503463 -0.009275924414396288
v 0.02207554690539837 -0.002703696256503463 -0.009275924414396288
v 0.021400464698672295 -0.0024240678176283836 -0.009275924414396288
v 0.025224067270755768 0.0013995356857776642 -0.009275924414396288
v 0.024779243394732475 -0.0019792430102825165 -0.009275924414396288
v 0.02280000038444996 -0.002799072302877903 -0.009275924414396288
v 0.020096303895115852 0.000724452780559659 -0.009275924414396288
v 0.020820757374167442 -0.0019792430102825165 -0.009275924414396288
v 0.020375931635499 -0.0013995363842695951 -0.009275924414396288
v 0.020096303895115852 -0.00072445347905159 -0.009275924414396288
v 0.02000092715024948 -3.329089226511428e-10 -0.009275924414396288
v 0.022348973900079727 0.0007812005933374166 -0.01025420241057873
v 0.022566530853509903 0.0008713160641491413 -0.01025420241057873
v 0.02280000038444996 -3.329089226511428e-10 -0.010364918038249018
v 0.02216215245425701 0.0006378475809469819 -0.01025420241057873
v 0.0220187995582819 0.0004510262224357575 -0.01025420241057873
v 0.021928682923316956 0.00023346819216385484 -0.01025420241057873
v 0.021897947415709496 -3.329089226511428e-10 -0.01025420241057873
v 0.021928682923316956 -0.00023346886155195534 -0.01025420241057873
v 0.0220187995582819 -0.000451026891823858 -0.01025420241057873
v 0.02216215245425701 -0.000637848221231252 -0.01025420241057873
v 0.022348973900079727 -0.0007812012918293476 -0.01025420241057873
v 0.022566530853509903 -0.0008713167626410723 -0.01025420241057873
v 0.02280000038444996 -0.0009020534926094115 -0.01025420241057873
v 0.023033468052744865 -0.0008713167626410723 -0.01025420241057873
v 0.02325102686882019 -0.0007812012918293476 -0.01025420241057873
v 0.023437848314642906 -0.000637848221231252 -0.01025420241057873
v 0.02358120121061802 -0.000451026891823858 -0.01025420241057873
v 0.023671315982937813 -0.00023346886155195534 -0.01025420241057873
v 0.023702053353190422 -3.329089226511428e-10 -0.01025420241057873
v 0.023671315982937813 0.00023346819216385484 -0.01025420241057873
v 0.02358120121061802 0.0004510262224357575 -0.01025420241057873
v 0.023437848314642906 0.0006378475809469819 -0.01025420241057873
v 0.02325102686882019 0.0007812005933374166 -0.01025420241057873
v 0.023033468052744865 0.0008713160641491413 -0.01025420241057873
v 0.02280000038444996 0.0009020527941174805 -0.01025420241057873
v 0.02280000038444996 0.0015926990890875459 -0.010030499659478666
v 0.023212220519781113 0.0015384291764348745 -0.010030499659478666
v 0.023596350103616714 0.0013793178368359804 -0.010030499659478666
v 0.023926207795739174 0.0011262082261964679 -0.010030499659478666
v 0.02417931891977787 0.0007963493699207902 -0.010030499659478666
v 0.024338429793715477 0.00041222063009627163 -0.010030499659478666
v 0.02439269982278347 -3.329089226511428e-10 -0.010030499659478666
v 0.024338429793715477 -0.0004122212703805417 -0.010030499659478666
v 0.02417931891977787 -0.0007963500684127212 -0.010030499659478666
v 0.023926207795739174 -0.0011262089246883988 -0.010030499659478666
v 0.023596350103616714 -0.0013793185353279114 -0.010030499659478666
v 0.023212220519781113 -0.0015384298749268055 -0.010030499659478666
v 0.02280000038444996 -0.0015926997875794768 -0.010030499659478666
v 0.022387778386473656 -0.0015384298749268055 -0.010030499659478666
v 0.022003650665283203 -0.0013793185353279114 -0.010030499659478666
v 0.021673791110515594 -0.0011262089246883988 -0.010030499659478666
v 0.021420681849122047 -0.0007963500684127212 -0.010030499659478666
v 0.02126157097518444 -0.0004122212703805417 -0.010030499659478666
v 0.021207300946116447 -3.329089226511428e-10 -0.010030499659478666
v 0.02126157097518444 0.00041222063009627163 -0.010030499659478666
v 0.021420681849122047 0.0007963493699207902 -0.010030499659478666
v 0.021673791110515594 0.0011262082261964679 -0.010030499659478666
v 0.022003650665283203 0.0013793178368359804 -0.010030499659478666
v 0.022387778386473656 0.0015384291764348745 -0.010030499659478666
v 0.02280000038444996 0.0021722023375332355 -0.009742118418216707
v 0.023362208157777786 0.002098186407238245 -0.009742118418216707
v 0.023886101320385933 0.0018811823101714253 -0.009742118418216707
v 0.02433597855269909 0.0015359788667410612 -0.009742118418216707
v 0.024681182578206062 0.0010861009359359741 -0.009742118418216707
v 0.024898186326026917 0.0005622070748358965 -0.009742118418216707
v 0.024972202256321907 -3.329089226511428e-10 -0.009742118418216707
v 0.024898186326026917 -0.0005622077733278275 -0.009742118418216707
v 0.024681182578206062 -0.001086101634427905 -0.009742118418216707
v 0.02433597855269909 -0.0015359795652329922 -0.009742118418216707
v 0.023886101320385933 -0.0018811830086633563 -0.009742118418216707
v 0.023362208157777786 -0.0020981868728995323 -0.009742118418216707
v 0.02280000038444996 -0.0021722030360251665 -0.009742118418216707
v 0.02223779261112213 -0.0020981868728995323 -0.009742118418216707
v 0.021713899448513985 -0.0018811830086633563 -0.009742118418216707
v 0.02126402035355568 -0.0015359795652329922 -0.009742118418216707
v 0.020918818190693855 -0.001086101634427905 -0.009742118418216707
v 0.020701812580227852 -0.0005622077733278275 -0.009742118418216707
v 0.02062779664993286 -3.329089226511428e-10 -0.009742118418216707
v 0.020701812580227852 0.0005622070748358965 -0.009742118418216707
v 0.020918818190693855 0.0010861009359359741 -0.009742118418216707
v 0.02126402035355568 0.0015359788667410612 -0.009742118418216707
v 0.021713899448513985 0.0018811823101714253 -0.009742118418216707
v 0.02223779261112213 0.002098186407238245 -0.009742118418216707
v 0.05429999902844429 0.0 -0.010470000095665457
v 0.05445333197712898 0.0011646857019513845 -0.010470000095665457
v 0.05490288510918617 0.0022499999031424522 -0.010470000095665457
v 0.05561801791191101 0.0031819804571568966 -0.010470000095665457
v 0.05654999986290932 0.003897114424034953 -0.010470000095665457
v 0.057635314762592316 0.004346666391938925 -0.010470000095665457
v 0.058800000697374344 0.0044999998062849045 -0.010470000095665457
v 0.05996468663215637 0.004346666391938925 -0.010470000095665457
v 0.06105000153183937 0.003897114424034953 -0.010470000095665457
v 0.06198197975754738 0.0031819804571568966 -0.010470000095665457
v 0.06269711256027222 0.0022499999031424522 -0.010470000095665457
v 0.0631466656923294 0.0011646857019513845 -0.010470000095665457
v 0.0632999986410141 2.5494924502336297e-18 -0.010470000095665457
v 0.0631466656923294 -0.0011646857019513845 -0.010470000095665457
v 0.06269711256027222 -0.0022499999031424522 -0.010470000095665457
v 0.06198197975754738 -0.0031819804571568966 -0.010470000095665457
v 0.06105000153183937 -0.003897114424034953 -0.010470000095665457
v 0.05996468663215637 -0.004346666391938925 -0.010470000095665457
v 0.058800000697374344 -0.0044999998062849045 -0.010470000095665457
v 0.057635314762592316 -0.004346666391938925 -0.010470000095665457
v 0.05490288510918617 -0.0022499999031424522 -0.010470000095665457
v 0.05445333197712898 -0.0011646857019513845 -0.010470000095665457
v 0.05499047413468361 -0.002395311603322625 -0.010440000332891943
v 0.05499047413468361 -0.002395311603322625 -0.010470000095665457
v 0.05654999986290932 -0.003897114424034953 -0.010470000095665457
v 0.05640468746423721 -0.003809525165706873 -0.010440000332891943
v 0.05561801791191101 -0.0031819804571568966 -0.010440000332891943
v 0.05640468746423721 -0.003809525165706873 -0.010470000095665457
v 0.05503278970718384 0.002174999797716737 -0.010470000095665457
v 0.05572408437728882 0.0030759144574403763 -0.010470000095665457
v 0.05662500113248825 0.0037672105245292187 -0.010470000095665457
v 0.05767413601279259 0.004201777279376984 -0.010470000095665457
v 0.0599258616566658 0.004201777279376984 -0.010470000095665457
v 0.06097500026226044 0.0037672105245292187 -0.010470000095665457
v 0.05503278970718384 -0.0021750004962086678 -0.010470000095665457
v 0.05459822341799736 -0.0011258632875978947 -0.010470000095665457
v 0.058800000697374344 0.004350000061094761 -0.010470000095665457
v 0.05444999784231186 -3.329089226511428e-10 -0.010470000095665457
v 0.06300177425146103 0.0011258625891059637 -0.010470000095665457
v 0.06315000355243683 -3.329089226511428e-10 -0.010470000095665457
v 0.06300177425146103 -0.0011258632875978947 -0.010470000095665457
v 0.06256721168756485 -0.0021750004962086678 -0.010470000095665457
v 0.0599258616566658 -0.004201778210699558 -0.010470000095665457
v 0.058800000697374344 -0.004350000526756048 -0.010470000095665457
v 0.05459822341799736 0.0011258625891059637 -0.010470000095665457
v 0.06187591329216957 0.0030759144574403763 -0.010470000095665457
v 0.06256721168756485 0.002174999797716737 -0.010470000095665457
v 0.06187591329216957 -0.0030759151559323072 -0.010470000095665457
v 0.05767413601279259 -0.004201778210699558 -0.010470000095665457
v 0.06097500026226044 -0.0037672112230211496 -0.010470000095665457
v 0.05662500113248825 -0.0037672112230211496 -0.010470000095665457
v 0.05651357024908066 -0.003700641915202141 -0.010470000095665457
v 0.055099356919527054 -0.002286428352817893 -0.010470000095665457
v 0.05511758103966713 -0.0022684242576360703 -0.010444510728120806
v 0.05574936792254448 -0.0030506341718137264 -0.010440000332891943
v 0.056531574577093124 -0.003682417329400778 -0.010444510728120806
v 0.05780354514718056 -0.0037188150454312563 -0.010050450451672079
v 0.05687500163912773 -0.0033341983798891306 -0.010050450451672079
v 0.05508118495345116 -0.0009964536875486374 -0.010050450451672079
v 0.05494999885559082 -3.329089226511428e-10 -0.010050450451672079
v 0.05508118495345116 0.0009964531054720283 -0.010050450451672079
v 0.05546580255031586 0.0019249998731538653 -0.010050450451672079
v 0.05607764050364494 0.0027223611250519753 -0.010050450451672079
v 0.05687500163912773 0.0033341976813971996 -0.010050450451672079
v 0.05780354514718056 0.0037188143469393253 -0.010050450451672079
v 0.058800000697374344 0.0038499999791383743 -0.010050450451672079
v 0.05979645252227783 0.0037188143469393253 -0.010050450451672079
v 0.060724999755620956 0.0033341976813971996 -0.010050450451672079
v 0.061522360891103745 0.0027223611250519753 -0.010050450451672079
v 0.06213419884443283 0.0019249998731538653 -0.010050450451672079
v 0.06251881271600723 0.0009964531054720283 -0.010050450451672079
v 0.06265000253915787 -3.329089226511428e-10 -0.010050450451672079
v 0.06251881271600723 -0.0009964536875486374 -0.010050450451672079
v 0.06213419884443283 -0.0019250004552304745 -0.010050450451672079
v 0.061522360891103745 -0.0027223615907132626 -0.010050450451672079
v 0.060724999755620956 -0.0033341983798891306 -0.010050450451672079
v 0.05979645252227783 -0.0037188150454312563 -0.010050450451672079
v 0.058800000697374344 -0.0038500006776303053 -0.010050450451672079
v 0.05607764050364494 -0.0027223615907132626 -0.010050450451672079
v 0.05546580255031586 -0.0019250004552304745 -0.010050450451672079
v 0.058800000697374344 -0.0038500006776303053 -0.009325023740530016
v 0.05979645252227783 -0.0037188150454312563 -0.009325023740530016
v 0.060724999755620956 -0.0033341983798891306 -0.009325023740530016
v 0.061522360891103745 -0.0027223615907132626 -0.009325023740530016
v 0.06213419884443283 -0.0019250004552304745 -0.009325023740530016
v 0.06251881271600723 -0.0009964536875486374 -0.009325023740530016
v 0.06265000253915787 -3.329089226511428e-10 -0.009325023740530016
v 0.06251881271600723 0.0009964531054720283 -0.009325023740530016
v 0.06213419884443283 0.0019249998731538653 -0.009325023740530016
v 0.061522360891103745 0.0027223611250519753 -0.009325023740530016
v 0.060724999755620956 0.0033341976813971996 -0.009325023740530016
v 0.05979645252227783 0.0037188143469393253 -0.009325023740530016
v 0.058800000697374344 0.0038499999791383743 -0.009325023740530016
v 0.05780354514718056 0.0037188143469393253 -0.009325023740530016
v 0.05687500163912773 0.0033341976813971996 -0.009325023740530016
v 0.05607764050364494 0.0027223611250519753 -0.009325023740530016
v 0.05546580255031586 0.0019249998731538653 -0.009325023740530016
v 0.05508118495345116 0.0009964531054720283 -0.009325023740530016
v 0.05494999885559082 -3.329089226511428e-10 -0.009325023740530016
v 0.05508118495345116 -0.0009964536875486374 -0.009325023740530016
v 0.05546580255031586 -0.0019250004552304745 -0.009325023740530016
v 0.05607764050364494 -0.0027223615907132626 -0.009325023740530016
v 0.05687500163912773 -0.0033341983798891306 -0.009325023740530016
v 0.05780354514718056 -0.0037188150454312563 -0.009325023740530016
v 0.05781254544854164 -0.003685236210003495 -0.009225924499332907
v 0.056892380118370056 -0.0033040924463421106 -0.009225924499332907
v 0.056102219969034195 -0.0026977802626788616 -0.009225924499332907
v 0.05549590662121773 -0.0019076188327744603 -0.009225924499332907
v 0.05511476472020149 -0.000987456296570599 -0.009225924499332907
v 0.05498476326465607 -3.329089226511428e-10 -0.009225924499332907
v 0.05511476472020149 0.00098745571449399 -0.009225924499332907
v 0.05549590662121773 0.0019076181342825294 -0.009225924499332907
v 0.056102219969034195 0.0026977795641869307 -0.009225924499332907
v 0.056892380118370056 0.0033040917478501797 -0.009225924499332907
v 0.05781254544854164 0.0036852355115115643 -0.009225924499332907
v 0.058800000697374344 0.003815236734226346 -0.009225924499332907
v 0.059787455946207047 0.0036852355115115643 -0.009225924499332907
v 0.06070761755108833 0.0033040917478501797 -0.009225924499332907
v 0.06149778142571449 0.0026977795641869307 -0.009225924499332907
v 0.06210409104824066 0.0019076181342825294 -0.009225924499332907
v 0.062485236674547195 0.00098745571449399 -0.009225924499332907
v 0.06261523813009262 -3.329089226511428e-10 -0.009225924499332907
v 0.062485236674547195 -0.000987456296570599 -0.009225924499332907
v 0.06210409104824066 -0.0019076188327744603 -0.009225924499332907
v 0.06149778142571449 -0.0026977802626788616 -0.009225924499332907
v 0.06070761755108833 -0.0033040924463421106 -0.009225924499332907
v 0.059787455946207047 -0.003685236210003495 -0.009225924499332907
v 0.058800000697374344 -0.0038152371998876333 -0.009225924499332907
v 0.06116880849003792 0.002368807327002287 -0.009225924499332907
v 0.06170118600130081 0.0016749997157603502 -0.009225924499332907
v 0.05643119290471077 0.002368807327002287 -0.009225924499332907
v 0.05712499842047691 0.0029011848382651806 -0.009225924499332907
v 0.060474999248981476 0.0029011848382651806 -0.009225924499332907
v 0.057932958006858826 0.0032358511816710234 -0.009225924499332907
v 0.058800000697374344 0.003349999664351344 -0.009225924499332907
v 0.05966704338788986 0.0032358511816710234 -0.009225924499332907
v 0.062035851180553436 0.0008670434472151101 -0.009225924499332907
v 0.06116880849003792 -0.002368808025494218 -0.009225924499332907
v 0.060474999248981476 -0.002901185303926468 -0.009225924499332907
v 0.058800000697374344 -0.003350000362843275 -0.009225924499332907
v 0.057932958006858826 -0.0032358518801629543 -0.009225924499332907
v 0.05643119290471077 -0.002368808025494218 -0.009225924499332907
v 0.055898815393447876 -0.0016750002978369594 -0.009225924499332907
v 0.055898815393447876 0.0016749997157603502 -0.009225924499332907
v 0.05966704338788986 -0.0032358518801629543 -0.009225924499332907
v 0.05712499842047691 -0.002901185303926468 -0.009225924499332907
v 0.05556415021419525 -0.000867044145707041 -0.009225924499332907
v 0.062150001525878906 -3.329089226511428e-10 -0.009225924499332907
v 0.062035851180553436 -0.000867044145707041 -0.009225924499332907
v 0.06170118600130081 -0.0016750002978369594 -0.009225924499332907
v 0.05556415021419525 0.0008670434472151101 -0.009225924499332907
v 0.05544999986886978 -3.329089226511428e-10 -0.009225924499332907
v 0.058800000697374344 0.003252531634643674 -0.009275924414396288
v 0.05795818194746971 0.003141704248264432 -0.009275924414396288
v 0.05717373266816139 0.0028167751152068377 -0.009275924414396288
v 0.056500110775232315 0.002299887128174305 -0.009275924414396288
v 0.055983223021030426 0.0016262657009065151 -0.009275924414396288
v 0.05565829575061798 0.0008418168872594833 -0.009275924414396288
v 0.05554746836423874 -3.329089226511428e-10 -0.009275924414396288
v 0.05565829575061798 -0.0008418175857514143 -0.009275924414396288
v 0.055983223021030426 -0.0016262662829831243 -0.009275924414396288
v 0.056500110775232315 -0.002299887826666236 -0.009275924414396288
v 0.05717373266816139 -0.002816775580868125 -0.009275924414396288
v 0.05795818194746971 -0.003141704946756363 -0.009275924414396288
v 0.058800000697374344 -0.003252532333135605 -0.009275924414396288
v 0.05964181572198868 -0.003141704946756363 -0.009275924414396288
v 0.060426265001297 -0.002816775580868125 -0.009275924414396288
v 0.061099886894226074 -0.002299887826666236 -0.009275924414396288
v 0.06161677464842796 -0.0016262662829831243 -0.009275924414396288
v 0.06194170564413071 -0.0008418175857514143 -0.009275924414396288
v 0.06205253303050995 -3.329089226511428e-10 -0.009275924414396288
v 0.06194170564413071 0.0008418168872594833 -0.009275924414396288
v 0.06161677464842796 0.0016262657009065151 -0.009275924414396288
v 0.061099886894226074 0.002299887128174305 -0.009275924414396288
v 0.060426265001297 0.0028167751152068377 -0.009275924414396288
v 0.05964181572198868 0.003141704248264432 -0.009275924414396288
v 0.05793791636824608 0.003217345103621483 -0.009246851317584516
v 0.05713457986712456 0.002884592628106475 -0.009246851317584516
v 0.05644473806023598 0.002355259843170643 -0.009246851317584516
v 0.055915407836437225 0.0016654201317578554 -0.009246851317584516
v 0.05558265373110771 0.0008620847365818918 -0.009246851317584516
v 0.05546915903687477 -3.329089226511428e-10 -0.009246851317584516
v 0.05558265373110771 -0.0008620854350738227 -0.009246851317584516
v 0.055915407836437225 -0.0016654208302497864 -0.009246851317584516
v 0.05644473806023598 -0.002355260541662574 -0.009246851317584516
v 0.05713457986712456 -0.002884593326598406 -0.009246851317584516
v 0.05793791636824608 -0.00321734556928277 -0.009246851317584516
v 0.058800000697374344 -0.003330841427668929 -0.009246851317584516
v 0.05966208502650261 -0.00321734556928277 -0.009246851317584516
v 0.06046542152762413 -0.002884593326598406 -0.009246851317584516
v 0.06115525960922241 -0.002355260541662574 -0.009246851317584516
v 0.06168459355831146 -0.0016654208302497864 -0.009246851317584516
v 0.06201734393835068 -0.0008620854350738227 -0.009246851317584516
v 0.06213084235787392 -3.329089226511428e-10 -0.009246851317584516
v 0.06201734393835068 0.0008620847365818918 -0.009246851317584516
v 0.06168459355831146 0.0016654201317578554 -0.009246851317584516
v 0.06115525960922241 0.002355259843170643 -0.009246851317584516
v 0.06046542152762413 0.002884592628106475 -0.009246851317584516
v 0.05966208502650261 0.003217345103621483 -0.009246851317584516
v 0.058800000697374344 0.003330840729176998 -0.009246851317584516
v 0.057944007217884064 0.0031946103554219007 -0.009262694977223875
v 0.0571463480591774 0.002864209236577153 -0.009262694977223875
v 0.056461382657289505 0.0023386168759316206 -0.009262694977223875
v 0.05593578889966011 0.0016536518232896924 -0.009262694977223875
v 0.055605389177799225 0.0008559930138289928 -0.009262694977223875
v 0.055492695420980453 -3.329089226511428e-10 -0.009262694977223875
v 0.055605389177799225 -0.0008559936541132629 -0.009262694977223875
v 0.05593578889966011 -0.0016536525217816234 -0.009262694977223875
v 0.056461382657289505 -0.0023386175744235516 -0.009262694977223875
v 0.0571463480591774 -0.002864209935069084 -0.009262694977223875
v 0.057944007217884064 -0.0031946110539138317 -0.009262694977223875
v 0.058800000697374344 -0.0033073045779019594 -0.009262694977223875
v 0.059655994176864624 -0.0031946110539138317 -0.009262694977223875
v 0.06045365333557129 -0.002864209935069084 -0.009262694977223875
v 0.06113861873745918 -0.0023386175744235516 -0.009262694977223875
v 0.06166420876979828 -0.0016536525217816234 -0.009262694977223875
v 0.06199461221694946 -0.0008559936541132629 -0.009262694977223875
v 0.062107305973768234 -3.329089226511428e-10 -0.009262694977223875
v 0.06199461221694946 0.0008559930138289928 -0.009262694977223875
v 0.06166420876979828 0.0016536518232896924 -0.009262694977223875
v 0.06113861873745918 0.0023386168759316206 -0.009262694977223875
v 0.06045365333557129 0.002864209236577153 -0.009262694977223875
v 0.059655994176864624 0.0031946103554219007 -0.009262694977223875
v 0.058800000697374344 0.0033073038794100285 -0.009262694977223875
v 0.05795089155435562 0.0031689179595559835 -0.009272569790482523
v 0.05715964734554291 0.0028411741368472576 -0.009272569790482523
v 0.05648019164800644 0.002319808816537261 -0.009272569790482523
v 0.0559588260948658 0.0016403525369241834 -0.009272569790482523
v 0.05563108250498772 0.000849108793772757 -0.009272569790482523
v 0.05551929399371147 -3.329089226511428e-10 -0.009272569790482523
v 0.05563108250498772 -0.0008491094340570271 -0.009272569790482523
v 0.0559588260948658 -0.0016403531190007925 -0.009272569790482523
v 0.05648019164800644 -0.002319809515029192 -0.009272569790482523
v 0.05715964734554291 -0.0028411748353391886 -0.009272569790482523
v 0.05795089155435562 -0.0031689186580479145 -0.009272569790482523
v 0.058800000697374344 -0.0032807060051709414 -0.009272569790482523
v 0.059649109840393066 -0.0031689186580479145 -0.009272569790482523
v 0.06044035404920578 -0.0028411748353391886 -0.009272569790482523
v 0.06111980974674225 -0.002319809515029192 -0.009272569790482523
v 0.06164117529988289 -0.0016403531190007925 -0.009272569790482523
v 0.06196891888976097 -0.0008491094340570271 -0.009272569790482523
v 0.062080707401037216 -3.329089226511428e-10 -0.009272569790482523
v 0.06196891888976097 0.000849108793772757 -0.009272569790482523
v 0.06164117529988289 0.0016403525369241834 -0.009272569790482523
v 0.06111980974674225 0.002319808816537261 -0.009272569790482523
v 0.06044035404920578 0.0028411741368472576 -0.009272569790482523
v 0.059649109840393066 0.0031689179595559835 -0.009272569790482523
v 0.058800000697374344 0.0032807053066790104 -0.009272569790482523
v 0.06077924370765686 0.001979242544621229 -0.009275924414396288
v 0.061224065721035004 0.0013995356857776642 -0.009275924414396288
v 0.06077924370765686 -0.0019792430102825165 -0.009275924414396288
v 0.06019953638315201 -0.0024240678176283836 -0.009275924414396288
v 0.058075547218322754 0.002703695558011532 -0.009275924414396288
v 0.058800000697374344 0.002799071604385972 -0.009275924414396288
v 0.06019953638315201 0.0024240671191364527 -0.009275924414396288
v 0.061224065721035004 -0.0013995363842695951 -0.009275924414396288
v 0.059524454176425934 0.002703695558011532 -0.009275924414396288
v 0.06150369718670845 0.000724452780559659 -0.009275924414396288
v 0.059524454176425934 -0.002703696256503463 -0.009275924414396288
v 0.06159907206892967 -3.329089226511428e-10 -0.009275924414396288
v 0.06150369718670845 -0.00072445347905159 -0.009275924414396288
v 0.058800000697374344 -0.002799072302877903 -0.009275924414396288
v 0.058075547218322754 -0.002703696256503463 -0.009275924414396288
v 0.05740046501159668 -0.0024240678176283836 -0.009275924414396288
v 0.05682075768709183 -0.0019792430102825165 -0.009275924414396288
v 0.056375931948423386 -0.0013995363842695951 -0.009275924414396288
v 0.05682075768709183 0.001979242544621229 -0.009275924414396288
v 0.05740046501159668 0.0024240671191364527 -0.009275924414396288
v 0.05609630420804024 -0.00072445347905159 -0.009275924414396288
v 0.056000929325819016 -3.329089226511428e-10 -0.009275924414396288
v 0.05609630420804024 0.000724452780559659 -0.009275924414396288
v 0.056375931948423386 0.0013995356857776642 -0.009275924414396288
v 0.05834897235035896 0.0007812005933374166 -0.01025420241057873
v 0.05856653302907944 0.0008713160641491413 -0.01025420241057873
v 0.058800000697374344 -3.329089226511428e-10 -0.010364918038249018
v 0.058162152767181396 0.0006378475809469819 -0.01025420241057873
v 0.058018799871206284 0.0004510262224357575 -0.01025420241057873
v 0.05792868509888649 0.00023346819216385484 -0.01025420241057873
v 0.05789794772863388 -3.329089226511428e-10 -0.01025420241057873
v 0.05792868509888649 -0.00023346886155195534 -0.01025420241057873
v 0.058018799871206284 -0.000451026891823858 -0.01025420241057873
v 0.058162152767181396 -0.000637848221231252 -0.01025420241057873
v 0.05834897235035896 -0.0007812012918293476 -0.01025420241057873
v 0.05856653302907944 -0.0008713167626410723 -0.01025420241057873
v 0.058800000697374344 -0.0009020534926094115 -0.01025420241057873
v 0.05903346836566925 -0.0008713167626410723 -0.01025420241057873
v 0.059251025319099426 -0.0007812012918293476 -0.01025420241057873
v 0.05943784862756729 -0.000637848221231252 -0.01025420241057873
v 0.059581201523542404 -0.000451026891823858 -0.01025420241057873
v 0.0596713162958622 -0.00023346886155195534 -0.01025420241057873
v 0.05970205366611481 -3.329089226511428e-10 -0.01025420241057873
v 0.0596713162958622 0.00023346819216385484 -0.01025420241057873
v 0.059581201523542404 0.0004510262224357575 -0.01025420241057873
v 0.05943784862756729 0.0006378475809469819 -0.01025420241057873
v 0.059251025319099426 0.0007812005933374166 -0.01025420241057873
v 0.05903346836566925 0.0008713160641491413 -0.01025420241057873
v 0.058800000697374344 0.0009020527941174805 -0.01025420241057873
v 0.058800000697374344 0.0015926990890875459 -0.010030499659478666
v 0.05921222269535065 0.0015384291764348745 -0.010030499659478666
v 0.05959634855389595 0.0013793178368359804 -0.010030499659478666
v 0.05992620810866356 0.0011262082261964679 -0.010030499659478666
v 0.060179319232702255 0.0007963493699207902 -0.010030499659478666
v 0.06033843010663986 0.00041222063009627163 -0.010030499659478666
v 0.060392700135707855 -3.329089226511428e-10 -0.010030499659478666
v 0.06033843010663986 -0.0004122212703805417 -0.010030499659478666
v 0.060179319232702255 -0.0007963500684127212 -0.010030499659478666
v 0.05992620810866356 -0.0011262089246883988 -0.010030499659478666
v 0.05959634855389595 -0.0013793185353279114 -0.010030499659478666
v 0.05921222269535065 -0.0015384298749268055 -0.010030499659478666
v 0.058800000697374344 -0.0015926997875794768 -0.010030499659478666
v 0.05838777869939804 -0.0015384298749268055 -0.010030499659478666
v 0.05800364911556244 -0.0013793185353279114 -0.010030499659478666
v 0.05767378956079483 -0.0011262089246883988 -0.010030499659478666
v 0.05742068216204643 -0.0007963500684127212 -0.010030499659478666
v 0.057261571288108826 -0.0004122212703805417 -0.010030499659478666
v 0.05720730125904083 -3.329089226511428e-10 -0.010030499659478666
v 0.057261571288108826 0.00041222063009627163 -0.010030499659478666
v 0.05742068216204643 0.0007963493699207902 -0.010030499659478666
v 0.05767378956079483 0.0011262082261964679 -0.010030499659478666
v 0.05800364911556244 0.0013793178368359804 -0.010030499659478666
v 0.05838777869939804 0.0015384291764348745 -0.010030499659478666
v 0.058800000697374344 0.0021722023375332355 -0.009742118418216707
v 0.05936220660805702 0.002098186407238245 -0.009742118418216707
v 0.05988610163331032 0.0018811823101714253 -0.009742118418216707
v 0.060335978865623474 0.0015359788667410612 -0.009742118418216707
v 0.06068118289113045 0.0010861009359359741 -0.009742118418216707
v 0.06089818477630615 0.0005622070748358965 -0.009742118418216707
v 0.06097220256924629 -3.329089226511428e-10 -0.009742118418216707
v 0.06089818477630615 -0.0005622077733278275 -0.009742118418216707
v 0.06068118289113045 -0.001086101634427905 -0.009742118418216707
v 0.060335978865623474 -0.0015359795652329922 -0.009742118418216707
v 0.05988610163331032 -0.0018811830086633563 -0.009742118418216707
v 0.05936220660805702 -0.0020981868728995323 -0.009742118418216707
v 0.058800000697374344 -0.0021722030360251665 -0.009742118418216707
v 0.05823779106140137 -0.0020981868728995323 -0.009742118418216707
v 0.05771389976143837 -0.0018811830086633563 -0.009742118418216707
v 0.057264022529125214 -0.0015359795652329922 -0.009742118418216707
v 0.05691881850361824 -0.001086101634427905 -0.009742118418216707
v 0.05670181289315224 -0.0005622077733278275 -0.009742118418216707
v 0.056627798825502396 -3.329089226511428e-10 -0.009742118418216707
v 0.05670181289315224 0.0005622070748358965 -0.009742118418216707
v 0.05691881850361824 0.0010861009359359741 -0.009742118418216707
v 0.057264022529125214 0.0015359788667410612 -0.009742118418216707
v 0.05771389976143837 0.0018811823101714253 -0.009742118418216707
v 0.05823779106140137 0.002098186407238245 -0.009742118418216707
usemtl head_darkblack
f 2087 2088 2094
f 2088 2093 2094
f 2094 2093 2100
f 2144 2143 2120
f 2120 2143 2118
f 2143 2142 2118
f 2118 2142 2119
f 2142 2141 2119
f 2119 2141 2117
f 2141 2139 2117
f 2117 2139 2114
f 2120 2094 2144
f 2094 2100 2144
f 2144 2100 2140
f 2100 2103 2140
f 2140 2103 2121
f 2103 2101 2121
f 2121 2101 2122
f 2101 2095 2122
f 2122 2095 2123
f 2095 2096 2123
f 2123 2096 2124
f 2096 2097 2124
f 2124 2097 2125
f 2097 2098 2125
f 2125 2098 2126
f 2098 2099 2126
f 2126 2099 2127
f 2099 2102 2127
f 2127 2102 2128
f 2102 2104 2128
f 2128 2104 2129
f 2104 2105 2129
f 2129 2105 2130
f 2105 2106 2130
f 2130 2106 2131
f 2106 2107 2131
f 2131 2107 2132
f 2107 2108 2132
f 2132 2108 2133
f 2108 2115 2133
f 2133 2115 2134
f 2115 2109 2134
f 2134 2109 2135
f 2109 2110 2135
f 2135 2110 2136
f 2110 2111 2136
f 2136 2111 2137
f 2111 2112 2137
f 2137 2112 2138
f 2112 2116 2138
f 2138 2116 2139
f 2116 2113 2139
f 2139 2113 2114
f 2145 2140 2168
f 2140 2121 2168
f 2168 2121 2167
f 2121 2122 2167
f 2167 2122 2166
f 2122 2123 2166
f 2166 2123 2165
f 2123 2124 2165
f 2165 2124 2164
f 2124 2125 2164
f 2164 2125 2163
f 2125 2126 2163
f 2163 2126 2162
f 2126 2127 2162
f 2162 2127 2161
f 2127 2128 2161
f 2161 2128 2160
f 2128 2129 2160
f 2160 2129 2159
f 2129 2130 2159
f 2159 2130 2158
f 2130 2131 2158
f 2158 2131 2157
f 2131 2132 2157
f 2157 2132 2156
f 2132 2133 2156
f 2156 2133 2155
f 2133 2134 2155
f 2155 2134 2154
f 2134 2135 2154
f 2154 2135 2153
f 2135 2136 2153
f 2153 2136 2152
f 2136 2137 2152
f 2152 2137 2151
f 2137 2138 2151
f 2151 2138 2150
f 2138 2139 2150
f 2150 2139 2149
f 2139 2141 2149
f 2149 2141 2148
f 2141 2142 2148
f 2148 2142 2147
f 2142 2143 2147
f 2147 2143 2146
f 2143 2144 2146
f 2146 2144 2145
f 2144 2140 2145
f 2169 2168 2170
f 2168 2167 2170
f 2170 2167 2171
f 2167 2166 2171
f 2171 2166 2172
f 2166 2165 2172
f 2172 2165 2173
f 2165 2164 2173
f 2173 2164 2174
f 2164 2163 2174
f 2174 2163 2175
f 2163 2162 2175
f 2175 2162 2176
f 2162 2161 2176
f 2176 2161 2177
f 2161 2160 2177
f 2177 2160 2178
f 2160 2159 2178
f 2178 2159 2179
f 2159 2158 2179
f 2179 2158 2180
f 2158 2157 2180
f 2180 2157 2181
f 2157 2156 2181
f 2181 2156 2182
f 2156 2155 2182
f 2182 2155 2183
f 2155 2154 2183
f 2183 2154 2184
f 2154 2153 2184
f 2184 2153 2187
f 2153 2152 2187
f 2187 2152 2188
f 2152 2151 2188
f 2188 2151 2191
f 2151 2150 2191
f 2191 2150 2192
f 2150 2149 2192
f 2192 2149 2185
f 2149 2148 2185
f 2185 2148 2186
f 2148 2147 2186
f 2186 2147 2189
f 2147 2146 2189
f 2189 2146 2190
f 2146 2145 2190
f 2190 2145 2169
f 2145 2168 2169
f 2092 2114 2089
f 2114 2113 2089
f 2093 2088 2085
f 2093 2085 2100
f 2085 2086 2100
f 2100 2086 2103
f 2086 2065 2103
f 2103 2065 2101
f 2065 2066 2101
f 2101 2066 2095
f 2066 2067 2095
f 2095 2067 2096
f 2067 2068 2096
f 2096 2068 2097
f 2068 2069 2097
f 2097 2069 2098
f 2069 2070 2098
f 2098 2070 2099
f 2070 2071 2099
f 2099 2071 2102
f 2071 2072 2102
f 2102 2072 2104
f 2072 2073 2104
f 2104 2073 2105
f 2073 2074 2105
f 2105 2074 2106
f 2074 2075 2106
f 2106 2075 2107
f 2075 2076 2107
f 2107 2076 2108
f 2076 2077 2108
f 2108 2077 2115
f 2077 2078 2115
f 2115 2078 2109
f 2078 2079 2109
f 2109 2079 2110
f 2079 2080 2110
f 2110 2080 2111
f 2080 2081 2111
f 2111 2081 2112
f 2081 2082 2112
f 2112 2082 2116
f 2082 2083 2116
f 2116 2083 2113
f 2083 2084 2113
f 2113 2084 2089
f 2092 2090 2114
f 2090 2117 2114
f 2087 2094 2120
f 2087 2120 2091
f 2120 2118 2091
f 2091 2118 2090
f 2118 2119 2090
f 2090 2119 2117
f 2085 2088 2087
f 2092 2089 2090
f 2089 1916 2090
f 2090 1916 2091
f 1916 1915 2091
f 2091 1915 2087
f 1915 1923 2087
f 2087 1923 2085
f 1923 1926 2085
f 2085 1926 2086
f 1926 1905 2086
f 2086 1905 2065
f 1905 1904 2065
f 2065 1904 2066
f 1904 1908 2066
f 2066 1908 2067
f 1908 1910 2067
f 2067 1910 2068
f 1910 1909 2068
f 2068 1909 2069
f 1909 1913 2069
f 2069 1913 2070
f 1913 1912 2070
f 2070 1912 2071
f 1912 1917 2071
f 2071 1917 2072
f 1917 1924 2072
f 2072 1924 2073
f 1924 1919 2073
f 2073 1919 2074
f 1919 1918 2074
f 2074 1918 2075
f 1918 1927 2075
f 2075 1927 2076
f 1927 1920 2076
f 2076 1920 2077
f 1920 1925 2077
f 2077 1925 2078
f 1925 1907 2078
f 2078 1907 2079
f 1907 1906 2079
f 2079 1906 2080
f 1906 1911 2080
f 2080 1911 2081
f 1911 1914 2081
f 2081 1914 2082
f 1914 1921 2082
f 2082 1921 2083
f 1921 1922 2083
f 2083 1922 2084
f 1922 1916 2084
f 2084 1916 2089
f 1921 1902 1903
f 1903 1923 1915
f 1927 1901 1920
f 1901 1902 1920
f 1927 1918 1901
f 1918 1919 1901
f 1901 1919 1924
f 1915 1916 1903
f 1916 1922 1903
f 1903 1922 1921
f 1924 1917 1901
f 1917 1912 1901
f 1901 1912 1900
f 1912 1913 1900
f 1921 1914 1902
f 1914 1911 1902
f 1902 1911 1906
f 1913 1909 1900
f 1909 1910 1900
f 1900 1910 1908
f 1906 1907 1902
f 1907 1925 1902
f 1902 1925 1920
f 1908 1904 1900
f 1904 1905 1900
f 1900 1905 1903
f 1905 1926 1903
f 1903 1926 1923
f 1901 1900 1878
f 1900 1877 1878
f 199 112 110
f 221 1886 219
f 1886 1887 219
f 219 1887 217
f 1887 117 217
f 217 117 118
f 474 119 117
f 145 146 1888
f 146 147 1888
f 1888 147 148
f 141 142 1795
f 142 143 1795
f 1795 143 1888
f 143 144 1888
f 1888 144 145
f 136 139 1797
f 139 138 1797
f 1797 138 1795
f 138 140 1795
f 1795 140 141
f 120 122 1889
f 129 130 1797
f 130 131 1797
f 131 132 1797
f 1797 132 136
f 122 123 1889
f 123 124 1889
f 1889 124 125
f 149 137 1889
f 125 126 1889
f 126 127 1889
f 1889 127 1797
f 127 128 1797
f 1797 128 129
f 137 133 1889
f 133 121 1889
f 1889 121 120
f 1789 1793 1890
f 1793 1792 1890
f 1890 1792 1891
f 1759 1749 1757
f 169 1890 168
f 1890 167 168
f 153 154 1796
f 154 155 1796
f 1796 155 1892
f 155 156 1892
f 1892 156 157
f 164 165 1890
f 165 166 1890
f 1890 166 167
f 157 158 1892
f 158 159 1892
f 1892 159 160
f 161 162 1890
f 162 163 1890
f 1890 163 164
f 169 170 1890
f 170 1759 1890
f 1890 1759 1789
f 1759 1757 1789
f 170 171 1759
f 171 172 1759
f 1759 172 173
f 173 151 1759
f 151 150 1759
f 1759 150 1796
f 150 152 1796
f 1796 152 153
f 115 116 965
f 116 564 965
f 1872 974 1873
f 974 973 1873
f 1873 973 1874
f 973 965 1874
f 965 564 1874
f 1874 564 1875
f 564 1796 1875
f 1875 1796 1876
f 1796 1892 1876
f 1876 1892 1871
f 1892 1893 1871
f 1893 855 854
f 1872 1871 974
f 1871 1893 974
f 974 1893 972
f 1893 854 972
f 972 854 113
f 854 114 113
f 848 847 1869
f 1894 850 849
f 110 111 705
f 856 1895 705
f 1895 1886 705
f 705 1886 110
f 1886 221 110
f 110 221 199
f 1869 847 1870
f 847 1896 1870
f 1870 1896 1867
f 1896 1890 1867
f 1867 1890 1865
f 1890 1891 1865
f 1865 1891 1866
f 1891 1897 1866
f 1866 1897 1868
f 1869 1868 848
f 1868 1897 848
f 848 1897 1898
f 1897 1862 1898
f 1898 1862 1899
f 1862 1879 1899
f 1899 1879 1794
f 1879 1878 1794
f 1794 1878 1792
f 1878 1877 1792
f 1792 1877 1891
f 1877 1864 1891
f 1891 1864 1897
f 1864 1863 1897
f 1897 1863 1862
f 1898 1860 1859
f 1860 1898 1861
f 1898 1899 1861
f 1861 1899 1880
f 1899 1794 1880
f 1880 1794 1881
f 1794 1795 1881
f 1881 1795 1882
f 1795 1888 1882
f 1882 1888 1859
f 1888 1894 1859
f 1859 1894 1898
f 1894 849 1898
f 1898 849 848
f 1797 474 1883
f 474 117 1883
f 1883 117 1885
f 117 1887 1885
f 1885 1887 1856
f 1887 1886 1856
f 1856 1886 1857
f 1886 1895 1857
f 1857 1895 1858
f 1895 1889 1858
f 1858 1889 1884
f 1889 1797 1884
f 1884 1797 1883
f 160 161 1892
f 161 1890 1892
f 1892 1890 1893
f 1890 1896 1893
f 1893 1896 855
f 1896 847 855
f 148 149 1888
f 149 1889 1888
f 1888 1889 1894
f 1889 1895 1894
f 1894 1895 850
f 1895 856 850
f 199 198 112
f 198 177 112
f 191 174 186
f 180 183 118
f 180 118 194
f 189 193 174
f 193 196 174
f 174 196 186
f 195 190 179
f 190 185 179
f 191 186 188
f 186 187 188
f 188 187 192
f 176 181 174
f 181 184 174
f 174 184 189
f 185 183 179
f 183 180 179
f 179 180 178
f 180 182 178
f 178 182 174
f 118 60 194
f 60 82 194
f 194 82 197
f 82 112 197
f 197 112 182
f 112 177 182
f 182 177 174
f 177 175 174
f 174 175 176
f 112 82 110
f 82 69 110
f 110 69 111
f 628 750 752
f 698 700 694
f 700 702 694
f 743 746 628
f 746 748 628
f 628 748 750
f 752 754 628
f 754 741 628
f 628 741 627
f 839 838 759
f 764 766 66
f 766 768 66
f 114 759 66
f 759 762 66
f 66 762 764
f 759 838 760
f 838 836 760
f 836 834 760
f 760 834 773
f 834 830 773
f 773 830 827
f 768 770 66
f 770 757 66
f 66 757 69
f 757 744 69
f 69 744 111
f 628 656 743
f 656 691 743
f 743 691 744
f 691 692 744
f 744 692 111
f 692 694 111
f 111 694 704
f 694 702 704
f 114 844 759
f 844 845 759
f 759 845 842
f 842 843 759
f 843 841 759
f 759 841 839
f 704 703 111
f 703 705 111
f 696 695 856
f 856 695 850
f 769 767 855
f 767 765 855
f 855 765 763
f 774 813 828
f 705 703 856
f 703 701 856
f 756 755 849
f 774 828 761
f 828 832 761
f 761 832 833
f 701 699 856
f 699 697 856
f 856 697 696
f 755 753 849
f 753 751 849
f 849 751 749
f 840 853 837
f 853 852 837
f 657 690 664
f 690 742 664
f 695 693 850
f 693 664 850
f 850 664 849
f 664 742 849
f 849 742 756
f 749 747 849
f 747 745 849
f 849 745 848
f 745 758 848
f 848 758 847
f 758 772 847
f 847 772 855
f 772 771 855
f 855 771 769
f 763 761 855
f 761 833 855
f 855 833 854
f 833 835 854
f 854 835 846
f 835 837 846
f 846 837 851
f 837 852 851
f 114 854 844
f 854 846 844
f 844 846 851
f 844 851 845
f 851 852 845
f 845 852 842
f 852 853 842
f 842 853 843
f 853 840 843
f 843 840 841
f 841 840 839
f 840 837 839
f 839 837 838
f 837 835 838
f 838 835 836
f 835 833 836
f 836 833 834
f 833 832 834
f 834 832 830
f 832 828 830
f 831 829 819
f 829 821 819
f 819 821 817
f 821 820 817
f 817 820 816
f 820 822 816
f 822 823 816
f 816 823 815
f 823 824 815
f 815 824 814
f 824 825 814
f 814 825 812
f 825 826 812
f 812 826 813
f 826 827 813
f 813 827 828
f 827 830 828
f 809 740 818
f 819 817 818
f 817 808 818
f 818 808 809
f 816 801 817
f 801 804 817
f 817 804 808
f 795 802 816
f 802 800 816
f 816 800 801
f 795 816 793
f 816 815 793
f 793 815 792
f 783 784 814
f 784 787 814
f 814 787 815
f 787 789 815
f 815 789 792
f 812 778 777
f 812 777 814
f 777 780 814
f 814 780 783
f 813 774 812
f 774 811 812
f 812 811 778
f 1219 1218 1373
f 1263 1274 1374
f 1279 1287 1375
f 1291 1300 1376
f 1317 1323 1377
f 530 910 932
f 523 525 522
f 525 527 522
f 522 527 547
f 540 538 1378
f 538 536 1378
f 1378 536 534
f 547 546 522
f 546 544 522
f 522 544 1378
f 544 542 1378
f 1378 542 540
f 530 932 532
f 509 507 1378
f 507 505 1378
f 1378 505 522
f 487 488 1379
f 488 500 1379
f 500 520 1379
f 520 519 1379
f 1379 519 1378
f 519 517 1378
f 1378 517 515
f 515 513 1378
f 513 511 1378
f 1378 511 509
f 1370 485 486
f 485 1380 483
f 1380 1381 483
f 483 1381 482
f 332 330 1382
f 306 304 341
f 326 447 481
f 247 341 340
f 1382 330 481
f 330 328 481
f 481 328 326
f 248 252 247
f 252 315 247
f 247 315 314
f 314 312 247
f 312 310 247
f 247 310 341
f 310 308 341
f 341 308 306
f 340 338 247
f 338 336 247
f 247 336 1382
f 336 334 1382
f 1382 334 332
f 319 321 317
f 321 323 317
f 317 323 300
f 323 341 300
f 300 341 302
f 341 304 302
f 1206 247 1179
f 247 1382 1179
f 1179 1382 1180
f 1382 1181 1180
f 1206 1205 247
f 1205 1204 247
f 247 1204 246
f 1204 1202 246
f 246 1202 1203
f 1203 1201 246
f 1201 1200 246
f 246 1200 243
f 1200 1199 243
f 1199 1198 243
f 1198 1197 243
f 243 1197 244
f 1197 1196 244
f 244 1196 1195
f 1195 1194 244
f 1194 1193 244
f 244 1193 1383
f 1193 1192 1383
f 1188 1384 1190
f 1384 1383 1190
f 1190 1383 1191
f 1383 1192 1191
f 296 294 1383
f 672 655 1383
f 655 297 1383
f 1383 297 296
f 294 292 1383
f 292 290 1383
f 1383 290 244
f 290 288 244
f 288 286 244
f 286 284 244
f 244 284 282
f 268 266 282
f 278 276 274
f 274 273 278
f 273 272 278
f 278 272 282
f 272 270 282
f 282 270 268
f 258 256 244
f 256 251 244
f 244 251 249
f 266 264 282
f 264 262 282
f 282 262 244
f 262 260 244
f 244 260 258
f 671 1385 1386
f 671 1386 670
f 1386 1387 670
f 670 1387 669
f 665 1388 1368
f 1364 707 1365
f 707 666 1365
f 1365 666 1366
f 666 665 1366
f 1366 665 1367
f 665 1368 1367
f 1358 711 1362
f 711 708 1362
f 1362 708 1361
f 708 707 1361
f 1361 707 1363
f 707 1364 1363
f 714 716 1358
f 716 713 1358
f 1358 713 711
f 1389 722 1359
f 714 1358 718
f 1358 1357 718
f 718 1357 720
f 1359 722 1357
f 722 721 1357
f 1357 721 720
f 1348 1340 729
f 1347 1352 1374
f 1351 1354 1389
f 1354 1355 1389
f 1389 1355 722
f 1355 1356 722
f 722 1356 1349
f 1348 729 1341
f 1335 1338 1374
f 1352 1353 1374
f 1353 1344 1374
f 1374 1344 1390
f 1344 1345 1390
f 1390 1345 1343
f 729 730 1341
f 730 727 1341
f 1341 727 1349
f 727 724 1349
f 1349 724 722
f 1338 1339 1374
f 1339 1346 1374
f 1374 1346 1347
f 1343 1336 1390
f 1336 1337 1390
f 1390 1337 1342
f 1333 1334 1389
f 1334 1350 1389
f 1389 1350 1351
f 738 737 1374
f 737 736 1374
f 1374 736 734
f 1340 1335 729
f 1335 1374 729
f 729 1374 732
f 1374 734 732
f 1374 1391 738
f 1391 818 738
f 738 818 740
f 874 873 1392
f 863 1391 865
f 1391 1392 865
f 865 1392 867
f 863 861 1391
f 861 859 1391
f 1391 859 818
f 859 831 818
f 818 831 819
f 873 871 1392
f 871 869 1392
f 1392 869 867
f 875 888 886
f 901 900 1392
f 900 898 1392
f 1392 898 896
f 890 888 1392
f 888 875 1392
f 1392 875 874
f 896 894 1392
f 894 892 1392
f 1392 892 890
f 878 877 880
f 877 875 880
f 880 875 884
f 875 886 884
f 936 901 935
f 901 1392 935
f 935 1392 934
f 1392 1393 934
f 934 1393 931
f 1393 1375 931
f 931 1375 932
f 1375 1378 932
f 932 1378 532
f 1378 534 532
f 1359 1360 1389
f 1360 1332 1389
f 1389 1332 1394
f 1332 1331 1394
f 1394 1331 1329
f 1329 1330 1394
f 1330 1372 1394
f 1394 1372 486
f 1372 1371 486
f 486 1371 1370
f 1395 1327 1388
f 1327 1325 1388
f 1325 1326 1388
f 1326 1328 1388
f 1388 1328 1368
f 1323 1322 1377
f 1322 1321 1377
f 1377 1321 1395
f 1321 1324 1395
f 1395 1324 1327
f 1369 1320 1396
f 1320 1319 1396
f 1396 1319 1318
f 1316 1314 1380
f 1314 1315 1380
f 1310 1381 1312
f 1381 1380 1312
f 1312 1380 1313
f 1380 1315 1313
f 1397 1307 1308
f 1308 1303 1397
f 1303 1304 1397
f 1397 1304 1398
f 1304 1305 1398
f 1398 1305 1306
f 1307 1397 1302
f 1397 1387 1302
f 1302 1387 1298
f 1376 1300 1386
f 1300 1301 1386
f 1386 1301 1299
f 1299 1295 1386
f 1295 1296 1386
f 1386 1296 1387
f 1296 1297 1387
f 1387 1297 1298
f 1310 1311 1381
f 1311 1309 1381
f 1381 1309 1399
f 1309 1293 1399
f 1399 1293 1294
f 1294 1292 1399
f 1292 1289 1399
f 1399 1289 1376
f 1289 1290 1376
f 1376 1290 1291
f 1375 1287 1378
f 1287 1288 1378
f 1378 1288 1285
f 1283 1379 1284
f 1379 1378 1284
f 1284 1378 1286
f 1378 1285 1286
f 1277 1275 1393
f 1275 1276 1393
f 1393 1276 1375
f 1276 1278 1375
f 1375 1278 1279
f 1374 1274 1391
f 1274 1273 1391
f 1391 1273 1272
f 1272 1270 1391
f 1270 1268 1391
f 1391 1268 1392
f 1268 1269 1392
f 1269 1271 1392
f 1271 1267 1392
f 1392 1267 1393
f 1267 1280 1393
f 1393 1280 1277
f 1283 1282 1379
f 1282 1281 1379
f 1379 1281 1390
f 1281 1265 1390
f 1390 1265 1266
f 1266 1264 1390
f 1264 1261 1390
f 1390 1261 1374
f 1261 1262 1374
f 1374 1262 1263
f 1185 1184 1400
f 1184 1183 1400
f 1400 1183 1382
f 1183 1182 1382
f 1382 1182 1181
f 1188 1189 1384
f 1189 1187 1384
f 1384 1187 1400
f 1187 1186 1400
f 1400 1186 1185
f 1209 1210 1376
f 1210 1208 1376
f 1376 1208 1399
f 1208 1207 1399
f 1399 1207 1234
f 1373 1218 1385
f 1218 1217 1385
f 1385 1217 1216
f 1209 1376 1211
f 1376 1386 1211
f 1211 1386 1212
f 1216 1215 1385
f 1215 1214 1385
f 1385 1214 1386
f 1214 1213 1386
f 1386 1213 1212
f 1224 1222 1401
f 1222 1221 1401
f 1401 1221 1373
f 1221 1220 1373
f 1373 1220 1219
f 1230 1229 1381
f 1234 1233 1399
f 1233 1232 1399
f 1399 1232 1381
f 1232 1231 1381
f 1381 1231 1230
f 1228 1227 1402
f 480 482 1402
f 482 1381 1402
f 1402 1381 1228
f 1381 1229 1228
f 1227 1226 1402
f 1226 1225 1402
f 1402 1225 1401
f 1225 1223 1401
f 1401 1223 1224
f 1342 1333 1390
f 1333 1389 1390
f 1390 1389 1379
f 1389 1394 1379
f 1379 1394 487
f 1394 486 487
f 1370 1369 485
f 1369 1396 485
f 485 1396 1380
f 1396 1398 1380
f 1380 1398 1316
f 1398 1306 1316
f 1259 1255 1398
f 1255 1256 1398
f 1256 1254 1398
f 1398 1254 1248
f 1242 1239 1377
f 1318 1317 1396
f 1317 1377 1396
f 1396 1377 1398
f 1377 1250 1398
f 1398 1250 1259
f 1248 1249 1398
f 1249 1253 1398
f 1398 1253 1397
f 1253 1258 1397
f 1397 1258 1260
f 1260 1252 1397
f 1252 1247 1397
f 1397 1247 1236
f 1251 1395 1246
f 1395 1245 1246
f 1251 1243 1395
f 1243 1244 1395
f 1395 1244 1377
f 1244 1241 1377
f 1377 1241 1242
f 1239 1240 1377
f 1240 1257 1377
f 1377 1257 1250
f 1235 1237 1395
f 1237 1238 1395
f 1395 1238 1245
f 665 669 1388
f 669 1387 1388
f 1388 1387 1395
f 1387 1397 1395
f 1395 1397 1235
f 1397 1236 1235
f 1171 1170 1384
f 1170 1169 1384
f 1384 1169 1168
f 1175 1400 1176
f 1400 1177 1176
f 1175 1174 1400
f 1174 1173 1400
f 1400 1173 1384
f 1173 1172 1384
f 1384 1172 1171
f 1165 1164 1373
f 1157 1156 1401
f 1165 1373 1167
f 1164 1163 1373
f 1163 1162 1373
f 1373 1162 1161
f 1161 1160 1373
f 1160 1159 1373
f 1373 1159 1401
f 1159 1158 1401
f 1401 1158 1157
f 1156 1155 1401
f 1155 1154 1401
f 1401 1154 1153
f 1152 1166 1400
f 1166 1178 1400
f 1400 1178 1177
f 1153 1152 1401
f 1152 1400 1401
f 1401 1400 1402
f 1400 1382 1402
f 1402 1382 480
f 1382 481 480
f 671 672 1385
f 672 1383 1385
f 1385 1383 1373
f 1383 1384 1373
f 1373 1384 1167
f 1384 1168 1167
f 527 526 547
f 526 545 547
f 547 545 546
f 545 543 546
f 546 543 544
f 543 541 544
f 544 541 542
f 541 539 542
f 542 539 540
f 539 537 540
f 540 537 538
f 537 535 538
f 538 535 536
f 535 533 536
f 536 533 534
f 533 531 534
f 534 531 532
f 531 528 532
f 532 528 530
f 528 529 530
f 530 529 910
f 529 909 910
f 910 909 911
f 909 912 911
f 911 912 913
f 912 906 913
f 913 906 907
f 906 902 907
f 907 902 904
f 902 903 904
f 904 903 905
f 903 908 905
f 905 908 915
f 908 914 915
f 915 914 916
f 914 917 916
f 981 979 113
f 946 945 980
f 941 967 978
f 937 946 949
f 978 977 941
f 977 976 941
f 941 976 975
f 954 953 946
f 953 951 946
f 946 951 949
f 937 949 924
f 949 917 924
f 924 917 914
f 945 943 980
f 943 941 980
f 980 941 979
f 941 975 979
f 979 975 113
f 113 98 981
f 98 97 981
f 981 97 982
f 97 115 982
f 982 115 980
f 115 963 980
f 980 963 946
f 963 961 946
f 946 961 959
f 959 957 946
f 957 956 946
f 946 956 954
f 98 113 66
f 113 114 66
f 47 48 70
f 48 49 70
f 95 107 51
f 107 108 51
f 96 51 105
f 51 97 105
f 105 97 109
f 86 56 44
f 91 90 69
f 109 97 99
f 97 98 99
f 99 98 100
f 98 66 100
f 100 66 101
f 91 69 81
f 59 85 51
f 85 94 51
f 51 94 95
f 35 36 63
f 82 60 83
f 83 102 82
f 102 92 82
f 82 92 69
f 92 80 69
f 69 80 81
f 29 30 69
f 30 31 69
f 69 31 32
f 68 78 66
f 78 87 66
f 66 87 101
f 35 63 34
f 75 76 60
f 76 84 60
f 60 84 73
f 73 74 60
f 74 93 60
f 60 93 83
f 90 71 69
f 71 72 69
f 69 72 70
f 49 27 70
f 27 26 70
f 70 26 69
f 26 28 69
f 69 28 29
f 88 79 69
f 79 77 69
f 69 77 66
f 77 67 66
f 66 67 68
f 96 64 51
f 64 65 51
f 51 65 55
f 88 69 89
f 69 32 89
f 89 32 63
f 32 33 63
f 63 33 34
f 108 106 51
f 106 104 51
f 51 104 103
f 104 61 103
f 103 61 60
f 61 62 60
f 60 62 75
f 41 42 56
f 42 43 56
f 56 43 44
f 36 37 63
f 37 38 63
f 63 38 54
f 38 39 54
f 54 39 56
f 39 40 56
f 56 40 41
f 55 52 51
f 52 53 51
f 51 53 44
f 53 57 44
f 44 57 86
f 59 51 50
f 51 44 50
f 50 44 58
f 44 45 58
f 58 45 70
f 45 46 70
f 70 46 47
f 116 115 51
f 115 97 51
f 1747 1736 498
f 1738 1754 498
f 1754 1751 498
f 498 1751 1752
f 1750 1753 443
f 1753 1743 443
f 443 1743 455
f 1755 1756 103
f 1756 1757 103
f 103 1757 51
f 1757 1749 51
f 51 1749 116
f 1749 1748 116
f 1733 561 1748
f 561 563 1748
f 1748 563 116
f 1747 498 1734
f 1752 1746 498
f 1746 1744 498
f 498 1744 443
f 1744 1745 443
f 443 1745 1750
f 466 465 1724
f 465 464 1724
f 464 462 1724
f 1724 462 1743
f 462 460 1743
f 1743 460 455
f 1738 1740 1741
f 1755 103 1724
f 103 119 1724
f 1724 119 472
f 551 553 1733
f 498 499 1734
f 499 548 1734
f 1734 548 1733
f 548 549 1733
f 1733 549 551
f 553 557 1733
f 557 559 1733
f 1733 559 561
f 1736 1737 498
f 1737 1731 498
f 498 1731 1732
f 1732 1729 498
f 1729 1730 498
f 498 1730 1738
f 1730 1742 1738
f 1738 1742 1740
f 1735 1725 1727
f 1725 1726 1727
f 1727 1726 1728
f 1726 1738 1728
f 1728 1738 1739
f 1738 1741 1739
f 472 470 1724
f 470 468 1724
f 1724 468 466
f 119 103 117
f 103 60 117
f 117 60 118
f 564 116 562
f 116 563 562
f 1785 1786 444
f 1779 1780 475
f 1793 1789 1784
f 463 467 469
f 1776 1775 475
f 1775 1777 475
f 1777 1778 475
f 475 1778 1779
f 445 1784 444
f 1784 1783 444
f 444 1783 1785
f 1786 1787 444
f 1787 1788 444
f 444 1788 475
f 1788 1782 475
f 475 1782 1776
f 1771 1772 1780
f 1765 1766 558
f 1758 1759 1796
f 558 1766 560
f 1766 1758 560
f 560 1758 562
f 1758 1796 562
f 562 1796 564
f 1761 1760 475
f 469 471 463
f 471 473 463
f 463 473 461
f 473 474 461
f 461 474 459
f 474 1797 459
f 459 1797 458
f 1797 1795 458
f 458 1795 445
f 1795 1794 445
f 445 1794 1784
f 1794 1792 1784
f 1784 1792 1793
f 1760 1762 475
f 1762 1763 475
f 475 1763 502
f 555 554 1764
f 554 552 1764
f 1764 552 1763
f 552 550 1763
f 1763 550 502
f 1781 1791 1790
f 1772 1773 1780
f 1773 1774 1780
f 1780 1774 475
f 1774 1767 475
f 475 1767 1761
f 1765 558 1764
f 558 556 1764
f 1764 556 555
f 1790 1769 1781
f 1769 1768 1781
f 1781 1768 1780
f 1768 1770 1780
f 1780 1770 1771
f 1759 1758 1749
f 1758 1748 1749
f 1748 1758 1733
f 1758 1766 1733
f 1733 1766 1734
f 1766 1765 1734
f 1734 1765 1747
f 1765 1764 1747
f 1747 1764 1736
f 1764 1763 1736
f 1736 1763 1737
f 1763 1762 1737
f 1737 1762 1731
f 1762 1760 1731
f 1731 1760 1732
f 1760 1761 1732
f 1761 1767 1732
f 1767 1729 1732
f 1729 1767 1730
f 1767 1774 1730
f 1730 1774 1742
f 1774 1773 1742
f 1742 1773 1740
f 1773 1772 1740
f 1740 1772 1741
f 1772 1771 1741
f 1741 1771 1739
f 1771 1770 1739
f 1739 1770 1728
f 1770 1768 1728
f 1728 1768 1727
f 1768 1769 1727
f 1727 1769 1735
f 1769 1790 1735
f 1735 1790 1809
f 1790 1810 1809
f 1809 1810 1807
f 1810 1811 1807
f 1807 1811 1805
f 1825 1824 1821
f 1824 1798 1821
f 1821 1798 1819
f 1798 1801 1819
f 1819 1801 1817
f 1801 1803 1817
f 1817 1803 1815
f 1803 1805 1815
f 1815 1805 1813
f 1805 1811 1813
f 1725 1735 1809
f 1725 1809 1808
f 1809 1807 1808
f 1808 1807 1806
f 1807 1805 1806
f 1806 1805 1804
f 1805 1803 1804
f 1804 1803 1802
f 1803 1801 1802
f 1802 1801 1800
f 1801 1798 1800
f 1800 1798 1799
f 1781 1726 1791
f 1726 1725 1791
f 1791 1725 1812
f 1725 1808 1812
f 1812 1808 1814
f 1808 1806 1814
f 1814 1806 1816
f 1806 1804 1816
f 1827 1826 1799
f 1826 1823 1799
f 1799 1823 1800
f 1823 1822 1800
f 1800 1822 1802
f 1822 1820 1802
f 1802 1820 1804
f 1820 1818 1804
f 1804 1818 1816
f 1823 1821 1822
f 1821 1819 1822
f 1822 1819 1820
f 1819 1817 1820
f 1820 1817 1818
f 1817 1815 1818
f 1818 1815 1816
f 1815 1813 1816
f 1816 1813 1814
f 1813 1811 1814
f 1814 1811 1812
f 1811 1810 1812
f 1812 1810 1791
f 1810 1790 1791
f 1834 1825 1828
f 1825 1821 1828
f 1828 1821 1835
f 1821 1823 1835
f 1835 1823 1826
f 1826 1840 1835
f 1840 1838 1835
f 1835 1838 1839
f 1839 1836 1835
f 1836 1837 1835
f 1835 1837 1841
f 1829 1828 1832
f 1828 1831 1832
f 1829 1830 1828
f 1830 1833 1828
f 1828 1833 1834
f 1824 1825 1834
f 1824 1834 1851
f 1834 1833 1851
f 1851 1833 1848
f 1833 1830 1848
f 1848 1830 1849
f 1830 1829 1849
f 1849 1829 1846
f 1829 1832 1846
f 1846 1832 1847
f 1832 1831 1847
f 1847 1831 1855
f 1831 1828 1855
f 1855 1828 1845
f 1799 1798 1827
f 1798 1824 1827
f 1850 1854 1842
f 1824 1845 1827
f 1845 1852 1827
f 1827 1852 1853
f 1850 1842 1844
f 1824 1851 1845
f 1851 1848 1845
f 1845 1848 1849
f 1849 1846 1845
f 1846 1847 1845
f 1845 1847 1855
f 1853 1852 1842
f 1852 1843 1842
f 1842 1843 1844
f 1852 1835 1841
f 1852 1841 1843
f 1841 1837 1843
f 1843 1837 1844
f 1837 1836 1844
f 1844 1836 1850
f 1836 1839 1850
f 1850 1839 1854
f 1839 1838 1854
f 1854 1838 1842
f 1838 1840 1842
f 1842 1840 1853
f 1840 1826 1853
f 1853 1826 1827
f 1828 1835 1845
f 1835 1852 1845
f 1726 1781 1738
f 1781 1780 1738
f 1738 1780 1754
f 1780 1779 1754
f 1754 1779 1751
f 1779 1778 1751
f 1751 1778 1752
f 1778 1777 1752
f 1752 1777 1746
f 1777 1775 1746
f 1746 1775 1744
f 1775 1776 1744
f 1776 1782 1744
f 1782 1745 1744
f 1745 1782 1750
f 1782 1788 1750
f 1750 1788 1753
f 1788 1787 1753
f 1753 1787 1743
f 1787 1786 1743
f 1743 1786 1724
f 1786 1785 1724
f 1724 1785 1755
f 1785 1783 1755
f 1755 1783 1756
f 1783 1784 1756
f 1757 1756 1789
f 1756 1784 1789
f 119 474 472
f 474 473 472
f 472 473 471
f 472 471 470
f 471 469 470
f 470 469 468
f 469 467 468
f 468 467 466
f 463 465 467
f 465 466 467
f 465 463 464
f 463 461 464
f 464 461 462
f 461 459 462
f 462 459 460
f 459 458 460
f 460 458 455
f 458 445 455
f 326 325 447
f 325 446 447
f 447 446 448
f 446 449 448
f 448 449 451
f 449 450 451
f 451 450 452
f 450 456 452
f 452 456 457
f 456 453 457
f 457 453 454
f 453 442 454
f 454 442 444
f 442 443 444
f 444 443 445
f 443 455 445
f 488 487 484
f 487 486 484
f 485 483 448
f 483 482 448
f 482 480 448
f 480 481 448
f 448 481 447
f 486 485 484
f 485 448 484
f 484 448 479
f 448 451 479
f 479 451 478
f 451 452 478
f 478 452 477
f 452 457 477
f 477 457 476
f 457 454 476
f 476 454 475
f 454 444 475
f 502 499 475
f 499 498 475
f 475 498 476
f 498 497 476
f 476 497 477
f 497 496 477
f 477 496 478
f 496 495 478
f 478 495 479
f 495 494 479
f 479 494 484
f 494 491 484
f 484 491 488
f 491 492 488
f 488 492 500
f 492 501 500
f 498 443 442
f 498 442 497
f 442 453 497
f 497 453 496
f 453 456 496
f 496 456 495
f 456 450 495
f 495 450 494
f 450 449 494
f 494 449 491
f 449 446 493
f 493 489 449
f 489 490 449
f 449 490 491
f 490 492 491
f 569 489 573
f 489 493 573
f 573 493 574
f 574 575 573
f 575 570 573
f 573 570 572
f 570 571 572
f 566 567 565
f 567 568 565
f 565 568 569
f 568 576 569
f 569 576 489
f 585 584 583
f 584 489 583
f 489 576 583
f 576 568 583
f 583 568 582
f 568 567 582
f 582 567 581
f 567 566 581
f 581 566 580
f 566 565 580
f 580 565 579
f 565 569 579
f 579 569 577
f 1456 1458 1531
f 1455 1456 490
f 489 1454 490
f 1454 1453 490
f 490 1453 1455
f 584 1477 489
f 1477 1478 489
f 489 1478 1454
f 1529 1530 490
f 1530 1527 490
f 1456 1531 490
f 1531 1521 490
f 490 1521 1529
f 1504 1523 1503
f 1523 1524 1503
f 1527 1528 490
f 1528 1526 490
f 490 1526 492
f 1526 1525 492
f 1525 1522 492
f 492 1522 501
f 537 539 1481
f 539 541 1481
f 541 503 1481
f 1481 503 1479
f 503 506 1479
f 1479 506 1480
f 506 508 1480
f 1480 508 1504
f 514 516 1522
f 516 518 1522
f 1522 518 501
f 919 909 1482
f 909 529 1482
f 1482 529 528
f 528 531 1482
f 531 533 1482
f 1482 533 1481
f 533 535 1481
f 1481 535 537
f 524 521 526
f 521 504 526
f 526 504 545
f 504 503 545
f 545 503 543
f 503 541 543
f 1504 508 1523
f 508 510 1523
f 1523 510 1522
f 510 512 1522
f 1522 512 514
f 1516 652 1518
f 652 1517 1518
f 1511 1514 654
f 1514 1515 654
f 1515 1520 654
f 1520 1513 654
f 654 1513 652
f 1513 1519 652
f 652 1519 1517
f 1430 1429 1502
f 1482 1484 919
f 1484 1483 919
f 919 1483 1485
f 710 1508 709
f 1508 1511 709
f 709 1511 706
f 1511 654 706
f 1490 1491 857
f 1491 1492 857
f 1436 1494 1435
f 1494 1495 1435
f 1435 1495 1496
f 1445 1446 1505
f 1446 1447 1505
f 1505 1447 1507
f 1447 1448 1507
f 1507 1448 1449
f 919 868 870
f 895 897 919
f 897 899 919
f 919 899 925
f 870 885 887
f 725 726 857
f 726 728 857
f 857 728 731
f 731 733 857
f 733 735 857
f 857 735 829
f 735 739 829
f 829 739 821
f 710 712 1508
f 712 715 1508
f 1508 715 717
f 1516 1509 652
f 1509 1510 652
f 652 1510 1531
f 1510 1512 1531
f 1531 1512 1521
f 857 1437 1438
f 1442 1443 1505
f 1443 1444 1505
f 1505 1444 1445
f 1429 1431 1502
f 1431 1432 1502
f 1502 1432 1433
f 857 858 1490
f 858 860 1490
f 1490 860 1489
f 860 862 1489
f 1489 862 1488
f 862 864 1488
f 887 889 870
f 889 891 870
f 870 891 919
f 891 893 919
f 919 893 895
f 1436 1437 1494
f 1437 857 1494
f 1494 857 1493
f 857 1492 1493
f 1438 1439 857
f 1439 1440 857
f 857 1440 1441
f 1449 1450 1507
f 1450 1451 1507
f 1507 1451 1452
f 1452 1430 1507
f 1430 1502 1507
f 1507 1502 1524
f 1502 1501 1524
f 1524 1501 1503
f 1485 1486 919
f 1486 1487 919
f 919 1487 868
f 1487 1488 868
f 868 1488 866
f 1488 864 866
f 872 876 879
f 1441 1442 857
f 1442 1505 857
f 857 1505 725
f 1505 1506 725
f 725 1506 723
f 1506 1508 723
f 723 1508 719
f 1508 717 719
f 1496 1497 1435
f 1497 1498 1435
f 1435 1498 1434
f 1498 1499 1434
f 1434 1499 1433
f 1499 1500 1433
f 1433 1500 1502
f 879 881 872
f 881 883 872
f 872 883 870
f 883 882 870
f 870 882 885
f 1411 1412 1459
f 1413 1414 1458
f 1414 1415 1458
f 1458 1415 1531
f 1415 1418 1531
f 1531 1418 1417
f 1417 1419 1531
f 1419 1420 1531
f 1531 1420 1421
f 1424 652 1423
f 652 1531 1423
f 1423 1531 1422
f 1531 1421 1422
f 1413 1458 1412
f 1458 1457 1412
f 1412 1457 1459
f 1406 1407 1461
f 1407 1408 1461
f 1461 1408 1460
f 1408 1409 1460
f 1460 1409 1459
f 1409 1410 1459
f 1459 1410 1411
f 1424 1425 652
f 1425 1426 652
f 652 1426 1427
f 1461 1462 1406
f 1462 1463 1406
f 1406 1463 1405
f 1463 1464 1405
f 1405 1464 1403
f 1466 1467 617
f 1467 1468 617
f 617 1468 594
f 1468 1469 594
f 1473 1474 595
f 1474 1476 595
f 595 1476 584
f 1476 1475 584
f 584 1475 1477
f 1469 1470 594
f 1470 1471 594
f 594 1471 595
f 1471 1472 595
f 595 1472 1473
f 1427 1428 652
f 1428 1416 652
f 652 1416 1404
f 1466 617 1465
f 617 652 1465
f 1465 652 1464
f 652 1404 1464
f 1464 1404 1403
f 500 501 520
f 501 518 520
f 520 518 519
f 518 516 519
f 519 516 517
f 516 514 517
f 517 514 515
f 514 512 515
f 515 512 513
f 512 510 513
f 513 510 511
f 510 508 511
f 511 508 509
f 508 506 509
f 509 506 507
f 506 503 507
f 507 503 505
f 503 504 505
f 505 504 522
f 504 521 522
f 522 521 523
f 521 524 523
f 524 525 523
f 524 526 525
f 526 527 525
f 924 914 908
f 912 909 919
f 924 908 923
f 908 903 923
f 923 903 922
f 903 902 922
f 922 902 921
f 902 906 921
f 921 906 920
f 906 912 920
f 920 912 918
f 912 919 918
f 918 919 925
f 938 937 926
f 937 924 926
f 926 924 927
f 924 923 927
f 927 923 928
f 923 922 928
f 928 922 929
f 922 921 929
f 929 921 930
f 921 920 930
f 930 920 933
f 920 918 933
f 933 918 936
f 918 925 936
f 936 925 901
f 925 899 901
f 937 938 946
f 938 944 946
f 946 944 945
f 944 942 945
f 945 942 943
f 942 939 943
f 943 939 941
f 939 940 941
f 952 955 958
f 926 915 938
f 915 944 938
f 958 960 952
f 960 962 952
f 952 962 964
f 944 915 942
f 915 916 942
f 942 916 947
f 964 965 952
f 965 973 952
f 952 973 950
f 947 948 942
f 948 950 942
f 942 950 939
f 950 973 939
f 939 973 940
f 973 974 940
f 940 974 966
f 974 972 966
f 966 972 968
f 969 970 968
f 970 971 968
f 968 971 966
f 115 965 963
f 965 964 963
f 963 964 962
f 963 962 961
f 962 960 961
f 961 960 959
f 960 958 959
f 959 958 957
f 958 955 957
f 957 955 956
f 956 955 954
f 955 952 954
f 954 952 953
f 952 950 953
f 953 950 951
f 950 948 951
f 951 948 949
f 948 947 949
f 949 947 917
f 947 916 917
f 933 936 935
f 934 931 911
f 931 932 911
f 911 932 910
f 935 934 933
f 934 911 933
f 933 911 930
f 911 913 930
f 930 913 929
f 913 907 929
f 929 907 928
f 907 904 928
f 928 904 927
f 904 905 927
f 927 905 926
f 905 915 926
f 941 940 967
f 940 966 967
f 967 966 971
f 967 971 978
f 971 970 978
f 978 970 977
f 970 969 977
f 977 969 976
f 969 968 976
f 976 968 975
f 113 975 972
f 975 968 972
f 901 899 900
f 899 897 900
f 900 897 898
f 897 895 898
f 898 895 896
f 895 893 896
f 896 893 894
f 893 891 894
f 894 891 892
f 891 889 892
f 892 889 890
f 889 887 890
f 890 887 888
f 887 885 888
f 888 885 886
f 885 882 886
f 886 882 884
f 882 883 884
f 884 883 880
f 883 881 880
f 881 879 880
f 879 878 880
f 879 876 878
f 876 877 878
f 872 874 876
f 874 875 876
f 876 875 877
f 874 872 873
f 872 870 873
f 873 870 871
f 870 868 871
f 871 868 869
f 868 866 869
f 869 866 867
f 866 864 867
f 867 864 865
f 864 862 865
f 865 862 863
f 862 860 863
f 863 860 861
f 860 858 861
f 861 858 859
f 858 857 859
f 859 857 831
f 857 829 831
f 1065 1042 1055
f 1042 1044 1055
f 1055 1044 1063
f 1044 1036 1063
f 1063 1036 1064
f 1036 1038 1064
f 1064 1038 1069
f 1038 1037 1069
f 1069 1037 1076
f 1037 1049 1076
f 1076 1049 1075
f 1049 1046 1075
f 1075 1046 1073
f 1046 1045 1073
f 1073 1045 1066
f 1045 1047 1066
f 1066 1047 1067
f 1047 1040 1067
f 1067 1040 1061
f 1040 1039 1061
f 1061 1039 1062
f 1039 1032 1062
f 1062 1032 1060
f 1032 1041 1060
f 1060 1041 1054
f 1041 1034 1054
f 1054 1034 1053
f 1034 1033 1053
f 1053 1033 1059
f 1033 1035 1059
f 1059 1035 1074
f 1035 1043 1074
f 1074 1043 1071
f 1043 1048 1071
f 1071 1048 1072
f 1048 1051 1072
f 1072 1051 1070
f 1051 1052 1070
f 1070 1052 1068
f 1052 1050 1068
f 1068 1050 1058
f 1050 1030 1058
f 1058 1030 1056
f 1030 1029 1056
f 1056 1029 1057
f 1029 1031 1057
f 1057 1031 1065
f 1031 1042 1065
f 353 351 352
f 351 349 352
f 352 349 350
f 349 347 350
f 350 347 348
f 347 345 348
f 348 345 346
f 345 343 346
f 346 343 344
f 343 342 344
f 344 342 180
f 342 182 180
f 182 342 197
f 342 343 197
f 197 343 345
f 357 356 351
f 356 354 351
f 351 354 349
f 354 197 349
f 349 197 347
f 197 345 347
f 197 354 194
f 354 355 194
f 194 350 348
f 359 358 355
f 358 353 355
f 355 353 194
f 353 352 194
f 194 352 350
f 348 346 194
f 346 344 194
f 194 344 180
f 373 357 388
f 401 403 410
f 403 404 410
f 393 395 410
f 422 418 353
f 418 419 353
f 395 397 410
f 397 399 410
f 410 399 401
f 419 421 353
f 421 417 353
f 353 417 351
f 417 413 351
f 351 413 414
f 414 416 351
f 416 412 351
f 351 412 357
f 412 411 357
f 357 411 388
f 422 353 423
f 353 358 423
f 423 358 410
f 358 391 410
f 410 391 393
f 409 406 404
f 406 420 404
f 404 420 410
f 409 407 406
f 407 408 406
f 406 408 415
f 360 388 376
f 385 387 376
f 387 374 376
f 376 374 360
f 360 363 388
f 363 365 388
f 388 365 367
f 385 376 383
f 376 379 383
f 383 379 381
f 367 369 388
f 369 371 388
f 388 371 373
f 377 376 389
f 376 388 389
f 359 355 439
f 354 438 431
f 434 435 355
f 435 440 355
f 355 440 439
f 405 402 429
f 402 400 429
f 429 400 398
f 431 432 354
f 432 436 354
f 354 436 355
f 436 437 355
f 355 437 434
f 398 396 429
f 396 394 429
f 429 394 392
f 439 441 359
f 441 429 359
f 359 429 390
f 429 392 390
f 425 424 428
f 424 427 428
f 429 430 405
f 430 424 405
f 405 424 426
f 424 425 426
f 438 354 433
f 354 356 433
f 433 356 389
f 356 372 389
f 389 372 370
f 364 362 389
f 362 361 389
f 389 361 377
f 361 375 377
f 377 375 386
f 370 368 389
f 368 366 389
f 389 366 364
f 386 384 377
f 384 382 377
f 377 382 378
f 382 380 378
f 361 360 375
f 360 374 375
f 356 357 373
f 356 373 372
f 373 371 372
f 372 371 370
f 371 369 370
f 370 369 368
f 369 367 368
f 368 367 366
f 367 365 366
f 366 365 364
f 365 363 364
f 364 363 362
f 363 360 362
f 362 360 361
f 375 374 387
f 375 387 386
f 387 385 386
f 386 385 384
f 385 383 384
f 384 383 382
f 383 381 382
f 382 381 380
f 381 379 380
f 380 379 378
f 379 376 378
f 378 376 377
f 402 403 401
f 402 401 400
f 401 399 400
f 400 399 398
f 399 397 398
f 398 397 396
f 397 395 396
f 396 395 394
f 395 393 394
f 394 393 392
f 393 391 392
f 392 391 390
f 391 358 390
f 390 358 359
f 405 404 402
f 404 403 402
f 430 420 406
f 430 406 424
f 406 415 424
f 424 415 427
f 415 408 427
f 427 408 428
f 408 407 428
f 428 407 425
f 407 409 425
f 425 409 426
f 409 404 426
f 426 404 405
f 429 410 430
f 410 420 430
f 389 388 433
f 388 411 433
f 433 411 438
f 411 412 438
f 438 412 431
f 412 416 431
f 431 416 432
f 416 414 432
f 432 414 436
f 414 413 436
f 436 413 437
f 413 417 437
f 437 417 434
f 417 421 434
f 434 421 435
f 421 419 435
f 435 419 440
f 419 418 440
f 440 418 439
f 418 422 439
f 439 422 441
f 422 423 441
f 441 423 429
f 423 410 429
f 1929 1928 1865
f 1928 1867 1865
f 1867 1928 1870
f 1928 1930 1870
f 1870 1930 1869
f 1930 1931 1869
f 1931 1868 1869
f 1929 1865 1931
f 1865 1866 1931
f 1931 1866 1868
f 1928 1955 1930
f 1955 1948 1930
f 1945 1929 1951
f 1929 1931 1951
f 1948 1949 1930
f 1949 1952 1930
f 1930 1952 1943
f 1931 1947 1940
f 1945 1946 1929
f 1946 1950 1929
f 1929 1950 1938
f 1928 1944 1935
f 1940 1941 1931
f 1941 1953 1931
f 1931 1953 1951
f 1935 1936 1928
f 1936 1954 1928
f 1928 1954 1955
f 1943 1933 1930
f 1933 1934 1930
f 1930 1934 1931
f 1934 1942 1931
f 1931 1942 1947
f 1938 1939 1929
f 1939 1932 1929
f 1929 1932 1928
f 1932 1937 1928
f 1928 1937 1944
f 2040 1955 2063
f 1955 1954 2063
f 2063 1954 2062
f 1954 1936 2062
f 2062 1936 2061
f 1936 1935 2061
f 2061 1935 2060
f 1935 1944 2060
f 2060 1944 2059
f 1944 1937 2059
f 2059 1937 2058
f 1937 1932 2058
f 2058 1932 2057
f 1932 1939 2057
f 2057 1939 2056
f 1939 1938 2056
f 2056 1938 2055
f 1938 1950 2055
f 2055 1950 2054
f 1950 1946 2054
f 2054 1946 2053
f 1946 1945 2053
f 2053 1945 2052
f 1945 1951 2052
f 2052 1951 2051
f 1951 1953 2051
f 2051 1953 2050
f 1953 1941 2050
f 2050 1941 2049
f 1941 1940 2049
f 2049 1940 2048
f 1940 1947 2048
f 2048 1947 2047
f 1947 1942 2047
f 2047 1942 2046
f 1942 1934 2046
f 2046 1934 2045
f 1934 1933 2045
f 2045 1933 2044
f 1933 1943 2044
f 2044 1943 2043
f 1943 1952 2043
f 2043 1952 2042
f 1952 1949 2042
f 2042 1949 2041
f 1949 1948 2041
f 2041 1948 2040
f 1948 1955 2040
f 2043 2042 2064
f 2042 2041 2064
f 2064 2041 2040
f 2046 2045 2064
f 2045 2044 2064
f 2064 2044 2043
f 2049 2048 2064
f 2048 2047 2064
f 2064 2047 2046
f 2052 2051 2064
f 2051 2050 2064
f 2064 2050 2049
f 2055 2054 2064
f 2054 2053 2064
f 2064 2053 2052
f 2058 2057 2064
f 2057 2056 2064
f 2064 2056 2055
f 2061 2060 2064
f 2060 2059 2064
f 2064 2059 2058
f 2040 2063 2064
f 2063 2062 2064
f 2064 2062 2061
f 1957 1956 1875
f 1956 1874 1875
f 1874 1956 1873
f 1956 1958 1873
f 1873 1958 1872
f 1958 1959 1872
f 1959 1871 1872
f 1871 1959 1876
f 1959 1957 1876
f 1876 1957 1875
f 1973 1980 1959
f 1956 1982 1958
f 1982 1983 1958
f 1967 1975 1956
f 1983 1978 1958
f 1978 1979 1958
f 1958 1979 1974
f 1975 1976 1956
f 1976 1981 1956
f 1956 1981 1982
f 1973 1959 1970
f 1968 1957 1972
f 1957 1959 1972
f 1972 1959 1977
f 1959 1980 1977
f 1974 1964 1958
f 1964 1965 1958
f 1958 1965 1959
f 1965 1969 1959
f 1959 1969 1970
f 1968 1962 1957
f 1962 1963 1957
f 1957 1963 1971
f 1971 1960 1957
f 1960 1961 1957
f 1957 1961 1956
f 1961 1966 1956
f 1956 1966 1967
f 2262 2265 2264
f 2269 2266 2267
f 2266 1974 2267
f 2267 1974 2268
f 1974 1979 2268
f 2268 1979 2264
f 1979 1978 2264
f 2264 1978 2262
f 1978 1983 2262
f 2262 1983 2263
f 1983 1982 2263
f 2263 1982 2242
f 1982 1981 2242
f 2242 1981 2243
f 1981 1976 2243
f 2243 1976 2244
f 1976 1975 2244
f 2244 1975 2245
f 1975 1967 2245
f 2245 1967 2246
f 1967 1966 2246
f 2246 1966 2247
f 1966 1961 2247
f 2247 1961 2248
f 1961 1960 2248
f 2248 1960 2249
f 1960 1971 2249
f 2249 1971 2250
f 1971 1963 2250
f 2250 1963 2251
f 1963 1962 2251
f 2251 1962 2252
f 1962 1968 2252
f 2252 1968 2253
f 1968 1972 2253
f 2253 1972 2254
f 1972 1977 2254
f 2254 1977 2255
f 1977 1980 2255
f 2255 1980 2256
f 1980 1973 2256
f 2256 1973 2257
f 1973 1970 2257
f 2257 1970 2258
f 1970 1969 2258
f 2258 1969 2259
f 1969 1965 2259
f 2259 1965 2260
f 1965 1964 2260
f 2260 1964 2261
f 1964 1974 2261
f 2261 1974 2266
f 2294 2265 2286
f 2265 2262 2286
f 2286 2262 2287
f 2262 2263 2287
f 2287 2263 2292
f 2263 2242 2292
f 2292 2242 2293
f 2242 2243 2293
f 2293 2243 2288
f 2243 2244 2288
f 2288 2244 2277
f 2244 2245 2277
f 2277 2245 2278
f 2245 2246 2278
f 2278 2246 2272
f 2246 2247 2272
f 2272 2247 2273
f 2247 2248 2273
f 2273 2248 2274
f 2248 2249 2274
f 2274 2249 2275
f 2249 2250 2275
f 2275 2250 2270
f 2250 2251 2270
f 2270 2251 2271
f 2251 2252 2271
f 2271 2252 2276
f 2252 2253 2276
f 2276 2253 2279
f 2253 2254 2279
f 2279 2254 2289
f 2254 2255 2289
f 2289 2255 2280
f 2255 2256 2280
f 2280 2256 2281
f 2256 2257 2281
f 2281 2257 2290
f 2257 2258 2290
f 2290 2258 2291
f 2258 2259 2291
f 2291 2259 2282
f 2259 2260 2282
f 2282 2260 2283
f 2260 2261 2283
f 2283 2261 2284
f 2261 2266 2284
f 2284 2266 2285
f 2266 2269 2285
f 2264 2265 2295
f 2265 2294 2295
f 2295 2294 2286
f 2299 2297 2320
f 2297 2296 2320
f 2320 2296 2321
f 2296 2295 2321
f 2295 2286 2321
f 2321 2286 2300
f 2286 2287 2300
f 2300 2287 2301
f 2287 2292 2301
f 2301 2292 2302
f 2292 2293 2302
f 2302 2293 2303
f 2293 2288 2303
f 2303 2288 2304
f 2288 2277 2304
f 2304 2277 2305
f 2277 2278 2305
f 2305 2278 2306
f 2278 2272 2306
f 2306 2272 2307
f 2272 2273 2307
f 2307 2273 2308
f 2273 2274 2308
f 2308 2274 2309
f 2274 2275 2309
f 2309 2275 2310
f 2275 2270 2310
f 2310 2270 2311
f 2270 2271 2311
f 2311 2271 2312
f 2271 2276 2312
f 2312 2276 2313
f 2276 2279 2313
f 2313 2279 2314
f 2279 2289 2314
f 2314 2289 2315
f 2289 2280 2315
f 2315 2280 2316
f 2280 2281 2316
f 2316 2281 2317
f 2281 2290 2317
f 2317 2290 2318
f 2290 2291 2318
f 2318 2291 2319
f 2291 2282 2319
f 2319 2282 2298
f 2282 2283 2298
f 2298 2283 2299
f 2283 2284 2299
f 2299 2284 2297
f 2284 2285 2297
f 2322 2319 2345
f 2319 2298 2345
f 2345 2298 2344
f 2298 2299 2344
f 2344 2299 2343
f 2299 2320 2343
f 2343 2320 2342
f 2320 2321 2342
f 2342 2321 2341
f 2321 2300 2341
f 2341 2300 2340
f 2300 2301 2340
f 2340 2301 2339
f 2301 2302 2339
f 2339 2302 2338
f 2302 2303 2338
f 2338 2303 2337
f 2303 2304 2337
f 2337 2304 2336
f 2304 2305 2336
f 2336 2305 2335
f 2305 2306 2335
f 2335 2306 2334
f 2306 2307 2334
f 2334 2307 2333
f 2307 2308 2333
f 2333 2308 2332
f 2308 2309 2332
f 2332 2309 2331
f 2309 2310 2331
f 2331 2310 2330
f 2310 2311 2330
f 2330 2311 2329
f 2311 2312 2329
f 2329 2312 2328
f 2312 2313 2328
f 2328 2313 2327
f 2313 2314 2327
f 2327 2314 2326
f 2314 2315 2326
f 2326 2315 2325
f 2315 2316 2325
f 2325 2316 2324
f 2316 2317 2324
f 2324 2317 2323
f 2317 2318 2323
f 2323 2318 2322
f 2318 2319 2322
f 2346 2345 2347
f 2345 2344 2347
f 2347 2344 2348
f 2344 2343 2348
f 2348 2343 2349
f 2343 2342 2349
f 2349 2342 2350
f 2342 2341 2350
f 2350 2341 2351
f 2341 2340 2351
f 2351 2340 2352
f 2340 2339 2352
f 2352 2339 2353
f 2339 2338 2353
f 2353 2338 2354
f 2338 2337 2354
f 2354 2337 2355
f 2337 2336 2355
f 2355 2336 2356
f 2336 2335 2356
f 2356 2335 2357
f 2335 2334 2357
f 2357 2334 2358
f 2334 2333 2358
f 2358 2333 2359
f 2333 2332 2359
f 2359 2332 2360
f 2332 2331 2360
f 2360 2331 2361
f 2331 2330 2361
f 2361 2330 2362
f 2330 2329 2362
f 2362 2329 2363
f 2329 2328 2363
f 2363 2328 2364
f 2328 2327 2364
f 2364 2327 2365
f 2327 2326 2365
f 2365 2326 2366
f 2326 2325 2366
f 2366 2325 2367
f 2325 2324 2367
f 2367 2324 2368
f 2324 2323 2368
f 2368 2323 2369
f 2323 2322 2369
f 2369 2322 2346
f 2322 2345 2346
f 2370 2353 2371
f 2353 2354 2371
f 2371 2354 2372
f 2354 2355 2372
f 2372 2355 2373
f 2355 2356 2373
f 2373 2356 2380
f 2356 2357 2380
f 2380 2357 2374
f 2357 2358 2374
f 2374 2358 2375
f 2358 2359 2375
f 2375 2359 2389
f 2359 2360 2389
f 2389 2360 2381
f 2360 2361 2381
f 2381 2361 2382
f 2361 2362 2382
f 2382 2362 2390
f 2362 2363 2390
f 2390 2363 2391
f 2363 2364 2391
f 2391 2364 2383
f 2364 2365 2383
f 2383 2365 2384
f 2365 2366 2384
f 2384 2366 2385
f 2366 2367 2385
f 2385 2367 2386
f 2367 2368 2386
f 2386 2368 2387
f 2368 2369 2387
f 2387 2369 2376
f 2369 2346 2376
f 2376 2346 2377
f 2346 2347 2377
f 2377 2347 2388
f 2347 2348 2388
f 2388 2348 2378
f 2348 2349 2378
f 2378 2349 2379
f 2349 2350 2379
f 2379 2350 2392
f 2350 2351 2392
f 2392 2351 2393
f 2351 2352 2393
f 2393 2352 2370
f 2352 2353 2370
f 2380 2418 2373
f 2418 2419 2373
f 2373 2419 2372
f 2419 2420 2372
f 2372 2420 2371
f 2420 2421 2371
f 2371 2421 2370
f 2421 2422 2370
f 2370 2422 2393
f 2422 2423 2393
f 2393 2423 2392
f 2423 2424 2392
f 2392 2424 2379
f 2424 2425 2379
f 2379 2425 2378
f 2425 2426 2378
f 2378 2426 2388
f 2426 2427 2388
f 2388 2427 2377
f 2427 2428 2377
f 2377 2428 2376
f 2428 2429 2376
f 2376 2429 2387
f 2429 2430 2387
f 2387 2430 2386
f 2430 2431 2386
f 2386 2431 2385
f 2431 2432 2385
f 2385 2432 2384
f 2432 2433 2384
f 2384 2433 2383
f 2433 2434 2383
f 2383 2434 2391
f 2434 2435 2391
f 2391 2435 2390
f 2435 2436 2390
f 2390 2436 2382
f 2436 2437 2382
f 2382 2437 2381
f 2437 2438 2381
f 2381 2438 2389
f 2438 2439 2389
f 2389 2439 2375
f 2439 2440 2375
f 2375 2440 2374
f 2440 2441 2374
f 2374 2441 2380
f 2441 2418 2380
f 2441 2442 2418
f 2442 2443 2418
f 2418 2443 2419
f 2443 2444 2419
f 2419 2444 2420
f 2444 2445 2420
f 2420 2445 2421
f 2445 2446 2421
f 2421 2446 2422
f 2446 2447 2422
f 2422 2447 2423
f 2447 2448 2423
f 2423 2448 2424
f 2448 2449 2424
f 2424 2449 2425
f 2449 2450 2425
f 2425 2450 2426
f 2450 2451 2426
f 2426 2451 2427
f 2451 2452 2427
f 2427 2452 2428
f 2452 2453 2428
f 2428 2453 2429
f 2453 2454 2429
f 2429 2454 2430
f 2454 2455 2430
f 2430 2455 2431
f 2455 2456 2431
f 2431 2456 2432
f 2456 2457 2432
f 2432 2457 2433
f 2457 2458 2433
f 2433 2458 2434
f 2458 2459 2434
f 2434 2459 2435
f 2459 2460 2435
f 2435 2460 2436
f 2460 2461 2436
f 2436 2461 2437
f 2461 2462 2437
f 2437 2462 2438
f 2462 2463 2438
f 2438 2463 2439
f 2463 2464 2439
f 2439 2464 2440
f 2464 2465 2440
f 2440 2465 2441
f 2465 2442 2441
f 2465 2466 2442
f 2466 2467 2442
f 2442 2467 2443
f 2467 2468 2443
f 2443 2468 2444
f 2468 2469 2444
f 2444 2469 2445
f 2469 2470 2445
f 2445 2470 2446
f 2470 2471 2446
f 2446 2471 2447
f 2471 2472 2447
f 2447 2472 2448
f 2472 2473 2448
f 2448 2473 2449
f 2473 2474 2449
f 2449 2474 2450
f 2474 2475 2450
f 2450 2475 2451
f 2475 2476 2451
f 2451 2476 2452
f 2476 2477 2452
f 2452 2477 2453
f 2477 2478 2453
f 2453 2478 2454
f 2478 2479 2454
f 2454 2479 2455
f 2479 2480 2455
f 2455 2480 2456
f 2480 2481 2456
f 2456 2481 2457
f 2481 2482 2457
f 2457 2482 2458
f 2482 2483 2458
f 2458 2483 2459
f 2483 2484 2459
f 2459 2484 2460
f 2484 2485 2460
f 2460 2485 2461
f 2485 2486 2461
f 2461 2486 2462
f 2486 2487 2462
f 2462 2487 2463
f 2487 2488 2463
f 2463 2488 2464
f 2488 2489 2464
f 2464 2489 2465
f 2489 2466 2465
f 2489 2395 2466
f 2395 2396 2466
f 2466 2396 2467
f 2396 2397 2467
f 2467 2397 2468
f 2397 2398 2468
f 2468 2398 2469
f 2398 2399 2469
f 2469 2399 2470
f 2399 2400 2470
f 2470 2400 2471
f 2400 2401 2471
f 2471 2401 2472
f 2401 2402 2472
f 2472 2402 2473
f 2402 2403 2473
f 2473 2403 2474
f 2403 2404 2474
f 2474 2404 2475
f 2404 2405 2475
f 2475 2405 2476
f 2405 2406 2476
f 2476 2406 2477
f 2406 2407 2477
f 2477 2407 2478
f 2407 2408 2478
f 2478 2408 2479
f 2408 2409 2479
f 2479 2409 2480
f 2409 2410 2480
f 2480 2410 2481
f 2410 2411 2481
f 2481 2411 2482
f 2411 2412 2482
f 2482 2412 2483
f 2412 2413 2483
f 2483 2413 2484
f 2413 2414 2484
f 2484 2414 2485
f 2414 2415 2485
f 2485 2415 2486
f 2415 2416 2486
f 2486 2416 2487
f 2416 2417 2487
f 2487 2417 2488
f 2417 2394 2488
f 2488 2394 2489
f 2394 2395 2489
f 2490 2396 2491
f 2396 2395 2491
f 2491 2395 2492
f 2395 2394 2492
f 2492 2394 2493
f 2394 2417 2493
f 2493 2417 2494
f 2417 2416 2494
f 2494 2416 2499
f 2416 2415 2499
f 2499 2415 2500
f 2415 2414 2500
f 2500 2414 2501
f 2414 2413 2501
f 2501 2413 2503
f 2413 2412 2503
f 2503 2412 2504
f 2412 2411 2504
f 2504 2411 2509
f 2411 2410 2509
f 2509 2410 2497
f 2410 2409 2497
f 2497 2409 2498
f 2409 2408 2498
f 2498 2408 2502
f 2408 2407 2502
f 2502 2407 2505
f 2407 2406 2505
f 2505 2406 2506
f 2406 2405 2506
f 2506 2405 2507
f 2405 2404 2507
f 2507 2404 2508
f 2404 2403 2508
f 2508 2403 2510
f 2403 2402 2510
f 2510 2402 2511
f 2402 2401 2511
f 2511 2401 2512
f 2401 2400 2512
f 2512 2400 2513
f 2400 2399 2513
f 2513 2399 2495
f 2399 2398 2495
f 2495 2398 2496
f 2398 2397 2496
f 2496 2397 2490
f 2397 2396 2490
f 2514 2515 2516
f 2514 2516 2517
f 2518 2517 2516
f 2519 2518 2516
f 2520 2519 2516
f 2521 2520 2516
f 2522 2521 2516
f 2523 2522 2516
f 2524 2523 2516
f 2525 2524 2516
f 2526 2525 2516
f 2527 2526 2516
f 2528 2527 2516
f 2529 2528 2516
f 2530 2529 2516
f 2531 2530 2516
f 2532 2531 2516
f 2533 2532 2516
f 2534 2533 2516
f 2535 2534 2516
f 2536 2535 2516
f 2537 2536 2516
f 2538 2537 2516
f 2515 2538 2516
f 2515 2539 2538
f 2539 2540 2538
f 2538 2540 2537
f 2540 2541 2537
f 2537 2541 2536
f 2541 2542 2536
f 2536 2542 2535
f 2542 2543 2535
f 2535 2543 2534
f 2543 2544 2534
f 2534 2544 2533
f 2544 2545 2533
f 2533 2545 2532
f 2545 2546 2532
f 2532 2546 2531
f 2546 2547 2531
f 2531 2547 2530
f 2547 2548 2530
f 2530 2548 2529
f 2548 2549 2529
f 2529 2549 2528
f 2549 2550 2528
f 2528 2550 2527
f 2550 2551 2527
f 2527 2551 2526
f 2551 2552 2526
f 2526 2552 2525
f 2552 2553 2525
f 2525 2553 2524
f 2553 2554 2524
f 2524 2554 2523
f 2554 2555 2523
f 2523 2555 2522
f 2555 2556 2522
f 2522 2556 2521
f 2556 2557 2521
f 2521 2557 2520
f 2557 2558 2520
f 2520 2558 2519
f 2558 2559 2519
f 2519 2559 2518
f 2559 2560 2518
f 2518 2560 2517
f 2560 2561 2517
f 2517 2561 2514
f 2561 2562 2514
f 2514 2562 2515
f 2562 2539 2515
f 2562 2563 2539
f 2563 2564 2539
f 2539 2564 2540
f 2564 2565 2540
f 2540 2565 2541
f 2565 2566 2541
f 2541 2566 2542
f 2566 2567 2542
f 2542 2567 2543
f 2567 2568 2543
f 2543 2568 2544
f 2568 2569 2544
f 2544 2569 2545
f 2569 2570 2545
f 2545 2570 2546
f 2570 2571 2546
f 2546 2571 2547
f 2571 2572 2547
f 2547 2572 2548
f 2572 2573 2548
f 2548 2573 2549
f 2573 2574 2549
f 2549 2574 2550
f 2574 2575 2550
f 2550 2575 2551
f 2575 2576 2551
f 2551 2576 2552
f 2576 2577 2552
f 2552 2577 2553
f 2577 2578 2553
f 2553 2578 2554
f 2578 2579 2554
f 2554 2579 2555
f 2579 2580 2555
f 2555 2580 2556
f 2580 2581 2556
f 2556 2581 2557
f 2581 2582 2557
f 2557 2582 2558
f 2582 2583 2558
f 2558 2583 2559
f 2583 2584 2559
f 2559 2584 2560
f 2584 2585 2560
f 2560 2585 2561
f 2585 2586 2561
f 2561 2586 2562
f 2586 2563 2562
f 2491 2586 2490
f 2586 2585 2490
f 2490 2585 2496
f 2585 2584 2496
f 2496 2584 2495
f 2584 2583 2495
f 2495 2583 2513
f 2583 2582 2513
f 2513 2582 2512
f 2582 2581 2512
f 2512 2581 2511
f 2581 2580 2511
f 2511 2580 2510
f 2580 2579 2510
f 2510 2579 2508
f 2579 2578 2508
f 2508 2578 2507
f 2578 2577 2507
f 2507 2577 2506
f 2577 2576 2506
f 2506 2576 2505
f 2576 2575 2505
f 2505 2575 2502
f 2575 2574 2502
f 2502 2574 2498
f 2574 2573 2498
f 2498 2573 2497
f 2573 2572 2497
f 2497 2572 2509
f 2572 2571 2509
f 2509 2571 2504
f 2571 2570 2504
f 2504 2570 2503
f 2570 2569 2503
f 2503 2569 2501
f 2569 2568 2501
f 2501 2568 2500
f 2568 2567 2500
f 2500 2567 2499
f 2567 2566 2499
f 2499 2566 2494
f 2566 2565 2494
f 2494 2565 2493
f 2565 2564 2493
f 2493 2564 2492
f 2564 2563 2492
f 2492 2563 2491
f 2563 2586 2491
f 2297 2267 2296
f 2267 2268 2296
f 2296 2268 2295
f 2268 2264 2295
f 2269 2267 2285
f 2267 2297 2285
f 1862 1902 1879
f 1902 1901 1879
f 1879 1901 1878
f 1903 1902 1863
f 1902 1862 1863
f 2014 2015 1857
f 2015 1856 1857
f 1856 2015 1885
f 2015 2013 1885
f 1885 2013 1883
f 2037 2014 2039
f 2014 2012 2039
f 2024 2035 2015
f 2035 2036 2015
f 2036 2034 2015
f 2034 2032 2015
f 2015 2032 2013
f 2032 2033 2013
f 2021 2030 2012
f 2030 2031 2012
f 2031 2038 2012
f 2012 2038 2039
f 2037 2028 2014
f 2028 2029 2014
f 2014 2029 2025
f 2033 2026 2013
f 2026 2027 2013
f 2013 2027 2022
f 2025 2018 2014
f 2018 2019 2014
f 2014 2019 2015
f 2019 2023 2015
f 2015 2023 2024
f 2022 2016 2013
f 2016 2017 2013
f 2013 2017 2012
f 2017 2020 2012
f 2012 2020 2021
f 2952 2955 2954
f 2959 2956 2957
f 2956 2025 2957
f 2957 2025 2958
f 2025 2029 2958
f 2958 2029 2954
f 2029 2028 2954
f 2954 2028 2952
f 2028 2037 2952
f 2952 2037 2953
f 2037 2039 2953
f 2953 2039 2932
f 2039 2038 2932
f 2932 2038 2933
f 2038 2031 2933
f 2933 2031 2934
f 2031 2030 2934
f 2934 2030 2935
f 2030 2021 2935
f 2935 2021 2936
f 2021 2020 2936
f 2936 2020 2937
f 2020 2017 2937
f 2937 2017 2938
f 2017 2016 2938
f 2938 2016 2939
f 2016 2022 2939
f 2939 2022 2940
f 2022 2027 2940
f 2940 2027 2941
f 2027 2026 2941
f 2941 2026 2942
f 2026 2033 2942
f 2942 2033 2943
f 2033 2032 2943
f 2943 2032 2944
f 2032 2034 2944
f 2944 2034 2945
f 2034 2036 2945
f 2945 2036 2946
f 2036 2035 2946
f 2946 2035 2947
f 2035 2024 2947
f 2947 2024 2948
f 2024 2023 2948
f 2948 2023 2949
f 2023 2019 2949
f 2949 2019 2950
f 2019 2018 2950
f 2950 2018 2951
f 2018 2025 2951
f 2951 2025 2956
f 2984 2955 2966
f 2955 2952 2966
f 2966 2952 2967
f 2952 2953 2967
f 2967 2953 2969
f 2953 2932 2969
f 2969 2932 2976
f 2932 2933 2976
f 2976 2933 2960
f 2933 2934 2960
f 2960 2934 2961
f 2934 2935 2961
f 2961 2935 2962
f 2935 2936 2962
f 2962 2936 2963
f 2936 2937 2963
f 2963 2937 2968
f 2937 2938 2968
f 2968 2938 2964
f 2938 2939 2964
f 2964 2939 2965
f 2939 2940 2965
f 2965 2940 2977
f 2940 2941 2977
f 2977 2941 2978
f 2941 2942 2978
f 2978 2942 2970
f 2942 2943 2970
f 2970 2943 2971
f 2943 2944 2971
f 2971 2944 2972
f 2944 2945 2972
f 2972 2945 2973
f 2945 2946 2973
f 2973 2946 2979
f 2946 2947 2979
f 2979 2947 2981
f 2947 2948 2981
f 2981 2948 2974
f 2948 2949 2974
f 2974 2949 2975
f 2949 2950 2975
f 2975 2950 2980
f 2950 2951 2980
f 2980 2951 2982
f 2951 2956 2982
f 2982 2956 2983
f 2956 2959 2983
f 2954 2955 2985
f 2955 2984 2985
f 2985 2984 2966
f 2989 2987 3010
f 2987 2986 3010
f 3010 2986 3011
f 2986 2985 3011
f 2985 2966 3011
f 3011 2966 2990
f 2966 2967 2990
f 2990 2967 2991
f 2967 2969 2991
f 2991 2969 2992
f 2969 2976 2992
f 2992 2976 2993
f 2976 2960 2993
f 2993 2960 2994
f 2960 2961 2994
f 2994 2961 2995
f 2961 2962 2995
f 2995 2962 2996
f 2962 2963 2996
f 2996 2963 2997
f 2963 2968 2997
f 2997 2968 2998
f 2968 2964 2998
f 2998 2964 2999
f 2964 2965 2999
f 2999 2965 3000
f 2965 2977 3000
f 3000 2977 3001
f 2977 2978 3001
f 3001 2978 3002
f 2978 2970 3002
f 3002 2970 3003
f 2970 2971 3003
f 3003 2971 3004
f 2971 2972 3004
f 3004 2972 3005
f 2972 2973 3005
f 3005 2973 3006
f 2973 2979 3006
f 3006 2979 3007
f 2979 2981 3007
f 3007 2981 3008
f 2981 2974 3008
f 3008 2974 3009
f 2974 2975 3009
f 3009 2975 2988
f 2975 2980 2988
f 2988 2980 2989
f 2980 2982 2989
f 2989 2982 2987
f 2982 2983 2987
f 3012 3009 3035
f 3009 2988 3035
f 3035 2988 3034
f 2988 2989 3034
f 3034 2989 3033
f 2989 3010 3033
f 3033 3010 3032
f 3010 3011 3032
f 3032 3011 3031
f 3011 2990 3031
f 3031 2990 3030
f 2990 2991 3030
f 3030 2991 3029
f 2991 2992 3029
f 3029 2992 3028
f 2992 2993 3028
f 3028 2993 3027
f 2993 2994 3027
f 3027 2994 3026
f 2994 2995 3026
f 3026 2995 3025
f 2995 2996 3025
f 3025 2996 3024
f 2996 2997 3024
f 3024 2997 3023
f 2997 2998 3023
f 3023 2998 3022
f 2998 2999 3022
f 3022 2999 3021
f 2999 3000 3021
f 3021 3000 3020
f 3000 3001 3020
f 3020 3001 3019
f 3001 3002 3019
f 3019 3002 3018
f 3002 3003 3018
f 3018 3003 3017
f 3003 3004 3017
f 3017 3004 3016
f 3004 3005 3016
f 3016 3005 3015
f 3005 3006 3015
f 3015 3006 3014
f 3006 3007 3014
f 3014 3007 3013
f 3007 3008 3013
f 3013 3008 3012
f 3008 3009 3012
f 3036 3035 3037
f 3035 3034 3037
f 3037 3034 3038
f 3034 3033 3038
f 3038 3033 3039
f 3033 3032 3039
f 3039 3032 3040
f 3032 3031 3040
f 3040 3031 3041
f 3031 3030 3041
f 3041 3030 3042
f 3030 3029 3042
f 3042 3029 3043
f 3029 3028 3043
f 3043 3028 3044
f 3028 3027 3044
f 3044 3027 3045
f 3027 3026 3045
f 3045 3026 3046
f 3026 3025 3046
f 3046 3025 3047
f 3025 3024 3047
f 3047 3024 3048
f 3024 3023 3048
f 3048 3023 3049
f 3023 3022 3049
f 3049 3022 3050
f 3022 3021 3050
f 3050 3021 3051
f 3021 3020 3051
f 3051 3020 3052
f 3020 3019 3052
f 3052 3019 3053
f 3019 3018 3053
f 3053 3018 3054
f 3018 3017 3054
f 3054 3017 3055
f 3017 3016 3055
f 3055 3016 3056
f 3016 3015 3056
f 3056 3015 3057
f 3015 3014 3057
f 3057 3014 3058
f 3014 3013 3058
f 3058 3013 3059
f 3013 3012 3059
f 3059 3012 3036
f 3012 3035 3036
f 3060 3050 3061
f 3050 3051 3061
f 3061 3051 3068
f 3051 3052 3068
f 3068 3052 3079
f 3052 3053 3079
f 3079 3053 3080
f 3053 3054 3080
f 3080 3054 3081
f 3054 3055 3081
f 3081 3055 3069
f 3055 3056 3069
f 3069 3056 3070
f 3056 3057 3070
f 3070 3057 3076
f 3057 3058 3076
f 3076 3058 3071
f 3058 3059 3071
f 3071 3059 3072
f 3059 3036 3072
f 3072 3036 3077
f 3036 3037 3077
f 3077 3037 3073
f 3037 3038 3073
f 3073 3038 3074
f 3038 3039 3074
f 3074 3039 3078
f 3039 3040 3078
f 3078 3040 3083
f 3040 3041 3083
f 3083 3041 3082
f 3041 3042 3082
f 3082 3042 3075
f 3042 3043 3075
f 3075 3043 3062
f 3043 3044 3062
f 3062 3044 3063
f 3044 3045 3063
f 3063 3045 3065
f 3045 3046 3065
f 3065 3046 3066
f 3046 3047 3066
f 3066 3047 3067
f 3047 3048 3067
f 3067 3048 3064
f 3048 3049 3064
f 3064 3049 3060
f 3049 3050 3060
f 2959 2957 2983
f 2957 2987 2983
f 2193 2194 2195
f 2193 2195 2196
f 2197 2196 2195
f 2198 2197 2195
f 2199 2198 2195
f 2200 2199 2195
f 2201 2200 2195
f 2202 2201 2195
f 2203 2202 2195
f 2204 2203 2195
f 2205 2204 2195
f 2206 2205 2195
f 2207 2206 2195
f 2208 2207 2195
f 2209 2208 2195
f 2210 2209 2195
f 2211 2210 2195
f 2212 2211 2195
f 2213 2212 2195
f 2214 2213 2195
f 2215 2214 2195
f 2216 2215 2195
f 2217 2216 2195
f 2194 2217 2195
f 2194 2218 2217
f 2218 2219 2217
f 2217 2219 2216
f 2219 2220 2216
f 2216 2220 2215
f 2220 2221 2215
f 2215 2221 2214
f 2221 2222 2214
f 2214 2222 2213
f 2222 2223 2213
f 2213 2223 2212
f 2223 2224 2212
f 2212 2224 2211
f 2224 2225 2211
f 2211 2225 2210
f 2225 2226 2210
f 2210 2226 2209
f 2226 2227 2209
f 2209 2227 2208
f 2227 2228 2208
f 2208 2228 2207
f 2228 2229 2207
f 2207 2229 2206
f 2229 2230 2206
f 2206 2230 2205
f 2230 2231 2205
f 2205 2231 2204
f 2231 2232 2204
f 2204 2232 2203
f 2232 2233 2203
f 2203 2233 2202
f 2233 2234 2202
f 2202 2234 2201
f 2234 2235 2201
f 2201 2235 2200
f 2235 2236 2200
f 2200 2236 2199
f 2236 2237 2199
f 2199 2237 2198
f 2237 2238 2198
f 2198 2238 2197
f 2238 2239 2197
f 2197 2239 2196
f 2239 2240 2196
f 2196 2240 2193
f 2240 2241 2193
f 2193 2241 2194
f 2241 2218 2194
f 2173 2241 2172
f 2241 2240 2172
f 2172 2240 2171
f 2240 2239 2171
f 2171 2239 2170
f 2239 2238 2170
f 2170 2238 2169
f 2238 2237 2169
f 2169 2237 2190
f 2237 2236 2190
f 2190 2236 2189
f 2236 2235 2189
f 2189 2235 2186
f 2235 2234 2186
f 2186 2234 2185
f 2234 2233 2185
f 2185 2233 2192
f 2233 2232 2192
f 2192 2232 2191
f 2232 2231 2191
f 2191 2231 2188
f 2231 2230 2188
f 2188 2230 2187
f 2230 2229 2187
f 2187 2229 2184
f 2229 2228 2184
f 2184 2228 2183
f 2228 2227 2183
f 2183 2227 2182
f 2227 2226 2182
f 2182 2226 2181
f 2226 2225 2181
f 2181 2225 2180
f 2225 2224 2180
f 2180 2224 2179
f 2224 2223 2179
f 2179 2223 2178
f 2223 2222 2178
f 2178 2222 2177
f 2222 2221 2177
f 2177 2221 2176
f 2221 2220 2176
f 2176 2220 2175
f 2220 2219 2175
f 2175 2219 2174
f 2219 2218 2174
f 2174 2218 2173
f 2218 2241 2173
f 2987 2957 2986
f 2957 2958 2986
f 2986 2958 2985
f 2958 2954 2985
f 3204 3205 3206
f 3204 3206 3207
f 3208 3207 3206
f 3209 3208 3206
f 3210 3209 3206
f 3211 3210 3206
f 3212 3211 3206
f 3213 3212 3206
f 3214 3213 3206
f 3215 3214 3206
f 3216 3215 3206
f 3217 3216 3206
f 3218 3217 3206
f 3219 3218 3206
f 3220 3219 3206
f 3221 3220 3206
f 3222 3221 3206
f 3223 3222 3206
f 3224 3223 3206
f 3225 3224 3206
f 3226 3225 3206
f 3227 3226 3206
f 3228 3227 3206
f 3205 3228 3206
f 3205 3229 3228
f 3229 3230 3228
f 3228 3230 3227
f 3230 3231 3227
f 3227 3231 3226
f 3231 3232 3226
f 3226 3232 3225
f 3232 3233 3225
f 3225 3233 3224
f 3233 3234 3224
f 3224 3234 3223
f 3234 3235 3223
f 3223 3235 3222
f 3235 3236 3222
f 3222 3236 3221
f 3236 3237 3221
f 3221 3237 3220
f 3237 3238 3220
f 3220 3238 3219
f 3238 3239 3219
f 3219 3239 3218
f 3239 3240 3218
f 3218 3240 3217
f 3240 3241 3217
f 3217 3241 3216
f 3241 3242 3216
f 3216 3242 3215
f 3242 3243 3215
f 3215 3243 3214
f 3243 3244 3214
f 3214 3244 3213
f 3244 3245 3213
f 3213 3245 3212
f 3245 3246 3212
f 3212 3246 3211
f 3246 3247 3211
f 3211 3247 3210
f 3247 3248 3210
f 3210 3248 3209
f 3248 3249 3209
f 3209 3249 3208
f 3249 3250 3208
f 3208 3250 3207
f 3250 3251 3207
f 3207 3251 3204
f 3251 3252 3204
f 3204 3252 3205
f 3252 3229 3205
f 3252 3253 3229
f 3253 3254 3229
f 3229 3254 3230
f 3254 3255 3230
f 3230 3255 3231
f 3255 3256 3231
f 3231 3256 3232
f 3256 3257 3232
f 3232 3257 3233
f 3257 3258 3233
f 3233 3258 3234
f 3258 3259 3234
f 3234 3259 3235
f 3259 3260 3235
f 3235 3260 3236
f 3260 3261 3236
f 3236 3261 3237
f 3261 3262 3237
f 3237 3262 3238
f 3262 3263 3238
f 3238 3263 3239
f 3263 3264 3239
f 3239 3264 3240
f 3264 3265 3240
f 3240 3265 3241
f 3265 3266 3241
f 3241 3266 3242
f 3266 3267 3242
f 3242 3267 3243
f 3267 3268 3243
f 3243 3268 3244
f 3268 3269 3244
f 3244 3269 3245
f 3269 3270 3245
f 3245 3270 3246
f 3270 3271 3246
f 3246 3271 3247
f 3271 3272 3247
f 3247 3272 3248
f 3272 3273 3248
f 3248 3273 3249
f 3273 3274 3249
f 3249 3274 3250
f 3274 3275 3250
f 3250 3275 3251
f 3275 3276 3251
f 3251 3276 3252
f 3276 3253 3252
f 3184 3276 3199
f 3276 3275 3199
f 3199 3275 3198
f 3275 3274 3198
f 3198 3274 3203
f 3274 3273 3203
f 3203 3273 3202
f 3273 3272 3202
f 3202 3272 3201
f 3272 3271 3201
f 3201 3271 3200
f 3271 3270 3200
f 3200 3270 3197
f 3270 3269 3197
f 3197 3269 3196
f 3269 3268 3196
f 3196 3268 3195
f 3268 3267 3195
f 3195 3267 3194
f 3267 3266 3194
f 3194 3266 3193
f 3266 3265 3193
f 3193 3265 3190
f 3265 3264 3190
f 3190 3264 3183
f 3264 3263 3183
f 3183 3263 3182
f 3263 3262 3182
f 3182 3262 3187
f 3262 3261 3187
f 3187 3261 3192
f 3261 3260 3192
f 3192 3260 3191
f 3260 3259 3191
f 3191 3259 3189
f 3259 3258 3189
f 3189 3258 3181
f 3258 3257 3181
f 3181 3257 3180
f 3257 3256 3180
f 3180 3256 3186
f 3256 3255 3186
f 3186 3255 3188
f 3255 3254 3188
f 3188 3254 3185
f 3254 3253 3185
f 3185 3253 3184
f 3253 3276 3184
f 3180 3105 3181
f 3105 3104 3181
f 3181 3104 3189
f 3104 3103 3189
f 3189 3103 3191
f 3103 3102 3191
f 3191 3102 3192
f 3102 3101 3192
f 3192 3101 3187
f 3101 3100 3187
f 3187 3100 3182
f 3100 3099 3182
f 3182 3099 3183
f 3099 3098 3183
f 3183 3098 3190
f 3098 3097 3190
f 3190 3097 3193
f 3097 3096 3193
f 3193 3096 3194
f 3096 3095 3194
f 3194 3095 3195
f 3095 3094 3195
f 3195 3094 3196
f 3094 3093 3196
f 3196 3093 3197
f 3093 3092 3197
f 3197 3092 3200
f 3092 3091 3200
f 3200 3091 3201
f 3091 3090 3201
f 3201 3090 3202
f 3090 3089 3202
f 3202 3089 3203
f 3089 3088 3203
f 3203 3088 3198
f 3088 3087 3198
f 3198 3087 3199
f 3087 3086 3199
f 3199 3086 3184
f 3086 3085 3184
f 3184 3085 3185
f 3085 3084 3185
f 3185 3084 3188
f 3084 3107 3188
f 3188 3107 3186
f 3107 3106 3186
f 3186 3106 3180
f 3106 3105 3180
f 3066 3108 3065
f 3108 3109 3065
f 3065 3109 3063
f 3109 3110 3063
f 3063 3110 3062
f 3110 3111 3062
f 3062 3111 3075
f 3111 3112 3075
f 3075 3112 3082
f 3112 3113 3082
f 3082 3113 3083
f 3113 3114 3083
f 3083 3114 3078
f 3114 3115 3078
f 3078 3115 3074
f 3115 3116 3074
f 3074 3116 3073
f 3116 3117 3073
f 3073 3117 3077
f 3117 3118 3077
f 3077 3118 3072
f 3118 3119 3072
f 3072 3119 3071
f 3119 3120 3071
f 3071 3120 3076
f 3120 3121 3076
f 3076 3121 3070
f 3121 3122 3070
f 3070 3122 3069
f 3122 3123 3069
f 3069 3123 3081
f 3123 3124 3081
f 3081 3124 3080
f 3124 3125 3080
f 3080 3125 3079
f 3125 3126 3079
f 3079 3126 3068
f 3126 3127 3068
f 3068 3127 3061
f 3127 3128 3061
f 3061 3128 3060
f 3128 3129 3060
f 3060 3129 3064
f 3129 3130 3064
f 3064 3130 3067
f 3130 3131 3067
f 3067 3131 3066
f 3131 3108 3066
f 3131 3132 3108
f 3132 3133 3108
f 3108 3133 3109
f 3133 3134 3109
f 3109 3134 3110
f 3134 3135 3110
f 3110 3135 3111
f 3135 3136 3111
f 3111 3136 3112
f 3136 3137 3112
f 3112 3137 3113
f 3137 3138 3113
f 3113 3138 3114
f 3138 3139 3114
f 3114 3139 3115
f 3139 3140 3115
f 3115 3140 3116
f 3140 3141 3116
f 3116 3141 3117
f 3141 3142 3117
f 3117 3142 3118
f 3142 3143 3118
f 3118 3143 3119
f 3143 3144 3119
f 3119 3144 3120
f 3144 3145 3120
f 3120 3145 3121
f 3145 3146 3121
f 3121 3146 3122
f 3146 3147 3122
f 3122 3147 3123
f 3147 3148 3123
f 3123 3148 3124
f 3148 3149 3124
f 3124 3149 3125
f 3149 3150 3125
f 3125 3150 3126
f 3150 3151 3126
f 3126 3151 3127
f 3151 3152 3127
f 3127 3152 3128
f 3152 3153 3128
f 3128 3153 3129
f 3153 3154 3129
f 3129 3154 3130
f 3154 3155 3130
f 3130 3155 3131
f 3155 3132 3131
f 3155 3156 3132
f 3156 3157 3132
f 3132 3157 3133
f 3157 3158 3133
f 3133 3158 3134
f 3158 3159 3134
f 3134 3159 3135
f 3159 3160 3135
f 3135 3160 3136
f 3160 3161 3136
f 3136 3161 3137
f 3161 3162 3137
f 3137 3162 3138
f 3162 3163 3138
f 3138 3163 3139
f 3163 3164 3139
f 3139 3164 3140
f 3164 3165 3140
f 3140 3165 3141
f 3165 3166 3141
f 3141 3166 3142
f 3166 3167 3142
f 3142 3167 3143
f 3167 3168 3143
f 3143 3168 3144
f 3168 3169 3144
f 3144 3169 3145
f 3169 3170 3145
f 3145 3170 3146
f 3170 3171 3146
f 3146 3171 3147
f 3171 3172 3147
f 3147 3172 3148
f 3172 3173 3148
f 3148 3173 3149
f 3173 3174 3149
f 3149 3174 3150
f 3174 3175 3150
f 3150 3175 3151
f 3175 3176 3151
f 3151 3176 3152
f 3176 3177 3152
f 3152 3177 3153
f 3177 3178 3153
f 3153 3178 3154
f 3178 3179 3154
f 3154 3179 3155
f 3179 3156 3155
f 3179 3085 3156
f 3085 3086 3156
f 3156 3086 3157
f 3086 3087 3157
f 3157 3087 3158
f 3087 3088 3158
f 3158 3088 3159
f 3088 3089 3159
f 3159 3089 3160
f 3089 3090 3160
f 3160 3090 3161
f 3090 3091 3161
f 3161 3091 3162
f 3091 3092 3162
f 3162 3092 3163
f 3092 3093 3163
f 3163 3093 3164
f 3093 3094 3164
f 3164 3094 3165
f 3094 3095 3165
f 3165 3095 3166
f 3095 3096 3166
f 3166 3096 3167
f 3096 3097 3167
f 3167 3097 3168
f 3097 3098 3168
f 3168 3098 3169
f 3098 3099 3169
f 3169 3099 3170
f 3099 3100 3170
f 3170 3100 3171
f 3100 3101 3171
f 3171 3101 3172
f 3101 3102 3172
f 3172 3102 3173
f 3102 3103 3173
f 3173 3103 3174
f 3103 3104 3174
f 3174 3104 3175
f 3104 3105 3175
f 3175 3105 3176
f 3105 3106 3176
f 3176 3106 3177
f 3106 3107 3177
f 3177 3107 3178
f 3107 3084 3178
f 3178 3084 3179
f 3084 3085 3179
f 1884 2012 1858
f 2012 2014 1858
f 1858 2014 1857
f 2013 2012 1883
f 2012 1884 1883
f 2614 2612 2622
f 2612 2642 2622
f 2642 2612 2641
f 2612 2613 2641
f 2641 2613 2640
f 2613 2609 2640
f 2859 2860 2861
f 2859 2861 2862
f 2863 2862 2861
f 2864 2863 2861
f 2865 2864 2861
f 2866 2865 2861
f 2867 2866 2861
f 2868 2867 2861
f 2869 2868 2861
f 2870 2869 2861
f 2871 2870 2861
f 2872 2871 2861
f 2873 2872 2861
f 2874 2873 2861
f 2875 2874 2861
f 2876 2875 2861
f 2877 2876 2861
f 2878 2877 2861
f 2879 2878 2861
f 2880 2879 2861
f 2881 2880 2861
f 2882 2881 2861
f 2883 2882 2861
f 2860 2883 2861
f 2860 2884 2883
f 2884 2885 2883
f 2883 2885 2882
f 2885 2886 2882
f 2882 2886 2881
f 2886 2887 2881
f 2881 2887 2880
f 2887 2888 2880
f 2880 2888 2879
f 2888 2889 2879
f 2879 2889 2878
f 2889 2890 2878
f 2878 2890 2877
f 2890 2891 2877
f 2877 2891 2876
f 2891 2892 2876
f 2876 2892 2875
f 2892 2893 2875
f 2875 2893 2874
f 2893 2894 2874
f 2874 2894 2873
f 2894 2895 2873
f 2873 2895 2872
f 2895 2896 2872
f 2872 2896 2871
f 2896 2897 2871
f 2871 2897 2870
f 2897 2898 2870
f 2870 2898 2869
f 2898 2899 2869
f 2869 2899 2868
f 2899 2900 2868
f 2868 2900 2867
f 2900 2901 2867
f 2867 2901 2866
f 2901 2902 2866
f 2866 2902 2865
f 2902 2903 2865
f 2865 2903 2864
f 2903 2904 2864
f 2864 2904 2863
f 2904 2905 2863
f 2863 2905 2862
f 2905 2906 2862
f 2862 2906 2859
f 2906 2907 2859
f 2859 2907 2860
f 2907 2884 2860
f 2907 2908 2884
f 2908 2909 2884
f 2884 2909 2885
f 2909 2910 2885
f 2885 2910 2886
f 2910 2911 2886
f 2886 2911 2887
f 2911 2912 2887
f 2887 2912 2888
f 2912 2913 2888
f 2888 2913 2889
f 2913 2914 2889
f 2889 2914 2890
f 2914 2915 2890
f 2890 2915 2891
f 2915 2916 2891
f 2891 2916 2892
f 2916 2917 2892
f 2892 2917 2893
f 2917 2918 2893
f 2893 2918 2894
f 2918 2919 2894
f 2894 2919 2895
f 2919 2920 2895
f 2895 2920 2896
f 2920 2921 2896
f 2896 2921 2897
f 2921 2922 2897
f 2897 2922 2898
f 2922 2923 2898
f 2898 2923 2899
f 2923 2924 2899
f 2899 2924 2900
f 2924 2925 2900
f 2900 2925 2901
f 2925 2926 2901
f 2901 2926 2902
f 2926 2927 2902
f 2902 2927 2903
f 2927 2928 2903
f 2903 2928 2904
f 2928 2929 2904
f 2904 2929 2905
f 2929 2930 2905
f 2905 2930 2906
f 2930 2931 2906
f 2906 2931 2907
f 2931 2908 2907
f 2839 2931 2836
f 2931 2930 2836
f 2836 2930 2835
f 2930 2929 2835
f 2835 2929 2845
f 2929 2928 2845
f 2845 2928 2854
f 2928 2927 2854
f 2854 2927 2858
f 2927 2926 2858
f 2858 2926 2857
f 2926 2925 2857
f 2857 2925 2856
f 2925 2924 2856
f 2856 2924 2855
f 2924 2923 2855
f 2855 2923 2850
f 2923 2922 2850
f 2850 2922 2849
f 2922 2921 2849
f 2849 2921 2853
f 2921 2920 2853
f 2853 2920 2848
f 2920 2919 2848
f 2848 2919 2847
f 2919 2918 2847
f 2847 2918 2852
f 2918 2917 2852
f 2852 2917 2846
f 2917 2916 2846
f 2846 2916 2838
f 2916 2915 2838
f 2838 2915 2837
f 2915 2914 2837
f 2837 2914 2844
f 2914 2913 2844
f 2844 2913 2851
f 2913 2912 2851
f 2851 2912 2843
f 2912 2911 2843
f 2843 2911 2842
f 2911 2910 2842
f 2842 2910 2841
f 2910 2909 2841
f 2841 2909 2840
f 2909 2908 2840
f 2840 2908 2839
f 2908 2931 2839
f 2835 2742 2836
f 2742 2741 2836
f 2836 2741 2839
f 2741 2740 2839
f 2839 2740 2840
f 2740 2739 2840
f 2840 2739 2841
f 2739 2762 2841
f 2841 2762 2842
f 2762 2761 2842
f 2842 2761 2843
f 2761 2760 2843
f 2843 2760 2851
f 2760 2759 2851
f 2851 2759 2844
f 2759 2758 2844
f 2844 2758 2837
f 2758 2757 2837
f 2837 2757 2838
f 2757 2756 2838
f 2838 2756 2846
f 2756 2755 2846
f 2846 2755 2852
f 2755 2754 2852
f 2852 2754 2847
f 2754 2753 2847
f 2847 2753 2848
f 2753 2752 2848
f 2848 2752 2853
f 2752 2751 2853
f 2853 2751 2849
f 2751 2750 2849
f 2849 2750 2850
f 2750 2749 2850
f 2850 2749 2855
f 2749 2748 2855
f 2855 2748 2856
f 2748 2747 2856
f 2856 2747 2857
f 2747 2746 2857
f 2857 2746 2858
f 2746 2745 2858
f 2858 2745 2854
f 2745 2744 2854
f 2854 2744 2845
f 2744 2743 2845
f 2845 2743 2835
f 2743 2742 2835
f 2724 2763 2719
f 2763 2764 2719
f 2719 2764 2718
f 2764 2765 2718
f 2718 2765 2717
f 2765 2766 2717
f 2717 2766 2716
f 2766 2767 2716
f 2716 2767 2715
f 2767 2768 2715
f 2715 2768 2729
f 2768 2769 2729
f 2729 2769 2728
f 2769 2770 2728
f 2728 2770 2736
f 2770 2771 2736
f 2736 2771 2727
f 2771 2772 2727
f 2727 2772 2726
f 2772 2773 2726
f 2726 2773 2725
f 2773 2774 2725
f 2725 2774 2723
f 2774 2775 2723
f 2723 2775 2722
f 2775 2776 2722
f 2722 2776 2738
f 2776 2777 2738
f 2738 2777 2737
f 2777 2778 2737
f 2737 2778 2735
f 2778 2779 2735
f 2735 2779 2734
f 2779 2780 2734
f 2734 2780 2733
f 2780 2781 2733
f 2733 2781 2732
f 2781 2782 2732
f 2732 2782 2731
f 2782 2783 2731
f 2731 2783 2730
f 2783 2784 2730
f 2730 2784 2721
f 2784 2785 2721
f 2721 2785 2720
f 2785 2786 2720
f 2720 2786 2724
f 2786 2763 2724
f 2786 2787 2763
f 2787 2788 2763
f 2763 2788 2764
f 2788 2789 2764
f 2764 2789 2765
f 2789 2790 2765
f 2765 2790 2766
f 2790 2791 2766
f 2766 2791 2767
f 2791 2792 2767
f 2767 2792 2768
f 2792 2793 2768
f 2768 2793 2769
f 2793 2794 2769
f 2769 2794 2770
f 2794 2795 2770
f 2770 2795 2771
f 2795 2796 2771
f 2771 2796 2772
f 2796 2797 2772
f 2772 2797 2773
f 2797 2798 2773
f 2773 2798 2774
f 2798 2799 2774
f 2774 2799 2775
f 2799 2800 2775
f 2775 2800 2776
f 2800 2801 2776
f 2776 2801 2777
f 2801 2802 2777
f 2777 2802 2778
f 2802 2803 2778
f 2778 2803 2779
f 2803 2804 2779
f 2779 2804 2780
f 2804 2805 2780
f 2780 2805 2781
f 2805 2806 2781
f 2781 2806 2782
f 2806 2807 2782
f 2782 2807 2783
f 2807 2808 2783
f 2783 2808 2784
f 2808 2809 2784
f 2784 2809 2785
f 2809 2810 2785
f 2785 2810 2786
f 2810 2787 2786
f 2810 2811 2787
f 2811 2812 2787
f 2787 2812 2788
f 2812 2813 2788
f 2788 2813 2789
f 2813 2814 2789
f 2789 2814 2790
f 2814 2815 2790
f 2790 2815 2791
f 2815 2816 2791
f 2791 2816 2792
f 2816 2817 2792
f 2792 2817 2793
f 2817 2818 2793
f 2793 2818 2794
f 2818 2819 2794
f 2794 2819 2795
f 2819 2820 2795
f 2795 2820 2796
f 2820 2821 2796
f 2796 2821 2797
f 2821 2822 2797
f 2797 2822 2798
f 2822 2823 2798
f 2798 2823 2799
f 2823 2824 2799
f 2799 2824 2800
f 2824 2825 2800
f 2800 2825 2801
f 2825 2826 2801
f 2801 2826 2802
f 2826 2827 2802
f 2802 2827 2803
f 2827 2828 2803
f 2803 2828 2804
f 2828 2829 2804
f 2804 2829 2805
f 2829 2830 2805
f 2805 2830 2806
f 2830 2831 2806
f 2806 2831 2807
f 2831 2832 2807
f 2807 2832 2808
f 2832 2833 2808
f 2808 2833 2809
f 2833 2834 2809
f 2809 2834 2810
f 2834 2811 2810
f 2834 2740 2811
f 2740 2741 2811
f 2811 2741 2812
f 2741 2742 2812
f 2812 2742 2813
f 2742 2743 2813
f 2813 2743 2814
f 2743 2744 2814
f 2814 2744 2815
f 2744 2745 2815
f 2815 2745 2816
f 2745 2746 2816
f 2816 2746 2817
f 2746 2747 2817
f 2817 2747 2818
f 2747 2748 2818
f 2818 2748 2819
f 2748 2749 2819
f 2819 2749 2820
f 2749 2750 2820
f 2820 2750 2821
f 2750 2751 2821
f 2821 2751 2822
f 2751 2752 2822
f 2822 2752 2823
f 2752 2753 2823
f 2823 2753 2824
f 2753 2754 2824
f 2824 2754 2825
f 2754 2755 2825
f 2825 2755 2826
f 2755 2756 2826
f 2826 2756 2827
f 2756 2757 2827
f 2827 2757 2828
f 2757 2758 2828
f 2828 2758 2829
f 2758 2759 2829
f 2829 2759 2830
f 2759 2760 2830
f 2830 2760 2831
f 2760 2761 2831
f 2831 2761 2832
f 2761 2762 2832
f 2832 2762 2833
f 2762 2739 2833
f 2833 2739 2834
f 2739 2740 2834
f 2715 2697 2716
f 2697 2698 2716
f 2716 2698 2717
f 2698 2699 2717
f 2717 2699 2718
f 2699 2700 2718
f 2718 2700 2719
f 2700 2701 2719
f 2719 2701 2724
f 2701 2702 2724
f 2724 2702 2720
f 2702 2703 2720
f 2720 2703 2721
f 2703 2704 2721
f 2721 2704 2730
f 2704 2705 2730
f 2730 2705 2731
f 2705 2706 2731
f 2731 2706 2732
f 2706 2707 2732
f 2732 2707 2733
f 2707 2708 2733
f 2733 2708 2734
f 2708 2709 2734
f 2734 2709 2735
f 2709 2710 2735
f 2735 2710 2737
f 2710 2711 2737
f 2737 2711 2738
f 2711 2712 2738
f 2738 2712 2722
f 2712 2713 2722
f 2722 2713 2723
f 2713 2714 2723
f 2723 2714 2725
f 2714 2691 2725
f 2725 2691 2726
f 2691 2692 2726
f 2726 2692 2727
f 2692 2693 2727
f 2727 2693 2736
f 2693 2694 2736
f 2736 2694 2728
f 2694 2695 2728
f 2728 2695 2729
f 2695 2696 2729
f 2729 2696 2715
f 2696 2697 2715
f 2691 2690 2692
f 2690 2689 2692
f 2692 2689 2693
f 2689 2688 2693
f 2693 2688 2694
f 2688 2687 2694
f 2694 2687 2695
f 2687 2686 2695
f 2695 2686 2696
f 2686 2685 2696
f 2696 2685 2697
f 2685 2684 2697
f 2697 2684 2698
f 2684 2683 2698
f 2698 2683 2699
f 2683 2682 2699
f 2699 2682 2700
f 2682 2681 2700
f 2700 2681 2701
f 2681 2680 2701
f 2701 2680 2702
f 2680 2679 2702
f 2702 2679 2703
f 2679 2678 2703
f 2703 2678 2704
f 2678 2677 2704
f 2704 2677 2705
f 2677 2676 2705
f 2705 2676 2706
f 2676 2675 2706
f 2706 2675 2707
f 2675 2674 2707
f 2707 2674 2708
f 2674 2673 2708
f 2708 2673 2709
f 2673 2672 2709
f 2709 2672 2710
f 2672 2671 2710
f 2710 2671 2711
f 2671 2670 2711
f 2711 2670 2712
f 2670 2669 2712
f 2712 2669 2713
f 2669 2668 2713
f 2713 2668 2714
f 2668 2667 2714
f 2714 2667 2691
f 2667 2690 2691
f 2667 2664 2690
f 2664 2643 2690
f 2690 2643 2689
f 2643 2644 2689
f 2689 2644 2688
f 2644 2665 2688
f 2688 2665 2687
f 2665 2666 2687
f 2687 2666 2686
f 2666 2645 2686
f 2686 2645 2685
f 2645 2646 2685
f 2685 2646 2684
f 2646 2647 2684
f 2684 2647 2683
f 2647 2648 2683
f 2683 2648 2682
f 2648 2649 2682
f 2682 2649 2681
f 2649 2650 2681
f 2681 2650 2680
f 2650 2651 2680
f 2680 2651 2679
f 2651 2652 2679
f 2679 2652 2678
f 2652 2653 2678
f 2678 2653 2677
f 2653 2654 2677
f 2677 2654 2676
f 2654 2655 2676
f 2676 2655 2675
f 2655 2656 2675
f 2675 2656 2674
f 2656 2657 2674
f 2674 2657 2673
f 2657 2658 2673
f 2673 2658 2672
f 2658 2659 2672
f 2672 2659 2671
f 2659 2660 2671
f 2671 2660 2670
f 2660 2661 2670
f 2670 2661 2669
f 2661 2662 2669
f 2669 2662 2668
f 2662 2663 2668
f 2668 2663 2667
f 2663 2664 2667
f 2640 2639 2630
f 2644 2642 2665
f 2642 2641 2665
f 2665 2641 2666
f 2641 2640 2666
f 2640 2630 2666
f 2666 2630 2645
f 2630 2631 2645
f 2645 2631 2646
f 2631 2632 2646
f 2646 2632 2647
f 2632 2633 2647
f 2647 2633 2648
f 2633 2637 2648
f 2648 2637 2649
f 2637 2619 2649
f 2649 2619 2650
f 2619 2615 2650
f 2650 2615 2651
f 2615 2616 2651
f 2651 2616 2652
f 2616 2620 2652
f 2652 2620 2653
f 2620 2617 2653
f 2653 2617 2654
f 2617 2618 2654
f 2654 2618 2655
f 2618 2623 2655
f 2655 2623 2656
f 2623 2624 2656
f 2656 2624 2657
f 2624 2634 2657
f 2657 2634 2658
f 2634 2635 2658
f 2658 2635 2659
f 2635 2638 2659
f 2659 2638 2660
f 2638 2636 2660
f 2660 2636 2661
f 2636 2625 2661
f 2661 2625 2662
f 2625 2626 2662
f 2662 2626 2663
f 2626 2627 2663
f 2663 2627 2664
f 2627 2628 2664
f 2664 2628 2643
f 2628 2629 2643
f 2643 2629 2644
f 2629 2621 2644
f 2644 2621 2642
f 2621 2622 2642
f 2609 2610 2640
f 2610 2639 2640
f 2639 2610 2630
f 2610 2607 2630
f 2630 2607 2631
f 2607 2608 2631
f 2631 2608 2632
f 2608 2587 2632
f 2632 2587 2633
f 2587 2588 2633
f 2633 2588 2637
f 2588 2589 2637
f 2637 2589 2619
f 2589 2590 2619
f 2619 2590 2615
f 2590 2591 2615
f 2615 2591 2616
f 2591 2592 2616
f 2616 2592 2620
f 2592 2593 2620
f 2620 2593 2617
f 2593 2594 2617
f 2617 2594 2618
f 2594 2595 2618
f 2618 2595 2623
f 2595 2596 2623
f 2623 2596 2624
f 2596 2597 2624
f 2624 2597 2634
f 2597 2598 2634
f 2634 2598 2635
f 2598 2599 2635
f 2635 2599 2638
f 2599 2600 2638
f 2638 2600 2636
f 2600 2601 2636
f 2636 2601 2625
f 2601 2602 2625
f 2625 2602 2626
f 2602 2603 2626
f 2626 2603 2627
f 2603 2604 2627
f 2627 2604 2628
f 2604 2605 2628
f 2628 2605 2629
f 2605 2606 2629
f 2629 2606 2621
f 2606 2611 2621
f 2621 2611 2622
f 2611 2614 2622
f 2607 2610 2609
f 2614 2611 2612
f 2611 1995 2612
f 2612 1995 2613
f 1995 1994 2613
f 2613 1994 2609
f 1994 2001 2609
f 2609 2001 2607
f 2001 2000 2607
f 2607 2000 2608
f 2000 2011 2608
f 2608 2011 2587
f 2011 2010 2587
f 2587 2010 2588
f 2010 2009 2588
f 2588 2009 2589
f 2009 2008 2589
f 2589 2008 2590
f 2008 2007 2590
f 2590 2007 2591
f 2007 1997 2591
f 2591 1997 2592
f 1997 1996 2592
f 2592 1996 2593
f 1996 1998 2593
f 2593 1998 2594
f 1998 2003 2594
f 2594 2003 2595
f 2003 2002 2595
f 2595 2002 2596
f 2002 2005 2596
f 2596 2005 2597
f 2005 2004 2597
f 2597 2004 2598
f 2004 1993 2598
f 2598 1993 2599
f 1993 1992 2599
f 2599 1992 2600
f 1992 1999 2600
f 2600 1999 2601
f 1999 2006 2601
f 2601 2006 2602
f 2006 1991 2602
f 2602 1991 2603
f 1991 1990 2603
f 2603 1990 2604
f 1990 1989 2604
f 2604 1989 2605
f 1989 1988 2605
f 2605 1988 2606
f 1988 1995 2606
f 2606 1995 2611
f 2000 1987 2011
f 1987 1986 2011
f 2011 1986 2010
f 2007 2008 1986
f 2008 2009 1986
f 1986 2009 2010
f 1991 2006 1984
f 2006 1999 1984
f 2005 2002 1985
f 2002 2003 1985
f 2003 1998 1985
f 1998 1996 1985
f 1985 1996 1986
f 1996 1997 1986
f 1986 1997 2007
f 2000 2001 1987
f 2001 1994 1987
f 1987 1994 1995
f 1999 1992 1984
f 1992 1993 1984
f 1984 1993 1985
f 1993 2004 1985
f 1985 2004 2005
f 1995 1988 1987
f 1988 1989 1987
f 1987 1989 1984
f 1989 1990 1984
f 1984 1990 1991
f 1987 1984 1860
f 1984 1859 1860
f 1880 1986 1861
f 1986 1987 1861
f 1861 1987 1860
f 1985 1986 1881
f 1986 1880 1881
f 1859 1984 1882
f 1984 1985 1882
f 1882 1985 1881
f 1877 1900 1864
f 1900 1903 1864
f 1864 1903 1863
f 997 998 1028
f 997 1028 1027
f 1028 1026 1027
f 1027 1026 1025
f 1026 1024 1025
f 1025 1024 1023
f 1024 1022 1023
f 1023 1022 1021
f 1022 1020 1021
f 1021 1020 1019
f 1020 1018 1019
f 1019 1018 1017
f 1018 1015 1017
f 1017 1015 1016
f 1013 1014 1012
f 1013 1012 1011
f 1012 1010 1011
f 1011 1010 1009
f 1010 1008 1009
f 1009 1008 1007
f 1008 1006 1007
f 1007 1006 1005
f 1006 1004 1005
f 1005 1004 1003
f 1004 1002 1003
f 1003 1002 1001
f 1002 999 1001
f 1001 999 1000
f 1076 1075 995
f 1059 1074 1013
f 995 1075 996
f 1075 1073 996
f 996 1073 1066
f 1074 1071 1013
f 1071 1072 1013
f 1013 1072 1016
f 1072 1070 1016
f 1066 1067 996
f 1067 1061 996
f 996 1061 1000
f 1063 1064 995
f 1064 1069 995
f 995 1069 1076
f 1061 1062 1000
f 1062 1060 1000
f 1000 1060 1001
f 1060 1054 1001
f 1001 1054 1003
f 1054 1005 1003
f 1070 1068 1016
f 1068 1058 1016
f 1016 1058 1017
f 1058 1056 1017
f 1017 1056 1019
f 1019 1056 1021
f 1056 1057 1021
f 1021 1057 1023
f 1063 995 1055
f 995 997 1055
f 1055 997 1065
f 997 1027 1065
f 1065 1027 1057
f 1027 1025 1057
f 1057 1025 1023
f 1005 1054 1007
f 1054 1053 1007
f 1007 1053 1009
f 1059 1013 1053
f 1013 1011 1053
f 1053 1011 1009
f 1016 1015 1013
f 1015 1014 1013
f 1048 1014 1051
f 1014 1015 1051
f 1030 1050 1015
f 1050 1052 1015
f 1015 1052 1051
f 992 1049 1037
f 994 1045 992
f 1045 1046 992
f 992 1046 1049
f 998 1042 1028
f 1042 1031 1028
f 1028 1031 1026
f 1031 1024 1026
f 1039 1040 994
f 1040 1047 994
f 994 1047 1045
f 1037 1038 992
f 1038 1036 992
f 992 1036 998
f 1036 1044 998
f 998 1044 1042
f 1048 1043 1014
f 1043 1035 1014
f 1014 1035 1012
f 1035 1033 1012
f 1012 1033 1010
f 1010 1033 1008
f 1033 1034 1008
f 1008 1034 1006
f 1039 994 1032
f 994 999 1032
f 1032 999 1041
f 999 1002 1041
f 1041 1002 1034
f 1002 1004 1034
f 1034 1004 1006
f 1024 1031 1022
f 1031 1029 1022
f 1022 1029 1020
f 1030 1015 1029
f 1015 1018 1029
f 1029 1018 1020
f 985 979 981
f 991 989 981
f 989 987 981
f 981 987 985
f 1000 999 996
f 999 994 996
f 996 994 981
f 994 993 981
f 981 993 991
f 982 995 981
f 995 996 981
f 984 982 983
f 982 980 983
f 998 997 992
f 997 995 992
f 992 995 990
f 995 982 990
f 984 986 982
f 986 988 982
f 982 988 990
f 994 992 993
f 992 990 993
f 993 990 991
f 990 988 991
f 991 988 989
f 988 986 989
f 989 986 987
f 986 984 987
f 987 984 985
f 984 983 985
f 985 983 979
f 983 980 979
f 22 23 25
f 23 24 25
f 25 24 1
f 19 20 25
f 20 21 25
f 25 21 22
f 16 17 25
f 17 18 25
f 25 18 19
f 13 14 25
f 14 15 25
f 25 15 16
f 10 11 25
f 11 12 25
f 25 12 13
f 7 8 25
f 8 9 25
f 25 9 10
f 4 5 25
f 5 6 25
f 25 6 7
f 1 2 25
f 2 3 25
f 25 3 4
f 13 27 14
f 27 49 14
f 14 49 15
f 49 48 15
f 15 48 16
f 48 47 16
f 16 47 17
f 47 46 17
f 17 46 18
f 46 45 18
f 18 45 19
f 45 44 19
f 19 44 20
f 44 43 20
f 20 43 21
f 43 42 21
f 21 42 22
f 42 41 22
f 22 41 23
f 41 40 23
f 23 40 24
f 40 39 24
f 24 39 1
f 39 38 1
f 1 38 2
f 38 37 2
f 2 37 3
f 37 36 3
f 3 36 4
f 36 35 4
f 4 35 5
f 35 34 5
f 5 34 6
f 34 33 6
f 6 33 7
f 33 32 7
f 7 32 8
f 32 31 8
f 8 31 9
f 31 30 9
f 9 30 10
f 30 29 10
f 10 29 11
f 29 28 11
f 11 28 12
f 28 26 12
f 12 26 13
f 26 27 13
f 75 62 135
f 62 139 135
f 135 139 134
f 139 136 134
f 70 137 58
f 137 149 58
f 58 149 50
f 149 148 50
f 50 148 59
f 148 147 59
f 59 147 85
f 147 146 85
f 85 146 94
f 146 145 94
f 94 145 95
f 145 144 95
f 95 144 107
f 144 143 107
f 107 143 108
f 143 142 108
f 108 142 106
f 142 141 106
f 106 141 104
f 141 140 104
f 104 140 61
f 140 138 61
f 61 138 62
f 138 139 62
f 72 133 70
f 133 137 70
f 134 136 132
f 76 75 135
f 135 134 76
f 134 132 76
f 76 132 84
f 132 131 84
f 84 131 73
f 131 130 73
f 73 130 74
f 130 129 74
f 74 129 93
f 129 128 93
f 93 128 83
f 128 127 83
f 83 127 102
f 127 126 102
f 102 126 92
f 126 125 92
f 92 125 80
f 125 124 80
f 80 124 81
f 124 123 81
f 81 123 91
f 123 122 91
f 91 122 90
f 122 120 90
f 90 120 71
f 120 121 71
f 71 121 72
f 121 133 72
f 52 151 53
f 151 173 53
f 53 173 57
f 173 172 57
f 57 172 86
f 172 171 86
f 86 171 56
f 171 170 56
f 56 170 54
f 170 169 54
f 54 169 63
f 169 168 63
f 63 168 89
f 168 167 89
f 89 167 88
f 167 166 88
f 88 166 79
f 166 165 79
f 79 165 77
f 165 164 77
f 77 164 67
f 164 163 67
f 67 163 68
f 163 162 68
f 68 162 78
f 162 161 78
f 78 161 87
f 161 160 87
f 87 160 101
f 160 159 101
f 101 159 100
f 159 158 100
f 100 158 99
f 158 157 99
f 99 157 109
f 157 156 109
f 109 156 105
f 156 155 105
f 105 155 96
f 155 154 96
f 96 154 64
f 154 153 64
f 64 153 65
f 153 152 65
f 65 152 55
f 152 150 55
f 55 150 52
f 150 151 52
f 562 563 561
f 562 561 560
f 561 559 560
f 560 559 558
f 559 557 558
f 558 557 556
f 553 555 557
f 555 556 557
f 555 553 554
f 553 551 554
f 554 551 552
f 551 549 552
f 552 549 550
f 549 548 550
f 550 548 502
f 548 499 502
f 1488 1280 1489
f 1280 1267 1489
f 1489 1267 1490
f 1267 1271 1490
f 1490 1271 1491
f 1271 1269 1491
f 1491 1269 1492
f 1269 1268 1492
f 1492 1268 1493
f 1268 1270 1493
f 1493 1270 1494
f 1270 1272 1494
f 1494 1272 1495
f 1272 1273 1495
f 1495 1273 1496
f 1273 1274 1496
f 1274 1263 1496
f 1496 1263 1497
f 1263 1262 1497
f 1497 1262 1498
f 1262 1261 1498
f 1498 1261 1499
f 1261 1264 1499
f 1499 1264 1500
f 1264 1266 1500
f 1500 1266 1502
f 1266 1265 1502
f 1502 1265 1501
f 1265 1281 1501
f 1501 1281 1503
f 1281 1282 1503
f 1503 1282 1504
f 1282 1283 1504
f 1504 1283 1480
f 1283 1284 1480
f 1480 1284 1479
f 1284 1286 1479
f 1479 1286 1481
f 1286 1285 1481
f 1481 1285 1482
f 1285 1288 1482
f 1482 1288 1484
f 1288 1287 1484
f 1484 1287 1483
f 1287 1279 1483
f 1483 1279 1485
f 1279 1278 1485
f 1485 1278 1486
f 1278 1276 1486
f 1486 1276 1487
f 1276 1275 1487
f 1487 1275 1488
f 1275 1277 1488
f 1488 1277 1280
f 1462 1307 1463
f 1307 1302 1463
f 1463 1302 1464
f 1302 1298 1464
f 1464 1298 1465
f 1298 1297 1465
f 1465 1297 1466
f 1297 1296 1466
f 1466 1296 1467
f 1296 1295 1467
f 1467 1295 1468
f 1295 1299 1468
f 1468 1299 1469
f 1299 1301 1469
f 1469 1301 1470
f 1301 1300 1470
f 1300 1291 1470
f 1470 1291 1471
f 1291 1290 1471
f 1471 1290 1472
f 1290 1289 1472
f 1472 1289 1473
f 1289 1292 1473
f 1473 1292 1474
f 1292 1294 1474
f 1474 1294 1476
f 1294 1293 1476
f 1476 1293 1475
f 1293 1309 1475
f 1475 1309 1477
f 1309 1311 1477
f 1477 1311 1478
f 1311 1310 1478
f 1478 1310 1454
f 1310 1312 1454
f 1454 1312 1453
f 1312 1313 1453
f 1453 1313 1455
f 1313 1315 1455
f 1455 1315 1456
f 1315 1314 1456
f 1456 1314 1458
f 1314 1316 1458
f 1458 1316 1457
f 1316 1306 1457
f 1457 1306 1459
f 1306 1305 1459
f 1459 1305 1460
f 1305 1304 1460
f 1460 1304 1461
f 1304 1303 1461
f 1461 1303 1462
f 1303 1308 1462
f 1462 1308 1307
f 1676 1677 1361
f 1667 1668 1678
f 1667 1679 1666
f 1679 1680 1666
f 1666 1680 1665
f 1680 1681 1665
f 1665 1681 1664
f 1681 1682 1664
f 1664 1682 1663
f 1682 1683 1663
f 1663 1683 1662
f 1683 1684 1662
f 1662 1684 1661
f 1684 1685 1661
f 1661 1685 1660
f 1685 1686 1660
f 1660 1686 1659
f 1686 1687 1659
f 1659 1687 1658
f 1687 1688 1658
f 1658 1688 1657
f 1688 1689 1657
f 1657 1689 1656
f 1689 1690 1656
f 1656 1690 1655
f 1690 1691 1655
f 1655 1691 1654
f 1691 1692 1654
f 1654 1692 1653
f 1692 1693 1653
f 1653 1693 1652
f 1693 1694 1652
f 1652 1694 1675
f 1694 1695 1675
f 1675 1695 1674
f 1695 1696 1674
f 1674 1696 1673
f 1696 1697 1673
f 1673 1697 1672
f 1697 1698 1672
f 1672 1698 1671
f 1698 1699 1671
f 1671 1699 1670
f 1699 1700 1670
f 1670 1700 1669
f 1700 1701 1669
f 1669 1701 1668
f 1679 1677 1680
f 1677 1676 1680
f 1680 1676 1681
f 1676 1702 1681
f 1681 1702 1682
f 1702 1703 1682
f 1682 1703 1683
f 1703 1704 1683
f 1683 1704 1684
f 1704 1705 1684
f 1684 1705 1685
f 1705 1706 1685
f 1685 1706 1686
f 1706 1707 1686
f 1686 1707 1687
f 1707 1708 1687
f 1687 1708 1688
f 1708 1709 1688
f 1688 1709 1689
f 1709 1710 1689
f 1689 1710 1690
f 1710 1711 1690
f 1690 1711 1691
f 1711 1712 1691
f 1691 1712 1692
f 1712 1713 1692
f 1692 1713 1693
f 1713 1714 1693
f 1693 1714 1694
f 1714 1715 1694
f 1694 1715 1695
f 1715 1716 1695
f 1695 1716 1696
f 1716 1717 1696
f 1696 1717 1697
f 1717 1718 1697
f 1697 1718 1698
f 1718 1719 1698
f 1698 1719 1699
f 1719 1720 1699
f 1699 1720 1700
f 1720 1721 1700
f 1700 1721 1701
f 1721 1722 1701
f 1667 1678 1679
f 1678 1723 1679
f 1679 1723 1677
f 1723 1362 1677
f 1677 1362 1361
f 1668 1701 1678
f 1701 1722 1678
f 1678 1722 1723
f 1722 1358 1723
f 1723 1358 1362
f 1719 1332 1720
f 1332 1360 1720
f 1720 1360 1721
f 1360 1359 1721
f 1721 1359 1722
f 1359 1357 1722
f 1722 1357 1358
f 1716 1372 1717
f 1372 1330 1717
f 1717 1330 1718
f 1330 1329 1718
f 1718 1329 1719
f 1329 1331 1719
f 1719 1331 1332
f 1713 1320 1714
f 1320 1369 1714
f 1714 1369 1715
f 1369 1370 1715
f 1715 1370 1716
f 1370 1371 1716
f 1716 1371 1372
f 1710 1323 1711
f 1323 1317 1711
f 1711 1317 1712
f 1317 1318 1712
f 1712 1318 1713
f 1318 1319 1713
f 1713 1319 1320
f 1707 1327 1708
f 1327 1324 1708
f 1708 1324 1709
f 1324 1321 1709
f 1709 1321 1710
f 1321 1322 1710
f 1710 1322 1323
f 1704 1368 1705
f 1368 1328 1705
f 1705 1328 1706
f 1328 1326 1706
f 1706 1326 1707
f 1326 1325 1707
f 1707 1325 1327
f 1361 1363 1676
f 1363 1364 1676
f 1676 1364 1702
f 1364 1365 1702
f 1702 1365 1703
f 1365 1366 1703
f 1703 1366 1704
f 1366 1367 1704
f 1704 1367 1368
f 1652 1639 1653
f 1639 1638 1653
f 1653 1638 1654
f 1638 1637 1654
f 1654 1637 1655
f 1637 1636 1655
f 1655 1636 1656
f 1636 1635 1656
f 1656 1635 1657
f 1635 1634 1657
f 1657 1634 1658
f 1634 1633 1658
f 1658 1633 1659
f 1633 1632 1659
f 1659 1632 1660
f 1632 1631 1660
f 1660 1631 1661
f 1631 1630 1661
f 1661 1630 1662
f 1630 1629 1662
f 1662 1629 1663
f 1629 1628 1663
f 1663 1628 1664
f 1628 1651 1664
f 1664 1651 1665
f 1651 1650 1665
f 1665 1650 1666
f 1650 1649 1666
f 1666 1649 1667
f 1649 1648 1667
f 1667 1648 1668
f 1648 1647 1668
f 1668 1647 1669
f 1647 1646 1669
f 1669 1646 1670
f 1646 1645 1670
f 1670 1645 1671
f 1645 1644 1671
f 1671 1644 1672
f 1644 1643 1672
f 1672 1643 1673
f 1643 1642 1673
f 1673 1642 1674
f 1642 1641 1674
f 1674 1641 1675
f 1641 1640 1675
f 1675 1640 1652
f 1640 1639 1652
f 1614 1629 1613
f 1629 1630 1613
f 1613 1630 1612
f 1630 1631 1612
f 1612 1631 1611
f 1631 1632 1611
f 1611 1632 1610
f 1632 1633 1610
f 1610 1633 1609
f 1633 1634 1609
f 1609 1634 1608
f 1634 1635 1608
f 1608 1635 1607
f 1635 1636 1607
f 1607 1636 1606
f 1636 1637 1606
f 1606 1637 1605
f 1637 1638 1605
f 1605 1638 1604
f 1638 1639 1604
f 1604 1639 1627
f 1639 1640 1627
f 1627 1640 1626
f 1640 1641 1626
f 1626 1641 1625
f 1641 1642 1625
f 1625 1642 1624
f 1642 1643 1624
f 1624 1643 1623
f 1643 1644 1623
f 1623 1644 1622
f 1644 1645 1622
f 1622 1645 1621
f 1645 1646 1621
f 1621 1646 1620
f 1646 1647 1620
f 1620 1647 1619
f 1647 1648 1619
f 1619 1648 1618
f 1648 1649 1618
f 1618 1649 1617
f 1649 1650 1617
f 1617 1650 1616
f 1650 1651 1616
f 1616 1651 1615
f 1651 1628 1615
f 1615 1628 1614
f 1628 1629 1614
f 1604 1543 1605
f 1543 1542 1605
f 1605 1542 1606
f 1542 1541 1606
f 1606 1541 1607
f 1541 1540 1607
f 1607 1540 1608
f 1540 1539 1608
f 1608 1539 1609
f 1539 1538 1609
f 1609 1538 1610
f 1538 1537 1610
f 1610 1537 1611
f 1537 1536 1611
f 1611 1536 1612
f 1536 1535 1612
f 1612 1535 1613
f 1535 1534 1613
f 1613 1534 1614
f 1534 1533 1614
f 1614 1533 1615
f 1533 1532 1615
f 1615 1532 1616
f 1532 1555 1616
f 1616 1555 1617
f 1555 1554 1617
f 1617 1554 1618
f 1554 1553 1618
f 1618 1553 1619
f 1553 1552 1619
f 1619 1552 1620
f 1552 1551 1620
f 1620 1551 1621
f 1551 1550 1621
f 1621 1550 1622
f 1550 1549 1622
f 1622 1549 1623
f 1549 1548 1623
f 1623 1548 1624
f 1548 1547 1624
f 1624 1547 1625
f 1547 1546 1625
f 1625 1546 1626
f 1546 1545 1626
f 1626 1545 1627
f 1545 1544 1627
f 1627 1544 1604
f 1544 1543 1604
f 1557 1523 1556
f 1523 1522 1556
f 1556 1522 1558
f 1522 1525 1558
f 1558 1525 1559
f 1525 1526 1559
f 1559 1526 1560
f 1526 1528 1560
f 1560 1528 1561
f 1528 1527 1561
f 1561 1527 1562
f 1527 1530 1562
f 1562 1530 1563
f 1530 1529 1563
f 1563 1529 1564
f 1529 1521 1564
f 1564 1521 1565
f 1521 1512 1565
f 1512 1510 1565
f 1565 1510 1566
f 1510 1509 1566
f 1566 1509 1567
f 1509 1516 1567
f 1567 1516 1568
f 1516 1518 1568
f 1568 1518 1569
f 1518 1517 1569
f 1569 1517 1570
f 1517 1519 1570
f 1570 1519 1571
f 1519 1513 1571
f 1571 1513 1572
f 1513 1520 1572
f 1572 1520 1573
f 1520 1515 1573
f 1573 1515 1574
f 1515 1514 1574
f 1574 1514 1575
f 1514 1511 1575
f 1575 1511 1576
f 1511 1508 1576
f 1576 1508 1577
f 1508 1506 1577
f 1577 1506 1578
f 1506 1505 1578
f 1578 1505 1579
f 1505 1507 1579
f 1579 1507 1557
f 1507 1524 1557
f 1557 1524 1523
f 1572 1580 1571
f 1580 1581 1571
f 1571 1581 1570
f 1581 1582 1570
f 1570 1582 1569
f 1582 1583 1569
f 1569 1583 1568
f 1583 1584 1568
f 1568 1584 1567
f 1584 1585 1567
f 1567 1585 1566
f 1585 1586 1566
f 1566 1586 1565
f 1586 1587 1565
f 1565 1587 1564
f 1587 1588 1564
f 1564 1588 1563
f 1588 1589 1563
f 1563 1589 1562
f 1589 1590 1562
f 1562 1590 1561
f 1590 1591 1561
f 1561 1591 1560
f 1591 1592 1560
f 1560 1592 1559
f 1592 1593 1559
f 1559 1593 1558
f 1593 1594 1558
f 1558 1594 1556
f 1594 1595 1556
f 1556 1595 1557
f 1595 1596 1557
f 1557 1596 1579
f 1596 1597 1579
f 1579 1597 1578
f 1597 1598 1578
f 1578 1598 1577
f 1598 1599 1577
f 1577 1599 1576
f 1599 1600 1576
f 1576 1600 1575
f 1600 1601 1575
f 1575 1601 1574
f 1601 1602 1574
f 1574 1602 1573
f 1602 1603 1573
f 1573 1603 1572
f 1603 1580 1572
f 1603 1533 1580
f 1533 1534 1580
f 1580 1534 1581
f 1534 1535 1581
f 1581 1535 1582
f 1535 1536 1582
f 1582 1536 1583
f 1536 1537 1583
f 1583 1537 1584
f 1537 1538 1584
f 1584 1538 1585
f 1538 1539 1585
f 1585 1539 1586
f 1539 1540 1586
f 1586 1540 1587
f 1540 1541 1587
f 1587 1541 1588
f 1541 1542 1588
f 1588 1542 1589
f 1542 1543 1589
f 1589 1543 1590
f 1543 1544 1590
f 1590 1544 1591
f 1544 1545 1591
f 1591 1545 1592
f 1545 1546 1592
f 1592 1546 1593
f 1546 1547 1593
f 1593 1547 1594
f 1547 1548 1594
f 1594 1548 1595
f 1548 1549 1595
f 1595 1549 1596
f 1549 1550 1596
f 1596 1550 1597
f 1550 1551 1597
f 1597 1551 1598
f 1551 1552 1598
f 1598 1552 1599
f 1552 1553 1599
f 1599 1553 1600
f 1553 1554 1600
f 1600 1554 1601
f 1554 1555 1601
f 1601 1555 1602
f 1555 1532 1602
f 1602 1532 1603
f 1532 1533 1603
f 1333 1430 1334
f 1430 1452 1334
f 1334 1452 1350
f 1452 1451 1350
f 1350 1451 1351
f 1451 1450 1351
f 1351 1450 1354
f 1450 1449 1354
f 1354 1449 1355
f 1449 1448 1355
f 1355 1448 1356
f 1448 1447 1356
f 1356 1447 1349
f 1447 1446 1349
f 1349 1446 1341
f 1446 1445 1341
f 1341 1445 1348
f 1445 1444 1348
f 1348 1444 1340
f 1444 1443 1340
f 1340 1443 1335
f 1443 1442 1335
f 1335 1442 1338
f 1442 1441 1338
f 1338 1441 1339
f 1441 1440 1339
f 1339 1440 1346
f 1440 1439 1346
f 1346 1439 1347
f 1439 1438 1347
f 1347 1438 1352
f 1438 1437 1352
f 1352 1437 1353
f 1437 1436 1353
f 1353 1436 1344
f 1436 1435 1344
f 1344 1435 1345
f 1435 1434 1345
f 1345 1434 1343
f 1434 1433 1343
f 1343 1433 1336
f 1433 1432 1336
f 1336 1432 1337
f 1432 1431 1337
f 1337 1431 1342
f 1431 1429 1342
f 1342 1429 1333
f 1429 1430 1333
f 1250 1418 1259
f 1418 1415 1259
f 1237 1416 1238
f 1416 1428 1238
f 1238 1428 1245
f 1428 1427 1245
f 1245 1427 1246
f 1427 1426 1246
f 1246 1426 1251
f 1426 1425 1251
f 1251 1425 1243
f 1425 1424 1243
f 1243 1424 1244
f 1424 1423 1244
f 1244 1423 1241
f 1423 1422 1241
f 1241 1422 1242
f 1422 1421 1242
f 1242 1421 1239
f 1421 1420 1239
f 1239 1420 1240
f 1420 1419 1240
f 1240 1419 1257
f 1419 1417 1257
f 1257 1417 1250
f 1417 1418 1250
f 1235 1404 1237
f 1404 1416 1237
f 1259 1415 1255
f 1415 1414 1255
f 1255 1414 1256
f 1414 1413 1256
f 1256 1413 1254
f 1413 1412 1254
f 1254 1412 1248
f 1412 1411 1248
f 1248 1411 1249
f 1411 1410 1249
f 1249 1410 1253
f 1410 1409 1253
f 1253 1409 1258
f 1409 1408 1258
f 1258 1408 1260
f 1408 1407 1260
f 1260 1407 1252
f 1407 1406 1252
f 1252 1406 1247
f 1406 1405 1247
f 1247 1405 1236
f 1405 1403 1236
f 1236 1403 1235
f 1403 1404 1235
f 1087 1223 1079
f 1223 1225 1079
f 1079 1225 1113
f 1225 1226 1113
f 1113 1226 1103
f 1226 1227 1103
f 1103 1227 1112
f 1227 1228 1112
f 1112 1228 1111
f 1228 1229 1111
f 1111 1229 1102
f 1229 1230 1102
f 1102 1230 1126
f 1230 1231 1126
f 1126 1231 1127
f 1132 1219 1090
f 1219 1220 1090
f 1090 1220 1117
f 1220 1221 1117
f 1117 1221 1151
f 1221 1222 1151
f 1151 1222 1087
f 1222 1224 1087
f 1087 1224 1223
f 1121 1209 1110
f 1209 1211 1110
f 1110 1211 1108
f 1211 1212 1108
f 1108 1212 1109
f 1212 1213 1109
f 1109 1213 1107
f 1213 1214 1107
f 1107 1214 1101
f 1214 1215 1101
f 1101 1215 1143
f 1215 1216 1143
f 1143 1216 1144
f 1216 1217 1144
f 1144 1217 1132
f 1217 1218 1132
f 1132 1218 1219
f 1231 1232 1127
f 1232 1233 1127
f 1127 1233 1124
f 1233 1234 1124
f 1124 1234 1125
f 1234 1207 1125
f 1125 1207 1135
f 1207 1208 1135
f 1135 1208 1121
f 1208 1210 1121
f 1121 1210 1209
f 1134 1198 1098
f 1198 1199 1098
f 1098 1199 1093
f 1199 1200 1093
f 1093 1200 1150
f 1200 1201 1150
f 1150 1201 1146
f 1100 1188 1120
f 1188 1190 1120
f 1120 1190 1099
f 1190 1191 1099
f 1099 1191 1095
f 1191 1192 1095
f 1095 1192 1106
f 1192 1193 1106
f 1106 1193 1119
f 1193 1194 1119
f 1119 1194 1094
f 1194 1195 1094
f 1094 1195 1080
f 1195 1196 1080
f 1080 1196 1134
f 1196 1197 1134
f 1134 1197 1198
f 1141 1184 1138
f 1184 1185 1138
f 1138 1185 1129
f 1185 1186 1129
f 1129 1186 1145
f 1186 1187 1145
f 1145 1187 1100
f 1187 1189 1100
f 1100 1189 1188
f 1201 1203 1146
f 1203 1202 1146
f 1146 1202 1122
f 1202 1204 1122
f 1122 1204 1123
f 1204 1205 1123
f 1123 1205 1149
f 1205 1206 1149
f 1149 1206 1096
f 1206 1179 1096
f 1096 1179 1083
f 1179 1180 1083
f 1083 1180 1081
f 1180 1181 1081
f 1081 1181 1140
f 1181 1182 1140
f 1140 1182 1141
f 1182 1183 1141
f 1141 1183 1184
f 1167 1097 1165
f 1097 1092 1165
f 1166 1077 1178
f 1077 1082 1178
f 1178 1082 1177
f 1082 1104 1177
f 1177 1104 1176
f 1104 1147 1176
f 1176 1147 1175
f 1147 1139 1175
f 1175 1139 1174
f 1139 1137 1174
f 1174 1137 1173
f 1137 1136 1173
f 1173 1136 1172
f 1136 1148 1172
f 1172 1148 1171
f 1148 1131 1171
f 1171 1131 1170
f 1131 1130 1170
f 1170 1130 1169
f 1130 1142 1169
f 1169 1142 1168
f 1142 1133 1168
f 1168 1133 1167
f 1133 1097 1167
f 1152 1078 1166
f 1078 1077 1166
f 1165 1092 1164
f 1092 1091 1164
f 1164 1091 1163
f 1091 1105 1163
f 1163 1105 1162
f 1105 1114 1162
f 1162 1114 1161
f 1114 1116 1161
f 1161 1116 1160
f 1116 1115 1160
f 1160 1115 1159
f 1115 1118 1159
f 1159 1118 1158
f 1118 1128 1158
f 1158 1128 1157
f 1128 1086 1157
f 1157 1086 1156
f 1086 1085 1156
f 1156 1085 1155
f 1085 1089 1155
f 1155 1089 1154
f 1089 1088 1154
f 1154 1088 1153
f 1088 1084 1153
f 1153 1084 1152
f 1084 1078 1152
f 592 596 586
f 596 597 586
f 610 623 605
f 623 604 605
f 594 593 617
f 593 609 617
f 617 609 618
f 609 599 618
f 618 599 619
f 599 598 619
f 619 598 620
f 598 601 620
f 620 601 621
f 601 600 621
f 621 600 622
f 600 604 622
f 622 604 623
f 584 585 595
f 585 593 595
f 595 593 594
f 607 608 602
f 606 605 597
f 605 593 597
f 597 593 586
f 593 585 586
f 607 602 597
f 602 603 597
f 597 603 606
f 585 577 586
f 577 578 586
f 586 578 591
f 605 604 593
f 604 600 593
f 593 600 601
f 601 598 593
f 598 599 593
f 593 599 609
f 588 587 589
f 587 586 589
f 589 586 590
f 586 591 590
f 585 583 577
f 583 582 577
f 577 582 579
f 582 581 579
f 579 581 580
f 578 577 573
f 577 569 573
f 592 586 493
f 586 587 493
f 493 587 574
f 587 588 574
f 574 588 575
f 588 589 575
f 575 589 570
f 589 590 570
f 570 590 571
f 590 591 571
f 571 591 572
f 591 578 572
f 572 578 573
f 323 322 341
f 322 339 341
f 341 339 340
f 339 337 340
f 340 337 338
f 337 335 338
f 338 335 336
f 335 333 336
f 336 333 334
f 333 331 334
f 334 331 332
f 331 329 332
f 332 329 330
f 329 327 330
f 330 327 328
f 327 324 328
f 328 324 326
f 324 325 326
f 320 322 321
f 322 323 321
f 318 320 319
f 320 321 319
f 316 318 317
f 318 319 317
f 252 253 315
f 253 313 315
f 315 313 314
f 313 311 314
f 314 311 312
f 311 309 312
f 312 309 310
f 309 307 310
f 310 307 308
f 307 305 308
f 308 305 306
f 305 303 306
f 306 303 304
f 303 301 304
f 304 301 302
f 301 298 302
f 302 298 300
f 298 299 300
f 300 299 317
f 299 316 317
f 217 118 216
f 118 183 216
f 216 183 185
f 216 185 215
f 185 190 215
f 215 190 214
f 190 195 214
f 214 195 213
f 213 195 203
f 195 179 203
f 245 248 247
f 246 243 241
f 243 244 241
f 241 244 249
f 247 246 245
f 246 241 245
f 245 241 242
f 241 239 242
f 242 239 240
f 239 237 240
f 240 237 238
f 237 235 238
f 238 235 236
f 235 234 236
f 236 234 220
f 234 218 220
f 212 187 211
f 187 186 211
f 211 186 210
f 186 196 210
f 210 196 209
f 196 193 209
f 209 193 208
f 193 189 208
f 208 189 207
f 189 184 207
f 207 184 181
f 207 181 206
f 181 176 206
f 206 176 205
f 176 175 205
f 205 175 204
f 175 177 204
f 204 177 198
f 200 220 218
f 209 201 210
f 201 211 210
f 207 206 208
f 206 205 208
f 217 216 219
f 216 215 219
f 219 215 214
f 200 218 201
f 218 212 201
f 201 212 211
f 205 204 208
f 204 198 208
f 208 198 199
f 209 208 201
f 208 199 201
f 201 199 202
f 199 221 202
f 202 221 203
f 221 219 203
f 203 219 213
f 219 214 213
f 203 179 202
f 179 178 202
f 202 178 201
f 178 174 201
f 201 174 200
f 174 191 200
f 200 191 220
f 191 188 220
f 220 188 236
f 188 232 236
f 236 232 238
f 232 230 238
f 238 230 240
f 230 228 240
f 240 228 242
f 228 226 242
f 242 226 245
f 226 224 245
f 245 224 248
f 224 223 248
f 248 223 252
f 223 253 252
f 188 192 233
f 188 233 232
f 233 231 232
f 232 231 230
f 231 229 230
f 230 229 228
f 229 227 228
f 228 227 226
f 227 225 226
f 226 225 224
f 225 222 224
f 224 222 223
f 251 250 249
f 250 222 249
f 249 222 241
f 222 225 241
f 241 225 239
f 225 227 239
f 239 227 237
f 227 229 237
f 237 229 235
f 229 231 235
f 235 231 234
f 231 233 234
f 234 233 218
f 233 192 218
f 218 192 212
f 192 187 212
f 273 271 272
f 271 269 272
f 272 269 270
f 269 267 270
f 270 267 268
f 267 265 268
f 268 265 266
f 265 263 266
f 266 263 264
f 263 261 264
f 264 261 262
f 261 259 262
f 262 259 260
f 259 257 260
f 260 257 258
f 257 255 258
f 258 255 256
f 255 254 256
f 256 254 251
f 254 250 251
f 275 271 274
f 271 273 274
f 277 275 276
f 275 274 276
f 279 277 278
f 277 276 278
f 297 295 296
f 295 293 296
f 296 293 294
f 293 291 294
f 294 291 292
f 291 289 292
f 292 289 290
f 289 287 290
f 290 287 288
f 287 285 288
f 288 285 286
f 285 283 286
f 286 283 284
f 283 281 284
f 284 281 282
f 281 280 282
f 282 280 278
f 280 279 278
f 685 686 658
f 686 688 658
f 658 688 657
f 688 689 657
f 657 689 690
f 685 658 687
f 658 660 687
f 687 660 683
f 660 662 683
f 683 662 684
f 679 680 662
f 680 682 662
f 662 682 684
f 676 677 663
f 677 678 663
f 663 678 662
f 678 681 662
f 662 681 679
f 676 663 675
f 663 661 675
f 675 661 674
f 655 672 659
f 672 671 659
f 671 670 659
f 670 668 659
f 659 668 661
f 668 673 661
f 661 673 674
f 670 669 668
f 669 665 668
f 668 665 667
f 665 666 667
f 703 704 702
f 703 702 701
f 702 700 701
f 701 700 699
f 700 698 699
f 699 698 697
f 694 696 698
f 696 697 698
f 696 694 695
f 694 692 695
f 695 692 693
f 692 691 693
f 693 691 664
f 691 656 664
f 664 656 657
f 656 628 657
f 657 628 658
f 628 624 658
f 658 624 660
f 624 631 660
f 660 631 662
f 631 634 662
f 662 634 663
f 634 637 663
f 663 637 661
f 637 643 661
f 661 643 659
f 643 647 659
f 659 647 655
f 647 651 655
f 655 651 297
f 651 295 297
f 1151 1087 1128
f 305 339 303
f 339 301 303
f 1138 1129 1136
f 1140 1139 1081
f 1139 1147 1081
f 1081 1147 1104
f 322 320 318
f 1129 1142 1130
f 1140 1141 1139
f 1141 1138 1139
f 1139 1138 1137
f 1138 1136 1137
f 309 311 222
f 318 316 322
f 316 299 322
f 322 299 339
f 299 298 339
f 339 298 301
f 1142 1129 1133
f 1129 1132 1133
f 1133 1132 1090
f 1130 1131 1129
f 1131 1148 1129
f 1129 1148 1136
f 1127 1124 592
f 1124 1125 592
f 592 1125 596
f 1125 1135 596
f 1150 1146 329
f 1146 1122 329
f 329 1122 327
f 1122 1123 327
f 309 222 307
f 1151 1128 1117
f 1128 1118 1117
f 1117 1118 1090
f 1118 1115 1090
f 1090 1115 1116
f 1108 615 1110
f 615 596 1110
f 1110 596 1121
f 596 1135 1121
f 1108 1109 615
f 1109 1107 615
f 615 1107 1101
f 1094 291 293
f 1150 329 1093
f 329 331 1093
f 1093 331 333
f 311 313 222
f 313 253 222
f 222 253 223
f 1116 1114 1090
f 1114 1105 1090
f 1090 1105 1091
f 1112 493 1103
f 493 446 1103
f 1103 446 1113
f 1112 1111 493
f 1111 1102 493
f 493 1102 592
f 1102 1126 592
f 592 1126 1127
f 1120 615 1100
f 615 1101 1100
f 1100 1101 1145
f 1101 1143 1145
f 1145 1143 1129
f 1143 1144 1129
f 1129 1144 1132
f 293 295 1094
f 295 651 1094
f 1094 651 1119
f 1134 1098 222
f 1098 1093 222
f 1123 1149 327
f 1149 1096 327
f 327 1096 324
f 1096 1083 324
f 324 1083 325
f 1083 446 325
f 1120 1099 615
f 1099 1095 615
f 615 1095 651
f 1095 1106 651
f 651 1106 1119
f 1080 287 1094
f 287 289 1094
f 1094 289 291
f 305 307 339
f 307 222 339
f 339 222 337
f 222 1093 337
f 337 1093 335
f 1093 333 335
f 1091 1092 1090
f 1092 1097 1090
f 1090 1097 1133
f 1084 1088 1079
f 1088 1089 1079
f 1089 1085 1079
f 1079 1085 1087
f 1085 1086 1087
f 1087 1086 1128
f 1134 222 1080
f 222 250 1080
f 1080 250 254
f 259 261 280
f 261 263 280
f 280 263 265
f 1113 446 1079
f 446 1083 1079
f 1079 1083 1081
f 254 255 1080
f 255 257 1080
f 1080 257 259
f 280 281 259
f 281 283 259
f 259 283 1080
f 283 285 1080
f 1080 285 287
f 1104 1082 1081
f 1082 1077 1081
f 1081 1077 1079
f 1077 1078 1079
f 1079 1078 1084
f 275 277 271
f 277 279 271
f 271 279 269
f 279 280 269
f 269 280 267
f 280 265 267
f 597 596 607
f 596 615 607
f 615 616 607
f 616 614 607
f 607 614 608
f 614 613 608
f 608 613 602
f 613 612 602
f 602 612 603
f 612 611 603
f 603 611 606
f 611 610 606
f 606 610 605
f 617 623 615
f 623 610 615
f 615 610 616
f 611 612 613
f 611 613 610
f 613 614 610
f 610 614 616
f 617 618 623
f 618 619 623
f 623 619 622
f 619 620 622
f 622 620 621
f 649 650 647
f 615 651 647
f 615 647 617
f 647 650 617
f 617 650 652
f 650 653 652
f 652 653 654
f 649 647 646
f 647 643 646
f 646 643 648
f 639 644 637
f 644 642 637
f 637 642 643
f 642 645 643
f 643 645 648
f 634 641 640
f 634 640 637
f 640 638 637
f 637 638 639
f 632 635 631
f 635 633 631
f 631 633 634
f 633 636 634
f 634 636 641
f 628 627 624
f 627 625 624
f 625 626 624
f 626 629 624
f 624 629 631
f 629 630 631
f 631 630 632
f 761 760 774
f 760 773 774
f 758 757 772
f 757 770 772
f 772 770 771
f 770 768 771
f 771 768 769
f 768 766 769
f 769 766 767
f 766 764 767
f 767 764 765
f 764 762 765
f 765 762 763
f 762 759 763
f 763 759 761
f 759 760 761
f 745 744 758
f 744 757 758
f 742 741 756
f 741 754 756
f 756 754 755
f 754 752 755
f 755 752 753
f 752 750 753
f 753 750 751
f 750 748 751
f 751 748 749
f 748 746 749
f 749 746 747
f 746 743 747
f 747 743 745
f 743 744 745
f 690 627 742
f 627 741 742
f 627 690 625
f 690 689 625
f 625 689 626
f 689 688 626
f 626 688 629
f 688 686 629
f 629 686 630
f 686 685 630
f 630 685 632
f 632 685 635
f 685 687 635
f 635 687 633
f 687 683 633
f 683 684 633
f 633 684 636
f 684 682 636
f 673 668 653
f 653 650 673
f 650 649 673
f 673 649 674
f 649 646 674
f 674 646 675
f 646 648 675
f 675 648 676
f 648 645 676
f 676 645 677
f 645 642 677
f 677 642 678
f 642 644 678
f 678 644 681
f 644 639 681
f 681 639 679
f 639 638 679
f 679 638 680
f 638 640 680
f 680 640 682
f 640 641 682
f 682 641 636
f 668 667 653
f 667 666 653
f 653 666 654
f 708 706 707
f 706 654 707
f 707 654 666
f 721 719 720
f 719 717 720
f 720 717 718
f 717 715 718
f 718 715 714
f 715 712 714
f 706 708 709
f 708 711 709
f 709 711 710
f 711 713 710
f 710 713 712
f 713 716 712
f 712 716 714
f 724 723 722
f 723 719 722
f 722 719 721
f 737 735 736
f 735 733 736
f 736 733 734
f 733 731 734
f 734 731 732
f 731 728 732
f 732 728 729
f 728 726 729
f 723 724 725
f 724 727 725
f 725 727 726
f 727 730 726
f 726 730 729
f 740 739 738
f 739 735 738
f 738 735 737
f 797 798 795
f 795 798 802
f 739 740 810
f 740 809 810
f 810 809 807
f 809 808 807
f 807 808 806
f 808 804 806
f 806 804 805
f 804 801 805
f 802 798 800
f 798 799 800
f 800 799 801
f 799 803 801
f 801 803 805
f 783 785 784
f 785 786 784
f 784 786 787
f 786 788 787
f 787 788 789
f 788 790 789
f 789 790 792
f 790 791 792
f 792 791 793
f 791 794 793
f 793 794 795
f 794 796 795
f 795 796 797
f 777 778 775
f 775 776 777
f 776 779 777
f 777 779 780
f 779 781 780
f 780 781 783
f 781 782 783
f 783 782 785
f 778 811 775
f 811 774 775
f 775 774 773
f 781 779 826
f 779 776 826
f 826 776 827
f 776 775 827
f 827 775 773
f 781 826 782
f 826 825 782
f 782 825 785
f 791 790 824
f 790 788 824
f 824 788 825
f 788 786 825
f 825 786 785
f 798 797 823
f 797 796 823
f 823 796 824
f 796 794 824
f 824 794 791
f 798 823 799
f 823 822 799
f 799 822 803
f 739 810 821
f 810 807 821
f 821 807 820
f 807 806 820
f 820 806 822
f 806 805 822
f 822 805 803
