mtllib Case_front.mtl
v -0.04160785302519798 -0.0015787961892783642 -0.0008050000178627672
v -0.0414000004529953 -1.494069132029764e-18 -0.0008050000178627672
v -0.0414000004529953 0.0 -0.0018050000071525578
v -0.04221724346280098 -0.0030499999411404133 -0.0008050000178627672
v -0.04160785302519798 -0.0015787961892783642 -0.0018050000071525578
v -0.043186649680137634 -0.004313351586461067 -0.0008050000178627672
v -0.04221724346280098 -0.0030499999411404133 -0.0018050000071525578
v -0.044449999928474426 -0.005282755009829998 -0.0008050000178627672
v -0.043186649680137634 -0.004313351586461067 -0.0018050000071525578
v -0.0459212027490139 -0.005892147310078144 -0.0008050000178627672
v -0.044449999928474426 -0.005282755009829998 -0.0018050000071525578
v -0.04749999940395355 -0.006099999882280827 -0.0008050000178627672
v -0.0459212027490139 -0.005892147310078144 -0.0018050000071525578
v -0.049078796058893204 -0.005892147310078144 -0.0008050000178627672
v -0.04749999940395355 -0.006099999882280827 -0.0018050000071525578
v -0.05054999887943268 -0.005282755009829998 -0.0008050000178627672
v -0.049078796058893204 -0.005892147310078144 -0.0018050000071525578
v -0.05181335285305977 -0.004313351586461067 -0.0008050000178627672
v -0.05054999887943268 -0.005282755009829998 -0.0018050000071525578
v -0.052782755345106125 -0.0030499999411404133 -0.0008050000178627672
v -0.05181335285305977 -0.004313351586461067 -0.0018050000071525578
v -0.05339214578270912 -0.0015787961892783642 -0.0008050000178627672
v -0.052782755345106125 -0.0030499999411404133 -0.0018050000071525578
v -0.053599998354911804 2.2411035946470694e-18 -0.0008050000178627672
v -0.05339214578270912 -0.0015787961892783642 -0.0018050000071525578
v -0.05339214578270912 0.0015787961892783642 -0.0008050000178627672
v -0.053599998354911804 3.4559787972200258e-18 -0.0018050000071525578
v -0.052782755345106125 0.0030499999411404133 -0.0008050000178627672
v -0.05339214578270912 0.0015787961892783642 -0.0018050000071525578
v -0.05181335285305977 0.004313351586461067 -0.0008050000178627672
v -0.052782755345106125 0.0030499999411404133 -0.0018050000071525578
v -0.05054999887943268 0.005282755009829998 -0.0008050000178627672
v -0.05181335285305977 0.004313351586461067 -0.0018050000071525578
v -0.049078796058893204 0.005892147310078144 -0.0008050000178627672
v -0.05054999887943268 0.005282755009829998 -0.0018050000071525578
v -0.04749999940395355 0.006099999882280827 -0.0008050000178627672
v -0.049078796058893204 0.005892147310078144 -0.0018050000071525578
v -0.0459212027490139 0.005892147310078144 -0.0008050000178627672
v -0.04749999940395355 0.006099999882280827 -0.0018050000071525578
v -0.044449999928474426 0.005282755009829998 -0.0008050000178627672
v -0.0459212027490139 0.005892147310078144 -0.0018050000071525578
v -0.043186649680137634 0.004313351586461067 -0.0008050000178627672
v -0.044449999928474426 0.005282755009829998 -0.0018050000071525578
v -0.04221724346280098 0.0030499999411404133 -0.0008050000178627672
v -0.043186649680137634 0.004313351586461067 -0.0018050000071525578
v -0.04160785302519798 0.0015787961892783642 -0.0008050000178627672
v -0.04221724346280098 0.0030499999411404133 -0.0018050000071525578
v -0.04160785302519798 0.0015787961892783642 -0.0018050000071525578
v -0.04749999940395355 -0.009349999949336052 -0.0008050000178627672
v -0.029500000178813934 -0.006099999882280827 -0.0008050000178627672
v -0.031078796833753586 -0.005892147310078144 -0.0008050000178627672
v -0.011500000022351742 -0.006099999882280827 -0.0008050000178627672
v -0.027921203523874283 -0.005892147310078144 -0.0008050000178627672
v 0.0459212027490139 0.005892147310078144 -0.0008050000178627672
v 0.04749999940395355 0.009349999949336052 -0.0008050000178627672
v 0.013967855833470821 0.006049999967217445 -0.0008050000178627672
v 0.04991995915770531 0.009031406603753567 -0.0008050000178627672
v 0.04749999940395355 0.006099999882280827 -0.0008050000178627672
v 0.006032144650816917 0.006049999967217445 -0.0008050000178627672
v -0.008449999615550041 0.005282755009829998 -0.0008050000178627672
v -0.007186648435890675 0.004313351586461067 -0.0008050000178627672
v -0.02645000070333481 -0.005282755009829998 -0.0008050000178627672
v -0.013078795745968819 -0.005892147310078144 -0.0008050000178627672
v -0.05217500030994415 -0.008097337558865547 -0.0008050000178627672
v -0.04991995915770531 -0.009031406603753567 -0.0008050000178627672
v -0.025186648592352867 -0.004313351586461067 -0.0008050000178627672
v 0.004466289188712835 -0.005843851249665022 -0.0008050000178627672
v -0.00992120336741209 -0.005892147310078144 -0.0008050000178627672
v 0.0017541485140100121 -0.004277996253222227 -0.0008050000178627672
v -0.006217245012521744 -0.0030499999411404133 -0.0008050000178627672
v -0.007186648435890675 -0.004313351586461067 -0.0008050000178627672
v -0.00560785224661231 -0.0015787961892783642 -0.0008050000178627672
v 0.019811706617474556 -0.0015658552292734385 -0.0008050000178627672
v 0.04749999940395355 -0.009349999949336052 -0.0008050000178627672
v 0.0459212027490139 -0.005892147310078144 -0.0008050000178627672
v -0.006217245012521744 0.0030499999411404133 -0.0008050000178627672
v 0.0017541485140100121 0.004277996253222227 -0.0008050000178627672
v 0.003007144434377551 0.005239453632384539 -0.0008050000178627672
v 0.05411144718527794 0.006611448246985674 -0.0008050000178627672
v 0.05217500030994415 0.008097337558865547 -0.0008050000178627672
v 0.05054999887943268 0.005282755009829998 -0.0008050000178627672
v 0.049078796058893204 0.005892147310078144 -0.0008050000178627672
v 0.004466289188712835 0.005843851249665022 -0.0008050000178627672
v 0.044449999928474426 0.005282755009829998 -0.0008050000178627672
v -0.02645000070333481 0.005282755009829998 -0.0008050000178627672
v -0.011500000022351742 0.006099999882280827 -0.0008050000178627672
v -0.025186648592352867 0.004313351586461067 -0.0008050000178627672
v -0.02421724423766136 0.0030499999411404133 -0.0008050000178627672
v -0.013078795745968819 0.005892147310078144 -0.0008050000178627672
v 0.0007926907856017351 -0.0030249999836087227 -0.0008050000178627672
v -0.008449999615550041 -0.005282755009829998 -0.0008050000178627672
v 0.003007144434377551 -0.005239453632384539 -0.0008050000178627672
v 0.019207309931516647 -0.0030249999836087227 -0.0008050000178627672
v 0.04749999940395355 -0.006099999882280827 -0.0008050000178627672
v 0.0007926907856017351 0.0030249999836087227 -0.0008050000178627672
v -1.785551467037294e-05 7.409113098316699e-19 -0.0008050000178627672
v 0.000188293241080828 0.0015658552292734385 -0.0008050000178627672
v -0.00560785224661231 0.0015787961892783642 -0.0008050000178627672
v -0.00992120336741209 0.005892147310078144 -0.0008050000178627672
v -0.04749999940395355 0.009349999949336052 -0.0008050000178627672
v -0.029500000178813934 0.006099999882280827 -0.0008050000178627672
v -0.05685000121593475 1.1450447186588064e-18 -0.0008050000178627672
v -0.056531406939029694 -0.002419958123937249 -0.0008050000178627672
v -0.05559733882546425 -0.004674999974668026 -0.0008050000178627672
v -0.05411144718527794 -0.006611448246985674 -0.0008050000178627672
v -0.03381334990262985 -0.004313351586461067 -0.0008050000178627672
v -0.02421724423766136 -0.0030499999411404133 -0.0008050000178627672
v -0.014550000429153442 -0.005282755009829998 -0.0008050000178627672
v 0.013967855833470821 -0.006049999967217445 -0.0008050000178627672
v 0.006032144650816917 -0.006049999967217445 -0.0008050000178627672
v 0.020017854869365692 -1.4818226196633398e-18 -0.0008050000178627672
v 0.049078796058893204 -0.005892147310078144 -0.0008050000178627672
v -0.01759999990463257 2.2411035946470694e-18 -0.0008050000178627672
v -0.017392147332429886 0.0015787961892783642 -0.0008050000178627672
v -0.023607851937413216 0.0015787961892783642 -0.0008050000178627672
v 0.04221724346280098 0.0030499999411404133 -0.0008050000178627672
v 0.043186649680137634 0.004313351586461067 -0.0008050000178627672
v -0.027921203523874283 0.005892147310078144 -0.0008050000178627672
v -0.03254999965429306 0.005282755009829998 -0.0008050000178627672
v -0.031078796833753586 0.005892147310078144 -0.0008050000178627672
v -0.03478275611996651 0.0030499999411404133 -0.0008050000178627672
v -0.03381334990262985 0.004313351586461067 -0.0008050000178627672
v 0.0414000004529953 2.2411035946470694e-18 -0.0008050000178627672
v 0.04160785302519798 0.0015787961892783642 -0.0008050000178627672
v 0.019811706617474556 0.0015658552292734385 -0.0008050000178627672
v -0.05559733882546425 0.004674999974668026 -0.0008050000178627672
v -0.056531406939029694 0.002419958123937249 -0.0008050000178627672
v -0.03254999965429306 -0.005282755009829998 -0.0008050000178627672
v -0.03478275611996651 -0.0030499999411404133 -0.0008050000178627672
v -0.023607851937413216 -0.0015787961892783642 -0.0008050000178627672
v -0.005400000140070915 -1.494069132029764e-18 -0.0008050000178627672
v 0.000188293241080828 -0.0015658552292734385 -0.0008050000178627672
v 0.015533710829913616 -0.005843851249665022 -0.0008050000178627672
v 0.04991995915770531 -0.009031406603753567 -0.0008050000178627672
v 0.05054999887943268 -0.005282755009829998 -0.0008050000178627672
v -0.01678275503218174 0.0030499999411404133 -0.0008050000178627672
v 0.01824585162103176 0.004277996253222227 -0.0008050000178627672
v 0.019207309931516647 0.0030249999836087227 -0.0008050000178627672
v 0.015533710829913616 0.005843851249665022 -0.0008050000178627672
v 0.01824585162103176 -0.004277996253222227 -0.0008050000178627672
v 0.016992855817079544 -0.005239453632384539 -0.0008050000178627672
v 0.05217500030994415 -0.008097337558865547 -0.0008050000178627672
v 0.05181335285305977 -0.004313351586461067 -0.0008050000178627672
v 0.05411144718527794 -0.006611448246985674 -0.0008050000178627672
v 0.05559733882546425 -0.004674999974668026 -0.0008050000178627672
v 0.052782755345106125 -0.0030499999411404133 -0.0008050000178627672
v 0.05339214578270912 -0.0015787961892783642 -0.0008050000178627672
v 0.05685000121593475 -2.2900894373176128e-18 -0.0008050000178627672
v 0.056531406939029694 0.002419958123937249 -0.0008050000178627672
v 0.05339214578270912 0.0015787961892783642 -0.0008050000178627672
v 0.052782755345106125 0.0030499999411404133 -0.0008050000178627672
v -0.015813350677490234 0.004313351586461067 -0.0008050000178627672
v -0.014550000429153442 0.005282755009829998 -0.0008050000178627672
v -0.023399999365210533 -1.494069132029764e-18 -0.0008050000178627672
v 0.05181335285305977 0.004313351586461067 -0.0008050000178627672
v 0.016992855817079544 0.005239453632384539 -0.0008050000178627672
v 0.04221724346280098 -0.0030499999411404133 -0.0008050000178627672
v 0.04160785302519798 -0.0015787961892783642 -0.0008050000178627672
v 0.044449999928474426 -0.005282755009829998 -0.0008050000178627672
v 0.043186649680137634 -0.004313351586461067 -0.0008050000178627672
v -0.035599999129772186 2.2411035946470694e-18 -0.0008050000178627672
v -0.035392146557569504 0.0015787961892783642 -0.0008050000178627672
v -0.04991995915770531 0.009031406603753567 -0.0008050000178627672
v -0.035392146557569504 -0.0015787961892783642 -0.0008050000178627672
v 0.056531406939029694 -0.002419958123937249 -0.0008050000178627672
v 0.05559733882546425 0.004674999974668026 -0.0008050000178627672
v -0.05217500030994415 0.008097337558865547 -0.0008050000178627672
v -0.05411144718527794 0.006611448246985674 -0.0008050000178627672
v -0.017392147332429886 -0.0015787961892783642 -0.0008050000178627672
v -0.01678275503218174 -0.0030499999411404133 -0.0008050000178627672
v -0.015813350677490234 -0.004313351586461067 -0.0008050000178627672
v 0.053599998354911804 -1.494069132029764e-18 -0.0008050000178627672
v -0.023399999365210533 0.0 -0.0018050000071525578
v -0.023607851937413216 -0.0015787961892783642 -0.0018050000071525578
v -0.02421724423766136 -0.0030499999411404133 -0.0018050000071525578
v -0.025186648592352867 -0.004313351586461067 -0.0018050000071525578
v -0.02645000070333481 -0.005282755009829998 -0.0018050000071525578
v -0.027921203523874283 -0.005892147310078144 -0.0018050000071525578
v -0.029500000178813934 -0.006099999882280827 -0.0018050000071525578
v -0.031078796833753586 -0.005892147310078144 -0.0018050000071525578
v -0.03254999965429306 -0.005282755009829998 -0.0018050000071525578
v -0.03381334990262985 -0.004313351586461067 -0.0018050000071525578
v -0.03478275611996651 -0.0030499999411404133 -0.0018050000071525578
v -0.035392146557569504 -0.0015787961892783642 -0.0018050000071525578
v -0.035599999129772186 3.4559787972200258e-18 -0.0018050000071525578
v -0.035392146557569504 0.0015787961892783642 -0.0018050000071525578
v -0.03478275611996651 0.0030499999411404133 -0.0018050000071525578
v -0.03381334990262985 0.004313351586461067 -0.0018050000071525578
v -0.03254999965429306 0.005282755009829998 -0.0018050000071525578
v -0.031078796833753586 0.005892147310078144 -0.0018050000071525578
v -0.029500000178813934 0.006099999882280827 -0.0018050000071525578
v -0.027921203523874283 0.005892147310078144 -0.0018050000071525578
v -0.02645000070333481 0.005282755009829998 -0.0018050000071525578
v -0.025186648592352867 0.004313351586461067 -0.0018050000071525578
v -0.02421724423766136 0.0030499999411404133 -0.0018050000071525578
v -0.023607851937413216 0.0015787961892783642 -0.0018050000071525578
v -0.005400000140070915 0.0 -0.0018050000071525578
v -0.00560785224661231 -0.0015787961892783642 -0.0018050000071525578
v -0.006217245012521744 -0.0030499999411404133 -0.0018050000071525578
v -0.007186648435890675 -0.004313351586461067 -0.0018050000071525578
v -0.008449999615550041 -0.005282755009829998 -0.0018050000071525578
v -0.00992120336741209 -0.005892147310078144 -0.0018050000071525578
v -0.011500000022351742 -0.006099999882280827 -0.0018050000071525578
v -0.013078795745968819 -0.005892147310078144 -0.0018050000071525578
v -0.014550000429153442 -0.005282755009829998 -0.0018050000071525578
v -0.015813350677490234 -0.004313351586461067 -0.0018050000071525578
v -0.01678275503218174 -0.0030499999411404133 -0.0018050000071525578
v -0.017392147332429886 -0.0015787961892783642 -0.0018050000071525578
v -0.01759999990463257 3.4559787972200258e-18 -0.0018050000071525578
v -0.017392147332429886 0.0015787961892783642 -0.0018050000071525578
v -0.01678275503218174 0.0030499999411404133 -0.0018050000071525578
v -0.015813350677490234 0.004313351586461067 -0.0018050000071525578
v -0.014550000429153442 0.005282755009829998 -0.0018050000071525578
v -0.013078795745968819 0.005892147310078144 -0.0018050000071525578
v -0.011500000022351742 0.006099999882280827 -0.0018050000071525578
v -0.00992120336741209 0.005892147310078144 -0.0018050000071525578
v -0.008449999615550041 0.005282755009829998 -0.0018050000071525578
v -0.007186648435890675 0.004313351586461067 -0.0018050000071525578
v -0.006217245012521744 0.0030499999411404133 -0.0018050000071525578
v -0.00560785224661231 0.0015787961892783642 -0.0018050000071525578
v 0.013967855833470821 0.006049999967217445 -0.0014499999815598132
v 0.015533710829913616 0.005843851249665022 -0.0014499999815598132
v 0.016992855817079544 0.005239453632384539 -0.0014499999815598132
v 0.01824585162103176 0.004277996253222227 -0.0014499999815598132
v 0.019207309931516647 0.0030249999836087227 -0.0014499999815598132
v 0.019811706617474556 0.0015658552292734385 -0.0014499999815598132
v 0.020017854869365692 -1.4818226196633398e-18 -0.0014499999815598132
v 0.019811706617474556 -0.0015658552292734385 -0.0014499999815598132
v 0.019207309931516647 -0.0030249999836087227 -0.0014499999815598132
v 0.01824585162103176 -0.004277996253222227 -0.0014499999815598132
v 0.016992855817079544 -0.005239453632384539 -0.0014499999815598132
v 0.015533710829913616 -0.005843851249665022 -0.0014499999815598132
v 0.013967855833470821 -0.006049999967217445 -0.0014499999815598132
v 0.006032144650816917 0.006049999967217445 -0.0014499999815598132
v 0.006032144650816917 -0.006049999967217445 -0.0014499999815598132
v 0.004466289188712835 -0.005843851249665022 -0.0014499999815598132
v 0.003007144434377551 -0.005239453632384539 -0.0014499999815598132
v 0.0017541485140100121 -0.004277996253222227 -0.0014499999815598132
v 0.0007926907856017351 -0.0030249999836087227 -0.0014499999815598132
v 0.000188293241080828 -0.0015658552292734385 -0.0014499999815598132
v -1.785551467037294e-05 7.409113098316699e-19 -0.0014499999815598132
v 0.000188293241080828 0.0015658552292734385 -0.0014499999815598132
v 0.0007926907856017351 0.0030249999836087227 -0.0014499999815598132
v 0.0017541485140100121 0.004277996253222227 -0.0014499999815598132
v 0.003007144434377551 0.005239453632384539 -0.0014499999815598132
v 0.004466289188712835 0.005843851249665022 -0.0014499999815598132
v 0.04991995915770531 0.009031406603753567 0.0
v 0.04749999940395355 0.009349999949336052 0.0
v 0.05217500030994415 0.008097337558865547 0.0
v 0.05411144718527794 0.006611448246985674 0.0
v 0.05559733882546425 0.004674999974668026 0.0
v 0.056531406939029694 0.002419958123937249 0.0
v 0.05685000121593475 -2.2900894373176128e-18 0.0
v 0.056531406939029694 -0.002419958123937249 0.0
v 0.05559733882546425 -0.004674999974668026 0.0
v 0.05411144718527794 -0.006611448246985674 0.0
v 0.05217500030994415 -0.008097337558865547 0.0
v 0.04991995915770531 -0.009031406603753567 0.0
v 0.04749999940395355 -0.009349999949336052 0.0
v -0.04749999940395355 -0.009349999949336052 0.0
v -0.04991995915770531 -0.009031406603753567 0.0
v -0.05217500030994415 -0.008097337558865547 0.0
v -0.05411144718527794 -0.006611448246985674 0.0
v -0.05559733882546425 -0.004674999974668026 0.0
v -0.056531406939029694 -0.002419958123937249 0.0
v -0.05685000121593475 1.1450447186588064e-18 0.0
v -0.056531406939029694 0.002419958123937249 0.0
v -0.05559733882546425 0.004674999974668026 0.0
v -0.05411144718527794 0.006611448246985674 0.0
v -0.05217500030994415 0.008097337558865547 0.0
v -0.04991995915770531 0.009031406603753567 0.0
v -0.04749999940395355 0.009349999949336052 0.0
v 0.053599998354911804 0.0 -0.0018050000071525578
v 0.05339214578270912 -0.0015787961892783642 -0.0018050000071525578
v 0.052782755345106125 -0.0030499999411404133 -0.0018050000071525578
v 0.05181335285305977 -0.004313351586461067 -0.0018050000071525578
v 0.05054999887943268 -0.005282755009829998 -0.0018050000071525578
v 0.049078796058893204 -0.005892147310078144 -0.0018050000071525578
v 0.04749999940395355 -0.006099999882280827 -0.0018050000071525578
v 0.0459212027490139 -0.005892147310078144 -0.0018050000071525578
v 0.044449999928474426 -0.005282755009829998 -0.0018050000071525578
v 0.043186649680137634 -0.004313351586461067 -0.0018050000071525578
v 0.04221724346280098 -0.0030499999411404133 -0.0018050000071525578
v 0.04160785302519798 -0.0015787961892783642 -0.0018050000071525578
v 0.0414000004529953 3.4559787972200258e-18 -0.0018050000071525578
v 0.04160785302519798 0.0015787961892783642 -0.0018050000071525578
v 0.04221724346280098 0.0030499999411404133 -0.0018050000071525578
v 0.043186649680137634 0.004313351586461067 -0.0018050000071525578
v 0.044449999928474426 0.005282755009829998 -0.0018050000071525578
v 0.0459212027490139 0.005892147310078144 -0.0018050000071525578
v 0.04749999940395355 0.006099999882280827 -0.0018050000071525578
v 0.049078796058893204 0.005892147310078144 -0.0018050000071525578
v 0.05054999887943268 0.005282755009829998 -0.0018050000071525578
v 0.05181335285305977 0.004313351586461067 -0.0018050000071525578
v 0.052782755345106125 0.0030499999411404133 -0.0018050000071525578
v 0.05339214578270912 0.0015787961892783642 -0.0018050000071525578
v 0.046003300696611404 -0.010100009851157665 9.656033306271185e-09
v 0.04749999940395355 -0.010100013576447964 1.2865368326231422e-08
v 0.04453233629465103 -0.010100007057189941 6.5018772588132395e-09
v -0.045997750014066696 0.01010001078248024 1.0096154134942028e-08
v -0.04749999940395355 0.010100013576447964 1.3468296700125396e-08
v -0.041500020772218704 0.010099999606609344 -3.904248286718357e-16
v -0.044529058039188385 0.010100007057189941 6.799346419228415e-09
v 0.04150013625621796 -0.010099999606609344 9.825582188149886e-20
v -0.0487077459692955 0.010027415119111538 -6.776263578034404e-21
v 0.047503240406513214 -0.010099626146256924 1.2847883645861206e-08
v -0.041500020772218704 -0.010099999606609344 -8.517867873218673e-17
v -0.04749999940395355 -0.010100016370415688 1.598735366314941e-08
v -0.04452865943312645 -0.010100007988512516 8.070008661320573e-09
v -0.04750211164355278 0.010099886916577816 1.344476796560912e-08
v 0.04150013625621796 0.010099999606609344 -1.1697888961051413e-16
v 0.04453212767839432 0.010100007988512516 7.678813140898912e-09
v 0.043044861406087875 0.010100004263222218 3.912168811126549e-09
v -0.048252031207084656 0.010054808109998703 5.0819521923983765e-09
v -0.043038561940193176 -0.010100004263222218 4.099540262814117e-09
v 0.05125473067164421 -0.009376194328069687 -4.065758146820643e-20
v 0.04749999940395355 0.010100015439093113 1.5195245950394568e-08
v -0.047690533101558685 0.010088561102747917 1.1343553651954611e-08
v -0.04903708025813103 -0.009971496649086475 1.3289919165160315e-09
v -0.0508902333676815 -0.009514068253338337 3.316332511847599e-20
v -0.04917643964290619 -0.009959843941032887 -3.990319274955806e-20
v 0.04969016835093498 -0.009837951511144638 1.0415847073730335e-09
v 0.04754965752363205 -0.010094071738421917 1.259730098013279e-08
v 0.04988310486078262 -0.00981486588716507 0.0
v 0.04903724789619446 0.009971498511731625 1.2600670507012526e-09
v 0.05089014023542404 0.009514096193015575 1.7152417181899585e-20
v 0.04917624965310097 0.009959877468645573 2.1017005003747333e-20
v -0.047542016953229904 0.010097487829625607 1.2999731069385237e-08
v 0.051517557352781296 -0.00924849696457386 -1.3514822150284548e-08
v 0.05255000665783882 0.008746868930757046 -4.715066381777434e-08
v 0.05090367794036865 0.009507838636636734 -3.84570736366996e-10
v -0.0502493754029274 0.00963331013917923 -3.9597307175149633e-20
v -0.0512540377676487 0.00937647745013237 -6.098637220230964e-20
v 0.0516921728849411 -0.009163656271994114 -2.2493930273981284e-08
v 0.055554959923028946 0.0060933916829526424 -1.6919150594798406e-17
v 0.05372527241706848 0.007953477092087269 -1.693046311685568e-17
v -0.05751548334956169 -0.0013045764062553644 -1.5255167811602288e-18
v -0.05255000665783882 -0.008746867999434471 -4.838694778186438e-08
v -0.050903793424367905 -0.00950780138373375 -3.952430882581127e-10
v 0.05255000665783882 -0.008746867068111897 -6.660476969955199e-08
v 0.05751548334956169 0.0013045761734247208 -1.6896184752271484e-17
v -0.05212336778640747 0.008954137563705444 -4.531359820703075e-08
v -0.05255000665783882 0.008746867068111897 -6.7551958693457e-08
v -0.05684710666537285 0.0038266691844910383 -1.5336066075509974e-18
v -0.05751548334956169 0.0013045764062553644 -1.5299648415066561e-18
v -0.055554959923028946 -0.00609339214861393 -1.5154233165307036e-18
v -0.05372527241706848 -0.007953478023409843 -1.510451444061377e-18
v 0.05372527241706848 -0.007953477092087269 -1.68687604062429e-17
v 0.05751548334956169 -0.0013045761734247208 -1.6886063370296285e-17
v 0.05684710666537285 0.003826668718829751 -1.6907464187104257e-17
v -0.05372527241706848 0.007953478023409843 -1.5375692162754327e-18
v -0.05684710666537285 -0.0038266691844910383 -1.520559384351622e-18
v 0.055554959923028946 -0.0060933916829526424 -1.6871877222791e-17
v -0.055554959923028946 0.00609339214861393 -1.5361989915907386e-18
v 0.05684710666537285 -0.003826668718829751 -1.687777667491973e-17
v 0.04149999842047691 0.012103674001991749 -0.0014999960549175744
v -0.04149999842047691 0.012103674933314323 -0.0014999973354861145
v -0.044733304530382156 0.012073659338057041 -0.0014999925624579196
v -0.046392373740673065 0.01205825712531805 -0.0014999901177361612
v -0.04770643636584282 0.012046058662235737 -0.0014999881386756901
v -0.04812776669859886 0.012042147107422352 -0.001499987556599081
v -0.053551848977804184 0.010482105426490307 -0.001500081038102508
v -0.051306743174791336 0.011480049230158329 -0.001500228419899941
v -0.05110476538538933 0.011515762656927109 -0.0015002131694927816
v -0.05204832926392555 0.011150415986776352 -0.0015001797582954173
v -0.053081393241882324 0.010691221803426743 -0.0015001118881627922
v -0.050257496535778046 0.011665575206279755 -0.0015001489082351331
v -0.04898059368133545 0.011891352944076061 -0.001500052167102695
v -0.04834877327084541 0.012003069743514061 -0.001500004320405424
v -0.048176687210798264 0.012033496983349323 -0.0014999912818893795
v -0.048130251467227936 0.012041707523167133 -0.0014999876730144028
v -0.05496016889810562 -0.009531276300549507 -0.0015000320272520189
v -0.05496020242571831 -0.009531239978969097 -0.0015000320272520189
v -0.05715283378958702 -0.007302199490368366 -0.0015000320272520189
v -0.05715285614132881 -0.007302163168787956 -0.0015000320272520189
v -0.058701325207948685 -0.004585812799632549 -0.0015000320272520189
v -0.05870133265852928 -0.0045857816003263 -0.0015000320272520189
v -0.05950229614973068 -0.001563393510878086 -0.0015000320272520189
v -0.05950229614973068 -0.0015633710427209735 -0.0015000320272520189
v -0.05950229987502098 0.0015633580042049289 -0.0015000320272520189
v -0.05950229614973068 0.0015633705770596862 -0.0015000320272520189
v -0.05870133638381958 0.004585779272019863 -0.0015000320272520189
v -0.05715285614132881 0.007302170619368553 -0.0015000320272520189
v -0.05496019497513771 0.009531254880130291 -0.0015000320272520189
v -0.054960206151008606 0.009531243704259396 -0.0015000320272520189
v -0.053551848977804184 -0.010482103563845158 -0.0015000574057921772
v -0.04150000214576721 0.013864856213331223 -0.0062740705907344835
v -0.04149999842047691 0.013625197112560272 -0.005624420940876008
v -0.04150000214576721 0.01425174344331026 -0.009368456900119783
v -0.04149999842047691 0.014499492943286896 -0.01135000213980675
v -0.048327941447496414 0.014397894963622093 -0.011349995620548727
v -0.05114071071147919 0.013960959389805794 -0.01134999841451645
v -0.05156601592898369 0.013894892297685146 -0.011349999345839025
v -0.05462107062339783 0.012334093451499939 -0.009370408952236177
v -0.05356566607952118 0.013168169185519218 -0.011350003071129324
v -0.05311153084039688 0.013333212584257126 -0.01135000213980675
v -0.05441151186823845 0.01197111513465643 -0.0061460095457732695
v -0.05440644547343254 0.01196233369410038 -0.006068007554858925
v -0.054322175681591034 0.011816373094916344 -0.005617577116936446
v -0.05474972352385521 0.012556941248476505 -0.01135000213980675
v -0.0483010895550251 0.014295010827481747 -0.00934868957847357
v -0.048117492347955704 0.013604218140244484 -0.005592845845967532
v -0.05085139721632004 0.013239559717476368 -0.005594586022198201
v -0.052766311913728714 0.01262886356562376 -0.005597854498773814
v -0.05307624116539955 0.013266539201140404 -0.00934980344027281
v -0.05110938102006912 0.013903537765145302 -0.009349080733954908
v 0.04149999842047691 0.013864856213331223 -0.0062740705907344835
v 0.04149999842047691 0.014011281542479992 -0.007445205934345724
v 0.04149999842047691 0.014499492943286896 -0.01135000213980675
v 0.04149999842047691 0.012902599759399891 -0.003665660973638297
v 0.04814593121409416 0.012039671652019024 -0.0014999866252765064
v 0.05034096911549568 0.011720984242856503 -0.0015001615975052123
v 0.05003507062792778 0.011807737872004509 -0.0015001568244770174
v 0.05178385600447655 0.011311781592667103 -0.0015001842984929685
v 0.04983183369040489 0.011832688935101032 -0.0015001385472714905
v 0.052408527582883835 0.011023230850696564 -0.0015001414576545362
v 0.051821306347846985 0.011301160790026188 -0.0015001848805695777
v 0.053551848977804184 0.010482102632522583 -0.001500056823715568
v 0.047814060002565384 0.01204286701977253 -0.0014999870909377937
v 0.04476770758628845 0.012072204612195492 -0.0014999913983047013
v 0.043142493814229965 0.012087855488061905 -0.0014999937266111378
v 0.054368164390325546 0.01189603190869093 -0.006178338546305897
v 0.054521627724170685 0.012161844410002232 -0.007057836279273035
v 0.053931668400764465 0.011139985173940659 -0.0036767986603081235
v 0.0545416995882988 0.012196614407002926 -0.007435541134327652
v 0.054749686270952225 0.012556962668895721 -0.0113500002771616
v 0.05346836522221565 0.013100176118314266 -0.011349999345839025
v 0.05164400115609169 0.013873612508177757 -0.011349999345839025
v 0.04844294488430023 0.014364439062774181 -0.011349995620548727
v 0.04586277902126312 0.0144786536693573 -0.011349997483193876
v 0.04815412312746048 0.014408725313842297 -0.011349995620548727
v 0.04805757850408554 0.012957172468304634 -0.0036084877792745837
v 0.05284355580806732 0.011882233433425426 -0.0036150580272078523
v 0.05068696662783623 0.012606758624315262 -0.0036105185281485328
v 0.048344798386096954 0.0140170156955719 -0.007426421623677017
v 0.05108696594834328 0.013625107705593109 -0.007427577394992115
v 0.05333596467971802 0.012852939777076244 -0.007430109661072494
v 0.05496016889810562 0.009531276300549507 -0.0015000321436673407
v 0.05496020242571831 0.009531239978969097 -0.0015000321436673407
v 0.05715283378958702 0.007302199490368366 -0.0015000321436673407
v 0.05715285614132881 0.0073021636344492435 -0.0015000321436673407
v 0.058701325207948685 0.004585812799632549 -0.0015000321436673407
v 0.05870133265852928 0.0045857816003263 -0.0015000321436673407
v 0.05950229614973068 0.0015633937437087297 -0.0015000321436673407
v 0.05950229614973068 0.0015633710427209735 -0.0015000321436673407
v 0.05950229987502098 -0.0015633577713742852 -0.0015000321436673407
v 0.05950229987502098 -0.0015633705770596862 -0.0015000321436673407
v 0.05870133638381958 -0.004585779272019863 -0.0015000321436673407
v 0.05715285614132881 -0.007302170619368553 -0.0015000321436673407
v 0.05496019497513771 -0.009531253948807716 -0.0015000321436673407
v 0.053551848977804184 -0.010482105426490307 -0.0015000798739492898
v 0.054960206151008606 -0.009531243704259396 -0.0015000321436673407
v -0.04973561689257622 -0.011845586821436882 -0.0015001322608441119
v -0.04982255399227142 -0.011834981851279736 -0.0015001400606706743
v -0.05178123712539673 -0.011312623508274555 -0.0015001930296421055
v -0.05173177644610405 -0.011326625943183899 -0.001500191981904209
v -0.05002233386039734 -0.011810611933469772 -0.0015001581050455575
v -0.05182032659649849 -0.011301555670797825 -0.0015001938445493583
v -0.048120539635419846 -0.012042596936225891 -0.0014999863924458627
v -0.04655895754694939 -0.012057002633810043 -0.0014999886043369774
v -0.044727616012096405 -0.012073897756636143 -0.0014999912818893795
v -0.04311756417155266 -0.01208875048905611 -0.0014999937266111378
v -0.04149999842047691 -0.012103674001991749 -0.0014999960549175744
v -0.05643686652183533 0.011417868547141552 -0.0113500002771616
v -0.059063538908958435 0.008747560903429985 -0.0113500002771616
v -0.06091852858662605 0.005493487697094679 -0.0113500002771616
v -0.061878032982349396 0.0018728086724877357 -0.0113500002771616
v -0.0618780292570591 -0.0018728512804955244 -0.0113500002771616
v -0.06091850996017456 -0.0054935272783041 -0.0113500002771616
v -0.059063512831926346 -0.008747595362365246 -0.0113500002771616
v -0.05643682926893234 -0.011417895555496216 -0.0113500002771616
v -0.05462103709578514 -0.012334088794887066 -0.009370411746203901
v -0.054749686270952225 -0.012556962668895721 -0.0113500002771616
v -0.054322198033332825 -0.011816408485174179 -0.005617560353130103
v -0.05441148579120636 -0.011971068568527699 -0.006146016530692579
v -0.054406389594078064 -0.01196223683655262 -0.006067567970603706
v -0.056025732308626175 -0.01089266687631607 -0.00614477973431349
v -0.058531586080789566 -0.00834520161151886 -0.00614477973431349
v -0.05602576583623886 0.010892641730606556 -0.00614477973431349
v -0.06030125170946121 -0.005240822676569223 -0.00614477973431349
v -0.06121663376688957 -0.0017866992857307196 -0.00614477973431349
v -0.06121663749217987 0.001786658656783402 -0.00614477973431349
v -0.060301270335912704 0.005240784492343664 -0.00614477973431349
v -0.058531612157821655 0.008345169015228748 -0.00614477973431349
v -0.05271252617239952 -0.013420181348919868 -0.011349999345839025
v -0.0516420416533947 -0.013873783871531487 -0.011349999345839025
v -0.048116255551576614 -0.014410837553441525 -0.011349995620548727
v -0.05054507032036781 -0.014040876179933548 -0.01134999841451645
v -0.04150000214576721 -0.014251741580665112 -0.009368455037474634
v -0.045629099011421204 -0.014481859281659126 -0.011349997483193876
v -0.04706696420907974 -0.014440800063312054 -0.011349996551871301
v -0.04149999842047691 -0.013864852488040924 -0.0062740705907344835
v -0.04149999842047691 -0.013625193387269974 -0.005624420475214721
v -0.04150000214576721 -0.014499492943286896 -0.01135000213980675
v -0.0527060441672802 -0.013413108885288239 -0.009349641390144827
v -0.04689526557922363 -0.013651951216161251 -0.005593194626271726
v -0.0524059422314167 -0.012770067900419235 -0.00559712527319789
v -0.05028042942285538 -0.013358267024159431 -0.005593927111476661
v -0.04704536497592926 -0.014350691810250282 -0.00934876222163439
v -0.050522953271865845 -0.014028919860720634 -0.009348933584988119
v 0.04149999842047691 -0.012103674933314323 -0.0014999973354861145
v 0.044776540249586105 -0.012072169221937656 -0.001499992213211954
v 0.04642429202795029 -0.012056324630975723 -0.0014999896520748739
v 0.04781406372785568 -0.012042961083352566 -0.0014999874401837592
v 0.048144105821847916 -0.01203978806734085 -0.00149998685810715
v 0.04149999842047691 -0.013864856213331223 -0.0062740705907344835
v 0.04149999842047691 -0.013625256717205048 -0.005624583922326566
v 0.048405978828668594 -0.014392917044460773 -0.011349995620548727
v 0.04149999842047691 -0.014251760207116604 -0.009368591010570528
v 0.04149999842047691 -0.014499492943286896 -0.01135000213980675
v 0.04844631627202034 -0.014386538416147232 -0.011349995620548727
v 0.05158340185880661 -0.01389049831777811 -0.011349999345839025
v 0.05350658297538757 -0.013189677149057388 -0.011350003071129324
v 0.054621078073978424 -0.012334108352661133 -0.009370542131364347
v 0.05356632545590401 -0.013167905621230602 -0.011350003071129324
v 0.05441151186823845 -0.01197111513465643 -0.006146010011434557
v 0.05440644547343254 -0.01196233369410038 -0.006068007554858925
v 0.05260147526860237 -0.01088122371584177 -0.0015001094434410338
v 0.05240888521075249 -0.010962102562189102 -0.001500115380622447
v 0.05432220548391342 -0.011816425248980522 -0.0056177396327257165
v 0.05085624381899834 -0.011614150367677212 -0.0015001635765656833
v 0.050495900213718414 -0.011670702137053013 -0.001500140177085996
v 0.05238821357488632 -0.010970784351229668 -0.001500116079114378
v 0.04820207878947258 -0.012030689977109432 -0.0014999906998127703
v 0.05033954232931137 -0.011695239692926407 -0.0015001299325376753
v 0.04814791679382324 -0.012039189226925373 -0.0014999870909377937
v 0.05474972352385521 -0.012556941248476505 -0.01135000213980675
v 0.048418402671813965 -0.014287341386079788 -0.00934882275760174
v 0.0482308529317379 -0.013596957549452782 -0.005593006033450366
v 0.050928544253110886 -0.013221568427979946 -0.005594818852841855
v 0.05314100533723831 -0.012468405067920685 -0.005598821211606265
v 0.05346114933490753 -0.013100325129926205 -0.009350114502012731
v 0.05118871107697487 -0.013884777203202248 -0.009349229745566847
v 0.05643686652183533 -0.011417868547141552 -0.0113500002771616
v 0.059063538908958435 -0.008747560903429985 -0.0113500002771616
v 0.06091852858662605 -0.005493487231433392 -0.0113500002771616
v 0.061878032982349396 -0.001872808439657092 -0.0113500002771616
v 0.0618780292570591 0.001872851513326168 -0.0113500002771616
v 0.06091850996017456 0.0054935272783041 -0.0113500002771616
v 0.059063512831926346 0.008747595362365246 -0.0113500002771616
v 0.05643682926893234 0.011417895555496216 -0.0113500002771616
v 0.05602576583623886 -0.010892640799283981 -0.00614477973431349
v 0.056025732308626175 0.01089266687631607 -0.00614477973431349
v 0.058531586080789566 0.00834520161151886 -0.00614477973431349
v 0.06030125170946121 0.005240822676569223 -0.00614477973431349
v 0.06121663376688957 0.0017866994021460414 -0.00614477973431349
v 0.06121663749217987 -0.0017866584239527583 -0.00614477973431349
v 0.060301270335912704 -0.005240784492343664 -0.00614477973431349
v 0.058531612157821655 -0.008345168083906174 -0.00614477973431349
v -0.005216332618147135 0.005529311485588551 -0.0014499999815598132
v -0.005374306347221136 0.005801627412438393 -0.0014499999815598132
v -0.005471962969750166 0.006100918166339397 -0.0014499999815598132
v -0.0050656599923968315 0.0093606598675251 -0.0014499999815598132
v -0.004755000118166208 0.009599038399755955 -0.0014499999815598132
v -0.0050050001591444016 0.005295965820550919 -0.0014499999815598132
v -0.0043932287953794 0.00974888913333416 -0.0014499999815598132
v -0.005453888792544603 0.008688228204846382 -0.0014499999815598132
v -0.005304038058966398 0.009050000458955765 -0.0014499999815598132
v -0.004793667234480381 0.005062620155513287 -0.0014499999815598132
v -0.004505000077188015 0.004177932161837816 -0.0014499999815598132
v -0.004538037348538637 0.004491013940423727 -0.0014499999815598132
v -0.00463569350540638 0.0047903042286634445 -0.0014499999815598132
v -0.005504999775439501 0.008299999870359898 -0.0014499999815598132
v -0.005504999775439501 0.006413999944925308 -0.0014499999815598132
v -0.005504999775439501 -0.006413999944925308 -0.0014499999815598132
v -0.005471962969750166 -0.006100918166339397 -0.0014499999815598132
v -0.005304038058966398 -0.009050000458955765 -0.0014499999815598132
v -0.005453888792544603 -0.008688228204846382 -0.0014499999815598132
v -0.005374306347221136 -0.005801627412438393 -0.0014499999815598132
v -0.004004999995231628 0.009800000116229057 -0.0014499999815598132
v 0.021005000919103622 0.009800000116229057 -0.0014499999815598132
v 0.021393228322267532 0.00974888913333416 -0.0014499999815598132
v -0.0050656599923968315 -0.0093606598675251 -0.0014499999815598132
v -0.0043932287953794 -0.00974888913333416 -0.0014499999815598132
v -0.004755000118166208 -0.009599038399755955 -0.0014499999815598132
v -0.005216332618147135 -0.005529311485588551 -0.0014499999815598132
v 0.021755000576376915 0.009599038399755955 -0.0014499999815598132
v -0.0050050001591444016 -0.005295965820550919 -0.0014499999815598132
v 0.02230403758585453 0.009050000458955765 -0.0014499999815598132
v 0.02206565998494625 0.0093606598675251 -0.0014499999815598132
v 0.021755000576376915 -0.009599038399755955 -0.0014499999815598132
v 0.021393228322267532 -0.00974888913333416 -0.0014499999815598132
v 0.02230403758585453 -0.009050000458955765 -0.0014499999815598132
v 0.02206565998494625 -0.0093606598675251 -0.0014499999815598132
v -0.005504999775439501 -0.008299999870359898 -0.0014499999815598132
v -0.004004999995231628 -0.009800000116229057 -0.0014499999815598132
v -0.004793667234480381 -0.005062620155513287 -0.0014499999815598132
v 0.02245388925075531 -0.008688228204846382 -0.0014499999815598132
v 0.021005000919103622 -0.009800000116229057 -0.0014499999815598132
v -0.004538037348538637 -0.004491013940423727 -0.0014499999815598132
v -0.00463569350540638 -0.0047903042286634445 -0.0014499999815598132
v 0.02245388925075531 0.008688228204846382 -0.0014499999815598132
v 0.022505000233650208 0.008299999870359898 -0.0014499999815598132
v 0.022505000233650208 -0.008299999870359898 -0.0014499999815598132
v -0.004505000077188015 -0.004177932161837816 -0.0014499999815598132
v 0.022505000233650208 0.008299999870359898 -0.0018050000071525578
v 0.022505000233650208 -0.008299999870359898 -0.0018050000071525578
v -0.005504999775439501 -0.008299999870359898 -0.0018050000071525578
v -0.005504999775439501 -0.006413999944925308 -0.0018050000071525578
v -0.005216332618147135 -0.005529311485588551 -0.0018050000071525578
v -0.0050050001591444016 -0.005295965820550919 -0.0018050000071525578
v -0.005374306347221136 -0.005801627412438393 -0.0018050000071525578
v -0.005471962969750166 -0.006100918166339397 -0.0018050000071525578
v -0.004505000077188015 -0.004177932161837816 -0.0018050000071525578
v -0.004538037348538637 -0.004491013940423727 -0.0018050000071525578
v -0.00463569350540638 -0.0047903042286634445 -0.0018050000071525578
v -0.004793667234480381 -0.005062620155513287 -0.0018050000071525578
v -0.004505000077188015 0.004177932161837816 -0.0018050000071525578
v -0.0050050001591444016 0.005295965820550919 -0.0018050000071525578
v -0.004793667234480381 0.005062620155513287 -0.0018050000071525578
v -0.00463569350540638 0.0047903042286634445 -0.0018050000071525578
v -0.004538037348538637 0.004491013940423727 -0.0018050000071525578
v -0.005471962969750166 0.006100918166339397 -0.0018050000071525578
v -0.005504999775439501 0.006413999944925308 -0.0018050000071525578
v -0.005374306347221136 0.005801627412438393 -0.0018050000071525578
v -0.005216332618147135 0.005529311485588551 -0.0018050000071525578
v -0.005504999775439501 0.008299999870359898 -0.0018050000071525578
v -0.004004999995231628 0.009800000116229057 -0.0015000086277723317
v 0.021005000919103622 0.009800000116229057 -0.0015000086277723317
v -0.005304038058966398 0.009050000458955765 -0.0018050000071525578
v -0.0050656599923968315 0.0093606598675251 -0.0018050000071525578
v -0.005453888792544603 0.008688228204846382 -0.0018050000071525578
v -0.004906934220343828 0.009498546831309795 -0.0015000086277723317
v -0.0048461793921887875 0.009541940875351429 -0.0018050000071525578
v -0.004755000118166208 0.009599038399755955 -0.0015000086277723317
v -0.0043932287953794 0.00974888913333416 -0.0015000086277723317
v 0.02245388925075531 0.008688228204846382 -0.0018050000071525578
v 0.02230403758585453 0.009050000458955765 -0.0018050000071525578
v 0.02206565998494625 0.0093606598675251 -0.0018050000071525578
v 0.021393228322267532 0.00974888913333416 -0.0015000086277723317
v 0.021755000576376915 0.009599038399755955 -0.0015000086277723317
v 0.021906934678554535 0.009498546831309795 -0.0015000086277723317
v 0.02184617891907692 0.009541940875351429 -0.0018050000071525578
v 0.021005000919103622 -0.009800000116229057 -0.0015000086277723317
v -0.004004999995231628 -0.009800000116229057 -0.0015000086277723317
v -0.005453888792544603 -0.008688228204846382 -0.0018050000071525578
v -0.005304038058966398 -0.009050000458955765 -0.0018050000071525578
v -0.0050656599923968315 -0.0093606598675251 -0.0018050000071525578
v -0.0043932287953794 -0.00974888913333416 -0.0015000086277723317
v -0.004755000118166208 -0.009599038399755955 -0.0015000086277723317
v -0.004906934220343828 -0.009498546831309795 -0.0015000086277723317
v -0.0048461793921887875 -0.009541940875351429 -0.0018050000071525578
v 0.02230403758585453 -0.009050000458955765 -0.0018050000071525578
v 0.02206565998494625 -0.0093606598675251 -0.0018050000071525578
v 0.02245388925075531 -0.008688228204846382 -0.0018050000071525578
v 0.021906934678554535 -0.009498546831309795 -0.0015000086277723317
v 0.02184617891907692 -0.009541940875351429 -0.0018050000071525578
v 0.021755000576376915 -0.009599038399755955 -0.0015000086277723317
v 0.021393228322267532 -0.00974888913333416 -0.0015000086277723317
v -0.007683853153139353 0.009636563248932362 -0.0024700472131371502
v -0.007439608685672283 0.009928296320140362 -0.004520463757216931
v -0.007763073313981295 0.009541940875351429 -0.0018050000071525578
v -0.007195171434432268 0.010220258496701717 -0.006572498474270107
v -0.006899999920278788 0.010900000110268593 -0.0113500002771616
v 0.03919293358922005 0.01019279845058918 -0.006379492580890657
v 0.039046406745910645 0.010546541772782803 -0.00886574946343899
v -0.006951111368834972 0.010511771775782108 -0.008621369488537313
v 0.0393393412232399 0.00983934011310339 -0.0038952422328293332
v 0.03965918719768524 0.00961485505104065 -0.0023174693342298274
v 0.03889999911189079 0.010900000110268593 -0.0113500002771616
v 0.03976307436823845 0.009541940875351429 -0.0018050000071525578
v 0.01600000075995922 0.010900000110268593 -0.012295000255107883
v -0.006899999920278788 0.010900000110268593 -0.012295000255107883
v 0.03889999911189079 0.010900000110268593 -0.012295000255107883
v 0.04039999842643738 0.009399999864399433 -0.012295000255107883
v 0.04039999842643738 0.009399999864399433 -0.0018050000071525578
v 0.04001177102327347 0.00945111084729433 -0.0018050000071525578
v 0.04001177102327347 0.00945111084729433 -0.012295000255107883
v 0.039650000631809235 0.009600961580872536 -0.012295000255107883
v 0.0393393412232399 0.00983934011310339 -0.012295000255107883
v 0.03910096362233162 0.0101500004529953 -0.012295000255107883
v 0.03895111009478569 0.010511771775782108 -0.012295000255107883
v -0.008011771366000175 0.00945111084729433 -0.012295000255107883
v -0.008011771366000175 0.00945111084729433 -0.0018050000071525578
v -0.00839999970048666 0.009399999864399433 -0.0018050000071525578
v -0.006951111368834972 0.010511771775782108 -0.012295000255107883
v -0.0071009621024131775 0.0101500004529953 -0.012295000255107883
v -0.007339339703321457 0.00983934011310339 -0.012295000255107883
v -0.0076500000432133675 0.009600961580872536 -0.012295000255107883
v -0.00839999970048666 0.009399999864399433 -0.012295000255107883
v 0.04159965366125107 0.009399999864399433 -0.012295000255107883
v 0.041600000113248825 0.009399999864399433 -0.0018050000071525578
v 0.041921671479940414 0.009434896521270275 -0.0018050008220598106
v 0.04306193068623543 0.010564202442765236 -0.012295000255107883
v 0.04309999942779541 0.01089896447956562 -0.012295000255107883
v 0.04309999942779541 0.01089896447956562 -0.011350003071129324
v 0.042949654161930084 0.010245449841022491 -0.012295000255107883
v 0.04304630681872368 0.010567073710262775 -0.009016648866236212
v 0.04302380606532097 0.010428009554743767 -0.008038958534598352
v 0.042768869549036026 0.009959922172129154 -0.012295000255107883
v 0.042896568775177 0.010284758172929287 -0.007031225599348547
v 0.042528752237558365 0.009722111746668816 -0.012295000255107883
v 0.042677707970142365 0.0100383460521698 -0.00529778702184558
v 0.04224149137735367 0.009544091299176216 -0.012295000255107883
v 0.042458757758140564 0.009791837073862553 -0.00356366508640349
v 0.042240116745233536 0.009545676410198212 -0.001832001376897097
v 0.041921671479940414 0.009434896521270275 -0.012295000255107883
v 0.04223670810461044 0.009541838429868221 -0.0018050008220598106
v 0.050917353481054306 0.010335193946957588 -0.012294999323785308
v 0.05235123261809349 0.009760433807969093 -0.012295003049075607
v 0.05216775834560394 0.009833979420363903 -0.01135000213980675
v 0.05235123261809349 0.009760433807969093 -0.011350003071129324
v 0.04885327070951462 0.010742866434156895 -0.01229499559849501
v 0.049940116703510284 0.010528205893933773 -0.012295000255107883
v 0.050484299659729004 0.010420724749565125 -0.011349997483193876
v 0.04885327070951462 0.010742866434156895 -0.011349994689226152
v 0.050917353481054306 0.010335193946957588 -0.01134999841451645
v 0.04847193509340286 0.010753212496638298 -0.011349995620548727
v 0.05294996127486229 0.009439700283110142 -0.012295002117753032
v 0.052949994802474976 0.009439682587981224 -0.01135000213980675
v 0.05227096378803253 0.008263567462563515 -0.0018050000071525578
v 0.05157225951552391 0.00856601633131504 -0.0018050000071525578
v 0.05040378123521805 0.009071815758943558 -0.0018050000071525578
v 0.04931603744626045 0.009314064867794514 -0.0018050000071525578
v 0.050146300345659256 0.009129159152507782 -0.0018050000071525578
v 0.04835816100239754 0.009344884194433689 -0.0018050001235678796
v 0.05656474828720093 -0.006053127348423004 -0.012295000255107883
v 0.05490213260054588 -0.008001151494681835 -0.012295000255107883
v 0.05490213260054588 -0.008001151494681835 -0.0113500002771616
v 0.05772692710161209 -0.003770931623876095 -0.012295000255107883
v 0.05656474828720093 -0.006053127348423004 -0.0113500002771616
v 0.05832451581954956 -0.0012805559672415257 -0.012295000255107883
v 0.05772692710161209 -0.003770931623876095 -0.0113500002771616
v 0.05832451581954956 -0.0012805559672415257 -0.0113500002771616
v 0.05832452327013016 0.0012805145233869553 -0.0113500002771616
v 0.05832451954483986 -6.505213034913027e-19 -0.012295000255107883
v 0.05832452327013016 0.0012805145233869553 -0.012295000255107883
v 0.057726942002773285 0.003770892508327961 -0.012295000255107883
v 0.05656477063894272 0.006053092423826456 -0.012295000255107883
v 0.057726942002773285 0.003770892508327961 -0.0113500002771616
v 0.05490216240286827 0.008001122623682022 -0.012295000255107883
v 0.05656477063894272 0.006053092423826456 -0.0113500002771616
v 0.052949924021959305 -0.009439720772206783 -0.012295000255107883
v 0.052949946373701096 -0.009439710527658463 -0.011350003071129324
v 0.05490216240286827 0.008001122623682022 -0.0113500002771616
v 0.05543536692857742 0.005298922304064035 -0.0018050000071525578
v 0.05645274370908737 0.003301067277789116 -0.0018050000071525578
v 0.056975867599248886 0.0011209719814360142 -0.0018050000071525578
v 0.05697586387395859 -0.0011210081866011024 -0.0018050000071525578
v 0.05645272880792618 -0.003301101503893733 -0.0018050000071525578
v 0.05543534830212593 -0.00529895257204771 -0.0018050000071525578
v 0.05397988110780716 -0.007004267070442438 -0.0018050000071525578
v 0.05397991091012955 0.007004242390394211 -0.0018050000071525578
v 0.05227092280983925 -0.00826359260827303 -0.0018050000071525578
v 0.043437398970127106 -0.009510215371847153 -0.0018050000071525578
v 0.04246773198246956 -0.009801940061151981 -0.0036347412969917068
v 0.042249199002981186 -0.009555901400744915 -0.001903925673104823
v 0.042905282229185104 -0.010294565930962563 -0.007100218441337349
v 0.04268655925989151 -0.01004831027239561 -0.005367884878069163
v 0.04302380606532097 -0.010428009554743767 -0.008038957603275778
v 0.0434420108795166 -0.010894585400819778 -0.01135000213980675
v 0.043048419058322906 -0.01058014202862978 -0.00910852011293173
v 0.04309999942779541 -0.01089896447956562 -0.011350003071129324
v 0.045548584312200546 -0.00945461168885231 -0.0018050000071525578
v 0.0489504300057888 -0.009365015663206577 -0.0018050000071525578
v 0.04731213301420212 -0.010845032520592213 -0.011349995620548727
v 0.049657195806503296 -0.010562033392488956 -0.011349996551871301
v 0.048515062779188156 -0.010774889029562473 -0.011349994689226152
v 0.04556737467646599 -0.010867372155189514 -0.01134999841451645
v 0.049432314932346344 -0.009250410832464695 -0.0018050000071525578
v 0.0509132444858551 -0.008898209780454636 -0.0018050000071525578
v 0.0509798489511013 -0.010315537452697754 -0.011349999345839025
v 0.05136823281645775 -0.010142875835299492 -0.0113500002771616
v 0.0509493462741375 -0.008889623917639256 -0.0018050000071525578
v 0.04223670810461044 -0.009541838429868221 -0.0018050000071525578
v 0.0509776845574379 -0.010310636833310127 -0.012295001186430458
v 0.050933390855789185 -0.010330196470022202 -0.012295001186430458
v 0.049940116703510284 -0.010510247200727463 -0.012295000255107883
v 0.048513952642679214 -0.010768769308924675 -0.01229499746114016
v 0.04845058172941208 -0.010780256241559982 -0.01229499746114016
v 0.04751014709472656 -0.010837136767804623 -0.01229499746114016
v 0.04731206223368645 -0.010839913971722126 -0.01229499746114016
v 0.043278876692056656 -0.010896456427872181 -0.012295000255107883
v 0.04309999942779541 -0.01089896447956562 -0.012295000255107883
v 0.041600000113248825 -0.009399999864399433 -0.012295000255107883
v 0.041600000113248825 -0.009399999864399433 -0.0018050000071525578
v 0.04193560406565666 -0.009438025765120983 -0.0018050000071525578
v 0.04193560406565666 -0.009438025765120983 -0.012295000255107883
v 0.04225419461727142 -0.009550174698233604 -0.012295000255107883
v 0.04253961518406868 -0.009730760008096695 -0.012295000255107883
v 0.042777396738529205 -0.009970627725124359 -0.012295000255107883
v 0.04295548424124718 -0.010257614776492119 -0.012295000255107883
v 0.04309972748160362 -0.010896456427872181 -0.012295000255107883
v 0.043064847588539124 -0.010577171109616756 -0.012295000255107883
v 0.03909999877214432 -0.009399999864399433 -0.0018050000071525578
v 0.03873004391789436 -0.009446337819099426 -0.0018050000071525578
v 0.03846307471394539 -0.009541940875351429 -0.0018050000071525578
v 0.03873004391789436 -0.009446337819099426 -0.007911937311291696
v 0.03808015212416649 -0.00980004109442234 -0.007911937311291696
v 0.03784036636352539 -0.01008555293083191 -0.007911937311291696
v 0.037917912006378174 -0.010148398578166962 -0.0060674324631691
v 0.03838294744491577 -0.009582488797605038 -0.007911937311291696
v 0.03816140815615654 -0.009877524338662624 -0.004163616802543403
v 0.03840470686554909 -0.009606870822608471 -0.002261354355141521
v 0.037682004272937775 -0.010410834103822708 -0.007911937311291696
v 0.03909999877214432 -0.009399999864399433 -0.007911937311291696
v 0.04039999842643738 -0.009399999864399433 -0.007911937311291696
v 0.04039999842643738 -0.009399999864399433 -0.012295000255107883
v 0.03910096362233162 -0.0101500004529953 -0.007911937311291696
v 0.038982003927230835 -0.010410834103822708 -0.007911937311291696
v 0.039650000631809235 -0.009600961580872536 -0.007911937311291696
v 0.0393393412232399 -0.00983934011310339 -0.007911937311291696
v 0.04001177102327347 -0.00945111084729433 -0.007911937311291696
v 0.04001177102327347 -0.00945111084729433 -0.012295000255107883
v 0.039650000631809235 -0.009600961580872536 -0.012295000255107883
v 0.0393393412232399 -0.00983934011310339 -0.012295000255107883
v 0.03910096362233162 -0.0101500004529953 -0.012295000255107883
v 0.03895111009478569 -0.010511771775782108 -0.012295000255107883
v 0.0389004647731781 -0.010896456427872181 -0.012295000255107883
v 0.03889999911189079 -0.010900000110268593 -0.0113500002771616
v 0.03896462917327881 -0.010514474473893642 -0.008640368469059469
v 0.03889999911189079 -0.010900000110268593 -0.012295000255107883
v -0.006899999920278788 -0.010900000110268593 -0.0113500002771616
v -0.007339339703321457 -0.00983934011310339 -0.0038952422328293332
v -0.0076591856777668 -0.00961485505104065 -0.0023174693342298274
v -0.007046407088637352 -0.010546541772782803 -0.00886574946343899
v -0.0071929325349628925 -0.01019279845058918 -0.006379492580890657
v -0.007763073313981295 -0.009541940875351429 -0.0018050000071525578
v 0.01600000075995922 -0.010900000110268593 -0.012295000255107883
v -0.006899999920278788 -0.010900000110268593 -0.012295000255107883
v -0.00839999970048666 -0.009399999864399433 -0.012295000255107883
v -0.00839999970048666 -0.009399999864399433 -0.0018050000071525578
v -0.008011771366000175 -0.00945111084729433 -0.0018050000071525578
v -0.008011771366000175 -0.00945111084729433 -0.012295000255107883
v -0.0076500000432133675 -0.009600961580872536 -0.012295000255107883
v -0.007339339703321457 -0.00983934011310339 -0.012295000255107883
v -0.0071009621024131775 -0.0101500004529953 -0.012295000255107883
v -0.00690046651288867 -0.010896456427872181 -0.012295000255107883
v -0.006951111368834972 -0.010511771775782108 -0.012295000255107883
v -0.009600000455975533 -0.009399999864399433 -0.012295000255107883
v -0.009600000455975533 -0.009399999864399433 -0.0018050000071525578
v -0.009933781810104847 -0.009437608532607555 -0.012295000255107883
v -0.009933781810104847 -0.009437608532607555 -0.0018050000071525578
v -0.01106239203363657 -0.010566218756139278 -0.012295000255107883
v -0.011099601164460182 -0.010896456427872181 -0.012295000255107883
v -0.011099999770522118 -0.010900000110268593 -0.0113500002771616
v -0.011025726795196533 -0.010574587620794773 -0.00906286481767893
v -0.010951452888548374 -0.010249174199998379 -0.012295000255107883
v -0.010772746987640858 -0.009964765049517155 -0.012295000255107883
v -0.010951452888548374 -0.010249174199998379 -0.006775728892534973
v -0.010535234585404396 -0.009727252647280693 -0.012295000255107883
v -0.01071693655103445 -0.010017051361501217 -0.0051442738622426995
v -0.010250825434923172 -0.009548546746373177 -0.012295000255107883
v -0.010482174344360828 -0.00978468544781208 -0.0035111084580421456
v -0.010247636586427689 -0.009552541188895702 -0.0018795047653838996
v -0.01023692637681961 -0.009541940875351429 -0.0018050000071525578
v -0.011099999770522118 -0.010900000110268593 -0.012295000255107883
v -0.04149999842047691 -0.010900001972913742 -0.011349997483193876
v -0.02500000037252903 -0.010900001041591167 -0.012295001186430458
v -0.04149999842047691 -0.010900001972913742 -0.012295001186430458
v -0.04280000180006027 -0.010899431072175503 -0.012295000255107883
v -0.04280000180006027 -0.010899431072175503 -0.01134600304067135
v -0.03886307403445244 -0.009541940875351429 -0.0018050000071525578
v -0.03831791132688522 -0.010148398578166962 -0.0060674324631691
v -0.038082003593444824 -0.010410834103822708 -0.007911937311291696
v -0.03880470618605614 -0.009606870822608471 -0.002261354355141521
v -0.03856140747666359 -0.009877524338662624 -0.004163616802543403
v -0.042864687740802765 -0.010514006949961185 -0.008637082763016226
v -0.042882002890110016 -0.010410834103822708 -0.007911937311291696
v -0.04430000111460686 -0.009399999864399433 -0.012295000255107883
v -0.04430000111460686 -0.009399999864399433 -0.007911937311291696
v -0.04391186311841011 -0.00945108663290739 -0.007911937311291696
v -0.04391186311841011 -0.00945108663290739 -0.012295000255107883
v -0.04355016350746155 -0.0096008675172925 -0.007911937311291696
v -0.04355016350746155 -0.0096008675172925 -0.012295000255107883
v -0.0432395413517952 -0.009839138947427273 -0.007911937311291696
v -0.04300115257501602 -0.010149671696126461 -0.012295000255107883
v -0.04300299659371376 -0.010147268883883953 -0.012295000255107883
v -0.04300115257501602 -0.010149671696126461 -0.007911937311291696
v -0.0432395413517952 -0.009839138947427273 -0.012295000255107883
v -0.04280039295554161 -0.010896456427872181 -0.012295000255107883
v -0.04285123571753502 -0.010511313565075397 -0.012295000255107883
v -0.039500001817941666 -0.009399999864399433 -0.007911937311291696
v -0.039500001817941666 -0.009399999864399433 -0.0018050000071525578
v -0.03913004323840141 -0.009446337819099426 -0.0018050000071525578
v -0.03913004323840141 -0.009446337819099426 -0.007911937311291696
v -0.03878294676542282 -0.009582488797605038 -0.007911937311291696
v -0.03848015144467354 -0.00980004109442234 -0.007911937311291696
v -0.03824036568403244 -0.01008555293083191 -0.007911937311291696
v -0.04560000076889992 -0.009399999864399433 -0.012295000255107883
v -0.04560000076889992 -0.009399999864399433 -0.0018050000071525578
v -0.04598281905055046 -0.009449672885239124 -0.012295000255107883
v -0.04598281905055046 -0.009449672885239124 -0.0018049997743219142
v -0.0470413938164711 -0.010484812781214714 -0.012295000255107883
v -0.04709925130009651 -0.010852578096091747 -0.012295000255107883
v -0.04709925130009651 -0.010852578096091747 -0.011349996551871301
v -0.046887703239917755 -0.010130698792636395 -0.012295000255107883
v -0.04696674272418022 -0.010511299595236778 -0.008925837464630606
v -0.046648722141981125 -0.009827535599470139 -0.012295000255107883
v -0.04682924598455429 -0.010157180018723011 -0.006410460919141771
v -0.046738434582948685 -0.00992328766733408 -0.004749084357172252
v -0.04634028673171997 -0.009595401585102081 -0.012295000255107883
v -0.0466332882642746 -0.009846830740571022 -0.004196528811007739
v -0.04632292687892914 -0.009621156379580498 -0.002565579488873482
v -0.046178191900253296 -0.0095159150660038 -0.0018049997743219142
v -0.05227096378803253 -0.00826356839388609 -0.0018050000071525578
v -0.05171091854572296 -0.008506967686116695 -0.0018050000071525578
v -0.05256718024611473 -0.009650462307035923 -0.011350003071129324
v -0.05232546105980873 -0.009761955589056015 -0.01135000213980675
v -0.0510365255177021 -0.008800063282251358 -0.0018050000071525578
v -0.05163643881678581 -0.01007977593690157 -0.0113500002771616
v -0.05154784396290779 -0.010108152404427528 -0.0113500002771616
v -0.05000084638595581 -0.010530897416174412 -0.011349996551871301
v -0.05034828931093216 -0.01049237884581089 -0.011349996551871301
v -0.050429817289114 -0.00906374305486679 -0.0018050000071525578
v -0.049726035445928574 -0.009201407432556152 -0.0018050000071525578
v -0.048805516213178635 -0.00938146747648716 -0.0018050000071525578
v -0.052949994802474976 -0.009439683519303799 -0.01135000213980675
v -0.051933255046606064 -0.009942865930497646 -0.012295000255107883
v -0.05256718024611473 -0.009650462307035923 -0.012295003980398182
v -0.05163643881678581 -0.01007977593690157 -0.012295001186430458
v -0.05034828931093216 -0.01049237884581089 -0.01229499746114016
v -0.05294996127486229 -0.009439701214432716 -0.012295002117753032
v -0.05656474828720093 0.006053127348423004 -0.012295000255107883
v -0.05490213260054588 0.008001151494681835 -0.012295000255107883
v -0.05490213260054588 0.008001151494681835 -0.0113500002771616
v -0.05772692710161209 0.003770931623876095 -0.012295000255107883
v -0.05656474828720093 0.006053127348423004 -0.0113500002771616
v -0.05832451581954956 0.0012805556179955602 -0.012295000255107883
v -0.05772692710161209 0.003770931623876095 -0.0113500002771616
v -0.05832451581954956 0.0012805556179955602 -0.0113500002771616
v -0.05832452327013016 -0.001280515338294208 -0.0113500002771616
v -0.05832451954483986 2.168404344971009e-19 -0.012295000255107883
v -0.05832452327013016 -0.001280515338294208 -0.012295000255107883
v -0.057726942002773285 -0.0037708934396505356 -0.012295000255107883
v -0.05656477063894272 -0.006053093820810318 -0.012295000255107883
v -0.057726942002773285 -0.0037708934396505356 -0.0113500002771616
v -0.05490216240286827 -0.008001123555004597 -0.012295000255107883
v -0.05656477063894272 -0.006053093820810318 -0.0113500002771616
v -0.052949924021959305 0.009439720772206783 -0.012295000255107883
v -0.052949946373701096 0.009439711458981037 -0.011350003071129324
v -0.05490216240286827 -0.008001123555004597 -0.0113500002771616
v -0.05543536692857742 -0.00529892323538661 -0.0018050000071525578
v -0.05645273998379707 -0.0033010682091116905 -0.0018050000071525578
v -0.056975867599248886 -0.0011209725635126233 -0.0018050000071525578
v -0.05697586387395859 0.0011210078373551369 -0.0018050000071525578
v -0.05645272880792618 0.003301101503893733 -0.0018050000071525578
v -0.05543534830212593 0.00529895257204771 -0.0018050000071525578
v -0.05397988110780716 0.007004267536103725 -0.0018050000071525578
v -0.05397990718483925 -0.007004243321716785 -0.0018050000071525578
v -0.05227092280983925 0.00826359260827303 -0.0018050000071525578
v -0.04321333020925522 0.009516006335616112 -0.0018050000071525578
v -0.04246772453188896 0.009801934473216534 -0.0036347473505884418
v -0.04224919527769089 0.009555898606777191 -0.0019039285834878687
v -0.042905278503894806 0.010294552892446518 -0.007100231014192106
v -0.04268655180931091 0.010048300959169865 -0.005367893725633622
v -0.04302380234003067 0.010427992790937424 -0.008038958534598352
v -0.04321703314781189 0.010897514410316944 -0.011350003071129324
v -0.04304841533303261 0.010580125264823437 -0.009108533151447775
v -0.04309999942779541 0.010898944921791553 -0.011350003071129324
v -0.04553036764264107 0.009454725310206413 -0.0018050000071525578
v -0.04895186796784401 0.009364234283566475 -0.0018050000071525578
v -0.04848792776465416 0.010776802897453308 -0.011349995620548727
v -0.049657829105854034 0.010560960508883 -0.011349996551871301
v -0.0472174808382988 0.01084861345589161 -0.011349995620548727
v -0.045548588037490845 0.010869013145565987 -0.01134999841451645
v -0.04943303391337395 0.009249778464436531 -0.0018050000071525578
v -0.05091624706983566 0.008896966464817524 -0.0018050000071525578
v -0.050966229289770126 0.01031956635415554 -0.011349999345839025
v -0.051370780915021896 0.010140132158994675 -0.0113500002771616
v -0.050952039659023285 0.00888845231384039 -0.0018050000071525578
v -0.042236704379320145 0.009541835635900497 -0.0018050000071525578
v -0.051933255046606064 0.00988765712827444 -0.012295000255107883
v -0.05096407234668732 0.010314672254025936 -0.012295001186430458
v -0.05092019960284233 0.01033400185406208 -0.012295001186430458
v -0.04848683997988701 0.010770730674266815 -0.01229499746114016
v -0.04842343181371689 0.010782111436128616 -0.01229499746114016
v -0.0474197193980217 0.010840989649295807 -0.01229499746114016
v -0.047217413783073425 0.010843703523278236 -0.01229499746114016
v -0.04309999942779541 0.010898944921791553 -0.012295000255107883
v -0.041600000113248825 0.009399999864399433 -0.012295000255107883
v -0.041600000113248825 0.009399999864399433 -0.0018050000071525578
v -0.04193560406565666 0.009438024833798409 -0.0018050000071525578
v -0.04193560406565666 0.009438024833798409 -0.012295000255107883
v -0.042254190891981125 0.00955017190426588 -0.012295000255107883
v -0.04253960773348808 0.009730755351483822 -0.012295000255107883
v -0.04277739301323891 0.009970618411898613 -0.012295000255107883
v -0.04295548051595688 0.010257601737976074 -0.012295000255107883
v -0.04300299659371376 0.010396439582109451 -0.012295000255107883
v -0.043064843863248825 0.010577155277132988 -0.012295000255107883
v -0.04039999842643738 0.009399999864399433 -0.012295000255107883
v -0.04039999842643738 0.009399999864399433 -0.0018050000071525578
v -0.010603371076285839 0.009399999864399433 -0.0018050000071525578
v -0.010970902629196644 0.00944572314620018 -0.0018050000071525578
v -0.011240297928452492 0.009541940875351429 -0.0018050000071525578
v -0.04001177102327347 0.00945111084729433 -0.0018050000071525578
v -0.03976307436823845 0.009541940875351429 -0.0018050000071525578
v -0.04001177102327347 0.00945111084729433 -0.012295000255107883
v -0.03895111009478569 0.010511771775782108 -0.012295000255107883
v -0.03889999911189079 0.010900000110268593 -0.012295000255107883
v -0.03889999911189079 0.010900000110268593 -0.0113500002771616
v -0.03910096362233162 0.0101500004529953 -0.012295000255107883
v -0.03895111009478569 0.010511771775782108 -0.008621369488537313
v -0.0393393412232399 0.00983934011310339 -0.012295000255107883
v -0.03919517248868942 0.010220258496701717 -0.006572498474270107
v -0.039650000631809235 0.009600961580872536 -0.012295000255107883
v -0.039439607411623 0.009928296320140362 -0.004520463757216931
v -0.03968385234475136 0.009636563248932362 -0.0024700472131371502
v -0.02500000037252903 0.010900000110268593 -0.012295000255107883
v -0.011099999770522118 0.010900000110268593 -0.0113500002771616
v -0.011099999770522118 0.010900000110268593 -0.012295000255107883
v -0.009600000455975533 0.009399999864399433 -0.007911937311291696
v -0.010603371076285839 0.009399999864399433 -0.007911937311291696
v -0.009600000455975533 0.009399999864399433 -0.012295000255107883
v -0.009988228790462017 0.00945111084729433 -0.007911937311291696
v -0.009988228790462017 0.00945111084729433 -0.012295000255107883
v -0.010350000113248825 0.009600961580872536 -0.007911937311291696
v -0.010350000113248825 0.009600961580872536 -0.012295000255107883
v -0.010660660453140736 0.00983934011310339 -0.007911937311291696
v -0.010660660453140736 0.00983934011310339 -0.012295000255107883
v -0.010899038054049015 0.0101500004529953 -0.007911937311291696
v -0.010899038054049015 0.0101500004529953 -0.012295000255107883
v -0.011035371571779251 0.010514474473893642 -0.008640368469059469
v -0.0110179977491498 0.010410834103822708 -0.007911937311291696
v -0.01104888878762722 0.010511771775782108 -0.012295000255107883
v -0.012004667893052101 0.010245004668831825 -0.006746424827724697
v -0.011857546865940094 0.010077173821628094 -0.005566840060055257
v -0.01158057525753975 0.009837004356086254 -0.003878830699250103
v -0.01130351610481739 0.00959675945341587 -0.00219028489664197
v -0.012150034308433533 0.010410834103822708 -0.007911937311291696
v -0.010970902629196644 0.00944572314620018 -0.007911937311291696
v -0.01131602842360735 0.009580106474459171 -0.007911937311291696
v -0.011617707088589668 0.00979495607316494 -0.007911937311291696
v -0.011857546865940094 0.010077173821628094 -0.007911937311291696
v -0.011993048712611198 0.010255196131765842 -0.007911937311291696
v 0.012453442439436913 -0.01369399856775999 -0.0113500002771616
v 0.012500000186264515 -0.01369399856775999 -0.0113500002771616
v 0.012546557001769543 -0.01369399856775999 -0.0113500002771616
v 0.037953443825244904 -0.01369399856775999 -0.0113500002771616
v 0.012500000186264515 0.01369399856775999 -0.0113500002771616
v 0.012453442439436913 0.01369399856775999 -0.0113500002771616
v 0.012546557001769543 0.01369399856775999 -0.0113500002771616
v -0.012453442439436913 -0.01369399856775999 -0.0113500002771616
v -0.012546557001769543 -0.01369399856775999 -0.0113500002771616
v -0.012500000186264515 -0.01369399856775999 -0.0113500002771616
v -0.04149999842047691 -0.013694001361727715 -0.01135000213980675
v -0.03804655745625496 -0.01369399856775999 -0.0113500002771616
v -0.012453442439436913 0.01369399856775999 -0.0113500002771616
v -0.012500000186264515 0.01369399856775999 -0.0113500002771616
v 0.04149999842047691 0.013694001361727715 -0.01135000213980675
v 0.03804655745625496 0.01369399856775999 -0.0113500002771616
v -0.03799999877810478 -0.01369399856775999 -0.0113500002771616
v -0.012546557001769543 0.01369399856775999 -0.0113500002771616
v -0.037953443825244904 0.01369399856775999 -0.0113500002771616
v 0.037953443825244904 0.01369399856775999 -0.0113500002771616
v 0.03799999877810478 0.01369399856775999 -0.0113500002771616
v 0.03799999877810478 -0.01369399856775999 -0.0113500002771616
v -0.037953443825244904 -0.01369399856775999 -0.0113500002771616
v -0.03799999877810478 0.01369399856775999 -0.0113500002771616
v 0.03804655373096466 -0.01369399856775999 -0.0113500002771616
v -0.0482756569981575 -0.01359410397708416 -0.011349994689226152
v -0.03804655745625496 0.01369399856775999 -0.0113500002771616
v 0.04149999842047691 -0.013694001361727715 -0.01135000213980675
v 0.045708637684583664 -0.013675193302333355 -0.011349995620548727
v -0.04149999842047691 0.013694001361727715 -0.01135000213980675
v -0.04546567425131798 0.013678275048732758 -0.011349995620548727
v 0.048351701349020004 0.013589257374405861 -0.011349994689226152
v 0.048139702528715134 -0.013602692633867264 -0.011349993757903578
v -0.048103880137205124 0.013604708015918732 -0.011349993757903578
v -0.051426101475954056 0.013097776100039482 -0.011349997483193876
v 0.05142735689878464 -0.013097801245748997 -0.011349997483193876
v -0.05142585560679436 -0.013097845017910004 -0.011349997483193876
v -0.05329618975520134 -0.012405499815940857 -0.01135000213980675
v -0.054346948862075806 -0.011859381571412086 -0.01135000213980675
v 0.05328160151839256 0.012412285432219505 -0.01135000213980675
v 0.054346948862075806 0.011859381571412086 -0.01135000213980675
v 0.056799519807100296 -0.01005209144204855 -0.0113500002771616
v 0.05434689670801163 -0.011859411373734474 -0.0113500002771616
v -0.05679953843355179 -0.010052073746919632 -0.0113500002771616
v 0.05144718661904335 0.013092203065752983 -0.011349997483193876
v 0.05679953843355179 0.010052074678242207 -0.0113500002771616
v 0.06034841015934944 0.004737506620585918 -0.0113500002771616
v 0.06109917163848877 0.0016087652184069157 -0.0113500002771616
v 0.060348402708768845 -0.004737530369311571 -0.0113500002771616
v 0.05888831615447998 -0.00760472659021616 -0.0113500002771616
v -0.056799519807100296 0.010052092373371124 -0.0113500002771616
v -0.05434689298272133 0.011859411373734474 -0.0113500002771616
v 0.06109916791319847 -0.0016087904805317521 -0.0113500002771616
v -0.058888331055641174 -0.007604705169796944 -0.0113500002771616
v 0.058888331055641174 0.007604705635458231 -0.0113500002771616
v -0.06034841015934944 -0.004737506154924631 -0.0113500002771616
v -0.06109917163848877 -0.0016087648691609502 -0.0113500002771616
v -0.06109916791319847 0.0016087910626083612 -0.0113500002771616
v -0.05888831615447998 0.0076047275215387344 -0.0113500002771616
v -0.060348402708768845 0.004737530834972858 -0.0113500002771616
v 0.03804655745625496 -0.01369399856775999 -0.012295000255107883
v 0.04149999842047691 -0.013694001361727715 -0.012295003049075607
v 0.045708637684583664 -0.013675193302333355 -0.012294996529817585
v 0.048139702528715134 -0.013602692633867264 -0.012294994667172435
v 0.049940116703510284 -0.013326199725270271 -0.012295000255107883
v 0.05142735689878464 -0.013097801245748997 -0.01229499746114016
v 0.05434691160917282 -0.011859402060508728 -0.012295002117753032
v 0.05679953843355179 0.010052074678242207 -0.012295000255107883
v 0.058888331055641174 0.007604705635458231 -0.012295000255107883
v 0.06034841015934944 0.004737506620585918 -0.012295000255107883
v 0.06109916791319847 -0.0016087904805317521 -0.012295000255107883
v 0.06109917163848877 -2.168404344971009e-19 -0.012295000255107883
v 0.060348402708768845 -0.004737530369311571 -0.012295000255107883
v 0.05888831615447998 -0.00760472659021616 -0.012295000255107883
v 0.05565367639064789 -0.010896456427872181 -0.012295001186430458
v 0.05434691533446312 0.01185939833521843 -0.012295000255107883
v 0.056799519807100296 -0.01005209144204855 -0.012295000255107883
v 0.06109917163848877 0.0016087652184069157 -0.012295000255107883
v 0.05144718661904335 0.013092203065752983 -0.01229499746114016
v 0.049940116703510284 0.013334199786186218 -0.012295000255107883
v 0.04149999842047691 0.013694001361727715 -0.012295003049075607
v 0.05328160151839256 0.012412285432219505 -0.012295001186430458
v 0.048351701349020004 0.013589257374405861 -0.01229499373584986
v 0.03804655745625496 0.01369399856775999 -0.012295000255107883
v 0.037953443825244904 0.01369399856775999 -0.012295000255107883
v 0.03799999877810478 0.01369399856775999 -0.012295000255107883
v 0.01600000075995922 0.01369399856775999 -0.012295000255107883
v 0.012546557001769543 0.01369399856775999 -0.012295000255107883
v 0.012500000186264515 0.01369399856775999 -0.012295000255107883
v 0.012453442439436913 0.01369399856775999 -0.012295000255107883
v -0.012453442439436913 0.01369399856775999 -0.012295000255107883
v -0.012500000186264515 0.01369399856775999 -0.012295000255107883
v -0.012546557001769543 0.01369399856775999 -0.012295000255107883
v -0.02500000037252903 0.01369399856775999 -0.012295000255107883
v -0.037953443825244904 0.01369399856775999 -0.012295000255107883
v -0.03799999877810478 0.01369399856775999 -0.012295000255107883
v -0.03804655745625496 0.01369399856775999 -0.012295000255107883
v -0.04149999842047691 0.013694001361727715 -0.012295003049075607
v -0.04300299659371376 0.013688040897250175 -0.012295002117753032
v -0.048103880137205124 0.013604708015918732 -0.012294994667172435
v -0.051426101475954056 0.013097776100039482 -0.01229499746114016
v -0.051933255046606064 0.012882751412689686 -0.012295000255107883
v -0.05434691160917282 0.011859402991831303 -0.012295002117753032
v -0.04546567425131798 0.013678275048732758 -0.012294996529817585
v -0.05679953843355179 -0.010052073746919632 -0.012295000255107883
v -0.058888331055641174 -0.007604705169796944 -0.012295000255107883
v -0.06034841015934944 -0.004737506154924631 -0.012295000255107883
v -0.06109916791319847 0.0016087910626083612 -0.012295000255107883
v -0.06109917163848877 6.505213034913027e-19 -0.012295000255107883
v -0.060348402708768845 0.004737530834972858 -0.012295000255107883
v -0.05888831615447998 0.0076047275215387344 -0.012295000255107883
v -0.05565367266535759 -0.010896456427872181 -0.012295000255107883
v -0.05434691533446312 -0.01185939833521843 -0.012295000255107883
v -0.056799519807100296 0.010052092373371124 -0.012295000255107883
v -0.06109917163848877 -0.0016087648691609502 -0.012295000255107883
v -0.051933255046606064 -0.012910020537674427 -0.012295000255107883
v -0.05329618975520134 -0.012405499815940857 -0.012295001186430458
v -0.0482756569981575 -0.01359410397708416 -0.012294994667172435
v -0.04300299659371376 -0.013671841472387314 -0.012295002117753032
v -0.04149999842047691 -0.013694001361727715 -0.012295003049075607
v -0.05142585560679436 -0.013097845017910004 -0.01229499746114016
v -0.03804655745625496 -0.01369399856775999 -0.012295000255107883
v -0.037953443825244904 -0.01369399856775999 -0.012295000255107883
v -0.03799999877810478 -0.01369399856775999 -0.012295000255107883
v -0.02500000037252903 -0.01369399856775999 -0.012295000255107883
v -0.012546557001769543 -0.01369399856775999 -0.012295000255107883
v -0.012500000186264515 -0.01369399856775999 -0.012295000255107883
v -0.012453442439436913 -0.01369399856775999 -0.012295000255107883
v 0.012453442439436913 -0.01369399856775999 -0.012295000255107883
v 0.012500000186264515 -0.01369399856775999 -0.012295000255107883
v 0.012546557001769543 -0.01369399856775999 -0.012295000255107883
v 0.01600000075995922 -0.01369399856775999 -0.012295000255107883
v 0.037953443825244904 -0.01369399856775999 -0.012295000255107883
v 0.03799999877810478 -0.01369399856775999 -0.012295000255107883
v -0.008921963162720203 -0.01067989133298397 -0.012295000255107883
v -0.00907803699374199 -0.01067989133298397 -0.012295000255107883
v -0.009366155602037907 -0.010793487541377544 -0.012295000255107883
v -0.009476439096033573 -0.010896456427872181 -0.012295000255107883
v -0.009229243732988834 -0.010718559846282005 -0.012295000255107883
v -0.008770756423473358 -0.010718559846282005 -0.012295000255107883
v -0.008633844554424286 -0.010793487541377544 -0.012295000255107883
v -0.008523560129106045 -0.010896456427872181 -0.012295000255107883
v -0.008519765920937061 -0.010900000110268593 -0.012295000255107883
v -0.009480234235525131 -0.010900000110268593 -0.012295000255107883
v 0.04147643968462944 -0.010896456427872181 -0.012295000255107883
v 0.04063384607434273 -0.010793487541377544 -0.012295000255107883
v 0.04052355885505676 -0.010896456427872181 -0.012295000255107883
v 0.041366156190633774 -0.010793487541377544 -0.012295000255107883
v 0.0407707579433918 -0.010718559846282005 -0.012295000255107883
v 0.0412292443215847 -0.010718559846282005 -0.012295000255107883
v 0.04107803851366043 -0.01067989133298397 -0.012295000255107883
v 0.04092196375131607 -0.01067989133298397 -0.012295000255107883
v -0.009366155602037907 0.010793487541377544 -0.012295000255107883
v -0.009229243732988834 0.010718559846282005 -0.012295000255107883
v -0.008921963162720203 0.01067989133298397 -0.012295000255107883
v -0.00907803699374199 0.01067989133298397 -0.012295000255107883
v -0.008519765920937061 0.010900000110268593 -0.012295000255107883
v -0.009480234235525131 0.010900000110268593 -0.012295000255107883
v -0.008770756423473358 0.010718559846282005 -0.012295000255107883
v -0.008633844554424286 0.010793487541377544 -0.012295000255107883
v -0.04546650871634483 -0.010884074494242668 -0.012295000255107883
v -0.044994957745075226 -0.010889069177210331 -0.012295000255107883
v -0.04452575743198395 -0.010892912745475769 -0.012295000255107883
v -0.045356255024671555 -0.010786476545035839 -0.012295000255107883
v -0.044768787920475006 -0.010719340294599533 -0.012295000255107883
v -0.044917382299900055 -0.010680484585464 -0.012295000255107883
v -0.045220259577035904 -0.01071509812027216 -0.012295000255107883
v -0.045070964843034744 -0.010679041966795921 -0.012295000255107883
v -0.04463415592908859 -0.010793261229991913 -0.012295000255107883
v 0.04107803851366043 0.01067989133298397 -0.012295000255107883
v 0.04051976650953293 0.010900000110268593 -0.012295000255107883
v 0.04063384607434273 0.010793487541377544 -0.012295000255107883
v 0.0407707579433918 0.010718559846282005 -0.012295000255107883
v 0.04148023575544357 0.010900000110268593 -0.012295000255107883
v 0.04092196375131607 0.01067989133298397 -0.012295000255107883
v 0.0412292443215847 0.010718559846282005 -0.012295000255107883
v 0.041366156190633774 0.010793487541377544 -0.012295000255107883
v 0.04051976650953293 -0.010900000110268593 -0.012295000255107883
v 0.04148023575544357 -0.010900000110268593 -0.012295000255107883
v -0.04092196375131607 0.01067989133298397 -0.012295000255107883
v -0.04148023575544357 0.010900000110268593 -0.012295000255107883
v -0.041366156190633774 0.010793487541377544 -0.012295000255107883
v -0.0412292443215847 0.010718559846282005 -0.012295000255107883
v -0.04051976650953293 0.010900000110268593 -0.012295000255107883
v -0.04107803851366043 0.01067989133298397 -0.012295000255107883
v -0.0407707579433918 0.010718559846282005 -0.012295000255107883
v -0.04063384607434273 0.010793487541377544 -0.012295000255107883
v 0.049940116703510284 -0.010896456427872181 -0.012295000255107883
v -0.051933255046606064 -0.010896456427872181 -0.012295000255107883
v -0.04300299659371376 -0.010896456427872181 -0.012295000255107883
v 0.04051976650953293 0.010900000110268593 -0.0113500002771616
v 0.040645260363817215 0.010809279978275299 -0.010712383314967157
v 0.040845148265361786 0.010694487020373344 -0.009905570186674597
v 0.04088332876563072 0.010685986839234829 -0.009845825843513014
v 0.0407707579433918 0.010718559846282005 -0.010074766352772714
v 0.04105859622359276 0.010677753016352654 -0.009787954390048982
v 0.040980443358421326 0.010675306431949139 -0.009770758450031282
v 0.04100000113248825 0.01067500002682209 -0.00976860709488392
v 0.04101955518126488 0.010675306431949139 -0.009770758450031282
v 0.04096090421080589 0.010676223784685135 -0.009777209721505644
v 0.04103909432888031 0.010676223784685135 -0.009777209721505644
v 0.04094140604138374 0.010677753016352654 -0.009787954390048982
v 0.04092196375131607 0.01067989133298397 -0.009802982211112978
v 0.04115485027432442 0.010694487020373344 -0.009905570186674597
v 0.04107803851366043 0.01067989133298397 -0.009802982211112978
v 0.04111667349934578 0.010685986839234829 -0.009845825843513014
v 0.0412292443215847 0.010718559846282005 -0.010074766352772714
v 0.04135473817586899 0.010809279978275299 -0.010712383314967157
v 0.04148023575544357 0.010900000110268593 -0.0113500002771616
v -0.009480234235525131 0.010900000110268593 -0.0113500002771616
v -0.00935473944991827 0.010809279978275299 -0.010712383314967157
v -0.009154852479696274 0.010694487020373344 -0.009905570186674597
v -0.009116672910749912 0.010685986839234829 -0.009845825843513014
v -0.009229243732988834 0.010718559846282005 -0.010074766352772714
v -0.009019557386636734 0.010675306431949139 -0.009770758450031282
v -0.008999999612569809 0.01067500002682209 -0.00976860709488392
v -0.009039094671607018 0.010676223784685135 -0.009777209721505644
v -0.008980442769825459 0.010675306431949139 -0.009770758450031282
v -0.009058594703674316 0.010677753016352654 -0.009787954390048982
v -0.008960905484855175 0.010676223784685135 -0.009777209721505644
v -0.008941405452787876 0.010677753016352654 -0.009787954390048982
v -0.00907803699374199 0.01067989133298397 -0.009802982211112978
v -0.008845147676765919 0.010694487020373344 -0.009905570186674597
v -0.008921963162720203 0.01067989133298397 -0.009802982211112978
v -0.00888332724571228 0.010685986839234829 -0.009845825843513014
v -0.008770756423473358 0.010718559846282005 -0.010074766352772714
v -0.008645260706543922 0.010809279978275299 -0.010712383314967157
v -0.008519765920937061 0.010900000110268593 -0.0113500002771616
v -0.04148023575544357 0.010900000110268593 -0.0113500002771616
v -0.04135473817586899 0.010809279978275299 -0.010712383314967157
v -0.04115485027432442 0.010694487020373344 -0.009905570186674597
v -0.04111667349934578 0.010685986839234829 -0.009845825843513014
v -0.0412292443215847 0.010718559846282005 -0.010074766352772714
v -0.04094140604138374 0.010677753016352654 -0.009787954390048982
v -0.04101955518126488 0.010675306431949139 -0.009770758450031282
v -0.04100000113248825 0.01067500002682209 -0.00976860709488392
v -0.040980443358421326 0.010675306431949139 -0.009770758450031282
v -0.04103909432888031 0.010676223784685135 -0.009777209721505644
v -0.04096090421080589 0.010676223784685135 -0.009777209721505644
v -0.04105859622359276 0.010677753016352654 -0.009787954390048982
v -0.04107803851366043 0.01067989133298397 -0.009802982211112978
v -0.040845148265361786 0.010694487020373344 -0.009905570186674597
v -0.04092196375131607 0.01067989133298397 -0.009802982211112978
v -0.04088332876563072 0.010685986839234829 -0.009845825843513014
v -0.0407707579433918 0.010718559846282005 -0.010074766352772714
v -0.040645260363817215 0.010809279978275299 -0.010712383314967157
v -0.04051976650953293 0.010900000110268593 -0.0113500002771616
v -0.04452575743198395 -0.010892913676798344 -0.0113500002771616
v -0.04463587701320648 -0.01079532876610756 -0.010669834911823274
v -0.044652894139289856 -0.010780248790979385 -0.010564710944890978
v -0.04477092996239662 -0.0107240816578269 -0.01017665956169367
v -0.044815633445978165 -0.010702812112867832 -0.010029694065451624
v -0.044882409274578094 -0.010686161927878857 -0.009916734881699087
v -0.04507076367735863 -0.010679017752408981 -0.009878843091428282
v -0.044974520802497864 -0.010675517842173576 -0.0098477965220809
v -0.04499783366918564 -0.010675011202692986 -0.009845765307545664
v -0.04495229944586754 -0.010676819831132889 -0.009855499491095545
v -0.04502028599381447 -0.010675321333110332 -0.009849442169070246
v -0.04492301866412163 -0.010679760947823524 -0.00987429451197386
v -0.044917404651641846 -0.01068064384162426 -0.009880159981548788
v -0.04504306986927986 -0.010676486417651176 -0.009859160520136358
v -0.04514298588037491 -0.010691573843359947 -0.009972152300179006
v -0.04510609433054924 -0.010684071108698845 -0.009916811250150205
v -0.045070961117744446 -0.010679047554731369 -0.009879056364297869
v -0.045258115977048874 -0.010730787180364132 -0.010256201960146429
v -0.04534847289323807 -0.010797252878546715 -0.010730466805398466
v -0.045245349407196045 -0.010725170373916626 -0.010215762071311476
v -0.045219697058200836 -0.010716751217842102 -0.010154707357287409
v -0.04546650871634483 -0.010884074494242668 -0.01134999841451645
v -0.04499613866209984 -0.010889058001339436 -0.011349999345839025
v -0.04492096230387688 -0.010701628401875496 -0.010027857497334482
v -0.044992171227931976 -0.010796630755066872 -0.010700147598981859
v -0.044994182884693146 -0.010679860599339008 -0.009879608638584616
v -0.008519765920937061 -0.010900000110268593 -0.0113500002771616
v -0.008645260706543922 -0.010809279978275299 -0.010712383314967157
v -0.008845147676765919 -0.010694487020373344 -0.009905570186674597
v -0.00888332724571228 -0.010685986839234829 -0.009845825843513014
v -0.008770756423473358 -0.010718559846282005 -0.010074766352772714
v -0.008980442769825459 -0.010675306431949139 -0.009770758450031282
v -0.008999999612569809 -0.01067500002682209 -0.00976860709488392
v -0.008960905484855175 -0.010676223784685135 -0.009777209721505644
v -0.009019557386636734 -0.010675306431949139 -0.009770758450031282
v -0.008941405452787876 -0.010677753016352654 -0.009787954390048982
v -0.009039094671607018 -0.010676223784685135 -0.009777209721505644
v -0.009058594703674316 -0.010677753016352654 -0.009787954390048982
v -0.008921963162720203 -0.01067989133298397 -0.009802982211112978
v -0.009154852479696274 -0.010694487020373344 -0.009905570186674597
v -0.00907803699374199 -0.01067989133298397 -0.009802982211112978
v -0.009116672910749912 -0.010685986839234829 -0.009845825843513014
v -0.009229243732988834 -0.010718559846282005 -0.010074766352772714
v -0.00935473944991827 -0.010809279978275299 -0.010712383314967157
v -0.009480234235525131 -0.010900000110268593 -0.0113500002771616
v 0.04148023575544357 -0.010900000110268593 -0.0113500002771616
v 0.04135473817586899 -0.010809279978275299 -0.010712383314967157
v 0.04115485027432442 -0.010694487020373344 -0.009905570186674597
v 0.04111667349934578 -0.010685986839234829 -0.009845825843513014
v 0.0412292443215847 -0.010718559846282005 -0.010074766352772714
v 0.04094140604138374 -0.010677753016352654 -0.009787954390048982
v 0.04101955518126488 -0.010675306431949139 -0.009770758450031282
v 0.04100000113248825 -0.01067500002682209 -0.00976860709488392
v 0.040980443358421326 -0.010675306431949139 -0.009770758450031282
v 0.04103909432888031 -0.010676223784685135 -0.009777209721505644
v 0.04096090421080589 -0.010676223784685135 -0.009777209721505644
v 0.04105859622359276 -0.010677753016352654 -0.009787954390048982
v 0.04107803851366043 -0.01067989133298397 -0.009802982211112978
v 0.040845148265361786 -0.010694487020373344 -0.009905570186674597
v 0.04092196375131607 -0.01067989133298397 -0.009802982211112978
v 0.04088332876563072 -0.010685986839234829 -0.009845825843513014
v 0.0407707579433918 -0.010718559846282005 -0.010074766352772714
v 0.040645260363817215 -0.010809279978275299 -0.010712383314967157
v 0.04051976650953293 -0.010900000110268593 -0.0113500002771616
usemtl head_darkblack
f 407 388 410
f 388 357 410
f 410 357 356
f 409 390 408
f 390 389 408
f 408 389 407
f 389 387 407
f 407 387 388
f 311 356 302
f 356 357 302
f 253 254 355
f 270 343 269
f 343 351 269
f 269 351 268
f 351 354 268
f 268 354 267
f 354 344 267
f 267 344 266
f 355 254 353
f 254 255 353
f 353 255 348
f 255 256 348
f 348 256 340
f 256 257 340
f 340 257 334
f 344 345 266
f 345 337 266
f 266 337 265
f 337 352 265
f 265 352 264
f 352 346 264
f 264 346 263
f 346 347 263
f 263 347 262
f 347 338 262
f 262 338 261
f 338 339 261
f 261 339 320
f 271 333 270
f 333 342 270
f 270 342 343
f 355 349 253
f 349 341 253
f 253 341 252
f 341 350 252
f 252 350 251
f 350 335 251
f 251 335 250
f 335 336 250
f 250 336 249
f 336 330 249
f 249 330 247
f 330 331 247
f 247 331 326
f 272 328 318
f 326 327 247
f 327 325 247
f 247 325 248
f 323 322 259
f 322 258 259
f 322 324 258
f 324 316 258
f 258 316 257
f 316 329 257
f 257 329 334
f 325 317 248
f 317 312 248
f 248 312 313
f 320 321 261
f 321 319 261
f 261 319 260
f 319 308 260
f 260 308 309
f 309 315 260
f 315 307 260
f 260 307 259
f 318 314 272
f 314 305 272
f 272 305 271
f 305 332 271
f 271 332 333
f 313 311 248
f 311 302 248
f 248 302 272
f 302 303 272
f 272 303 300
f 300 301 272
f 301 310 272
f 272 310 328
f 307 304 259
f 304 299 259
f 259 299 297
f 297 298 259
f 298 306 259
f 259 306 323
f 361 301 360
f 301 300 360
f 360 300 359
f 300 303 359
f 359 303 358
f 303 302 358
f 358 302 357
f 301 361 371
f 301 371 310
f 371 370 310
f 310 370 328
f 370 369 328
f 328 369 318
f 369 368 318
f 318 368 314
f 314 368 305
f 368 367 305
f 305 367 332
f 367 364 332
f 364 363 332
f 332 363 333
f 363 365 333
f 333 365 342
f 365 366 342
f 366 362 342
f 342 362 343
f 362 384 343
f 384 351 343
f 384 385 351
f 385 383 351
f 351 383 354
f 383 382 354
f 354 382 344
f 382 381 344
f 344 381 345
f 381 380 345
f 345 380 337
f 380 379 337
f 379 378 337
f 337 378 352
f 378 377 352
f 377 376 352
f 352 376 346
f 376 375 346
f 375 374 346
f 346 374 347
f 386 338 372
f 338 347 372
f 372 347 373
f 347 374 373
f 320 339 455
f 455 339 458
f 339 338 458
f 458 338 386
f 459 308 453
f 308 319 453
f 453 319 454
f 319 321 454
f 454 321 457
f 321 320 457
f 457 320 456
f 320 455 456
f 462 463 307
f 307 315 462
f 315 309 462
f 462 309 461
f 461 309 460
f 309 308 460
f 460 308 459
f 307 463 304
f 463 501 304
f 505 298 504
f 298 297 504
f 504 297 503
f 297 299 503
f 503 299 502
f 299 304 502
f 502 304 501
f 329 316 523
f 523 316 521
f 316 324 521
f 521 324 522
f 324 322 522
f 522 322 525
f 322 323 525
f 525 323 524
f 323 306 524
f 524 306 526
f 306 298 526
f 526 298 505
f 523 519 329
f 519 518 329
f 329 518 334
f 518 451 334
f 334 451 340
f 451 450 340
f 450 348 340
f 450 452 348
f 452 449 348
f 348 449 353
f 449 448 353
f 353 448 355
f 448 447 355
f 355 447 349
f 447 446 349
f 349 446 341
f 446 445 341
f 445 444 341
f 341 444 350
f 444 443 350
f 443 442 350
f 350 442 335
f 442 441 335
f 441 440 335
f 335 440 336
f 418 330 438
f 330 336 438
f 438 336 439
f 336 440 439
f 331 330 418
f 418 416 331
f 416 417 331
f 331 417 414
f 412 327 414
f 327 326 414
f 414 326 331
f 412 413 327
f 413 415 327
f 327 415 325
f 415 411 325
f 325 411 317
f 421 356 311
f 311 313 421
f 313 312 421
f 421 312 420
f 420 312 419
f 312 317 419
f 419 317 411
f 407 410 432
f 433 416 418
f 413 412 434
f 412 414 434
f 434 414 433
f 414 417 433
f 433 417 416
f 413 434 415
f 434 432 415
f 415 432 411
f 356 421 410
f 421 420 410
f 410 420 432
f 420 419 432
f 432 419 411
f 409 408 430
f 408 435 430
f 430 435 431
f 431 435 429
f 435 436 429
f 429 436 428
f 436 437 428
f 428 437 427
f 424 422 437
f 426 427 425
f 427 437 425
f 425 437 423
f 437 422 423
f 408 407 435
f 407 432 435
f 435 432 436
f 432 434 436
f 436 434 437
f 434 433 437
f 437 433 424
f 433 418 424
f 395 396 1077
f 1077 396 1060
f 515 513 1068
f 1062 486 1063
f 486 485 1063
f 1063 485 1064
f 485 473 1064
f 1064 473 1069
f 473 471 1069
f 1069 471 1079
f 471 470 1079
f 1079 470 1081
f 470 469 1081
f 1081 469 1082
f 469 468 1082
f 1082 468 1083
f 468 467 1083
f 1083 467 1085
f 467 466 1085
f 1085 466 1084
f 466 465 1084
f 1084 465 1076
f 465 464 1076
f 1076 464 1077
f 464 400 1077
f 1077 400 395
f 1068 513 1061
f 513 512 1061
f 1061 512 1058
f 490 491 1051
f 491 487 1051
f 1051 487 1062
f 487 488 1062
f 1062 488 486
f 430 431 1057
f 431 429 1057
f 1057 429 1070
f 429 428 1070
f 1070 428 1065
f 428 427 1065
f 1065 427 1066
f 427 426 1066
f 1066 426 1071
f 426 541 1071
f 1071 541 1080
f 541 540 1080
f 1080 540 1072
f 540 539 1072
f 1072 539 1073
f 539 538 1073
f 1073 538 1078
f 538 537 1078
f 1078 537 1074
f 537 536 1074
f 1074 536 1075
f 536 535 1075
f 1075 535 1067
f 535 534 1067
f 1067 534 1068
f 534 527 1068
f 1068 527 515
f 396 393 1060
f 393 392 1060
f 1060 392 1059
f 392 391 1059
f 1059 391 1056
f 391 390 1056
f 1056 390 1055
f 512 511 1058
f 511 508 1058
f 1058 508 1054
f 508 510 1054
f 1054 510 1053
f 1046 1045 409
f 1044 1049 390
f 1049 1052 390
f 390 1052 1055
f 1042 1048 494
f 1029 1047 510
f 1047 1050 510
f 510 1050 1053
f 1046 409 1041
f 1042 494 1037
f 430 1057 409
f 1057 1040 409
f 409 1040 1041
f 1038 1039 390
f 1039 1043 390
f 390 1043 1044
f 490 1051 494
f 1051 1036 494
f 494 1036 1037
f 1048 1034 494
f 1034 1035 494
f 494 1035 510
f 1035 1033 510
f 510 1033 1026
f 1045 1032 409
f 1032 1030 409
f 409 1030 390
f 1030 1031 390
f 390 1031 1038
f 1026 1027 510
f 1027 1028 510
f 510 1028 1029
f 387 389 401
f 402 360 359
f 402 359 388
f 359 358 388
f 388 358 357
f 369 370 402
f 370 371 402
f 371 361 402
f 402 361 360
f 363 403 365
f 403 404 365
f 365 404 366
f 363 364 403
f 364 367 403
f 403 367 402
f 367 368 402
f 402 368 369
f 394 397 404
f 362 366 399
f 366 404 399
f 399 404 398
f 404 397 398
f 405 396 395
f 396 405 393
f 405 406 393
f 393 406 392
f 406 401 392
f 392 401 391
f 401 389 391
f 391 389 390
f 388 387 402
f 387 401 402
f 402 401 403
f 401 406 403
f 403 406 404
f 406 405 404
f 404 405 394
f 405 395 394
f 394 395 400
f 394 400 464
f 471 477 478
f 474 386 372
f 479 384 362
f 362 399 479
f 399 398 479
f 479 398 397
f 477 475 476
f 475 477 472
f 477 471 472
f 472 471 473
f 481 469 480
f 469 470 480
f 468 482 467
f 482 483 467
f 467 483 466
f 483 484 466
f 466 484 465
f 484 479 465
f 465 479 464
f 479 397 464
f 464 397 394
f 483 382 484
f 382 383 484
f 484 383 479
f 383 385 479
f 479 385 384
f 378 482 481
f 482 468 481
f 481 468 469
f 378 379 482
f 379 380 482
f 482 380 483
f 380 381 483
f 483 381 382
f 374 480 478
f 480 470 478
f 478 470 471
f 374 375 480
f 375 376 480
f 480 376 481
f 376 377 481
f 481 377 378
f 476 474 477
f 474 372 477
f 477 372 478
f 372 373 478
f 478 373 374
f 475 472 495
f 492 493 496
f 458 497 455
f 497 456 455
f 456 497 457
f 497 498 457
f 457 498 454
f 461 460 496
f 460 459 496
f 496 459 498
f 459 453 498
f 498 453 454
f 461 496 462
f 496 493 462
f 462 493 463
f 494 489 490
f 489 499 490
f 490 499 491
f 491 499 487
f 499 500 487
f 487 500 488
f 488 500 486
f 500 495 486
f 486 495 485
f 495 472 485
f 485 472 473
f 476 497 474
f 497 458 474
f 474 458 386
f 489 492 499
f 492 496 499
f 499 496 500
f 496 498 500
f 500 498 495
f 498 497 495
f 495 497 475
f 497 476 475
f 501 463 507
f 463 493 507
f 507 493 506
f 493 492 506
f 506 492 509
f 492 489 509
f 509 489 510
f 489 494 510
f 506 509 528
f 505 504 529
f 504 503 529
f 529 503 507
f 503 502 507
f 507 502 501
f 522 525 530
f 525 524 530
f 530 524 529
f 524 526 529
f 529 526 505
f 451 518 531
f 518 519 531
f 519 523 531
f 531 523 530
f 523 521 530
f 530 521 522
f 514 516 531
f 516 517 531
f 517 520 531
f 531 520 451
f 515 532 513
f 532 533 513
f 513 533 512
f 533 528 512
f 512 528 511
f 511 528 508
f 528 509 508
f 508 509 510
f 507 506 529
f 506 528 529
f 529 528 530
f 528 533 530
f 530 533 531
f 533 532 531
f 531 532 514
f 532 515 514
f 514 515 527
f 514 527 534
f 424 418 438
f 542 450 451
f 451 520 542
f 520 517 542
f 542 517 516
f 544 541 543
f 541 426 543
f 426 425 543
f 425 423 543
f 543 423 422
f 546 539 545
f 539 540 545
f 538 547 537
f 547 548 537
f 537 548 536
f 548 549 536
f 536 549 535
f 549 542 535
f 535 542 534
f 542 516 534
f 534 516 514
f 548 448 549
f 448 449 549
f 549 449 542
f 449 452 542
f 542 452 450
f 444 547 546
f 547 538 546
f 546 538 539
f 444 445 547
f 445 446 547
f 547 446 548
f 446 447 548
f 548 447 448
f 440 545 544
f 545 540 544
f 544 540 541
f 440 441 545
f 441 442 545
f 545 442 546
f 442 443 546
f 546 443 444
f 422 424 543
f 424 438 543
f 543 438 544
f 438 439 544
f 544 439 440
f 1050 1086 1053
f 1086 1087 1053
f 1092 1068 1091
f 1068 1061 1091
f 1091 1061 1090
f 1061 1089 1090
f 1061 1058 1089
f 1058 1054 1089
f 1089 1054 1088
f 1054 1053 1088
f 1088 1053 1087
f 1093 1101 1066
f 1068 1092 1067
f 1092 1100 1067
f 1096 1074 1098
f 1074 1075 1098
f 1098 1075 1099
f 1075 1067 1099
f 1099 1067 1102
f 1067 1100 1102
f 1097 1073 1096
f 1073 1078 1096
f 1096 1078 1074
f 1066 1071 1093
f 1071 1080 1093
f 1093 1080 1094
f 1080 1072 1094
f 1094 1072 1095
f 1072 1073 1095
f 1095 1073 1103
f 1073 1097 1103
f 1065 1066 1101
f 1106 1040 1057
f 1101 1107 1065
f 1107 1104 1065
f 1065 1104 1070
f 1104 1105 1070
f 1070 1105 1057
f 1105 1108 1057
f 1057 1108 1106
f 1040 1106 1041
f 1106 1109 1041
f 1110 1045 1046
f 1041 1109 1046
f 1109 1111 1046
f 1046 1111 1110
f 1113 1032 1112
f 1032 1045 1112
f 1112 1045 1110
f 1115 1031 1030
f 1115 1030 1114
f 1030 1032 1114
f 1114 1032 1113
f 1031 1115 1038
f 1115 1116 1038
f 1118 1043 1039
f 1118 1039 1117
f 1039 1038 1117
f 1117 1038 1116
f 1120 1044 1119
f 1044 1043 1119
f 1119 1043 1118
f 1121 1122 1052
f 1052 1049 1121
f 1049 1044 1121
f 1121 1044 1120
f 1052 1122 1055
f 1122 1123 1055
f 1128 1077 1127
f 1077 1060 1127
f 1127 1060 1126
f 1060 1059 1126
f 1126 1059 1125
f 1059 1056 1125
f 1125 1056 1129
f 1129 1056 1124
f 1056 1055 1124
f 1124 1055 1123
f 1076 1077 1128
f 1133 1085 1135
f 1085 1084 1135
f 1135 1084 1136
f 1084 1076 1136
f 1136 1076 1139
f 1076 1128 1139
f 1134 1082 1133
f 1082 1083 1133
f 1133 1083 1085
f 1138 1064 1137
f 1064 1069 1137
f 1137 1069 1130
f 1069 1079 1130
f 1130 1079 1131
f 1079 1081 1131
f 1131 1081 1132
f 1081 1082 1132
f 1132 1082 1140
f 1082 1134 1140
f 1144 1145 1036
f 1063 1064 1138
f 1144 1036 1143
f 1036 1051 1143
f 1143 1051 1062
f 1138 1142 1063
f 1142 1141 1063
f 1063 1141 1062
f 1141 1146 1062
f 1062 1146 1143
f 1036 1145 1037
f 1145 1147 1037
f 1148 1048 1042
f 1037 1147 1042
f 1147 1149 1042
f 1042 1149 1148
f 1151 1034 1150
f 1034 1048 1150
f 1150 1048 1148
f 1153 1033 1035
f 1153 1035 1152
f 1035 1034 1152
f 1152 1034 1151
f 1033 1153 1026
f 1153 1154 1026
f 1156 1028 1027
f 1156 1027 1155
f 1027 1026 1155
f 1155 1026 1154
f 1158 1029 1157
f 1029 1028 1157
f 1157 1028 1156
f 1159 1086 1050
f 1050 1047 1159
f 1047 1029 1159
f 1159 1029 1158
f 1091 1090 1213
f 910 909 1214
f 988 981 1205
f 1120 1119 1209
f 1124 1123 1206
f 990 1211 1212
f 1120 1209 1121
f 1206 1123 1209
f 1123 1122 1209
f 1209 1122 1121
f 1205 981 1210
f 981 971 1210
f 1210 971 1208
f 971 974 1208
f 1208 974 1207
f 974 975 1207
f 1207 975 1206
f 975 976 1206
f 1206 976 977
f 1211 990 1205
f 990 989 1205
f 1205 989 992
f 992 994 1205
f 994 996 1205
f 1205 996 988
f 979 980 970
f 1125 967 966
f 1125 966 1126
f 966 965 1126
f 1126 965 1127
f 977 978 1206
f 978 979 1206
f 1206 979 1124
f 979 970 1124
f 1124 970 1129
f 970 969 1129
f 1129 969 1125
f 969 968 1125
f 1125 968 967
f 965 964 1127
f 964 963 1127
f 1127 963 1128
f 963 930 1128
f 1128 930 1139
f 930 915 1139
f 1139 915 1136
f 915 914 1136
f 1136 914 1135
f 914 917 1135
f 1135 917 1133
f 917 919 1133
f 1133 919 1134
f 919 923 1134
f 1134 923 1140
f 923 924 1140
f 1140 924 1132
f 924 925 1132
f 1132 925 1131
f 925 926 1131
f 1131 926 1130
f 926 928 1130
f 1130 928 1137
f 928 913 1137
f 913 910 1137
f 910 1214 1137
f 1137 1214 1138
f 1214 1142 1138
f 1143 1146 1214
f 1146 1141 1214
f 1214 1141 1142
f 872 871 1215
f 871 851 1215
f 850 1145 851
f 1145 1144 851
f 851 1144 1215
f 1150 1148 850
f 1148 1149 850
f 1149 1147 850
f 850 1147 1145
f 1158 1157 1203
f 1158 1203 1159
f 1089 1088 1204
f 1088 1087 1204
f 1204 1087 1203
f 1087 1086 1203
f 1203 1086 1159
f 1170 783 1204
f 783 774 1204
f 1204 774 1089
f 774 773 1089
f 1089 773 1090
f 767 1100 1213
f 1100 1092 1213
f 1213 1092 1091
f 697 681 1195
f 1196 1112 1110
f 685 1201 1202
f 1110 1111 1196
f 1111 1109 1196
f 1196 1109 1199
f 1109 1106 1199
f 1199 1106 1108
f 767 766 1100
f 766 733 1100
f 1100 733 1102
f 733 718 1102
f 1102 718 1099
f 718 717 1099
f 1099 717 1098
f 717 720 1098
f 1098 720 1096
f 720 722 1096
f 1096 722 1097
f 722 726 1097
f 1097 726 1103
f 726 727 1103
f 1103 727 1095
f 727 728 1095
f 1095 728 1094
f 728 729 1094
f 1094 729 1093
f 729 731 1093
f 1093 731 1101
f 731 709 1101
f 1101 709 1107
f 709 700 1107
f 1107 700 1104
f 700 699 1104
f 1104 699 1105
f 699 704 1105
f 1105 704 1108
f 662 1112 664
f 1112 1196 664
f 664 1196 672
f 1202 1199 685
f 1199 1108 685
f 685 1108 703
f 1108 704 703
f 1195 681 1200
f 681 665 1200
f 1200 665 1198
f 665 668 1198
f 1198 668 1197
f 687 690 1195
f 668 669 1197
f 669 670 1197
f 1197 670 1196
f 670 671 1196
f 1196 671 672
f 1201 685 1195
f 685 684 1195
f 1195 684 687
f 690 692 1195
f 692 694 1195
f 1195 694 697
f 1188 882 880
f 909 911 1214
f 911 912 1214
f 1214 912 885
f 880 860 1188
f 860 863 1188
f 1188 863 865
f 1186 885 884
f 1188 1194 882
f 1194 1190 882
f 882 1190 1191
f 1191 1193 882
f 1193 1192 882
f 882 1192 892
f 1192 1189 892
f 892 1189 889
f 1189 1186 889
f 889 1186 887
f 1186 884 887
f 1144 1143 1215
f 1143 1214 1215
f 1215 1214 1188
f 885 1186 1214
f 1186 1187 1214
f 1214 1187 1188
f 663 1185 1182
f 1185 663 1184
f 1115 1114 662
f 1114 1113 662
f 662 1113 1112
f 1118 1117 1183
f 1117 1116 1183
f 1183 1116 1182
f 1116 1115 1182
f 1182 1115 663
f 1115 662 663
f 677 678 1001
f 678 679 1001
f 1001 679 673
f 1212 1209 990
f 1209 1119 990
f 990 1119 999
f 1119 1001 999
f 1184 663 1180
f 663 676 1180
f 1180 676 677
f 673 680 1001
f 680 1004 1001
f 1001 1004 1015
f 1004 1006 1015
f 1006 1008 1015
f 1008 1010 1015
f 1015 1010 1012
f 1118 1183 1119
f 1183 1178 1119
f 1119 1178 1001
f 1178 1179 1001
f 1001 1179 677
f 1179 1181 677
f 677 1181 1180
f 771 770 1213
f 770 769 1213
f 769 768 1213
f 1213 768 767
f 1090 773 1213
f 773 772 1213
f 1213 772 771
f 812 809 1172
f 809 808 1172
f 1171 804 1174
f 804 798 1174
f 1174 798 1177
f 781 782 1170
f 782 784 1170
f 1170 784 783
f 808 807 1172
f 807 806 1172
f 1172 806 1171
f 806 805 1171
f 1171 805 804
f 1177 798 1176
f 798 775 1176
f 1176 775 1175
f 775 778 1175
f 1175 778 1173
f 778 779 1173
f 1173 779 1170
f 779 780 1170
f 1170 780 781
f 1151 1150 1169
f 850 849 1150
f 849 847 1150
f 1150 847 1169
f 847 1163 1169
f 1168 1154 1153
f 1172 1203 812
f 1203 1157 812
f 812 1157 819
f 1157 1156 819
f 1168 1153 1169
f 1153 1152 1169
f 1169 1152 1151
f 1167 826 827
f 847 835 1163
f 835 834 1163
f 1163 834 838
f 1156 1155 819
f 1155 1154 819
f 819 1154 820
f 1154 1168 820
f 820 1168 828
f 1168 1167 828
f 828 1167 829
f 1167 827 829
f 830 1164 832
f 1164 1162 832
f 838 839 1163
f 839 841 1163
f 1163 841 1162
f 841 843 1162
f 1162 843 832
f 826 1167 825
f 1167 1166 825
f 825 1166 824
f 1166 1165 824
f 824 1165 821
f 1165 1160 821
f 821 1160 830
f 1160 1161 830
f 830 1161 1164
f 865 870 1188
f 870 868 1188
f 1188 868 1215
f 868 867 1215
f 1215 867 872
f 894 895 883
f 892 889 893
f 885 886 884
f 886 888 884
f 884 888 887
f 888 890 887
f 887 890 889
f 890 891 889
f 889 891 893
f 893 894 892
f 894 883 892
f 892 883 882
f 883 881 882
f 882 881 880
f 888 886 903
f 891 906 907
f 895 894 907
f 894 893 907
f 907 893 891
f 888 903 890
f 891 890 906
f 890 903 906
f 906 903 905
f 903 904 905
f 905 904 900
f 904 902 900
f 902 901 900
f 900 901 897
f 908 896 898
f 896 897 898
f 898 897 899
f 897 901 899
f 185 9 7
f 15 895 907
f 15 907 17
f 907 906 17
f 17 906 905
f 905 900 17
f 900 897 17
f 17 897 19
f 897 896 19
f 19 896 21
f 896 940 21
f 21 940 23
f 940 933 23
f 23 933 25
f 933 934 25
f 25 934 27
f 13 881 15
f 881 883 15
f 15 883 895
f 9 185 11
f 185 184 11
f 11 184 183
f 176 212 211
f 211 210 176
f 210 209 176
f 176 209 177
f 176 175 212
f 175 174 212
f 212 174 213
f 174 173 213
f 934 935 27
f 935 936 27
f 27 936 29
f 936 937 29
f 29 937 31
f 937 938 31
f 31 938 33
f 938 939 33
f 33 939 35
f 939 941 35
f 853 875 183
f 13 11 881
f 11 183 881
f 881 183 874
f 183 875 874
f 7 5 185
f 5 3 185
f 185 3 186
f 3 48 186
f 186 48 187
f 48 47 187
f 187 47 45
f 183 182 853
f 182 181 853
f 853 181 180
f 833 846 203
f 608 604 197
f 604 198 197
f 941 961 35
f 961 958 35
f 35 958 37
f 958 957 37
f 37 957 39
f 957 952 39
f 39 952 41
f 952 951 41
f 41 951 43
f 207 206 853
f 206 205 853
f 853 205 846
f 205 204 846
f 846 204 203
f 193 192 985
f 192 191 985
f 985 191 987
f 191 190 987
f 180 179 853
f 179 178 853
f 853 178 207
f 178 177 207
f 207 177 208
f 177 209 208
f 598 636 201
f 636 637 201
f 201 637 638
f 217 620 622
f 833 203 831
f 203 202 831
f 831 202 822
f 822 202 823
f 202 201 823
f 823 201 818
f 201 638 818
f 818 638 642
f 215 214 985
f 214 213 985
f 942 962 973
f 190 189 987
f 189 188 987
f 987 188 986
f 188 187 986
f 986 187 982
f 173 196 213
f 196 195 213
f 213 195 985
f 195 194 985
f 985 194 193
f 942 187 951
f 187 45 951
f 951 45 43
f 200 603 201
f 603 599 201
f 201 599 598
f 601 600 200
f 600 602 200
f 200 602 603
f 622 617 217
f 617 614 217
f 217 614 218
f 614 613 218
f 218 613 615
f 942 973 187
f 973 972 187
f 187 972 982
f 197 220 608
f 220 219 608
f 608 219 612
f 219 611 612
f 624 621 652
f 621 620 652
f 652 620 674
f 620 217 674
f 674 217 675
f 217 216 675
f 675 216 983
f 216 215 983
f 983 215 984
f 215 985 984
f 615 616 218
f 616 609 218
f 218 609 219
f 609 610 219
f 219 610 611
f 601 200 607
f 200 199 607
f 607 199 606
f 198 604 199
f 604 605 199
f 199 605 606
f 811 810 813
f 641 646 642
f 646 647 642
f 647 787 794
f 647 813 816
f 816 817 647
f 817 814 647
f 647 814 642
f 814 815 642
f 642 815 818
f 800 811 795
f 811 813 795
f 795 813 791
f 813 647 791
f 791 647 793
f 647 794 793
f 647 644 787
f 644 643 787
f 787 643 645
f 596 627 287
f 627 628 287
f 287 286 596
f 286 285 596
f 596 285 597
f 285 284 597
f 597 284 645
f 284 283 645
f 645 283 787
f 283 282 787
f 787 282 786
f 282 785 786
f 281 777 282
f 777 776 282
f 282 776 785
f 273 739 274
f 739 740 274
f 274 740 275
f 740 741 275
f 275 741 276
f 741 742 276
f 276 742 277
f 742 744 277
f 293 711 294
f 711 743 294
f 294 743 295
f 743 736 295
f 295 736 296
f 736 737 296
f 296 737 273
f 737 738 273
f 273 738 739
f 714 292 291
f 628 629 287
f 629 633 287
f 287 633 288
f 633 661 288
f 288 661 667
f 765 777 745
f 777 281 745
f 745 281 754
f 281 280 754
f 754 280 755
f 280 279 755
f 755 279 760
f 279 278 760
f 760 278 761
f 278 277 761
f 761 277 764
f 277 744 764
f 714 715 292
f 715 713 292
f 292 713 293
f 713 712 293
f 293 712 711
f 667 666 288
f 666 682 288
f 288 682 289
f 682 683 289
f 289 683 290
f 683 698 290
f 290 698 291
f 698 716 291
f 291 716 714
f 794 787 786
f 792 789 793
f 793 789 791
f 789 790 791
f 791 790 795
f 793 794 792
f 794 786 792
f 792 786 788
f 786 785 788
f 788 785 796
f 797 803 796
f 803 801 796
f 796 801 788
f 801 802 788
f 788 802 792
f 802 799 792
f 792 799 789
f 799 800 789
f 789 800 790
f 800 795 790
f 809 812 810
f 811 800 799
f 809 810 808
f 810 811 808
f 811 799 808
f 808 799 807
f 799 802 807
f 807 802 806
f 802 801 806
f 806 801 805
f 801 803 805
f 805 803 804
f 803 797 804
f 804 797 798
f 820 813 819
f 813 810 819
f 819 810 812
f 820 828 813
f 828 816 813
f 823 818 815
f 828 829 816
f 829 827 816
f 816 827 817
f 827 826 817
f 817 826 814
f 826 825 814
f 814 825 815
f 825 824 815
f 815 824 823
f 824 821 823
f 823 821 822
f 831 822 830
f 822 821 830
f 831 830 832
f 835 847 836
f 845 846 833
f 835 836 834
f 836 837 834
f 834 837 838
f 837 840 838
f 838 840 839
f 840 842 839
f 839 842 841
f 842 844 841
f 841 844 843
f 844 845 843
f 843 845 832
f 845 833 832
f 832 833 831
f 850 848 849
f 848 836 849
f 849 836 847
f 858 859 855
f 853 842 856
f 842 840 856
f 856 840 857
f 857 840 854
f 840 837 854
f 854 837 855
f 837 836 855
f 855 836 858
f 836 848 858
f 858 848 852
f 846 845 853
f 845 844 853
f 853 844 842
f 875 853 856
f 855 879 854
f 879 878 854
f 854 878 857
f 878 877 857
f 857 877 856
f 877 876 856
f 856 876 875
f 876 873 875
f 875 873 874
f 860 880 861
f 880 881 861
f 861 881 873
f 881 874 873
f 858 872 867
f 872 858 871
f 858 852 871
f 871 852 851
f 859 858 869
f 858 867 869
f 869 867 866
f 867 868 866
f 868 870 866
f 870 865 866
f 866 865 864
f 865 863 864
f 864 863 862
f 863 860 862
f 862 860 861
f 850 851 848
f 851 852 848
f 578 601 607
f 578 607 587
f 607 606 587
f 587 606 591
f 606 605 591
f 591 605 590
f 605 604 590
f 590 604 595
f 595 604 560
f 604 608 560
f 560 608 612
f 560 612 561
f 612 611 561
f 561 611 562
f 611 610 562
f 562 610 559
f 610 609 559
f 559 609 555
f 555 609 550
f 609 616 550
f 550 616 551
f 616 615 551
f 551 615 552
f 615 613 552
f 552 613 564
f 613 614 564
f 564 614 563
f 614 617 563
f 233 109 232
f 109 133 232
f 232 133 231
f 133 141 231
f 231 141 230
f 141 140 230
f 230 140 229
f 140 93 229
f 229 93 228
f 93 73 228
f 228 73 227
f 73 111 227
f 227 111 226
f 111 125 226
f 226 125 225
f 125 138 225
f 225 138 224
f 138 137 224
f 224 137 223
f 137 156 223
f 223 156 222
f 156 139 222
f 222 139 221
f 139 56 221
f 221 56 234
f 56 59 234
f 234 59 246
f 59 83 246
f 246 83 245
f 83 78 245
f 245 78 244
f 78 77 244
f 244 77 243
f 77 95 243
f 243 95 242
f 95 97 242
f 242 97 241
f 97 96 241
f 241 96 240
f 96 132 240
f 240 132 239
f 132 90 239
f 239 90 238
f 90 69 238
f 238 69 237
f 69 92 237
f 237 92 236
f 92 67 236
f 236 67 235
f 67 110 235
f 235 110 233
f 110 109 233
f 40 42 121
f 42 44 121
f 121 44 46
f 100 38 40
f 160 157 111
f 93 140 74
f 140 141 74
f 74 141 133
f 156 137 116
f 137 138 116
f 116 138 125
f 106 129 1
f 129 164 1
f 1 164 2
f 164 161 2
f 2 161 46
f 161 162 46
f 46 162 121
f 157 158 111
f 158 123 111
f 111 123 125
f 123 124 125
f 125 124 116
f 40 121 100
f 121 122 100
f 100 122 119
f 99 60 55
f 117 56 116
f 56 139 116
f 116 139 156
f 171 170 130
f 170 169 130
f 130 169 154
f 169 113 154
f 154 113 115
f 113 114 115
f 115 114 88
f 114 136 88
f 88 136 152
f 171 130 108
f 130 107 108
f 108 107 63
f 67 91 68
f 1 4 106
f 4 6 106
f 106 6 128
f 6 8 128
f 128 8 49
f 119 120 100
f 120 101 100
f 100 101 55
f 99 55 86
f 72 132 131
f 132 96 131
f 131 96 98
f 96 97 98
f 98 97 76
f 97 95 76
f 76 95 77
f 152 153 88
f 153 89 88
f 88 89 87
f 89 86 87
f 87 86 85
f 86 55 85
f 85 55 118
f 55 101 118
f 59 61 83
f 61 76 83
f 83 76 78
f 76 77 78
f 93 74 73
f 74 75 73
f 73 75 111
f 75 159 111
f 111 159 160
f 70 69 72
f 69 90 72
f 72 90 132
f 67 92 91
f 92 69 91
f 91 69 71
f 69 70 71
f 133 109 74
f 109 110 74
f 74 110 49
f 110 67 49
f 49 67 52
f 67 68 52
f 8 10 49
f 10 12 49
f 49 12 65
f 12 14 65
f 65 14 64
f 14 16 64
f 64 16 105
f 16 18 105
f 105 18 104
f 18 20 104
f 104 20 103
f 20 22 103
f 103 22 102
f 22 24 102
f 102 24 127
f 24 26 127
f 127 26 126
f 26 28 126
f 126 28 168
f 28 30 168
f 168 30 167
f 30 32 167
f 167 32 163
f 32 34 163
f 163 34 100
f 34 36 100
f 100 36 38
f 107 66 63
f 66 62 63
f 63 62 52
f 56 55 59
f 55 60 59
f 59 60 61
f 117 84 56
f 84 54 56
f 56 54 55
f 54 58 55
f 55 58 57
f 58 82 57
f 57 82 80
f 82 81 80
f 80 81 79
f 81 155 79
f 79 155 166
f 155 151 166
f 166 151 149
f 151 150 149
f 149 150 148
f 150 172 148
f 148 172 165
f 172 147 165
f 165 147 145
f 147 146 145
f 145 146 144
f 146 143 144
f 144 143 142
f 143 135 142
f 142 135 134
f 135 112 134
f 134 112 74
f 112 94 74
f 74 94 75
f 62 53 52
f 53 50 52
f 52 50 49
f 50 51 49
f 49 51 128
f 74 259 134
f 259 258 134
f 134 258 142
f 258 257 142
f 142 257 144
f 257 256 144
f 144 256 145
f 256 255 145
f 145 255 165
f 255 254 165
f 165 254 148
f 254 253 148
f 148 253 149
f 253 252 149
f 149 252 166
f 252 251 166
f 166 251 79
f 251 250 79
f 79 250 80
f 250 249 80
f 80 249 57
f 249 247 57
f 57 247 55
f 247 248 55
f 49 260 74
f 260 259 74
f 100 272 163
f 272 271 163
f 163 271 167
f 271 270 167
f 167 270 168
f 270 269 168
f 168 269 126
f 269 268 126
f 126 268 127
f 268 267 127
f 127 267 102
f 267 266 102
f 102 266 103
f 266 265 103
f 103 265 104
f 265 264 104
f 104 264 105
f 264 263 105
f 105 263 64
f 263 262 64
f 64 262 65
f 262 261 65
f 65 261 49
f 261 260 49
f 55 248 100
f 248 272 100
f 3 2 48
f 2 46 48
f 48 46 47
f 46 44 47
f 47 44 45
f 44 42 45
f 45 42 43
f 42 40 43
f 43 40 41
f 40 38 41
f 41 38 39
f 38 36 39
f 39 36 37
f 36 34 37
f 37 34 35
f 34 32 35
f 35 32 33
f 32 30 33
f 33 30 31
f 30 28 31
f 31 28 29
f 28 26 29
f 29 26 27
f 26 24 27
f 27 24 25
f 24 22 25
f 25 22 23
f 22 20 23
f 23 20 21
f 20 18 21
f 21 18 19
f 18 16 19
f 19 16 17
f 16 14 17
f 17 14 15
f 14 12 15
f 15 12 13
f 12 10 13
f 13 10 11
f 10 8 11
f 11 8 9
f 8 6 9
f 9 6 7
f 6 4 7
f 7 4 5
f 4 1 5
f 5 1 3
f 1 2 3
f 173 154 196
f 154 115 196
f 196 115 195
f 115 88 195
f 195 88 194
f 88 87 194
f 194 87 193
f 87 85 193
f 193 85 192
f 85 118 192
f 192 118 191
f 118 101 191
f 191 101 190
f 101 120 190
f 190 120 189
f 120 119 189
f 189 119 188
f 119 122 188
f 188 122 187
f 122 121 187
f 187 121 186
f 121 162 186
f 186 162 185
f 162 161 185
f 185 161 184
f 161 164 184
f 184 164 183
f 164 129 183
f 183 129 182
f 129 106 182
f 182 106 181
f 106 128 181
f 181 128 180
f 128 51 180
f 180 51 179
f 51 50 179
f 179 50 178
f 50 53 178
f 178 53 177
f 53 62 177
f 177 62 176
f 62 66 176
f 176 66 175
f 66 107 175
f 175 107 174
f 107 130 174
f 174 130 173
f 130 154 173
f 197 131 220
f 131 98 220
f 220 98 219
f 98 76 219
f 219 76 218
f 76 61 218
f 218 61 217
f 61 60 217
f 217 60 216
f 60 99 216
f 216 99 215
f 99 86 215
f 215 86 214
f 86 89 214
f 214 89 213
f 89 153 213
f 213 153 212
f 153 152 212
f 212 152 211
f 152 136 211
f 211 136 210
f 136 114 210
f 210 114 209
f 114 113 209
f 209 113 208
f 113 169 208
f 208 169 207
f 169 170 207
f 207 170 206
f 170 171 206
f 206 171 205
f 171 108 205
f 205 108 204
f 108 63 204
f 204 63 203
f 63 52 203
f 203 52 202
f 52 68 202
f 202 68 201
f 68 91 201
f 201 91 200
f 91 71 200
f 200 71 199
f 71 70 199
f 199 70 198
f 70 72 198
f 198 72 197
f 72 131 197
f 273 172 296
f 172 150 296
f 296 150 295
f 150 151 295
f 295 151 294
f 151 155 294
f 294 155 293
f 155 81 293
f 293 81 292
f 81 82 292
f 292 82 291
f 82 58 291
f 291 58 290
f 58 54 290
f 290 54 289
f 54 84 289
f 289 84 288
f 84 117 288
f 288 117 287
f 117 116 287
f 287 116 286
f 116 124 286
f 286 124 285
f 124 123 285
f 285 123 284
f 123 158 284
f 284 158 283
f 158 157 283
f 283 157 282
f 157 160 282
f 282 160 281
f 160 159 281
f 281 159 280
f 159 75 280
f 280 75 279
f 75 94 279
f 279 94 278
f 94 112 278
f 278 112 277
f 112 135 277
f 277 135 276
f 135 143 276
f 276 143 275
f 143 146 275
f 275 146 274
f 146 147 274
f 274 147 273
f 147 172 273
f 1234 1199 1202
f 1234 1202 1233
f 1202 1201 1233
f 1233 1201 1232
f 1232 1201 1229
f 1201 1195 1229
f 1229 1195 1231
f 1219 1228 1200
f 1228 1227 1200
f 1200 1227 1225
f 1225 1222 1200
f 1222 1223 1200
f 1200 1223 1224
f 1224 1226 1200
f 1226 1221 1200
f 1200 1221 1195
f 1221 1230 1195
f 1195 1230 1231
f 1196 1216 1197
f 1216 1217 1197
f 1197 1217 1198
f 1217 1220 1198
f 1198 1220 1200
f 1220 1218 1200
f 1200 1218 1219
f 1217 1216 1234
f 1219 1218 1221
f 1221 1218 1230
f 1234 1233 1217
f 1233 1232 1217
f 1217 1232 1220
f 1232 1229 1220
f 1220 1229 1218
f 1229 1231 1218
f 1218 1231 1230
f 1223 1222 1224
f 1222 1225 1224
f 1224 1225 1226
f 1225 1227 1226
f 1226 1227 1221
f 1227 1228 1221
f 1221 1228 1219
f 1169 1163 1317
f 1163 1162 1317
f 1317 1162 1316
f 1162 1164 1316
f 1316 1164 1315
f 1315 1164 1312
f 1164 1161 1312
f 1312 1161 1314
f 1309 1310 1161
f 1310 1313 1161
f 1161 1313 1314
f 1161 1306 1304
f 1304 1305 1161
f 1305 1307 1161
f 1161 1307 1309
f 1301 1302 1160
f 1302 1311 1160
f 1160 1311 1161
f 1311 1308 1161
f 1161 1308 1306
f 1301 1160 1303
f 1160 1165 1303
f 1303 1165 1300
f 1165 1166 1300
f 1300 1166 1299
f 1166 1167 1299
f 1299 1167 1168
f 1299 1317 1300
f 1317 1316 1300
f 1300 1316 1303
f 1316 1315 1303
f 1303 1315 1301
f 1315 1312 1301
f 1306 1308 1310
f 1312 1314 1301
f 1314 1313 1301
f 1301 1313 1310
f 1308 1311 1310
f 1311 1302 1310
f 1310 1302 1301
f 1310 1309 1306
f 1309 1307 1306
f 1306 1307 1304
f 1307 1305 1304
f 1169 1317 1168
f 1317 1299 1168
f 1203 1172 1336
f 1172 1171 1336
f 1336 1171 1335
f 1171 1174 1335
f 1335 1174 1334
f 1334 1174 1331
f 1174 1177 1331
f 1331 1177 1333
f 1176 1329 1327
f 1327 1324 1176
f 1324 1325 1176
f 1176 1325 1326
f 1326 1328 1176
f 1328 1323 1176
f 1176 1323 1177
f 1323 1332 1177
f 1177 1332 1333
f 1320 1321 1176
f 1321 1330 1176
f 1176 1330 1329
f 1320 1176 1322
f 1176 1175 1322
f 1322 1175 1319
f 1175 1173 1319
f 1319 1173 1318
f 1173 1170 1318
f 1318 1170 1204
f 1203 1336 1204
f 1336 1318 1204
f 1319 1318 1336
f 1321 1320 1323
f 1323 1320 1332
f 1336 1335 1319
f 1335 1334 1319
f 1319 1334 1322
f 1334 1331 1322
f 1322 1331 1320
f 1331 1333 1320
f 1320 1333 1332
f 1325 1324 1326
f 1324 1327 1326
f 1326 1327 1328
f 1327 1329 1328
f 1328 1329 1323
f 1329 1330 1323
f 1323 1330 1321
f 1186 1294 1187
f 1294 1295 1187
f 1187 1295 1188
f 1295 1273 1188
f 1292 1293 1296
f 1293 1287 1296
f 1274 1273 1297
f 1273 1295 1297
f 1292 1296 1290
f 1296 1297 1290
f 1290 1297 1291
f 1297 1295 1291
f 1291 1295 1294
f 1280 1282 1298
f 1286 1283 1298
f 1283 1281 1298
f 1298 1281 1280
f 1287 1288 1296
f 1288 1289 1296
f 1296 1289 1298
f 1289 1279 1298
f 1298 1279 1286
f 1282 1284 1298
f 1284 1285 1298
f 1298 1285 1296
f 1285 1278 1296
f 1278 1277 1296
f 1277 1276 1296
f 1296 1276 1297
f 1276 1275 1297
f 1297 1275 1274
f 1192 1293 1292
f 1292 1290 1192
f 1290 1291 1192
f 1192 1291 1189
f 1291 1294 1189
f 1189 1294 1186
f 1293 1192 1287
f 1192 1193 1287
f 1287 1193 1288
f 1278 1285 1191
f 1285 1284 1191
f 1191 1284 1282
f 1282 1280 1191
f 1280 1281 1191
f 1191 1281 1283
f 1283 1286 1191
f 1286 1279 1191
f 1191 1279 1193
f 1279 1289 1193
f 1193 1289 1288
f 1190 1276 1191
f 1276 1277 1191
f 1191 1277 1278
f 1188 1273 1194
f 1273 1274 1194
f 1194 1274 1190
f 1274 1275 1190
f 1190 1275 1276
f 1209 1272 1206
f 1272 1254 1206
f 1255 1254 1272
f 1257 1256 1259
f 1259 1256 1268
f 1272 1271 1255
f 1271 1270 1255
f 1255 1270 1258
f 1270 1267 1258
f 1258 1267 1256
f 1267 1269 1256
f 1256 1269 1268
f 1261 1260 1262
f 1260 1263 1262
f 1262 1263 1264
f 1263 1265 1264
f 1264 1265 1259
f 1265 1266 1259
f 1259 1266 1257
f 1272 1209 1212
f 1272 1212 1271
f 1212 1211 1271
f 1271 1211 1270
f 1270 1211 1267
f 1211 1205 1267
f 1267 1205 1269
f 1257 1266 1210
f 1266 1265 1210
f 1210 1265 1263
f 1263 1260 1210
f 1260 1261 1210
f 1210 1261 1262
f 1262 1264 1210
f 1264 1259 1210
f 1210 1259 1205
f 1259 1268 1205
f 1205 1268 1269
f 1206 1254 1207
f 1254 1255 1207
f 1207 1255 1208
f 1255 1258 1208
f 1208 1258 1210
f 1258 1256 1210
f 1210 1256 1257
f 1182 1253 1183
f 1253 1235 1183
f 1235 1253 1236
f 1253 1252 1236
f 1236 1252 1239
f 1252 1251 1239
f 1239 1251 1237
f 1251 1248 1237
f 1237 1248 1238
f 1248 1247 1238
f 1249 1246 1244
f 1246 1245 1244
f 1244 1245 1242
f 1247 1248 1244
f 1248 1250 1244
f 1244 1250 1249
f 1242 1245 1240
f 1245 1243 1240
f 1240 1243 1241
f 1238 1247 1181
f 1253 1182 1185
f 1253 1185 1252
f 1185 1184 1252
f 1252 1184 1251
f 1251 1184 1248
f 1184 1180 1248
f 1248 1180 1250
f 1181 1247 1180
f 1245 1246 1180
f 1246 1249 1180
f 1180 1249 1250
f 1247 1244 1180
f 1244 1242 1180
f 1180 1242 1240
f 1240 1241 1180
f 1241 1243 1180
f 1180 1243 1245
f 1183 1235 1178
f 1235 1236 1178
f 1178 1236 1179
f 1236 1239 1179
f 1179 1239 1181
f 1239 1237 1181
f 1181 1237 1238
f 1199 1234 1196
f 1234 1216 1196
f 565 599 566
f 599 603 566
f 566 603 569
f 603 602 569
f 569 602 576
f 602 600 576
f 576 600 578
f 600 601 578
f 585 598 565
f 598 599 565
f 589 634 586
f 634 635 586
f 632 633 629
f 571 619 572
f 619 630 572
f 572 630 577
f 630 631 577
f 631 632 577
f 577 632 580
f 632 629 580
f 580 629 579
f 629 628 579
f 579 628 592
f 628 627 592
f 592 627 593
f 627 596 593
f 593 596 594
f 596 597 594
f 634 589 649
f 589 582 649
f 649 582 648
f 582 581 648
f 648 581 646
f 581 584 646
f 646 584 647
f 594 597 588
f 597 645 588
f 588 645 583
f 645 643 583
f 583 643 584
f 643 644 584
f 584 644 647
f 640 639 635
f 649 648 634
f 648 646 634
f 634 646 635
f 646 641 635
f 635 641 640
f 641 642 638
f 586 635 574
f 635 639 574
f 574 639 575
f 639 640 575
f 640 641 575
f 575 641 573
f 641 638 573
f 573 638 567
f 638 637 567
f 567 637 568
f 637 636 568
f 568 636 585
f 636 598 585
f 229 228 594
f 228 227 594
f 594 227 593
f 239 590 240
f 590 595 240
f 240 595 241
f 595 560 241
f 241 560 242
f 233 589 235
f 589 586 235
f 235 586 236
f 584 581 231
f 578 587 239
f 587 591 239
f 239 591 590
f 574 238 586
f 238 237 586
f 586 237 236
f 229 594 230
f 594 588 230
f 230 588 231
f 588 583 231
f 231 583 584
f 233 232 589
f 232 231 589
f 589 231 582
f 231 581 582
f 227 226 593
f 226 225 593
f 593 225 592
f 225 224 592
f 592 224 579
f 224 223 579
f 579 223 580
f 246 245 570
f 245 244 570
f 574 575 238
f 575 573 238
f 238 573 567
f 571 572 223
f 572 577 223
f 223 577 580
f 223 222 571
f 222 221 571
f 571 221 570
f 221 234 570
f 570 234 246
f 566 569 239
f 569 576 239
f 239 576 578
f 567 568 238
f 568 585 238
f 238 585 239
f 585 565 239
f 239 565 566
f 243 564 244
f 564 563 244
f 242 560 243
f 560 561 243
f 243 561 562
f 563 557 244
f 557 558 244
f 244 558 553
f 562 559 243
f 559 555 243
f 243 555 550
f 553 554 244
f 554 556 244
f 244 556 570
f 550 551 243
f 551 552 243
f 243 552 564
f 570 618 571
f 618 619 571
f 631 630 619
f 626 625 618
f 625 623 618
f 618 623 619
f 623 632 619
f 619 632 631
f 618 570 626
f 570 556 626
f 626 556 625
f 556 554 625
f 625 554 623
f 554 553 623
f 623 553 624
f 563 617 557
f 617 622 557
f 557 622 558
f 622 620 558
f 558 620 553
f 620 621 553
f 553 621 624
f 659 661 633
f 632 623 633
f 623 624 633
f 660 656 654
f 656 655 654
f 654 655 633
f 655 658 633
f 633 658 659
f 624 652 650
f 650 651 624
f 651 653 624
f 624 653 633
f 653 657 633
f 633 657 654
f 1020 1025 1016
f 1025 1024 1016
f 1016 1024 1017
f 1005 1002 1003
f 1021 1022 1009
f 1022 1011 1009
f 1022 1023 1011
f 1023 1024 1011
f 1011 1024 1014
f 1024 1025 1014
f 1014 1025 1020
f 1021 1009 1003
f 1009 1007 1003
f 1003 1007 1005
f 1017 1024 1023
f 984 985 1019
f 1017 1023 1018
f 1023 1022 1018
f 1018 1022 1019
f 1022 1021 1019
f 1019 1021 984
f 1021 1003 984
f 984 1003 983
f 1013 1014 1020
f 1017 987 998
f 1017 1018 987
f 1018 1019 987
f 987 1019 985
f 1000 1013 991
f 1013 1020 991
f 991 1020 993
f 1020 1016 993
f 993 1016 995
f 1016 1017 995
f 995 1017 997
f 1017 998 997
f 896 908 940
f 908 932 940
f 940 932 933
f 932 929 933
f 933 929 934
f 929 927 934
f 934 927 935
f 927 922 935
f 935 922 936
f 922 921 936
f 936 921 937
f 921 920 937
f 937 920 938
f 920 918 938
f 938 918 939
f 918 916 939
f 939 916 941
f 916 931 941
f 910 913 908
f 886 885 903
f 885 912 903
f 908 898 910
f 898 899 910
f 910 899 909
f 899 901 909
f 909 901 911
f 901 902 911
f 911 902 912
f 902 904 912
f 912 904 903
f 908 913 932
f 913 928 932
f 932 928 929
f 928 926 929
f 929 926 927
f 926 925 927
f 927 925 922
f 925 924 922
f 924 923 922
f 922 923 921
f 923 919 921
f 921 919 920
f 919 917 920
f 920 917 918
f 917 914 918
f 918 914 916
f 914 915 916
f 916 915 931
f 915 930 931
f 956 955 969
f 956 969 948
f 969 970 948
f 948 970 950
f 960 931 930
f 930 963 960
f 963 964 960
f 960 964 959
f 964 965 959
f 959 965 954
f 965 966 954
f 954 966 953
f 966 967 953
f 953 967 955
f 967 968 955
f 955 968 969
f 961 941 931
f 961 931 958
f 955 951 953
f 951 952 953
f 953 952 954
f 952 957 954
f 954 957 959
f 957 958 959
f 959 958 960
f 958 931 960
f 948 950 949
f 955 956 951
f 956 948 951
f 951 948 942
f 948 949 942
f 949 947 942
f 947 945 942
f 942 945 946
f 946 943 942
f 943 944 942
f 942 944 962
f 950 970 980
f 973 962 944
f 950 980 949
f 980 979 949
f 949 979 947
f 979 978 947
f 947 978 945
f 978 977 945
f 945 977 946
f 977 976 946
f 946 976 943
f 976 975 943
f 943 975 944
f 975 974 944
f 944 974 973
f 974 971 973
f 973 971 972
f 982 972 981
f 972 971 981
f 998 987 986
f 990 991 989
f 991 993 989
f 989 993 992
f 993 995 992
f 992 995 994
f 995 997 994
f 994 997 996
f 997 998 996
f 998 986 996
f 996 986 988
f 986 982 988
f 988 982 981
f 1001 1000 999
f 1000 991 999
f 999 991 990
f 1000 1001 1015
f 1011 1014 1013
f 1000 1015 1013
f 1015 1012 1013
f 1013 1012 1011
f 1012 1010 1011
f 1011 1010 1009
f 1010 1008 1009
f 1009 1008 1007
f 1008 1006 1007
f 1007 1006 1005
f 1006 1004 1005
f 1005 1004 1002
f 1004 680 1002
f 680 675 1002
f 1002 675 1003
f 675 983 1003
f 650 652 674
f 663 654 676
f 654 657 676
f 676 657 677
f 657 653 677
f 677 653 678
f 653 651 678
f 678 651 679
f 651 650 679
f 650 674 679
f 679 674 673
f 674 675 673
f 673 675 680
f 664 660 662
f 660 654 662
f 662 654 663
f 660 664 672
f 667 661 659
f 660 672 656
f 672 671 656
f 656 671 655
f 671 670 655
f 655 670 658
f 670 669 658
f 658 669 659
f 669 668 659
f 659 668 667
f 668 665 667
f 667 665 666
f 666 665 682
f 665 681 682
f 711 710 743
f 710 735 743
f 743 735 736
f 735 732 736
f 736 732 737
f 732 730 737
f 737 730 738
f 730 725 738
f 738 725 739
f 725 724 739
f 739 724 740
f 724 723 740
f 740 723 741
f 723 721 741
f 741 721 742
f 721 719 742
f 742 719 744
f 719 734 744
f 698 696 716
f 696 695 716
f 716 695 693
f 691 689 708
f 689 688 708
f 708 688 686
f 693 691 716
f 691 708 716
f 716 708 714
f 708 706 714
f 714 706 715
f 706 705 715
f 715 705 713
f 705 707 713
f 713 707 712
f 710 711 702
f 711 712 702
f 702 712 701
f 712 707 701
f 696 698 683
f 685 686 684
f 686 688 684
f 684 688 687
f 688 689 687
f 689 691 687
f 687 691 690
f 691 693 690
f 690 693 692
f 693 695 692
f 692 695 694
f 695 696 694
f 694 696 697
f 696 683 697
f 697 683 681
f 683 682 681
f 700 709 710
f 686 685 708
f 685 703 708
f 708 703 706
f 706 703 705
f 703 704 705
f 705 704 699
f 710 702 700
f 702 701 700
f 700 701 699
f 701 707 699
f 699 707 705
f 710 709 735
f 709 731 735
f 735 731 732
f 731 729 732
f 732 729 730
f 729 728 730
f 730 728 725
f 728 727 725
f 727 726 725
f 725 726 724
f 726 722 724
f 724 722 723
f 722 720 723
f 723 720 721
f 720 717 721
f 721 717 719
f 717 718 719
f 719 718 734
f 718 733 734
f 774 753 773
f 753 751 773
f 773 751 772
f 756 758 770
f 751 759 772
f 759 756 772
f 772 756 771
f 756 770 771
f 734 733 763
f 733 766 763
f 763 766 762
f 766 767 762
f 762 767 757
f 767 768 757
f 757 768 758
f 768 769 758
f 758 769 770
f 764 744 734
f 764 734 761
f 734 763 761
f 763 762 761
f 761 762 760
f 762 757 760
f 760 757 755
f 757 758 755
f 758 756 755
f 755 756 754
f 756 759 754
f 759 751 754
f 754 751 745
f 753 752 751
f 752 750 751
f 751 750 745
f 750 748 745
f 745 748 749
f 749 746 745
f 746 747 745
f 745 747 765
f 774 783 753
f 783 752 753
f 783 784 752
f 784 782 752
f 752 782 750
f 777 765 747
f 750 782 748
f 782 781 748
f 748 781 749
f 781 780 749
f 749 780 746
f 780 779 746
f 746 779 747
f 779 778 747
f 747 778 777
f 778 775 777
f 777 775 776
f 775 798 797
f 796 785 797
f 785 776 797
f 797 776 775
f 869 866 873
f 866 864 873
f 864 862 873
f 873 862 861
f 877 878 859
f 878 879 859
f 859 879 855
f 869 873 859
f 873 876 859
f 859 876 877
