v -0.012486674822866917 -0.02432508021593094 0.034297406673431396
v -0.012270919047296047 -0.02449999935925007 0.03420064225792885
v -0.015228303149342537 -0.02449999935925007 0.03571264445781708
v -0.01613004319369793 -0.02449999935925007 0.03625929355621338
v -0.01667715050280094 -0.019907576963305473 0.03661242499947548
v -0.015304312109947205 -0.021598851308226585 0.03575707972049713
v -0.01613004319369793 -0.02449999935925007 0.03625929355621338
v -0.015304312109947205 -0.021598851308226585 0.03575707972049713
v -0.015228303149342537 -0.02449999935925007 0.03571264445781708
v -0.015228303149342537 -0.02449999935925007 0.03571264445781708
v -0.015304312109947205 -0.021598851308226585 0.03575707972049713
v -0.013980909250676632 -0.022988611832261086 0.03502470254898071
v -0.015228303149342537 -0.02449999935925007 0.03571264445781708
v -0.013980909250676632 -0.022988611832261086 0.03502470254898071
v -0.012486674822866917 -0.02432508021593094 0.034297406673431396
v -0.019040262326598167 -0.016166646033525467 0.03834402561187744
v -0.0179224144667387 -0.018094846978783607 0.037480972707271576
v -0.020558837801218033 -0.02449999935925007 0.03965998813509941
v -0.01667715050280094 -0.019907576963305473 0.03661242499947548
v -0.01613004319369793 -0.02449999935925007 0.03625929355621338
v -0.0179224144667387 -0.018094846978783607 0.037480972707271576
v -0.0179224144667387 -0.018094846978783607 0.037480972707271576
v -0.01613004319369793 -0.02449999935925007 0.03625929355621338
v -0.018002090975642204 -0.02449999935925007 0.0375397689640522
v -0.0179224144667387 -0.018094846978783607 0.037480972707271576
v -0.018002090975642204 -0.02449999935925007 0.0375397689640522
v -0.020558837801218033 -0.02449999935925007 0.03965998813509941
v -0.022867722436785698 -0.02449999935925007 0.042047735303640366
v -0.022867722436785698 -0.0022137085907161236 0.042047735303640366
v -0.022812867537140846 -0.002984458114951849 0.04198456183075905
v -0.022812867537140846 -0.002984458114951849 0.04198456183075905
v -0.022615157067775726 -0.004823627416044474 0.04175977408885956
v -0.022867722436785698 -0.02449999935925007 0.042047735303640366
v -0.022867722436785698 -0.02449999935925007 0.042047735303640366
v -0.022615157067775726 -0.004823627416044474 0.04175977408885956
v -0.022319508716464043 -0.006671438459306955 0.04143182188272476
v -0.022867722436785698 -0.02449999935925007 0.042047735303640366
v -0.022319508716464043 -0.006671438459306955 0.04143182188272476
v -0.02192513272166252 -0.008509213104844093 0.04100890830159187
v -0.02192513272166252 -0.008509213104844093 0.04100890830159187
v -0.021388525143265724 -0.01046748273074627 0.040458567440509796
v -0.022867722436785698 -0.02449999935925007 0.042047735303640366
v -0.022867722436785698 -0.02449999935925007 0.042047735303640366
v -0.021388525143265724 -0.01046748273074627 0.040458567440509796
v -0.02073301374912262 -0.012398176826536655 0.03982263803482056
v -0.022867722436785698 -0.02449999935925007 0.042047735303640366
v -0.02073301374912262 -0.012398176826536655 0.03982263803482056
v -0.020558837801218033 -0.02449999935925007 0.03965998813509941
v -0.020558837801218033 -0.02449999935925007 0.03965998813509941
v -0.02073301374912262 -0.012398176826536655 0.03982263803482056
v -0.019954565912485123 -0.014295312575995922 0.0391150526702404
v -0.020558837801218033 -0.02449999935925007 0.03965998813509941
v -0.019954565912485123 -0.014295312575995922 0.0391150526702404
v -0.019040262326598167 -0.016166646033525467 0.03834402561187744
v -0.017709121108055115 -0.025499999523162842 0.05255553498864174
v -0.019418835639953613 -0.025499999523162842 0.05706368759274483
v -0.023061102256178856 -0.025499999523162842 0.04343320429325104
v -0.014970215037465096 -0.025499999523162842 0.04858754575252533
v -0.02502518706023693 -0.025499999523162842 0.04398096352815628
v -0.02488381788134575 -0.025499999523162842 0.04369582235813141
v -0.024220729246735573 -0.025499999523162842 0.04373428225517273
v 0.02909625694155693 -0.025499999523162842 0.05885494500398636
v 0.019999999552965164 -0.025499999523162842 0.06185000017285347
v 0.019418835639953613 -0.025499999523162842 0.05706368759274483
v -0.02782888151705265 -0.025499999523162842 0.04876887425780296
v 0.0024107336066663265 -0.025499999523162842 0.08170417696237564
v 0.0031522868666797876 -0.025499999523162842 0.09092964231967926
v 0.0002966856409329921 -0.025499999523162842 0.09109849482774734
v 0.022741783410310745 -0.025499999523162842 0.08024493604898453
v 0.014970215037465096 -0.025499999523162842 0.07511245459318161
v 0.024429861456155777 -0.025499999523162842 0.07793553173542023
v 0.017709121108055115 -0.025499999523162842 0.0711444616317749
v 0.02588428184390068 -0.025499999523162842 0.07547227293252945
v 0.027091134339571 -0.025499999523162842 0.07287873327732086
v 0.019418835639953613 -0.025499999523162842 0.06663631647825241
v 0.02803887613117695 -0.025499999523162842 0.07017970085144043
v -0.0301987137645483 -0.025499999523162842 0.060158662497997284
v -0.030731389299035072 -0.025499999523162842 0.0597618967294693
v -0.030656401067972183 -0.025499999523162842 0.0594525970518589
v -0.022111764177680016 -0.025499999523162842 0.04270235449075699
v -0.019879207015037537 -0.025499999523162842 0.04039354249835014
v -0.011361295357346535 -0.025499999523162842 0.04539032280445099
v -0.019418835639953613 -0.025499999523162842 0.06663631647825241
v -0.0290621779859066 -0.025499999523162842 0.06515942513942719
v -0.019999999552965164 -0.025499999523162842 0.06185000017285347
v -0.029246464371681213 -0.025499999523162842 0.0623047798871994
v -0.029503917321562767 -0.025499999523162842 0.0611346960067749
v -0.0024107336066663265 -0.025499999523162842 0.08170417696237564
v -0.004832522943615913 -0.025499999523162842 0.032660454511642456
v -0.002399888588115573 -0.025499999523162842 0.032312799245119095
v -0.0024107336066663265 -0.025499999523162842 0.0419958233833313
v 6.296297942753881e-05 -0.025499999523162842 0.032200559973716736
v 0.0024107336066663265 -0.025499999523162842 0.0419958233833313
v 0.002547306241467595 -0.025499999523162842 0.0323270708322525
v 0.0031478304881602526 -0.025499999523162842 0.0323941633105278
v -0.02560262568295002 -0.025499999523162842 0.07599454373121262
v -0.017709121108055115 -0.025499999523162842 0.0711444616317749
v -0.024098537862300873 -0.025499999523162842 0.07842778414487839
v -0.014970215037465096 -0.025499999523162842 0.07511245459318161
v -0.02236395888030529 -0.025499999523162842 0.08070247620344162
v -0.02041548304259777 -0.025499999523162842 0.0827968493103981
v 0.02083619311451912 -0.025499999523162842 0.08237840980291367
v 0.018731314688920975 -0.025499999523162842 0.08431553840637207
v 0.011361295357346535 -0.025499999523162842 0.07830967754125595
v 0.02924967184662819 -0.025499999523162842 0.06171141564846039
v 0.029123330488801003 -0.025499999523162842 0.06456921249628067
v 0.02871844172477722 -0.025499999523162842 0.06740100681781769
v -0.0297265462577343 -0.025499999523162842 0.05398266389966011
v 0.025754040107131004 -0.025499999523162842 0.047983065247535706
v 0.017709121108055115 -0.025499999523162842 0.05255553498864174
v 0.02427634410560131 -0.025499999523162842 0.04553370177745819
v 0.014970215037465096 -0.025499999523162842 0.04858754575252533
v 0.022566458210349083 -0.025499999523162842 0.043240390717983246
v 0.005565510131418705 -0.025499999523162842 0.032813314348459244
v 0.007896113209426403 -0.025499999523162842 0.033458635210990906
v 0.007092097774147987 -0.025499999523162842 0.0431496761739254
v 0.01011580042541027 -0.025499999523162842 0.03432568162679672
v 0.01098972000181675 -0.025499999523162842 0.0347219817340374
v -0.01098972000181675 -0.025499999523162842 0.0347219817340374
v -0.01011580042541027 -0.025499999523162842 0.03432568162679672
v -0.007092097774147987 -0.025499999523162842 0.0431496761739254
v -0.007771337404847145 -0.025499999523162842 0.033417608588933945
v -0.005504594184458256 -0.025499999523162842 0.03279973194003105
v -0.02686184085905552 -0.025499999523162842 0.0734260082244873
v -0.027864137664437294 -0.025499999523162842 0.0707467645406723
v -0.028599929064512253 -0.025499999523162842 0.06798242032527924
v 0.00597773864865303 -0.025499999523162842 0.09048265963792801
v 0.007092097774147987 -0.025499999523162842 0.08055032789707184
v 0.008746015839278698 -0.025499999523162842 0.08976182341575623
v 0.0164472833275795 -0.025499999523162842 0.08603779226541519
v 0.014005943201482296 -0.025499999523162842 0.08752870559692383
v 0.011430643498897552 -0.025499999523162842 0.08877401798963547
v 0.02698541432619095 -0.025499999523162842 0.05056505650281906
v 0.027958687394857407 -0.025499999523162842 0.05325498431921005
v 0.02866455167531967 -0.025499999523162842 0.0560271181166172
v 0.02064073644578457 -0.025499999523162842 0.04112507402896881
v 0.011361295357346535 -0.025499999523162842 0.04539032280445099
v 0.018517598509788513 -0.025499999523162842 0.039207980036735535
v -0.01827174425125122 -0.025499999523162842 0.0846908837556839
v -0.011361295357346535 -0.025499999523162842 0.07830967754125595
v -0.015953246504068375 -0.025499999523162842 0.0863664522767067
v -0.013482164591550827 -0.025499999523162842 0.0878075361251831
v -0.007092097774147987 -0.025499999523162842 0.08055032789707184
v -0.01088213361799717 -0.025499999523162842 0.08900035172700882
v 0.011865268461406231 -0.025499999523162842 0.03511466830968857
v 0.014092185534536839 -0.025499999523162842 0.03621852025389671
v 0.016217349097132683 -0.025499999523162842 0.037507444620132446
v -0.017406979575753212 -0.025499999523162842 0.038343414664268494
v -0.014724887907505035 -0.025499999523162842 0.03657669201493263
v -0.011865268461406231 -0.025499999523162842 0.03511466830968857
v -0.0025617533829063177 -0.025499999523162842 0.09098760038614273
v -0.005395690444856882 -0.025499999523162842 0.09059802442789078
v -0.00817802082747221 -0.025499999523162842 0.08993349224328995
v -0.02063235454261303 0.01266381423920393 0.039728324860334396
v -0.021341729909181595 0.010619102045893669 0.04041187837719917
v -0.022867722436785698 0.023499999195337296 0.042047735303640366
v -0.022867722436785698 0.023499999195337296 0.042047735303640366
v -0.021341729909181595 0.010619102045893669 0.04041187837719917
v -0.02190973423421383 0.008572395890951157 0.040992721915245056
v -0.022867722436785698 0.023499999195337296 0.042047735303640366
v -0.02190973423421383 0.008572395890951157 0.040992721915245056
v -0.02234749123454094 0.006519944407045841 0.041462451219558716
v -0.02234749123454094 0.006519944407045841 0.041462451219558716
v -0.02251775562763214 0.005504173692315817 0.04165066406130791
v -0.022867722436785698 0.023499999195337296 0.042047735303640366
v -0.022867722436785698 0.023499999195337296 0.042047735303640366
v -0.02251775562763214 0.005504173692315817 0.04165066406130791
v -0.022753598168492317 0.003636626759544015 0.041916705667972565
v -0.022867722436785698 0.023499999195337296 0.042047735303640366
v -0.022753598168492317 0.003636626759544015 0.041916705667972565
v -0.022867722436785698 0.0022137085907161236 0.042047735303640366
v -0.01653687283396721 0.020093806087970734 0.03652028739452362
v -0.018487878143787384 0.023499999195337296 0.037907134741544724
v -0.015177830122411251 0.02174108475446701 0.03568330407142639
v -0.015177830122411251 0.02174108475446701 0.03568330407142639
v -0.018487878143787384 0.023499999195337296 0.037907134741544724
v -0.016041163355112076 0.023499999195337296 0.03620348870754242
v -0.015177830122411251 0.02174108475446701 0.03568330407142639
v -0.016041163355112076 0.023499999195337296 0.03620348870754242
v -0.01451511774212122 0.02245299704372883 0.03530995920300484
v -0.01451511774212122 0.02245299704372883 0.03530995920300484
v -0.016041163355112076 0.023499999195337296 0.03620348870754242
v -0.013438628055155277 0.023499999195337296 0.034748971462249756
v -0.01653687283396721 0.020093806087970734 0.03652028739452362
v -0.01778534986078739 0.01830979995429516 0.03738075867295265
v -0.018487878143787384 0.023499999195337296 0.037907134741544724
v -0.018487878143787384 0.023499999195337296 0.037907134741544724
v -0.01778534986078739 0.01830979995429516 0.03738075867295265
v -0.018499594181776047 0.0171409472823143 0.03791618347167969
v -0.018487878143787384 0.023499999195337296 0.037907134741544724
v -0.018499594181776047 0.0171409472823143 0.03791618347167969
v -0.02078118361532688 0.023499999195337296 0.0398680754005909
v -0.02078118361532688 0.023499999195337296 0.0398680754005909
v -0.018499594181776047 0.0171409472823143 0.03791618347167969
v -0.018919114023447037 0.016392473131418228 0.038246408104896545
v -0.02078118361532688 0.023499999195337296 0.0398680754005909
v -0.018919114023447037 0.016392473131418228 0.038246408104896545
v -0.022867722436785698 0.023499999195337296 0.042047735303640366
v -0.022867722436785698 0.023499999195337296 0.042047735303640366
v -0.018919114023447037 0.016392473131418228 0.038246408104896545
v -0.01993330381810665 0.014342660084366798 0.0390964113175869
v -0.022867722436785698 0.023499999195337296 0.042047735303640366
v -0.01993330381810665 0.014342660084366798 0.0390964113175869
v -0.02063235454261303 0.01266381423920393 0.039728324860334396
v 0.016771787777543068 0.023499999195337296 0.03667521849274635
v 0.01676255837082863 0.019792553037405014 0.03666907176375389
v 0.015406408347189426 0.02148248814046383 0.035817231982946396
v 0.015406408347189426 0.02148248814046383 0.035817231982946396
v 0.013944180682301521 0.02302425168454647 0.0350055918097496
v 0.016771787777543068 0.023499999195337296 0.03667521849274635
v 0.016771787777543068 0.023499999195337296 0.03667521849274635
v 0.013944180682301521 0.02302425168454647 0.0350055918097496
v 0.013768060132861137 0.02319309674203396 0.034914836287498474
v 0.016771787777543068 0.023499999195337296 0.03667521849274635
v 0.013768060132861137 0.02319309674203396 0.034914836287498474
v 0.013438628055155277 0.023499999195337296 0.034748971462249756
v 0.021346401423215866 0.023499999195337296 0.04041653126478195
v 0.021240318194031715 0.01093936525285244 0.04031139984726906
v 0.020557843148708344 0.01285609882324934 0.03965906426310539
v 0.020557843148708344 0.01285609882324934 0.03965906426310539
v 0.019753694534301758 0.01473461464047432 0.03894030675292015
v 0.021346401423215866 0.023499999195337296 0.04041653126478195
v 0.021346401423215866 0.023499999195337296 0.04041653126478195
v 0.019753694534301758 0.01473461464047432 0.03894030675292015
v 0.01882355846464634 0.016567423939704895 0.03817013278603554
v 0.021346401423215866 0.023499999195337296 0.04041653126478195
v 0.01882355846464634 0.016567423939704895 0.03817013278603554
v 0.018008844926953316 0.017957119271159172 0.037544772028923035
v 0.01676255837082863 0.019792553037405014 0.03666907176375389
v 0.016771787777543068 0.023499999195337296 0.03667521849274635
v 0.018008844926953316 0.017957119271159172 0.037544772028923035
v 0.018008844926953316 0.017957119271159172 0.037544772028923035
v 0.016771787777543068 0.023499999195337296 0.03667521849274635
v 0.01915067806839943 0.023499999195337296 0.03843389451503754
v 0.018008844926953316 0.017957119271159172 0.037544772028923035
v 0.01915067806839943 0.023499999195337296 0.03843389451503754
v 0.021346401423215866 0.023499999195337296 0.04041653126478195
v 0.02275947295129299 -0.003577362047508359 0.041923411190509796
v 0.02289423905313015 -0.0017205801559612155 0.04207839444279671
v 0.02510630339384079 -0.02449999935925007 0.044975876808166504
v 0.02275947295129299 -0.003577362047508359 0.041923411190509796
v 0.02510630339384079 -0.02449999935925007 0.044975876808166504
v 0.02252696081995964 -0.005443627014756203 0.04166093096137047
v 0.022934356704354286 0.0001444922963855788 0.04212494567036629
v 0.022914903238415718 0.0012028574710711837 0.04210234805941582
v 0.02510630339384079 0.023499999195337296 0.044975876808166504
v 0.02510630339384079 0.023499999195337296 0.044975876808166504
v 0.022914903238415718 0.0012028574710711837 0.04210234805941582
v 0.022808482870459557 0.0030375749338418245 0.041979528963565826
v 0.02510630339384079 0.023499999195337296 0.044975876808166504
v 0.022808482870459557 0.0030375749338418245 0.041979528963565826
v 0.02260798215866089 0.00487710814923048 0.04175170138478279
v 0.02260798215866089 0.00487710814923048 0.04175170138478279
v 0.022311203181743622 0.0067157079465687275 0.04142274707555771
v 0.02510630339384079 0.023499999195337296 0.044975876808166504
v 0.02510630339384079 0.023499999195337296 0.044975876808166504
v 0.022311203181743622 0.0067157079465687275 0.04142274707555771
v 0.022253962233662605 0.007012798450887203 0.04136040061712265
v 0.02510630339384079 0.023499999195337296 0.044975876808166504
v 0.022253962233662605 0.007012798450887203 0.04136040061712265
v 0.021804718300700188 0.008990324102342129 0.040882959961891174
v 0.021240318194031715 0.01093936525285244 0.04031139984726906
v 0.021346401423215866 0.023499999195337296 0.04041653126478195
v 0.021804718300700188 0.008990324102342129 0.040882959961891174
v 0.021804718300700188 0.008990324102342129 0.040882959961891174
v 0.021346401423215866 0.023499999195337296 0.04041653126478195
v 0.023337960243225098 0.023499999195337296 0.04260416701436043
v 0.021804718300700188 0.008990324102342129 0.040882959961891174
v 0.023337960243225098 0.023499999195337296 0.04260416701436043
v 0.02510630339384079 0.023499999195337296 0.044975876808166504
v 0.019968125969171524 -0.01426500640809536 0.039126962423324585
v 0.020658576861023903 -0.012595279142260551 0.039752811193466187
v 0.021346401423215866 -0.02449999935925007 0.04041653126478195
v 0.021346401423215866 -0.02449999935925007 0.04041653126478195
v 0.020658576861023903 -0.012595279142260551 0.039752811193466187
v 0.02136269211769104 -0.010551494546234608 0.04043276607990265
v 0.021346401423215866 -0.02449999935925007 0.04041653126478195
v 0.02136269211769104 -0.010551494546234608 0.04043276607990265
v 0.023337960243225098 -0.02449999935925007 0.04260416701436043
v 0.023337960243225098 -0.02449999935925007 0.04260416701436043
v 0.02136269211769104 -0.010551494546234608 0.04043276607990265
v 0.021925799548625946 -0.008506467565894127 0.04100961238145828
v 0.023337960243225098 -0.02449999935925007 0.04260416701436043
v 0.021925799548625946 -0.008506467565894127 0.04100961238145828
v 0.02510630339384079 -0.02449999935925007 0.044975876808166504
v 0.02510630339384079 -0.02449999935925007 0.044975876808166504
v 0.021925799548625946 -0.008506467565894127 0.04100961238145828
v 0.022359075024724007 -0.006456129252910614 0.04147515818476677
v 0.02510630339384079 -0.02449999935925007 0.044975876808166504
v 0.022359075024724007 -0.006456129252910614 0.04147515818476677
v 0.02252696081995964 -0.005443627014756203 0.04166093096137047
v 0.014573969878256321 -0.02449999935925007 0.035342227667570114
v 0.012270919047296047 -0.02449999935925007 0.03420064225792885
v 0.013127039186656475 -0.02377992309629917 0.03459668159484863
v 0.014573969878256321 -0.02449999935925007 0.035342227667570114
v 0.013127039186656475 -0.02377992309629917 0.03459668159484863
v 0.016771787777543068 -0.02449999935925007 0.03667521849274635
v 0.016771787777543068 -0.02449999935925007 0.03667521849274635
v 0.013127039186656475 -0.02377992309629917 0.03459668159484863
v 0.01457191538065672 -0.022394098341464996 0.03534109890460968
v 0.016771787777543068 -0.02449999935925007 0.03667521849274635
v 0.01457191538065672 -0.022394098341464996 0.03534109890460968
v 0.015227731317281723 -0.021685222163796425 0.035712312906980515
v 0.015227731317281723 -0.021685222163796425 0.035712312906980515
v 0.016583792865276337 -0.02003188244998455 0.03655098378658295
v 0.016771787777543068 -0.02449999935925007 0.03667521849274635
v 0.016771787777543068 -0.02449999935925007 0.03667521849274635
v 0.016583792865276337 -0.02003188244998455 0.03655098378658295
v 0.01677791029214859 -0.019771743565797806 0.03667929768562317
v 0.016771787777543068 -0.02449999935925007 0.03667521849274635
v 0.01677791029214859 -0.019771743565797806 0.03667929768562317
v 0.01915067806839943 -0.02449999935925007 0.03843389451503754
v 0.01915067806839943 -0.02449999935925007 0.03843389451503754
v 0.01677791029214859 -0.019771743565797806 0.03667929768562317
v 0.01782875694334507 -0.018242178484797478 0.0374123677611351
v 0.01915067806839943 -0.02449999935925007 0.03843389451503754
v 0.01782875694334507 -0.018242178484797478 0.0374123677611351
v 0.021346401423215866 -0.02449999935925007 0.04041653126478195
v 0.021346401423215866 -0.02449999935925007 0.04041653126478195
v 0.01782875694334507 -0.018242178484797478 0.0374123677611351
v 0.018958471715450287 -0.016319608315825462 0.0382780060172081
v 0.021346401423215866 -0.02449999935925007 0.04041653126478195
v 0.018958471715450287 -0.016319608315825462 0.0382780060172081
v 0.019968125969171524 -0.01426500640809536 0.039126962423324585
v -0.030246343463659286 0.023499999195337296 0.06232032552361488
v -0.030246343463659286 -0.02449999935925007 0.06232032552361488
v -0.030055757611989975 0.023499999195337296 0.06527256965637207
v -0.030055757611989975 -0.02449999935925007 0.06527256965637207
v -0.030055757611989975 0.023499999195337296 0.06527256965637207
v -0.030055757611989975 -0.02449999935925007 0.06527256965637207
v -0.029577704146504402 0.023499999195337296 0.06819207221269608
v -0.029577704146504402 -0.02449999935925007 0.06819207221269608
v -0.029577704146504402 0.023499999195337296 0.06819207221269608
v -0.029577704146504402 -0.02449999935925007 0.06819207221269608
v -0.02881675772368908 0.023499999195337296 0.07105092704296112
v -0.02881675772368908 -0.02449999935925007 0.07105092704296112
v -0.02881675772368908 0.023499999195337296 0.07105092704296112
v -0.02881675772368908 -0.02449999935925007 0.07105092704296112
v -0.027780193835496902 0.023499999195337296 0.0738217681646347
v -0.027780193835496902 -0.02449999935925007 0.0738217681646347
v -0.027780193835496902 0.023499999195337296 0.0738217681646347
v -0.027780193835496902 -0.02449999935925007 0.0738217681646347
v -0.026477929204702377 0.023499999195337296 0.07647811621427536
v -0.026477929204702377 -0.02449999935925007 0.07647811621427536
v -0.026477929204702377 0.023499999195337296 0.07647811621427536
v -0.026477929204702377 -0.02449999935925007 0.07647811621427536
v -0.02492241933941841 0.023499999195337296 0.07899454981088638
v -0.02492241933941841 -0.02449999935925007 0.07899454981088638
v -0.02492241933941841 0.023499999195337296 0.07899454981088638
v -0.02492241933941841 -0.02449999935925007 0.07899454981088638
v -0.023128539323806763 0.023499999195337296 0.08134700357913971
v -0.023128539323806763 -0.02449999935925007 0.08134700357913971
v -0.023128539323806763 0.023499999195337296 0.08134700357913971
v -0.023128539323806763 -0.02449999935925007 0.08134700357913971
v -0.021113447844982147 0.023499999195337296 0.08351298421621323
v -0.021113447844982147 -0.02449999935925007 0.08351298421621323
v -0.021113447844982147 0.023499999195337296 0.08351298421621323
v -0.021113447844982147 -0.02449999935925007 0.08351298421621323
v -0.018896419554948807 0.023499999195337296 0.08547176420688629
v -0.018896419554948807 -0.02449999935925007 0.08547176420688629
v -0.018896419554948807 0.023499999195337296 0.08547176420688629
v -0.018896419554948807 -0.02449999935925007 0.08547176420688629
v -0.016498656943440437 0.023499999195337296 0.08720462024211884
v -0.016498656943440437 -0.02449999935925007 0.08720462024211884
v -0.016498656943440437 0.023499999195337296 0.08720462024211884
v -0.016498656943440437 -0.02449999935925007 0.08720462024211884
v -0.01394309289753437 0.023499999195337296 0.0886949747800827
v -0.01394309289753437 -0.02449999935925007 0.0886949747800827
v -0.01394309289753437 0.023499999195337296 0.0886949747800827
v -0.01394309289753437 -0.02449999935925007 0.0886949747800827
v -0.011254171840846539 0.023499999195337296 0.08992856740951538
v -0.011254171840846539 -0.02449999935925007 0.08992856740951538
v -0.011254171840846539 0.023499999195337296 0.08992856740951538
v -0.011254171840846539 -0.02449999935925007 0.08992856740951538
v -0.008457611314952374 0.023499999195337296 0.09089361131191254
v -0.008457611314952374 -0.02449999935925007 0.09089361131191254
v -0.008457611314952374 0.023499999195337296 0.09089361131191254
v -0.008457611314952374 -0.02449999935925007 0.09089361131191254
v -0.0055801584385335445 0.023499999195337296 0.09158086776733398
v -0.0055801584385335445 -0.02449999935925007 0.09158086776733398
v -0.0055801584385335445 0.023499999195337296 0.09158086776733398
v -0.0055801584385335445 -0.02449999935925007 0.09158086776733398
v -0.00264933449216187 0.023499999195337296 0.09198375791311264
v -0.00264933449216187 -0.02449999935925007 0.09198375791311264
v -0.00264933449216187 0.023499999195337296 0.09198375791311264
v -0.00264933449216187 -0.02449999935925007 0.09198375791311264
v 0.00030682876240462065 0.023499999195337296 0.09209844470024109
v 0.00030682876240462065 -0.02449999935925007 0.09209844470024109
v 0.00030682876240462065 0.023499999195337296 0.09209844470024109
v 0.00030682876240462065 -0.02449999935925007 0.09209844470024109
v 0.003260057419538498 0.023499999195337296 0.09192381799221039
v 0.003260057419538498 -0.02449999935925007 0.09192381799221039
v 0.003260057419538498 0.023499999195337296 0.09192381799221039
v 0.003260057419538498 -0.02449999935925007 0.09192381799221039
v 0.0061821057461202145 0.023499999195337296 0.09146155416965485
v 0.0061821057461202145 -0.02449999935925007 0.09146155416965485
v 0.0061821057461202145 0.023499999195337296 0.09146155416965485
v 0.0061821057461202145 -0.02449999935925007 0.09146155416965485
v 0.009045025333762169 0.023499999195337296 0.09071607142686844
v 0.009045025333762169 -0.02449999935925007 0.09071607142686844
v 0.009045025333762169 0.023499999195337296 0.09071607142686844
v 0.009045025333762169 -0.02449999935925007 0.09071607142686844
v 0.011821434833109379 0.023499999195337296 0.08969449996948242
v 0.011821434833109379 -0.02449999935925007 0.08969449996948242
v 0.011821434833109379 0.023499999195337296 0.08969449996948242
v 0.011821434833109379 -0.02449999935925007 0.08969449996948242
v 0.014484778046607971 0.023499999195337296 0.08840661495923996
v 0.014484778046607971 -0.02449999935925007 0.08840661495923996
v 0.014484778046607971 0.023499999195337296 0.08840661495923996
v 0.014484778046607971 -0.02449999935925007 0.08840661495923996
v 0.017009584233164787 0.023499999195337296 0.08686472475528717
v 0.017009584233164787 -0.02449999935925007 0.08686472475528717
v 0.017009584233164787 0.023499999195337296 0.08686472475528717
v 0.017009584233164787 -0.02449999935925007 0.08686472475528717
v 0.019371701404452324 0.023499999195337296 0.08508358895778656
v 0.019371701404452324 -0.02449999935925007 0.08508358895778656
v 0.019371701404452324 0.023499999195337296 0.08508358895778656
v 0.019371701404452324 -0.02449999935925007 0.08508358895778656
v 0.021548541262745857 0.023499999195337296 0.0830802321434021
v 0.021548541262745857 -0.02449999935925007 0.0830802321434021
v 0.021548541262745857 0.023499999195337296 0.0830802321434021
v 0.021548541262745857 -0.02449999935925007 0.0830802321434021
v 0.023519279435276985 0.023499999195337296 0.08087382465600967
v 0.023519279435276985 -0.02449999935925007 0.08087382465600967
v 0.023519279435276985 0.023499999195337296 0.08087382465600967
v 0.023519279435276985 -0.02449999935925007 0.08087382465600967
v 0.025265071541070938 0.023499999195337296 0.07848546653985977
v 0.025265071541070938 -0.02449999935925007 0.07848546653985977
v 0.025265071541070938 0.023499999195337296 0.07848546653985977
v 0.025265071541070938 -0.02449999935925007 0.07848546653985977
v 0.026769215241074562 0.023499999195337296 0.07593799382448196
v 0.026769215241074562 -0.02449999935925007 0.07593799382448196
v 0.026769215241074562 0.023499999195337296 0.07593799382448196
v 0.026769215241074562 -0.02449999935925007 0.07593799382448196
v 0.028017327189445496 0.023499999195337296 0.07325578480958939
v 0.028017327189445496 -0.02449999935925007 0.07325578480958939
v 0.028017327189445496 0.023499999195337296 0.07325578480958939
v 0.028017327189445496 -0.02449999935925007 0.07325578480958939
v 0.028997469693422318 0.023499999195337296 0.07046447694301605
v 0.028997469693422318 -0.02449999935925007 0.07046447694301605
v 0.028997469693422318 0.023499999195337296 0.07046447694301605
v 0.028997469693422318 -0.02449999935925007 0.07046447694301605
v 0.02970026805996895 0.023499999195337296 0.06759078055620193
v 0.02970026805996895 -0.02449999935925007 0.06759078055620193
v 0.02970026805996895 0.023499999195337296 0.06759078055620193
v 0.02970026805996895 -0.02449999935925007 0.06759078055620193
v 0.030119000002741814 0.023499999195337296 0.06466218084096909
v 0.030119000002741814 -0.02449999935925007 0.06466218084096909
v 0.030119000002741814 0.023499999195337296 0.06466218084096909
v 0.030119000002741814 -0.02449999935925007 0.06466218084096909
v 0.030249660834670067 0.023499999195337296 0.061706677079200745
v 0.030249660834670067 -0.02449999935925007 0.061706677079200745
v 0.030249660834670067 0.023499999195337296 0.061706677079200745
v 0.030249660834670067 -0.02449999935925007 0.061706677079200745
v 0.030091000720858574 0.023499999195337296 0.058752547949552536
v 0.030091000720858574 -0.02449999935925007 0.058752547949552536
v 0.030091000720858574 0.023499999195337296 0.058752547949552536
v 0.030091000720858574 -0.02449999935925007 0.058752547949552536
v 0.02964453585445881 0.023499999195337296 0.055828046053647995
v 0.02964453585445881 -0.02449999935925007 0.055828046053647995
v 0.02964453585445881 0.023499999195337296 0.055828046053647995
v 0.02964453585445881 -0.02449999935925007 0.055828046053647995
v 0.028914539143443108 0.023499999195337296 0.052961137145757675
v 0.028914539143443108 -0.02449999935925007 0.052961137145757675
v 0.028914539143443108 0.023499999195337296 0.052961137145757675
v 0.028914539143443108 -0.02449999935925007 0.052961137145757675
v 0.027907991781830788 0.023499999195337296 0.05017924681305885
v 0.027907991781830788 -0.02449999935925007 0.05017924681305885
v 0.027907991781830788 0.023499999195337296 0.05017924681305885
v 0.027907991781830788 -0.02449999935925007 0.05017924681305885
v 0.026634519919753075 0.023499999195337296 0.047508981078863144
v 0.026634519919753075 -0.02449999935925007 0.047508981078863144
v 0.026634519919753075 0.023499999195337296 0.047508981078863144
v 0.026634519919753075 -0.02449999935925007 0.047508981078863144
v 0.02510630339384079 0.023499999195337296 0.044975876808166504
v 0.02510630339384079 -0.02449999935925007 0.044975876808166504
v 0.02510630339384079 0.023499999195337296 0.044975876808166504
v 0.02510630339384079 -0.02449999935925007 0.044975876808166504
v 0.022934356704354286 0.0001444922963855788 0.04212494567036629
v 0.022934356704354286 0.0001444922963855788 0.04212494567036629
v 0.02510630339384079 -0.02449999935925007 0.044975876808166504
v 0.02289423905313015 -0.0017205801559612155 0.04207839444279671
v -0.028552750125527382 -0.02250000089406967 0.05894646793603897
v -0.019999999552965164 -0.02250000089406967 0.06185000017285347
v -0.019418835639953613 -0.02250000089406967 0.05706368759274483
v -0.0024107336066663265 -0.02250000089406967 0.0419958233833313
v -0.007193727884441614 -0.02250000089406967 0.03406618535518646
v -0.007092097774147987 -0.02250000089406967 0.0431496761739254
v -0.012639312073588371 -0.02250000089406967 0.03608300909399986
v -0.011361295357346535 -0.02250000089406967 0.04539032280445099
v -0.01756744086742401 -0.02250000089406967 0.03915473818778992
v -0.014970215037465096 -0.02250000089406967 0.04858754575252533
v -0.021776357665657997 -0.02250000089406967 0.04315561056137085
v -0.017709121108055115 -0.02250000089406967 0.05255553498864174
v -0.025093747302889824 -0.02250000089406967 0.04792183265089989
v -0.027383796870708466 -0.02250000089406967 0.05325827747583389
v 0.017709121108055115 -0.02250000089406967 0.05255553498864174
v 0.02355591021478176 -0.02250000089406967 0.04545460268855095
v 0.014970215037465096 -0.02250000089406967 0.04858754575252533
v 0.019773351028561592 -0.02250000089406967 0.04104844853281975
v 0.011361295357346535 -0.02250000089406967 0.04539032280445099
v 0.015181266702711582 -0.02250000089406967 0.037493910640478134
v 0.007092097774147987 -0.02250000089406967 0.0431496761739254
v 0.009967660531401634 -0.02250000089406967 0.034936513751745224
v 0.0024107336066663265 -0.02250000089406967 0.0419958233833313
v 0.004345977213233709 -0.02250000089406967 0.03348096087574959
v -0.001453631091862917 -0.02250000089406967 0.033186838030815125
v 0.014970215037465096 -0.02250000089406967 0.07511245459318161
v 0.02355591021478176 -0.02250000089406967 0.07824540138244629
v 0.017709121108055115 -0.02250000089406967 0.0711444616317749
v 0.0263740886002779 -0.02250000089406967 0.07316800951957703
v 0.019418835639953613 -0.02250000089406967 0.06663631647825241
v 0.028112510219216347 -0.02250000089406967 0.06762726604938507
v 0.019999999552965164 -0.02250000089406967 0.06185000017285347
v 0.028699999675154686 -0.02250000089406967 0.06185000017285347
v 0.019418835639953613 -0.02250000089406967 0.05706368759274483
v 0.028112510219216347 -0.02250000089406967 0.05607273429632187
v 0.0263740886002779 -0.02250000089406967 0.050531987100839615
v -0.028699999675154686 -0.02250000089406967 0.06185000017285347
v -0.028552750125527382 -0.02250000089406967 0.06475353240966797
v -0.019418835639953613 -0.02250000089406967 0.06663631647825241
v -0.027383796870708466 -0.02250000089406967 0.07044172286987305
v -0.017709121108055115 -0.02250000089406967 0.0711444616317749
v -0.025093747302889824 -0.02250000089406967 0.07577816396951675
v -0.014970215037465096 -0.02250000089406967 0.07511245459318161
v -0.021776357665657997 -0.02250000089406967 0.08054438978433609
v -0.011361295357346535 -0.02250000089406967 0.07830967754125595
v -0.01756744086742401 -0.02250000089406967 0.08454526215791702
v -0.007092097774147987 -0.02250000089406967 0.08055032789707184
v -0.012639312073588371 -0.02250000089406967 0.08761698752641678
v -0.007193727884441614 -0.02250000089406967 0.08963381499052048
v -0.0024107336066663265 -0.02250000089406967 0.08170417696237564
v -0.001453631091862917 -0.02250000089406967 0.09051316231489182
v 0.0024107336066663265 -0.02250000089406967 0.08170417696237564
v 0.004345977213233709 -0.02250000089406967 0.09021904319524765
v 0.007092097774147987 -0.02250000089406967 0.08055032789707184
v 0.009967660531401634 -0.02250000089406967 0.08876348286867142
v 0.011361295357346535 -0.02250000089406967 0.07830967754125595
v 0.015181266702711582 -0.02250000089406967 0.0862060934305191
v 0.019773351028561592 -0.02250000089406967 0.08265155553817749
v -0.019999999552965164 -0.025499999523162842 0.06185000017285347
v -0.019999999552965164 -0.02250000089406967 0.06185000017285347
v -0.019418835639953613 -0.025499999523162842 0.06663631647825241
v -0.019418835639953613 -0.02250000089406967 0.06663631647825241
v -0.019418835639953613 -0.025499999523162842 0.06663631647825241
v -0.019418835639953613 -0.02250000089406967 0.06663631647825241
v -0.017709121108055115 -0.025499999523162842 0.0711444616317749
v -0.017709121108055115 -0.02250000089406967 0.0711444616317749
v -0.017709121108055115 -0.025499999523162842 0.0711444616317749
v -0.017709121108055115 -0.02250000089406967 0.0711444616317749
v -0.014970215037465096 -0.025499999523162842 0.07511245459318161
v -0.014970215037465096 -0.02250000089406967 0.07511245459318161
v -0.014970215037465096 -0.025499999523162842 0.07511245459318161
v -0.014970215037465096 -0.02250000089406967 0.07511245459318161
v -0.011361295357346535 -0.025499999523162842 0.07830967754125595
v -0.011361295357346535 -0.02250000089406967 0.07830967754125595
v -0.011361295357346535 -0.025499999523162842 0.07830967754125595
v -0.011361295357346535 -0.02250000089406967 0.07830967754125595
v -0.007092097774147987 -0.025499999523162842 0.08055032789707184
v -0.007092097774147987 -0.02250000089406967 0.08055032789707184
v -0.007092097774147987 -0.025499999523162842 0.08055032789707184
v -0.007092097774147987 -0.02250000089406967 0.08055032789707184
v -0.0024107336066663265 -0.025499999523162842 0.08170417696237564
v -0.0024107336066663265 -0.02250000089406967 0.08170417696237564
v -0.0024107336066663265 -0.025499999523162842 0.08170417696237564
v -0.0024107336066663265 -0.02250000089406967 0.08170417696237564
v 0.0024107336066663265 -0.025499999523162842 0.08170417696237564
v 0.0024107336066663265 -0.02250000089406967 0.08170417696237564
v 0.0024107336066663265 -0.025499999523162842 0.08170417696237564
v 0.0024107336066663265 -0.02250000089406967 0.08170417696237564
v 0.007092097774147987 -0.025499999523162842 0.08055032789707184
v 0.007092097774147987 -0.02250000089406967 0.08055032789707184
v 0.007092097774147987 -0.025499999523162842 0.08055032789707184
v 0.007092097774147987 -0.02250000089406967 0.08055032789707184
v 0.011361295357346535 -0.025499999523162842 0.07830967754125595
v 0.011361295357346535 -0.02250000089406967 0.07830967754125595
v 0.011361295357346535 -0.025499999523162842 0.07830967754125595
v 0.011361295357346535 -0.02250000089406967 0.07830967754125595
v 0.014970215037465096 -0.025499999523162842 0.07511245459318161
v 0.014970215037465096 -0.02250000089406967 0.07511245459318161
v 0.014970215037465096 -0.025499999523162842 0.07511245459318161
v 0.014970215037465096 -0.02250000089406967 0.07511245459318161
v 0.017709121108055115 -0.025499999523162842 0.0711444616317749
v 0.017709121108055115 -0.02250000089406967 0.0711444616317749
v 0.017709121108055115 -0.025499999523162842 0.0711444616317749
v 0.017709121108055115 -0.02250000089406967 0.0711444616317749
v 0.019418835639953613 -0.025499999523162842 0.06663631647825241
v 0.019418835639953613 -0.02250000089406967 0.06663631647825241
v 0.019418835639953613 -0.025499999523162842 0.06663631647825241
v 0.019418835639953613 -0.02250000089406967 0.06663631647825241
v 0.019999999552965164 -0.025499999523162842 0.06185000017285347
v 0.019999999552965164 -0.02250000089406967 0.06185000017285347
v 0.019999999552965164 -0.025499999523162842 0.06185000017285347
v 0.019999999552965164 -0.02250000089406967 0.06185000017285347
v 0.019418835639953613 -0.025499999523162842 0.05706368759274483
v 0.019418835639953613 -0.02250000089406967 0.05706368759274483
v 0.019418835639953613 -0.025499999523162842 0.05706368759274483
v 0.019418835639953613 -0.02250000089406967 0.05706368759274483
v 0.017709121108055115 -0.025499999523162842 0.05255553498864174
v 0.017709121108055115 -0.02250000089406967 0.05255553498864174
v 0.017709121108055115 -0.025499999523162842 0.05255553498864174
v 0.017709121108055115 -0.02250000089406967 0.05255553498864174
v 0.014970215037465096 -0.025499999523162842 0.04858754575252533
v 0.014970215037465096 -0.02250000089406967 0.04858754575252533
v 0.014970215037465096 -0.025499999523162842 0.04858754575252533
v 0.014970215037465096 -0.02250000089406967 0.04858754575252533
v 0.011361295357346535 -0.025499999523162842 0.04539032280445099
v 0.011361295357346535 -0.02250000089406967 0.04539032280445099
v 0.011361295357346535 -0.025499999523162842 0.04539032280445099
v 0.011361295357346535 -0.02250000089406967 0.04539032280445099
v 0.007092097774147987 -0.025499999523162842 0.0431496761739254
v 0.007092097774147987 -0.02250000089406967 0.0431496761739254
v 0.007092097774147987 -0.025499999523162842 0.0431496761739254
v 0.007092097774147987 -0.02250000089406967 0.0431496761739254
v 0.0024107336066663265 -0.025499999523162842 0.0419958233833313
v 0.0024107336066663265 -0.02250000089406967 0.0419958233833313
v 0.0024107336066663265 -0.025499999523162842 0.0419958233833313
v 0.0024107336066663265 -0.02250000089406967 0.0419958233833313
v -0.0024107336066663265 -0.025499999523162842 0.0419958233833313
v -0.0024107336066663265 -0.02250000089406967 0.0419958233833313
v -0.0024107336066663265 -0.025499999523162842 0.0419958233833313
v -0.0024107336066663265 -0.02250000089406967 0.0419958233833313
v -0.007092097774147987 -0.025499999523162842 0.0431496761739254
v -0.007092097774147987 -0.02250000089406967 0.0431496761739254
v -0.007092097774147987 -0.025499999523162842 0.0431496761739254
v -0.007092097774147987 -0.02250000089406967 0.0431496761739254
v -0.011361295357346535 -0.025499999523162842 0.04539032280445099
v -0.011361295357346535 -0.02250000089406967 0.04539032280445099
v -0.011361295357346535 -0.025499999523162842 0.04539032280445099
v -0.011361295357346535 -0.02250000089406967 0.04539032280445099
v -0.014970215037465096 -0.025499999523162842 0.04858754575252533
v -0.014970215037465096 -0.02250000089406967 0.04858754575252533
v -0.014970215037465096 -0.025499999523162842 0.04858754575252533
v -0.014970215037465096 -0.02250000089406967 0.04858754575252533
v -0.017709121108055115 -0.025499999523162842 0.05255553498864174
v -0.017709121108055115 -0.02250000089406967 0.05255553498864174
v -0.017709121108055115 -0.025499999523162842 0.05255553498864174
v -0.017709121108055115 -0.02250000089406967 0.05255553498864174
v -0.019418835639953613 -0.025499999523162842 0.05706368759274483
v -0.019418835639953613 -0.02250000089406967 0.05706368759274483
v -0.019418835639953613 -0.025499999523162842 0.05706368759274483
v -0.019418835639953613 -0.02250000089406967 0.05706368759274483
v -0.019999999552965164 -0.025499999523162842 0.06185000017285347
v -0.019999999552965164 -0.02250000089406967 0.06185000017285347
v -0.01756744086742401 0.02449999935925007 0.08454526215791702
v -0.01827174425125122 0.02449999935925007 0.0846908837556839
v -0.015953246504068375 0.02449999935925007 0.0863664522767067
v -0.022962462157011032 0.02449999935925007 0.043382659554481506
v -0.022199654951691628 0.02449999935925007 0.043660297989845276
v -0.022111764177680016 0.02449999935925007 0.04270235449075699
v -0.021776357665657997 0.02449999935925007 0.04315561056137085
v -0.02009420096874237 0.02449999935925007 0.04059475287795067
v -0.01756744086742401 0.02449999935925007 0.03915473818778992
v -0.012639312073588371 0.02449999935925007 0.08761698752641678
v -0.02041548304259777 0.02449999935925007 0.0827968493103981
v -0.021776357665657997 0.02449999935925007 0.08054438978433609
v -0.02236395888030529 0.02449999935925007 0.08070247620344162
v -0.024098537862300873 0.02449999935925007 0.07842778414487839
v -0.025093747302889824 0.02449999935925007 0.07577816396951675
v -0.02560262568295002 0.02449999935925007 0.07599454373121262
v -0.02686184085905552 0.02449999935925007 0.0734260082244873
v -0.027383796870708466 0.02449999935925007 0.07044172286987305
v -0.027864137664437294 0.02449999935925007 0.0707467645406723
v -0.028599929064512253 0.02449999935925007 0.06798242032527924
v -0.028552750125527382 0.02449999935925007 0.06475353240966797
v -0.0290621779859066 0.02449999935925007 0.06515942513942719
v -0.029246464371681213 0.02449999935925007 0.0623047798871994
v -0.028698038309812546 0.02449999935925007 0.06151445582509041
v -0.02946084551513195 0.02449999935925007 0.06123681738972664
v -0.01217807549983263 0.02449999935925007 0.03523282706737518
v -0.012994376011192799 0.02449999935925007 0.03564487397670746
v -0.012639312073588371 0.02449999935925007 0.03608300909399986
v -0.015510877594351768 0.02449999935925007 0.037051305174827576
v -0.01787670888006687 0.02449999935925007 0.03869863227009773
v -0.0015513551188632846 0.02449999935925007 0.03215605765581131
v -0.004042292945086956 0.02449999935925007 0.03242767974734306
v -0.001453631091862917 0.02449999935925007 0.033186838030815125
v -0.004550814628601074 0.02449999935925007 0.03251367807388306
v -0.007193727884441614 0.02449999935925007 0.03406618535518646
v 0.004345977213233709 0.02449999935925007 0.03348096087574959
v 0.0039251395501196384 0.02449999935925007 0.032409362494945526
v 0.0034145857207477093 0.02449999935925007 0.032336000353097916
v 0.015181266702711582 0.02449999935925007 0.037493910640478134
v 0.019773351028561592 0.02449999935925007 0.04104844853281975
v 0.018517598509788513 0.02449999935925007 0.039207980036735535
v 0.02355591021478176 0.02449999935925007 0.04545460268855095
v 0.022566458210349083 0.02449999935925007 0.043240390717983246
v 0.02064073644578457 0.02449999935925007 0.04112507402896881
v 0.028112510219216347 0.02449999935925007 0.05607273429632187
v 0.028699999675154686 0.02449999935925007 0.06185000017285347
v 0.02909625694155693 0.02449999935925007 0.05885494500398636
v 0.02924967184662819 0.02449999935925007 0.06171141564846039
v -0.001453631091862917 0.02449999935925007 0.09051316231489182
v -0.007193727884441614 0.02449999935925007 0.08963381499052048
v -0.005395690444856882 0.02449999935925007 0.09059802442789078
v -0.013482164591550827 0.02449999935925007 0.0878075361251831
v -0.01088213361799717 0.02449999935925007 0.08900035172700882
v -0.00817802082747221 0.02449999935925007 0.08993349224328995
v -0.006937266327440739 0.02449999935925007 0.03306291997432709
v -0.009217519313097 0.02449999935925007 0.03383113816380501
v -0.011366383172571659 0.02449999935925007 0.034811776131391525
v 0.0009370084153488278 0.02449999935925007 0.03212648630142212
v 0.0263740886002779 0.02449999935925007 0.050531987100839615
v 0.025754040107131004 0.02449999935925007 0.047983065247535706
v 0.02427634410560131 0.02449999935925007 0.04553370177745819
v 0.02866455167531967 0.02449999935925007 0.0560271181166172
v 0.027958687394857407 0.02449999935925007 0.05325498431921005
v 0.02698541432619095 0.02449999935925007 0.05056505650281906
v 0.011366383172571659 0.02449999935925007 0.034811776131391525
v 0.010601689107716084 0.02449999935925007 0.03443067520856857
v 0.009967660531401634 0.02449999935925007 0.034936513751745224
v 0.008480571210384369 0.02449999935925007 0.033554740250110626
v 0.0062510110437870026 0.02449999935925007 0.032879676669836044
v 0.016217349097132683 0.02449999935925007 0.037507444620132446
v 0.012994376011192799 0.02449999935925007 0.03564487397670746
v 0.01217807549983263 0.02449999935925007 0.03523282706737518
v 0.029123330488801003 0.02449999935925007 0.06456921249628067
v 0.028112510219216347 0.02449999935925007 0.06762726604938507
v 0.02871844172477722 0.02449999935925007 0.06740100681781769
v 0.02803887613117695 0.02449999935925007 0.07017970085144043
v 0.0263740886002779 0.02449999935925007 0.07316800951957703
v 0.027091134339571 0.02449999935925007 0.07287873327732086
v 0.02355591021478176 0.02449999935925007 0.07824540138244629
v 0.019773351028561592 0.02449999935925007 0.08265155553817749
v 0.02083619311451912 0.02449999935925007 0.08237840980291367
v 0.022741783410310745 0.02449999935925007 0.08024493604898453
v 0.024429861456155777 0.02449999935925007 0.07793553173542023
v 0.02588428184390068 0.02449999935925007 0.07547227293252945
v -0.0025617533829063177 0.02449999935925007 0.09098760038614273
v 0.0002966856409329921 0.02449999935925007 0.09109849482774734
v 0.004345977213233709 0.02449999935925007 0.09021904319524765
v 0.015181266702711582 0.02449999935925007 0.0862060934305191
v 0.009967660531401634 0.02449999935925007 0.08876348286867142
v 0.011430643498897552 0.02449999935925007 0.08877401798963547
v 0.014005943201482296 0.02449999935925007 0.08752870559692383
v 0.0164472833275795 0.02449999935925007 0.08603779226541519
v 0.018731314688920975 0.02449999935925007 0.08431553840637207
v 0.0031522868666797876 0.02449999935925007 0.09092964231967926
v 0.00597773864865303 0.02449999935925007 0.09048265963792801
v 0.008746015839278698 0.02449999935925007 0.08976182341575623
v -0.022199654951691628 0.029999999329447746 0.043660297989845276
v -0.02490958757698536 0.029999999329447746 0.04759509116411209
v -0.022199654951691628 0.02449999935925007 0.043660297989845276
v -0.022199654951691628 0.02449999935925007 0.043660297989845276
v -0.02490958757698536 0.029999999329447746 0.04759509116411209
v -0.025093747302889824 -0.02250000089406967 0.04792183265089989
v -0.022199654951691628 0.02449999935925007 0.043660297989845276
v -0.025093747302889824 -0.02250000089406967 0.04792183265089989
v -0.021776357665657997 0.02449999935925007 0.04315561056137085
v -0.021776357665657997 0.02449999935925007 0.04315561056137085
v -0.025093747302889824 -0.02250000089406967 0.04792183265089989
v -0.021776357665657997 -0.02250000089406967 0.04315561056137085
v -0.021776357665657997 0.02449999935925007 0.04315561056137085
v -0.021776357665657997 -0.02250000089406967 0.04315561056137085
v -0.01756744086742401 0.02449999935925007 0.03915473818778992
v -0.01756744086742401 -0.02250000089406967 0.03915473818778992
v -0.01756744086742401 0.02449999935925007 0.03915473818778992
v -0.01756744086742401 -0.02250000089406967 0.03915473818778992
v -0.012639312073588371 0.02449999935925007 0.03608300909399986
v -0.012639312073588371 -0.02250000089406967 0.03608300909399986
v -0.012639312073588371 0.02449999935925007 0.03608300909399986
v -0.012639312073588371 -0.02250000089406967 0.03608300909399986
v -0.007193727884441614 0.02449999935925007 0.03406618535518646
v -0.007193727884441614 -0.02250000089406967 0.03406618535518646
v -0.007193727884441614 0.02449999935925007 0.03406618535518646
v -0.007193727884441614 -0.02250000089406967 0.03406618535518646
v -0.001453631091862917 0.02449999935925007 0.033186838030815125
v -0.001453631091862917 -0.02250000089406967 0.033186838030815125
v -0.001453631091862917 0.02449999935925007 0.033186838030815125
v -0.001453631091862917 -0.02250000089406967 0.033186838030815125
v 0.004345977213233709 0.02449999935925007 0.03348096087574959
v 0.004345977213233709 -0.02250000089406967 0.03348096087574959
v 0.004345977213233709 0.02449999935925007 0.03348096087574959
v 0.004345977213233709 -0.02250000089406967 0.03348096087574959
v 0.009967660531401634 0.02449999935925007 0.034936513751745224
v 0.009967660531401634 -0.02250000089406967 0.034936513751745224
v 0.009967660531401634 0.02449999935925007 0.034936513751745224
v 0.009967660531401634 -0.02250000089406967 0.034936513751745224
v 0.015181266702711582 0.02449999935925007 0.037493910640478134
v 0.015181266702711582 -0.02250000089406967 0.037493910640478134
v 0.015181266702711582 0.02449999935925007 0.037493910640478134
v 0.015181266702711582 -0.02250000089406967 0.037493910640478134
v 0.019773351028561592 0.02449999935925007 0.04104844853281975
v 0.019773351028561592 -0.02250000089406967 0.04104844853281975
v 0.019773351028561592 0.02449999935925007 0.04104844853281975
v 0.019773351028561592 -0.02250000089406967 0.04104844853281975
v 0.02355591021478176 0.02449999935925007 0.04545460268855095
v 0.02355591021478176 -0.02250000089406967 0.04545460268855095
v 0.02355591021478176 0.02449999935925007 0.04545460268855095
v 0.02355591021478176 -0.02250000089406967 0.04545460268855095
v 0.0263740886002779 0.02449999935925007 0.050531987100839615
v 0.0263740886002779 -0.02250000089406967 0.050531987100839615
v 0.0263740886002779 0.02449999935925007 0.050531987100839615
v 0.0263740886002779 -0.02250000089406967 0.050531987100839615
v 0.028112510219216347 0.02449999935925007 0.05607273429632187
v 0.028112510219216347 -0.02250000089406967 0.05607273429632187
v 0.028112510219216347 0.02449999935925007 0.05607273429632187
v 0.028112510219216347 -0.02250000089406967 0.05607273429632187
v 0.028699999675154686 0.02449999935925007 0.06185000017285347
v 0.028699999675154686 -0.02250000089406967 0.06185000017285347
v 0.028699999675154686 0.02449999935925007 0.06185000017285347
v 0.028699999675154686 -0.02250000089406967 0.06185000017285347
v 0.028112510219216347 0.02449999935925007 0.06762726604938507
v 0.028112510219216347 -0.02250000089406967 0.06762726604938507
v 0.028112510219216347 0.02449999935925007 0.06762726604938507
v 0.028112510219216347 -0.02250000089406967 0.06762726604938507
v 0.0263740886002779 0.02449999935925007 0.07316800951957703
v 0.0263740886002779 -0.02250000089406967 0.07316800951957703
v 0.0263740886002779 0.02449999935925007 0.07316800951957703
v 0.0263740886002779 -0.02250000089406967 0.07316800951957703
v 0.02355591021478176 0.02449999935925007 0.07824540138244629
v 0.02355591021478176 -0.02250000089406967 0.07824540138244629
v 0.02355591021478176 0.02449999935925007 0.07824540138244629
v 0.02355591021478176 -0.02250000089406967 0.07824540138244629
v 0.019773351028561592 0.02449999935925007 0.08265155553817749
v 0.019773351028561592 -0.02250000089406967 0.08265155553817749
v 0.019773351028561592 0.02449999935925007 0.08265155553817749
v 0.019773351028561592 -0.02250000089406967 0.08265155553817749
v 0.015181266702711582 0.02449999935925007 0.0862060934305191
v 0.015181266702711582 -0.02250000089406967 0.0862060934305191
v 0.015181266702711582 0.02449999935925007 0.0862060934305191
v 0.015181266702711582 -0.02250000089406967 0.0862060934305191
v 0.009967660531401634 0.02449999935925007 0.08876348286867142
v 0.009967660531401634 -0.02250000089406967 0.08876348286867142
v 0.009967660531401634 0.02449999935925007 0.08876348286867142
v 0.009967660531401634 -0.02250000089406967 0.08876348286867142
v 0.004345977213233709 0.02449999935925007 0.09021904319524765
v 0.004345977213233709 -0.02250000089406967 0.09021904319524765
v 0.004345977213233709 0.02449999935925007 0.09021904319524765
v 0.004345977213233709 -0.02250000089406967 0.09021904319524765
v -0.001453631091862917 0.02449999935925007 0.09051316231489182
v -0.001453631091862917 -0.02250000089406967 0.09051316231489182
v -0.001453631091862917 0.02449999935925007 0.09051316231489182
v -0.001453631091862917 -0.02250000089406967 0.09051316231489182
v -0.007193727884441614 0.02449999935925007 0.08963381499052048
v -0.007193727884441614 -0.02250000089406967 0.08963381499052048
v -0.007193727884441614 0.02449999935925007 0.08963381499052048
v -0.007193727884441614 -0.02250000089406967 0.08963381499052048
v -0.012639312073588371 0.02449999935925007 0.08761698752641678
v -0.012639312073588371 -0.02250000089406967 0.08761698752641678
v -0.012639312073588371 0.02449999935925007 0.08761698752641678
v -0.012639312073588371 -0.02250000089406967 0.08761698752641678
v -0.01756744086742401 0.02449999935925007 0.08454526215791702
v -0.01756744086742401 -0.02250000089406967 0.08454526215791702
v -0.01756744086742401 0.02449999935925007 0.08454526215791702
v -0.01756744086742401 -0.02250000089406967 0.08454526215791702
v -0.021776357665657997 0.02449999935925007 0.08054438978433609
v -0.021776357665657997 -0.02250000089406967 0.08054438978433609
v -0.021776357665657997 0.02449999935925007 0.08054438978433609
v -0.021776357665657997 -0.02250000089406967 0.08054438978433609
v -0.025093747302889824 0.02449999935925007 0.07577816396951675
v -0.025093747302889824 -0.02250000089406967 0.07577816396951675
v -0.025093747302889824 0.02449999935925007 0.07577816396951675
v -0.025093747302889824 -0.02250000089406967 0.07577816396951675
v -0.027383796870708466 0.02449999935925007 0.07044172286987305
v -0.027383796870708466 -0.02250000089406967 0.07044172286987305
v -0.027383796870708466 0.02449999935925007 0.07044172286987305
v -0.027383796870708466 -0.02250000089406967 0.07044172286987305
v -0.028552750125527382 0.02449999935925007 0.06475353240966797
v -0.028552750125527382 -0.02250000089406967 0.05894646793603897
v -0.028698038309812546 0.02449999935925007 0.06151445582509041
v -0.028699999675154686 -0.02250000089406967 0.06185000017285347
v -0.028699999675154686 -0.02250000089406967 0.06185000017285347
v -0.028698038309812546 0.02449999935925007 0.06151445582509041
v -0.028552750125527382 0.02449999935925007 0.06475353240966797
v -0.028699999675154686 -0.02250000089406967 0.06185000017285347
v -0.028552750125527382 0.02449999935925007 0.06475353240966797
v -0.028552750125527382 -0.02250000089406967 0.06475353240966797
v -0.028552750125527382 -0.02250000089406967 0.06475353240966797
v -0.028698038309812546 0.029999999329447746 0.06151445582509041
v -0.028698038309812546 0.02449999935925007 0.06151445582509041
v -0.028552750125527382 0.029999999329447746 0.05894646793603897
v -0.028552750125527382 -0.02250000089406967 0.05894646793603897
v -0.028552750125527382 0.029999999329447746 0.05894646793603897
v -0.028552750125527382 -0.02250000089406967 0.05894646793603897
v -0.028244730085134506 0.029999999329447746 0.056758321821689606
v -0.028244730085134506 0.029999999329447746 0.056758321821689606
v -0.028552750125527382 -0.02250000089406967 0.05894646793603897
v -0.027383796870708466 -0.02250000089406967 0.05325827747583389
v -0.02490958757698536 0.029999999329447746 0.04759509116411209
v -0.025093747302889824 0.029999999329447746 0.04792183265089989
v -0.025093747302889824 -0.02250000089406967 0.04792183265089989
v -0.025093747302889824 -0.02250000089406967 0.04792183265089989
v -0.025093747302889824 0.029999999329447746 0.04792183265089989
v -0.026969177648425102 0.029999999329447746 0.05203402042388916
v -0.025093747302889824 -0.02250000089406967 0.04792183265089989
v -0.026969177648425102 0.029999999329447746 0.05203402042388916
v -0.027383796870708466 -0.02250000089406967 0.05325827747583389
v -0.027383796870708466 -0.02250000089406967 0.05325827747583389
v -0.026969177648425102 0.029999999329447746 0.05203402042388916
v -0.027383796870708466 0.029999999329447746 0.05325827747583389
v -0.027383796870708466 -0.02250000089406967 0.05325827747583389
v -0.027383796870708466 0.029999999329447746 0.05325827747583389
v -0.028244730085134506 0.029999999329447746 0.056758321821689606
v 0.011069348081946373 0.01784571446478367 0.026788709685206413
v 0.011235811747610569 0.017741378396749496 0.026888413354754448
v 0.013925575651228428 0.015718726441264153 0.0
v 0.013925575651228428 0.015718726441264153 0.0
v 0.011235811747610569 0.017741378396749496 0.026888413354754448
v 0.012606661766767502 0.016795001924037933 0.02779148705303669
v 0.006770837586373091 0.019878525286912918 0.025342648848891258
v 0.0080798901617527 0.019383378326892853 0.025606762617826462
v 0.009759186767041683 0.01859457604587078 0.0
v 0.005025628954172134 0.020389778539538383 0.0
v 0.005011794622987509 0.020393183454871178 0.025133982300758362
v 0.009759186767041683 0.01859457604587078 0.0
v 0.009759186767041683 0.01859457604587078 0.0
v 0.005011794622987509 0.020393183454871178 0.025133982300758362
v 0.006525788921862841 0.0199603121727705 0.025304842740297318
v 0.009759186767041683 0.01859457604587078 0.0
v 0.006525788921862841 0.0199603121727705 0.025304842740297318
v 0.006770837586373091 0.019878525286912918 0.025342648848891258
v 0.0080798901617527 0.019383378326892853 0.025606762617826462
v 0.009308943524956703 0.01882401667535305 0.025974607095122337
v 0.009759186767041683 0.01859457604587078 0.0
v 0.009759186767041683 0.01859457604587078 0.0
v 0.009308943524956703 0.01882401667535305 0.025974607095122337
v 0.009763993322849274 0.018592052161693573 0.02614806592464447
v 0.009759186767041683 0.01859457604587078 0.0
v 0.009763993322849274 0.018592052161693573 0.02614806592464447
v 0.013925575651228428 0.015718726441264153 0.0
v 0.013925575651228428 0.015718726441264153 0.0
v 0.009763993322849274 0.018592052161693573 0.02614806592464447
v 0.01045413687825203 0.01821293495595455 0.02645769901573658
v 0.013925575651228428 0.015718726441264153 0.0
v 0.01045413687825203 0.01821293495595455 0.02645769901573658
v 0.011069348081946373 0.01784571446478367 0.026788709685206413
v -4.2617416262658026e-09 0.020999999716877937 0.024985622614622116
v 0.00015360047109425068 0.02099943906068802 0.024985704571008682
v -3.943999228604367e-18 0.020999999716877937 0.0
v -3.943999228604367e-18 0.020999999716877937 0.0
v 0.00015360047109425068 0.02099943906068802 0.024985704571008682
v 0.0018175587756559253 0.020921196788549423 0.0249982587993145
v -3.943999228604367e-18 0.020999999716877937 0.0
v 0.0018175587756559253 0.020921196788549423 0.0249982587993145
v 0.005025628954172134 0.020389778539538383 0.0
v 0.005025628954172134 0.020389778539538383 0.0
v 0.0018175587756559253 0.020921196788549423 0.0249982587993145
v 0.0034395272377878428 0.020716410130262375 0.025040699169039726
v 0.005025628954172134 0.020389778539538383 0.0
v 0.0034395272377878428 0.020716410130262375 0.025040699169039726
v 0.005011794622987509 0.020393183454871178 0.025133982300758362
v -0.004821626003831625 0.02043898031115532 0.025118906050920486
v -0.003184475004673004 0.020757146179676056 0.025031184777617455
v -0.005025628954172134 0.020389778539538383 0.0
v -0.005025628954172134 0.020389778539538383 0.0
v -0.003184475004673004 0.020757146179676056 0.025031184777617455
v -3.943999228604367e-18 0.020999999716877937 0.0
v -3.943999228604367e-18 0.020999999716877937 0.0
v -0.003184475004673004 0.020757146179676056 0.025031184777617455
v -0.0014987180475145578 0.020946452394127846 0.024993978440761566
v -3.943999228604367e-18 0.020999999716877937 0.0
v -0.0014987180475145578 0.020946452394127846 0.024993978440761566
v -4.2617416262658026e-09 0.020999999716877937 0.024985622614622116
v -0.009095621295273304 0.018928011879324913 0.025900792330503464
v -0.007809789385646582 0.019493773579597473 0.02554275654256344
v -0.009759186767041683 0.01859457604587078 0.0
v -0.009759186767041683 0.01859457604587078 0.0
v -0.007809789385646582 0.019493773579597473 0.02554275654256344
v -0.0063943155109882355 0.02000281773507595 0.02528586983680725
v -0.009759186767041683 0.01859457604587078 0.0
v -0.0063943155109882355 0.02000281773507595 0.02528586983680725
v -0.005025628954172134 0.020389778539538383 0.0
v -0.005025628954172134 0.020389778539538383 0.0
v -0.0063943155109882355 0.02000281773507595 0.02528586983680725
v -0.005026145372539759 0.020389650017023087 0.02513517066836357
v -0.005025628954172134 0.020389778539538383 0.0
v -0.005026145372539759 0.020389650017023087 0.02513517066836357
v -0.004821626003831625 0.02043898031115532 0.025118906050920486
v -0.013925738632678986 0.015718581154942513 0.02878582663834095
v -0.013897511176764965 0.015743544325232506 0.028763186186552048
v -0.013925575651228428 0.015718726441264153 0.0
v -0.013925575651228428 0.015718726441264153 0.0
v -0.013897511176764965 0.015743544325232506 0.028763186186552048
v -0.013290701434016228 0.01625906676054001 0.02829110249876976
v -0.013925575651228428 0.015718726441264153 0.0
v -0.013290701434016228 0.01625906676054001 0.02829110249876976
v -0.01194703672081232 0.017270445823669434 0.027341030538082123
v -0.01194703672081232 0.017270445823669434 0.027341030538082123
v -0.011235811747610569 0.017741378396749496 0.026888413354754448
v -0.013925575651228428 0.015718726441264153 0.0
v -0.013925575651228428 0.015718726441264153 0.0
v -0.011235811747610569 0.017741378396749496 0.026888413354754448
v -0.01028941385447979 0.01830650120973587 0.026378264650702477
v -0.013925575651228428 0.015718726441264153 0.0
v -0.01028941385447979 0.01830650120973587 0.026378264650702477
v -0.009759186767041683 0.01859457604587078 0.0
v -0.009759186767041683 0.01859457604587078 0.0
v -0.01028941385447979 0.01830650120973587 0.026378264650702477
v -0.0097642308101058 0.018591929227113724 0.02614816091954708
v -0.009759186767041683 0.01859457604587078 0.0
v -0.0097642308101058 0.018591929227113724 0.02614816091954708
v -0.009095621295273304 0.018928011879324913 0.025900792330503464
v -0.013925738632678986 0.015718581154942513 0.02878582663834095
v -0.013925575651228428 0.015718726441264153 0.0
v -0.01514191273599863 0.014550686813890934 0.029821520671248436
v -0.01514191273599863 0.014550686813890934 0.029821520671248436
v -0.013925575651228428 0.015718726441264153 0.0
v -0.01728266105055809 0.011929359287023544 0.0
v -0.01514191273599863 0.014550686813890934 0.029821520671248436
v -0.01728266105055809 0.011929359287023544 0.0
v -0.01628507487475872 0.01325882039964199 0.030909553170204163
v -0.019635340198874474 0.007446702569723129 0.0
v -0.019541459158062935 0.007689694408327341 0.034742292016744614
v -0.018891921266913414 0.009170347824692726 0.033877965062856674
v -0.018891921266913414 0.009170347824692726 0.033877965062856674
v -0.01825184002518654 0.01038606371730566 0.03307893127202988
v -0.019635340198874474 0.007446702569723129 0.0
v -0.019635340198874474 0.007446702569723129 0.0
v -0.01825184002518654 0.01038606371730566 0.03307893127202988
v -0.017323201522231102 0.011870411224663258 0.032004136592149734
v -0.019635340198874474 0.007446702569723129 0.0
v -0.017323201522231102 0.011870411224663258 0.032004136592149734
v -0.01728266105055809 0.011929359287023544 0.0
v -0.01728266105055809 0.011929359287023544 0.0
v -0.017323201522231102 0.011870411224663258 0.032004136592149734
v -0.01728256605565548 0.011929498054087162 0.03195924311876297
v -0.01728266105055809 0.011929359287023544 0.0
v -0.01728256605565548 0.011929498054087162 0.03195924311876297
v -0.01628507487475872 0.01325882039964199 0.030909553170204163
v -0.020846886560320854 0.0025312702637165785 0.0
v -0.02083422988653183 0.0026334193535149097 0.03664508834481239
v -0.02061828225851059 0.003985780756920576 0.036308690905570984
v -0.02061828225851059 0.003985780756920576 0.036308690905570984
v -0.02046237885951996 0.004721339326351881 0.036070700734853745
v -0.020846886560320854 0.0025312702637165785 0.0
v -0.020846886560320854 0.0025312702637165785 0.0
v -0.02046237885951996 0.004721339326351881 0.036070700734853745
v -0.020061548799276352 0.006207597441971302 0.035476747900247574
v -0.020846886560320854 0.0025312702637165785 0.0
v -0.020061548799276352 0.006207597441971302 0.035476747900247574
v -0.019635340198874474 0.007446702569723129 0.0
v -0.019635340198874474 0.007446702569723129 0.0
v -0.020061548799276352 0.006207597441971302 0.035476747900247574
v -0.019634274765849113 0.0074495128355920315 0.03487049788236618
v -0.019635340198874474 0.007446702569723129 0.0
v -0.019634274765849113 0.0074495128355920315 0.03487049788236618
v -0.019541459158062935 0.007689694408327341 0.034742292016744614
v -0.020846886560320854 0.0025312702637165785 0.0
v -0.020846886560320854 -0.0025312702637165785 0.0
v -0.020846569910645485 -0.0025338761042803526 0.036664556711912155
v -0.020846569910645485 -0.0025338761042803526 0.036664556711912155
v -0.020888499915599823 -0.002161159412935376 0.036730892956256866
v -0.020846886560320854 0.0025312702637165785 0.0
v -0.020846886560320854 0.0025312702637165785 0.0
v -0.020888499915599823 -0.002161159412935376 0.036730892956256866
v -0.02098347619175911 -0.0008329148986376822 0.03688231110572815
v -0.020846886560320854 0.0025312702637165785 0.0
v -0.02098347619175911 -0.0008329148986376822 0.03688231110572815
v -0.020999904721975327 -6.297796062426642e-05 0.03690866753458977
v -0.020999904721975327 -6.297796062426642e-05 0.03690866753458977
v -0.020960455760359764 0.001288129249587655 0.03684546425938606
v -0.020846886560320854 0.0025312702637165785 0.0
v -0.020846886560320854 0.0025312702637165785 0.0
v -0.020960455760359764 0.001288129249587655 0.03684546425938606
v -0.020846804603934288 0.0025319440755993128 0.0366649255156517
v -0.020846886560320854 0.0025312702637165785 0.0
v -0.020846804603934288 0.0025319440755993128 0.0366649255156517
v -0.02083422988653183 0.0026334193535149097 0.03664508834481239
v -0.019635340198874474 -0.007446702569723129 0.0
v -0.019634734839200974 -0.007448299787938595 0.03487113490700722
v -0.020846886560320854 -0.0025312702637165785 0.0
v -0.020846886560320854 -0.0025312702637165785 0.0
v -0.019634734839200974 -0.007448299787938595 0.03487113490700722
v -0.02007564902305603 -0.006161844357848167 0.035497214645147324
v -0.02007564902305603 -0.006161844357848167 0.035497214645147324
v -0.020436756312847137 -0.0048310416750609875 0.036031972616910934
v -0.020846886560320854 -0.0025312702637165785 0.0
v -0.020846886560320854 -0.0025312702637165785 0.0
v -0.020436756312847137 -0.0048310416750609875 0.036031972616910934
v -0.020707465708255768 -0.0034929716493934393 0.03644665703177452
v -0.020846886560320854 -0.0025312702637165785 0.0
v -0.020707465708255768 -0.0034929716493934393 0.03644665703177452
v -0.020846569910645485 -0.0025338761042803526 0.036664556711912155
v -0.0182713083922863 -0.010351778008043766 0.033102504909038544
v -0.01898409053683281 -0.008977990597486496 0.033997222781181335
v -0.019635340198874474 -0.007446702569723129 0.0
v -0.019635340198874474 -0.007446702569723129 0.0
v -0.01898409053683281 -0.008977990597486496 0.033997222781181335
v -0.019584307447075844 -0.007579901721328497 0.03480132669210434
v -0.019635340198874474 -0.007446702569723129 0.0
v -0.019584307447075844 -0.007579901721328497 0.03480132669210434
v -0.019634734839200974 -0.007448299787938595 0.03487113490700722
v -0.015270357020199299 -0.014415831305086613 0.029938025400042534
v -0.016410578042268753 -0.013103164732456207 0.031036270782351494
v -0.01728266105055809 -0.011929359287023544 0.0
v -0.01728266105055809 -0.011929359287023544 0.0
v -0.016410578042268753 -0.013103164732456207 0.031036270782351494
v -0.017282305285334587 -0.011929876171052456 0.03195895254611969
v -0.01728266105055809 -0.011929359287023544 0.0
v -0.017282305285334587 -0.011929876171052456 0.03195895254611969
v -0.019635340198874474 -0.007446702569723129 0.0
v -0.019635340198874474 -0.007446702569723129 0.0
v -0.017282305285334587 -0.011929876171052456 0.03195895254611969
v -0.01743413135409355 -0.011706882156431675 0.03212756663560867
v -0.019635340198874474 -0.007446702569723129 0.0
v -0.01743413135409355 -0.011706882156431675 0.03212756663560867
v -0.0182713083922863 -0.010351778008043766 0.033102504909038544
v -0.011433367617428303 -0.017614712938666344 0.02701076865196228
v -0.012801555916666985 -0.01664692722260952 0.027930406853556633
v -0.013925575651228428 -0.015718726441264153 0.0
v -0.013925575651228428 -0.015718726441264153 0.0
v -0.012801555916666985 -0.01664692722260952 0.027930406853556633
v -0.013926127925515175 -0.015718236565589905 0.02878613956272602
v -0.013925575651228428 -0.015718726441264153 0.0
v -0.013926127925515175 -0.015718236565589905 0.02878613956272602
v -0.01728266105055809 -0.011929359287023544 0.0
v -0.01728266105055809 -0.011929359287023544 0.0
v -0.013926127925515175 -0.015718236565589905 0.02878613956272602
v -0.014013323932886124 -0.01564054749906063 0.028856471180915833
v -0.01728266105055809 -0.011929359287023544 0.0
v -0.014013323932886124 -0.01564054749906063 0.028856471180915833
v -0.015270357020199299 -0.014415831305086613 0.029938025400042534
v -0.007712102495133877 -0.01953262649476528 0.025255119428038597
v -0.008309934288263321 -0.01928587444126606 0.025446543470025063
v -0.009759186767041683 -0.01859457604587078 0.0
v -0.008309934288263321 -0.01928587444126606 0.025446543470025063
v -0.009520146064460278 -0.018718088045716286 0.025938434526324272
v -0.009759186767041683 -0.01859457604587078 0.0
v -0.009759186767041683 -0.01859457604587078 0.0
v -0.009520146064460278 -0.018718088045716286 0.025938434526324272
v -0.00976027362048626 -0.018594006076455116 0.02605554834008217
v -0.009759186767041683 -0.01859457604587078 0.0
v -0.00976027362048626 -0.018594006076455116 0.02605554834008217
v -0.013925575651228428 -0.015718726441264153 0.0
v -0.013925575651228428 -0.015718726441264153 0.0
v -0.00976027362048626 -0.018594006076455116 0.02605554834008217
v -0.010001233778893948 -0.018465517088770866 0.026180509477853775
v -0.013925575651228428 -0.015718726441264153 0.0
v -0.010001233778893948 -0.018465517088770866 0.026180509477853775
v -0.011433367617428303 -0.017614712938666344 0.02701076865196228
v -0.001851726439781487 -0.02091819979250431 0.024439675733447075
v -0.0034086958039551973 -0.02072150632739067 0.024527214467525482
v -0.005025628954172134 -0.020389778539538383 0.0
v -0.001851726439781487 -0.02091819979250431 0.024439675733447075
v -0.005025628954172134 -0.020389778539538383 0.0
v -0.0011848575668409467 -0.02096654660999775 0.02441970631480217
v -0.0011848575668409467 -0.02096654660999775 0.02441970631480217
v -0.005025628954172134 -0.020389778539538383 0.0
v 1.372241040834765e-18 -0.020999999716877937 0.0
v -0.0011848575668409467 -0.02096654660999775 0.02441970631480217
v 1.372241040834765e-18 -0.020999999716877937 0.0
v -3.706693973981601e-08 -0.020999999716877937 0.024406252428889275
v -0.0034086958039551973 -0.02072150632739067 0.024527214467525482
v -0.004908542148768902 -0.020418280735611916 0.024681242182850838
v -0.005025628954172134 -0.020389778539538383 0.0
v -0.005025628954172134 -0.020389778539538383 0.0
v -0.004908542148768902 -0.020418280735611916 0.024681242182850838
v -0.005026157479733229 -0.020389648154377937 0.024696946144104004
v -0.005025628954172134 -0.020389778539538383 0.0
v -0.005026157479733229 -0.020389648154377937 0.024696946144104004
v -0.009759186767041683 -0.01859457604587078 0.0
v -0.009759186767041683 -0.01859457604587078 0.0
v -0.005026157479733229 -0.020389648154377937 0.024696946144104004
v -0.006344678811728954 -0.020018618553876877 0.02491793967783451
v -0.009759186767041683 -0.01859457604587078 0.0
v -0.006344678811728954 -0.020018618553876877 0.02491793967783451
v -0.007712102495133877 -0.01953262649476528 0.025255119428038597
v 0.004861302673816681 -0.02042957954108715 0.024675099179148674
v 0.003806999186053872 -0.02065204083919525 0.024560490623116493
v 0.005025628954172134 -0.020389778539538383 0.0
v 0.005025628954172134 -0.020389778539538383 0.0
v 0.003806999186053872 -0.02065204083919525 0.024560490623116493
v 0.0021622919011861086 -0.02088838256895542 0.024452300742268562
v 0.005025628954172134 -0.020389778539538383 0.0
v 0.0021622919011861086 -0.02088838256895542 0.024452300742268562
v 1.372241040834765e-18 -0.020999999716877937 0.0
v 1.372241040834765e-18 -0.020999999716877937 0.0
v 0.0021622919011861086 -0.02088838256895542 0.024452300742268562
v 0.0004927353002130985 -0.020994218066334724 0.024408556520938873
v 1.372241040834765e-18 -0.020999999716877937 0.0
v 0.0004927353002130985 -0.020994218066334724 0.024408556520938873
v -3.706693973981601e-08 -0.020999999716877937 0.024406252428889275
v 0.009030450135469437 -0.01895919255912304 0.025720776990056038
v 0.007727835793048143 -0.019526407122612 0.025259777903556824
v 0.009759186767041683 -0.01859457604587078 0.0
v 0.009759186767041683 -0.01859457604587078 0.0
v 0.007727835793048143 -0.019526407122612 0.025259777903556824
v 0.00633874349296093 -0.02002049796283245 0.024916738271713257
v 0.009759186767041683 -0.01859457604587078 0.0
v 0.00633874349296093 -0.02002049796283245 0.024916738271713257
v 0.005025628954172134 -0.020389778539538383 0.0
v 0.005025628954172134 -0.020389778539538383 0.0
v 0.00633874349296093 -0.02002049796283245 0.024916738271713257
v 0.005026359111070633 -0.020389597862958908 0.024696974083781242
v 0.005025628954172134 -0.020389778539538383 0.0
v 0.005026359111070633 -0.020389597862958908 0.024696974083781242
v 0.004861302673816681 -0.02042957954108715 0.024675099179148674
v 0.013342708349227905 -0.016216415911912918 0.028330480679869652
v 0.012019714340567589 -0.017219943925738335 0.027389192953705788
v 0.013925575651228428 -0.015718726441264153 0.0
v 0.012019714340567589 -0.017219943925738335 0.027389192953705788
v 0.010630099102854729 -0.018110796809196472 0.026529042050242424
v 0.013925575651228428 -0.015718726441264153 0.0
v 0.013925575651228428 -0.015718726441264153 0.0
v 0.010630099102854729 -0.018110796809196472 0.026529042050242424
v 0.010001233778893948 -0.018465517088770866 0.026180509477853775
v 0.013925575651228428 -0.015718726441264153 0.0
v 0.010001233778893948 -0.018465517088770866 0.026180509477853775
v 0.009759186767041683 -0.01859457604587078 0.0
v 0.009759186767041683 -0.01859457604587078 0.0
v 0.010001233778893948 -0.018465517088770866 0.026180509477853775
v 0.009762248024344444 -0.018592968583106995 0.026056542992591858
v 0.009759186767041683 -0.01859457604587078 0.0
v 0.009762248024344444 -0.018592968583106995 0.026056542992591858
v 0.009030450135469437 -0.01895919255912304 0.025720776990056038
v 0.01632482185959816 -0.013209853321313858 0.03094952180981636
v 0.015184875577688217 -0.014505845494568348 0.02986033260822296
v 0.01728266105055809 -0.011929359287023544 0.0
v 0.01728266105055809 -0.011929359287023544 0.0
v 0.015184875577688217 -0.014505845494568348 0.02986033260822296
v 0.013943202793598175 -0.015703091397881508 0.028799865394830704
v 0.01728266105055809 -0.011929359287023544 0.0
v 0.013943202793598175 -0.015703091397881508 0.028799865394830704
v 0.013925575651228428 -0.015718726441264153 0.0
v 0.013925575651228428 -0.015718726441264153 0.0
v 0.013943202793598175 -0.015703091397881508 0.028799865394830704
v 0.013925631530582905 -0.015718676149845123 0.028785740956664085
v 0.013925575651228428 -0.015718726441264153 0.0
v 0.013925631530582905 -0.015718676149845123 0.028785740956664085
v 0.013342708349227905 -0.016216415911912918 0.028330480679869652
v 0.019635340198874474 -0.007446702569723129 0.0
v 0.01956065185368061 -0.007640737108886242 0.03476870432496071
v 0.01891593262553215 -0.009120719507336617 0.03390892595052719
v 0.01891593262553215 -0.009120719507336617 0.03390892595052719
v 0.018283724784851074 -0.010329832322895527 0.03311756253242493
v 0.019635340198874474 -0.007446702569723129 0.0
v 0.019635340198874474 -0.007446702569723129 0.0
v 0.018283724784851074 -0.010329832322895527 0.03311756253242493
v 0.017359239980578423 -0.011817647144198418 0.03204409405589104
v 0.019635340198874474 -0.007446702569723129 0.0
v 0.017359239980578423 -0.011817647144198418 0.03204409405589104
v 0.01728266105055809 -0.011929359287023544 0.0
v 0.01728266105055809 -0.011929359287023544 0.0
v 0.017359239980578423 -0.011817647144198418 0.03204409405589104
v 0.017282480373978615 -0.011929621919989586 0.03195914626121521
v 0.01728266105055809 -0.011929359287023544 0.0
v 0.017282480373978615 -0.011929621919989586 0.03195914626121521
v 0.01632482185959816 -0.013209853321313858 0.03094952180981636
v 0.020846886560320854 -0.0025312702637165785 0.0
v 0.02083960920572281 -0.002590503543615341 0.03665357083082199
v 0.02062670886516571 -0.003941936884075403 0.036321669816970825
v 0.02062670886516571 -0.003941936884075403 0.036321669816970825
v 0.02047298662364483 -0.004675128031522036 0.03608676791191101
v 0.020846886560320854 -0.0025312702637165785 0.0
v 0.020846886560320854 -0.0025312702637165785 0.0
v 0.02047298662364483 -0.004675128031522036 0.03608676791191101
v 0.020076259970664978 -0.006159855518490076 0.03549810126423836
v 0.020846886560320854 -0.0025312702637165785 0.0
v 0.020076259970664978 -0.006159855518490076 0.03549810126423836
v 0.019635340198874474 -0.007446702569723129 0.0
v 0.019635340198874474 -0.007446702569723129 0.0
v 0.020076259970664978 -0.006159855518490076 0.03549810126423836
v 0.019634457305073738 -0.007449032738804817 0.034870751202106476
v 0.019635340198874474 -0.007446702569723129 0.0
v 0.019634457305073738 -0.007449032738804817 0.034870751202106476
v 0.01956065185368061 -0.007640737108886242 0.03476870432496071
v 0.020846886560320854 -0.0025312702637165785 0.0
v 0.0209819283336401 0.0008710346883162856 0.036879830062389374
v 0.020999738946557045 0.00010463235230417922 0.03690839931368828
v 0.020999738946557045 0.00010463235230417922 0.03690839931368828
v 0.02096300572156906 -0.0012459374265745282 0.03684954345226288
v 0.020846886560320854 -0.0025312702637165785 0.0
v 0.020846886560320854 -0.0025312702637165785 0.0
v 0.02096300572156906 -0.0012459374265745282 0.03684954345226288
v 0.020846838131546974 -0.0025316663086414337 0.03666497766971588
v 0.020846886560320854 -0.0025312702637165785 0.0
v 0.020846838131546974 -0.0025316663086414337 0.03666497766971588
v 0.02083960920572281 -0.002590503543615341 0.03665357083082199
v 0.019635340198874474 0.007446702569723129 0.0
v 0.019965391606092453 0.0065102349035441875 0.03533795848488808
v 0.020846886560320854 0.0025312702637165785 0.0
v 0.020846886560320854 0.0025312702637165785 0.0
v 0.019965391606092453 0.0065102349035441875 0.03533795848488808
v 0.020376740023493767 0.005078233312815428 0.03594166412949562
v 0.020846886560320854 0.0025312702637165785 0.0
v 0.020376740023493767 0.005078233312815428 0.03594166412949562
v 0.020429152995347977 0.004863098729401827 0.03602049872279167
v 0.020429152995347977 0.004863098729401827 0.03602049872279167
v 0.02070089615881443 0.0035316988360136747 0.03643644601106644
v 0.020846886560320854 0.0025312702637165785 0.0
v 0.020846886560320854 0.0025312702637165785 0.0
v 0.02070089615881443 0.0035316988360136747 0.03643644601106644
v 0.020846588537096977 0.0025337273254990578 0.036664582788944244
v 0.020846886560320854 0.0025312702637165785 0.0
v 0.020846588537096977 0.0025337273254990578 0.036664582788944244
v 0.020846886560320854 -0.0025312702637165785 0.0
v 0.020846886560320854 -0.0025312702637165785 0.0
v 0.020846588537096977 0.0025337273254990578 0.036664582788944244
v 0.02088448405265808 0.002199623268097639 0.036724526435136795
v 0.020846886560320854 -0.0025312702637165785 0.0
v 0.02088448405265808 0.002199623268097639 0.036724526435136795
v 0.0209819283336401 0.0008710346883162856 0.036879830062389374
v 0.018823696300387383 0.009309588931500912 0.03379038721323013
v 0.019448602572083473 0.007921609096229076 0.03461523726582527
v 0.019635340198874474 0.007446702569723129 0.0
v 0.019635340198874474 0.007446702569723129 0.0
v 0.019448602572083473 0.007921609096229076 0.03461523726582527
v 0.019633768126368523 0.007450849749147892 0.03486979380249977
v 0.019635340198874474 0.007446702569723129 0.0
v 0.019633768126368523 0.007450849749147892 0.03486979380249977
v 0.019965391606092453 0.0065102349035441875 0.03533795848488808
v 0.012606661766767502 0.016795001924037933 0.02779148705303669
v 0.01276792585849762 0.016672734171152115 0.02790624275803566
v 0.013925575651228428 0.015718726441264153 0.0
v 0.013925575651228428 0.015718726441264153 0.0
v 0.01276792585849762 0.016672734171152115 0.02790624275803566
v 0.013926747255027294 0.01571768894791603 0.028786636888980865
v 0.013925575651228428 0.015718726441264153 0.0
v 0.013926747255027294 0.01571768894791603 0.028786636888980865
v 0.01728266105055809 0.011929359287023544 0.0
v 0.013926747255027294 0.01571768894791603 0.028786636888980865
v 0.014106808230280876 0.015556284226477146 0.02893253043293953
v 0.01728266105055809 0.011929359287023544 0.0
v 0.01728266105055809 0.011929359287023544 0.0
v 0.014106808230280876 0.015556284226477146 0.02893253043293953
v 0.015348561108112335 0.014332538470625877 0.03000965341925621
v 0.01728266105055809 0.011929359287023544 0.0
v 0.015348561108112335 0.014332538470625877 0.03000965341925621
v 0.01648971624672413 0.013003431260585785 0.031116945669054985
v 0.01648971624672413 0.013003431260585785 0.031116945669054985
v 0.017235707491636276 0.011997099965810776 0.031907688826322556
v 0.01728266105055809 0.011929359287023544 0.0
v 0.01728266105055809 0.011929359287023544 0.0
v 0.017235707491636276 0.011997099965810776 0.031907688826322556
v 0.01728246547281742 0.011929642409086227 0.031959131360054016
v 0.01728266105055809 0.011929359287023544 0.0
v 0.01728246547281742 0.011929642409086227 0.031959131360054016
v 0.019635340198874474 0.007446702569723129 0.0
v 0.019635340198874474 0.007446702569723129 0.0
v 0.01728246547281742 0.011929642409086227 0.031959131360054016
v 0.01808738149702549 0.010669893585145473 0.03288154676556587
v 0.019635340198874474 0.007446702569723129 0.0
v 0.01808738149702549 0.010669893585145473 0.03288154676556587
v 0.018823696300387383 0.009309588931500912 0.03379038721323013
v -0.010665882378816605 0.019976239651441574 0.03136175498366356
v -0.011117460206151009 0.021854601800441742 0.03302467241883278
v -0.010259995236992836 0.021968748420476913 0.032496824860572815
v 0.011827465146780014 0.02361111156642437 0.03393140435218811
v 0.010966939851641655 0.021874066442251205 0.032926350831985474
v 0.011663252487778664 0.0236271433532238 0.033848438411951065
v 0.011663252487778664 0.0236271433532238 0.033848438411951065
v 0.010966939851641655 0.021874066442251205 0.032926350831985474
v 0.010409663431346416 0.02194835990667343 0.03258347138762474
v 0.011663252487778664 0.0236271433532238 0.033848438411951065
v 0.010409663431346416 0.02194835990667343 0.03258347138762474
v 0.011022388935089111 0.023686563596129417 0.03354286774992943
v 0.011022388935089111 0.023686563596129417 0.03354286774992943
v 0.010409663431346416 0.02194835990667343 0.03258347138762474
v 0.009362642653286457 0.022092487663030624 0.03202207386493683
v 0.011022388935089111 0.023686563596129417 0.03354286774992943
v 0.009362642653286457 0.022092487663030624 0.03202207386493683
v 0.008794045075774193 0.02385634370148182 0.03267453983426094
v 0.008794045075774193 0.02385634370148182 0.03267453983426094
v 0.009362642653286457 0.022092487663030624 0.03202207386493683
v 0.008688407950103283 0.02386307157576084 0.032639939337968826
v 0.009362642653286457 0.022092487663030624 0.03202207386493683
v 0.008216443471610546 0.02224784530699253 0.03151608631014824
v 0.008688407950103283 0.02386307157576084 0.032639939337968826
v 0.008688407950103283 0.02386307157576084 0.032639939337968826
v 0.008216443471610546 0.02224784530699253 0.03151608631014824
v 0.006963437423110008 0.022405080497264862 0.031073184683918953
v 0.008688407950103283 0.02386307157576084 0.032639939337968826
v 0.006963437423110008 0.022405080497264862 0.031073184683918953
v 0.007348270621150732 0.02393907867372036 0.032246023416519165
v 0.007348270621150732 0.02393907867372036 0.032246023416519165
v 0.006963437423110008 0.022405080497264862 0.031073184683918953
v 0.006724937353283167 0.022432908415794373 0.031000426039099693
v 0.007348270621150732 0.02393907867372036 0.032246023416519165
v 0.006724937353283167 0.022432908415794373 0.031000426039099693
v 0.007094476372003555 0.023951618000864983 0.032180365175008774
v 0.007094476372003555 0.023951618000864983 0.032180365175008774
v 0.006724937353283167 0.022432908415794373 0.031000426039099693
v 0.0052239359356462955 0.022589318454265594 0.0306171253323555
v 0.007094476372003555 0.023951618000864983 0.032180365175008774
v 0.0052239359356462955 0.022589318454265594 0.0306171253323555
v 0.006465150509029627 0.02398032695055008 0.032029129564762115
v 0.006465150509029627 0.02398032695055008 0.032029129564762115
v 0.0052239359356462955 0.022589318454265594 0.0306171253323555
v 0.0036189393140375614 0.02271650917828083 0.030332863330841064
v 0.006465150509029627 0.02398032695055008 0.032029129564762115
v 0.0036189393140375614 0.02271650917828083 0.030332863330841064
v 0.0040510548278689384 0.024061715230345726 0.03159166872501373
v 0.0019246048759669065 0.022801915183663368 0.0301536675542593
v 0.0009657365153543651 0.024108370766043663 0.031333357095718384
v 0.0036189393140375614 0.02271650917828083 0.030332863330841064
v 0.0036189393140375614 0.02271650917828083 0.030332863330841064
v 0.0009657365153543651 0.024108370766043663 0.031333357095718384
v 0.0035228924825787544 0.02407398819923401 0.031524330377578735
v 0.0036189393140375614 0.02271650917828083 0.030332863330841064
v 0.0035228924825787544 0.02407398819923401 0.031524330377578735
v 0.0040510548278689384 0.024061715230345726 0.03159166872501373
v 0.0019246048759669065 0.022801915183663368 0.0301536675542593
v 0.00016305923054460436 0.022835567593574524 0.030085403472185135
v 0.0009657365153543651 0.024108370766043663 0.031333357095718384
v 0.0009657365153543651 0.024108370766043663 0.031333357095718384
v 0.00016305923054460436 0.022835567593574524 0.030085403472185135
v -0.0015882740262895823 0.02281271480023861 0.030131621286273003
v 0.0009657365153543651 0.024108370766043663 0.031333357095718384
v -0.0015882740262895823 0.02281271480023861 0.030131621286273003
v -0.0015991549007594585 0.02410358004271984 0.031360190361738205
v -0.0015991549007594585 0.02410358004271984 0.031360190361738205
v -0.0015882740262895823 0.02281271480023861 0.030131621286273003
v -0.0033547445200383663 0.022733192890882492 0.030297160148620605
v -0.0015991549007594585 0.02410358004271984 0.031360190361738205
v -0.0033547445200383663 0.022733192890882492 0.030297160148620605
v -0.004172326531261206 0.02405863255262375 0.031608521938323975
v -0.004172326531261206 0.02405863255262375 0.031608521938323975
v -0.0033547445200383663 0.022733192890882492 0.030297160148620605
v -0.005032167304307222 0.022606786340475082 0.03057674691081047
v -0.004172326531261206 0.02405863255262375 0.031608521938323975
v -0.005032167304307222 0.022606786340475082 0.03057674691081047
v -0.004699090030044317 0.024044059216976166 0.03168783709406853
v -0.004699090030044317 0.024044059216976166 0.03168783709406853
v -0.005032167304307222 0.022606786340475082 0.03057674691081047
v -0.0065964600071311 0.022447584196925163 0.030962657183408737
v -0.004699090030044317 0.024044059216976166 0.03168783709406853
v -0.0065964600071311 0.022447584196925163 0.030962657183408737
v -0.007180359214544296 0.02394743822515011 0.03220227733254433
v -0.007180359214544296 0.02394743822515011 0.03220227733254433
v -0.0065964600071311 0.022447584196925163 0.030962657183408737
v -0.007960761897265911 0.022281259298324585 0.031416963785886765
v -0.007180359214544296 0.02394743822515011 0.03220227733254433
v -0.007960761897265911 0.022281259298324585 0.031416963785886765
v -0.009567066095769405 0.02380361407995224 0.032944776117801666
v -0.007960761897265911 0.022281259298324585 0.031416963785886765
v -0.009165591560304165 0.022119641304016113 0.03192748874425888
v -0.009567066095769405 0.02380361407995224 0.032944776117801666
v -0.009567066095769405 0.02380361407995224 0.032944776117801666
v -0.009165591560304165 0.022119641304016113 0.03192748874425888
v -0.010259995236992836 0.021968748420476913 0.032496824860572815
v -0.009567066095769405 0.02380361407995224 0.032944776117801666
v -0.010259995236992836 0.021968748420476913 0.032496824860572815
v -0.010892333462834358 0.023698018863797188 0.033484216779470444
v -0.010892333462834358 0.023698018863797188 0.033484216779470444
v -0.010259995236992836 0.021968748420476913 0.032496824860572815
v -0.011117460206151009 0.021854601800441742 0.03302467241883278
v -0.010892333462834358 0.023698018863797188 0.033484216779470444
v -0.011117460206151009 0.021854601800441742 0.03302467241883278
v -0.011827465146780014 0.02361111156642437 0.03393140435218811
v 0.010706715285778046 0.018557140603661537 0.029244692996144295
v 0.011235811747610569 0.017741378396749496 0.026888413354754448
v 0.011069348081946373 0.01784571446478367 0.026788709685206413
v 0.010665882378816605 0.019976239651441574 0.03136175498366356
v 0.010706715285778046 0.018557140603661537 0.029244692996144295
v 0.010560677386820316 0.018632730469107628 0.029140876606106758
v 0.010706715285778046 0.018557140603661537 0.029244692996144295
v 0.011069348081946373 0.01784571446478367 0.026788709685206413
v 0.010560677386820316 0.018632730469107628 0.029140876606106758
v 0.010560677386820316 0.018632730469107628 0.029140876606106758
v 0.011069348081946373 0.01784571446478367 0.026788709685206413
v 0.01045413687825203 0.01821293495595455 0.02645769901573658
v 0.010560677386820316 0.018632730469107628 0.029140876606106758
v 0.01045413687825203 0.01821293495595455 0.02645769901573658
v 0.010017506778240204 0.018903274089097977 0.02878890000283718
v 0.010017506778240204 0.018903274089097977 0.02878890000283718
v 0.01045413687825203 0.01821293495595455 0.02645769901573658
v 0.009763993322849274 0.018592052161693573 0.02614806592464447
v 0.010017506778240204 0.018903274089097977 0.02878890000283718
v 0.009763993322849274 0.018592052161693573 0.02614806592464447
v 0.008991126902401447 0.019369497895240784 0.02824852243065834
v 0.009763993322849274 0.018592052161693573 0.02614806592464447
v 0.009308943524956703 0.01882401667535305 0.025974607095122337
v 0.008991126902401447 0.019369497895240784 0.02824852243065834
v 0.008991126902401447 0.019369497895240784 0.02824852243065834
v 0.009308943524956703 0.01882401667535305 0.025974607095122337
v 0.0080798901617527 0.019383378326892853 0.025606762617826462
v 0.008991126902401447 0.019369497895240784 0.02824852243065834
v 0.0080798901617527 0.019383378326892853 0.025606762617826462
v 0.007866591215133667 0.019814688712358475 0.027803370729088783
v 0.007866591215133667 0.019814688712358475 0.027803370729088783
v 0.0080798901617527 0.019383378326892853 0.025606762617826462
v 0.006770837586373091 0.019878525286912918 0.025342648848891258
v 0.007866591215133667 0.019814688712358475 0.027803370729088783
v 0.006770837586373091 0.019878525286912918 0.025342648848891258
v 0.006642958149313927 0.02022434212267399 0.027450239285826683
v 0.006642958149313927 0.02022434212267399 0.027450239285826683
v 0.006770837586373091 0.019878525286912918 0.025342648848891258
v 0.006525788921862841 0.0199603121727705 0.025304842740297318
v 0.006642958149313927 0.02022434212267399 0.027450239285826683
v 0.006525788921862841 0.0199603121727705 0.025304842740297318
v 0.006411050911992788 0.020293476060032845 0.027395794168114662
v 0.006411050911992788 0.020293476060032845 0.027395794168114662
v 0.006525788921862841 0.0199603121727705 0.025304842740297318
v 0.005011794622987509 0.020393183454871178 0.025133982300758362
v 0.006411050911992788 0.020293476060032845 0.027395794168114662
v 0.005011794622987509 0.020393183454871178 0.025133982300758362
v 0.004959912970662117 0.02066662535071373 0.027127237990498543
v 0.004959912970662117 0.02066662535071373 0.027127237990498543
v 0.005011794622987509 0.020393183454871178 0.025133982300758362
v 0.0034395272377878428 0.020716410130262375 0.025040699169039726
v 0.004959912970662117 0.02066662535071373 0.027127237990498543
v 0.0034395272377878428 0.020716410130262375 0.025040699169039726
v 0.0034238207153975964 0.02095351554453373 0.026949837803840637
v 0.0034238207153975964 0.02095351554453373 0.026949837803840637
v 0.0034395272377878428 0.020716410130262375 0.025040699169039726
v 0.0018175587756559253 0.020921196788549423 0.0249982587993145
v 0.0034238207153975964 0.02095351554453373 0.026949837803840637
v 0.0018175587756559253 0.020921196788549423 0.0249982587993145
v 0.0018162665655836463 0.0211391169577837 0.02684875950217247
v 0.0018162665655836463 0.0211391169577837 0.02684875950217247
v 0.0018175587756559253 0.020921196788549423 0.0249982587993145
v 0.00015360047109425068 0.02099943906068802 0.024985704571008682
v 0.0018162665655836463 0.0211391169577837 0.02684875950217247
v 0.00015360047109425068 0.02099943906068802 0.024985704571008682
v 0.00015372397319879383 0.021210841834545135 0.026812640950083733
v 0.00015372397319879383 0.021210841834545135 0.026812640950083733
v 0.00015360047109425068 0.02099943906068802 0.024985704571008682
v -4.2617416262658026e-09 0.020999999716877937 0.024985622614622116
v 0.00015372397319879383 0.021210841834545135 0.026812640950083733
v -4.2617416262658026e-09 0.020999999716877937 0.024985622614622116
v -0.0014983814908191562 0.02116221934556961 0.026836944743990898
v -4.2617416262658026e-09 0.020999999716877937 0.024985622614622116
v -0.0014987180475145578 0.020946452394127846 0.024993978440761566
v -0.0014983814908191562 0.02116221934556961 0.026836944743990898
v -0.0014983814908191562 0.02116221934556961 0.026836944743990898
v -0.0014987180475145578 0.020946452394127846 0.024993978440761566
v -0.003184475004673004 0.020757146179676056 0.025031184777617455
v -0.0014983814908191562 0.02116221934556961 0.026836944743990898
v -0.003184475004673004 0.020757146179676056 0.025031184777617455
v -0.0031723363790661097 0.020990192890167236 0.02692900225520134
v -0.0031723363790661097 0.020990192890167236 0.02692900225520134
v -0.003184475004673004 0.020757146179676056 0.025031184777617455
v -0.004821626003831625 0.02043898031115532 0.025118906050920486
v -0.0031723363790661097 0.020990192890167236 0.02692900225520134
v -0.004821626003831625 0.02043898031115532 0.025118906050920486
v -0.004775563254952431 0.02070683427155018 0.02710084430873394
v -0.004775563254952431 0.02070683427155018 0.02710084430873394
v -0.004821626003831625 0.02043898031115532 0.025118906050920486
v -0.005026145372539759 0.020389650017023087 0.02513517066836357
v -0.004775563254952431 0.02070683427155018 0.02710084430873394
v -0.005026145372539759 0.020389650017023087 0.02513517066836357
v -0.006286272779107094 0.02032957598567009 0.02736794948577881
v -0.005026145372539759 0.020389650017023087 0.02513517066836357
v -0.0063943155109882355 0.02000281773507595 0.02528586983680725
v -0.006286272779107094 0.02032957598567009 0.02736794948577881
v -0.006286272779107094 0.02032957598567009 0.02736794948577881
v -0.0063943155109882355 0.02000281773507595 0.02528586983680725
v -0.007809789385646582 0.019493773579597473 0.02554275654256344
v -0.006286272779107094 0.02032957598567009 0.02736794948577881
v -0.007809789385646582 0.019493773579597473 0.02554275654256344
v -0.007616266142576933 0.01990472339093685 0.02772122621536255
v -0.007616266142576933 0.01990472339093685 0.02772122621536255
v -0.007809789385646582 0.019493773579597473 0.02554275654256344
v -0.009095621295273304 0.018928011879324913 0.025900792330503464
v -0.007616266142576933 0.01990472339093685 0.02772122621536255
v -0.009095621295273304 0.018928011879324913 0.025900792330503464
v -0.008797664195299149 0.019450904801487923 0.0281621553003788
v -0.008797664195299149 0.019450904801487923 0.0281621553003788
v -0.009095621295273304 0.018928011879324913 0.025900792330503464
v -0.0097642308101058 0.018591929227113724 0.02614816091954708
v -0.008797664195299149 0.019450904801487923 0.0281621553003788
v -0.0097642308101058 0.018591929227113724 0.02614816091954708
v -0.009871120564639568 0.018973343074321747 0.028702512383461
v -0.009871120564639568 0.018973343074321747 0.028702512383461
v -0.0097642308101058 0.018591929227113724 0.02614816091954708
v -0.01028941385447979 0.01830650120973587 0.026378264650702477
v -0.009871120564639568 0.018973343074321747 0.028702512383461
v -0.01028941385447979 0.01830650120973587 0.026378264650702477
v -0.011235811747610569 0.017741378396749496 0.026888413354754448
v -0.011235811747610569 0.017741378396749496 0.026888413354754448
v -0.010706715285778046 0.018557140603661537 0.029244692996144295
v -0.009871120564639568 0.018973343074321747 0.028702512383461
v -0.009871120564639568 0.018973343074321747 0.028702512383461
v -0.010706715285778046 0.018557140603661537 0.029244692996144295
v -0.009860996156930923 0.020233619958162308 0.030808068811893463
v -0.009871120564639568 0.018973343074321747 0.028702512383461
v -0.009860996156930923 0.020233619958162308 0.030808068811893463
v -0.008797664195299149 0.019450904801487923 0.0281621553003788
v -0.008797664195299149 0.019450904801487923 0.0281621553003788
v -0.009860996156930923 0.020233619958162308 0.030808068811893463
v -0.008821672759950161 0.020546013489365578 0.030230030417442322
v -0.008797664195299149 0.019450904801487923 0.0281621553003788
v -0.008821672759950161 0.020546013489365578 0.030230030417442322
v -0.007616266142576933 0.01990472339093685 0.02772122621536255
v -0.007616266142576933 0.01990472339093685 0.02772122621536255
v -0.008821672759950161 0.020546013489365578 0.030230030417442322
v -0.007667922414839268 0.020858483389019966 0.029731135815382004
v -0.007616266142576933 0.01990472339093685 0.02772122621536255
v -0.007667922414839268 0.020858483389019966 0.029731135815382004
v -0.006286272779107094 0.02032957598567009 0.02736794948577881
v -0.006286272779107094 0.02032957598567009 0.02736794948577881
v -0.007667922414839268 0.020858483389019966 0.029731135815382004
v -0.006355253979563713 0.021163849160075188 0.029305145144462585
v -0.006286272779107094 0.02032957598567009 0.02736794948577881
v -0.006355253979563713 0.021163849160075188 0.029305145144462585
v -0.004775563254952431 0.02070683427155018 0.02710084430873394
v -0.004775563254952431 0.02070683427155018 0.02710084430873394
v -0.006355253979563713 0.021163849160075188 0.029305145144462585
v -0.004847237840294838 0.021444818004965782 0.02895885333418846
v -0.004775563254952431 0.02070683427155018 0.02710084430873394
v -0.004847237840294838 0.021444818004965782 0.02895885333418846
v -0.0031723363790661097 0.020990192890167236 0.02692900225520134
v -0.0031723363790661097 0.020990192890167236 0.02692900225520134
v -0.004847237840294838 0.021444818004965782 0.02895885333418846
v -0.0032301945611834526 0.021661661565303802 0.02871840074658394
v -0.0031723363790661097 0.020990192890167236 0.02692900225520134
v -0.0032301945611834526 0.021661661565303802 0.02871840074658394
v -0.0014983814908191562 0.02116221934556961 0.026836944743990898
v -0.0014983814908191562 0.02116221934556961 0.026836944743990898
v -0.0032301945611834526 0.021661661565303802 0.02871840074658394
v -0.0015287785790860653 0.021795665845274925 0.028580764308571815
v -0.0014983814908191562 0.02116221934556961 0.026836944743990898
v -0.0015287785790860653 0.021795665845274925 0.028580764308571815
v 0.00015372397319879383 0.021210841834545135 0.026812640950083733
v 0.00015372397319879383 0.021210841834545135 0.026812640950083733
v -0.0015287785790860653 0.021795665845274925 0.028580764308571815
v 0.00015693344175815582 0.021833861246705055 0.028543023392558098
v 0.00015372397319879383 0.021210841834545135 0.026812640950083733
v 0.00015693344175815582 0.021833861246705055 0.028543023392558098
v 0.0018162665655836463 0.0211391169577837 0.02684875950217247
v 0.0018162665655836463 0.0211391169577837 0.02684875950217247
v 0.00015693344175815582 0.021833861246705055 0.028543023392558098
v 0.0018526057247072458 0.021777568385004997 0.028598876670002937
v 0.0018162665655836463 0.0211391169577837 0.02684875950217247
v 0.0018526057247072458 0.021777568385004997 0.028598876670002937
v 0.0034238207153975964 0.02095351554453373 0.026949837803840637
v 0.0034238207153975964 0.02095351554453373 0.026949837803840637
v 0.0018526057247072458 0.021777568385004997 0.028598876670002937
v 0.003484800225123763 0.021633319556713104 0.028748568147420883
v 0.0034238207153975964 0.02095351554453373 0.026949837803840637
v 0.003484800225123763 0.021633319556713104 0.028748568147420883
v 0.004959912970662117 0.02066662535071373 0.027127237990498543
v 0.004959912970662117 0.02066662535071373 0.027127237990498543
v 0.003484800225123763 0.021633319556713104 0.028748568147420883
v 0.005032150540500879 0.021414445713162422 0.02899434231221676
v 0.004959912970662117 0.02066662535071373 0.027127237990498543
v 0.005032150540500879 0.021414445713162422 0.02899434231221676
v 0.006411050911992788 0.020293476060032845 0.027395794168114662
v 0.006411050911992788 0.020293476060032845 0.027395794168114662
v 0.005032150540500879 0.021414445713162422 0.02899434231221676
v 0.0064790258184075356 0.021137438714504242 0.029339846223592758
v 0.006411050911992788 0.020293476060032845 0.027395794168114662
v 0.0064790258184075356 0.021137438714504242 0.029339846223592758
v 0.006642958149313927 0.02022434212267399 0.027450239285826683
v 0.006642958149313927 0.02022434212267399 0.027450239285826683
v 0.0064790258184075356 0.021137438714504242 0.029339846223592758
v 0.006708725821226835 0.021087097004055977 0.02940707467496395
v 0.006642958149313927 0.02022434212267399 0.027450239285826683
v 0.006708725821226835 0.021087097004055977 0.02940707467496395
v 0.007866591215133667 0.019814688712358475 0.027803370729088783
v 0.007866591215133667 0.019814688712358475 0.027803370729088783
v 0.006708725821226835 0.021087097004055977 0.02940707467496395
v 0.00791334081441164 0.020795335993170738 0.02982642501592636
v 0.007866591215133667 0.019814688712358475 0.027803370729088783
v 0.00791334081441164 0.020795335993170738 0.02982642501592636
v 0.008991126902401447 0.019369497895240784 0.02824852243065834
v 0.008991126902401447 0.019369497895240784 0.02824852243065834
v 0.00791334081441164 0.020795335993170738 0.02982642501592636
v 0.009009561501443386 0.02049153670668602 0.03032456338405609
v 0.008991126902401447 0.019369497895240784 0.02824852243065834
v 0.009009561501443386 0.02049153670668602 0.03032456338405609
v 0.010017506778240204 0.018903274089097977 0.02878890000283718
v 0.010017506778240204 0.018903274089097977 0.02878890000283718
v 0.009009561501443386 0.02049153670668602 0.03032456338405609
v 0.010002195835113525 0.020189285278320312 0.030897846445441246
v 0.010017506778240204 0.018903274089097977 0.02878890000283718
v 0.010002195835113525 0.020189285278320312 0.030897846445441246
v 0.010560677386820316 0.018632730469107628 0.029140876606106758
v 0.010560677386820316 0.018632730469107628 0.029140876606106758
v 0.010002195835113525 0.020189285278320312 0.030897846445441246
v 0.010525361634790897 0.020021898671984673 0.03125742822885513
v 0.010560677386820316 0.018632730469107628 0.029140876606106758
v 0.010525361634790897 0.020021898671984673 0.03125742822885513
v 0.010665882378816605 0.019976239651441574 0.03136175498366356
v 0.010665882378816605 0.019976239651441574 0.03136175498366356
v 0.010525361634790897 0.020021898671984673 0.03125742822885513
v 0.011117460206151009 0.021854601800441742 0.03302467241883278
v -0.010706715285778046 0.018557140603661537 0.029244692996144295
v -0.010665882378816605 0.019976239651441574 0.03136175498366356
v -0.009860996156930923 0.020233619958162308 0.030808068811893463
v -0.009860996156930923 0.020233619958162308 0.030808068811893463
v -0.010665882378816605 0.019976239651441574 0.03136175498366356
v -0.010259995236992836 0.021968748420476913 0.032496824860572815
v -0.009860996156930923 0.020233619958162308 0.030808068811893463
v -0.010259995236992836 0.021968748420476913 0.032496824860572815
v -0.008821672759950161 0.020546013489365578 0.030230030417442322
v -0.008821672759950161 0.020546013489365578 0.030230030417442322
v -0.010259995236992836 0.021968748420476913 0.032496824860572815
v -0.009165591560304165 0.022119641304016113 0.03192748874425888
v -0.008821672759950161 0.020546013489365578 0.030230030417442322
v -0.009165591560304165 0.022119641304016113 0.03192748874425888
v -0.007667922414839268 0.020858483389019966 0.029731135815382004
v -0.007667922414839268 0.020858483389019966 0.029731135815382004
v -0.009165591560304165 0.022119641304016113 0.03192748874425888
v -0.007960761897265911 0.022281259298324585 0.031416963785886765
v -0.007667922414839268 0.020858483389019966 0.029731135815382004
v -0.007960761897265911 0.022281259298324585 0.031416963785886765
v -0.006355253979563713 0.021163849160075188 0.029305145144462585
v -0.006355253979563713 0.021163849160075188 0.029305145144462585
v -0.007960761897265911 0.022281259298324585 0.031416963785886765
v -0.0065964600071311 0.022447584196925163 0.030962657183408737
v -0.006355253979563713 0.021163849160075188 0.029305145144462585
v -0.0065964600071311 0.022447584196925163 0.030962657183408737
v -0.004847237840294838 0.021444818004965782 0.02895885333418846
v -0.004847237840294838 0.021444818004965782 0.02895885333418846
v -0.0065964600071311 0.022447584196925163 0.030962657183408737
v -0.005032167304307222 0.022606786340475082 0.03057674691081047
v -0.004847237840294838 0.021444818004965782 0.02895885333418846
v -0.005032167304307222 0.022606786340475082 0.03057674691081047
v -0.0032301945611834526 0.021661661565303802 0.02871840074658394
v -0.0032301945611834526 0.021661661565303802 0.02871840074658394
v -0.005032167304307222 0.022606786340475082 0.03057674691081047
v -0.0033547445200383663 0.022733192890882492 0.030297160148620605
v -0.0032301945611834526 0.021661661565303802 0.02871840074658394
v -0.0033547445200383663 0.022733192890882492 0.030297160148620605
v -0.0015287785790860653 0.021795665845274925 0.028580764308571815
v -0.0015287785790860653 0.021795665845274925 0.028580764308571815
v -0.0033547445200383663 0.022733192890882492 0.030297160148620605
v -0.0015882740262895823 0.02281271480023861 0.030131621286273003
v -0.0015287785790860653 0.021795665845274925 0.028580764308571815
v -0.0015882740262895823 0.02281271480023861 0.030131621286273003
v 0.00015693344175815582 0.021833861246705055 0.028543023392558098
v 0.00015693344175815582 0.021833861246705055 0.028543023392558098
v -0.0015882740262895823 0.02281271480023861 0.030131621286273003
v 0.00016305923054460436 0.022835567593574524 0.030085403472185135
v 0.00015693344175815582 0.021833861246705055 0.028543023392558098
v 0.00016305923054460436 0.022835567593574524 0.030085403472185135
v 0.0018526057247072458 0.021777568385004997 0.028598876670002937
v 0.0018526057247072458 0.021777568385004997 0.028598876670002937
v 0.00016305923054460436 0.022835567593574524 0.030085403472185135
v 0.0019246048759669065 0.022801915183663368 0.0301536675542593
v 0.0018526057247072458 0.021777568385004997 0.028598876670002937
v 0.0019246048759669065 0.022801915183663368 0.0301536675542593
v 0.003484800225123763 0.021633319556713104 0.028748568147420883
v 0.003484800225123763 0.021633319556713104 0.028748568147420883
v 0.0019246048759669065 0.022801915183663368 0.0301536675542593
v 0.0036189393140375614 0.02271650917828083 0.030332863330841064
v 0.003484800225123763 0.021633319556713104 0.028748568147420883
v 0.0036189393140375614 0.02271650917828083 0.030332863330841064
v 0.005032150540500879 0.021414445713162422 0.02899434231221676
v 0.005032150540500879 0.021414445713162422 0.02899434231221676
v 0.0036189393140375614 0.02271650917828083 0.030332863330841064
v 0.0052239359356462955 0.022589318454265594 0.0306171253323555
v 0.005032150540500879 0.021414445713162422 0.02899434231221676
v 0.0052239359356462955 0.022589318454265594 0.0306171253323555
v 0.0064790258184075356 0.021137438714504242 0.029339846223592758
v 0.0064790258184075356 0.021137438714504242 0.029339846223592758
v 0.0052239359356462955 0.022589318454265594 0.0306171253323555
v 0.006724937353283167 0.022432908415794373 0.031000426039099693
v 0.0064790258184075356 0.021137438714504242 0.029339846223592758
v 0.006724937353283167 0.022432908415794373 0.031000426039099693
v 0.006708725821226835 0.021087097004055977 0.02940707467496395
v 0.006708725821226835 0.021087097004055977 0.02940707467496395
v 0.006724937353283167 0.022432908415794373 0.031000426039099693
v 0.006963437423110008 0.022405080497264862 0.031073184683918953
v 0.006708725821226835 0.021087097004055977 0.02940707467496395
v 0.006963437423110008 0.022405080497264862 0.031073184683918953
v 0.00791334081441164 0.020795335993170738 0.02982642501592636
v 0.00791334081441164 0.020795335993170738 0.02982642501592636
v 0.006963437423110008 0.022405080497264862 0.031073184683918953
v 0.008216443471610546 0.02224784530699253 0.03151608631014824
v 0.00791334081441164 0.020795335993170738 0.02982642501592636
v 0.008216443471610546 0.02224784530699253 0.03151608631014824
v 0.009009561501443386 0.02049153670668602 0.03032456338405609
v 0.009009561501443386 0.02049153670668602 0.03032456338405609
v 0.008216443471610546 0.02224784530699253 0.03151608631014824
v 0.009362642653286457 0.022092487663030624 0.03202207386493683
v 0.009009561501443386 0.02049153670668602 0.03032456338405609
v 0.009362642653286457 0.022092487663030624 0.03202207386493683
v 0.010002195835113525 0.020189285278320312 0.030897846445441246
v 0.010002195835113525 0.020189285278320312 0.030897846445441246
v 0.009362642653286457 0.022092487663030624 0.03202207386493683
v 0.010409663431346416 0.02194835990667343 0.03258347138762474
v 0.010002195835113525 0.020189285278320312 0.030897846445441246
v 0.010409663431346416 0.02194835990667343 0.03258347138762474
v 0.010525361634790897 0.020021898671984673 0.03125742822885513
v 0.010525361634790897 0.020021898671984673 0.03125742822885513
v 0.010409663431346416 0.02194835990667343 0.03258347138762474
v 0.010966939851641655 0.021874066442251205 0.032926350831985474
v 0.010525361634790897 0.020021898671984673 0.03125742822885513
v 0.010966939851641655 0.021874066442251205 0.032926350831985474
v 0.011117460206151009 0.021854601800441742 0.03302467241883278
v 0.011117460206151009 0.021854601800441742 0.03302467241883278
v 0.010966939851641655 0.021874066442251205 0.032926350831985474
v 0.011827465146780014 0.02361111156642437 0.03393140435218811
v 0.00994554441422224 -0.023054813966155052 0.03274386003613472
v 0.010602491907775402 -0.02263929881155491 0.03299091383814812
v 0.010526402853429317 -0.024611111730337143 0.033420663326978683
v 0.010526402853429317 -0.024611111730337143 0.033420663326978683
v 0.010602491907775402 -0.02263929881155491 0.03299091383814812
v 0.011401038616895676 -0.024555904790759087 0.033812206238508224
v 0.010665882378816605 0.019976239651441574 0.03136175498366356
v 0.011117460206151009 0.021854601800441742 0.03302467241883278
v 0.012698612175881863 0.021078698337078094 0.033902108669281006
v 0.012698612175881863 0.021078698337078094 0.033902108669281006
v 0.011117460206151009 0.021854601800441742 0.03302467241883278
v 0.011827465146780014 0.02361111156642437 0.03393140435218811
v 0.012698612175881863 0.021078698337078094 0.033902108669281006
v 0.011827465146780014 0.02361111156642437 0.03393140435218811
v 0.012633626349270344 0.023555614054203033 0.03434435650706291
v 0.009455216117203236 -0.01931126043200493 0.028773706406354904
v 0.010001233778893948 -0.018465517088770866 0.026180509477853775
v 0.010630099102854729 -0.018110796809196472 0.026529042050242424
v 0.009435873478651047 -0.0209052674472332 0.031053366139531136
v 0.009455216117203236 -0.01931126043200493 0.028773706406354904
v 0.010082400403916836 -0.01897517405450344 0.029067600145936012
v 0.009455216117203236 -0.01931126043200493 0.028773706406354904
v 0.010630099102854729 -0.018110796809196472 0.026529042050242424
v 0.010082400403916836 -0.01897517405450344 0.029067600145936012
v 0.010082400403916836 -0.01897517405450344 0.029067600145936012
v 0.010630099102854729 -0.018110796809196472 0.026529042050242424
v 0.012019714340567589 -0.017219943925738335 0.027389192953705788
v 0.010082400403916836 -0.01897517405450344 0.029067600145936012
v 0.012019714340567589 -0.017219943925738335 0.027389192953705788
v 0.011485940776765347 -0.01811877451837063 0.029799915850162506
v 0.011485940776765347 -0.01811877451837063 0.029799915850162506
v 0.012019714340567589 -0.017219943925738335 0.027389192953705788
v 0.013342708349227905 -0.016216415911912918 0.028330480679869652
v 0.011485940776765347 -0.01811877451837063 0.029799915850162506
v 0.013342708349227905 -0.016216415911912918 0.028330480679869652
v 0.012845003046095371 -0.017135456204414368 0.030611516907811165
v 0.012845003046095371 -0.017135456204414368 0.030611516907811165
v 0.013342708349227905 -0.016216415911912918 0.028330480679869652
v 0.013925631530582905 -0.015718676149845123 0.028785740956664085
v 0.012845003046095371 -0.017135456204414368 0.030611516907811165
v 0.013925631530582905 -0.015718676149845123 0.028785740956664085
v 0.013469197787344456 -0.01662580855190754 0.031019775196909904
v 0.011401038616895676 -0.024555904790759087 0.033812206238508224
v 0.010602491907775402 -0.02263929881155491 0.03299091383814812
v 0.012270919047296047 -0.02449999935925007 0.03420064225792885
v 0.012270919047296047 -0.02449999935925007 0.03420064225792885
v 0.010602491907775402 -0.02263929881155491 0.03299091383814812
v 0.012071171775460243 -0.021585775539278984 0.03360912948846817
v 0.012270919047296047 -0.02449999935925007 0.03420064225792885
v 0.012071171775460243 -0.021585775539278984 0.03360912948846817
v 0.013127039186656475 -0.02377992309629917 0.03459668159484863
v 0.013127039186656475 -0.02377992309629917 0.03459668159484863
v 0.012071171775460243 -0.021585775539278984 0.03360912948846817
v 0.01349139865487814 -0.02038407512009144 0.03429814428091049
v 0.013127039186656475 -0.02377992309629917 0.03459668159484863
v 0.01349139865487814 -0.02038407512009144 0.03429814428091049
v 0.01457191538065672 -0.022394098341464996 0.03534109890460968
v 0.01457191538065672 -0.022394098341464996 0.03534109890460968
v 0.01349139865487814 -0.02038407512009144 0.03429814428091049
v 0.014143071137368679 -0.01976408064365387 0.03464609757065773
v 0.01457191538065672 -0.022394098341464996 0.03534109890460968
v 0.014143071137368679 -0.01976408064365387 0.03464609757065773
v 0.015227731317281723 -0.021685222163796425 0.035712312906980515
v 0.015227731317281723 -0.021685222163796425 0.035712312906980515
v 0.014143071137368679 -0.01976408064365387 0.03464609757065773
v 0.015504316426813602 -0.01830608956515789 0.035441767424345016
v 0.015227731317281723 -0.021685222163796425 0.035712312906980515
v 0.015504316426813602 -0.01830608956515789 0.035441767424345016
v 0.016583792865276337 -0.02003188244998455 0.03655098378658295
v 0.013925631530582905 -0.015718676149845123 0.028785740956664085
v 0.013943202793598175 -0.015703091397881508 0.028799865394830704
v 0.013469197787344456 -0.01662580855190754 0.031019775196909904
v 0.013469197787344456 -0.01662580855190754 0.031019775196909904
v 0.013943202793598175 -0.015703091397881508 0.028799865394830704
v 0.015184875577688217 -0.014505845494568348 0.02986033260822296
v 0.013469197787344456 -0.01662580855190754 0.031019775196909904
v 0.015184875577688217 -0.014505845494568348 0.02986033260822296
v 0.014774204231798649 -0.015421983785927296 0.031949836760759354
v 0.014774204231798649 -0.015421983785927296 0.031949836760759354
v 0.015184875577688217 -0.014505845494568348 0.02986033260822296
v 0.01632482185959816 -0.013209853321313858 0.03094952180981636
v 0.017282480373978615 -0.011929621919989586 0.03195914626121521
v 0.01710464432835579 -0.012656905688345432 0.03389345481991768
v 0.01632482185959816 -0.013209853321313858 0.03094952180981636
v 0.01632482185959816 -0.013209853321313858 0.03094952180981636
v 0.01710464432835579 -0.012656905688345432 0.03389345481991768
v 0.01598895899951458 -0.01409835647791624 0.03291492164134979
v 0.01632482185959816 -0.013209853321313858 0.03094952180981636
v 0.01598895899951458 -0.01409835647791624 0.03291492164134979
v 0.014774204231798649 -0.015421983785927296 0.031949836760759354
v 0.017282480373978615 -0.011929621919989586 0.03195914626121521
v 0.017359239980578423 -0.011817647144198418 0.03204409405589104
v 0.01710464432835579 -0.012656905688345432 0.03389345481991768
v 0.01710464432835579 -0.012656905688345432 0.03389345481991768
v 0.017359239980578423 -0.011817647144198418 0.03204409405589104
v 0.018283724784851074 -0.010329832322895527 0.03311756253242493
v 0.01710464432835579 -0.012656905688345432 0.03389345481991768
v 0.018283724784851074 -0.010329832322895527 0.03311756253242493
v 0.018112163990736008 -0.011098220944404602 0.03486047312617302
v 0.018112163990736008 -0.011098220944404602 0.03486047312617302
v 0.018283724784851074 -0.010329832322895527 0.03311756253242493
v 0.01891593262553215 -0.009120719507336617 0.03390892595052719
v 0.018112163990736008 -0.011098220944404602 0.03486047312617302
v 0.01891593262553215 -0.009120719507336617 0.03390892595052719
v 0.01880662888288498 -0.009820169769227505 0.03557748720049858
v 0.01880662888288498 -0.009820169769227505 0.03557748720049858
v 0.01891593262553215 -0.009120719507336617 0.03390892595052719
v 0.01956065185368061 -0.007640737108886242 0.03476870432496071
v 0.01880662888288498 -0.009820169769227505 0.03557748720049858
v 0.01956065185368061 -0.007640737108886242 0.03476870432496071
v 0.019519276916980743 -0.008244600147008896 0.03636005148291588
v 0.019519276916980743 -0.008244600147008896 0.03636005148291588
v 0.01956065185368061 -0.007640737108886242 0.03476870432496071
v 0.019634457305073738 -0.007449032738804817 0.034870751202106476
v 0.019519276916980743 -0.008244600147008896 0.03636005148291588
v 0.019634457305073738 -0.007449032738804817 0.034870751202106476
v 0.020092347636818886 -0.006658195983618498 0.037026602774858475
v 0.019634457305073738 -0.007449032738804817 0.034870751202106476
v 0.020076259970664978 -0.006159855518490076 0.03549810126423836
v 0.020092347636818886 -0.006658195983618498 0.037026602774858475
v 0.020092347636818886 -0.006658195983618498 0.037026602774858475
v 0.020076259970664978 -0.006159855518490076 0.03549810126423836
v 0.02047298662364483 -0.004675128031522036 0.03608676791191101
v 0.020092347636818886 -0.006658195983618498 0.037026602774858475
v 0.02047298662364483 -0.004675128031522036 0.03608676791191101
v 0.020535144954919815 -0.00506005622446537 0.037566184997558594
v 0.020535144954919815 -0.00506005622446537 0.037566184997558594
v 0.02047298662364483 -0.004675128031522036 0.03608676791191101
v 0.02062670886516571 -0.003941936884075403 0.036321669816970825
v 0.020535144954919815 -0.00506005622446537 0.037566184997558594
v 0.02062670886516571 -0.003941936884075403 0.036321669816970825
v 0.02070714719593525 -0.004268683027476072 0.037781886756420135
v 0.02070714719593525 -0.004268683027476072 0.037781886756420135
v 0.02062670886516571 -0.003941936884075403 0.036321669816970825
v 0.02083960920572281 -0.002590503543615341 0.03665357083082199
v 0.02070714719593525 -0.004268683027476072 0.037781886756420135
v 0.02083960920572281 -0.002590503543615341 0.03665357083082199
v 0.020945748314261436 -0.002807216253131628 0.038087014108896255
v 0.020945748314261436 -0.002807216253131628 0.038087014108896255
v 0.02083960920572281 -0.002590503543615341 0.03665357083082199
v 0.020846838131546974 -0.0025316663086414337 0.03666497766971588
v 0.020945748314261436 -0.002807216253131628 0.038087014108896255
v 0.020846838131546974 -0.0025316663086414337 0.03666497766971588
v 0.021084249019622803 -0.0013507212279364467 0.03826737403869629
v 0.020846838131546974 -0.0025316663086414337 0.03666497766971588
v 0.02096300572156906 -0.0012459374265745282 0.03684954345226288
v 0.021084249019622803 -0.0013507212279364467 0.03826737403869629
v 0.021084249019622803 -0.0013507212279364467 0.03826737403869629
v 0.02096300572156906 -0.0012459374265745282 0.03684954345226288
v 0.020999738946557045 0.00010463235230417922 0.03690839931368828
v 0.021084249019622803 -0.0013507212279364467 0.03826737403869629
v 0.020999738946557045 0.00010463235230417922 0.03690839931368828
v 0.02112550474703312 0.00011344579252181575 0.03832156956195831
v 0.02112550474703312 0.00011344579252181575 0.03832156956195831
v 0.020999738946557045 0.00010463235230417922 0.03690839931368828
v 0.0209819283336401 0.0008710346883162856 0.036879830062389374
v 0.02112550474703312 0.00011344579252181575 0.03832156956195831
v 0.0209819283336401 0.0008710346883162856 0.036879830062389374
v 0.02110549807548523 0.0009443483431823552 0.038295261561870575
v 0.02110549807548523 0.0009443483431823552 0.038295261561870575
v 0.0209819283336401 0.0008710346883162856 0.036879830062389374
v 0.02088448405265808 0.002199623268097639 0.036724526435136795
v 0.02110549807548523 0.0009443483431823552 0.038295261561870575
v 0.02088448405265808 0.002199623268097639 0.036724526435136795
v 0.0209960974752903 0.002383991377428174 0.0381523035466671
v 0.0209960974752903 0.002383991377428174 0.0381523035466671
v 0.02088448405265808 0.002199623268097639 0.036724526435136795
v 0.020846588537096977 0.0025337273254990578 0.036664582788944244
v 0.0209960974752903 0.002383991377428174 0.0381523035466671
v 0.020846588537096977 0.0025337273254990578 0.036664582788944244
v 0.020790237933397293 0.0038253848906606436 0.03788735717535019
v 0.020846588537096977 0.0025337273254990578 0.036664582788944244
v 0.02070089615881443 0.0035316988360136747 0.03643644601106644
v 0.020790237933397293 0.0038253848906606436 0.03788735717535019
v 0.020790237933397293 0.0038253848906606436 0.03788735717535019
v 0.02070089615881443 0.0035316988360136747 0.03643644601106644
v 0.020429152995347977 0.004863098729401827 0.03602049872279167
v 0.020790237933397293 0.0038253848906606436 0.03788735717535019
v 0.020429152995347977 0.004863098729401827 0.03602049872279167
v 0.020486142486333847 0.005262733902782202 0.0375053696334362
v 0.020486142486333847 0.005262733902782202 0.0375053696334362
v 0.020429152995347977 0.004863098729401827 0.03602049872279167
v 0.020376740023493767 0.005078233312815428 0.03594166412949562
v 0.020486142486333847 0.005262733902782202 0.0375053696334362
v 0.020376740023493767 0.005078233312815428 0.03594166412949562
v 0.020427577197551727 0.005494586192071438 0.03743305057287216
v 0.020427577197551727 0.005494586192071438 0.03743305057287216
v 0.020376740023493767 0.005078233312815428 0.03594166412949562
v 0.019965391606092453 0.0065102349035441875 0.03533795848488808
v 0.019633768126368523 0.007450849749147892 0.03486979380249977
v 0.01939510367810726 0.008544446900486946 0.036220110952854156
v 0.019965391606092453 0.0065102349035441875 0.03533795848488808
v 0.019965391606092453 0.0065102349035441875 0.03533795848488808
v 0.01939510367810726 0.008544446900486946 0.036220110952854156
v 0.019968891516327858 0.007034307811409235 0.03688005730509758
v 0.019965391606092453 0.0065102349035441875 0.03533795848488808
v 0.019968891516327858 0.007034307811409235 0.03688005730509758
v 0.020427577197551727 0.005494586192071438 0.03743305057287216
v 0.019633768126368523 0.007450849749147892 0.03486979380249977
v 0.019448602572083473 0.007921609096229076 0.03461523726582527
v 0.01939510367810726 0.008544446900486946 0.036220110952854156
v 0.01939510367810726 0.008544446900486946 0.036220110952854156
v 0.019448602572083473 0.007921609096229076 0.03461523726582527
v 0.018823696300387383 0.009309588931500912 0.03379038721323013
v 0.01939510367810726 0.008544446900486946 0.036220110952854156
v 0.018823696300387383 0.009309588931500912 0.03379038721323013
v 0.018705038353800774 0.010020398534834385 0.03546987846493721
v 0.018705038353800774 0.010020398534834385 0.03546987846493721
v 0.018823696300387383 0.009309588931500912 0.03379038721323013
v 0.01808738149702549 0.010669893585145473 0.03288154676556587
v 0.01728246547281742 0.011929642409086227 0.031959131360054016
v 0.01697075180709362 0.012843708507716656 0.033771075308322906
v 0.01808738149702549 0.010669893585145473 0.03288154676556587
v 0.01808738149702549 0.010669893585145473 0.03288154676556587
v 0.01697075180709362 0.012843708507716656 0.033771075308322906
v 0.017897384241223335 0.011455942876636982 0.03464728593826294
v 0.01808738149702549 0.010669893585145473 0.03288154676556587
v 0.017897384241223335 0.011455942876636982 0.03464728593826294
v 0.018705038353800774 0.010020398534834385 0.03546987846493721
v 0.01728246547281742 0.011929642409086227 0.031959131360054016
v 0.017235707491636276 0.011997099965810776 0.031907688826322556
v 0.01697075180709362 0.012843708507716656 0.033771075308322906
v 0.01697075180709362 0.012843708507716656 0.033771075308322906
v 0.017235707491636276 0.011997099965810776 0.031907688826322556
v 0.01648971624672413 0.013003431260585785 0.031116945669054985
v 0.01697075180709362 0.012843708507716656 0.033771075308322906
v 0.01648971624672413 0.013003431260585785 0.031116945669054985
v 0.016165968030691147 0.013885818421840668 0.033064063638448715
v 0.016165968030691147 0.013885818421840668 0.033064063638448715
v 0.01648971624672413 0.013003431260585785 0.031116945669054985
v 0.015348561108112335 0.014332538470625877 0.03000965341925621
v 0.016165968030691147 0.013885818421840668 0.033064063638448715
v 0.015348561108112335 0.014332538470625877 0.03000965341925621
v 0.014947662129998207 0.015246130526065826 0.032081589102745056
v 0.014947662129998207 0.015246130526065826 0.032081589102745056
v 0.015348561108112335 0.014332538470625877 0.03000965341925621
v 0.014106808230280876 0.015556284226477146 0.02893253043293953
v 0.014947662129998207 0.015246130526065826 0.032081589102745056
v 0.014106808230280876 0.015556284226477146 0.02893253043293953
v 0.013640047051012516 0.01647929660975933 0.03113555908203125
v 0.013640047051012516 0.01647929660975933 0.03113555908203125
v 0.014106808230280876 0.015556284226477146 0.02893253043293953
v 0.013926747255027294 0.01571768894791603 0.028786636888980865
v 0.013640047051012516 0.01647929660975933 0.03113555908203125
v 0.013926747255027294 0.01571768894791603 0.028786636888980865
v 0.01225181482732296 0.01758483424782753 0.030244499444961548
v 0.016583792865276337 -0.02003188244998455 0.03655098378658295
v 0.015504316426813602 -0.01830608956515789 0.035441767424345016
v 0.01677791029214859 -0.019771743565797806 0.03667929768562317
v 0.01677791029214859 -0.019771743565797806 0.03667929768562317
v 0.015504316426813602 -0.01830608956515789 0.035441767424345016
v 0.016770003363490105 -0.01671181060373783 0.036271292716264725
v 0.01677791029214859 -0.019771743565797806 0.03667929768562317
v 0.016770003363490105 -0.01671181060373783 0.036271292716264725
v 0.01782875694334507 -0.018242178484797478 0.0374123677611351
v 0.01782875694334507 -0.018242178484797478 0.0374123677611351
v 0.016770003363490105 -0.01671181060373783 0.036271292716264725
v 0.017931316047906876 -0.014984051696956158 0.037115879356861115
v 0.01782875694334507 -0.018242178484797478 0.0374123677611351
v 0.017931316047906876 -0.014984051696956158 0.037115879356861115
v 0.018958471715450287 -0.016319608315825462 0.0382780060172081
v 0.018958471715450287 -0.016319608315825462 0.0382780060172081
v 0.017931316047906876 -0.014984051696956158 0.037115879356861115
v 0.018979139626026154 -0.013123685494065285 0.03795355558395386
v 0.018958471715450287 -0.016319608315825462 0.0382780060172081
v 0.018979139626026154 -0.013123685494065285 0.03795355558395386
v 0.019968125969171524 -0.01426500640809536 0.039126962423324585
v 0.019968125969171524 -0.01426500640809536 0.039126962423324585
v 0.018979139626026154 -0.013123685494065285 0.03795355558395386
v 0.019700903445482254 -0.011603213846683502 0.0385764017701149
v 0.019968125969171524 -0.01426500640809536 0.039126962423324585
v 0.019700903445482254 -0.011603213846683502 0.0385764017701149
v 0.020658576861023903 -0.012595279142260551 0.039752811193466187
v 0.020658576861023903 -0.012595279142260551 0.039752811193466187
v 0.019700903445482254 -0.011603213846683502 0.0385764017701149
v 0.020441174507141113 -0.009733702056109905 0.039257705211639404
v 0.020658576861023903 -0.012595279142260551 0.039752811193466187
v 0.020441174507141113 -0.009733702056109905 0.039257705211639404
v 0.02136269211769104 -0.010551494546234608 0.04043276607990265
v 0.02136269211769104 -0.010551494546234608 0.04043276607990265
v 0.020441174507141113 -0.009733702056109905 0.039257705211639404
v 0.02103617787361145 -0.007855684496462345 0.03983915597200394
v 0.02136269211769104 -0.010551494546234608 0.04043276607990265
v 0.02103617787361145 -0.007855684496462345 0.03983915597200394
v 0.021925799548625946 -0.008506467565894127 0.04100961238145828
v 0.021925799548625946 -0.008506467565894127 0.04100961238145828
v 0.02103617787361145 -0.007855684496462345 0.03983915597200394
v 0.0214957557618618 -0.005967144388705492 0.040310561656951904
v 0.021925799548625946 -0.008506467565894127 0.04100961238145828
v 0.0214957557618618 -0.005967144388705492 0.040310561656951904
v 0.022359075024724007 -0.006456129252910614 0.04147515818476677
v 0.022359075024724007 -0.006456129252910614 0.04147515818476677
v 0.0214957557618618 -0.005967144388705492 0.040310561656951904
v 0.02167423628270626 -0.005032935179769993 0.040499184280633926
v 0.022359075024724007 -0.006456129252910614 0.04147515818476677
v 0.02167423628270626 -0.005032935179769993 0.040499184280633926
v 0.02252696081995964 -0.005443627014756203 0.04166093096137047
v 0.02252696081995964 -0.005443627014756203 0.04166093096137047
v 0.02167423628270626 -0.005032935179769993 0.040499184280633926
v 0.02192179299890995 -0.0033089276403188705 0.040766164660453796
v 0.02252696081995964 -0.005443627014756203 0.04166093096137047
v 0.02192179299890995 -0.0033089276403188705 0.040766164660453796
v 0.02275947295129299 -0.003577362047508359 0.041923411190509796
v 0.02275947295129299 -0.003577362047508359 0.041923411190509796
v 0.02192179299890995 -0.0033089276403188705 0.040766164660453796
v 0.02206547185778618 -0.001591878361068666 0.04092405363917351
v 0.02275947295129299 -0.003577362047508359 0.041923411190509796
v 0.02206547185778618 -0.001591878361068666 0.04092405363917351
v 0.02289423905313015 -0.0017205801559612155 0.04207839444279671
v 0.02289423905313015 -0.0017205801559612155 0.04207839444279671
v 0.02206547185778618 -0.001591878361068666 0.04092405363917351
v 0.02210826799273491 0.00013369419320952147 0.04097151383757591
v 0.02289423905313015 -0.0017205801559612155 0.04207839444279671
v 0.02210826799273491 0.00013369419320952147 0.04097151383757591
v 0.022934356704354286 0.0001444922963855788 0.04212494567036629
v 0.022934356704354286 0.0001444922963855788 0.04212494567036629
v 0.02210826799273491 0.00013369419320952147 0.04097151383757591
v 0.022087514400482178 0.0011129254708066583 0.040948476642370224
v 0.022934356704354286 0.0001444922963855788 0.04212494567036629
v 0.022087514400482178 0.0011129254708066583 0.040948476642370224
v 0.022914903238415718 0.0012028574710711837 0.04210234805941582
v 0.022914903238415718 0.0012028574710711837 0.04210234805941582
v 0.022087514400482178 0.0011129254708066583 0.040948476642370224
v 0.021974027156829834 0.002809904981404543 0.0408233106136322
v 0.022914903238415718 0.0012028574710711837 0.04210234805941582
v 0.021974027156829834 0.002809904981404543 0.0408233106136322
v 0.022808482870459557 0.0030375749338418245 0.041979528963565826
v 0.022808482870459557 0.0030375749338418245 0.041979528963565826
v 0.021974027156829834 0.002809904981404543 0.0408233106136322
v 0.021760452538728714 0.004509850405156612 0.040591444820165634
v 0.022808482870459557 0.0030375749338418245 0.041979528963565826
v 0.021760452538728714 0.004509850405156612 0.040591444820165634
v 0.02260798215866089 0.00487710814923048 0.04175170138478279
v 0.02260798215866089 0.00487710814923048 0.04175170138478279
v 0.021760452538728714 0.004509850405156612 0.040591444820165634
v 0.021444903686642647 0.0062064966186881065 0.04025740176439285
v 0.02260798215866089 0.00487710814923048 0.04175170138478279
v 0.021444903686642647 0.0062064966186881065 0.04025740176439285
v 0.022311203181743622 0.0067157079465687275 0.04142274707555771
v 0.022311203181743622 0.0067157079465687275 0.04142274707555771
v 0.021444903686642647 0.0062064966186881065 0.04025740176439285
v 0.02138412371277809 0.00648035341873765 0.04019419103860855
v 0.022311203181743622 0.0067157079465687275 0.04142274707555771
v 0.02138412371277809 0.00648035341873765 0.04019419103860855
v 0.022253962233662605 0.007012798450887203 0.04136040061712265
v 0.022253962233662605 0.007012798450887203 0.04136040061712265
v 0.02138412371277809 0.00648035341873765 0.04019419103860855
v 0.020908016711473465 0.008300595916807652 0.03971123322844505
v 0.022253962233662605 0.007012798450887203 0.04136040061712265
v 0.020908016711473465 0.008300595916807652 0.03971123322844505
v 0.021804718300700188 0.008990324102342129 0.040882959961891174
v 0.021804718300700188 0.008990324102342129 0.040882959961891174
v 0.020908016711473465 0.008300595916807652 0.03971123322844505
v 0.020312216132879257 0.01008912269026041 0.03913576155900955
v 0.021804718300700188 0.008990324102342129 0.040882959961891174
v 0.020312216132879257 0.01008912269026041 0.03913576155900955
v 0.021240318194031715 0.01093936525285244 0.04031139984726906
v 0.021240318194031715 0.01093936525285244 0.04031139984726906
v 0.020312216132879257 0.01008912269026041 0.03913576155900955
v 0.019595343619585037 0.011841163970530033 0.03848283737897873
v 0.021240318194031715 0.01093936525285244 0.04031139984726906
v 0.019595343619585037 0.011841163970530033 0.03848283737897873
v 0.020557843148708344 0.01285609882324934 0.03965906426310539
v 0.020557843148708344 0.01285609882324934 0.03965906426310539
v 0.019595343619585037 0.011841163970530033 0.03848283737897873
v 0.0187558364123106 0.01355001050978899 0.0377686433494091
v 0.020557843148708344 0.01285609882324934 0.03965906426310539
v 0.0187558364123106 0.01355001050978899 0.0377686433494091
v 0.019753694534301758 0.01473461464047432 0.03894030675292015
v 0.019753694534301758 0.01473461464047432 0.03894030675292015
v 0.0187558364123106 0.01355001050978899 0.0377686433494091
v 0.017792003229260445 0.01520752627402544 0.0370100736618042
v 0.019753694534301758 0.01473461464047432 0.03894030675292015
v 0.017792003229260445 0.01520752627402544 0.0370100736618042
v 0.01882355846464634 0.016567423939704895 0.03817013278603554
v 0.01882355846464634 0.016567423939704895 0.03817013278603554
v 0.017792003229260445 0.01520752627402544 0.0370100736618042
v 0.016954323276877403 0.016456548124551773 0.036399804055690765
v 0.01882355846464634 0.016567423939704895 0.03817013278603554
v 0.016954323276877403 0.016456548124551773 0.036399804055690765
v 0.018008844926953316 0.017957119271159172 0.037544772028923035
v 0.018008844926953316 0.017957119271159172 0.037544772028923035
v 0.016954323276877403 0.016456548124551773 0.036399804055690765
v 0.015685129910707474 0.018093787133693695 0.03555479273200035
v 0.018008844926953316 0.017957119271159172 0.037544772028923035
v 0.015685129910707474 0.018093787133693695 0.03555479273200035
v 0.01676255837082863 0.019792553037405014 0.03666907176375389
v 0.01676255837082863 0.019792553037405014 0.03666907176375389
v 0.015685129910707474 0.018093787133693695 0.03555479273200035
v 0.014321375638246536 0.019586168229579926 0.034744929522275925
v 0.01676255837082863 0.019792553037405014 0.03666907176375389
v 0.014321375638246536 0.019586168229579926 0.034744929522275925
v 0.015406408347189426 0.02148248814046383 0.035817231982946396
v 0.015406408347189426 0.02148248814046383 0.035817231982946396
v 0.014321375638246536 0.019586168229579926 0.034744929522275925
v 0.012871741317212582 0.020932301878929138 0.03398609906435013
v 0.015406408347189426 0.02148248814046383 0.035817231982946396
v 0.012871741317212582 0.020932301878929138 0.03398609906435013
v 0.013944180682301521 0.02302425168454647 0.0350055918097496
v 0.013944180682301521 0.02302425168454647 0.0350055918097496
v 0.012871741317212582 0.020932301878929138 0.03398609906435013
v 0.012698612175881863 0.021078698337078094 0.033902108669281006
v 0.013944180682301521 0.02302425168454647 0.0350055918097496
v 0.012698612175881863 0.021078698337078094 0.033902108669281006
v 0.013768060132861137 0.02319309674203396 0.034914836287498474
v 0.013768060132861137 0.02319309674203396 0.034914836287498474
v 0.012698612175881863 0.021078698337078094 0.033902108669281006
v 0.012633626349270344 0.023555614054203033 0.03434435650706291
v 0.013768060132861137 0.02319309674203396 0.034914836287498474
v 0.012633626349270344 0.023555614054203033 0.03434435650706291
v 0.013438628055155277 0.023499999195337296 0.034748971462249756
v 0.013926747255027294 0.01571768894791603 0.028786636888980865
v 0.01276792585849762 0.016672734171152115 0.02790624275803566
v 0.01225181482732296 0.01758483424782753 0.030244499444961548
v 0.01225181482732296 0.01758483424782753 0.030244499444961548
v 0.01276792585849762 0.016672734171152115 0.02790624275803566
v 0.012606661766767502 0.016795001924037933 0.02779148705303669
v 0.01225181482732296 0.01758483424782753 0.030244499444961548
v 0.012606661766767502 0.016795001924037933 0.02779148705303669
v 0.012086141854524612 0.017704620957374573 0.030145563185214996
v 0.012086141854524612 0.017704620957374573 0.030145563185214996
v 0.012606661766767502 0.016795001924037933 0.02779148705303669
v 0.011235811747610569 0.017741378396749496 0.026888413354754448
v 0.011235811747610569 0.017741378396749496 0.026888413354754448
v 0.010706715285778046 0.018557140603661537 0.029244692996144295
v 0.012086141854524612 0.017704620957374573 0.030145563185214996
v 0.012086141854524612 0.017704620957374573 0.030145563185214996
v 0.010706715285778046 0.018557140603661537 0.029244692996144295
v 0.01211788970977068 0.019183669239282608 0.032255399972200394
v 0.012086141854524612 0.017704620957374573 0.030145563185214996
v 0.01211788970977068 0.019183669239282608 0.032255399972200394
v 0.01225181482732296 0.01758483424782753 0.030244499444961548
v 0.01225181482732296 0.01758483424782753 0.030244499444961548
v 0.01211788970977068 0.019183669239282608 0.032255399972200394
v 0.012287645600736141 0.019054964184761047 0.032342877238988876
v 0.01225181482732296 0.01758483424782753 0.030244499444961548
v 0.012287645600736141 0.019054964184761047 0.032342877238988876
v 0.013640047051012516 0.01647929660975933 0.03113555908203125
v 0.013640047051012516 0.01647929660975933 0.03113555908203125
v 0.012287645600736141 0.019054964184761047 0.032342877238988876
v 0.013713845983147621 0.01786535046994686 0.03313469886779785
v 0.013640047051012516 0.01647929660975933 0.03113555908203125
v 0.013713845983147621 0.01786535046994686 0.03313469886779785
v 0.014947662129998207 0.015246130526065826 0.032081589102745056
v 0.014947662129998207 0.015246130526065826 0.032081589102745056
v 0.013713845983147621 0.01786535046994686 0.03313469886779785
v 0.015063028782606125 0.01653539016842842 0.03398231789469719
v 0.014947662129998207 0.015246130526065826 0.032081589102745056
v 0.015063028782606125 0.01653539016842842 0.03398231789469719
v 0.016165968030691147 0.013885818421840668 0.033064063638448715
v 0.016165968030691147 0.013885818421840668 0.033064063638448715
v 0.015063028782606125 0.01653539016842842 0.03398231789469719
v 0.01632470265030861 0.015065581537783146 0.034868959337472916
v 0.016165968030691147 0.013885818421840668 0.033064063638448715
v 0.01632470265030861 0.015065581537783146 0.034868959337472916
v 0.01697075180709362 0.012843708507716656 0.033771075308322906
v 0.01697075180709362 0.012843708507716656 0.033771075308322906
v 0.01632470265030861 0.015065581537783146 0.034868959337472916
v 0.017160389572381973 0.01393812894821167 0.035510458052158356
v 0.01697075180709362 0.012843708507716656 0.033771075308322906
v 0.017160389572381973 0.01393812894821167 0.035510458052158356
v 0.017897384241223335 0.011455942876636982 0.03464728593826294
v 0.017897384241223335 0.011455942876636982 0.03464728593826294
v 0.017160389572381973 0.01393812894821167 0.035510458052158356
v 0.018124666064977646 0.012435220181941986 0.03630895912647247
v 0.017897384241223335 0.011455942876636982 0.03464728593826294
v 0.018124666064977646 0.012435220181941986 0.03630895912647247
v 0.018705038353800774 0.010020398534834385 0.03546987846493721
v 0.018705038353800774 0.010020398534834385 0.03546987846493721
v 0.018124666064977646 0.012435220181941986 0.03630895912647247
v 0.018966808915138245 0.010879196226596832 0.03706171736121178
v 0.018705038353800774 0.010020398534834385 0.03546987846493721
v 0.018966808915138245 0.010879196226596832 0.03706171736121178
v 0.01939510367810726 0.008544446900486946 0.036220110952854156
v 0.01939510367810726 0.008544446900486946 0.036220110952854156
v 0.018966808915138245 0.010879196226596832 0.03706171736121178
v 0.01968749240040779 0.009278289042413235 0.037750598043203354
v 0.01939510367810726 0.008544446900486946 0.036220110952854156
v 0.01968749240040779 0.009278289042413235 0.037750598043203354
v 0.019968891516327858 0.007034307811409235 0.03688005730509758
v 0.019968891516327858 0.007034307811409235 0.03688005730509758
v 0.01968749240040779 0.009278289042413235 0.037750598043203354
v 0.02028750255703926 0.007639455609023571 0.038358237594366074
v 0.019968891516327858 0.007034307811409235 0.03688005730509758
v 0.02028750255703926 0.007639455609023571 0.038358237594366074
v 0.020427577197551727 0.005494586192071438 0.03743305057287216
v 0.020427577197551727 0.005494586192071438 0.03743305057287216
v 0.02028750255703926 0.007639455609023571 0.038358237594366074
v 0.02076762169599533 0.00596787640824914 0.0388685017824173
v 0.020427577197551727 0.005494586192071438 0.03743305057287216
v 0.02076762169599533 0.00596787640824914 0.0388685017824173
v 0.020486142486333847 0.005262733902782202 0.0375053696334362
v 0.020486142486333847 0.005262733902782202 0.0375053696334362
v 0.02076762169599533 0.00596787640824914 0.0388685017824173
v 0.020828954875469208 0.005716124549508095 0.038935303688049316
v 0.020486142486333847 0.005262733902782202 0.0375053696334362
v 0.020828954875469208 0.005716124549508095 0.038935303688049316
v 0.020790237933397293 0.0038253848906606436 0.03788735717535019
v 0.020790237933397293 0.0038253848906606436 0.03788735717535019
v 0.020828954875469208 0.005716124549508095 0.038935303688049316
v 0.02114751562476158 0.004155213478952646 0.03928840532898903
v 0.020790237933397293 0.0038253848906606436 0.03788735717535019
v 0.02114751562476158 0.004155213478952646 0.03928840532898903
v 0.0209960974752903 0.002383991377428174 0.0381523035466671
v 0.0209960974752903 0.002383991377428174 0.0381523035466671
v 0.02114751562476158 0.004155213478952646 0.03928840532898903
v 0.021363265812397003 0.002589652081951499 0.03953356295824051
v 0.0209960974752903 0.002383991377428174 0.0381523035466671
v 0.021363265812397003 0.002589652081951499 0.03953356295824051
v 0.02110549807548523 0.0009443483431823552 0.038295261561870575
v 0.02110549807548523 0.0009443483431823552 0.038295261561870575
v 0.021363265812397003 0.002589652081951499 0.03953356295824051
v 0.0214779544621706 0.0010258376132696867 0.03966592624783516
v 0.02110549807548523 0.0009443483431823552 0.038295261561870575
v 0.0214779544621706 0.0010258376132696867 0.03966592624783516
v 0.02112550474703312 0.00011344579252181575 0.03832156956195831
v 0.02112550474703312 0.00011344579252181575 0.03832156956195831
v 0.0214779544621706 0.0010258376132696867 0.03966592624783516
v 0.02149892970919609 0.00012323570263106376 0.0396902896463871
v 0.02112550474703312 0.00011344579252181575 0.03832156956195831
v 0.02149892970919609 0.00012323570263106376 0.0396902896463871
v 0.021084249019622803 -0.0013507212279364467 0.03826737403869629
v 0.021084249019622803 -0.0013507212279364467 0.03826737403869629
v 0.02149892970919609 0.00012323570263106376 0.0396902896463871
v 0.02145567536354065 -0.001467270776629448 0.03964009881019592
v 0.021084249019622803 -0.0013507212279364467 0.03826737403869629
v 0.02145567536354065 -0.001467270776629448 0.03964009881019592
v 0.020945748314261436 -0.002807216253131628 0.038087014108896255
v 0.020945748314261436 -0.002807216253131628 0.038087014108896255
v 0.02145567536354065 -0.001467270776629448 0.03964009881019592
v 0.021310489624738693 -0.003049355698749423 0.03947313502430916
v 0.020945748314261436 -0.002807216253131628 0.038087014108896255
v 0.021310489624738693 -0.003049355698749423 0.03947313502430916
v 0.02070714719593525 -0.004268683027476072 0.037781886756420135
v 0.02070714719593525 -0.004268683027476072 0.037781886756420135
v 0.021310489624738693 -0.003049355698749423 0.03947313502430916
v 0.021060453727841377 -0.004636652767658234 0.0391908660531044
v 0.02070714719593525 -0.004268683027476072 0.037781886756420135
v 0.021060453727841377 -0.004636652767658234 0.0391908660531044
v 0.020535144954919815 -0.00506005622446537 0.037566184997558594
v 0.020535144954919815 -0.00506005622446537 0.037566184997558594
v 0.021060453727841377 -0.004636652767658234 0.0391908660531044
v 0.02088027633726597 -0.005496043711900711 0.03899149224162102
v 0.020535144954919815 -0.00506005622446537 0.037566184997558594
v 0.02088027633726597 -0.005496043711900711 0.03899149224162102
v 0.020092347636818886 -0.006658195983618498 0.037026602774858475
v 0.020092347636818886 -0.006658195983618498 0.037026602774858475
v 0.02088027633726597 -0.005496043711900711 0.03899149224162102
v 0.020416686311364174 -0.007231186144053936 0.03849336504936218
v 0.020092347636818886 -0.006658195983618498 0.037026602774858475
v 0.020416686311364174 -0.007231186144053936 0.03849336504936218
v 0.019519276916980743 -0.008244600147008896 0.03636005148291588
v 0.019519276916980743 -0.008244600147008896 0.03636005148291588
v 0.020416686311364174 -0.007231186144053936 0.03849336504936218
v 0.019817283377051353 -0.00895295012742281 0.037879325449466705
v 0.019519276916980743 -0.008244600147008896 0.03636005148291588
v 0.019817283377051353 -0.00895295012742281 0.037879325449466705
v 0.01880662888288498 -0.009820169769227505 0.03557748720049858
v 0.01880662888288498 -0.009820169769227505 0.03557748720049858
v 0.019817283377051353 -0.00895295012742281 0.037879325449466705
v 0.019072839990258217 -0.010662074200809002 0.037160396575927734
v 0.01880662888288498 -0.009820169769227505 0.03557748720049858
v 0.019072839990258217 -0.010662074200809002 0.037160396575927734
v 0.018112163990736008 -0.011098220944404602 0.03486047312617302
v 0.018112163990736008 -0.011098220944404602 0.03486047312617302
v 0.019072839990258217 -0.010662074200809002 0.037160396575927734
v 0.01834847219288349 -0.01204759068787098 0.03650377690792084
v 0.018112163990736008 -0.011098220944404602 0.03486047312617302
v 0.01834847219288349 -0.01204759068787098 0.03650377690792084
v 0.01710464432835579 -0.012656905688345432 0.03389345481991768
v 0.01710464432835579 -0.012656905688345432 0.03389345481991768
v 0.01834847219288349 -0.01204759068787098 0.03650377690792084
v 0.01729959063231945 -0.013735916465520859 0.0356217585504055
v 0.01710464432835579 -0.012656905688345432 0.03389345481991768
v 0.01729959063231945 -0.013735916465520859 0.0356217585504055
v 0.01598895899951458 -0.01409835647791624 0.03291492164134979
v 0.01598895899951458 -0.01409835647791624 0.03291492164134979
v 0.01729959063231945 -0.013735916465520859 0.0356217585504055
v 0.016141129657626152 -0.015295383520424366 0.03473399206995964
v 0.01598895899951458 -0.01409835647791624 0.03291492164134979
v 0.016141129657626152 -0.015295383520424366 0.03473399206995964
v 0.014774204231798649 -0.015421983785927296 0.031949836760759354
v 0.014774204231798649 -0.015421983785927296 0.031949836760759354
v 0.016141129657626152 -0.015295383520424366 0.03473399206995964
v 0.014883751049637794 -0.01672520861029625 0.033863890916109085
v 0.014774204231798649 -0.015421983785927296 0.031949836760759354
v 0.014883751049637794 -0.01672520861029625 0.033863890916109085
v 0.013469197787344456 -0.01662580855190754 0.031019775196909904
v 0.013469197787344456 -0.01662580855190754 0.031019775196909904
v 0.014883751049637794 -0.01672520861029625 0.033863890916109085
v 0.013537970371544361 -0.018023168668150902 0.03303142637014389
v 0.013469197787344456 -0.01662580855190754 0.031019775196909904
v 0.013537970371544361 -0.018023168668150902 0.03303142637014389
v 0.012845003046095371 -0.017135456204414368 0.030611516907811165
v 0.012845003046095371 -0.017135456204414368 0.030611516907811165
v 0.013537970371544361 -0.018023168668150902 0.03303142637014389
v 0.012896246276795864 -0.018571769818663597 0.03266817331314087
v 0.012845003046095371 -0.017135456204414368 0.030611516907811165
v 0.012896246276795864 -0.018571769818663597 0.03266817331314087
v 0.011485940776765347 -0.01811877451837063 0.029799915850162506
v 0.011485940776765347 -0.01811877451837063 0.029799915850162506
v 0.012896246276795864 -0.018571769818663597 0.03266817331314087
v 0.011503733694553375 -0.019628336653113365 0.03195056691765785
v 0.011485940776765347 -0.01811877451837063 0.029799915850162506
v 0.011503733694553375 -0.019628336653113365 0.03195056691765785
v 0.010082400403916836 -0.01897517405450344 0.029067600145936012
v 0.010082400403916836 -0.01897517405450344 0.029067600145936012
v 0.011503733694553375 -0.019628336653113365 0.03195056691765785
v 0.010072823613882065 -0.02054596319794655 0.031309012323617935
v 0.010082400403916836 -0.01897517405450344 0.029067600145936012
v 0.010072823613882065 -0.02054596319794655 0.031309012323617935
v 0.009435873478651047 -0.0209052674472332 0.031053366139531136
v 0.009435873478651047 -0.0209052674472332 0.031053366139531136
v 0.010072823613882065 -0.02054596319794655 0.031309012323617935
v 0.009822556748986244 -0.022657692432403564 0.03250599652528763
v 0.010706715285778046 0.018557140603661537 0.029244692996144295
v 0.010665882378816605 0.019976239651441574 0.03136175498366356
v 0.01211788970977068 0.019183669239282608 0.032255399972200394
v 0.01211788970977068 0.019183669239282608 0.032255399972200394
v 0.010665882378816605 0.019976239651441574 0.03136175498366356
v 0.012698612175881863 0.021078698337078094 0.033902108669281006
v 0.01211788970977068 0.019183669239282608 0.032255399972200394
v 0.012698612175881863 0.021078698337078094 0.033902108669281006
v 0.012287645600736141 0.019054964184761047 0.032342877238988876
v 0.012287645600736141 0.019054964184761047 0.032342877238988876
v 0.012698612175881863 0.021078698337078094 0.033902108669281006
v 0.012871741317212582 0.020932301878929138 0.03398609906435013
v 0.012287645600736141 0.019054964184761047 0.032342877238988876
v 0.012871741317212582 0.020932301878929138 0.03398609906435013
v 0.013713845983147621 0.01786535046994686 0.03313469886779785
v 0.013713845983147621 0.01786535046994686 0.03313469886779785
v 0.012871741317212582 0.020932301878929138 0.03398609906435013
v 0.014321375638246536 0.019586168229579926 0.034744929522275925
v 0.013713845983147621 0.01786535046994686 0.03313469886779785
v 0.014321375638246536 0.019586168229579926 0.034744929522275925
v 0.015063028782606125 0.01653539016842842 0.03398231789469719
v 0.015063028782606125 0.01653539016842842 0.03398231789469719
v 0.014321375638246536 0.019586168229579926 0.034744929522275925
v 0.015685129910707474 0.018093787133693695 0.03555479273200035
v 0.015063028782606125 0.01653539016842842 0.03398231789469719
v 0.015685129910707474 0.018093787133693695 0.03555479273200035
v 0.01632470265030861 0.015065581537783146 0.034868959337472916
v 0.01632470265030861 0.015065581537783146 0.034868959337472916
v 0.015685129910707474 0.018093787133693695 0.03555479273200035
v 0.016954323276877403 0.016456548124551773 0.036399804055690765
v 0.01632470265030861 0.015065581537783146 0.034868959337472916
v 0.016954323276877403 0.016456548124551773 0.036399804055690765
v 0.017160389572381973 0.01393812894821167 0.035510458052158356
v 0.017160389572381973 0.01393812894821167 0.035510458052158356
v 0.016954323276877403 0.016456548124551773 0.036399804055690765
v 0.017792003229260445 0.01520752627402544 0.0370100736618042
v 0.017160389572381973 0.01393812894821167 0.035510458052158356
v 0.017792003229260445 0.01520752627402544 0.0370100736618042
v 0.018124666064977646 0.012435220181941986 0.03630895912647247
v 0.018124666064977646 0.012435220181941986 0.03630895912647247
v 0.017792003229260445 0.01520752627402544 0.0370100736618042
v 0.0187558364123106 0.01355001050978899 0.0377686433494091
v 0.018124666064977646 0.012435220181941986 0.03630895912647247
v 0.0187558364123106 0.01355001050978899 0.0377686433494091
v 0.018966808915138245 0.010879196226596832 0.03706171736121178
v 0.018966808915138245 0.010879196226596832 0.03706171736121178
v 0.0187558364123106 0.01355001050978899 0.0377686433494091
v 0.019595343619585037 0.011841163970530033 0.03848283737897873
v 0.018966808915138245 0.010879196226596832 0.03706171736121178
v 0.019595343619585037 0.011841163970530033 0.03848283737897873
v 0.01968749240040779 0.009278289042413235 0.037750598043203354
v 0.01968749240040779 0.009278289042413235 0.037750598043203354
v 0.019595343619585037 0.011841163970530033 0.03848283737897873
v 0.020312216132879257 0.01008912269026041 0.03913576155900955
v 0.01968749240040779 0.009278289042413235 0.037750598043203354
v 0.020312216132879257 0.01008912269026041 0.03913576155900955
v 0.02028750255703926 0.007639455609023571 0.038358237594366074
v 0.02028750255703926 0.007639455609023571 0.038358237594366074
v 0.020312216132879257 0.01008912269026041 0.03913576155900955
v 0.020908016711473465 0.008300595916807652 0.03971123322844505
v 0.02028750255703926 0.007639455609023571 0.038358237594366074
v 0.020908016711473465 0.008300595916807652 0.03971123322844505
v 0.02076762169599533 0.00596787640824914 0.0388685017824173
v 0.02076762169599533 0.00596787640824914 0.0388685017824173
v 0.020908016711473465 0.008300595916807652 0.03971123322844505
v 0.02138412371277809 0.00648035341873765 0.04019419103860855
v 0.02076762169599533 0.00596787640824914 0.0388685017824173
v 0.02138412371277809 0.00648035341873765 0.04019419103860855
v 0.020828954875469208 0.005716124549508095 0.038935303688049316
v 0.020828954875469208 0.005716124549508095 0.038935303688049316
v 0.02138412371277809 0.00648035341873765 0.04019419103860855
v 0.021444903686642647 0.0062064966186881065 0.04025740176439285
v 0.020828954875469208 0.005716124549508095 0.038935303688049316
v 0.021444903686642647 0.0062064966186881065 0.04025740176439285
v 0.02114751562476158 0.004155213478952646 0.03928840532898903
v 0.02114751562476158 0.004155213478952646 0.03928840532898903
v 0.021444903686642647 0.0062064966186881065 0.04025740176439285
v 0.021760452538728714 0.004509850405156612 0.040591444820165634
v 0.02114751562476158 0.004155213478952646 0.03928840532898903
v 0.021760452538728714 0.004509850405156612 0.040591444820165634
v 0.021363265812397003 0.002589652081951499 0.03953356295824051
v 0.021363265812397003 0.002589652081951499 0.03953356295824051
v 0.021760452538728714 0.004509850405156612 0.040591444820165634
v 0.021974027156829834 0.002809904981404543 0.0408233106136322
v 0.021363265812397003 0.002589652081951499 0.03953356295824051
v 0.021974027156829834 0.002809904981404543 0.0408233106136322
v 0.0214779544621706 0.0010258376132696867 0.03966592624783516
v 0.0214779544621706 0.0010258376132696867 0.03966592624783516
v 0.021974027156829834 0.002809904981404543 0.0408233106136322
v 0.022087514400482178 0.0011129254708066583 0.040948476642370224
v 0.0214779544621706 0.0010258376132696867 0.03966592624783516
v 0.022087514400482178 0.0011129254708066583 0.040948476642370224
v 0.02149892970919609 0.00012323570263106376 0.0396902896463871
v 0.02149892970919609 0.00012323570263106376 0.0396902896463871
v 0.022087514400482178 0.0011129254708066583 0.040948476642370224
v 0.02210826799273491 0.00013369419320952147 0.04097151383757591
v 0.02149892970919609 0.00012323570263106376 0.0396902896463871
v 0.02210826799273491 0.00013369419320952147 0.04097151383757591
v 0.02145567536354065 -0.001467270776629448 0.03964009881019592
v 0.02145567536354065 -0.001467270776629448 0.03964009881019592
v 0.02210826799273491 0.00013369419320952147 0.04097151383757591
v 0.02206547185778618 -0.001591878361068666 0.04092405363917351
v 0.02145567536354065 -0.001467270776629448 0.03964009881019592
v 0.02206547185778618 -0.001591878361068666 0.04092405363917351
v 0.021310489624738693 -0.003049355698749423 0.03947313502430916
v 0.021310489624738693 -0.003049355698749423 0.03947313502430916
v 0.02206547185778618 -0.001591878361068666 0.04092405363917351
v 0.02192179299890995 -0.0033089276403188705 0.040766164660453796
v 0.021310489624738693 -0.003049355698749423 0.03947313502430916
v 0.02192179299890995 -0.0033089276403188705 0.040766164660453796
v 0.021060453727841377 -0.004636652767658234 0.0391908660531044
v 0.021060453727841377 -0.004636652767658234 0.0391908660531044
v 0.02192179299890995 -0.0033089276403188705 0.040766164660453796
v 0.02167423628270626 -0.005032935179769993 0.040499184280633926
v 0.021060453727841377 -0.004636652767658234 0.0391908660531044
v 0.02167423628270626 -0.005032935179769993 0.040499184280633926
v 0.02088027633726597 -0.005496043711900711 0.03899149224162102
v 0.02088027633726597 -0.005496043711900711 0.03899149224162102
v 0.02167423628270626 -0.005032935179769993 0.040499184280633926
v 0.0214957557618618 -0.005967144388705492 0.040310561656951904
v 0.02088027633726597 -0.005496043711900711 0.03899149224162102
v 0.0214957557618618 -0.005967144388705492 0.040310561656951904
v 0.020416686311364174 -0.007231186144053936 0.03849336504936218
v 0.020416686311364174 -0.007231186144053936 0.03849336504936218
v 0.0214957557618618 -0.005967144388705492 0.040310561656951904
v 0.02103617787361145 -0.007855684496462345 0.03983915597200394
v 0.020416686311364174 -0.007231186144053936 0.03849336504936218
v 0.02103617787361145 -0.007855684496462345 0.03983915597200394
v 0.019817283377051353 -0.00895295012742281 0.037879325449466705
v 0.019817283377051353 -0.00895295012742281 0.037879325449466705
v 0.02103617787361145 -0.007855684496462345 0.03983915597200394
v 0.020441174507141113 -0.009733702056109905 0.039257705211639404
v 0.019817283377051353 -0.00895295012742281 0.037879325449466705
v 0.020441174507141113 -0.009733702056109905 0.039257705211639404
v 0.019072839990258217 -0.010662074200809002 0.037160396575927734
v 0.019072839990258217 -0.010662074200809002 0.037160396575927734
v 0.020441174507141113 -0.009733702056109905 0.039257705211639404
v 0.019700903445482254 -0.011603213846683502 0.0385764017701149
v 0.019072839990258217 -0.010662074200809002 0.037160396575927734
v 0.019700903445482254 -0.011603213846683502 0.0385764017701149
v 0.01834847219288349 -0.01204759068787098 0.03650377690792084
v 0.01834847219288349 -0.01204759068787098 0.03650377690792084
v 0.019700903445482254 -0.011603213846683502 0.0385764017701149
v 0.018979139626026154 -0.013123685494065285 0.03795355558395386
v 0.01834847219288349 -0.01204759068787098 0.03650377690792084
v 0.018979139626026154 -0.013123685494065285 0.03795355558395386
v 0.01729959063231945 -0.013735916465520859 0.0356217585504055
v 0.01729959063231945 -0.013735916465520859 0.0356217585504055
v 0.018979139626026154 -0.013123685494065285 0.03795355558395386
v 0.017931316047906876 -0.014984051696956158 0.037115879356861115
v 0.01729959063231945 -0.013735916465520859 0.0356217585504055
v 0.017931316047906876 -0.014984051696956158 0.037115879356861115
v 0.016141129657626152 -0.015295383520424366 0.03473399206995964
v 0.016141129657626152 -0.015295383520424366 0.03473399206995964
v 0.017931316047906876 -0.014984051696956158 0.037115879356861115
v 0.016770003363490105 -0.01671181060373783 0.036271292716264725
v 0.016141129657626152 -0.015295383520424366 0.03473399206995964
v 0.016770003363490105 -0.01671181060373783 0.036271292716264725
v 0.014883751049637794 -0.01672520861029625 0.033863890916109085
v 0.014883751049637794 -0.01672520861029625 0.033863890916109085
v 0.016770003363490105 -0.01671181060373783 0.036271292716264725
v 0.015504316426813602 -0.01830608956515789 0.035441767424345016
v 0.014883751049637794 -0.01672520861029625 0.033863890916109085
v 0.015504316426813602 -0.01830608956515789 0.035441767424345016
v 0.013537970371544361 -0.018023168668150902 0.03303142637014389
v 0.013537970371544361 -0.018023168668150902 0.03303142637014389
v 0.015504316426813602 -0.01830608956515789 0.035441767424345016
v 0.014143071137368679 -0.01976408064365387 0.03464609757065773
v 0.013537970371544361 -0.018023168668150902 0.03303142637014389
v 0.014143071137368679 -0.01976408064365387 0.03464609757065773
v 0.012896246276795864 -0.018571769818663597 0.03266817331314087
v 0.012896246276795864 -0.018571769818663597 0.03266817331314087
v 0.014143071137368679 -0.01976408064365387 0.03464609757065773
v 0.01349139865487814 -0.02038407512009144 0.03429814428091049
v 0.012896246276795864 -0.018571769818663597 0.03266817331314087
v 0.01349139865487814 -0.02038407512009144 0.03429814428091049
v 0.011503733694553375 -0.019628336653113365 0.03195056691765785
v 0.011503733694553375 -0.019628336653113365 0.03195056691765785
v 0.01349139865487814 -0.02038407512009144 0.03429814428091049
v 0.012071171775460243 -0.021585775539278984 0.03360912948846817
v 0.011503733694553375 -0.019628336653113365 0.03195056691765785
v 0.012071171775460243 -0.021585775539278984 0.03360912948846817
v 0.010072823613882065 -0.02054596319794655 0.031309012323617935
v 0.010072823613882065 -0.02054596319794655 0.031309012323617935
v 0.012071171775460243 -0.021585775539278984 0.03360912948846817
v 0.010602491907775402 -0.02263929881155491 0.03299091383814812
v 0.010072823613882065 -0.02054596319794655 0.031309012323617935
v 0.010602491907775402 -0.02263929881155491 0.03299091383814812
v 0.009822556748986244 -0.022657692432403564 0.03250599652528763
v 0.009822556748986244 -0.022657692432403564 0.03250599652528763
v 0.010602491907775402 -0.02263929881155491 0.03299091383814812
v 0.00994554441422224 -0.023054813966155052 0.03274386003613472
v -0.011433367617428303 -0.017614712938666344 0.02701076865196228
v -0.010890734381973743 -0.018500346690416336 0.029476558789610863
v -0.012286406010389328 -0.017559517174959183 0.03026535175740719
v -0.02046237885951996 0.004721339326351881 0.036070700734853745
v -0.02052328549325466 0.005109891295433044 0.03755144029855728
v -0.020075960084795952 0.006709469482302666 0.03700705245137215
v -0.00994554441422224 -0.023054813966155052 0.03274386003613472
v -0.010526402853429317 -0.024611111730337143 0.033420663326978683
v -0.011448588222265244 -0.02205429971218109 0.033335715532302856
v -0.011448588222265244 -0.02205429971218109 0.033335715532302856
v -0.010526402853429317 -0.024611111730337143 0.033420663326978683
v -0.011401038616895676 -0.024555904790759087 0.033812206238508224
v -0.010706715285778046 0.018557140603661537 0.029244692996144295
v -0.011235811747610569 0.017741378396749496 0.026888413354754448
v -0.01194703672081232 0.017270445823669434 0.027341030538082123
v -0.010665882378816605 0.019976239651441574 0.03136175498366356
v -0.010706715285778046 0.018557140603661537 0.029244692996144295
v -0.011411928571760654 0.018167763948440552 0.029758663848042488
v -0.010706715285778046 0.018557140603661537 0.029244692996144295
v -0.01194703672081232 0.017270445823669434 0.027341030538082123
v -0.011411928571760654 0.018167763948440552 0.029758663848042488
v -0.011411928571760654 0.018167763948440552 0.029758663848042488
v -0.01194703672081232 0.017270445823669434 0.027341030538082123
v -0.013290701434016228 0.01625906676054001 0.02829110249876976
v -0.011411928571760654 0.018167763948440552 0.029758663848042488
v -0.013290701434016228 0.01625906676054001 0.02829110249876976
v -0.012791158631443977 0.017177607864141464 0.030577369034290314
v -0.012791158631443977 0.017177607864141464 0.030577369034290314
v -0.013290701434016228 0.01625906676054001 0.02829110249876976
v -0.013897511176764965 0.015743544325232506 0.028763186186552048
v -0.012791158631443977 0.017177607864141464 0.030577369034290314
v -0.013897511176764965 0.015743544325232506 0.028763186186552048
v -0.013421542942523956 0.016666121780872345 0.03098779171705246
v -0.013421542942523956 0.016666121780872345 0.03098779171705246
v -0.013897511176764965 0.015743544325232506 0.028763186186552048
v -0.013925738632678986 0.015718581154942513 0.02878582663834095
v -0.013421542942523956 0.016666121780872345 0.03098779171705246
v -0.013925738632678986 0.015718581154942513 0.02878582663834095
v -0.014728730544447899 0.015467421151697636 0.03191562369465828
v -0.014728730544447899 0.015467421151697636 0.03191562369465828
v -0.013925738632678986 0.015718581154942513 0.02878582663834095
v -0.01514191273599863 0.014550686813890934 0.029821520671248436
v -0.014728730544447899 0.015467421151697636 0.03191562369465828
v -0.01514191273599863 0.014550686813890934 0.029821520671248436
v -0.01628507487475872 0.01325882039964199 0.030909553170204163
v -0.01672562211751938 0.01677231304347515 0.036240652203559875
v -0.01653687283396721 0.020093806087970734 0.03652028739452362
v -0.015456910245120525 0.01836097054183483 0.03541242703795433
v -0.015456910245120525 0.01836097054183483 0.03541242703795433
v -0.01653687283396721 0.020093806087970734 0.03652028739452362
v -0.015177830122411251 0.02174108475446701 0.03568330407142639
v -0.015456910245120525 0.01836097054183483 0.03541242703795433
v -0.015177830122411251 0.02174108475446701 0.03568330407142639
v -0.014093331061303616 0.019813058897852898 0.0346188098192215
v -0.014093331061303616 0.019813058897852898 0.0346188098192215
v -0.015177830122411251 0.02174108475446701 0.03568330407142639
v -0.01451511774212122 0.02245299704372883 0.03530995920300484
v -0.014093331061303616 0.019813058897852898 0.0346188098192215
v -0.01451511774212122 0.02245299704372883 0.03530995920300484
v -0.013435165397822857 0.020435435697436333 0.03426908329129219
v -0.013435165397822857 0.020435435697436333 0.03426908329129219
v -0.01451511774212122 0.02245299704372883 0.03530995920300484
v -0.013438628055155277 0.023499999195337296 0.034748971462249756
v -0.013435165397822857 0.020435435697436333 0.03426908329129219
v -0.013438628055155277 0.023499999195337296 0.034748971462249756
v -0.011993774212896824 0.02164585329592228 0.03357421234250069
v -0.011993774212896824 0.02164585329592228 0.03357421234250069
v -0.013438628055155277 0.023499999195337296 0.034748971462249756
v -0.012633626349270344 0.023555614054203033 0.03434435650706291
v -0.011993774212896824 0.02164585329592228 0.03357421234250069
v -0.012633626349270344 0.023555614054203033 0.03434435650706291
v -0.011827465146780014 0.02361111156642437 0.03393140435218811
v -0.01728256605565548 0.011929498054087162 0.03195924311876297
v -0.017065566033124924 0.012711859308183193 0.033857591450214386
v -0.01628507487475872 0.01325882039964199 0.030909553170204163
v -0.01628507487475872 0.01325882039964199 0.030909553170204163
v -0.017065566033124924 0.012711859308183193 0.033857591450214386
v -0.015946341678500175 0.014148710295557976 0.03287934884428978
v -0.01628507487475872 0.01325882039964199 0.030909553170204163
v -0.015946341678500175 0.014148710295557976 0.03287934884428978
v -0.014728730544447899 0.015467421151697636 0.03191562369465828
v -0.01728256605565548 0.011929498054087162 0.03195924311876297
v -0.017323201522231102 0.011870411224663258 0.032004136592149734
v -0.017065566033124924 0.012711859308183193 0.033857591450214386
v -0.017065566033124924 0.012711859308183193 0.033857591450214386
v -0.017323201522231102 0.011870411224663258 0.032004136592149734
v -0.01825184002518654 0.01038606371730566 0.03307893127202988
v -0.017065566033124924 0.012711859308183193 0.033857591450214386
v -0.01825184002518654 0.01038606371730566 0.03307893127202988
v -0.01807725802063942 0.011157428845763206 0.034825555980205536
v -0.01807725802063942 0.011157428845763206 0.034825555980205536
v -0.01825184002518654 0.01038606371730566 0.03307893127202988
v -0.018891921266913414 0.009170347824692726 0.033877965062856674
v -0.01807725802063942 0.011157428845763206 0.034825555980205536
v -0.018891921266913414 0.009170347824692726 0.033877965062856674
v -0.0187801755964756 0.009872803464531898 0.03554937243461609
v -0.0187801755964756 0.009872803464531898 0.03554937243461609
v -0.018891921266913414 0.009170347824692726 0.033877965062856674
v -0.019541459158062935 0.007689694408327341 0.034742292016744614
v -0.0187801755964756 0.009872803464531898 0.03554937243461609
v -0.019541459158062935 0.007689694408327341 0.034742292016744614
v -0.01949799619615078 0.008296891115605831 0.036335960030555725
v -0.01949799619615078 0.008296891115605831 0.036335960030555725
v -0.019541459158062935 0.007689694408327341 0.034742292016744614
v -0.019634274765849113 0.0074495128355920315 0.03487049788236618
v -0.01949799619615078 0.008296891115605831 0.036335960030555725
v -0.019634274765849113 0.0074495128355920315 0.03487049788236618
v -0.020075960084795952 0.006709469482302666 0.03700705245137215
v -0.020075960084795952 0.006709469482302666 0.03700705245137215
v -0.019634274765849113 0.0074495128355920315 0.03487049788236618
v -0.020061548799276352 0.006207597441971302 0.035476747900247574
v -0.020075960084795952 0.006709469482302666 0.03700705245137215
v -0.020061548799276352 0.006207597441971302 0.035476747900247574
v -0.02046237885951996 0.004721339326351881 0.036070700734853745
v -0.011117460206151009 0.021854601800441742 0.03302467241883278
v -0.010665882378816605 0.019976239651441574 0.03136175498366356
v -0.011428091675043106 0.019680898636579514 0.03191426768898964
v -0.011428091675043106 0.019680898636579514 0.03191426768898964
v -0.010665882378816605 0.019976239651441574 0.03136175498366356
v -0.011411928571760654 0.018167763948440552 0.029758663848042488
v -0.011428091675043106 0.019680898636579514 0.03191426768898964
v -0.011411928571760654 0.018167763948440552 0.029758663848042488
v -0.012840952724218369 0.018617117777466774 0.03263785317540169
v -0.012840952724218369 0.018617117777466774 0.03263785317540169
v -0.011411928571760654 0.018167763948440552 0.029758663848042488
v -0.012791158631443977 0.017177607864141464 0.030577369034290314
v -0.012840952724218369 0.018617117777466774 0.03263785317540169
v -0.012791158631443977 0.017177607864141464 0.030577369034290314
v -0.013488931581377983 0.018066585063934326 0.03300291672348976
v -0.013488931581377983 0.018066585063934326 0.03300291672348976
v -0.012791158631443977 0.017177607864141464 0.030577369034290314
v -0.013421542942523956 0.016666121780872345 0.03098779171705246
v -0.013488931581377983 0.018066585063934326 0.03300291672348976
v -0.013421542942523956 0.016666121780872345 0.03098779171705246
v -0.014836766757071018 0.016774246469140053 0.033833153545856476
v -0.014836766757071018 0.016774246469140053 0.033833153545856476
v -0.013421542942523956 0.016666121780872345 0.03098779171705246
v -0.014728730544447899 0.015467421151697636 0.03191562369465828
v -0.014836766757071018 0.016774246469140053 0.033833153545856476
v -0.014728730544447899 0.015467421151697636 0.03191562369465828
v -0.016096945852041245 0.015349818393588066 0.034701816737651825
v -0.016096945852041245 0.015349818393588066 0.034701816737651825
v -0.014728730544447899 0.015467421151697636 0.03191562369465828
v -0.015946341678500175 0.014148710295557976 0.03287934884428978
v -0.016096945852041245 0.015349818393588066 0.034701816737651825
v -0.015946341678500175 0.014148710295557976 0.03287934884428978
v -0.017258958891034126 0.013795406557619572 0.03558913618326187
v -0.017258958891034126 0.013795406557619572 0.03558913618326187
v -0.015946341678500175 0.014148710295557976 0.03287934884428978
v -0.017065566033124924 0.012711859308183193 0.033857591450214386
v -0.017258958891034126 0.013795406557619572 0.03558913618326187
v -0.017065566033124924 0.012711859308183193 0.033857591450214386
v -0.018312091007828712 0.012111754156649113 0.03647185489535332
v -0.018312091007828712 0.012111754156649113 0.03647185489535332
v -0.017065566033124924 0.012711859308183193 0.033857591450214386
v -0.01807725802063942 0.011157428845763206 0.034825555980205536
v -0.018312091007828712 0.012111754156649113 0.03647185489535332
v -0.01807725802063942 0.011157428845763206 0.034825555980205536
v -0.019045228138566017 0.010719150304794312 0.03713461384177208
v -0.019045228138566017 0.010719150304794312 0.03713461384177208
v -0.01807725802063942 0.011157428845763206 0.034825555980205536
v -0.0187801755964756 0.009872803464531898 0.03554937243461609
v -0.019045228138566017 0.010719150304794312 0.03713461384177208
v -0.0187801755964756 0.009872803464531898 0.03554937243461609
v -0.019795037806034088 0.009009688161313534 0.03785715624690056
v -0.019795037806034088 0.009009688161313534 0.03785715624690056
v -0.0187801755964756 0.009872803464531898 0.03554937243461609
v -0.01949799619615078 0.008296891115605831 0.036335960030555725
v -0.019795037806034088 0.009009688161313534 0.03785715624690056
v -0.01949799619615078 0.008296891115605831 0.036335960030555725
v -0.020399536937475204 0.0072868457064032555 0.038475338369607925
v -0.020399536937475204 0.0072868457064032555 0.038475338369607925
v -0.01949799619615078 0.008296891115605831 0.036335960030555725
v -0.020075960084795952 0.006709469482302666 0.03700705245137215
v -0.020399536937475204 0.0072868457064032555 0.038475338369607925
v -0.020075960084795952 0.006709469482302666 0.03700705245137215
v -0.020867854356765747 0.0055501582100987434 0.03897786885499954
v -0.020867854356765747 0.0055501582100987434 0.03897786885499954
v -0.020075960084795952 0.006709469482302666 0.03700705245137215
v -0.02052328549325466 0.005109891295433044 0.03755144029855728
v -0.020867854356765747 0.0055501582100987434 0.03897786885499954
v -0.02052328549325466 0.005109891295433044 0.03755144029855728
v -0.02105056867003441 0.004688082728534937 0.03917984291911125
v -0.020697711035609245 0.004316040314733982 0.03776996210217476
v -0.02061828225851059 0.003985780756920576 0.036308690905570984
v -0.02083422988653183 0.0026334193535149097 0.03664508834481239
v -0.011827465146780014 0.02361111156642437 0.03393140435218811
v -0.011117460206151009 0.021854601800441742 0.03302467241883278
v -0.011993774212896824 0.02164585329592228 0.03357421234250069
v -0.011993774212896824 0.02164585329592228 0.03357421234250069
v -0.011117460206151009 0.021854601800441742 0.03302467241883278
v -0.011428091675043106 0.019680898636579514 0.03191426768898964
v -0.011993774212896824 0.02164585329592228 0.03357421234250069
v -0.011428091675043106 0.019680898636579514 0.03191426768898964
v -0.013435165397822857 0.020435435697436333 0.03426908329129219
v -0.013435165397822857 0.020435435697436333 0.03426908329129219
v -0.011428091675043106 0.019680898636579514 0.03191426768898964
v -0.012840952724218369 0.018617117777466774 0.03263785317540169
v -0.013435165397822857 0.020435435697436333 0.03426908329129219
v -0.012840952724218369 0.018617117777466774 0.03263785317540169
v -0.014093331061303616 0.019813058897852898 0.0346188098192215
v -0.014093331061303616 0.019813058897852898 0.0346188098192215
v -0.012840952724218369 0.018617117777466774 0.03263785317540169
v -0.013488931581377983 0.018066585063934326 0.03300291672348976
v -0.014093331061303616 0.019813058897852898 0.0346188098192215
v -0.013488931581377983 0.018066585063934326 0.03300291672348976
v -0.015456910245120525 0.01836097054183483 0.03541242703795433
v -0.015456910245120525 0.01836097054183483 0.03541242703795433
v -0.013488931581377983 0.018066585063934326 0.03300291672348976
v -0.014836766757071018 0.016774246469140053 0.033833153545856476
v -0.015456910245120525 0.01836097054183483 0.03541242703795433
v -0.014836766757071018 0.016774246469140053 0.033833153545856476
v -0.01672562211751938 0.01677231304347515 0.036240652203559875
v -0.01672562211751938 0.01677231304347515 0.036240652203559875
v -0.014836766757071018 0.016774246469140053 0.033833153545856476
v -0.016096945852041245 0.015349818393588066 0.034701816737651825
v -0.01672562211751938 0.01677231304347515 0.036240652203559875
v -0.016096945852041245 0.015349818393588066 0.034701816737651825
v -0.017890658229589462 0.01504978071898222 0.03708487004041672
v -0.017890658229589462 0.01504978071898222 0.03708487004041672
v -0.016096945852041245 0.015349818393588066 0.034701816737651825
v -0.017258958891034126 0.013795406557619572 0.03558913618326187
v -0.017890658229589462 0.01504978071898222 0.03708487004041672
v -0.017258958891034126 0.013795406557619572 0.03558913618326187
v -0.018942849710583687 0.013194223865866661 0.037923261523246765
v -0.018942849710583687 0.013194223865866661 0.037923261523246765
v -0.017258958891034126 0.013795406557619572 0.03558913618326187
v -0.018312091007828712 0.012111754156649113 0.03647185489535332
v -0.018942849710583687 0.013194223865866661 0.037923261523246765
v -0.018312091007828712 0.012111754156649113 0.03647185489535332
v -0.019673416391015053 0.011665754951536655 0.03855195268988609
v -0.019673416391015053 0.011665754951536655 0.03855195268988609
v -0.018312091007828712 0.012111754156649113 0.03647185489535332
v -0.019045228138566017 0.010719150304794312 0.03713461384177208
v -0.019673416391015053 0.011665754951536655 0.03855195268988609
v -0.019045228138566017 0.010719150304794312 0.03713461384177208
v -0.020419074222445488 0.00979567226022482 0.03923670947551727
v -0.020419074222445488 0.00979567226022482 0.03923670947551727
v -0.019045228138566017 0.010719150304794312 0.03713461384177208
v -0.019795037806034088 0.009009688161313534 0.03785715624690056
v -0.020419074222445488 0.00979567226022482 0.03923670947551727
v -0.019795037806034088 0.009009688161313534 0.03785715624690056
v -0.021019166335463524 0.007916325703263283 0.039822086691856384
v -0.021019166335463524 0.007916325703263283 0.039822086691856384
v -0.019795037806034088 0.009009688161313534 0.03785715624690056
v -0.020399536937475204 0.0072868457064032555 0.038475338369607925
v -0.021019166335463524 0.007916325703263283 0.039822086691856384
v -0.020399536937475204 0.0072868457064032555 0.038475338369607925
v -0.021483449265360832 0.006025993265211582 0.040297672152519226
v -0.021483449265360832 0.006025993265211582 0.040297672152519226
v -0.020399536937475204 0.0072868457064032555 0.038475338369607925
v -0.020867854356765747 0.0055501582100987434 0.03897786885499954
v -0.021483449265360832 0.006025993265211582 0.040297672152519226
v -0.020867854356765747 0.0055501582100987434 0.03897786885499954
v -0.021664446219801903 0.005088824778795242 0.04048875346779823
v -0.021664446219801903 0.005088824778795242 0.04048875346779823
v -0.020867854356765747 0.0055501582100987434 0.03897786885499954
v -0.02105056867003441 0.004688082728534937 0.03917984291911125
v -0.021664446219801903 0.005088824778795242 0.04048875346779823
v -0.02105056867003441 0.004688082728534937 0.03917984291911125
v -0.021915532648563385 0.003363708034157753 0.04075933247804642
v -0.022867722436785698 0.0022137085907161236 0.042047735303640366
v -0.022753598168492317 0.003636626759544015 0.041916705667972565
v -0.021915532648563385 0.003363708034157753 0.04075933247804642
v -0.021915532648563385 0.003363708034157753 0.04075933247804642
v -0.022753598168492317 0.003636626759544015 0.041916705667972565
v -0.02251775562763214 0.005504173692315817 0.04165066406130791
v -0.021915532648563385 0.003363708034157753 0.04075933247804642
v -0.02251775562763214 0.005504173692315817 0.04165066406130791
v -0.021664446219801903 0.005088824778795242 0.04048875346779823
v -0.021664446219801903 0.005088824778795242 0.04048875346779823
v -0.02251775562763214 0.005504173692315817 0.04165066406130791
v -0.02234749123454094 0.006519944407045841 0.041462451219558716
v -0.021664446219801903 0.005088824778795242 0.04048875346779823
v -0.02234749123454094 0.006519944407045841 0.041462451219558716
v -0.021483449265360832 0.006025993265211582 0.040297672152519226
v -0.021483449265360832 0.006025993265211582 0.040297672152519226
v -0.02234749123454094 0.006519944407045841 0.041462451219558716
v -0.02190973423421383 0.008572395890951157 0.040992721915245056
v -0.021483449265360832 0.006025993265211582 0.040297672152519226
v -0.02190973423421383 0.008572395890951157 0.040992721915245056
v -0.021019166335463524 0.007916325703263283 0.039822086691856384
v -0.021019166335463524 0.007916325703263283 0.039822086691856384
v -0.02190973423421383 0.008572395890951157 0.040992721915245056
v -0.021341729909181595 0.010619102045893669 0.04041187837719917
v -0.021019166335463524 0.007916325703263283 0.039822086691856384
v -0.021341729909181595 0.010619102045893669 0.04041187837719917
v -0.020419074222445488 0.00979567226022482 0.03923670947551727
v -0.020419074222445488 0.00979567226022482 0.03923670947551727
v -0.021341729909181595 0.010619102045893669 0.04041187837719917
v -0.02063235454261303 0.01266381423920393 0.039728324860334396
v -0.020419074222445488 0.00979567226022482 0.03923670947551727
v -0.02063235454261303 0.01266381423920393 0.039728324860334396
v -0.019673416391015053 0.011665754951536655 0.03855195268988609
v -0.019673416391015053 0.011665754951536655 0.03855195268988609
v -0.02063235454261303 0.01266381423920393 0.039728324860334396
v -0.01993330381810665 0.014342660084366798 0.0390964113175869
v -0.019673416391015053 0.011665754951536655 0.03855195268988609
v -0.01993330381810665 0.014342660084366798 0.0390964113175869
v -0.018942849710583687 0.013194223865866661 0.037923261523246765
v -0.018942849710583687 0.013194223865866661 0.037923261523246765
v -0.01993330381810665 0.014342660084366798 0.0390964113175869
v -0.018919114023447037 0.016392473131418228 0.038246408104896545
v -0.018942849710583687 0.013194223865866661 0.037923261523246765
v -0.018919114023447037 0.016392473131418228 0.038246408104896545
v -0.017890658229589462 0.01504978071898222 0.03708487004041672
v -0.017890658229589462 0.01504978071898222 0.03708487004041672
v -0.018919114023447037 0.016392473131418228 0.038246408104896545
v -0.018499594181776047 0.0171409472823143 0.03791618347167969
v -0.017890658229589462 0.01504978071898222 0.03708487004041672
v -0.018499594181776047 0.0171409472823143 0.03791618347167969
v -0.01672562211751938 0.01677231304347515 0.036240652203559875
v -0.01672562211751938 0.01677231304347515 0.036240652203559875
v -0.018499594181776047 0.0171409472823143 0.03791618347167969
v -0.01778534986078739 0.01830979995429516 0.03738075867295265
v -0.01672562211751938 0.01677231304347515 0.036240652203559875
v -0.01778534986078739 0.01830979995429516 0.03738075867295265
v -0.01653687283396721 0.020093806087970734 0.03652028739452362
v -0.020697711035609245 0.004316040314733982 0.03776996210217476
v -0.02083422988653183 0.0026334193535149097 0.03664508834481239
v -0.020939713343977928 0.002853671321645379 0.038079213351011276
v -0.020939713343977928 0.002853671321645379 0.038079213351011276
v -0.02083422988653183 0.0026334193535149097 0.03664508834481239
v -0.020846804603934288 0.0025319440755993128 0.0366649255156517
v -0.020939713343977928 0.002853671321645379 0.038079213351011276
v -0.020846804603934288 0.0025319440755993128 0.0366649255156517
v -0.021081384271383286 0.001396449632011354 0.03826361894607544
v -0.020846804603934288 0.0025319440755993128 0.0366649255156517
v -0.020960455760359764 0.001288129249587655 0.03684546425938606
v -0.021081384271383286 0.001396449632011354 0.03826361894607544
v -0.021081384271383286 0.001396449632011354 0.03826361894607544
v -0.020960455760359764 0.001288129249587655 0.03684546425938606
v -0.020999904721975327 -6.297796062426642e-05 0.03690866753458977
v -0.021081384271383286 0.001396449632011354 0.03826361894607544
v -0.020999904721975327 -6.297796062426642e-05 0.03690866753458977
v -0.02112569287419319 -6.828278856119141e-05 0.03832181543111801
v -0.02112569287419319 -6.828278856119141e-05 0.03832181543111801
v -0.020999904721975327 -6.297796062426642e-05 0.03690866753458977
v -0.02098347619175911 -0.0008329148986376822 0.03688231110572815
v -0.02112569287419319 -6.828278856119141e-05 0.03832181543111801
v -0.02098347619175911 -0.0008329148986376822 0.03688231110572815
v -0.02110723778605461 -0.0009030246292240918 0.03829754516482353
v -0.02110723778605461 -0.0009030246292240918 0.03829754516482353
v -0.02098347619175911 -0.0008329148986376822 0.03688231110572815
v -0.020888499915599823 -0.002161159412935376 0.036730892956256866
v -0.02110723778605461 -0.0009030246292240918 0.03829754516482353
v -0.020888499915599823 -0.002161159412935376 0.036730892956256866
v -0.021000605076551437 -0.0023423347156494856 0.03815815970301628
v -0.021000605076551437 -0.0023423347156494856 0.03815815970301628
v -0.020888499915599823 -0.002161159412935376 0.036730892956256866
v -0.020846569910645485 -0.0025338761042803526 0.036664556711912155
v -0.021000605076551437 -0.0023423347156494856 0.03815815970301628
v -0.020846569910645485 -0.0025338761042803526 0.036664556711912155
v -0.020797599107027054 -0.003783519845455885 0.037896741181612015
v -0.020846569910645485 -0.0025338761042803526 0.036664556711912155
v -0.020707465708255768 -0.0034929716493934393 0.03644665703177452
v -0.020797599107027054 -0.003783519845455885 0.037896741181612015
v -0.020797599107027054 -0.003783519845455885 0.037896741181612015
v -0.020707465708255768 -0.0034929716493934393 0.03644665703177452
v -0.020436756312847137 -0.0048310416750609875 0.036031972616910934
v -0.020797599107027054 -0.003783519845455885 0.037896741181612015
v -0.020436756312847137 -0.0048310416750609875 0.036031972616910934
v -0.020494643598794937 -0.005228174850344658 0.037515897303819656
v -0.020494643598794937 -0.005228174850344658 0.037515897303819656
v -0.020436756312847137 -0.0048310416750609875 0.036031972616910934
v -0.02007564902305603 -0.006161844357848167 0.035497214645147324
v -0.019634734839200974 -0.007448299787938595 0.03487113490700722
v -0.019545506685972214 -0.008179607801139355 0.03638981282711029
v -0.02007564902305603 -0.006161844357848167 0.035497214645147324
v -0.02007564902305603 -0.006161844357848167 0.035497214645147324
v -0.019545506685972214 -0.008179607801139355 0.03638981282711029
v -0.020091667771339417 -0.006660331506282091 0.03702579066157341
v -0.02007564902305603 -0.006161844357848167 0.035497214645147324
v -0.020091667771339417 -0.006660331506282091 0.03702579066157341
v -0.020494643598794937 -0.005228174850344658 0.037515897303819656
v -0.019634734839200974 -0.007448299787938595 0.03487113490700722
v -0.019584307447075844 -0.007579901721328497 0.03480132669210434
v -0.019545506685972214 -0.008179607801139355 0.03638981282711029
v -0.019545506685972214 -0.008179607801139355 0.03638981282711029
v -0.019584307447075844 -0.007579901721328497 0.03480132669210434
v -0.01898409053683281 -0.008977990597486496 0.033997222781181335
v -0.019545506685972214 -0.008179607801139355 0.03638981282711029
v -0.01898409053683281 -0.008977990597486496 0.033997222781181335
v -0.01888175867497921 -0.009668722748756409 0.03565768897533417
v -0.01888175867497921 -0.009668722748756409 0.03565768897533417
v -0.01898409053683281 -0.008977990597486496 0.033997222781181335
v -0.0182713083922863 -0.010351778008043766 0.033102504909038544
v -0.01888175867497921 -0.009668722748756409 0.03565768897533417
v -0.0182713083922863 -0.010351778008043766 0.033102504909038544
v -0.01809857040643692 -0.01112133078277111 0.03484686091542244
v -0.01809857040643692 -0.01112133078277111 0.03484686091542244
v -0.0182713083922863 -0.010351778008043766 0.033102504909038544
v -0.01743413135409355 -0.011706882156431675 0.03212756663560867
v -0.01809857040643692 -0.01112133078277111 0.03484686091542244
v -0.01743413135409355 -0.011706882156431675 0.03212756663560867
v -0.01718590036034584 -0.01254146546125412 0.033968403935432434
v -0.01718590036034584 -0.01254146546125412 0.033968403935432434
v -0.01743413135409355 -0.011706882156431675 0.03212756663560867
v -0.017282305285334587 -0.011929876171052456 0.03195895254611969
v -0.01718590036034584 -0.01254146546125412 0.033968403935432434
v -0.017282305285334587 -0.011929876171052456 0.03195895254611969
v -0.01608097553253174 -0.013988561928272247 0.032992172986269
v -0.017282305285334587 -0.011929876171052456 0.03195895254611969
v -0.016410578042268753 -0.013103164732456207 0.031036270782351494
v -0.01608097553253174 -0.013988561928272247 0.032992172986269
v -0.01608097553253174 -0.013988561928272247 0.032992172986269
v -0.016410578042268753 -0.013103164732456207 0.031036270782351494
v -0.015270357020199299 -0.014415831305086613 0.029938025400042534
v -0.01608097553253174 -0.013988561928272247 0.032992172986269
v -0.015270357020199299 -0.014415831305086613 0.029938025400042534
v -0.01486474834382534 -0.015330693684518337 0.03201836347579956
v -0.01486474834382534 -0.015330693684518337 0.03201836347579956
v -0.015270357020199299 -0.014415831305086613 0.029938025400042534
v -0.014013323932886124 -0.01564054749906063 0.028856471180915833
v -0.01486474834382534 -0.015330693684518337 0.03201836347579956
v -0.014013323932886124 -0.01564054749906063 0.028856471180915833
v -0.013542382046580315 -0.016563430428504944 0.031069157645106316
v -0.013542382046580315 -0.016563430428504944 0.031069157645106316
v -0.014013323932886124 -0.01564054749906063 0.028856471180915833
v -0.013926127925515175 -0.015718236565589905 0.02878613956272602
v -0.013542382046580315 -0.016563430428504944 0.031069157645106316
v -0.013926127925515175 -0.015718236565589905 0.02878613956272602
v -0.012286406010389328 -0.017559517174959183 0.03026535175740719
v -0.012286406010389328 -0.017559517174959183 0.03026535175740719
v -0.013926127925515175 -0.015718236565589905 0.02878613956272602
v -0.012801555916666985 -0.01664692722260952 0.027930406853556633
v -0.012286406010389328 -0.017559517174959183 0.03026535175740719
v -0.012801555916666985 -0.01664692722260952 0.027930406853556633
v -0.011433367617428303 -0.017614712938666344 0.02701076865196228
v -0.010890734381973743 -0.018500346690416336 0.029476558789610863
v -0.010896004736423492 -0.02003752440214157 0.031666528433561325
v -0.012286406010389328 -0.017559517174959183 0.03026535175740719
v -0.012286406010389328 -0.017559517174959183 0.03026535175740719
v -0.010896004736423492 -0.02003752440214157 0.031666528433561325
v -0.012323101051151752 -0.01902775466442108 0.03236132487654686
v -0.012286406010389328 -0.017559517174959183 0.03026535175740719
v -0.012323101051151752 -0.01902775466442108 0.03236132487654686
v -0.013542382046580315 -0.016563430428504944 0.031069157645106316
v -0.013542382046580315 -0.016563430428504944 0.031069157645106316
v -0.012323101051151752 -0.01902775466442108 0.03236132487654686
v -0.013613296672701836 -0.01795598305761814 0.03307545930147171
v -0.013542382046580315 -0.016563430428504944 0.031069157645106316
v -0.013613296672701836 -0.01795598305761814 0.03307545930147171
v -0.01486474834382534 -0.015330693684518337 0.03201836347579956
v -0.01486474834382534 -0.015330693684518337 0.03201836347579956
v -0.013613296672701836 -0.01795598305761814 0.03307545930147171
v -0.014977321028709412 -0.016626674681901932 0.03392547369003296
v -0.01486474834382534 -0.015330693684518337 0.03201836347579956
v -0.014977321028709412 -0.016626674681901932 0.03392547369003296
v -0.01608097553253174 -0.013988561928272247 0.032992172986269
v -0.01608097553253174 -0.013988561928272247 0.032992172986269
v -0.014977321028709412 -0.016626674681901932 0.03392547369003296
v -0.016236547380685806 -0.015176676213741302 0.03480388596653938
v -0.01608097553253174 -0.013988561928272247 0.032992172986269
v -0.016236547380685806 -0.015176676213741302 0.03480388596653938
v -0.01718590036034584 -0.01254146546125412 0.033968403935432434
v -0.01718590036034584 -0.01254146546125412 0.033968403935432434
v -0.016236547380685806 -0.015176676213741302 0.03480388596653938
v -0.017384089529514313 -0.013610939495265484 0.03568996116518974
v -0.01718590036034584 -0.01254146546125412 0.033968403935432434
v -0.017384089529514313 -0.013610939495265484 0.03568996116518974
v -0.01809857040643692 -0.01112133078277111 0.03484686091542244
v -0.01809857040643692 -0.01112133078277111 0.03484686091542244
v -0.017384089529514313 -0.013610939495265484 0.03568996116518974
v -0.01833430305123329 -0.012072634883224964 0.036491330713033676
v -0.01809857040643692 -0.01112133078277111 0.03484686091542244
v -0.01833430305123329 -0.012072634883224964 0.036491330713033676
v -0.01888175867497921 -0.009668722748756409 0.03565768897533417
v -0.01888175867497921 -0.009668722748756409 0.03565768897533417
v -0.01833430305123329 -0.012072634883224964 0.036491330713033676
v -0.019151270389556885 -0.010497835464775562 0.03723397105932236
v -0.01888175867497921 -0.009668722748756409 0.03565768897533417
v -0.019151270389556885 -0.010497835464775562 0.03723397105932236
v -0.019545506685972214 -0.008179607801139355 0.03638981282711029
v -0.019545506685972214 -0.008179607801139355 0.03638981282711029
v -0.019151270389556885 -0.010497835464775562 0.03723397105932236
v -0.019844703376293182 -0.008882426656782627 0.0379067063331604
v -0.019545506685972214 -0.008179607801139355 0.03638981282711029
v -0.019844703376293182 -0.008882426656782627 0.0379067063331604
v -0.020091667771339417 -0.006660331506282091 0.03702579066157341
v -0.020091667771339417 -0.006660331506282091 0.03702579066157341
v -0.019844703376293182 -0.008882426656782627 0.0379067063331604
v -0.020415974780917168 -0.0072335051372647285 0.03849261626601219
v -0.020091667771339417 -0.006660331506282091 0.03702579066157341
v -0.020415974780917168 -0.0072335051372647285 0.03849261626601219
v -0.020494643598794937 -0.005228174850344658 0.037515897303819656
v -0.020494643598794937 -0.005228174850344658 0.037515897303819656
v -0.020415974780917168 -0.0072335051372647285 0.03849261626601219
v -0.020837856456637383 -0.005678598769009113 0.0389450304210186
v -0.020494643598794937 -0.005228174850344658 0.037515897303819656
v -0.020837856456637383 -0.005678598769009113 0.0389450304210186
v -0.020797599107027054 -0.003783519845455885 0.037896741181612015
v -0.020797599107027054 -0.003783519845455885 0.037896741181612015
v -0.020837856456637383 -0.005678598769009113 0.0389450304210186
v -0.021155230700969696 -0.004109745379537344 0.039297085255384445
v -0.020797599107027054 -0.003783519845455885 0.037896741181612015
v -0.021155230700969696 -0.004109745379537344 0.039297085255384445
v -0.021000605076551437 -0.0023423347156494856 0.03815815970301628
v -0.021000605076551437 -0.0023423347156494856 0.03815815970301628
v -0.021155230700969696 -0.004109745379537344 0.039297085255384445
v -0.021367989480495453 -0.0025444040074944496 0.03953898698091507
v -0.021000605076551437 -0.0023423347156494856 0.03815815970301628
v -0.021367989480495453 -0.0025444040074944496 0.03953898698091507
v -0.02110723778605461 -0.0009030246292240918 0.03829754516482353
v -0.02110723778605461 -0.0009030246292240918 0.03829754516482353
v -0.021367989480495453 -0.0025444040074944496 0.03953898698091507
v -0.02147977612912655 -0.0009809484472498298 0.03966803848743439
v -0.02110723778605461 -0.0009030246292240918 0.03829754516482353
v -0.02147977612912655 -0.0009809484472498298 0.03966803848743439
v -0.02112569287419319 -6.828278856119141e-05 0.03832181543111801
v -0.02112569287419319 -6.828278856119141e-05 0.03832181543111801
v -0.02147977612912655 -0.0009809484472498298 0.03966803848743439
v -0.02149912714958191 -7.417531742248684e-05 0.039690516889095306
v -0.02112569287419319 -6.828278856119141e-05 0.03832181543111801
v -0.02149912714958191 -7.417531742248684e-05 0.039690516889095306
v -0.021081384271383286 0.001396449632011354 0.03826361894607544
v -0.021081384271383286 0.001396449632011354 0.03826361894607544
v -0.02149912714958191 -7.417531742248684e-05 0.039690516889095306
v -0.02145267277956009 0.0015169440302997828 0.03963662311434746
v -0.021081384271383286 0.001396449632011354 0.03826361894607544
v -0.02145267277956009 0.0015169440302997828 0.03963662311434746
v -0.020939713343977928 0.002853671321645379 0.038079213351011276
v -0.020939713343977928 0.002853671321645379 0.038079213351011276
v -0.02145267277956009 0.0015169440302997828 0.03963662311434746
v -0.021304165944457054 0.0030998140573501587 0.03946591168642044
v -0.020939713343977928 0.002853671321645379 0.038079213351011276
v -0.021304165944457054 0.0030998140573501587 0.03946591168642044
v -0.020697711035609245 0.004316040314733982 0.03776996210217476
v -0.010896004736423492 -0.02003752440214157 0.031666528433561325
v -0.011448588222265244 -0.02205429971218109 0.033335715532302856
v -0.012323101051151752 -0.01902775466442108 0.03236132487654686
v -0.012323101051151752 -0.01902775466442108 0.03236132487654686
v -0.011448588222265244 -0.02205429971218109 0.033335715532302856
v -0.012907885946333408 -0.020901372656226158 0.034003809094429016
v -0.012323101051151752 -0.01902775466442108 0.03236132487654686
v -0.012907885946333408 -0.020901372656226158 0.034003809094429016
v -0.013613296672701836 -0.01795598305761814 0.03307545930147171
v -0.013613296672701836 -0.01795598305761814 0.03307545930147171
v -0.012907885946333408 -0.020901372656226158 0.034003809094429016
v -0.014219452627003193 -0.0196883175522089 0.03468824177980423
v -0.013613296672701836 -0.01795598305761814 0.03307545930147171
v -0.014219452627003193 -0.0196883175522089 0.03468824177980423
v -0.014977321028709412 -0.016626674681901932 0.03392547369003296
v -0.014977321028709412 -0.016626674681901932 0.03392547369003296
v -0.014219452627003193 -0.0196883175522089 0.03468824177980423
v -0.015598703175783157 -0.018195858225226402 0.03550054505467415
v -0.014977321028709412 -0.016626674681901932 0.03392547369003296
v -0.015598703175783157 -0.018195858225226402 0.03550054505467415
v -0.016236547380685806 -0.015176676213741302 0.03480388596653938
v -0.016236547380685806 -0.015176676213741302 0.03480388596653938
v -0.015598703175783157 -0.018195858225226402 0.03550054505467415
v -0.016865823417901993 -0.016579920426011086 0.03633784502744675
v -0.016236547380685806 -0.015176676213741302 0.03480388596653938
v -0.016865823417901993 -0.016579920426011086 0.03633784502744675
v -0.017384089529514313 -0.013610939495265484 0.03568996116518974
v -0.017384089529514313 -0.013610939495265484 0.03568996116518974
v -0.016865823417901993 -0.016579920426011086 0.03633784502744675
v -0.01801585592329502 -0.014846008270978928 0.03718069940805435
v -0.017384089529514313 -0.013610939495265484 0.03568996116518974
v -0.01801585592329502 -0.014846008270978928 0.03718069940805435
v -0.01833430305123329 -0.012072634883224964 0.036491330713033676
v -0.01833430305123329 -0.012072634883224964 0.036491330713033676
v -0.01801585592329502 -0.014846008270978928 0.03718069940805435
v -0.01896500587463379 -0.013151216320693493 0.03794174641370773
v -0.01833430305123329 -0.012072634883224964 0.036491330713033676
v -0.01896500587463379 -0.013151216320693493 0.03794174641370773
v -0.019151270389556885 -0.010497835464775562 0.03723397105932236
v -0.019151270389556885 -0.010497835464775562 0.03723397105932236
v -0.01896500587463379 -0.013151216320693493 0.03794174641370773
v -0.019778963178396225 -0.011423293501138687 0.038646150380373
v -0.019151270389556885 -0.010497835464775562 0.03723397105932236
v -0.019778963178396225 -0.011423293501138687 0.038646150380373
v -0.019844703376293182 -0.008882426656782627 0.0379067063331604
v -0.019844703376293182 -0.008882426656782627 0.0379067063331604
v -0.019778963178396225 -0.011423293501138687 0.038646150380373
v -0.020468413829803467 -0.009656683541834354 0.039283644407987595
v -0.019844703376293182 -0.008882426656782627 0.0379067063331604
v -0.020468413829803467 -0.009656683541834354 0.039283644407987595
v -0.020415974780917168 -0.0072335051372647285 0.03849261626601219
v -0.020415974780917168 -0.0072335051372647285 0.03849261626601219
v -0.020468413829803467 -0.009656683541834354 0.039283644407987595
v -0.02103547193109989 -0.007858210243284702 0.03983844444155693
v -0.020415974780917168 -0.0072335051372647285 0.03849261626601219
v -0.02103547193109989 -0.007858210243284702 0.03983844444155693
v -0.020837856456637383 -0.005678598769009113 0.0389450304210186
v -0.020837856456637383 -0.005678598769009113 0.0389450304210186
v -0.02103547193109989 -0.007858210243284702 0.03983844444155693
v -0.021453725174069405 -0.006165681406855583 0.040266603231430054
v -0.020837856456637383 -0.005678598769009113 0.0389450304210186
v -0.021453725174069405 -0.006165681406855583 0.040266603231430054
v -0.021155230700969696 -0.004109745379537344 0.039297085255384445
v -0.021155230700969696 -0.004109745379537344 0.039297085255384445
v -0.021453725174069405 -0.006165681406855583 0.040266603231430054
v -0.02176808938384056 -0.0044604577124118805 0.040599655359983444
v -0.021155230700969696 -0.004109745379537344 0.039297085255384445
v -0.02176808938384056 -0.0044604577124118805 0.040599655359983444
v -0.021367989480495453 -0.0025444040074944496 0.03953898698091507
v -0.021367989480495453 -0.0025444040074944496 0.03953898698091507
v -0.02176808938384056 -0.0044604577124118805 0.040599655359983444
v -0.021978700533509254 -0.002760792151093483 0.040828440338373184
v -0.021367989480495453 -0.0025444040074944496 0.03953898698091507
v -0.021978700533509254 -0.002760792151093483 0.040828440338373184
v -0.02147977612912655 -0.0009809484472498298 0.03966803848743439
v -0.02147977612912655 -0.0009809484472498298 0.03966803848743439
v -0.021978700533509254 -0.002760792151093483 0.040828440338373184
v -0.022089319303631783 -0.0010642228880897164 0.0409504771232605
v -0.02147977612912655 -0.0009809484472498298 0.03966803848743439
v -0.022089319303631783 -0.0010642228880897164 0.0409504771232605
v -0.02149912714958191 -7.417531742248684e-05 0.039690516889095306
v -0.02149912714958191 -7.417531742248684e-05 0.039690516889095306
v -0.022089319303631783 -0.0010642228880897164 0.0409504771232605
v -0.02210846170783043 -8.047023584367707e-05 0.04097172990441322
v -0.02149912714958191 -7.417531742248684e-05 0.039690516889095306
v -0.02210846170783043 -8.047023584367707e-05 0.04097172990441322
v -0.02145267277956009 0.0015169440302997828 0.03963662311434746
v -0.02145267277956009 0.0015169440302997828 0.03963662311434746
v -0.02210846170783043 -8.047023584367707e-05 0.04097172990441322
v -0.022062500938773155 0.0016457763267681003 0.040920767933130264
v -0.02145267277956009 0.0015169440302997828 0.03963662311434746
v -0.022062500938773155 0.0016457763267681003 0.040920767933130264
v -0.021304165944457054 0.0030998140573501587 0.03946591168642044
v -0.02046237885951996 0.004721339326351881 0.036070700734853745
v -0.02061828225851059 0.003985780756920576 0.036308690905570984
v -0.02052328549325466 0.005109891295433044 0.03755144029855728
v -0.02052328549325466 0.005109891295433044 0.03755144029855728
v -0.02061828225851059 0.003985780756920576 0.036308690905570984
v -0.020697711035609245 0.004316040314733982 0.03776996210217476
v -0.02052328549325466 0.005109891295433044 0.03755144029855728
v -0.020697711035609245 0.004316040314733982 0.03776996210217476
v -0.02105056867003441 0.004688082728534937 0.03917984291911125
v -0.02105056867003441 0.004688082728534937 0.03917984291911125
v -0.020697711035609245 0.004316040314733982 0.03776996210217476
v -0.021304165944457054 0.0030998140573501587 0.03946591168642044
v -0.02105056867003441 0.004688082728534937 0.03917984291911125
v -0.021304165944457054 0.0030998140573501587 0.03946591168642044
v -0.021915532648563385 0.003363708034157753 0.04075933247804642
v -0.021915532648563385 0.003363708034157753 0.04075933247804642
v -0.021304165944457054 0.0030998140573501587 0.03946591168642044
v -0.022062500938773155 0.0016457763267681003 0.040920767933130264
v -0.021915532648563385 0.003363708034157753 0.04075933247804642
v -0.022062500938773155 0.0016457763267681003 0.040920767933130264
v -0.022867722436785698 0.0022137085907161236 0.042047735303640366
v -0.022867722436785698 0.0022137085907161236 0.042047735303640366
v -0.022062500938773155 0.0016457763267681003 0.040920767933130264
v -0.02210846170783043 -8.047023584367707e-05 0.04097172990441322
v -0.022867722436785698 0.0022137085907161236 0.042047735303640366
v -0.02210846170783043 -8.047023584367707e-05 0.04097172990441322
v -0.022841084748506546 1.0853408388764984e-14 0.042014479637145996
v -0.022841084748506546 1.0853408388764984e-14 0.042014479637145996
v -0.02210846170783043 -8.047023584367707e-05 0.04097172990441322
v -0.022089319303631783 -0.0010642228880897164 0.0409504771232605
v -0.022841084748506546 1.0853408388764984e-14 0.042014479637145996
v -0.022089319303631783 -0.0010642228880897164 0.0409504771232605
v -0.022867722436785698 -0.0022137085907161236 0.042047735303640366
v -0.022867722436785698 -0.0022137085907161236 0.042047735303640366
v -0.022089319303631783 -0.0010642228880897164 0.0409504771232605
v -0.021978700533509254 -0.002760792151093483 0.040828440338373184
v -0.022867722436785698 -0.0022137085907161236 0.042047735303640366
v -0.021978700533509254 -0.002760792151093483 0.040828440338373184
v -0.022812867537140846 -0.002984458114951849 0.04198456183075905
v -0.022812867537140846 -0.002984458114951849 0.04198456183075905
v -0.021978700533509254 -0.002760792151093483 0.040828440338373184
v -0.02176808938384056 -0.0044604577124118805 0.040599655359983444
v -0.022812867537140846 -0.002984458114951849 0.04198456183075905
v -0.02176808938384056 -0.0044604577124118805 0.040599655359983444
v -0.022615157067775726 -0.004823627416044474 0.04175977408885956
v -0.022615157067775726 -0.004823627416044474 0.04175977408885956
v -0.02176808938384056 -0.0044604577124118805 0.040599655359983444
v -0.021453725174069405 -0.006165681406855583 0.040266603231430054
v -0.022615157067775726 -0.004823627416044474 0.04175977408885956
v -0.021453725174069405 -0.006165681406855583 0.040266603231430054
v -0.022319508716464043 -0.006671438459306955 0.04143182188272476
v -0.022319508716464043 -0.006671438459306955 0.04143182188272476
v -0.021453725174069405 -0.006165681406855583 0.040266603231430054
v -0.02103547193109989 -0.007858210243284702 0.03983844444155693
v -0.022319508716464043 -0.006671438459306955 0.04143182188272476
v -0.02103547193109989 -0.007858210243284702 0.03983844444155693
v -0.02192513272166252 -0.008509213104844093 0.04100890830159187
v -0.02192513272166252 -0.008509213104844093 0.04100890830159187
v -0.02103547193109989 -0.007858210243284702 0.03983844444155693
v -0.020468413829803467 -0.009656683541834354 0.039283644407987595
v -0.02192513272166252 -0.008509213104844093 0.04100890830159187
v -0.020468413829803467 -0.009656683541834354 0.039283644407987595
v -0.021388525143265724 -0.01046748273074627 0.040458567440509796
v -0.021388525143265724 -0.01046748273074627 0.040458567440509796
v -0.020468413829803467 -0.009656683541834354 0.039283644407987595
v -0.019778963178396225 -0.011423293501138687 0.038646150380373
v -0.021388525143265724 -0.01046748273074627 0.040458567440509796
v -0.019778963178396225 -0.011423293501138687 0.038646150380373
v -0.02073301374912262 -0.012398176826536655 0.03982263803482056
v -0.02073301374912262 -0.012398176826536655 0.03982263803482056
v -0.019778963178396225 -0.011423293501138687 0.038646150380373
v -0.01896500587463379 -0.013151216320693493 0.03794174641370773
v -0.02073301374912262 -0.012398176826536655 0.03982263803482056
v -0.01896500587463379 -0.013151216320693493 0.03794174641370773
v -0.019954565912485123 -0.014295312575995922 0.0391150526702404
v -0.019954565912485123 -0.014295312575995922 0.0391150526702404
v -0.01896500587463379 -0.013151216320693493 0.03794174641370773
v -0.01801585592329502 -0.014846008270978928 0.03718069940805435
v -0.019954565912485123 -0.014295312575995922 0.0391150526702404
v -0.01801585592329502 -0.014846008270978928 0.03718069940805435
v -0.019040262326598167 -0.016166646033525467 0.03834402561187744
v -0.019040262326598167 -0.016166646033525467 0.03834402561187744
v -0.01801585592329502 -0.014846008270978928 0.03718069940805435
v -0.016865823417901993 -0.016579920426011086 0.03633784502744675
v -0.019040262326598167 -0.016166646033525467 0.03834402561187744
v -0.016865823417901993 -0.016579920426011086 0.03633784502744675
v -0.0179224144667387 -0.018094846978783607 0.037480972707271576
v -0.0179224144667387 -0.018094846978783607 0.037480972707271576
v -0.016865823417901993 -0.016579920426011086 0.03633784502744675
v -0.015598703175783157 -0.018195858225226402 0.03550054505467415
v -0.0179224144667387 -0.018094846978783607 0.037480972707271576
v -0.015598703175783157 -0.018195858225226402 0.03550054505467415
v -0.01667715050280094 -0.019907576963305473 0.03661242499947548
v -0.01667715050280094 -0.019907576963305473 0.03661242499947548
v -0.015598703175783157 -0.018195858225226402 0.03550054505467415
v -0.014219452627003193 -0.0196883175522089 0.03468824177980423
v -0.01667715050280094 -0.019907576963305473 0.03661242499947548
v -0.014219452627003193 -0.0196883175522089 0.03468824177980423
v -0.015304312109947205 -0.021598851308226585 0.03575707972049713
v -0.015304312109947205 -0.021598851308226585 0.03575707972049713
v -0.014219452627003193 -0.0196883175522089 0.03468824177980423
v -0.012907885946333408 -0.020901372656226158 0.034003809094429016
v -0.015304312109947205 -0.021598851308226585 0.03575707972049713
v -0.012907885946333408 -0.020901372656226158 0.034003809094429016
v -0.013980909250676632 -0.022988611832261086 0.03502470254898071
v -0.013980909250676632 -0.022988611832261086 0.03502470254898071
v -0.012907885946333408 -0.020901372656226158 0.034003809094429016
v -0.011448588222265244 -0.02205429971218109 0.033335715532302856
v -0.013980909250676632 -0.022988611832261086 0.03502470254898071
v -0.011448588222265244 -0.02205429971218109 0.033335715532302856
v -0.012486674822866917 -0.02432508021593094 0.034297406673431396
v -0.012486674822866917 -0.02432508021593094 0.034297406673431396
v -0.011448588222265244 -0.02205429971218109 0.033335715532302856
v -0.011401038616895676 -0.024555904790759087 0.033812206238508224
v -0.012486674822866917 -0.02432508021593094 0.034297406673431396
v -0.011401038616895676 -0.024555904790759087 0.033812206238508224
v -0.012270919047296047 -0.02449999935925007 0.03420064225792885
v -0.011433367617428303 -0.017614712938666344 0.02701076865196228
v -0.010001233778893948 -0.018465517088770866 0.026180509477853775
v -0.010890734381973743 -0.018500346690416336 0.029476558789610863
v -0.010890734381973743 -0.018500346690416336 0.029476558789610863
v -0.010001233778893948 -0.018465517088770866 0.026180509477853775
v -0.009455216117203236 -0.01931126043200493 0.028773706406354904
v -0.010890734381973743 -0.018500346690416336 0.029476558789610863
v -0.009455216117203236 -0.01931126043200493 0.028773706406354904
v -0.010896004736423492 -0.02003752440214157 0.031666528433561325
v -0.010896004736423492 -0.02003752440214157 0.031666528433561325
v -0.009455216117203236 -0.01931126043200493 0.028773706406354904
v -0.009435873478651047 -0.0209052674472332 0.031053366139531136
v -0.010896004736423492 -0.02003752440214157 0.031666528433561325
v -0.009435873478651047 -0.0209052674472332 0.031053366139531136
v -0.011448588222265244 -0.02205429971218109 0.033335715532302856
v -0.011448588222265244 -0.02205429971218109 0.033335715532302856
v -0.009435873478651047 -0.0209052674472332 0.031053366139531136
v -0.009822556748986244 -0.022657692432403564 0.03250599652528763
v -0.011448588222265244 -0.02205429971218109 0.033335715532302856
v -0.009822556748986244 -0.022657692432403564 0.03250599652528763
v -0.00994554441422224 -0.023054813966155052 0.03274386003613472
v -0.007708689663559198 -0.02289607748389244 0.03147782012820244
v -0.008825872093439102 -0.024737093597650528 0.03275303542613983
v -0.008267922326922417 -0.022833259776234627 0.03171340748667717
v -0.008267922326922417 -0.022833259776234627 0.03171340748667717
v -0.008825872093439102 -0.024737093597650528 0.03275303542613983
v -0.010043853893876076 -0.024649979546666145 0.033214021474123
v -0.008267922326922417 -0.022833259776234627 0.03171340748667717
v -0.010043853893876076 -0.024649979546666145 0.033214021474123
v -0.009383730590343475 -0.022706400603055954 0.03226015716791153
v -0.009383730590343475 -0.022706400603055954 0.03226015716791153
v -0.010043853893876076 -0.024649979546666145 0.033214021474123
v -0.010526402853429317 -0.024611111730337143 0.033420663326978683
v -0.009383730590343475 -0.022706400603055954 0.03226015716791153
v -0.010526402853429317 -0.024611111730337143 0.033420663326978683
v -0.00994554441422224 -0.023054813966155052 0.03274386003613472
v -0.005703259259462357 -0.02489645592868328 0.031903430819511414
v -0.008068317547440529 -0.024783778935670853 0.03250586614012718
v -0.007708689663559198 -0.02289607748389244 0.03147782012820244
v -0.007708689663559198 -0.02289607748389244 0.03147782012820244
v -0.008068317547440529 -0.024783778935670853 0.03250586614012718
v -0.008219980634748936 -0.02477487176656723 0.03255308046936989
v -0.007708689663559198 -0.02289607748389244 0.03147782012820244
v -0.008219980634748936 -0.02477487176656723 0.03255308046936989
v -0.008825872093439102 -0.024737093597650528 0.03275303542613983
v -0.007708689663559198 -0.02289607748389244 0.03147782012820244
v -0.006406344007700682 -0.02303391508758068 0.031016498804092407
v -0.005703259259462357 -0.02489645592868328 0.031903430819511414
v -0.005703259259462357 -0.02489645592868328 0.031903430819511414
v -0.006406344007700682 -0.02303391508758068 0.031016498804092407
v -0.00500280549749732 -0.02316180430352688 0.03063918836414814
v -0.005703259259462357 -0.02489645592868328 0.031903430819511414
v -0.00500280549749732 -0.02316180430352688 0.03063918836414814
v -0.005004362668842077 -0.024921078234910965 0.03176985681056976
v -0.005004362668842077 -0.024921078234910965 0.03176985681056976
v -0.00500280549749732 -0.02316180430352688 0.03063918836414814
v -0.0035011761356145144 -0.023267952725291252 0.030353881418704987
v -0.005004362668842077 -0.024921078234910965 0.03176985681056976
v -0.0035011761356145144 -0.023267952725291252 0.030353881418704987
v -0.0024818466044962406 -0.02498108707368374 0.03143996372818947
v -0.0035011761356145144 -0.023267952725291252 0.030353881418704987
v -0.0019121558871120214 -0.023341160267591476 0.030169179663062096
v -0.0024818466044962406 -0.02498108707368374 0.03143996372818947
v -0.0024818466044962406 -0.02498108707368374 0.03143996372818947
v -0.0019121558871120214 -0.023341160267591476 0.030169179663062096
v -0.0012251812731847167 -0.023359689861536026 0.030123820528388023
v -0.0024818466044962406 -0.02498108707368374 0.03143996372818947
v -0.0012251812731847167 -0.023359689861536026 0.030123820528388023
v 6.508306978503242e-05 -0.024999987334012985 0.0313345268368721
v -0.0012251812731847167 -0.023359689861536026 0.030123820528388023
v 0.000509902834892273 -0.023370392620563507 0.03009786829352379
v 6.508306978503242e-05 -0.024999987334012985 0.0313345268368721
v 6.508306978503242e-05 -0.024999987334012985 0.0313345268368721
v 0.000509902834892273 -0.023370392620563507 0.03009786829352379
v 0.0022310111671686172 -0.0233298372477293 0.030197162181138992
v 6.508306978503242e-05 -0.024999987334012985 0.0313345268368721
v 0.0022310111671686172 -0.0233298372477293 0.030197162181138992
v 0.002634451724588871 -0.02497866563498974 0.031453412026166916
v 0.002634451724588871 -0.02497866563498974 0.031453412026166916
v 0.0022310111671686172 -0.0233298372477293 0.030197162181138992
v 0.0039031500928103924 -0.023242924362421036 0.030419178307056427
v 0.002634451724588871 -0.02497866563498974 0.031453412026166916
v 0.0039031500928103924 -0.023242924362421036 0.030419178307056427
v 0.003256400814279914 -0.024967236444354057 0.03151671960949898
v 0.003256400814279914 -0.024967236444354057 0.03151671960949898
v 0.0039031500928103924 -0.023242924362421036 0.030419178307056427
v 0.004956038203090429 -0.023165617138147354 0.030628545209765434
v 0.003256400814279914 -0.024967236444354057 0.03151671960949898
v 0.004956038203090429 -0.023165617138147354 0.030628545209765434
v 0.005766656249761581 -0.02489403821527958 0.03191649913787842
v 0.009435873478651047 -0.0209052674472332 0.031053366139531136
v 0.009822556748986244 -0.022657692432403564 0.03250599652528763
v 0.00893457606434822 -0.02275730110704899 0.03202709183096886
v 0.00893457606434822 -0.02275730110704899 0.03202709183096886
v 0.009822556748986244 -0.022657692432403564 0.03250599652528763
v 0.00994554441422224 -0.023054813966155052 0.03274386003613472
v 0.004956038203090429 -0.023165617138147354 0.030628545209765434
v 0.006400618236511946 -0.023034485056996346 0.03101471997797489
v 0.005766656249761581 -0.02489403821527958 0.03191649913787842
v 0.005766656249761581 -0.02489403821527958 0.03191649913787842
v 0.006400618236511946 -0.023034485056996346 0.03101471997797489
v 0.007723483256995678 -0.02289443463087082 0.03148374706506729
v 0.005766656249761581 -0.02489403821527958 0.03191649913787842
v 0.007723483256995678 -0.02289443463087082 0.03148374706506729
v 0.008198864758014679 -0.024776125326752663 0.03254644200205803
v 0.008198864758014679 -0.024776125326752663 0.03254644200205803
v 0.007723483256995678 -0.02289443463087082 0.03148374706506729
v 0.00893457606434822 -0.02275730110704899 0.03202709183096886
v 0.008198864758014679 -0.024776125326752663 0.03254644200205803
v 0.00893457606434822 -0.02275730110704899 0.03202709183096886
v 0.009552144445478916 -0.02468700334429741 0.03301791846752167
v 0.009552144445478916 -0.02468700334429741 0.03301791846752167
v 0.00893457606434822 -0.02275730110704899 0.03202709183096886
v 0.00994554441422224 -0.023054813966155052 0.03274386003613472
v 0.009552144445478916 -0.02468700334429741 0.03301791846752167
v 0.00994554441422224 -0.023054813966155052 0.03274386003613472
v 0.010526402853429317 -0.024611111730337143 0.033420663326978683
v -0.010001233778893948 -0.018465517088770866 0.026180509477853775
v -0.00976027362048626 -0.018594006076455116 0.02605554834008217
v -0.009455216117203236 -0.01931126043200493 0.028773706406354904
v -0.009455216117203236 -0.01931126043200493 0.028773706406354904
v -0.00976027362048626 -0.018594006076455116 0.02605554834008217
v -0.009045998565852642 -0.019426558166742325 0.028375202789902687
v -0.009455216117203236 -0.01931126043200493 0.028773706406354904
v -0.009045998565852642 -0.019426558166742325 0.028375202789902687
v -0.009435873478651047 -0.0209052674472332 0.031053366139531136
v -0.00976027362048626 -0.018594006076455116 0.02605554834008217
v -0.009520146064460278 -0.018718088045716286 0.025938434526324272
v -0.009045998565852642 -0.019426558166742325 0.028375202789902687
v -0.009045998565852642 -0.019426558166742325 0.028375202789902687
v -0.009520146064460278 -0.018718088045716286 0.025938434526324272
v -0.008309934288263321 -0.01928587444126606 0.025446543470025063
v -0.009045998565852642 -0.019426558166742325 0.028375202789902687
v -0.008309934288263321 -0.01928587444126606 0.025446543470025063
v -0.00795739982277155 -0.019856300204992294 0.027834035456180573
v -0.00795739982277155 -0.019856300204992294 0.027834035456180573
v -0.008309934288263321 -0.01928587444126606 0.025446543470025063
v -0.007712102495133877 -0.01953262649476528 0.025255119428038597
v -0.00795739982277155 -0.019856300204992294 0.027834035456180573
v -0.007712102495133877 -0.01953262649476528 0.025255119428038597
v -0.007411421276628971 -0.02004905417561531 0.027613423764705658
v -0.007411421276628971 -0.02004905417561531 0.027613423764705658
v -0.007712102495133877 -0.01953262649476528 0.025255119428038597
v -0.006344678811728954 -0.020018618553876877 0.02491793967783451
v -0.007411421276628971 -0.02004905417561531 0.027613423764705658
v -0.006344678811728954 -0.020018618553876877 0.02491793967783451
v -0.006142913363873959 -0.0204397514462471 0.02720482647418976
v -0.006142913363873959 -0.0204397514462471 0.02720482647418976
v -0.006344678811728954 -0.020018618553876877 0.02491793967783451
v -0.005026157479733229 -0.020389648154377937 0.024696946144104004
v -0.006142913363873959 -0.0204397514462471 0.02720482647418976
v -0.005026157479733229 -0.020389648154377937 0.024696946144104004
v -0.004783628508448601 -0.02077246829867363 0.026895245537161827
v -0.005026157479733229 -0.020389648154377937 0.024696946144104004
v -0.004908542148768902 -0.020418280735611916 0.024681242182850838
v -0.004783628508448601 -0.02077246829867363 0.026895245537161827
v -0.004783628508448601 -0.02077246829867363 0.026895245537161827
v -0.004908542148768902 -0.020418280735611916 0.024681242182850838
v -0.0034086958039551973 -0.02072150632739067 0.024527214467525482
v -0.004783628508448601 -0.02077246829867363 0.026895245537161827
v -0.0034086958039551973 -0.02072150632739067 0.024527214467525482
v -0.003339349525049329 -0.021032080054283142 0.026677079498767853
v -0.003339349525049329 -0.021032080054283142 0.026677079498767853
v -0.0034086958039551973 -0.02072150632739067 0.024527214467525482
v -0.001851726439781487 -0.02091819979250431 0.024439675733447075
v -0.003339349525049329 -0.021032080054283142 0.026677079498767853
v -0.001851726439781487 -0.02091819979250431 0.024439675733447075
v -0.0018204451771453023 -0.021203916519880295 0.026543697342276573
v -0.0018204451771453023 -0.021203916519880295 0.026543697342276573
v -0.001851726439781487 -0.02091819979250431 0.024439675733447075
v -0.0011848575668409467 -0.02096654660999775 0.02441970631480217
v -0.0018204451771453023 -0.021203916519880295 0.026543697342276573
v -0.0011848575668409467 -0.02096654660999775 0.02441970631480217
v -0.0011658676667138934 -0.02124657668173313 0.026511933654546738
v -0.0011658676667138934 -0.02124657668173313 0.026511933654546738
v -0.0011848575668409467 -0.02096654660999775 0.02441970631480217
v -3.706693973981601e-08 -0.020999999716877937 0.024406252428889275
v -0.0011658676667138934 -0.02124657668173313 0.026511933654546738
v -3.706693973981601e-08 -0.020999999716877937 0.024406252428889275
v 0.00048508390318602324 -0.02127107046544552 0.026493938639760017
v -3.706693973981601e-08 -0.020999999716877937 0.024406252428889275
v 0.0004927353002130985 -0.020994218066334724 0.024408556520938873
v 0.00048508390318602324 -0.02127107046544552 0.026493938639760017
v 0.00048508390318602324 -0.02127107046544552 0.026493938639760017
v 0.0004927353002130985 -0.020994218066334724 0.024408556520938873
v 0.0021622919011861086 -0.02088838256895542 0.024452300742268562
v 0.00048508390318602324 -0.02127107046544552 0.026493938639760017
v 0.0021622919011861086 -0.02088838256895542 0.024452300742268562
v 0.0021246171090751886 -0.021177688613533974 0.02656349167227745
v 0.0021246171090751886 -0.021177688613533974 0.02656349167227745
v 0.0021622919011861086 -0.02088838256895542 0.024452300742268562
v 0.003806999186053872 -0.02065204083919525 0.024560490623116493
v 0.0021246171090751886 -0.021177688613533974 0.02656349167227745
v 0.003806999186053872 -0.02065204083919525 0.024560490623116493
v 0.003725011833012104 -0.02097204513847828 0.026725739240646362
v 0.003725011833012104 -0.02097204513847828 0.026725739240646362
v 0.003806999186053872 -0.02065204083919525 0.024560490623116493
v 0.004861302673816681 -0.02042957954108715 0.024675099179148674
v 0.003725011833012104 -0.02097204513847828 0.026725739240646362
v 0.004861302673816681 -0.02042957954108715 0.024675099179148674
v 0.004738493822515011 -0.020782029256224632 0.026886850595474243
v 0.004738493822515011 -0.020782029256224632 0.026886850595474243
v 0.004861302673816681 -0.02042957954108715 0.024675099179148674
v 0.005026359111070633 -0.020389597862958908 0.024696974083781242
v 0.004738493822515011 -0.020782029256224632 0.026886850595474243
v 0.005026359111070633 -0.020389597862958908 0.024696974083781242
v 0.006137350108474493 -0.020441291853785515 0.027203314006328583
v 0.005026359111070633 -0.020389597862958908 0.024696974083781242
v 0.00633874349296093 -0.02002049796283245 0.024916738271713257
v 0.006137350108474493 -0.020441291853785515 0.027203314006328583
v 0.006137350108474493 -0.020441291853785515 0.027203314006328583
v 0.00633874349296093 -0.02002049796283245 0.024916738271713257
v 0.007727835793048143 -0.019526407122612 0.025259777903556824
v 0.006137350108474493 -0.020441291853785515 0.027203314006328583
v 0.007727835793048143 -0.019526407122612 0.025259777903556824
v 0.00742585863918066 -0.020044149830937386 0.027618875727057457
v 0.00742585863918066 -0.020044149830937386 0.027618875727057457
v 0.007727835793048143 -0.019526407122612 0.025259777903556824
v 0.009030450135469437 -0.01895919255912304 0.025720776990056038
v 0.00742585863918066 -0.020044149830937386 0.027618875727057457
v 0.009030450135469437 -0.01895919255912304 0.025720776990056038
v 0.008608206175267696 -0.019606733694672585 0.028139663860201836
v 0.008608206175267696 -0.019606733694672585 0.028139663860201836
v 0.009030450135469437 -0.01895919255912304 0.025720776990056038
v 0.009762248024344444 -0.018592968583106995 0.026056542992591858
v -0.009822556748986244 -0.022657692432403564 0.03250599652528763
v -0.009435873478651047 -0.0209052674472332 0.031053366139531136
v -0.008998891338706017 -0.020803801715373993 0.03055821917951107
v -0.008998891338706017 -0.020803801715373993 0.03055821917951107
v -0.009435873478651047 -0.0209052674472332 0.031053366139531136
v -0.009045998565852642 -0.019426558166742325 0.028375202789902687
v -0.008998891338706017 -0.020803801715373993 0.03055821917951107
v -0.009045998565852642 -0.019426558166742325 0.028375202789902687
v -0.007942931726574898 -0.021077889949083328 0.02999211475253105
v -0.007942931726574898 -0.021077889949083328 0.02999211475253105
v -0.009045998565852642 -0.019426558166742325 0.028375202789902687
v -0.00795739982277155 -0.019856300204992294 0.027834035456180573
v -0.007942931726574898 -0.021077889949083328 0.02999211475253105
v -0.00795739982277155 -0.019856300204992294 0.027834035456180573
v -0.007410247344523668 -0.02120586484670639 0.029753632843494415
v -0.007410247344523668 -0.02120586484670639 0.029753632843494415
v -0.00795739982277155 -0.019856300204992294 0.027834035456180573
v -0.007411421276628971 -0.02004905417561531 0.027613423764705658
v -0.007410247344523668 -0.02120586484670639 0.029753632843494415
v -0.007411421276628971 -0.02004905417561531 0.027613423764705658
v -0.0061640688218176365 -0.02147420309484005 0.02929704636335373
v -0.0061640688218176365 -0.02147420309484005 0.02929704636335373
v -0.007411421276628971 -0.02004905417561531 0.027613423764705658
v -0.006142913363873959 -0.0204397514462471 0.02720482647418976
v -0.0061640688218176365 -0.02147420309484005 0.02929704636335373
v -0.006142913363873959 -0.0204397514462471 0.02720482647418976
v -0.004815896973013878 -0.021711643785238266 0.028934795409440994
v -0.004815896973013878 -0.021711643785238266 0.028934795409440994
v -0.006142913363873959 -0.0204397514462471 0.02720482647418976
v -0.004783628508448601 -0.02077246829867363 0.026895245537161827
v -0.004815896973013878 -0.021711643785238266 0.028934795409440994
v -0.004783628508448601 -0.02077246829867363 0.026895245537161827
v -0.0033709537237882614 -0.021902302280068398 0.02866828627884388
v -0.0033709537237882614 -0.021902302280068398 0.02866828627884388
v -0.004783628508448601 -0.02077246829867363 0.026895245537161827
v -0.003339349525049329 -0.021032080054283142 0.026677079498767853
v -0.0033709537237882614 -0.021902302280068398 0.02866828627884388
v -0.003339349525049329 -0.021032080054283142 0.026677079498767853
v -0.0018410728080198169 -0.022030996158719063 0.02849946729838848
v -0.0018410728080198169 -0.022030996158719063 0.02849946729838848
v -0.003339349525049329 -0.021032080054283142 0.026677079498767853
v -0.0018204451771453023 -0.021203916519880295 0.026543697342276573
v -0.0018410728080198169 -0.022030996158719063 0.02849946729838848
v -0.0018204451771453023 -0.021203916519880295 0.026543697342276573
v -0.0011796283069998026 -0.022063245996832848 0.028458483517169952
v -0.0011796283069998026 -0.022063245996832848 0.028458483517169952
v -0.0018204451771453023 -0.021203916519880295 0.026543697342276573
v -0.0011658676667138934 -0.02124657668173313 0.026511933654546738
v -0.0011796283069998026 -0.022063245996832848 0.028458483517169952
v -0.0011658676667138934 -0.02124657668173313 0.026511933654546738
v 0.0004909414565190673 -0.02208181470632553 0.028435118496418
v 0.0004909414565190673 -0.02208181470632553 0.028435118496418
v -0.0011658676667138934 -0.02124657668173313 0.026511933654546738
v 0.00048508390318602324 -0.02127107046544552 0.026493938639760017
v 0.0004909414565190673 -0.02208181470632553 0.028435118496418
v 0.00048508390318602324 -0.02127107046544552 0.026493938639760017
v 0.0021480785217136145 -0.022011227905750275 0.028524847701191902
v 0.0021480785217136145 -0.022011227905750275 0.028524847701191902
v 0.00048508390318602324 -0.02127107046544552 0.026493938639760017
v 0.0021246171090751886 -0.021177688613533974 0.02656349167227745
v 0.0021480785217136145 -0.022011227905750275 0.028524847701191902
v 0.0021246171090751886 -0.021177688613533974 0.02656349167227745
v 0.0037578835617750883 -0.02185780555009842 0.028728682547807693
v 0.0037578835617750883 -0.02185780555009842 0.028728682547807693
v 0.0021246171090751886 -0.021177688613533974 0.02656349167227745
v 0.003725011833012104 -0.02097204513847828 0.026725739240646362
v 0.0037578835617750883 -0.02185780555009842 0.028728682547807693
v 0.003725011833012104 -0.02097204513847828 0.026725739240646362
v 0.0047709220089018345 -0.02171858213841915 0.02892473340034485
v 0.0047709220089018345 -0.02171858213841915 0.02892473340034485
v 0.003725011833012104 -0.02097204513847828 0.026725739240646362
v 0.004738493822515011 -0.020782029256224632 0.026886850595474243
v 0.0047709220089018345 -0.02171858213841915 0.02892473340034485
v 0.004738493822515011 -0.020782029256224632 0.026886850595474243
v 0.006158577278256416 -0.021475285291671753 0.029295312240719795
v 0.006158577278256416 -0.021475285291671753 0.029295312240719795
v 0.004738493822515011 -0.020782029256224632 0.026886850595474243
v 0.006137350108474493 -0.020441291853785515 0.027203314006328583
v 0.006158577278256416 -0.021475285291671753 0.029295312240719795
v 0.006137350108474493 -0.020441291853785515 0.027203314006328583
v 0.007424361538141966 -0.02120257169008255 0.029759589582681656
v 0.007424361538141966 -0.02120257169008255 0.029759589582681656
v 0.006137350108474493 -0.020441291853785515 0.027203314006328583
v 0.00742585863918066 -0.020044149830937386 0.027618875727057457
v 0.007424361538141966 -0.02120257169008255 0.029759589582681656
v 0.00742585863918066 -0.020044149830937386 0.027618875727057457
v 0.008575137704610825 -0.0209167692810297 0.030314823612570763
v 0.008575137704610825 -0.0209167692810297 0.030314823612570763
v 0.00742585863918066 -0.020044149830937386 0.027618875727057457
v 0.008608206175267696 -0.019606733694672585 0.028139663860201836
v 0.008575137704610825 -0.0209167692810297 0.030314823612570763
v 0.008608206175267696 -0.019606733694672585 0.028139663860201836
v 0.009455216117203236 -0.01931126043200493 0.028773706406354904
v 0.009455216117203236 -0.01931126043200493 0.028773706406354904
v 0.008608206175267696 -0.019606733694672585 0.028139663860201836
v 0.009762248024344444 -0.018592968583106995 0.026056542992591858
v 0.009455216117203236 -0.01931126043200493 0.028773706406354904
v 0.009762248024344444 -0.018592968583106995 0.026056542992591858
v 0.010001233778893948 -0.018465517088770866 0.026180509477853775
v 0.009455216117203236 -0.01931126043200493 0.028773706406354904
v 0.009435873478651047 -0.0209052674472332 0.031053366139531136
v 0.008575137704610825 -0.0209167692810297 0.030314823612570763
v 0.008575137704610825 -0.0209167692810297 0.030314823612570763
v 0.009435873478651047 -0.0209052674472332 0.031053366139531136
v 0.00893457606434822 -0.02275730110704899 0.03202709183096886
v 0.008575137704610825 -0.0209167692810297 0.030314823612570763
v 0.00893457606434822 -0.02275730110704899 0.03202709183096886
v 0.007424361538141966 -0.02120257169008255 0.029759589582681656
v 0.007424361538141966 -0.02120257169008255 0.029759589582681656
v 0.00893457606434822 -0.02275730110704899 0.03202709183096886
v 0.007723483256995678 -0.02289443463087082 0.03148374706506729
v 0.007424361538141966 -0.02120257169008255 0.029759589582681656
v 0.007723483256995678 -0.02289443463087082 0.03148374706506729
v 0.006158577278256416 -0.021475285291671753 0.029295312240719795
v 0.006158577278256416 -0.021475285291671753 0.029295312240719795
v 0.007723483256995678 -0.02289443463087082 0.03148374706506729
v 0.006400618236511946 -0.023034485056996346 0.03101471997797489
v 0.006158577278256416 -0.021475285291671753 0.029295312240719795
v 0.006400618236511946 -0.023034485056996346 0.03101471997797489
v 0.0047709220089018345 -0.02171858213841915 0.02892473340034485
v 0.0047709220089018345 -0.02171858213841915 0.02892473340034485
v 0.006400618236511946 -0.023034485056996346 0.03101471997797489
v 0.004956038203090429 -0.023165617138147354 0.030628545209765434
v 0.0047709220089018345 -0.02171858213841915 0.02892473340034485
v 0.004956038203090429 -0.023165617138147354 0.030628545209765434
v 0.0037578835617750883 -0.02185780555009842 0.028728682547807693
v 0.0037578835617750883 -0.02185780555009842 0.028728682547807693
v 0.004956038203090429 -0.023165617138147354 0.030628545209765434
v 0.0039031500928103924 -0.023242924362421036 0.030419178307056427
v 0.0037578835617750883 -0.02185780555009842 0.028728682547807693
v 0.0039031500928103924 -0.023242924362421036 0.030419178307056427
v 0.0021480785217136145 -0.022011227905750275 0.028524847701191902
v 0.0021480785217136145 -0.022011227905750275 0.028524847701191902
v 0.0039031500928103924 -0.023242924362421036 0.030419178307056427
v 0.0022310111671686172 -0.0233298372477293 0.030197162181138992
v 0.0021480785217136145 -0.022011227905750275 0.028524847701191902
v 0.0022310111671686172 -0.0233298372477293 0.030197162181138992
v 0.0004909414565190673 -0.02208181470632553 0.028435118496418
v 0.0004909414565190673 -0.02208181470632553 0.028435118496418
v 0.0022310111671686172 -0.0233298372477293 0.030197162181138992
v 0.000509902834892273 -0.023370392620563507 0.03009786829352379
v 0.0004909414565190673 -0.02208181470632553 0.028435118496418
v 0.000509902834892273 -0.023370392620563507 0.03009786829352379
v -0.0011796283069998026 -0.022063245996832848 0.028458483517169952
v -0.0011796283069998026 -0.022063245996832848 0.028458483517169952
v 0.000509902834892273 -0.023370392620563507 0.03009786829352379
v -0.0012251812731847167 -0.023359689861536026 0.030123820528388023
v -0.0011796283069998026 -0.022063245996832848 0.028458483517169952
v -0.0012251812731847167 -0.023359689861536026 0.030123820528388023
v -0.0018410728080198169 -0.022030996158719063 0.02849946729838848
v -0.0018410728080198169 -0.022030996158719063 0.02849946729838848
v -0.0012251812731847167 -0.023359689861536026 0.030123820528388023
v -0.0019121558871120214 -0.023341160267591476 0.030169179663062096
v -0.0018410728080198169 -0.022030996158719063 0.02849946729838848
v -0.0019121558871120214 -0.023341160267591476 0.030169179663062096
v -0.0033709537237882614 -0.021902302280068398 0.02866828627884388
v -0.0033709537237882614 -0.021902302280068398 0.02866828627884388
v -0.0019121558871120214 -0.023341160267591476 0.030169179663062096
v -0.0035011761356145144 -0.023267952725291252 0.030353881418704987
v -0.0033709537237882614 -0.021902302280068398 0.02866828627884388
v -0.0035011761356145144 -0.023267952725291252 0.030353881418704987
v -0.004815896973013878 -0.021711643785238266 0.028934795409440994
v -0.004815896973013878 -0.021711643785238266 0.028934795409440994
v -0.0035011761356145144 -0.023267952725291252 0.030353881418704987
v -0.00500280549749732 -0.02316180430352688 0.03063918836414814
v -0.004815896973013878 -0.021711643785238266 0.028934795409440994
v -0.00500280549749732 -0.02316180430352688 0.03063918836414814
v -0.0061640688218176365 -0.02147420309484005 0.02929704636335373
v -0.0061640688218176365 -0.02147420309484005 0.02929704636335373
v -0.00500280549749732 -0.02316180430352688 0.03063918836414814
v -0.006406344007700682 -0.02303391508758068 0.031016498804092407
v -0.0061640688218176365 -0.02147420309484005 0.02929704636335373
v -0.006406344007700682 -0.02303391508758068 0.031016498804092407
v -0.007410247344523668 -0.02120586484670639 0.029753632843494415
v -0.007410247344523668 -0.02120586484670639 0.029753632843494415
v -0.006406344007700682 -0.02303391508758068 0.031016498804092407
v -0.007708689663559198 -0.02289607748389244 0.03147782012820244
v -0.007410247344523668 -0.02120586484670639 0.029753632843494415
v -0.007708689663559198 -0.02289607748389244 0.03147782012820244
v -0.007942931726574898 -0.021077889949083328 0.02999211475253105
v -0.007942931726574898 -0.021077889949083328 0.02999211475253105
v -0.007708689663559198 -0.02289607748389244 0.03147782012820244
v -0.008267922326922417 -0.022833259776234627 0.03171340748667717
v -0.007942931726574898 -0.021077889949083328 0.02999211475253105
v -0.008267922326922417 -0.022833259776234627 0.03171340748667717
v -0.008998891338706017 -0.020803801715373993 0.03055821917951107
v -0.008998891338706017 -0.020803801715373993 0.03055821917951107
v -0.008267922326922417 -0.022833259776234627 0.03171340748667717
v -0.009383730590343475 -0.022706400603055954 0.03226015716791153
v -0.008998891338706017 -0.020803801715373993 0.03055821917951107
v -0.009383730590343475 -0.022706400603055954 0.03226015716791153
v -0.009822556748986244 -0.022657692432403564 0.03250599652528763
v -0.009822556748986244 -0.022657692432403564 0.03250599652528763
v -0.009383730590343475 -0.022706400603055954 0.03226015716791153
v -0.00994554441422224 -0.023054813966155052 0.03274386003613472
v -0.025496995076537132 -0.03099999949336052 0.042460162192583084
v -0.029059411957859993 -0.03099999949336052 0.041163548827171326
v -0.025496995076537132 -0.02449999935925007 0.042460162192583084
v -0.029059411957859993 0.029999999329447746 0.041163548827171326
v -0.0236129779368639 0.02438080683350563 0.04314589127898216
v -0.024034274742007256 0.024194348603487015 0.04299255087971687
v -0.022962462157011032 0.02449999935925007 0.043382659554481506
v -0.022199654951691628 0.029999999329447746 0.043660297989845276
v -0.022199654951691628 0.02449999935925007 0.043660297989845276
v -0.02506367862224579 -0.02449999935925007 0.042617879807949066
v -0.02506367862224579 -0.0022137085907161236 0.042617879807949066
v -0.025064853951334953 1.0882282047870988e-14 0.04261745139956474
v -0.02506367862224579 0.0022137085907161236 0.042617879807949066
v -0.024266114458441734 0.024061676114797592 0.04290816932916641
v -0.024472113698720932 0.023929087445139885 0.04283319041132927
v -0.024875380098819733 0.023641159757971764 0.04268641397356987
v -0.02505681663751602 0.023505164310336113 0.042620375752449036
v -0.029059411957859993 0.029999999329447746 0.041163548827171326
v -0.02505681663751602 0.023505164310336113 0.042620375752449036
v -0.02506367862224579 0.023499999195337296 0.042617879807949066
v -0.02506367862224579 0.023499999195337296 0.042617879807949066
v -0.031622838228940964 0.029999999329447746 0.042358893901109695
v -0.031622838228940964 -0.03099999949336052 0.042358893901109695
v -0.03675314038991928 0.029999999329447746 0.056454285979270935
v -0.03675314038991928 -0.03099999949336052 0.056454285979270935
v -0.02946084551513195 0.02449999935925007 0.06123681738972664
v -0.028698038309812546 0.02449999935925007 0.06151445582509041
v -0.028698038309812546 0.029999999329447746 0.06151445582509041
v -0.03555779531598091 -0.03099999949336052 0.05901771038770676
v -0.03199537843465805 -0.03099999949336052 0.060314323753118515
v -0.03199537843465805 -0.02449999935925007 0.060314323753118515
v -0.03555779531598091 0.029999999329447746 0.05901771038770676
v -0.03156206011772156 -0.02449999935925007 0.0604720376431942
v -0.03156206011772156 0.023499999195337296 0.0604720376431942
v -0.030756056308746338 0.024066833779215813 0.060765400528907776
v -0.03055965155363083 0.024179907515645027 0.06083688512444496
v -0.030155042186379433 0.024365095421671867 0.06098414957523346
v -0.028698038309812546 0.029999999329447746 0.06151445582509041
v -0.030155042186379433 0.024365095421671867 0.06098414957523346
v -0.030111361294984818 0.02438080683350563 0.061000049114227295
v -0.030111361294984818 0.02438080683350563 0.061000049114227295
v -0.03156206011772156 0.023499999195337296 0.0604720376431942
v -0.03155519813299179 0.023505164310336113 0.06047453731298447
v -0.03555779531598091 0.029999999329447746 0.05901771038770676
v -0.03555779531598091 0.029999999329447746 0.05901771038770676
v -0.03155519813299179 0.023505164310336113 0.06047453731298447
v -0.0313737615942955 0.023641159757971764 0.060540571808815
v -0.0313737615942955 0.023641159757971764 0.060540571808815
v -0.030003923922777176 0.030500000342726707 0.04156572371721268
v -0.03070763312280178 0.030500000342726707 0.04189386963844299
v -0.031152991577982903 0.030500000342726707 0.04252990707755089
v -0.03538678586483002 0.030500000342726707 0.058547861874103546
v -0.0291813462972641 0.030500000342726707 0.060806456953287125
v -0.028736798092722893 0.030500000342726707 0.05666961520910263
v -0.036022819578647614 0.030500000342726707 0.05810250714421272
v -0.025343552231788635 0.030500000342726707 0.04734674468636513
v -0.02302498370409012 0.030500000342726707 0.043891992419958115
v -0.029230421409010887 0.030500000342726707 0.041633397340774536
v -0.027439024299383163 0.030500000342726707 0.051863010972738266
v -0.03628329187631607 0.030500000342726707 0.05662529543042183
v -0.03635096549987793 0.030500000342726707 0.05739879608154297
v -0.02502518706023693 -0.03099999949336052 0.04398096352815628
v -0.02502518706023693 -0.025499999523162842 0.04398096352815628
v -0.02782888151705265 -0.03099999949336052 0.04876887425780296
v -0.02782888151705265 -0.025499999523162842 0.04876887425780296
v -0.02782888151705265 -0.03099999949336052 0.04876887425780296
v -0.02782888151705265 -0.025499999523162842 0.04876887425780296
v -0.0297265462577343 -0.03099999949336052 0.05398266389966011
v -0.0297265462577343 -0.025499999523162842 0.05398266389966011
v -0.0297265462577343 -0.03099999949336052 0.05398266389966011
v -0.0297265462577343 -0.025499999523162842 0.05398266389966011
v -0.030656401067972183 -0.03099999949336052 0.0594525970518589
v -0.030656401067972183 -0.025499999523162842 0.0594525970518589
v -0.028281383216381073 -0.03150000050663948 0.04855617135763168
v -0.03020990453660488 -0.03150000050663948 0.05385474115610123
v -0.03628329187631607 -0.03150000050663948 0.05662529543042183
v -0.031154880300164223 -0.03150000050663948 0.0594136118888855
v -0.036022819578647614 -0.03150000050663948 0.05810250714421272
v -0.03635096549987793 -0.03150000050663948 0.05739879608154297
v -0.031152991577982903 -0.03150000050663948 0.04252990707755089
v -0.03070763312280178 -0.03150000050663948 0.04189386963844299
v -0.025432102382183075 -0.03150000050663948 0.043690409511327744
v -0.030003923922777176 -0.03150000050663948 0.04156572371721268
v -0.029230421409010887 -0.03150000050663948 0.041633397340774536
v -0.031382765620946884 -0.03150000050663948 0.059795081615448
v -0.03159777820110321 -0.03150000050663948 0.05987153202295303
v -0.031224118545651436 -0.03150000050663948 0.05963105335831642
v -0.031824368983507156 -0.03150000050663948 0.0598444789648056
v -0.03538678586483002 -0.03150000050663948 0.058547861874103546
v -0.025361469015479088 -0.03150000050663948 0.043251704424619675
v -0.025345372036099434 -0.03150000050663948 0.04347933456301689
v -0.025477036833763123 -0.03150000050663948 0.043054934591054916
v -0.025668004527688026 -0.03150000050663948 0.042930010706186295
v -0.029059411957859993 0.029999999329447746 0.041163548827171326
v -0.029059411957859993 -0.03099999949336052 0.041163548827171326
v -0.030090749263763428 -0.03099999949336052 0.04107331857085228
v -0.030090749263763428 0.029999999329447746 0.04107331857085228
v -0.030090749263763428 0.029999999329447746 0.04107331857085228
v -0.030090749263763428 -0.03099999949336052 0.04107331857085228
v -0.031029026955366135 -0.03099999949336052 0.041510846465826035
v -0.031029026955366135 0.029999999329447746 0.041510846465826035
v -0.031029026955366135 0.029999999329447746 0.041510846465826035
v -0.031029026955366135 -0.03099999949336052 0.041510846465826035
v -0.031622838228940964 -0.03099999949336052 0.042358893901109695
v -0.031622838228940964 0.029999999329447746 0.042358893901109695
v -0.03675314038991928 0.029999999329447746 0.056454285979270935
v -0.03675314038991928 -0.03099999949336052 0.056454285979270935
v -0.03684337064623833 -0.03099999949336052 0.05748562142252922
v -0.03684337064623833 0.029999999329447746 0.05748562142252922
v -0.03684337064623833 0.029999999329447746 0.05748562142252922
v -0.03684337064623833 -0.03099999949336052 0.05748562142252922
v -0.03640584275126457 -0.03099999949336052 0.05842389911413193
v -0.03640584275126457 0.029999999329447746 0.05842389911413193
v -0.03640584275126457 0.029999999329447746 0.05842389911413193
v -0.03640584275126457 -0.03099999949336052 0.05842389911413193
v -0.03555779531598091 -0.03099999949336052 0.05901771038770676
v -0.03555779531598091 0.029999999329447746 0.05901771038770676
v -0.02506367862224579 -0.02449999935925007 0.042617879807949066
v -0.02506367862224579 -0.0022137085907161236 0.042617879807949066
v -0.024273699149489403 -0.02449999935925007 0.04273568466305733
v -0.024273699149489403 -0.0022137085907161236 0.04273568466305733
v -0.024273699149489403 -0.02449999935925007 0.04273568466305733
v -0.024273699149489403 -0.0022137085907161236 0.04273568466305733
v -0.023500613868236542 -0.02449999935925007 0.0425349660217762
v -0.023500613868236542 -0.0022137085907161236 0.0425349660217762
v -0.023500613868236542 -0.02449999935925007 0.0425349660217762
v -0.023500613868236542 -0.0022137085907161236 0.0425349660217762
v -0.022867722436785698 -0.02449999935925007 0.042047735303640366
v -0.022867722436785698 -0.0022137085907161236 0.042047735303640366
v -0.025064853951334953 1.0882282047870988e-14 0.04261745139956474
v -0.02506367862224579 0.0022137085907161236 0.042617879807949066
v -0.02426055632531643 1.0873481375549016e-14 0.04273444786667824
v -0.02426055632531643 1.0873481375549016e-14 0.04273444786667824
v -0.02506367862224579 0.0022137085907161236 0.042617879807949066
v -0.024273699149489403 0.0022137085907161236 0.04273568466305733
v -0.02426055632531643 1.0873481375549016e-14 0.04273444786667824
v -0.024273699149489403 0.0022137085907161236 0.04273568466305733
v -0.023476116359233856 1.0866113882973798e-14 0.042521748691797256
v -0.023476116359233856 1.0866113882973798e-14 0.042521748691797256
v -0.024273699149489403 0.0022137085907161236 0.04273568466305733
v -0.023500613868236542 0.0022137085907161236 0.0425349660217762
v -0.023476116359233856 1.0866113882973798e-14 0.042521748691797256
v -0.023500613868236542 0.0022137085907161236 0.0425349660217762
v -0.022841084748506546 1.0861396756490539e-14 0.042014479637145996
v -0.022841084748506546 1.0861396756490539e-14 0.042014479637145996
v -0.023500613868236542 0.0022137085907161236 0.0425349660217762
v -0.022867722436785698 0.0022137085907161236 0.042047735303640366
v -0.02506367862224579 -0.0022137085907161236 0.042617879807949066
v -0.025064853951334953 1.0882282047870988e-14 0.04261745139956474
v -0.024273699149489403 -0.0022137085907161236 0.04273568466305733
v -0.024273699149489403 -0.0022137085907161236 0.04273568466305733
v -0.025064853951334953 1.0882282047870988e-14 0.04261745139956474
v -0.02426055632531643 1.0873481375549016e-14 0.04273444786667824
v -0.024273699149489403 -0.0022137085907161236 0.04273568466305733
v -0.02426055632531643 1.0873481375549016e-14 0.04273444786667824
v -0.023500613868236542 -0.0022137085907161236 0.0425349660217762
v -0.023500613868236542 -0.0022137085907161236 0.0425349660217762
v -0.02426055632531643 1.0873481375549016e-14 0.04273444786667824
v -0.023476116359233856 1.0866113882973798e-14 0.042521748691797256
v -0.023500613868236542 -0.0022137085907161236 0.0425349660217762
v -0.023476116359233856 1.0866113882973798e-14 0.042521748691797256
v -0.022867722436785698 -0.0022137085907161236 0.042047735303640366
v -0.022867722436785698 -0.0022137085907161236 0.042047735303640366
v -0.023476116359233856 1.0866113882973798e-14 0.042521748691797256
v -0.022841084748506546 1.0861396756490539e-14 0.042014479637145996
v -0.02506367862224579 0.0022137085907161236 0.042617879807949066
v -0.02506367862224579 0.023499999195337296 0.042617879807949066
v -0.024283336475491524 0.023499999195337296 0.042736172676086426
v -0.02506367862224579 0.0022137085907161236 0.042617879807949066
v -0.024283336475491524 0.023499999195337296 0.042736172676086426
v -0.024273699149489403 0.0022137085907161236 0.04273568466305733
v -0.024273699149489403 0.0022137085907161236 0.04273568466305733
v -0.024283336475491524 0.023499999195337296 0.042736172676086426
v -0.02350495010614395 0.023499999195337296 0.042537081986665726
v -0.024273699149489403 0.0022137085907161236 0.04273568466305733
v -0.02350495010614395 0.023499999195337296 0.042537081986665726
v -0.023500613868236542 0.0022137085907161236 0.0425349660217762
v -0.023500613868236542 0.0022137085907161236 0.0425349660217762
v -0.02350495010614395 0.023499999195337296 0.042537081986665726
v -0.022867722436785698 0.023499999195337296 0.042047735303640366
v -0.023500613868236542 0.0022137085907161236 0.0425349660217762
v -0.022867722436785698 0.023499999195337296 0.042047735303640366
v -0.022867722436785698 0.0022137085907161236 0.042047735303640366
v -0.030246343463659286 -0.02449999935925007 0.06232032552361488
v -0.030246343463659286 0.023499999195337296 0.06232032552361488
v -0.030417978763580322 -0.02449999935925007 0.06154027208685875
v -0.030417978763580322 0.023499999195337296 0.06154027208685875
v -0.030417978763580322 -0.02449999935925007 0.06154027208685875
v -0.030417978763580322 0.023499999195337296 0.06154027208685875
v -0.03088117577135563 -0.02449999935925007 0.060889583081007004
v -0.03088117577135563 0.023499999195337296 0.060889583081007004
v -0.03088117577135563 -0.02449999935925007 0.060889583081007004
v -0.03088117577135563 0.023499999195337296 0.060889583081007004
v -0.03156206011772156 -0.02449999935925007 0.0604720376431942
v -0.03156206011772156 0.023499999195337296 0.0604720376431942
v -0.02502518706023693 -0.025499999523162842 0.04398096352815628
v -0.02502518706023693 -0.03099999949336052 0.04398096352815628
v -0.02488381788134575 -0.025499999523162842 0.04369582235813141
v -0.02488381788134575 -0.025499999523162842 0.04369582235813141
v -0.02502518706023693 -0.03099999949336052 0.04398096352815628
v -0.024851730093359947 -0.03099999949336052 0.043558813631534576
v -0.024883922189474106 -0.025313349440693855 0.04310355335474014
v -0.024861333891749382 -0.02536495216190815 0.04318976029753685
v -0.024883922189474106 -0.03099999949336052 0.04310355335474014
v -0.024883922189474106 -0.03099999949336052 0.04310355335474014
v -0.024861333891749382 -0.02536495216190815 0.04318976029753685
v -0.024842198938131332 -0.02542610466480255 0.04332011565566063
v -0.024883922189474106 -0.03099999949336052 0.04310355335474014
v -0.024842198938131332 -0.02542610466480255 0.04332011565566063
v -0.024851730093359947 -0.03099999949336052 0.043558813631534576
v -0.024851730093359947 -0.03099999949336052 0.043558813631534576
v -0.024842198938131332 -0.02542610466480255 0.04332011565566063
v -0.024851730093359947 -0.025490088388323784 0.043558813631534576
v -0.024851730093359947 -0.03099999949336052 0.043558813631534576
v -0.024851730093359947 -0.025490088388323784 0.043558813631534576
v -0.02488381788134575 -0.025499999523162842 0.04369582235813141
v -0.024883922189474106 -0.025313349440693855 0.04310355335474014
v -0.024883922189474106 -0.03099999949336052 0.04310355335474014
v -0.025076372548937798 -0.02499590814113617 0.04275303706526756
v -0.025076372548937798 -0.02499590814113617 0.04275303706526756
v -0.024883922189474106 -0.03099999949336052 0.04310355335474014
v -0.025115057826042175 -0.03099999949336052 0.04271000996232033
v -0.025076372548937798 -0.02499590814113617 0.04275303706526756
v -0.025115057826042175 -0.03099999949336052 0.04271000996232033
v -0.02510221302509308 -0.02496112510561943 0.042723748832941055
v -0.02510221302509308 -0.02496112510561943 0.042723748832941055
v -0.025115057826042175 -0.03099999949336052 0.04271000996232033
v -0.025496995076537132 -0.03099999949336052 0.042460162192583084
v -0.02510221302509308 -0.02496112510561943 0.042723748832941055
v -0.025496995076537132 -0.03099999949336052 0.042460162192583084
v -0.025496995076537132 -0.02449999935925007 0.042460162192583084
v -0.031039459630846977 -0.02536495216190815 0.060164015740156174
v -0.031112173572182655 -0.025313349440693855 0.0602155365049839
v -0.031112173572182655 -0.03099999949336052 0.0602155365049839
v -0.03199537843465805 -0.03099999949336052 0.060314323753118515
v -0.03154220059514046 -0.03099999949336052 0.060368433594703674
v -0.03199537843465805 -0.02449999935925007 0.060314323753118515
v -0.03199537843465805 -0.02449999935925007 0.060314323753118515
v -0.03154220059514046 -0.03099999949336052 0.060368433594703674
v -0.031523529440164566 -0.02496112510561943 0.06036616861820221
v -0.031112173572182655 -0.03099999949336052 0.0602155365049839
v -0.031112173572182655 -0.025313349440693855 0.0602155365049839
v -0.03154220059514046 -0.03099999949336052 0.060368433594703674
v -0.03154220059514046 -0.03099999949336052 0.060368433594703674
v -0.031112173572182655 -0.025313349440693855 0.0602155365049839
v -0.03148490563035011 -0.02499590814113617 0.060360342264175415
v -0.03154220059514046 -0.03099999949336052 0.060368433594703674
v -0.03148490563035011 -0.02499590814113617 0.060360342264175415
v -0.031523529440164566 -0.02496112510561943 0.06036616861820221
v -0.03079487755894661 -0.03099999949336052 0.05988747999072075
v -0.030656401067972183 -0.03099999949336052 0.0594525970518589
v -0.030656401067972183 -0.025499999523162842 0.0594525970518589
v -0.030656401067972183 -0.025499999523162842 0.0594525970518589
v -0.030731389299035072 -0.025499999523162842 0.0597618967294693
v -0.03079487755894661 -0.03099999949336052 0.05988747999072075
v -0.03079487755894661 -0.03099999949336052 0.05988747999072075
v -0.030731389299035072 -0.025499999523162842 0.0597618967294693
v -0.03079487755894661 -0.025490088388323784 0.05988747999072075
v -0.03079487755894661 -0.03099999949336052 0.05988747999072075
v -0.03079487755894661 -0.025490088388323784 0.05988747999072075
v -0.031112173572182655 -0.03099999949336052 0.0602155365049839
v -0.031112173572182655 -0.03099999949336052 0.0602155365049839
v -0.03079487755894661 -0.025490088388323784 0.05988747999072075
v -0.030941009521484375 -0.02542610466480255 0.060076456516981125
v -0.031112173572182655 -0.03099999949336052 0.0602155365049839
v -0.030941009521484375 -0.02542610466480255 0.060076456516981125
v -0.031039459630846977 -0.02536495216190815 0.060164015740156174
v -0.03675314038991928 0.029999999329447746 0.056454285979270935
v -0.03628329187631607 0.030500000342726707 0.05662529543042183
v -0.031622838228940964 0.029999999329447746 0.042358893901109695
v -0.031152991577982903 0.030500000342726707 0.04252990707755089
v -0.03628329187631607 0.030500000342726707 0.05662529543042183
v -0.03675314038991928 0.029999999329447746 0.056454285979270935
v -0.03684337064623833 0.029999999329447746 0.05748562142252922
v -0.03635096549987793 0.030500000342726707 0.05739879608154297
v -0.03635096549987793 0.030500000342726707 0.05739879608154297
v -0.03684337064623833 0.029999999329447746 0.05748562142252922
v -0.03640584275126457 0.029999999329447746 0.05842389911413193
v -0.036022819578647614 0.030500000342726707 0.05810250714421272
v -0.036022819578647614 0.030500000342726707 0.05810250714421272
v -0.03640584275126457 0.029999999329447746 0.05842389911413193
v -0.03555779531598091 0.029999999329447746 0.05901771038770676
v -0.03538678586483002 0.030500000342726707 0.058547861874103546
v -0.029230421409010887 0.030500000342726707 0.041633397340774536
v -0.029059411957859993 0.029999999329447746 0.041163548827171326
v -0.030090749263763428 0.029999999329447746 0.04107331857085228
v -0.030003923922777176 0.030500000342726707 0.04156572371721268
v -0.030003923922777176 0.030500000342726707 0.04156572371721268
v -0.030090749263763428 0.029999999329447746 0.04107331857085228
v -0.031029026955366135 0.029999999329447746 0.041510846465826035
v -0.03070763312280178 0.030500000342726707 0.04189386963844299
v -0.03070763312280178 0.030500000342726707 0.04189386963844299
v -0.031029026955366135 0.029999999329447746 0.041510846465826035
v -0.031622838228940964 0.029999999329447746 0.042358893901109695
v -0.031152991577982903 0.030500000342726707 0.04252990707755089
v -0.028698038309812546 0.029999999329447746 0.06151445582509041
v -0.0291813462972641 0.030500000342726707 0.060806456953287125
v -0.03555779531598091 0.029999999329447746 0.05901771038770676
v -0.03538678586483002 0.030500000342726707 0.058547861874103546
v -0.02302498370409012 0.030500000342726707 0.043891992419958115
v -0.022199654951691628 0.029999999329447746 0.043660297989845276
v -0.029230421409010887 0.030500000342726707 0.041633397340774536
v -0.029059411957859993 0.029999999329447746 0.041163548827171326
v -0.025343552231788635 0.030500000342726707 0.04734674468636513
v -0.02490958757698536 0.029999999329447746 0.04759509116411209
v -0.02302498370409012 0.030500000342726707 0.043891992419958115
v -0.02302498370409012 0.030500000342726707 0.043891992419958115
v -0.02490958757698536 0.029999999329447746 0.04759509116411209
v -0.022199654951691628 0.029999999329447746 0.043660297989845276
v -0.0291813462972641 0.030500000342726707 0.060806456953287125
v -0.028698038309812546 0.029999999329447746 0.06151445582509041
v -0.028552750125527382 0.029999999329447746 0.05894646793603897
v -0.0291813462972641 0.030500000342726707 0.060806456953287125
v -0.028552750125527382 0.029999999329447746 0.05894646793603897
v -0.028736798092722893 0.030500000342726707 0.05666961520910263
v -0.028736798092722893 0.030500000342726707 0.05666961520910263
v -0.028552750125527382 0.029999999329447746 0.05894646793603897
v -0.028244730085134506 0.029999999329447746 0.056758321821689606
v -0.028736798092722893 0.030500000342726707 0.05666961520910263
v -0.028244730085134506 0.029999999329447746 0.056758321821689606
v -0.027439024299383163 0.030500000342726707 0.051863010972738266
v -0.028244730085134506 0.029999999329447746 0.056758321821689606
v -0.027383796870708466 0.029999999329447746 0.05325827747583389
v -0.027439024299383163 0.030500000342726707 0.051863010972738266
v -0.027439024299383163 0.030500000342726707 0.051863010972738266
v -0.027383796870708466 0.029999999329447746 0.05325827747583389
v -0.026969177648425102 0.029999999329447746 0.05203402042388916
v -0.027439024299383163 0.030500000342726707 0.051863010972738266
v -0.026969177648425102 0.029999999329447746 0.05203402042388916
v -0.025343552231788635 0.030500000342726707 0.04734674468636513
v -0.025343552231788635 0.030500000342726707 0.04734674468636513
v -0.026969177648425102 0.029999999329447746 0.05203402042388916
v -0.025093747302889824 0.029999999329447746 0.04792183265089989
v -0.025343552231788635 0.030500000342726707 0.04734674468636513
v -0.025093747302889824 0.029999999329447746 0.04792183265089989
v -0.02490958757698536 0.029999999329447746 0.04759509116411209
v -0.031154880300164223 -0.03150000050663948 0.0594136118888855
v -0.030656401067972183 -0.03099999949336052 0.0594525970518589
v -0.03079487755894661 -0.03099999949336052 0.05988747999072075
v -0.031224118545651436 -0.03150000050663948 0.05963105335831642
v -0.031224118545651436 -0.03150000050663948 0.05963105335831642
v -0.03079487755894661 -0.03099999949336052 0.05988747999072075
v -0.031112173572182655 -0.03099999949336052 0.0602155365049839
v -0.031382765620946884 -0.03150000050663948 0.059795081615448
v -0.031382765620946884 -0.03150000050663948 0.059795081615448
v -0.031112173572182655 -0.03099999949336052 0.0602155365049839
v -0.03154220059514046 -0.03099999949336052 0.060368433594703674
v -0.03159777820110321 -0.03150000050663948 0.05987153202295303
v -0.03159777820110321 -0.03150000050663948 0.05987153202295303
v -0.03154220059514046 -0.03099999949336052 0.060368433594703674
v -0.03199537843465805 -0.03099999949336052 0.060314323753118515
v -0.031824368983507156 -0.03150000050663948 0.0598444789648056
v -0.03555779531598091 -0.03099999949336052 0.05901771038770676
v -0.03538678586483002 -0.03150000050663948 0.058547861874103546
v -0.03199537843465805 -0.03099999949336052 0.060314323753118515
v -0.031824368983507156 -0.03150000050663948 0.0598444789648056
v -0.030656401067972183 -0.03099999949336052 0.0594525970518589
v -0.031154880300164223 -0.03150000050663948 0.0594136118888855
v -0.0297265462577343 -0.03099999949336052 0.05398266389966011
v -0.03020990453660488 -0.03150000050663948 0.05385474115610123
v -0.0297265462577343 -0.03099999949336052 0.05398266389966011
v -0.03020990453660488 -0.03150000050663948 0.05385474115610123
v -0.02782888151705265 -0.03099999949336052 0.04876887425780296
v -0.028281383216381073 -0.03150000050663948 0.04855617135763168
v -0.02782888151705265 -0.03099999949336052 0.04876887425780296
v -0.028281383216381073 -0.03150000050663948 0.04855617135763168
v -0.02502518706023693 -0.03099999949336052 0.04398096352815628
v -0.025432102382183075 -0.03150000050663948 0.043690409511327744
v -0.03538678586483002 -0.03150000050663948 0.058547861874103546
v -0.03555779531598091 -0.03099999949336052 0.05901771038770676
v -0.03640584275126457 -0.03099999949336052 0.05842389911413193
v -0.036022819578647614 -0.03150000050663948 0.05810250714421272
v -0.036022819578647614 -0.03150000050663948 0.05810250714421272
v -0.03640584275126457 -0.03099999949336052 0.05842389911413193
v -0.03684337064623833 -0.03099999949336052 0.05748562142252922
v -0.03635096549987793 -0.03150000050663948 0.05739879608154297
v -0.03635096549987793 -0.03150000050663948 0.05739879608154297
v -0.03684337064623833 -0.03099999949336052 0.05748562142252922
v -0.03675314038991928 -0.03099999949336052 0.056454285979270935
v -0.03628329187631607 -0.03150000050663948 0.05662529543042183
v -0.025668004527688026 -0.03150000050663948 0.042930010706186295
v -0.025496995076537132 -0.03099999949336052 0.042460162192583084
v -0.025115057826042175 -0.03099999949336052 0.04271000996232033
v -0.025477036833763123 -0.03150000050663948 0.043054934591054916
v -0.025477036833763123 -0.03150000050663948 0.043054934591054916
v -0.025115057826042175 -0.03099999949336052 0.04271000996232033
v -0.024883922189474106 -0.03099999949336052 0.04310355335474014
v -0.025361469015479088 -0.03150000050663948 0.043251704424619675
v -0.025361469015479088 -0.03150000050663948 0.043251704424619675
v -0.024883922189474106 -0.03099999949336052 0.04310355335474014
v -0.024851730093359947 -0.03099999949336052 0.043558813631534576
v -0.025345372036099434 -0.03150000050663948 0.04347933456301689
v -0.025345372036099434 -0.03150000050663948 0.04347933456301689
v -0.024851730093359947 -0.03099999949336052 0.043558813631534576
v -0.02502518706023693 -0.03099999949336052 0.04398096352815628
v -0.025432102382183075 -0.03150000050663948 0.043690409511327744
v -0.031622838228940964 -0.03099999949336052 0.042358893901109695
v -0.031152991577982903 -0.03150000050663948 0.04252990707755089
v -0.03675314038991928 -0.03099999949336052 0.056454285979270935
v -0.03628329187631607 -0.03150000050663948 0.05662529543042183
v -0.029230421409010887 -0.03150000050663948 0.041633397340774536
v -0.029059411957859993 -0.03099999949336052 0.041163548827171326
v -0.025668004527688026 -0.03150000050663948 0.042930010706186295
v -0.025496995076537132 -0.03099999949336052 0.042460162192583084
v -0.031152991577982903 -0.03150000050663948 0.04252990707755089
v -0.031622838228940964 -0.03099999949336052 0.042358893901109695
v -0.031029026955366135 -0.03099999949336052 0.041510846465826035
v -0.03070763312280178 -0.03150000050663948 0.04189386963844299
v -0.03070763312280178 -0.03150000050663948 0.04189386963844299
v -0.031029026955366135 -0.03099999949336052 0.041510846465826035
v -0.030090749263763428 -0.03099999949336052 0.04107331857085228
v -0.030003923922777176 -0.03150000050663948 0.04156572371721268
v -0.030003923922777176 -0.03150000050663948 0.04156572371721268
v -0.030090749263763428 -0.03099999949336052 0.04107331857085228
v -0.029059411957859993 -0.03099999949336052 0.041163548827171326
v -0.029230421409010887 -0.03150000050663948 0.041633397340774536
v 6.515757519771546e-18 -0.020999999716877937 0.0
v -0.005025628954172134 -0.020389778539538383 0.0
v 0.0 0.0 0.0
v 0.005025628954172134 -0.020389778539538383 0.0
v 0.01728266105055809 -0.011929359287023544 0.0
v 0.013925575651228428 -0.015718726441264153 0.0
v 0.009759186767041683 -0.01859457604587078 0.0
v 0.020846886560320854 0.0025312702637165785 0.0
v 0.020846886560320854 -0.0025312702637165785 0.0
v 0.019635340198874474 -0.007446702569723129 0.0
v 0.013925575651228428 0.015718726441264153 0.0
v 0.01728266105055809 0.011929359287023544 0.0
v 0.019635340198874474 0.007446702569723129 0.0
v -3.943999228604367e-18 0.020999999716877937 0.0
v 0.005025628954172134 0.020389778539538383 0.0
v 0.009759186767041683 0.01859457604587078 0.0
v -0.013925575651228428 0.015718726441264153 0.0
v -0.009759186767041683 0.01859457604587078 0.0
v -0.005025628954172134 0.020389778539538383 0.0
v -0.020846886560320854 0.0025312702637165785 0.0
v -0.019635340198874474 0.007446702569723129 0.0
v -0.01728266105055809 0.011929359287023544 0.0
v -0.01728266105055809 -0.011929359287023544 0.0
v -0.019635340198874474 -0.007446702569723129 0.0
v -0.020846886560320854 -0.0025312702637165785 0.0
v -0.009759186767041683 -0.01859457604587078 0.0
v -0.013925575651228428 -0.015718726441264153 0.0
v -0.023471659049391747 0.023882683366537094 0.04260553792119026
v -0.02350495010614395 0.023499999195337296 0.042537081986665726
v -0.024283336475491524 0.023499999195337296 0.042736172676086426
v -0.023471659049391747 0.023882683366537094 0.04260553792119026
v -0.024034274742007256 0.024194348603487015 0.04299255087971687
v -0.02337685599923134 0.024207105860114098 0.042800478637218475
v -0.02337685599923134 0.024207105860114098 0.042800478637218475
v -0.024034274742007256 0.024194348603487015 0.04299255087971687
v -0.0236129779368639 0.02438080683350563 0.04314589127898216
v -0.02337685599923134 0.024207105860114098 0.042800478637218475
v -0.0236129779368639 0.02438080683350563 0.04314589127898216
v -0.02323497086763382 0.024423878639936447 0.04309223219752312
v -0.02323497086763382 0.024423878639936447 0.04309223219752312
v -0.0236129779368639 0.02438080683350563 0.04314589127898216
v -0.022962462157011032 0.02449999935925007 0.043382659554481506
v -0.024266114458441734 0.024061676114797592 0.04290816932916641
v -0.024279670789837837 0.023882683366537094 0.04281220585107803
v -0.024472113698720932 0.023929087445139885 0.04283319041132927
v -0.024472113698720932 0.023929087445139885 0.04283319041132927
v -0.024279670789837837 0.023882683366537094 0.04281220585107803
v -0.024875380098819733 0.023641159757971764 0.04268641397356987
v -0.024283336475491524 0.023499999195337296 0.042736172676086426
v -0.02506367862224579 0.023499999195337296 0.042617879807949066
v -0.02505681663751602 0.023505164310336113 0.042620375752449036
v -0.02505681663751602 0.023505164310336113 0.042620375752449036
v -0.024875380098819733 0.023641159757971764 0.04268641397356987
v -0.024283336475491524 0.023499999195337296 0.042736172676086426
v -0.024283336475491524 0.023499999195337296 0.042736172676086426
v -0.024875380098819733 0.023641159757971764 0.04268641397356987
v -0.024279670789837837 0.023882683366537094 0.04281220585107803
v -0.024279670789837837 0.023882683366537094 0.04281220585107803
v -0.023471659049391747 0.023882683366537094 0.04260553792119026
v -0.024279670789837837 0.023882683366537094 0.04281220585107803
v -0.024266114458441734 0.024061676114797592 0.04290816932916641
v -0.023471659049391747 0.023882683366537094 0.04260553792119026
v -0.024266114458441734 0.024061676114797592 0.04290816932916641
v -0.024034274742007256 0.024194348603487015 0.04299255087971687
v -0.022867722436785698 0.023499999195337296 0.042047735303640366
v -0.02350495010614395 0.023499999195337296 0.042537081986665726
v -0.022810179740190506 0.023882683366537094 0.04209756478667259
v -0.023471659049391747 0.023882683366537094 0.04260553792119026
v -0.022810179740190506 0.023882683366537094 0.04209756478667259
v -0.023471659049391747 0.023882683366537094 0.04260553792119026
v -0.022766442969441414 0.024000000208616257 0.042135436087846756
v -0.022766442969441414 0.024000000208616257 0.042135436087846756
v -0.023471659049391747 0.023882683366537094 0.04260553792119026
v -0.02337685599923134 0.024207105860114098 0.042800478637218475
v -0.022766442969441414 0.024000000208616257 0.042135436087846756
v -0.02337685599923134 0.024207105860114098 0.042800478637218475
v -0.022646307945251465 0.024207105860114098 0.0422394685447216
v -0.022646307945251465 0.024207105860114098 0.0422394685447216
v -0.02337685599923134 0.024207105860114098 0.042800478637218475
v -0.022489743307232857 0.024366024881601334 0.04237504303455353
v -0.022489743307232857 0.024366024881601334 0.04237504303455353
v -0.02337685599923134 0.024207105860114098 0.042800478637218475
v -0.02323497086763382 0.024423878639936447 0.04309223219752312
v -0.022489743307232857 0.024366024881601334 0.04237504303455353
v -0.02323497086763382 0.024423878639936447 0.04309223219752312
v -0.022401057183742523 0.024423878639936447 0.04245183989405632
v -0.022401057183742523 0.024423878639936447 0.04245183989405632
v -0.02323497086763382 0.024423878639936447 0.04309223219752312
v -0.022962462157011032 0.02449999935925007 0.043382659554481506
v -0.022401057183742523 0.024423878639936447 0.04245183989405632
v -0.022962462157011032 0.02449999935925007 0.043382659554481506
v -0.022111764177680016 0.02449999935925007 0.04270235449075699
v -0.022401057183742523 0.024423878639936447 0.04245183989405632
v -0.022111764177680016 0.02449999935925007 0.04270235449075699
v -0.02009420096874237 0.02449999935925007 0.04059475287795067
v -0.022646307945251465 0.024207105860114098 0.0422394685447216
v -0.022489743307232857 0.024366024881601334 0.04237504303455353
v -0.0204376932233572 0.024366024881601334 0.04023141413927078
v -0.0204376932233572 0.024366024881601334 0.04023141413927078
v -0.022489743307232857 0.024366024881601334 0.04237504303455353
v -0.022401057183742523 0.024423878639936447 0.04245183989405632
v -0.022810179740190506 0.023882683366537094 0.04209756478667259
v -0.022766442969441414 0.024000000208616257 0.042135436087846756
v -0.020689144730567932 0.024000000208616257 0.0399654321372509
v -0.020689144730567932 0.024000000208616257 0.0399654321372509
v -0.022766442969441414 0.024000000208616257 0.042135436087846756
v -0.022646307945251465 0.024207105860114098 0.0422394685447216
v -0.02078118361532688 0.023499999195337296 0.0398680754005909
v -0.022867722436785698 0.023499999195337296 0.042047735303640366
v -0.022810179740190506 0.023882683366537094 0.04209756478667259
v -0.022401057183742523 0.024423878639936447 0.04245183989405632
v -0.02009420096874237 0.02449999935925007 0.04059475287795067
v -0.0204376932233572 0.024366024881601334 0.04023141413927078
v -0.0204376932233572 0.024366024881601334 0.04023141413927078
v -0.02009420096874237 0.02449999935925007 0.04059475287795067
v -0.01787670888006687 0.02449999935925007 0.03869863227009773
v -0.018182292580604553 0.024366024881601334 0.03830288350582123
v -0.018182292580604553 0.024366024881601334 0.03830288350582123
v -0.01787670888006687 0.02449999935925007 0.03869863227009773
v -0.015510877594351768 0.02449999935925007 0.037051305174827576
v -0.015776021406054497 0.024366024881601334 0.036627396941185
v -0.015776021406054497 0.024366024881601334 0.036627396941185
v -0.015510877594351768 0.02449999935925007 0.037051305174827576
v -0.012994376011192799 0.02449999935925007 0.03564487397670746
v -0.013216502033174038 0.024366024881601334 0.03519692271947861
v -0.022646307945251465 0.024207105860114098 0.0422394685447216
v -0.0204376932233572 0.024366024881601334 0.04023141413927078
v -0.020689144730567932 0.024000000208616257 0.0399654321372509
v -0.020689144730567932 0.024000000208616257 0.0399654321372509
v -0.0204376932233572 0.024366024881601334 0.04023141413927078
v -0.018182292580604553 0.024366024881601334 0.03830288350582123
v -0.01840599626302719 0.024000000208616257 0.03801317512989044
v -0.01840599626302719 0.024000000208616257 0.03801317512989044
v -0.018182292580604553 0.024366024881601334 0.03830288350582123
v -0.015776021406054497 0.024366024881601334 0.036627396941185
v -0.01597011834383011 0.024000000208616257 0.03631707280874252
v -0.01597011834383011 0.024000000208616257 0.03631707280874252
v -0.015776021406054497 0.024366024881601334 0.036627396941185
v -0.013216502033174038 0.024366024881601334 0.03519692271947861
v -0.013379110023379326 0.024000000208616257 0.0348690003156662
v -0.022810179740190506 0.023882683366537094 0.04209756478667259
v -0.020689144730567932 0.024000000208616257 0.0399654321372509
v -0.02078118361532688 0.023499999195337296 0.0398680754005909
v -0.02078118361532688 0.023499999195337296 0.0398680754005909
v -0.020689144730567932 0.024000000208616257 0.0399654321372509
v -0.01840599626302719 0.024000000208616257 0.03801317512989044
v -0.018487878143787384 0.023499999195337296 0.037907134741544724
v -0.018487878143787384 0.023499999195337296 0.037907134741544724
v -0.01840599626302719 0.024000000208616257 0.03801317512989044
v -0.01597011834383011 0.024000000208616257 0.03631707280874252
v -0.016041163355112076 0.023499999195337296 0.03620348870754242
v -0.016041163355112076 0.023499999195337296 0.03620348870754242
v -0.01597011834383011 0.024000000208616257 0.03631707280874252
v -0.013379110023379326 0.024000000208616257 0.0348690003156662
v -0.013438628055155277 0.023499999195337296 0.034748971462249756
v -0.01217807549983263 0.02449999935925007 0.03523282706737518
v -0.011366383172571659 0.02449999935925007 0.034811776131391525
v -0.012398836202919483 0.024375149980187416 0.03480227291584015
v -0.012398836202919483 0.024375149980187416 0.03480227291584015
v -0.011366383172571659 0.02449999935925007 0.034811776131391525
v -0.011583291925489902 0.02438398078083992 0.03439761698246002
v -0.012398836202919483 0.024375149980187416 0.03480227291584015
v -0.011583291925489902 0.02438398078083992 0.03439761698246002
v -0.01256447285413742 0.024031775072216988 0.03447922691702843
v -0.01256447285413742 0.024031775072216988 0.03447922691702843
v -0.011583291925489902 0.02438398078083992 0.03439761698246002
v -0.011749870143830776 0.02406284771859646 0.03407955914735794
v -0.01256447285413742 0.024031775072216988 0.03447922691702843
v -0.011749870143830776 0.02406284771859646 0.03407955914735794
v -0.012633626349270344 0.023555614054203033 0.03434435650706291
v -0.012633626349270344 0.023555614054203033 0.03434435650706291
v -0.011749870143830776 0.02406284771859646 0.03407955914735794
v -0.011827465146780014 0.02361111156642437 0.03393140435218811
v -0.012994376011192799 0.02449999935925007 0.03564487397670746
v -0.01217807549983263 0.02449999935925007 0.03523282706737518
v -0.013216502033174038 0.024366024881601334 0.03519692271947861
v -0.013216502033174038 0.024366024881601334 0.03519692271947861
v -0.01217807549983263 0.02449999935925007 0.03523282706737518
v -0.012398836202919483 0.024375149980187416 0.03480227291584015
v -0.013216502033174038 0.024366024881601334 0.03519692271947861
v -0.012398836202919483 0.024375149980187416 0.03480227291584015
v -0.013379110023379326 0.024000000208616257 0.0348690003156662
v -0.013379110023379326 0.024000000208616257 0.0348690003156662
v -0.012398836202919483 0.024375149980187416 0.03480227291584015
v -0.01256447285413742 0.024031775072216988 0.03447922691702843
v -0.013379110023379326 0.024000000208616257 0.0348690003156662
v -0.01256447285413742 0.024031775072216988 0.03447922691702843
v -0.013438628055155277 0.023499999195337296 0.034748971462249756
v -0.013438628055155277 0.023499999195337296 0.034748971462249756
v -0.01256447285413742 0.024031775072216988 0.03447922691702843
v -0.012633626349270344 0.023555614054203033 0.03434435650706291
v 0.011827465146780014 0.02361111156642437 0.03393140435218811
v 0.011663252487778664 0.0236271433532238 0.033848438411951065
v 0.011749870143830776 0.02406284771859646 0.03407955914735794
v 0.011749870143830776 0.02406284771859646 0.03407955914735794
v 0.011663252487778664 0.0236271433532238 0.033848438411951065
v 0.010942921042442322 0.024104157462716103 0.03371056914329529
v 0.011749870143830776 0.02406284771859646 0.03407955914735794
v 0.010942921042442322 0.024104157462716103 0.03371056914329529
v 0.011675686575472355 0.024245355278253555 0.03422120586037636
v 0.010792195796966553 0.024395588785409927 0.03402864560484886
v 0.011583291925489902 0.02438398078083992 0.03439761698246002
v 0.011675686575472355 0.024245355278253555 0.03422120586037636
v 0.011583291925489902 0.02438398078083992 0.03439761698246002
v 0.010792195796966553 0.024395588785409927 0.03402864560484886
v 0.011366383172571659 0.02449999935925007 0.034811776131391525
v 0.011663252487778664 0.0236271433532238 0.033848438411951065
v 0.011022388935089111 0.023686563596129417 0.03354286774992943
v 0.010942921042442322 0.024104157462716103 0.03371056914329529
v 0.010942921042442322 0.024104157462716103 0.03371056914329529
v 0.011022388935089111 0.023686563596129417 0.03354286774992943
v 0.008794045075774193 0.02385634370148182 0.03267453983426094
v 0.010942921042442322 0.024104157462716103 0.03371056914329529
v 0.008794045075774193 0.02385634370148182 0.03267453983426094
v 0.008722244761884212 0.024193618446588516 0.0328761488199234
v 0.008722244761884212 0.024193618446588516 0.0328761488199234
v 0.008794045075774193 0.02385634370148182 0.03267453983426094
v 0.008688407950103283 0.02386307157576084 0.032639939337968826
v 0.008722244761884212 0.024193618446588516 0.0328761488199234
v 0.008688407950103283 0.02386307157576084 0.032639939337968826
v 0.006410742644220591 0.024256285279989243 0.03224523365497589
v 0.006410742644220591 0.024256285279989243 0.03224523365497589
v 0.008688407950103283 0.02386307157576084 0.032639939337968826
v 0.007348270621150732 0.02393907867372036 0.032246023416519165
v 0.006410742644220591 0.024256285279989243 0.03224523365497589
v 0.007348270621150732 0.02393907867372036 0.032246023416519165
v 0.007094476372003555 0.023951618000864983 0.032180365175008774
v 0.007094476372003555 0.023951618000864983 0.032180365175008774
v 0.006465150509029627 0.02398032695055008 0.032029129564762115
v 0.006410742644220591 0.024256285279989243 0.03224523365497589
v 0.006410742644220591 0.024256285279989243 0.03224523365497589
v 0.006465150509029627 0.02398032695055008 0.032029129564762115
v 0.0040510548278689384 0.024061715230345726 0.03159166872501373
v 0.006410742644220591 0.024256285279989243 0.03224523365497589
v 0.0040510548278689384 0.024061715230345726 0.03159166872501373
v 0.004017192404717207 0.0242963507771492 0.03181157261133194
v 0.004017192404717207 0.0242963507771492 0.03181157261133194
v 0.0040510548278689384 0.024061715230345726 0.03159166872501373
v 0.0035228924825787544 0.02407398819923401 0.031524330377578735
v 0.004017192404717207 0.0242963507771492 0.03181157261133194
v 0.0035228924825787544 0.02407398819923401 0.031524330377578735
v 0.0034935332369059324 0.024302324280142784 0.03174435347318649
v 0.0034935332369059324 0.024302324280142784 0.03174435347318649
v 0.0035228924825787544 0.02407398819923401 0.031524330377578735
v 0.0009657365153543651 0.024108370766043663 0.031333357095718384
v 0.0034935332369059324 0.024302324280142784 0.03174435347318649
v 0.0009657365153543651 0.024108370766043663 0.031333357095718384
v 0.0009577800519764423 0.024318963289260864 0.03155301883816719
v 0.0009577800519764423 0.024318963289260864 0.03155301883816719
v 0.0009657365153543651 0.024108370766043663 0.031333357095718384
v -0.0015991549007594585 0.02410358004271984 0.031360190361738205
v 0.0009577800519764423 0.024318963289260864 0.03155301883816719
v -0.0015991549007594585 0.02410358004271984 0.031360190361738205
v -0.0015859550330787897 0.024316653609275818 0.031579967588186264
v -0.0015859550330787897 0.024316653609275818 0.031579967588186264
v -0.0015991549007594585 0.02410358004271984 0.031360190361738205
v -0.004172326531261206 0.02405863255262375 0.031608521938323975
v -0.0015859550330787897 0.024316653609275818 0.031579967588186264
v -0.004172326531261206 0.02405863255262375 0.031608521938323975
v -0.00413742708042264 0.02429484762251377 0.031828373670578
v -0.00413742708042264 0.02429484762251377 0.031828373670578
v -0.004172326531261206 0.02405863255262375 0.031608521938323975
v -0.004699090030044317 0.024044059216976166 0.03168783709406853
v -0.00413742708042264 0.02429484762251377 0.031828373670578
v -0.004699090030044317 0.024044059216976166 0.03168783709406853
v -0.004659677855670452 0.02428772673010826 0.031907349824905396
v -0.004659677855670452 0.02428772673010826 0.031907349824905396
v -0.004699090030044317 0.024044059216976166 0.03168783709406853
v -0.007180359214544296 0.02394743822515011 0.03220227733254433
v -0.004659677855670452 0.02428772673010826 0.031907349824905396
v -0.007180359214544296 0.02394743822515011 0.03220227733254433
v -0.007120135705918074 0.024239862337708473 0.032415490597486496
v -0.007120135705918074 0.024239862337708473 0.032415490597486496
v -0.007180359214544296 0.02394743822515011 0.03220227733254433
v -0.009567066095769405 0.02380361407995224 0.032944776117801666
v -0.007120135705918074 0.024239862337708473 0.032415490597486496
v -0.009567066095769405 0.02380361407995224 0.032944776117801666
v -0.009491080418229103 0.02416631393134594 0.03313745930790901
v -0.009491080418229103 0.02416631393134594 0.03313745930790901
v -0.009567066095769405 0.02380361407995224 0.032944776117801666
v -0.011749870143830776 0.02406284771859646 0.03407955914735794
v -0.011749870143830776 0.02406284771859646 0.03407955914735794
v -0.009567066095769405 0.02380361407995224 0.032944776117801666
v -0.010892333462834358 0.023698018863797188 0.033484216779470444
v -0.011749870143830776 0.02406284771859646 0.03407955914735794
v -0.010892333462834358 0.023698018863797188 0.033484216779470444
v -0.011827465146780014 0.02361111156642437 0.03393140435218811
v 0.011675686575472355 0.024245355278253555 0.03422120586037636
v 0.010942921042442322 0.024104157462716103 0.03371056914329529
v 0.010792195796966553 0.024395588785409927 0.03402864560484886
v 0.010792195796966553 0.024395588785409927 0.03402864560484886
v 0.010942921042442322 0.024104157462716103 0.03371056914329529
v 0.008722244761884212 0.024193618446588516 0.0328761488199234
v 0.010792195796966553 0.024395588785409927 0.03402864560484886
v 0.008722244761884212 0.024193618446588516 0.0328761488199234
v 0.008611883036792278 0.024420222267508507 0.03318602964282036
v 0.008611883036792278 0.024420222267508507 0.03318602964282036
v 0.008722244761884212 0.024193618446588516 0.0328761488199234
v 0.006410742644220591 0.024256285279989243 0.03224523365497589
v 0.008611883036792278 0.024420222267508507 0.03318602964282036
v 0.006410742644220591 0.024256285279989243 0.03224523365497589
v 0.006336238235235214 0.02443709224462509 0.03254115954041481
v 0.006336238235235214 0.02443709224462509 0.03254115954041481
v 0.006410742644220591 0.024256285279989243 0.03224523365497589
v 0.004017192404717207 0.0242963507771492 0.03181157261133194
v 0.006336238235235214 0.02443709224462509 0.03254115954041481
v 0.004017192404717207 0.0242963507771492 0.03181157261133194
v 0.0039737047627568245 0.024447720497846603 0.03209397941827774
v 0.0039737047627568245 0.024447720497846603 0.03209397941827774
v 0.004017192404717207 0.0242963507771492 0.03181157261133194
v 0.0034935332369059324 0.024302324280142784 0.03174435347318649
v 0.0039737047627568245 0.024447720497846603 0.03209397941827774
v 0.0034935332369059324 0.024302324280142784 0.03174435347318649
v 0.0034561678767204285 0.024449296295642853 0.03202437609434128
v 0.0034561678767204285 0.024449296295642853 0.03202437609434128
v 0.0034935332369059324 0.024302324280142784 0.03174435347318649
v 0.0009577800519764423 0.024318963289260864 0.03155301883816719
v 0.0034561678767204285 0.024449296295642853 0.03202437609434128
v 0.0009577800519764423 0.024318963289260864 0.03155301883816719
v 0.000947898777667433 0.024453667923808098 0.031825821846723557
v 0.000947898777667433 0.024453667923808098 0.031825821846723557
v 0.0009577800519764423 0.024318963289260864 0.03155301883816719
v -0.0015859550330787897 0.024316653609275818 0.031579967588186264
v 0.000947898777667433 0.024453667923808098 0.031825821846723557
v -0.0015859550330787897 0.024316653609275818 0.031579967588186264
v -0.0015695070615038276 0.024453062564134598 0.031853824853897095
v -0.0015695070615038276 0.024453062564134598 0.031853824853897095
v -0.0015859550330787897 0.024316653609275818 0.031579967588186264
v -0.00413742708042264 0.02429484762251377 0.031828373670578
v -0.0015695070615038276 0.024453062564134598 0.031853824853897095
v -0.00413742708042264 0.02429484762251377 0.031828373670578
v -0.004092504736036062 0.024447323754429817 0.03211136534810066
v -0.004092504736036062 0.024447323754429817 0.03211136534810066
v -0.00413742708042264 0.02429484762251377 0.031828373670578
v -0.004659677855670452 0.02428772673010826 0.031907349824905396
v -0.004092504736036062 0.024447323754429817 0.03211136534810066
v -0.004659677855670452 0.02428772673010826 0.031907349824905396
v -0.004608387127518654 0.024445444345474243 0.03219301998615265
v -0.004608387127518654 0.024445444345474243 0.03219301998615265
v -0.004659677855670452 0.02428772673010826 0.031907349824905396
v -0.007120135705918074 0.024239862337708473 0.032415490597486496
v -0.004608387127518654 0.024445444345474243 0.03219301998615265
v -0.007120135705918074 0.024239862337708473 0.032415490597486496
v -0.007035298738628626 0.024432700127363205 0.032715849578380585
v -0.007035298738628626 0.024432700127363205 0.032715849578380585
v -0.007120135705918074 0.024239862337708473 0.032415490597486496
v -0.009491080418229103 0.02416631393134594 0.03313745930790901
v -0.007035298738628626 0.024432700127363205 0.032715849578380585
v -0.009491080418229103 0.02416631393134594 0.03313745930790901
v -0.00936737097799778 0.024412773549556732 0.033451154828071594
v -0.00936737097799778 0.024412773549556732 0.033451154828071594
v -0.009491080418229103 0.02416631393134594 0.03313745930790901
v -0.011749870143830776 0.02406284771859646 0.03407955914735794
v -0.00936737097799778 0.024412773549556732 0.033451154828071594
v -0.011749870143830776 0.02406284771859646 0.03407955914735794
v -0.011583291925489902 0.02438398078083992 0.03439761698246002
v 0.011366383172571659 0.02449999935925007 0.034811776131391525
v 0.010792195796966553 0.024395588785409927 0.03402864560484886
v 0.010601689107716084 0.02449999935925007 0.03443067520856857
v 0.010601689107716084 0.02449999935925007 0.03443067520856857
v 0.010792195796966553 0.024395588785409927 0.03402864560484886
v 0.008611883036792278 0.024420222267508507 0.03318602964282036
v 0.010601689107716084 0.02449999935925007 0.03443067520856857
v 0.008611883036792278 0.024420222267508507 0.03318602964282036
v 0.008480571210384369 0.02449999935925007 0.033554740250110626
v 0.008480571210384369 0.02449999935925007 0.033554740250110626
v 0.008611883036792278 0.024420222267508507 0.03318602964282036
v 0.006336238235235214 0.02443709224462509 0.03254115954041481
v 0.008480571210384369 0.02449999935925007 0.033554740250110626
v 0.006336238235235214 0.02443709224462509 0.03254115954041481
v 0.0062510110437870026 0.02449999935925007 0.032879676669836044
v 0.0062510110437870026 0.02449999935925007 0.032879676669836044
v 0.006336238235235214 0.02443709224462509 0.03254115954041481
v 0.0039737047627568245 0.024447720497846603 0.03209397941827774
v 0.0062510110437870026 0.02449999935925007 0.032879676669836044
v 0.0039737047627568245 0.024447720497846603 0.03209397941827774
v 0.0039251395501196384 0.02449999935925007 0.032409362494945526
v 0.0039251395501196384 0.02449999935925007 0.032409362494945526
v 0.0039737047627568245 0.024447720497846603 0.03209397941827774
v 0.0034561678767204285 0.024449296295642853 0.03202437609434128
v 0.0039251395501196384 0.02449999935925007 0.032409362494945526
v 0.0034561678767204285 0.024449296295642853 0.03202437609434128
v 0.0034145857207477093 0.02449999935925007 0.032336000353097916
v 0.0034145857207477093 0.02449999935925007 0.032336000353097916
v 0.0034561678767204285 0.024449296295642853 0.03202437609434128
v 0.000947898777667433 0.024453667923808098 0.031825821846723557
v 0.0034145857207477093 0.02449999935925007 0.032336000353097916
v 0.000947898777667433 0.024453667923808098 0.031825821846723557
v 0.0009370084153488278 0.02449999935925007 0.03212648630142212
v 0.0009370084153488278 0.02449999935925007 0.03212648630142212
v 0.000947898777667433 0.024453667923808098 0.031825821846723557
v -0.0015695070615038276 0.024453062564134598 0.031853824853897095
v 0.0009370084153488278 0.02449999935925007 0.03212648630142212
v -0.0015695070615038276 0.024453062564134598 0.031853824853897095
v -0.0015513551188632846 0.02449999935925007 0.03215605765581131
v -0.0015513551188632846 0.02449999935925007 0.03215605765581131
v -0.0015695070615038276 0.024453062564134598 0.031853824853897095
v -0.004092504736036062 0.024447323754429817 0.03211136534810066
v -0.0015513551188632846 0.02449999935925007 0.03215605765581131
v -0.004092504736036062 0.024447323754429817 0.03211136534810066
v -0.004042292945086956 0.02449999935925007 0.03242767974734306
v -0.004042292945086956 0.02449999935925007 0.03242767974734306
v -0.004092504736036062 0.024447323754429817 0.03211136534810066
v -0.004608387127518654 0.024445444345474243 0.03219301998615265
v -0.004042292945086956 0.02449999935925007 0.03242767974734306
v -0.004608387127518654 0.024445444345474243 0.03219301998615265
v -0.004550814628601074 0.02449999935925007 0.03251367807388306
v -0.004550814628601074 0.02449999935925007 0.03251367807388306
v -0.004608387127518654 0.024445444345474243 0.03219301998615265
v -0.007035298738628626 0.024432700127363205 0.032715849578380585
v -0.004550814628601074 0.02449999935925007 0.03251367807388306
v -0.007035298738628626 0.024432700127363205 0.032715849578380585
v -0.006937266327440739 0.02449999935925007 0.03306291997432709
v -0.006937266327440739 0.02449999935925007 0.03306291997432709
v -0.007035298738628626 0.024432700127363205 0.032715849578380585
v -0.00936737097799778 0.024412773549556732 0.033451154828071594
v -0.006937266327440739 0.02449999935925007 0.03306291997432709
v -0.00936737097799778 0.024412773549556732 0.033451154828071594
v -0.009217519313097 0.02449999935925007 0.03383113816380501
v -0.009217519313097 0.02449999935925007 0.03383113816380501
v -0.00936737097799778 0.024412773549556732 0.033451154828071594
v -0.011583291925489902 0.02438398078083992 0.03439761698246002
v -0.009217519313097 0.02449999935925007 0.03383113816380501
v -0.011583291925489902 0.02438398078083992 0.03439761698246002
v -0.011366383172571659 0.02449999935925007 0.034811776131391525
v 0.012346796691417694 0.024429112672805786 0.034903764724731445
v 0.01217807549983263 0.02449999935925007 0.03523282706737518
v 0.012994376011192799 0.02449999935925007 0.03564487397670746
v 0.012591950595378876 0.023920895531773567 0.03442563861608505
v 0.01340481173247099 0.023882683366537094 0.0348171666264534
v 0.012633626349270344 0.023555614054203033 0.03434435650706291
v 0.012633626349270344 0.023555614054203033 0.03434435650706291
v 0.01340481173247099 0.023882683366537094 0.0348171666264534
v 0.013438628055155277 0.023499999195337296 0.034748971462249756
v 0.012994376011192799 0.02449999935925007 0.03564487397670746
v 0.013164384290575981 0.024423878639936447 0.03530202433466911
v 0.012346796691417694 0.024429112672805786 0.034903764724731445
v 0.012346796691417694 0.024429112672805786 0.034903764724731445
v 0.013164384290575981 0.024423878639936447 0.03530202433466911
v 0.013216502033174038 0.024366024881601334 0.03519692271947861
v 0.012346796691417694 0.024429112672805786 0.034903764724731445
v 0.013216502033174038 0.024366024881601334 0.03519692271947861
v 0.012491597793996334 0.02422650344669819 0.034621357917785645
v 0.012491597793996334 0.02422650344669819 0.034621357917785645
v 0.013216502033174038 0.024366024881601334 0.03519692271947861
v 0.01330850925296545 0.024207105860114098 0.035011373460292816
v 0.012491597793996334 0.02422650344669819 0.034621357917785645
v 0.01330850925296545 0.024207105860114098 0.035011373460292816
v 0.012591950595378876 0.023920895531773567 0.03442563861608505
v 0.012591950595378876 0.023920895531773567 0.03442563861608505
v 0.01330850925296545 0.024207105860114098 0.035011373460292816
v 0.013379110023379326 0.024000000208616257 0.0348690003156662
v 0.012591950595378876 0.023920895531773567 0.03442563861608505
v 0.013379110023379326 0.024000000208616257 0.0348690003156662
v 0.01340481173247099 0.023882683366537094 0.0348171666264534
v 0.011366383172571659 0.02449999935925007 0.034811776131391525
v 0.01217807549983263 0.02449999935925007 0.03523282706737518
v 0.011583291925489902 0.02438398078083992 0.03439761698246002
v 0.011583291925489902 0.02438398078083992 0.03439761698246002
v 0.01217807549983263 0.02449999935925007 0.03523282706737518
v 0.012346796691417694 0.024429112672805786 0.034903764724731445
v 0.011583291925489902 0.02438398078083992 0.03439761698246002
v 0.012346796691417694 0.024429112672805786 0.034903764724731445
v 0.011675686575472355 0.024245355278253555 0.03422120586037636
v 0.011675686575472355 0.024245355278253555 0.03422120586037636
v 0.012346796691417694 0.024429112672805786 0.034903764724731445
v 0.012491597793996334 0.02422650344669819 0.034621357917785645
v 0.011675686575472355 0.024245355278253555 0.03422120586037636
v 0.012491597793996334 0.02422650344669819 0.034621357917785645
v 0.011749870143830776 0.02406284771859646 0.03407955914735794
v 0.011749870143830776 0.02406284771859646 0.03407955914735794
v 0.012491597793996334 0.02422650344669819 0.034621357917785645
v 0.012591950595378876 0.023920895531773567 0.03442563861608505
v 0.011749870143830776 0.02406284771859646 0.03407955914735794
v 0.012591950595378876 0.023920895531773567 0.03442563861608505
v 0.011827465146780014 0.02361111156642437 0.03393140435218811
v 0.011827465146780014 0.02361111156642437 0.03393140435218811
v 0.012591950595378876 0.023920895531773567 0.03442563861608505
v 0.012633626349270344 0.023555614054203033 0.03434435650706291
v 0.013164384290575981 0.024423878639936447 0.03530202433466911
v 0.012994376011192799 0.02449999935925007 0.03564487397670746
v 0.016217349097132683 0.02449999935925007 0.037507444620132446
v 0.01330850925296545 0.024207105860114098 0.035011373460292816
v 0.013216502033174038 0.024366024881601334 0.03519692271947861
v 0.016494568437337875 0.024366024881601334 0.03709132969379425
v 0.016494568437337875 0.024366024881601334 0.03709132969379425
v 0.013216502033174038 0.024366024881601334 0.03519692271947861
v 0.013164384290575981 0.024423878639936447 0.03530202433466911
v 0.01340481173247099 0.023882683366537094 0.0348171666264534
v 0.013379110023379326 0.024000000208616257 0.0348690003156662
v 0.016697507351636887 0.024000000208616257 0.03678671643137932
v 0.016697507351636887 0.024000000208616257 0.03678671643137932
v 0.013379110023379326 0.024000000208616257 0.0348690003156662
v 0.01330850925296545 0.024207105860114098 0.035011373460292816
v 0.016771787777543068 0.023499999195337296 0.03667521849274635
v 0.013438628055155277 0.023499999195337296 0.034748971462249756
v 0.01340481173247099 0.023882683366537094 0.0348171666264534
v 0.013164384290575981 0.024423878639936447 0.03530202433466911
v 0.016217349097132683 0.02449999935925007 0.037507444620132446
v 0.016494568437337875 0.024366024881601334 0.03709132969379425
v 0.016494568437337875 0.024366024881601334 0.03709132969379425
v 0.016217349097132683 0.02449999935925007 0.037507444620132446
v 0.018517598509788513 0.02449999935925007 0.039207980036735535
v 0.01883413828909397 0.024366024881601334 0.038820937275886536
v 0.01883413828909397 0.024366024881601334 0.038820937275886536
v 0.018517598509788513 0.02449999935925007 0.039207980036735535
v 0.02064073644578457 0.02449999935925007 0.04112507402896881
v 0.020993569865822792 0.024366024881601334 0.04077080264687538
v 0.020993569865822792 0.024366024881601334 0.04077080264687538
v 0.02064073644578457 0.02449999935925007 0.04112507402896881
v 0.022566458210349083 0.02449999935925007 0.043240390717983246
v 0.022952208295464516 0.024366024881601334 0.042922280728816986
v 0.022952208295464516 0.024366024881601334 0.042922280728816986
v 0.022566458210349083 0.02449999935925007 0.043240390717983246
v 0.02427634410560131 0.02449999935925007 0.04553370177745819
v 0.024691322818398476 0.024366024881601334 0.04525478929281235
v 0.024691322818398476 0.024366024881601334 0.04525478929281235
v 0.02427634410560131 0.02449999935925007 0.04553370177745819
v 0.025754040107131004 0.02449999935925007 0.047983065247535706
v 0.02619428001344204 0.024366024881601334 0.047746021300554276
v 0.02619428001344204 0.024366024881601334 0.047746021300554276
v 0.025754040107131004 0.02449999935925007 0.047983065247535706
v 0.02698541432619095 0.02449999935925007 0.05056505650281906
v 0.027446702122688293 0.024366024881601334 0.050372153520584106
v 0.027446702122688293 0.024366024881601334 0.050372153520584106
v 0.02698541432619095 0.02449999935925007 0.05056505650281906
v 0.027958687394857407 0.02449999935925007 0.05325498431921005
v 0.02843661420047283 0.024366024881601334 0.05310806259512901
v 0.02843661420047283 0.024366024881601334 0.05310806259512901
v 0.027958687394857407 0.02449999935925007 0.05325498431921005
v 0.02866455167531967 0.02449999935925007 0.0560271181166172
v 0.029154544696211815 0.024366024881601334 0.0559275820851326
v 0.029154544696211815 0.024366024881601334 0.0559275820851326
v 0.02866455167531967 0.02449999935925007 0.0560271181166172
v 0.02909625694155693 0.02449999935925007 0.05885494500398636
v 0.029593627899885178 0.024366024881601334 0.0588037483394146
v 0.029593627899885178 0.024366024881601334 0.0588037483394146
v 0.02909625694155693 0.02449999935925007 0.05885494500398636
v 0.02924967184662819 0.02449999935925007 0.06171141564846039
v 0.029749665409326553 0.024366024881601334 0.061709046363830566
v 0.029749665409326553 0.024366024881601334 0.061709046363830566
v 0.02924967184662819 0.02449999935925007 0.06171141564846039
v 0.029123330488801003 0.02449999935925007 0.06456921249628067
v 0.029621165245771408 0.024366024881601334 0.06461569666862488
v 0.029621165245771408 0.024366024881601334 0.06461569666862488
v 0.029123330488801003 0.02449999935925007 0.06456921249628067
v 0.02871844172477722 0.02449999935925007 0.06740100681781769
v 0.029209354892373085 0.024366024881601334 0.06749588996171951
v 0.029209354892373085 0.024366024881601334 0.06749588996171951
v 0.02871844172477722 0.02449999935925007 0.06740100681781769
v 0.02803887613117695 0.02449999935925007 0.07017970085144043
v 0.028518173843622208 0.024366024881601334 0.07032208889722824
v 0.028518173843622208 0.024366024881601334 0.07032208889722824
v 0.02803887613117695 0.02449999935925007 0.07017970085144043
v 0.027091134339571 0.02449999935925007 0.07287873327732086
v 0.027554230764508247 0.024366024881601334 0.07306725531816483
v 0.027554230764508247 0.024366024881601334 0.07306725531816483
v 0.027091134339571 0.02449999935925007 0.07287873327732086
v 0.02588428184390068 0.02449999935925007 0.07547227293252945
v 0.026326749473810196 0.024366024881601334 0.0757051333785057
v 0.026326749473810196 0.024366024881601334 0.0757051333785057
v 0.02588428184390068 0.02449999935925007 0.07547227293252945
v 0.024429861456155777 0.02449999935925007 0.07793553173542023
v 0.024847466498613358 0.024366024881601334 0.0782104954123497
v 0.024847466498613358 0.024366024881601334 0.0782104954123497
v 0.024429861456155777 0.02449999935925007 0.07793553173542023
v 0.022741783410310745 0.02449999935925007 0.08024493604898453
v 0.02313053235411644 0.024366024881601334 0.0805593803524971
v 0.02313053235411644 0.024366024881601334 0.0805593803524971
v 0.022741783410310745 0.02449999935925007 0.08024493604898453
v 0.02083619311451912 0.02449999935925007 0.08237840980291367
v 0.021192366257309914 0.024366024881601334 0.08272932469844818
v 0.021192366257309914 0.024366024881601334 0.08272932469844818
v 0.02083619311451912 0.02449999935925007 0.08237840980291367
v 0.018731314688920975 0.02449999935925007 0.08431553840637207
v 0.019051508978009224 0.024366024881601334 0.08469956368207932
v 0.019051508978009224 0.024366024881601334 0.08469956368207932
v 0.018731314688920975 0.02449999935925007 0.08431553840637207
v 0.0164472833275795 0.02449999935925007 0.08603779226541519
v 0.016728432849049568 0.024366024881601334 0.08645126223564148
v 0.016728432849049568 0.024366024881601334 0.08645126223564148
v 0.0164472833275795 0.02449999935925007 0.08603779226541519
v 0.014005943201482296 0.02449999935925007 0.08752870559692383
v 0.014245361089706421 0.024366024881601334 0.08796766400337219
v 0.014245361089706421 0.024366024881601334 0.08796766400337219
v 0.014005943201482296 0.02449999935925007 0.08752870559692383
v 0.011430643498897552 0.02449999935925007 0.08877401798963547
v 0.011626038700342178 0.024366024881601334 0.08923426270484924
v 0.011626038700342178 0.024366024881601334 0.08923426270484924
v 0.011430643498897552 0.02449999935925007 0.08877401798963547
v 0.008746015839278698 0.02449999935925007 0.08976182341575623
v 0.00889552105218172 0.024366024881601334 0.09023894369602203
v 0.00889552105218172 0.024366024881601334 0.09023894369602203
v 0.008746015839278698 0.02449999935925007 0.08976182341575623
v 0.00597773864865303 0.02449999935925007 0.09048265963792801
v 0.006079921964555979 0.024366024881601334 0.09097210317850113
v 0.006079921964555979 0.024366024881601334 0.09097210317850113
v 0.00597773864865303 0.02449999935925007 0.09048265963792801
v 0.0031522868666797876 0.02449999935925007 0.09092964231967926
v 0.0032061722595244646 0.024366024881601334 0.09142673015594482
v 0.0032061722595244646 0.024366024881601334 0.09142673015594482
v 0.0031522868666797876 0.02449999935925007 0.09092964231967926
v 0.0002966856409329921 0.02449999935925007 0.09109849482774734
v 0.00030175718711689115 0.024366024881601334 0.09159846603870392
v 0.00030175718711689115 0.024366024881601334 0.09159846603870392
v 0.0002966856409329921 0.02449999935925007 0.09109849482774734
v -0.0025617533829063177 0.02449999935925007 0.09098760038614273
v -0.002605543937534094 0.024366024881601334 0.09148567914962769
v -0.002605543937534094 0.024366024881601334 0.09148567914962769
v -0.0025617533829063177 0.02449999935925007 0.09098760038614273
v -0.005395690444856882 0.02449999935925007 0.09059802442789078
v -0.005487924441695213 0.024366024881601334 0.09108944237232208
v -0.005487924441695213 0.024366024881601334 0.09108944237232208
v -0.005395690444856882 0.02449999935925007 0.09059802442789078
v -0.00817802082747221 0.02449999935925007 0.08993349224328995
v -0.008317816071212292 0.024366024881601334 0.09041354805231094
v -0.008317816071212292 0.024366024881601334 0.09041354805231094
v -0.00817802082747221 0.02449999935925007 0.08993349224328995
v -0.01088213361799717 0.02449999935925007 0.08900035172700882
v -0.011068153195083141 0.024366024881601334 0.0894644632935524
v -0.011068153195083141 0.024366024881601334 0.0894644632935524
v -0.01088213361799717 0.02449999935925007 0.08900035172700882
v -0.013482164591550827 0.02449999935925007 0.0878075361251831
v -0.013712628744542599 0.024366024881601334 0.0882512554526329
v -0.013712628744542599 0.024366024881601334 0.0882512554526329
v -0.013482164591550827 0.02449999935925007 0.0878075361251831
v -0.015953246504068375 0.02449999935925007 0.0863664522767067
v -0.01622595079243183 0.024366024881601334 0.08678553998470306
v -0.01622595079243183 0.024366024881601334 0.08678553998470306
v -0.015953246504068375 0.02449999935925007 0.0863664522767067
v -0.01827174425125122 0.02449999935925007 0.0846908837556839
v -0.018584081903100014 0.024366024881601334 0.0850813239812851
v -0.018584081903100014 0.024366024881601334 0.0850813239812851
v -0.01827174425125122 0.02449999935925007 0.0846908837556839
v -0.02041548304259777 0.02449999935925007 0.0827968493103981
v -0.020764466375112534 0.024366024881601334 0.08315491676330566
v -0.020764466375112534 0.024366024881601334 0.08315491676330566
v -0.02041548304259777 0.02449999935925007 0.0827968493103981
v -0.02236395888030529 0.02449999935925007 0.08070247620344162
v -0.0227462500333786 0.024366024881601334 0.08102473616600037
v -0.0227462500333786 0.024366024881601334 0.08102473616600037
v -0.02236395888030529 0.02449999935925007 0.08070247620344162
v -0.024098537862300873 0.02449999935925007 0.07842778414487839
v -0.024510478600859642 0.024366024881601334 0.07871116697788239
v -0.024510478600859642 0.024366024881601334 0.07871116697788239
v -0.024098537862300873 0.02449999935925007 0.07842778414487839
v -0.02560262568295002 0.02449999935925007 0.07599454373121262
v -0.026040278375148773 0.024366024881601334 0.07623632997274399
v -0.026040278375148773 0.024366024881601334 0.07623632997274399
v -0.02560262568295002 0.02449999935925007 0.07599454373121262
v -0.02686184085905552 0.02449999935925007 0.0734260082244873
v -0.027321018278598785 0.024366024881601334 0.073623888194561
v -0.027321018278598785 0.024366024881601334 0.073623888194561
v -0.02686184085905552 0.02449999935925007 0.0734260082244873
v -0.027864137664437294 0.02449999935925007 0.0707467645406723
v -0.028340447694063187 0.024366024881601334 0.07089884579181671
v -0.028340447694063187 0.024366024881601334 0.07089884579181671
v -0.027864137664437294 0.02449999935925007 0.0707467645406723
v -0.028599929064512253 0.02449999935925007 0.06798242032527924
v -0.029088815674185753 0.024366024881601334 0.06808724999427795
v -0.029088815674185753 0.024366024881601334 0.06808724999427795
v -0.028599929064512253 0.02449999935925007 0.06798242032527924
v -0.0290621779859066 0.02449999935925007 0.06515942513942719
v -0.029558967798948288 0.024366024881601334 0.06521599739789963
v -0.029558967798948288 0.024366024881601334 0.06521599739789963
v -0.0290621779859066 0.02449999935925007 0.06515942513942719
v -0.029246464371681213 0.02449999935925007 0.0623047798871994
v -0.02974640391767025 0.024366024881601334 0.06231255456805229
v 0.01330850925296545 0.024207105860114098 0.035011373460292816
v 0.016494568437337875 0.024366024881601334 0.03709132969379425
v 0.016697507351636887 0.024000000208616257 0.03678671643137932
v 0.016697507351636887 0.024000000208616257 0.03678671643137932
v 0.016494568437337875 0.024366024881601334 0.03709132969379425
v 0.01883413828909397 0.024366024881601334 0.038820937275886536
v 0.01906586065888405 0.024000000208616257 0.03853760287165642
v 0.01906586065888405 0.024000000208616257 0.03853760287165642
v 0.01883413828909397 0.024366024881601334 0.038820937275886536
v 0.020993569865822792 0.024366024881601334 0.04077080264687538
v 0.0212518610060215 0.024000000208616257 0.04051145911216736
v 0.0212518610060215 0.024000000208616257 0.04051145911216736
v 0.020993569865822792 0.024366024881601334 0.04077080264687538
v 0.022952208295464516 0.024366024881601334 0.042922280728816986
v 0.023234598338603973 0.024000000208616257 0.042689405381679535
v 0.023234598338603973 0.024000000208616257 0.042689405381679535
v 0.022952208295464516 0.024366024881601334 0.042922280728816986
v 0.024691322818398476 0.024366024881601334 0.04525478929281235
v 0.0249951109290123 0.024000000208616257 0.04505061358213425
v 0.0249951109290123 0.024000000208616257 0.04505061358213425
v 0.024691322818398476 0.024366024881601334 0.04525478929281235
v 0.02619428001344204 0.024366024881601334 0.047746021300554276
v 0.026516558602452278 0.024000000208616257 0.04757249727845192
v 0.026516558602452278 0.024000000208616257 0.04757249727845192
v 0.02619428001344204 0.024366024881601334 0.047746021300554276
v 0.027446702122688293 0.024366024881601334 0.050372153520584106
v 0.02778439037501812 0.024000000208616257 0.05023093521595001
v 0.02778439037501812 0.024000000208616257 0.05023093521595001
v 0.027446702122688293 0.024366024881601334 0.050372153520584106
v 0.02843661420047283 0.024366024881601334 0.05310806259512901
v 0.02878648042678833 0.024000000208616257 0.05300050601363182
v 0.02878648042678833 0.024000000208616257 0.05300050601363182
v 0.02843661420047283 0.024366024881601334 0.05310806259512901
v 0.029154544696211815 0.024366024881601334 0.0559275820851326
v 0.029513243585824966 0.024000000208616257 0.055854715406894684
v 0.029513243585824966 0.024000000208616257 0.055854715406894684
v 0.029154544696211815 0.024366024881601334 0.0559275820851326
v 0.029593627899885178 0.024366024881601334 0.0588037483394146
v 0.029957730323076248 0.024000000208616257 0.05876626819372177
v 0.029957730323076248 0.024000000208616257 0.05876626819372177
v 0.029593627899885178 0.024366024881601334 0.0588037483394146
v 0.029749665409326553 0.024366024881601334 0.061709046363830566
v 0.03011568821966648 0.024000000208616257 0.06170731410384178
v 0.03011568821966648 0.024000000208616257 0.06170731410384178
v 0.029749665409326553 0.024366024881601334 0.061709046363830566
v 0.029621165245771408 0.024366024881601334 0.06461569666862488
v 0.02998560480773449 0.024000000208616257 0.06464972347021103
v 0.02998560480773449 0.024000000208616257 0.06464972347021103
v 0.029621165245771408 0.024366024881601334 0.06461569666862488
v 0.029209354892373085 0.024366024881601334 0.06749588996171951
v 0.029568728059530258 0.024000000208616257 0.06756535917520523
v 0.029568728059530258 0.024000000208616257 0.06756535917520523
v 0.029209354892373085 0.024366024881601334 0.06749588996171951
v 0.028518173843622208 0.024366024881601334 0.07032208889722824
v 0.028869042173027992 0.024000000208616257 0.0704263225197792
v 0.028869042173027992 0.024000000208616257 0.0704263225197792
v 0.028518173843622208 0.024366024881601334 0.07032208889722824
v 0.027554230764508247 0.024366024881601334 0.07306725531816483
v 0.027893241494894028 0.024000000208616257 0.07320526987314224
v 0.027893241494894028 0.024000000208616257 0.07320526987314224
v 0.027554230764508247 0.024366024881601334 0.07306725531816483
v 0.026326749473810196 0.024366024881601334 0.0757051333785057
v 0.026650656014680862 0.024000000208616257 0.07587560266256332
v 0.026650656014680862 0.024000000208616257 0.07587560266256332
v 0.026326749473810196 0.024366024881601334 0.0757051333785057
v 0.024847466498613358 0.024366024881601334 0.0782104954123497
v 0.02515317313373089 0.024000000208616257 0.07841178774833679
v 0.02515317313373089 0.024000000208616257 0.07841178774833679
v 0.024847466498613358 0.024366024881601334 0.0782104954123497
v 0.02313053235411644 0.024366024881601334 0.0805593803524971
v 0.023415114730596542 0.024000000208616257 0.08078957349061966
v 0.023415114730596542 0.024000000208616257 0.08078957349061966
v 0.02313053235411644 0.024366024881601334 0.0805593803524971
v 0.021192366257309914 0.024366024881601334 0.08272932469844818
v 0.02145310491323471 0.024000000208616257 0.08298620581626892
v 0.02145310491323471 0.024000000208616257 0.08298620581626892
v 0.021192366257309914 0.024366024881601334 0.08272932469844818
v 0.019051508978009224 0.024366024881601334 0.08469956368207932
v 0.019285906106233597 0.024000000208616257 0.08498068898916245
v 0.019285906106233597 0.024000000208616257 0.08498068898916245
v 0.019051508978009224 0.024366024881601334 0.08469956368207932
v 0.016728432849049568 0.024366024881601334 0.08645126223564148
v 0.01693424955010414 0.024000000208616257 0.08675394207239151
v 0.01693424955010414 0.024000000208616257 0.08675394207239151
v 0.016728432849049568 0.024366024881601334 0.08645126223564148
v 0.014245361089706421 0.024366024881601334 0.08796766400337219
v 0.01693424955010414 0.024000000208616257 0.08675394207239151
v 0.014245361089706421 0.024366024881601334 0.08796766400337219
v 0.014420626685023308 0.024000000208616257 0.08828899264335632
v 0.014420626685023308 0.024000000208616257 0.08828899264335632
v 0.014245361089706421 0.024366024881601334 0.08796766400337219
v 0.011626038700342178 0.024366024881601334 0.08923426270484924
v 0.01176907867193222 0.024000000208616257 0.08957117795944214
v 0.01176907867193222 0.024000000208616257 0.08957117795944214
v 0.011626038700342178 0.024366024881601334 0.08923426270484924
v 0.00889552105218172 0.024366024881601334 0.09023894369602203
v 0.009004965424537659 0.024000000208616257 0.09058822691440582
v 0.009004965424537659 0.024000000208616257 0.09058822691440582
v 0.00889552105218172 0.024366024881601334 0.09023894369602203
v 0.006079921964555979 0.024366024881601334 0.09097210317850113
v 0.006154725328087807 0.024000000208616257 0.09133040904998779
v 0.006154725328087807 0.024000000208616257 0.09133040904998779
v 0.006079921964555979 0.024366024881601334 0.09097210317850113
v 0.0032061722595244646 0.024366024881601334 0.09142673015594482
v 0.0032456188928335905 0.024000000208616257 0.09179062396287918
v 0.0032456188928335905 0.024000000208616257 0.09179062396287918
v 0.0032061722595244646 0.024366024881601334 0.09142673015594482
v 0.00030175718711689115 0.024366024881601334 0.09159846603870392
v 0.00030546984635293484 0.024000000208616257 0.0919644758105278
v 0.00030546984635293484 0.024000000208616257 0.0919644758105278
v 0.00030175718711689115 0.024366024881601334 0.09159846603870392
v -0.002605543937534094 0.024366024881601334 0.09148567914962769
v -0.0026376009918749332 0.024000000208616257 0.09185030311346054
v -0.0026376009918749332 0.024000000208616257 0.09185030311346054
v -0.002605543937534094 0.024366024881601334 0.09148567914962769
v -0.005487924441695213 0.024366024881601334 0.09108944237232208
v -0.005555444397032261 0.024000000208616257 0.09144918620586395
v -0.005555444397032261 0.024000000208616257 0.09144918620586395
v -0.005487924441695213 0.024366024881601334 0.09108944237232208
v -0.008317816071212292 0.024366024881601334 0.09041354805231094
v -0.008420153521001339 0.024000000208616257 0.09076497703790665
v -0.008420153521001339 0.024000000208616257 0.09076497703790665
v -0.008317816071212292 0.024366024881601334 0.09041354805231094
v -0.011068153195083141 0.024366024881601334 0.0894644632935524
v -0.011204328387975693 0.024000000208616257 0.08980420976877213
v -0.011204328387975693 0.024000000208616257 0.08980420976877213
v -0.011068153195083141 0.024366024881601334 0.0894644632935524
v -0.013712628744542599 0.024366024881601334 0.0882512554526329
v -0.013881340622901917 0.024000000208616257 0.08857607841491699
v -0.013881340622901917 0.024000000208616257 0.08857607841491699
v -0.013712628744542599 0.024366024881601334 0.0882512554526329
v -0.01622595079243183 0.024366024881601334 0.08678553998470306
v -0.016425585374236107 0.024000000208616257 0.087092325091362
v -0.016425585374236107 0.024000000208616257 0.087092325091362
v -0.01622595079243183 0.024366024881601334 0.08678553998470306
v -0.018584081903100014 0.024366024881601334 0.0850813239812851
v -0.01881272904574871 0.024000000208616257 0.08536715060472488
v -0.01881272904574871 0.024000000208616257 0.08536715060472488
v -0.018584081903100014 0.024366024881601334 0.0850813239812851
v -0.020764466375112534 0.024366024881601334 0.08315491676330566
v -0.021019939333200455 0.024000000208616257 0.08341703563928604
v -0.021019939333200455 0.024000000208616257 0.08341703563928604
v -0.020764466375112534 0.024366024881601334 0.08315491676330566
v -0.0227462500333786 0.024366024881601334 0.08102473616600037
v -0.023026105016469955 0.024000000208616257 0.08126065135002136
v -0.023026105016469955 0.024000000208616257 0.08126065135002136
v -0.0227462500333786 0.024366024881601334 0.08102473616600037
v -0.024510478600859642 0.024366024881601334 0.07871116697788239
v -0.024812038987874985 0.024000000208616257 0.07891861349344254
v -0.024812038987874985 0.024000000208616257 0.07891861349344254
v -0.024510478600859642 0.024366024881601334 0.07871116697788239
v -0.026040278375148773 0.024366024881601334 0.07623632997274399
v -0.026360660791397095 0.024000000208616257 0.07641332596540451
v -0.026360660791397095 0.024000000208616257 0.07641332596540451
v -0.026040278375148773 0.024366024881601334 0.07623632997274399
v -0.027321018278598785 0.024366024881601334 0.073623888194561
v -0.0276571586728096 0.024000000208616257 0.073768749833107
v -0.0276571586728096 0.024000000208616257 0.073768749833107
v -0.027321018278598785 0.024366024881601334 0.073623888194561
v -0.028340447694063187 0.024366024881601334 0.07089884579181671
v -0.028689131140708923 0.024000000208616257 0.07101017236709595
v -0.028689131140708923 0.024000000208616257 0.07101017236709595
v -0.028340447694063187 0.024366024881601334 0.07089884579181671
v -0.029088815674185753 0.024366024881601334 0.06808724999427795
v -0.029446706175804138 0.024000000208616257 0.06816398352384567
v -0.029446706175804138 0.024000000208616257 0.06816398352384567
v -0.029088815674185753 0.024366024881601334 0.06808724999427795
v -0.029558967798948288 0.024366024881601334 0.06521599739789963
v -0.029922641813755035 0.024000000208616257 0.06525740772485733
v -0.029922641813755035 0.024000000208616257 0.06525740772485733
v -0.029558967798948288 0.024366024881601334 0.06521599739789963
v -0.02974640391767025 0.024366024881601334 0.06231255456805229
v -0.030112385749816895 0.024000000208616257 0.06231824308633804
v 0.01340481173247099 0.023882683366537094 0.0348171666264534
v 0.016697507351636887 0.024000000208616257 0.03678671643137932
v 0.016771787777543068 0.023499999195337296 0.03667521849274635
v 0.016771787777543068 0.023499999195337296 0.03667521849274635
v 0.016697507351636887 0.024000000208616257 0.03678671643137932
v 0.01906586065888405 0.024000000208616257 0.03853760287165642
v 0.01915067806839943 0.023499999195337296 0.03843389451503754
v 0.01915067806839943 0.023499999195337296 0.03843389451503754
v 0.01906586065888405 0.024000000208616257 0.03853760287165642
v 0.0212518610060215 0.024000000208616257 0.04051145911216736
v 0.021346401423215866 0.023499999195337296 0.04041653126478195
v 0.021346401423215866 0.023499999195337296 0.04041653126478195
v 0.0212518610060215 0.024000000208616257 0.04051145911216736
v 0.023234598338603973 0.024000000208616257 0.042689405381679535
v 0.023337960243225098 0.023499999195337296 0.04260416701436043
v 0.023337960243225098 0.023499999195337296 0.04260416701436043
v 0.023234598338603973 0.024000000208616257 0.042689405381679535
v 0.0249951109290123 0.024000000208616257 0.04505061358213425
v 0.02510630339384079 0.023499999195337296 0.044975876808166504
v 0.02510630339384079 0.023499999195337296 0.044975876808166504
v 0.0249951109290123 0.024000000208616257 0.04505061358213425
v 0.026516558602452278 0.024000000208616257 0.04757249727845192
v 0.026634519919753075 0.023499999195337296 0.047508981078863144
v 0.026634519919753075 0.023499999195337296 0.047508981078863144
v 0.026516558602452278 0.024000000208616257 0.04757249727845192
v 0.02778439037501812 0.024000000208616257 0.05023093521595001
v 0.027907991781830788 0.023499999195337296 0.05017924681305885
v 0.027907991781830788 0.023499999195337296 0.05017924681305885
v 0.02778439037501812 0.024000000208616257 0.05023093521595001
v 0.02878648042678833 0.024000000208616257 0.05300050601363182
v 0.028914539143443108 0.023499999195337296 0.052961137145757675
v 0.028914539143443108 0.023499999195337296 0.052961137145757675
v 0.02878648042678833 0.024000000208616257 0.05300050601363182
v 0.029513243585824966 0.024000000208616257 0.055854715406894684
v 0.02964453585445881 0.023499999195337296 0.055828046053647995
v 0.02964453585445881 0.023499999195337296 0.055828046053647995
v 0.029513243585824966 0.024000000208616257 0.055854715406894684
v 0.029957730323076248 0.024000000208616257 0.05876626819372177
v 0.030091000720858574 0.023499999195337296 0.058752547949552536
v 0.030091000720858574 0.023499999195337296 0.058752547949552536
v 0.029957730323076248 0.024000000208616257 0.05876626819372177
v 0.03011568821966648 0.024000000208616257 0.06170731410384178
v 0.030249660834670067 0.023499999195337296 0.061706677079200745
v 0.030249660834670067 0.023499999195337296 0.061706677079200745
v 0.03011568821966648 0.024000000208616257 0.06170731410384178
v 0.02998560480773449 0.024000000208616257 0.06464972347021103
v 0.030119000002741814 0.023499999195337296 0.06466218084096909
v 0.030119000002741814 0.023499999195337296 0.06466218084096909
v 0.02998560480773449 0.024000000208616257 0.06464972347021103
v 0.029568728059530258 0.024000000208616257 0.06756535917520523
v 0.02970026805996895 0.023499999195337296 0.06759078055620193
v 0.02970026805996895 0.023499999195337296 0.06759078055620193
v 0.029568728059530258 0.024000000208616257 0.06756535917520523
v 0.028869042173027992 0.024000000208616257 0.0704263225197792
v 0.028997469693422318 0.023499999195337296 0.07046447694301605
v 0.028997469693422318 0.023499999195337296 0.07046447694301605
v 0.028869042173027992 0.024000000208616257 0.0704263225197792
v 0.027893241494894028 0.024000000208616257 0.07320526987314224
v 0.028017327189445496 0.023499999195337296 0.07325578480958939
v 0.028017327189445496 0.023499999195337296 0.07325578480958939
v 0.027893241494894028 0.024000000208616257 0.07320526987314224
v 0.026650656014680862 0.024000000208616257 0.07587560266256332
v 0.026769215241074562 0.023499999195337296 0.07593799382448196
v 0.026769215241074562 0.023499999195337296 0.07593799382448196
v 0.026650656014680862 0.024000000208616257 0.07587560266256332
v 0.02515317313373089 0.024000000208616257 0.07841178774833679
v 0.025265071541070938 0.023499999195337296 0.07848546653985977
v 0.025265071541070938 0.023499999195337296 0.07848546653985977
v 0.02515317313373089 0.024000000208616257 0.07841178774833679
v 0.023415114730596542 0.024000000208616257 0.08078957349061966
v 0.023519279435276985 0.023499999195337296 0.08087382465600967
v 0.023519279435276985 0.023499999195337296 0.08087382465600967
v 0.023415114730596542 0.024000000208616257 0.08078957349061966
v 0.02145310491323471 0.024000000208616257 0.08298620581626892
v 0.021548541262745857 0.023499999195337296 0.0830802321434021
v 0.021548541262745857 0.023499999195337296 0.0830802321434021
v 0.02145310491323471 0.024000000208616257 0.08298620581626892
v 0.019285906106233597 0.024000000208616257 0.08498068898916245
v 0.019371701404452324 0.023499999195337296 0.08508358895778656
v 0.019371701404452324 0.023499999195337296 0.08508358895778656
v 0.019285906106233597 0.024000000208616257 0.08498068898916245
v 0.01693424955010414 0.024000000208616257 0.08675394207239151
v 0.017009584233164787 0.023499999195337296 0.08686472475528717
v 0.017009584233164787 0.023499999195337296 0.08686472475528717
v 0.01693424955010414 0.024000000208616257 0.08675394207239151
v 0.014420626685023308 0.024000000208616257 0.08828899264335632
v 0.017009584233164787 0.023499999195337296 0.08686472475528717
v 0.014420626685023308 0.024000000208616257 0.08828899264335632
v 0.014484778046607971 0.023499999195337296 0.08840661495923996
v 0.014484778046607971 0.023499999195337296 0.08840661495923996
v 0.014420626685023308 0.024000000208616257 0.08828899264335632
v 0.01176907867193222 0.024000000208616257 0.08957117795944214
v 0.011821434833109379 0.023499999195337296 0.08969449996948242
v 0.011821434833109379 0.023499999195337296 0.08969449996948242
v 0.01176907867193222 0.024000000208616257 0.08957117795944214
v 0.009004965424537659 0.024000000208616257 0.09058822691440582
v 0.009045025333762169 0.023499999195337296 0.09071607142686844
v 0.009045025333762169 0.023499999195337296 0.09071607142686844
v 0.009004965424537659 0.024000000208616257 0.09058822691440582
v 0.006154725328087807 0.024000000208616257 0.09133040904998779
v 0.0061821057461202145 0.023499999195337296 0.09146155416965485
v 0.0061821057461202145 0.023499999195337296 0.09146155416965485
v 0.006154725328087807 0.024000000208616257 0.09133040904998779
v 0.0032456188928335905 0.024000000208616257 0.09179062396287918
v 0.003260057419538498 0.023499999195337296 0.09192381799221039
v 0.003260057419538498 0.023499999195337296 0.09192381799221039
v 0.0032456188928335905 0.024000000208616257 0.09179062396287918
v 0.00030546984635293484 0.024000000208616257 0.0919644758105278
v 0.00030682876240462065 0.023499999195337296 0.09209844470024109
v 0.00030682876240462065 0.023499999195337296 0.09209844470024109
v 0.00030546984635293484 0.024000000208616257 0.0919644758105278
v -0.0026376009918749332 0.024000000208616257 0.09185030311346054
v 0.00030682876240462065 0.023499999195337296 0.09209844470024109
v -0.0026376009918749332 0.024000000208616257 0.09185030311346054
v -0.00264933449216187 0.023499999195337296 0.09198375791311264
v -0.00264933449216187 0.023499999195337296 0.09198375791311264
v -0.0026376009918749332 0.024000000208616257 0.09185030311346054
v -0.005555444397032261 0.024000000208616257 0.09144918620586395
v -0.00264933449216187 0.023499999195337296 0.09198375791311264
v -0.005555444397032261 0.024000000208616257 0.09144918620586395
v -0.0055801584385335445 0.023499999195337296 0.09158086776733398
v -0.0055801584385335445 0.023499999195337296 0.09158086776733398
v -0.005555444397032261 0.024000000208616257 0.09144918620586395
v -0.008420153521001339 0.024000000208616257 0.09076497703790665
v -0.008457611314952374 0.023499999195337296 0.09089361131191254
v -0.008457611314952374 0.023499999195337296 0.09089361131191254
v -0.008420153521001339 0.024000000208616257 0.09076497703790665
v -0.011204328387975693 0.024000000208616257 0.08980420976877213
v -0.011254171840846539 0.023499999195337296 0.08992856740951538
v -0.011254171840846539 0.023499999195337296 0.08992856740951538
v -0.011204328387975693 0.024000000208616257 0.08980420976877213
v -0.013881340622901917 0.024000000208616257 0.08857607841491699
v -0.01394309289753437 0.023499999195337296 0.0886949747800827
v -0.01394309289753437 0.023499999195337296 0.0886949747800827
v -0.013881340622901917 0.024000000208616257 0.08857607841491699
v -0.016425585374236107 0.024000000208616257 0.087092325091362
v -0.016498656943440437 0.023499999195337296 0.08720462024211884
v -0.016498656943440437 0.023499999195337296 0.08720462024211884
v -0.016425585374236107 0.024000000208616257 0.087092325091362
v -0.01881272904574871 0.024000000208616257 0.08536715060472488
v -0.016498656943440437 0.023499999195337296 0.08720462024211884
v -0.01881272904574871 0.024000000208616257 0.08536715060472488
v -0.018896419554948807 0.023499999195337296 0.08547176420688629
v -0.018896419554948807 0.023499999195337296 0.08547176420688629
v -0.01881272904574871 0.024000000208616257 0.08536715060472488
v -0.021019939333200455 0.024000000208616257 0.08341703563928604
v -0.018896419554948807 0.023499999195337296 0.08547176420688629
v -0.021019939333200455 0.024000000208616257 0.08341703563928604
v -0.021113447844982147 0.023499999195337296 0.08351298421621323
v -0.021113447844982147 0.023499999195337296 0.08351298421621323
v -0.021019939333200455 0.024000000208616257 0.08341703563928604
v -0.023026105016469955 0.024000000208616257 0.08126065135002136
v -0.023128539323806763 0.023499999195337296 0.08134700357913971
v -0.023128539323806763 0.023499999195337296 0.08134700357913971
v -0.023026105016469955 0.024000000208616257 0.08126065135002136
v -0.024812038987874985 0.024000000208616257 0.07891861349344254
v -0.02492241933941841 0.023499999195337296 0.07899454981088638
v -0.02492241933941841 0.023499999195337296 0.07899454981088638
v -0.024812038987874985 0.024000000208616257 0.07891861349344254
v -0.026360660791397095 0.024000000208616257 0.07641332596540451
v -0.026477929204702377 0.023499999195337296 0.07647811621427536
v -0.026477929204702377 0.023499999195337296 0.07647811621427536
v -0.026360660791397095 0.024000000208616257 0.07641332596540451
v -0.0276571586728096 0.024000000208616257 0.073768749833107
v -0.027780193835496902 0.023499999195337296 0.0738217681646347
v -0.027780193835496902 0.023499999195337296 0.0738217681646347
v -0.0276571586728096 0.024000000208616257 0.073768749833107
v -0.028689131140708923 0.024000000208616257 0.07101017236709595
v -0.02881675772368908 0.023499999195337296 0.07105092704296112
v -0.02881675772368908 0.023499999195337296 0.07105092704296112
v -0.028689131140708923 0.024000000208616257 0.07101017236709595
v -0.029446706175804138 0.024000000208616257 0.06816398352384567
v -0.029577704146504402 0.023499999195337296 0.06819207221269608
v -0.029577704146504402 0.023499999195337296 0.06819207221269608
v -0.029446706175804138 0.024000000208616257 0.06816398352384567
v -0.029922641813755035 0.024000000208616257 0.06525740772485733
v -0.030055757611989975 0.023499999195337296 0.06527256965637207
v -0.030055757611989975 0.023499999195337296 0.06527256965637207
v -0.029922641813755035 0.024000000208616257 0.06525740772485733
v -0.030112385749816895 0.024000000208616257 0.06231824308633804
v -0.030246343463659286 0.023499999195337296 0.06232032552361488
v -0.03055965155363083 0.024179907515645027 0.06083688512444496
v -0.030756056308746338 0.024066833779215813 0.060765400528907776
v -0.03078974410891533 0.024000000208616257 0.060791656374931335
v -0.03078974410891533 0.024000000208616257 0.060791656374931335
v -0.030756056308746338 0.024066833779215813 0.060765400528907776
v -0.0313737615942955 0.023641159757971764 0.060540571808815
v -0.03078974410891533 0.024000000208616257 0.060791656374931335
v -0.0313737615942955 0.023641159757971764 0.060540571808815
v -0.03088117577135563 0.023499999195337296 0.060889583081007004
v -0.03088117577135563 0.023499999195337296 0.060889583081007004
v -0.0313737615942955 0.023641159757971764 0.060540571808815
v -0.03155519813299179 0.023505164310336113 0.06047453731298447
v -0.03088117577135563 0.023499999195337296 0.060889583081007004
v -0.03155519813299179 0.023505164310336113 0.06047453731298447
v -0.03156206011772156 0.023499999195337296 0.0604720376431942
v -0.02946084551513195 0.02449999935925007 0.06123681738972664
v -0.030111361294984818 0.02438080683350563 0.061000049114227295
v -0.02996094897389412 0.024366024881601334 0.06133748218417168
v -0.02996094897389412 0.024366024881601334 0.06133748218417168
v -0.030111361294984818 0.02438080683350563 0.061000049114227295
v -0.030155042186379433 0.024365095421671867 0.06098414957523346
v -0.02996094897389412 0.024366024881601334 0.06133748218417168
v -0.030155042186379433 0.024365095421671867 0.06098414957523346
v -0.030295519158244133 0.024000000208616257 0.061485935002565384
v -0.03088117577135563 0.023499999195337296 0.060889583081007004
v -0.030417978763580322 0.023499999195337296 0.06154027208685875
v -0.03078974410891533 0.024000000208616257 0.060791656374931335
v -0.030295519158244133 0.024000000208616257 0.061485935002565384
v -0.03078974410891533 0.024000000208616257 0.060791656374931335
v -0.030295519158244133 0.024000000208616257 0.061485935002565384
v -0.03055965155363083 0.024179907515645027 0.06083688512444496
v -0.03055965155363083 0.024179907515645027 0.06083688512444496
v -0.030295519158244133 0.024000000208616257 0.061485935002565384
v -0.030155042186379433 0.024365095421671867 0.06098414957523346
v -0.030417978763580322 0.023499999195337296 0.06154027208685875
v -0.030246343463659286 0.023499999195337296 0.06232032552361488
v -0.030295519158244133 0.024000000208616257 0.061485935002565384
v -0.030112385749816895 0.024000000208616257 0.06231824308633804
v -0.030295519158244133 0.024000000208616257 0.061485935002565384
v -0.030112385749816895 0.024000000208616257 0.06231824308633804
v -0.02996094897389412 0.024366024881601334 0.06133748218417168
v -0.02974640391767025 0.024366024881601334 0.06231255456805229
v -0.02996094897389412 0.024366024881601334 0.06133748218417168
v -0.02974640391767025 0.024366024881601334 0.06231255456805229
v -0.02946084551513195 0.02449999935925007 0.06123681738972664
v -0.02946084551513195 0.02449999935925007 0.06123681738972664
v -0.02974640391767025 0.024366024881601334 0.06231255456805229
v -0.029246464371681213 0.02449999935925007 0.0623047798871994
v -0.025496995076537132 -0.02449999935925007 0.042460162192583084
v -0.02506367862224579 -0.02449999935925007 0.042617879807949066
v -0.02510221302509308 -0.02496112510561943 0.042723748832941055
v -0.024266602471470833 -0.02500000037252903 0.04286947101354599
v -0.025076372548937798 -0.02499590814113617 0.04275303706526756
v -0.024273699149489403 -0.02449999935925007 0.04273568466305733
v -0.024273699149489403 -0.02449999935925007 0.04273568466305733
v -0.025076372548937798 -0.02499590814113617 0.04275303706526756
v -0.02510221302509308 -0.02496112510561943 0.042723748832941055
v -0.024273699149489403 -0.02449999935925007 0.04273568466305733
v -0.02510221302509308 -0.02496112510561943 0.042723748832941055
v -0.02506367862224579 -0.02449999935925007 0.042617879807949066
v -0.024220729246735573 -0.025499999523162842 0.04373428225517273
v -0.02488381788134575 -0.025499999523162842 0.04369582235813141
v -0.024851730093359947 -0.025490088388323784 0.043558813631534576
v -0.024220729246735573 -0.025499999523162842 0.04373428225517273
v -0.024851730093359947 -0.025490088388323784 0.043558813631534576
v -0.024247214198112488 -0.025366025045514107 0.04323498159646988
v -0.024851730093359947 -0.025490088388323784 0.043558813631534576
v -0.024842198938131332 -0.02542610466480255 0.04332011565566063
v -0.024247214198112488 -0.025366025045514107 0.04323498159646988
v -0.024247214198112488 -0.025366025045514107 0.04323498159646988
v -0.024842198938131332 -0.02542610466480255 0.04332011565566063
v -0.024861333891749382 -0.02536495216190815 0.04318976029753685
v -0.024247214198112488 -0.025366025045514107 0.04323498159646988
v -0.024861333891749382 -0.02536495216190815 0.04318976029753685
v -0.024266602471470833 -0.02500000037252903 0.04286947101354599
v -0.024266602471470833 -0.02500000037252903 0.04286947101354599
v -0.024861333891749382 -0.02536495216190815 0.04318976029753685
v -0.024883922189474106 -0.025313349440693855 0.04310355335474014
v -0.024266602471470833 -0.02500000037252903 0.04286947101354599
v -0.024883922189474106 -0.025313349440693855 0.04310355335474014
v -0.025076372548937798 -0.02499590814113617 0.04275303706526756
v -0.022111764177680016 -0.025499999523162842 0.04270235449075699
v -0.023061102256178856 -0.025499999523162842 0.04343320429325104
v -0.022489743307232857 -0.025366025045514107 0.04237504303455353
v -0.023280858993530273 -0.025366025045514107 0.04298408329486847
v -0.023500613868236542 -0.02449999935925007 0.0425349660217762
v -0.022867722436785698 -0.02449999935925007 0.042047735303640366
v -0.023441730067133904 -0.02500000037252903 0.04265530779957771
v -0.022766442969441414 -0.02500000037252903 0.042135436087846756
v -0.023441730067133904 -0.02500000037252903 0.04265530779957771
v -0.022766442969441414 -0.02500000037252903 0.042135436087846756
v -0.023280858993530273 -0.025366025045514107 0.04298408329486847
v -0.023280858993530273 -0.025366025045514107 0.04298408329486847
v -0.022766442969441414 -0.02500000037252903 0.042135436087846756
v -0.022646307945251465 -0.02520710602402687 0.0422394685447216
v -0.023280858993530273 -0.025366025045514107 0.04298408329486847
v -0.022646307945251465 -0.02520710602402687 0.0422394685447216
v -0.022489743307232857 -0.025366025045514107 0.04237504303455353
v -0.023061102256178856 -0.025499999523162842 0.04343320429325104
v -0.024220729246735573 -0.025499999523162842 0.04373428225517273
v -0.023280858993530273 -0.025366025045514107 0.04298408329486847
v -0.024247214198112488 -0.025366025045514107 0.04323498159646988
v -0.023280858993530273 -0.025366025045514107 0.04298408329486847
v -0.024247214198112488 -0.025366025045514107 0.04323498159646988
v -0.023441730067133904 -0.02500000037252903 0.04265530779957771
v -0.024266602471470833 -0.02500000037252903 0.04286947101354599
v -0.023441730067133904 -0.02500000037252903 0.04265530779957771
v -0.024266602471470833 -0.02500000037252903 0.04286947101354599
v -0.023500613868236542 -0.02449999935925007 0.0425349660217762
v -0.024273699149489403 -0.02449999935925007 0.04273568466305733
v -0.01613004319369793 -0.02449999935925007 0.03625929355621338
v -0.015228303149342537 -0.02449999935925007 0.03571264445781708
v -0.015189982950687408 -0.024882683530449867 0.03577841818332672
v -0.01613004319369793 -0.02449999935925007 0.03625929355621338
v -0.015189982950687408 -0.024882683530449867 0.03577841818332672
v -0.018002090975642204 -0.02449999935925007 0.0375397689640522
v -0.022867722436785698 -0.02449999935925007 0.042047735303640366
v -0.020507104694843292 -0.024882683530449867 0.03971582651138306
v -0.022766442969441414 -0.02500000037252903 0.042135436087846756
v -0.022766442969441414 -0.02500000037252903 0.042135436087846756
v -0.020507104694843292 -0.024882683530449867 0.03971582651138306
v -0.02035977877676487 -0.02520710602402687 0.0398748405277729
v -0.022766442969441414 -0.02500000037252903 0.042135436087846756
v -0.02035977877676487 -0.02520710602402687 0.0398748405277729
v -0.022646307945251465 -0.02520710602402687 0.0422394685447216
v -0.022646307945251465 -0.02520710602402687 0.0422394685447216
v -0.02035977877676487 -0.02520710602402687 0.0398748405277729
v -0.020139290019869804 -0.02542387880384922 0.040112823247909546
v -0.022646307945251465 -0.02520710602402687 0.0422394685447216
v -0.020139290019869804 -0.02542387880384922 0.040112823247909546
v -0.022489743307232857 -0.025366025045514107 0.04237504303455353
v -0.022489743307232857 -0.025366025045514107 0.04237504303455353
v -0.020139290019869804 -0.02542387880384922 0.040112823247909546
v -0.019879207015037537 -0.025499999523162842 0.04039354249835014
v -0.022489743307232857 -0.025366025045514107 0.04237504303455353
v -0.019879207015037537 -0.025499999523162842 0.04039354249835014
v -0.022111764177680016 -0.025499999523162842 0.04270235449075699
v -0.020507104694843292 -0.024882683530449867 0.03971582651138306
v -0.017956789582967758 -0.024882683530449867 0.03760094568133354
v -0.02035977877676487 -0.02520710602402687 0.0398748405277729
v -0.01782778650522232 -0.02520710602402687 0.037775151431560516
v -0.02035977877676487 -0.02520710602402687 0.0398748405277729
v -0.01782778650522232 -0.02520710602402687 0.037775151431560516
v -0.020139290019869804 -0.02542387880384922 0.040112823247909546
v -0.017634719610214233 -0.02542387880384922 0.03803587332367897
v -0.020139290019869804 -0.02542387880384922 0.040112823247909546
v -0.017634719610214233 -0.02542387880384922 0.03803587332367897
v -0.019879207015037537 -0.025499999523162842 0.04039354249835014
v -0.017406979575753212 -0.025499999523162842 0.038343414664268494
v -0.022867722436785698 -0.02449999935925007 0.042047735303640366
v -0.020558837801218033 -0.02449999935925007 0.03965998813509941
v -0.020507104694843292 -0.024882683530449867 0.03971582651138306
v -0.020507104694843292 -0.024882683530449867 0.03971582651138306
v -0.020558837801218033 -0.02449999935925007 0.03965998813509941
v -0.018002090975642204 -0.02449999935925007 0.0375397689640522
v -0.017956789582967758 -0.024882683530449867 0.03760094568133354
v -0.017956789582967758 -0.024882683530449867 0.03760094568133354
v -0.018002090975642204 -0.02449999935925007 0.0375397689640522
v -0.015189982950687408 -0.024882683530449867 0.03577841818332672
v -0.017956789582967758 -0.024882683530449867 0.03760094568133354
v -0.015189982950687408 -0.024882683530449867 0.03577841818332672
v -0.01782778650522232 -0.02520710602402687 0.037775151431560516
v -0.015080856159329414 -0.02520710602402687 0.03596571832895279
v -0.01782778650522232 -0.02520710602402687 0.037775151431560516
v -0.015080856159329414 -0.02520710602402687 0.03596571832895279
v -0.017634719610214233 -0.02542387880384922 0.03803587332367897
v -0.01491753663867712 -0.02542387880384922 0.03624603524804115
v -0.017634719610214233 -0.02542387880384922 0.03803587332367897
v -0.01491753663867712 -0.02542387880384922 0.03624603524804115
v -0.017406979575753212 -0.025499999523162842 0.038343414664268494
v -0.014724887907505035 -0.025499999523162842 0.03657669201493263
v -0.015228303149342537 -0.02449999935925007 0.03571264445781708
v -0.012270919047296047 -0.02449999935925007 0.03420064225792885
v -0.015189982950687408 -0.024882683530449867 0.03577841818332672
v -0.015189982950687408 -0.024882683530449867 0.03577841818332672
v -0.012270919047296047 -0.02449999935925007 0.03420064225792885
v -0.012240041047334671 -0.024882683530449867 0.03427021577954292
v -0.015189982950687408 -0.024882683530449867 0.03577841818332672
v -0.012240041047334671 -0.024882683530449867 0.03427021577954292
v -0.015080856159329414 -0.02520710602402687 0.03596571832895279
v -0.012152106501162052 -0.02520710602402687 0.03446835279464722
v -0.015080856159329414 -0.02520710602402687 0.03596571832895279
v -0.012152106501162052 -0.02520710602402687 0.03446835279464722
v -0.01491753663867712 -0.02542387880384922 0.03624603524804115
v -0.012020504102110863 -0.02542387880384922 0.034764885902404785
v -0.01491753663867712 -0.02542387880384922 0.03624603524804115
v -0.012020504102110863 -0.02542387880384922 0.034764885902404785
v -0.014724887907505035 -0.025499999523162842 0.03657669201493263
v -0.011865268461406231 -0.025499999523162842 0.03511466830968857
v -0.01098972000181675 -0.025499999523162842 0.0347219817340374
v -0.011865268461406231 -0.025499999523162842 0.03511466830968857
v -0.011142034083604813 -0.025429140776395798 0.034385085105895996
v -0.011142034083604813 -0.025429140776395798 0.034385085105895996
v -0.011865268461406231 -0.025499999523162842 0.03511466830968857
v -0.012020504102110863 -0.02542387880384922 0.034764885902404785
v -0.011142034083604813 -0.025429140776395798 0.034385085105895996
v -0.012020504102110863 -0.02542387880384922 0.034764885902404785
v -0.011272761970758438 -0.02522660419344902 0.03409593552350998
v -0.011272761970758438 -0.02522660419344902 0.03409593552350998
v -0.012020504102110863 -0.02542387880384922 0.034764885902404785
v -0.012152106501162052 -0.02520710602402687 0.03446835279464722
v -0.011272761970758438 -0.02522660419344902 0.03409593552350998
v -0.012152106501162052 -0.02520710602402687 0.03446835279464722
v -0.011363377794623375 -0.02492109313607216 0.03389550745487213
v -0.011363377794623375 -0.02492109313607216 0.03389550745487213
v -0.012152106501162052 -0.02520710602402687 0.03446835279464722
v -0.012240041047334671 -0.024882683530449867 0.03427021577954292
v -0.010526402853429317 -0.024611111730337143 0.033420663326978683
v -0.011363377794623375 -0.02492109313607216 0.03389550745487213
v -0.011401038616895676 -0.024555904790759087 0.033812206238508224
v -0.011401038616895676 -0.024555904790759087 0.033812206238508224
v -0.011363377794623375 -0.02492109313607216 0.03389550745487213
v -0.012240041047334671 -0.024882683530449867 0.03427021577954292
v -0.011401038616895676 -0.024555904790759087 0.033812206238508224
v -0.012240041047334671 -0.024882683530449867 0.03427021577954292
v -0.012270919047296047 -0.02449999935925007 0.03420064225792885
v -0.010526402853429317 -0.024611111730337143 0.033420663326978683
v -0.010482992976903915 -0.024958409368991852 0.03351634368300438
v -0.011363377794623375 -0.02492109313607216 0.03389550745487213
v -0.011363377794623375 -0.02492109313607216 0.03389550745487213
v -0.010482992976903915 -0.024958409368991852 0.03351634368300438
v -0.010457303375005722 -0.02506284788250923 0.033572968095541
v -0.011363377794623375 -0.02492109313607216 0.03389550745487213
v -0.010457303375005722 -0.02506284788250923 0.033572968095541
v -0.011272761970758438 -0.02522660419344902 0.03409593552350998
v -0.011272761970758438 -0.02522660419344902 0.03409593552350998
v -0.010457303375005722 -0.02506284788250923 0.033572968095541
v -0.010391240939497948 -0.02524535544216633 0.03371857479214668
v -0.011272761970758438 -0.02522660419344902 0.03409593552350998
v -0.010391240939497948 -0.02524535544216633 0.03371857479214668
v -0.011142034083604813 -0.025429140776395798 0.034385085105895996
v -0.01011580042541027 -0.025499999523162842 0.03432568162679672
v -0.01098972000181675 -0.025499999523162842 0.0347219817340374
v -0.010263225063681602 -0.02543417178094387 0.034000739455223083
v -0.010263225063681602 -0.02543417178094387 0.034000739455223083
v -0.01098972000181675 -0.025499999523162842 0.0347219817340374
v -0.011142034083604813 -0.025429140776395798 0.034385085105895996
v -0.010263225063681602 -0.02543417178094387 0.034000739455223083
v -0.011142034083604813 -0.025429140776395798 0.034385085105895996
v -0.010308962315320969 -0.025383980944752693 0.033899929374456406
v -0.010308962315320969 -0.025383980944752693 0.033899929374456406
v -0.011142034083604813 -0.025429140776395798 0.034385085105895996
v -0.010391240939497948 -0.02524535544216633 0.03371857479214668
v 0.009552144445478916 -0.02468700334429741 0.03301791846752167
v 0.010526402853429317 -0.024611111730337143 0.033420663326978683
v 0.010457303375005722 -0.02506284788250923 0.033572968095541
v -0.008825872093439102 -0.024737093597650528 0.03275303542613983
v -0.008219980634748936 -0.02477487176656723 0.03255308046936989
v -0.00800511334091425 -0.025155935436487198 0.03269990533590317
v -0.010391240939497948 -0.02524535544216633 0.03371857479214668
v -0.010457303375005722 -0.02506284788250923 0.033572968095541
v -0.00800511334091425 -0.025155935436487198 0.03269990533590317
v -0.00800511334091425 -0.025155935436487198 0.03269990533590317
v -0.010457303375005722 -0.02506284788250923 0.033572968095541
v -0.010482992976903915 -0.024958409368991852 0.03351634368300438
v -0.008825872093439102 -0.024737093597650528 0.03275303542613983
v -0.00800511334091425 -0.025155935436487198 0.03269990533590317
v -0.010043853893876076 -0.024649979546666145 0.033214021474123
v -0.010043853893876076 -0.024649979546666145 0.033214021474123
v -0.00800511334091425 -0.025155935436487198 0.03269990533590317
v -0.010482992976903915 -0.024958409368991852 0.03351634368300438
v -0.010043853893876076 -0.024649979546666145 0.033214021474123
v -0.010482992976903915 -0.024958409368991852 0.03351634368300438
v -0.010526402853429317 -0.024611111730337143 0.033420663326978683
v -0.010263225063681602 -0.02543417178094387 0.034000739455223083
v -0.010308962315320969 -0.025383980944752693 0.033899929374456406
v -0.007899796590209007 -0.02540992759168148 0.03302323445677757
v -0.007899796590209007 -0.02540992759168148 0.03302323445677757
v -0.010308962315320969 -0.025383980944752693 0.033899929374456406
v -0.010391240939497948 -0.02524535544216633 0.03371857479214668
v -0.007771337404847145 -0.025499999523162842 0.033417608588933945
v -0.01011580042541027 -0.025499999523162842 0.03432568162679672
v -0.010263225063681602 -0.02543417178094387 0.034000739455223083
v -0.010391240939497948 -0.02524535544216633 0.03371857479214668
v -0.00800511334091425 -0.025155935436487198 0.03269990533590317
v -0.007899796590209007 -0.02540992759168148 0.03302323445677757
v -0.007899796590209007 -0.02540992759168148 0.03302323445677757
v -0.00800511334091425 -0.025155935436487198 0.03269990533590317
v -0.005656077526509762 -0.025214120745658875 0.03211629390716553
v -0.007899796590209007 -0.02540992759168148 0.03302323445677757
v -0.005656077526509762 -0.025214120745658875 0.03211629390716553
v -0.005586408544331789 -0.025425774976611137 0.03243061527609825
v -0.005586408544331789 -0.025425774976611137 0.03243061527609825
v -0.005656077526509762 -0.025214120745658875 0.03211629390716553
v -0.00496269017457962 -0.025226596742868423 0.03198583051562309
v -0.005586408544331789 -0.025425774976611137 0.03243061527609825
v -0.00496269017457962 -0.025226596742868423 0.03198583051562309
v -0.00490257004275918 -0.02542913891375065 0.032297417521476746
v -0.00490257004275918 -0.02542913891375065 0.032297417521476746
v -0.00496269017457962 -0.025226596742868423 0.03198583051562309
v -0.002461011055856943 -0.02525666356086731 0.031661856919527054
v -0.00490257004275918 -0.02542913891375065 0.032297417521476746
v -0.002461011055856943 -0.02525666356086731 0.031661856919527054
v -0.0024324979167431593 -0.025437192991375923 0.03196551650762558
v -0.0024324979167431593 -0.025437192991375923 0.03196551650762558
v -0.002461011055856943 -0.02525666356086731 0.031661856919527054
v 6.45365726086311e-05 -0.02526603825390339 0.03155776485800743
v -0.0024324979167431593 -0.025437192991375923 0.03196551650762558
v 6.45365726086311e-05 -0.02526603825390339 0.03155776485800743
v 6.38002748019062e-05 -0.025439690798521042 0.03185853362083435
v 6.38002748019062e-05 -0.025439690798521042 0.03185853362083435
v 6.45365726086311e-05 -0.02526603825390339 0.03155776485800743
v 0.0026123374700546265 -0.025255460292100906 0.03167511150240898
v 6.38002748019062e-05 -0.025439690798521042 0.03185853362083435
v 0.0026123374700546265 -0.025255460292100906 0.03167511150240898
v 0.0025820129085332155 -0.025436872616410255 0.03197912871837616
v 0.0025820129085332155 -0.025436872616410255 0.03197912871837616
v 0.0026123374700546265 -0.025255460292100906 0.03167511150240898
v 0.0032290867529809475 -0.025249766185879707 0.03173746541142464
v 0.0025820129085332155 -0.025436872616410255 0.03197912871837616
v 0.0032290867529809475 -0.025249766185879707 0.03173746541142464
v 0.0031912666745483875 -0.025435350835323334 0.03204311802983284
v 0.0031912666745483875 -0.025435350835323334 0.03204311802983284
v 0.0032290867529809475 -0.025249766185879707 0.03173746541142464
v 0.005718986038118601 -0.025212891399860382 0.032129038125276566
v 0.0031912666745483875 -0.025435350835323334 0.03204311802983284
v 0.005718986038118601 -0.025212891399860382 0.032129038125276566
v 0.005648429971188307 -0.025425443425774574 0.032443612813949585
v 0.005648429971188307 -0.025425443425774574 0.032443612813949585
v 0.005718986038118601 -0.025212891399860382 0.032129038125276566
v 0.008134974166750908 -0.025151913985610008 0.03273894637823105
v 0.005648429971188307 -0.025425443425774574 0.032443612813949585
v 0.008134974166750908 -0.025151913985610008 0.03273894637823105
v 0.008027525618672371 -0.025408821180462837 0.03306268900632858
v -0.010263225063681602 -0.02543417178094387 0.034000739455223083
v -0.007899796590209007 -0.02540992759168148 0.03302323445677757
v -0.007771337404847145 -0.025499999523162842 0.033417608588933945
v -0.007771337404847145 -0.025499999523162842 0.033417608588933945
v -0.007899796590209007 -0.02540992759168148 0.03302323445677757
v -0.005586408544331789 -0.025425774976611137 0.03243061527609825
v -0.007771337404847145 -0.025499999523162842 0.033417608588933945
v -0.005586408544331789 -0.025425774976611137 0.03243061527609825
v -0.005504594184458256 -0.025499999523162842 0.03279973194003105
v -0.005504594184458256 -0.025499999523162842 0.03279973194003105
v -0.005586408544331789 -0.025425774976611137 0.03243061527609825
v -0.00490257004275918 -0.02542913891375065 0.032297417521476746
v -0.005504594184458256 -0.025499999523162842 0.03279973194003105
v -0.00490257004275918 -0.02542913891375065 0.032297417521476746
v -0.004832522943615913 -0.025499999523162842 0.032660454511642456
v -0.004832522943615913 -0.025499999523162842 0.032660454511642456
v -0.00490257004275918 -0.02542913891375065 0.032297417521476746
v -0.0024324979167431593 -0.025437192991375923 0.03196551650762558
v -0.004832522943615913 -0.025499999523162842 0.032660454511642456
v -0.0024324979167431593 -0.025437192991375923 0.03196551650762558
v -0.002399888588115573 -0.025499999523162842 0.032312799245119095
v -0.002399888588115573 -0.025499999523162842 0.032312799245119095
v -0.0024324979167431593 -0.025437192991375923 0.03196551650762558
v 6.38002748019062e-05 -0.025439690798521042 0.03185853362083435
v -0.002399888588115573 -0.025499999523162842 0.032312799245119095
v 6.38002748019062e-05 -0.025439690798521042 0.03185853362083435
v 6.296297942753881e-05 -0.025499999523162842 0.032200559973716736
v 6.296297942753881e-05 -0.025499999523162842 0.032200559973716736
v 6.38002748019062e-05 -0.025439690798521042 0.03185853362083435
v 0.0025820129085332155 -0.025436872616410255 0.03197912871837616
v 6.296297942753881e-05 -0.025499999523162842 0.032200559973716736
v 0.0025820129085332155 -0.025436872616410255 0.03197912871837616
v 0.002547306241467595 -0.025499999523162842 0.0323270708322525
v 0.002547306241467595 -0.025499999523162842 0.0323270708322525
v 0.0025820129085332155 -0.025436872616410255 0.03197912871837616
v 0.0031912666745483875 -0.025435350835323334 0.03204311802983284
v 0.002547306241467595 -0.025499999523162842 0.0323270708322525
v 0.0031912666745483875 -0.025435350835323334 0.03204311802983284
v 0.0031478304881602526 -0.025499999523162842 0.0323941633105278
v 0.0031478304881602526 -0.025499999523162842 0.0323941633105278
v 0.0031912666745483875 -0.025435350835323334 0.03204311802983284
v 0.005648429971188307 -0.025425443425774574 0.032443612813949585
v 0.0031478304881602526 -0.025499999523162842 0.0323941633105278
v 0.005648429971188307 -0.025425443425774574 0.032443612813949585
v 0.005565510131418705 -0.025499999523162842 0.032813314348459244
v 0.005565510131418705 -0.025499999523162842 0.032813314348459244
v 0.005648429971188307 -0.025425443425774574 0.032443612813949585
v 0.008027525618672371 -0.025408821180462837 0.03306268900632858
v 0.005565510131418705 -0.025499999523162842 0.032813314348459244
v 0.008027525618672371 -0.025408821180462837 0.03306268900632858
v 0.007896113209426403 -0.025499999523162842 0.033458635210990906
v 0.009552144445478916 -0.02468700334429741 0.03301791846752167
v 0.010457303375005722 -0.02506284788250923 0.033572968095541
v 0.008198864758014679 -0.024776125326752663 0.03254644200205803
v 0.01011580042541027 -0.025499999523162842 0.03432568162679672
v 0.007896113209426403 -0.025499999523162842 0.033458635210990906
v 0.010308962315320969 -0.025383980944752693 0.033899929374456406
v 0.010308962315320969 -0.025383980944752693 0.033899929374456406
v 0.007896113209426403 -0.025499999523162842 0.033458635210990906
v 0.008027525618672371 -0.025408821180462837 0.03306268900632858
v 0.010308962315320969 -0.025383980944752693 0.033899929374456406
v 0.008027525618672371 -0.025408821180462837 0.03306268900632858
v 0.010457303375005722 -0.02506284788250923 0.033572968095541
v 0.010457303375005722 -0.02506284788250923 0.033572968095541
v 0.008027525618672371 -0.025408821180462837 0.03306268900632858
v 0.008134974166750908 -0.025151913985610008 0.03273894637823105
v 0.010457303375005722 -0.02506284788250923 0.033572968095541
v 0.008134974166750908 -0.025151913985610008 0.03273894637823105
v 0.008198864758014679 -0.024776125326752663 0.03254644200205803
v 0.008198864758014679 -0.024776125326752663 0.03254644200205803
v 0.008134974166750908 -0.025151913985610008 0.03273894637823105
v 0.005718986038118601 -0.025212891399860382 0.032129038125276566
v 0.008198864758014679 -0.024776125326752663 0.03254644200205803
v 0.005718986038118601 -0.025212891399860382 0.032129038125276566
v 0.005766656249761581 -0.02489403821527958 0.03191649913787842
v 0.005766656249761581 -0.02489403821527958 0.03191649913787842
v 0.005718986038118601 -0.025212891399860382 0.032129038125276566
v 0.0032290867529809475 -0.025249766185879707 0.03173746541142464
v 0.005766656249761581 -0.02489403821527958 0.03191649913787842
v 0.0032290867529809475 -0.025249766185879707 0.03173746541142464
v 0.003256400814279914 -0.024967236444354057 0.03151671960949898
v 0.003256400814279914 -0.024967236444354057 0.03151671960949898
v 0.0032290867529809475 -0.025249766185879707 0.03173746541142464
v 0.0026123374700546265 -0.025255460292100906 0.03167511150240898
v 0.003256400814279914 -0.024967236444354057 0.03151671960949898
v 0.0026123374700546265 -0.025255460292100906 0.03167511150240898
v 0.002634451724588871 -0.02497866563498974 0.031453412026166916
v 0.002634451724588871 -0.02497866563498974 0.031453412026166916
v 0.0026123374700546265 -0.025255460292100906 0.03167511150240898
v 6.45365726086311e-05 -0.02526603825390339 0.03155776485800743
v 0.002634451724588871 -0.02497866563498974 0.031453412026166916
v 6.45365726086311e-05 -0.02526603825390339 0.03155776485800743
v 6.508306978503242e-05 -0.024999987334012985 0.0313345268368721
v 6.508306978503242e-05 -0.024999987334012985 0.0313345268368721
v 6.45365726086311e-05 -0.02526603825390339 0.03155776485800743
v -0.002461011055856943 -0.02525666356086731 0.031661856919527054
v 6.508306978503242e-05 -0.024999987334012985 0.0313345268368721
v -0.002461011055856943 -0.02525666356086731 0.031661856919527054
v -0.0024818466044962406 -0.02498108707368374 0.03143996372818947
v -0.0024818466044962406 -0.02498108707368374 0.03143996372818947
v -0.002461011055856943 -0.02525666356086731 0.031661856919527054
v -0.00496269017457962 -0.025226596742868423 0.03198583051562309
v -0.0024818466044962406 -0.02498108707368374 0.03143996372818947
v -0.00496269017457962 -0.025226596742868423 0.03198583051562309
v -0.005004362668842077 -0.024921078234910965 0.03176985681056976
v -0.005004362668842077 -0.024921078234910965 0.03176985681056976
v -0.00496269017457962 -0.025226596742868423 0.03198583051562309
v -0.005656077526509762 -0.025214120745658875 0.03211629390716553
v -0.005004362668842077 -0.024921078234910965 0.03176985681056976
v -0.005656077526509762 -0.025214120745658875 0.03211629390716553
v -0.005703259259462357 -0.02489645592868328 0.031903430819511414
v -0.005703259259462357 -0.02489645592868328 0.031903430819511414
v -0.005656077526509762 -0.025214120745658875 0.03211629390716553
v -0.00800511334091425 -0.025155935436487198 0.03269990533590317
v -0.005703259259462357 -0.02489645592868328 0.031903430819511414
v -0.00800511334091425 -0.025155935436487198 0.03269990533590317
v -0.008068317547440529 -0.024783778935670853 0.03250586614012718
v -0.008068317547440529 -0.024783778935670853 0.03250586614012718
v -0.00800511334091425 -0.025155935436487198 0.03269990533590317
v -0.008219980634748936 -0.02477487176656723 0.03255308046936989
v 0.01098972000181675 -0.025499999523162842 0.0347219817340374
v 0.01011580042541027 -0.025499999523162842 0.03432568162679672
v 0.01118901465088129 -0.02537519671022892 0.0342811718583107
v 0.01118901465088129 -0.02537519671022892 0.0342811718583107
v 0.01011580042541027 -0.025499999523162842 0.03432568162679672
v 0.010308962315320969 -0.025383980944752693 0.033899929374456406
v 0.01118901465088129 -0.02537519671022892 0.0342811718583107
v 0.010308962315320969 -0.025383980944752693 0.033899929374456406
v 0.01133856363594532 -0.025031939148902893 0.03395039215683937
v 0.01133856363594532 -0.025031939148902893 0.03395039215683937
v 0.010308962315320969 -0.025383980944752693 0.033899929374456406
v 0.010457303375005722 -0.02506284788250923 0.033572968095541
v 0.01133856363594532 -0.025031939148902893 0.03395039215683937
v 0.010457303375005722 -0.02506284788250923 0.033572968095541
v 0.011401038616895676 -0.024555904790759087 0.033812206238508224
v 0.011401038616895676 -0.024555904790759087 0.033812206238508224
v 0.010457303375005722 -0.02506284788250923 0.033572968095541
v 0.010526402853429317 -0.024611111730337143 0.033420663326978683
v 0.011865268461406231 -0.025499999523162842 0.03511466830968857
v 0.01098972000181675 -0.025499999523162842 0.0347219817340374
v 0.012068093754351139 -0.025366025045514107 0.03465765714645386
v 0.012068093754351139 -0.025366025045514107 0.03465765714645386
v 0.01098972000181675 -0.025499999523162842 0.0347219817340374
v 0.01118901465088129 -0.02537519671022892 0.0342811718583107
v 0.012068093754351139 -0.025366025045514107 0.03465765714645386
v 0.01118901465088129 -0.02537519671022892 0.0342811718583107
v 0.012216571718454361 -0.02500000037252903 0.03432309627532959
v 0.012216571718454361 -0.02500000037252903 0.03432309627532959
v 0.01118901465088129 -0.02537519671022892 0.0342811718583107
v 0.01133856363594532 -0.025031939148902893 0.03395039215683937
v 0.012216571718454361 -0.02500000037252903 0.03432309627532959
v 0.01133856363594532 -0.025031939148902893 0.03395039215683937
v 0.012270919047296047 -0.02449999935925007 0.03420064225792885
v 0.012270919047296047 -0.02449999935925007 0.03420064225792885
v 0.01133856363594532 -0.025031939148902893 0.03395039215683937
v 0.011401038616895676 -0.024555904790759087 0.033812206238508224
v 0.011865268461406231 -0.025499999523162842 0.03511466830968857
v 0.012068093754351139 -0.025366025045514107 0.03465765714645386
v 0.01433307770639658 -0.025366025045514107 0.035780373960733414
v 0.012068093754351139 -0.025366025045514107 0.03465765714645386
v 0.012216571718454361 -0.02500000037252903 0.03432309627532959
v 0.014509422704577446 -0.02500000037252903 0.03545963019132614
v 0.012216571718454361 -0.02500000037252903 0.03432309627532959
v 0.012270919047296047 -0.02449999935925007 0.03420064225792885
v 0.014573969878256321 -0.02449999935925007 0.035342227667570114
v 0.014509422704577446 -0.02500000037252903 0.03545963019132614
v 0.014509422704577446 -0.02500000037252903 0.03545963019132614
v 0.014573969878256321 -0.02449999935925007 0.035342227667570114
v 0.016771787777543068 -0.02449999935925007 0.03667521849274635
v 0.016697507351636887 -0.02500000037252903 0.03678671643137932
v 0.016697507351636887 -0.02500000037252903 0.03678671643137932
v 0.016771787777543068 -0.02449999935925007 0.03667521849274635
v 0.01915067806839943 -0.02449999935925007 0.03843389451503754
v 0.01906586065888405 -0.02500000037252903 0.03853760287165642
v 0.01906586065888405 -0.02500000037252903 0.03853760287165642
v 0.01915067806839943 -0.02449999935925007 0.03843389451503754
v 0.021346401423215866 -0.02449999935925007 0.04041653126478195
v 0.0212518610060215 -0.02500000037252903 0.04051145911216736
v 0.0212518610060215 -0.02500000037252903 0.04051145911216736
v 0.021346401423215866 -0.02449999935925007 0.04041653126478195
v 0.023337960243225098 -0.02449999935925007 0.04260416701436043
v 0.023234598338603973 -0.02500000037252903 0.042689405381679535
v 0.023234598338603973 -0.02500000037252903 0.042689405381679535
v 0.023337960243225098 -0.02449999935925007 0.04260416701436043
v 0.02510630339384079 -0.02449999935925007 0.044975876808166504
v 0.0249951109290123 -0.02500000037252903 0.04505061358213425
v 0.0249951109290123 -0.02500000037252903 0.04505061358213425
v 0.02510630339384079 -0.02449999935925007 0.044975876808166504
v 0.026634519919753075 -0.02449999935925007 0.047508981078863144
v 0.026516558602452278 -0.02500000037252903 0.04757249727845192
v 0.026516558602452278 -0.02500000037252903 0.04757249727845192
v 0.026634519919753075 -0.02449999935925007 0.047508981078863144
v 0.027907991781830788 -0.02449999935925007 0.05017924681305885
v 0.02778439037501812 -0.02500000037252903 0.05023093521595001
v 0.02778439037501812 -0.02500000037252903 0.05023093521595001
v 0.027907991781830788 -0.02449999935925007 0.05017924681305885
v 0.028914539143443108 -0.02449999935925007 0.052961137145757675
v 0.02878648042678833 -0.02500000037252903 0.05300050601363182
v 0.02878648042678833 -0.02500000037252903 0.05300050601363182
v 0.028914539143443108 -0.02449999935925007 0.052961137145757675
v 0.02964453585445881 -0.02449999935925007 0.055828046053647995
v 0.029513243585824966 -0.02500000037252903 0.055854715406894684
v 0.029513243585824966 -0.02500000037252903 0.055854715406894684
v 0.02964453585445881 -0.02449999935925007 0.055828046053647995
v 0.030091000720858574 -0.02449999935925007 0.058752547949552536
v 0.029957730323076248 -0.02500000037252903 0.05876626819372177
v 0.029957730323076248 -0.02500000037252903 0.05876626819372177
v 0.030091000720858574 -0.02449999935925007 0.058752547949552536
v 0.030249660834670067 -0.02449999935925007 0.061706677079200745
v 0.03011568821966648 -0.02500000037252903 0.06170731410384178
v 0.03011568821966648 -0.02500000037252903 0.06170731410384178
v 0.030249660834670067 -0.02449999935925007 0.061706677079200745
v 0.030119000002741814 -0.02449999935925007 0.06466218084096909
v 0.02998560480773449 -0.02500000037252903 0.06464972347021103
v 0.02998560480773449 -0.02500000037252903 0.06464972347021103
v 0.030119000002741814 -0.02449999935925007 0.06466218084096909
v 0.02970026805996895 -0.02449999935925007 0.06759078055620193
v 0.029568728059530258 -0.02500000037252903 0.06756535917520523
v 0.029568728059530258 -0.02500000037252903 0.06756535917520523
v 0.02970026805996895 -0.02449999935925007 0.06759078055620193
v 0.028997469693422318 -0.02449999935925007 0.07046447694301605
v 0.028869042173027992 -0.02500000037252903 0.0704263225197792
v 0.028869042173027992 -0.02500000037252903 0.0704263225197792
v 0.028997469693422318 -0.02449999935925007 0.07046447694301605
v 0.028017327189445496 -0.02449999935925007 0.07325578480958939
v 0.027893241494894028 -0.02500000037252903 0.07320526987314224
v 0.027893241494894028 -0.02500000037252903 0.07320526987314224
v 0.028017327189445496 -0.02449999935925007 0.07325578480958939
v 0.026769215241074562 -0.02449999935925007 0.07593799382448196
v 0.026650656014680862 -0.02500000037252903 0.07587560266256332
v 0.026650656014680862 -0.02500000037252903 0.07587560266256332
v 0.026769215241074562 -0.02449999935925007 0.07593799382448196
v 0.025265071541070938 -0.02449999935925007 0.07848546653985977
v 0.02515317313373089 -0.02500000037252903 0.07841178774833679
v 0.02515317313373089 -0.02500000037252903 0.07841178774833679
v 0.025265071541070938 -0.02449999935925007 0.07848546653985977
v 0.023519279435276985 -0.02449999935925007 0.08087382465600967
v 0.023415114730596542 -0.02500000037252903 0.08078957349061966
v 0.023415114730596542 -0.02500000037252903 0.08078957349061966
v 0.023519279435276985 -0.02449999935925007 0.08087382465600967
v 0.021548541262745857 -0.02449999935925007 0.0830802321434021
v 0.02145310491323471 -0.02500000037252903 0.08298620581626892
v 0.02145310491323471 -0.02500000037252903 0.08298620581626892
v 0.021548541262745857 -0.02449999935925007 0.0830802321434021
v 0.019371701404452324 -0.02449999935925007 0.08508358895778656
v 0.019285906106233597 -0.02500000037252903 0.08498068898916245
v 0.019285906106233597 -0.02500000037252903 0.08498068898916245
v 0.019371701404452324 -0.02449999935925007 0.08508358895778656
v 0.017009584233164787 -0.02449999935925007 0.08686472475528717
v 0.01693424955010414 -0.02500000037252903 0.08675394207239151
v 0.01693424955010414 -0.02500000037252903 0.08675394207239151
v 0.017009584233164787 -0.02449999935925007 0.08686472475528717
v 0.014484778046607971 -0.02449999935925007 0.08840661495923996
v 0.01693424955010414 -0.02500000037252903 0.08675394207239151
v 0.014484778046607971 -0.02449999935925007 0.08840661495923996
v 0.014420626685023308 -0.02500000037252903 0.08828899264335632
v 0.014420626685023308 -0.02500000037252903 0.08828899264335632
v 0.014484778046607971 -0.02449999935925007 0.08840661495923996
v 0.011821434833109379 -0.02449999935925007 0.08969449996948242
v 0.01176907867193222 -0.02500000037252903 0.08957117795944214
v 0.01176907867193222 -0.02500000037252903 0.08957117795944214
v 0.011821434833109379 -0.02449999935925007 0.08969449996948242
v 0.009045025333762169 -0.02449999935925007 0.09071607142686844
v 0.009004965424537659 -0.02500000037252903 0.09058822691440582
v 0.009004965424537659 -0.02500000037252903 0.09058822691440582
v 0.009045025333762169 -0.02449999935925007 0.09071607142686844
v 0.0061821057461202145 -0.02449999935925007 0.09146155416965485
v 0.006154725328087807 -0.02500000037252903 0.09133040904998779
v 0.006154725328087807 -0.02500000037252903 0.09133040904998779
v 0.0061821057461202145 -0.02449999935925007 0.09146155416965485
v 0.003260057419538498 -0.02449999935925007 0.09192381799221039
v 0.0032456188928335905 -0.02500000037252903 0.09179062396287918
v 0.0032456188928335905 -0.02500000037252903 0.09179062396287918
v 0.003260057419538498 -0.02449999935925007 0.09192381799221039
v 0.00030682876240462065 -0.02449999935925007 0.09209844470024109
v 0.00030546984635293484 -0.02500000037252903 0.0919644758105278
v 0.00030546984635293484 -0.02500000037252903 0.0919644758105278
v 0.00030682876240462065 -0.02449999935925007 0.09209844470024109
v -0.00264933449216187 -0.02449999935925007 0.09198375791311264
v 0.00030546984635293484 -0.02500000037252903 0.0919644758105278
v -0.00264933449216187 -0.02449999935925007 0.09198375791311264
v -0.0026376009918749332 -0.02500000037252903 0.09185030311346054
v -0.0026376009918749332 -0.02500000037252903 0.09185030311346054
v -0.00264933449216187 -0.02449999935925007 0.09198375791311264
v -0.0055801584385335445 -0.02449999935925007 0.09158086776733398
v -0.0026376009918749332 -0.02500000037252903 0.09185030311346054
v -0.0055801584385335445 -0.02449999935925007 0.09158086776733398
v -0.005555444397032261 -0.02500000037252903 0.09144918620586395
v -0.005555444397032261 -0.02500000037252903 0.09144918620586395
v -0.0055801584385335445 -0.02449999935925007 0.09158086776733398
v -0.008457611314952374 -0.02449999935925007 0.09089361131191254
v -0.008420153521001339 -0.02500000037252903 0.09076497703790665
v -0.008420153521001339 -0.02500000037252903 0.09076497703790665
v -0.008457611314952374 -0.02449999935925007 0.09089361131191254
v -0.011254171840846539 -0.02449999935925007 0.08992856740951538
v -0.011204328387975693 -0.02500000037252903 0.08980420976877213
v -0.011204328387975693 -0.02500000037252903 0.08980420976877213
v -0.011254171840846539 -0.02449999935925007 0.08992856740951538
v -0.01394309289753437 -0.02449999935925007 0.0886949747800827
v -0.013881340622901917 -0.02500000037252903 0.08857607841491699
v -0.013881340622901917 -0.02500000037252903 0.08857607841491699
v -0.01394309289753437 -0.02449999935925007 0.0886949747800827
v -0.016498656943440437 -0.02449999935925007 0.08720462024211884
v -0.016425585374236107 -0.02500000037252903 0.087092325091362
v -0.016425585374236107 -0.02500000037252903 0.087092325091362
v -0.016498656943440437 -0.02449999935925007 0.08720462024211884
v -0.018896419554948807 -0.02449999935925007 0.08547176420688629
v -0.016425585374236107 -0.02500000037252903 0.087092325091362
v -0.018896419554948807 -0.02449999935925007 0.08547176420688629
v -0.01881272904574871 -0.02500000037252903 0.08536715060472488
v -0.01881272904574871 -0.02500000037252903 0.08536715060472488
v -0.018896419554948807 -0.02449999935925007 0.08547176420688629
v -0.021113447844982147 -0.02449999935925007 0.08351298421621323
v -0.01881272904574871 -0.02500000037252903 0.08536715060472488
v -0.021113447844982147 -0.02449999935925007 0.08351298421621323
v -0.021019939333200455 -0.02500000037252903 0.08341703563928604
v -0.021019939333200455 -0.02500000037252903 0.08341703563928604
v -0.021113447844982147 -0.02449999935925007 0.08351298421621323
v -0.023128539323806763 -0.02449999935925007 0.08134700357913971
v -0.023026105016469955 -0.02500000037252903 0.08126065135002136
v -0.023026105016469955 -0.02500000037252903 0.08126065135002136
v -0.023128539323806763 -0.02449999935925007 0.08134700357913971
v -0.02492241933941841 -0.02449999935925007 0.07899454981088638
v -0.024812038987874985 -0.02500000037252903 0.07891861349344254
v -0.024812038987874985 -0.02500000037252903 0.07891861349344254
v -0.02492241933941841 -0.02449999935925007 0.07899454981088638
v -0.026477929204702377 -0.02449999935925007 0.07647811621427536
v -0.026360660791397095 -0.02500000037252903 0.07641332596540451
v -0.026360660791397095 -0.02500000037252903 0.07641332596540451
v -0.026477929204702377 -0.02449999935925007 0.07647811621427536
v -0.027780193835496902 -0.02449999935925007 0.0738217681646347
v -0.0276571586728096 -0.02500000037252903 0.073768749833107
v -0.0276571586728096 -0.02500000037252903 0.073768749833107
v -0.027780193835496902 -0.02449999935925007 0.0738217681646347
v -0.02881675772368908 -0.02449999935925007 0.07105092704296112
v -0.028689131140708923 -0.02500000037252903 0.07101017236709595
v -0.028689131140708923 -0.02500000037252903 0.07101017236709595
v -0.02881675772368908 -0.02449999935925007 0.07105092704296112
v -0.029577704146504402 -0.02449999935925007 0.06819207221269608
v -0.029446706175804138 -0.02500000037252903 0.06816398352384567
v -0.029446706175804138 -0.02500000037252903 0.06816398352384567
v -0.029577704146504402 -0.02449999935925007 0.06819207221269608
v -0.030055757611989975 -0.02449999935925007 0.06527256965637207
v -0.029922641813755035 -0.02500000037252903 0.06525740772485733
v -0.029922641813755035 -0.02500000037252903 0.06525740772485733
v -0.030055757611989975 -0.02449999935925007 0.06527256965637207
v -0.030246343463659286 -0.02449999935925007 0.06232032552361488
v -0.030112385749816895 -0.02500000037252903 0.06231824308633804
v 0.01433307770639658 -0.025366025045514107 0.035780373960733414
v 0.01433307770639658 -0.025366025045514107 0.035780373960733414
v 0.014509422704577446 -0.02500000037252903 0.03545963019132614
v 0.016697507351636887 -0.02500000037252903 0.03678671643137932
v 0.016494568437337875 -0.025366025045514107 0.03709132969379425
v 0.016494568437337875 -0.025366025045514107 0.03709132969379425
v 0.016697507351636887 -0.02500000037252903 0.03678671643137932
v 0.01906586065888405 -0.02500000037252903 0.03853760287165642
v 0.01883413828909397 -0.025366025045514107 0.038820937275886536
v 0.01883413828909397 -0.025366025045514107 0.038820937275886536
v 0.01906586065888405 -0.02500000037252903 0.03853760287165642
v 0.0212518610060215 -0.02500000037252903 0.04051145911216736
v 0.020993569865822792 -0.025366025045514107 0.04077080264687538
v 0.020993569865822792 -0.025366025045514107 0.04077080264687538
v 0.0212518610060215 -0.02500000037252903 0.04051145911216736
v 0.023234598338603973 -0.02500000037252903 0.042689405381679535
v 0.022952208295464516 -0.025366025045514107 0.042922280728816986
v 0.022952208295464516 -0.025366025045514107 0.042922280728816986
v 0.023234598338603973 -0.02500000037252903 0.042689405381679535
v 0.0249951109290123 -0.02500000037252903 0.04505061358213425
v 0.024691322818398476 -0.025366025045514107 0.04525478929281235
v 0.024691322818398476 -0.025366025045514107 0.04525478929281235
v 0.0249951109290123 -0.02500000037252903 0.04505061358213425
v 0.026516558602452278 -0.02500000037252903 0.04757249727845192
v 0.02619428001344204 -0.025366025045514107 0.047746021300554276
v 0.02619428001344204 -0.025366025045514107 0.047746021300554276
v 0.026516558602452278 -0.02500000037252903 0.04757249727845192
v 0.02778439037501812 -0.02500000037252903 0.05023093521595001
v 0.027446702122688293 -0.025366025045514107 0.050372153520584106
v 0.027446702122688293 -0.025366025045514107 0.050372153520584106
v 0.02778439037501812 -0.02500000037252903 0.05023093521595001
v 0.02878648042678833 -0.02500000037252903 0.05300050601363182
v 0.02843661420047283 -0.025366025045514107 0.05310806259512901
v 0.02843661420047283 -0.025366025045514107 0.05310806259512901
v 0.02878648042678833 -0.02500000037252903 0.05300050601363182
v 0.029513243585824966 -0.02500000037252903 0.055854715406894684
v 0.029154544696211815 -0.025366025045514107 0.0559275820851326
v 0.029154544696211815 -0.025366025045514107 0.0559275820851326
v 0.029513243585824966 -0.02500000037252903 0.055854715406894684
v 0.029957730323076248 -0.02500000037252903 0.05876626819372177
v 0.029593627899885178 -0.025366025045514107 0.0588037483394146
v 0.029593627899885178 -0.025366025045514107 0.0588037483394146
v 0.029957730323076248 -0.02500000037252903 0.05876626819372177
v 0.03011568821966648 -0.02500000037252903 0.06170731410384178
v 0.029749665409326553 -0.025366025045514107 0.061709046363830566
v 0.029749665409326553 -0.025366025045514107 0.061709046363830566
v 0.03011568821966648 -0.02500000037252903 0.06170731410384178
v 0.02998560480773449 -0.02500000037252903 0.06464972347021103
v 0.029621165245771408 -0.025366025045514107 0.06461569666862488
v 0.029621165245771408 -0.025366025045514107 0.06461569666862488
v 0.02998560480773449 -0.02500000037252903 0.06464972347021103
v 0.029568728059530258 -0.02500000037252903 0.06756535917520523
v 0.029209354892373085 -0.025366025045514107 0.06749588996171951
v 0.029209354892373085 -0.025366025045514107 0.06749588996171951
v 0.029568728059530258 -0.02500000037252903 0.06756535917520523
v 0.028869042173027992 -0.02500000037252903 0.0704263225197792
v 0.028518173843622208 -0.025366025045514107 0.07032208889722824
v 0.028518173843622208 -0.025366025045514107 0.07032208889722824
v 0.028869042173027992 -0.02500000037252903 0.0704263225197792
v 0.027893241494894028 -0.02500000037252903 0.07320526987314224
v 0.027554230764508247 -0.025366025045514107 0.07306725531816483
v 0.027554230764508247 -0.025366025045514107 0.07306725531816483
v 0.027893241494894028 -0.02500000037252903 0.07320526987314224
v 0.026650656014680862 -0.02500000037252903 0.07587560266256332
v 0.026326749473810196 -0.025366025045514107 0.0757051333785057
v 0.026326749473810196 -0.025366025045514107 0.0757051333785057
v 0.026650656014680862 -0.02500000037252903 0.07587560266256332
v 0.02515317313373089 -0.02500000037252903 0.07841178774833679
v 0.024847466498613358 -0.025366025045514107 0.0782104954123497
v 0.024847466498613358 -0.025366025045514107 0.0782104954123497
v 0.02515317313373089 -0.02500000037252903 0.07841178774833679
v 0.023415114730596542 -0.02500000037252903 0.08078957349061966
v 0.02313053235411644 -0.025366025045514107 0.0805593803524971
v 0.02313053235411644 -0.025366025045514107 0.0805593803524971
v 0.023415114730596542 -0.02500000037252903 0.08078957349061966
v 0.02145310491323471 -0.02500000037252903 0.08298620581626892
v 0.021192366257309914 -0.025366025045514107 0.08272932469844818
v 0.021192366257309914 -0.025366025045514107 0.08272932469844818
v 0.02145310491323471 -0.02500000037252903 0.08298620581626892
v 0.019285906106233597 -0.02500000037252903 0.08498068898916245
v 0.019051508978009224 -0.025366025045514107 0.08469956368207932
v 0.019051508978009224 -0.025366025045514107 0.08469956368207932
v 0.019285906106233597 -0.02500000037252903 0.08498068898916245
v 0.01693424955010414 -0.02500000037252903 0.08675394207239151
v 0.016728432849049568 -0.025366025045514107 0.08645126223564148
v 0.016728432849049568 -0.025366025045514107 0.08645126223564148
v 0.01693424955010414 -0.02500000037252903 0.08675394207239151
v 0.014420626685023308 -0.02500000037252903 0.08828899264335632
v 0.016728432849049568 -0.025366025045514107 0.08645126223564148
v 0.014420626685023308 -0.02500000037252903 0.08828899264335632
v 0.014245361089706421 -0.025366025045514107 0.08796766400337219
v 0.014245361089706421 -0.025366025045514107 0.08796766400337219
v 0.014420626685023308 -0.02500000037252903 0.08828899264335632
v 0.01176907867193222 -0.02500000037252903 0.08957117795944214
v 0.011626038700342178 -0.025366025045514107 0.08923426270484924
v 0.011626038700342178 -0.025366025045514107 0.08923426270484924
v 0.01176907867193222 -0.02500000037252903 0.08957117795944214
v 0.009004965424537659 -0.02500000037252903 0.09058822691440582
v 0.00889552105218172 -0.025366025045514107 0.09023894369602203
v 0.00889552105218172 -0.025366025045514107 0.09023894369602203
v 0.009004965424537659 -0.02500000037252903 0.09058822691440582
v 0.006154725328087807 -0.02500000037252903 0.09133040904998779
v 0.006079921964555979 -0.025366025045514107 0.09097210317850113
v 0.006079921964555979 -0.025366025045514107 0.09097210317850113
v 0.006154725328087807 -0.02500000037252903 0.09133040904998779
v 0.0032456188928335905 -0.02500000037252903 0.09179062396287918
v 0.0032061722595244646 -0.025366025045514107 0.09142673015594482
v 0.0032061722595244646 -0.025366025045514107 0.09142673015594482
v 0.0032456188928335905 -0.02500000037252903 0.09179062396287918
v 0.00030546984635293484 -0.02500000037252903 0.0919644758105278
v 0.00030175718711689115 -0.025366025045514107 0.09159846603870392
v 0.00030175718711689115 -0.025366025045514107 0.09159846603870392
v 0.00030546984635293484 -0.02500000037252903 0.0919644758105278
v -0.0026376009918749332 -0.02500000037252903 0.09185030311346054
v -0.002605543937534094 -0.025366025045514107 0.09148567914962769
v -0.002605543937534094 -0.025366025045514107 0.09148567914962769
v -0.0026376009918749332 -0.02500000037252903 0.09185030311346054
v -0.005555444397032261 -0.02500000037252903 0.09144918620586395
v -0.005487924441695213 -0.025366025045514107 0.09108944237232208
v -0.005487924441695213 -0.025366025045514107 0.09108944237232208
v -0.005555444397032261 -0.02500000037252903 0.09144918620586395
v -0.008420153521001339 -0.02500000037252903 0.09076497703790665
v -0.008317816071212292 -0.025366025045514107 0.09041354805231094
v -0.008317816071212292 -0.025366025045514107 0.09041354805231094
v -0.008420153521001339 -0.02500000037252903 0.09076497703790665
v -0.011204328387975693 -0.02500000037252903 0.08980420976877213
v -0.011068153195083141 -0.025366025045514107 0.0894644632935524
v -0.011068153195083141 -0.025366025045514107 0.0894644632935524
v -0.011204328387975693 -0.02500000037252903 0.08980420976877213
v -0.013881340622901917 -0.02500000037252903 0.08857607841491699
v -0.013712628744542599 -0.025366025045514107 0.0882512554526329
v -0.013712628744542599 -0.025366025045514107 0.0882512554526329
v -0.013881340622901917 -0.02500000037252903 0.08857607841491699
v -0.016425585374236107 -0.02500000037252903 0.087092325091362
v -0.01622595079243183 -0.025366025045514107 0.08678553998470306
v -0.01622595079243183 -0.025366025045514107 0.08678553998470306
v -0.016425585374236107 -0.02500000037252903 0.087092325091362
v -0.01881272904574871 -0.02500000037252903 0.08536715060472488
v -0.018584081903100014 -0.025366025045514107 0.0850813239812851
v -0.018584081903100014 -0.025366025045514107 0.0850813239812851
v -0.01881272904574871 -0.02500000037252903 0.08536715060472488
v -0.021019939333200455 -0.02500000037252903 0.08341703563928604
v -0.020764466375112534 -0.025366025045514107 0.08315491676330566
v -0.020764466375112534 -0.025366025045514107 0.08315491676330566
v -0.021019939333200455 -0.02500000037252903 0.08341703563928604
v -0.023026105016469955 -0.02500000037252903 0.08126065135002136
v -0.0227462500333786 -0.025366025045514107 0.08102473616600037
v -0.0227462500333786 -0.025366025045514107 0.08102473616600037
v -0.023026105016469955 -0.02500000037252903 0.08126065135002136
v -0.024812038987874985 -0.02500000037252903 0.07891861349344254
v -0.024510478600859642 -0.025366025045514107 0.07871116697788239
v -0.024510478600859642 -0.025366025045514107 0.07871116697788239
v -0.024812038987874985 -0.02500000037252903 0.07891861349344254
v -0.026360660791397095 -0.02500000037252903 0.07641332596540451
v -0.026040278375148773 -0.025366025045514107 0.07623632997274399
v -0.026040278375148773 -0.025366025045514107 0.07623632997274399
v -0.026360660791397095 -0.02500000037252903 0.07641332596540451
v -0.0276571586728096 -0.02500000037252903 0.073768749833107
v -0.027321018278598785 -0.025366025045514107 0.073623888194561
v -0.027321018278598785 -0.025366025045514107 0.073623888194561
v -0.0276571586728096 -0.02500000037252903 0.073768749833107
v -0.028689131140708923 -0.02500000037252903 0.07101017236709595
v -0.028340447694063187 -0.025366025045514107 0.07089884579181671
v -0.028340447694063187 -0.025366025045514107 0.07089884579181671
v -0.028689131140708923 -0.02500000037252903 0.07101017236709595
v -0.029446706175804138 -0.02500000037252903 0.06816398352384567
v -0.029088815674185753 -0.025366025045514107 0.06808724999427795
v -0.029088815674185753 -0.025366025045514107 0.06808724999427795
v -0.029446706175804138 -0.02500000037252903 0.06816398352384567
v -0.029922641813755035 -0.02500000037252903 0.06525740772485733
v -0.029558967798948288 -0.025366025045514107 0.06521599739789963
v -0.029558967798948288 -0.025366025045514107 0.06521599739789963
v -0.029922641813755035 -0.02500000037252903 0.06525740772485733
v -0.030112385749816895 -0.02500000037252903 0.06231824308633804
v -0.02974640391767025 -0.025366025045514107 0.06231255456805229
v 0.014092185534536839 -0.025499999523162842 0.03621852025389671
v 0.014092185534536839 -0.025499999523162842 0.03621852025389671
v 0.01433307770639658 -0.025366025045514107 0.035780373960733414
v 0.016494568437337875 -0.025366025045514107 0.03709132969379425
v 0.016217349097132683 -0.025499999523162842 0.037507444620132446
v 0.016217349097132683 -0.025499999523162842 0.037507444620132446
v 0.016494568437337875 -0.025366025045514107 0.03709132969379425
v 0.01883413828909397 -0.025366025045514107 0.038820937275886536
v 0.018517598509788513 -0.025499999523162842 0.039207980036735535
v 0.018517598509788513 -0.025499999523162842 0.039207980036735535
v 0.01883413828909397 -0.025366025045514107 0.038820937275886536
v 0.020993569865822792 -0.025366025045514107 0.04077080264687538
v 0.02064073644578457 -0.025499999523162842 0.04112507402896881
v 0.02064073644578457 -0.025499999523162842 0.04112507402896881
v 0.020993569865822792 -0.025366025045514107 0.04077080264687538
v 0.022952208295464516 -0.025366025045514107 0.042922280728816986
v 0.022566458210349083 -0.025499999523162842 0.043240390717983246
v 0.022566458210349083 -0.025499999523162842 0.043240390717983246
v 0.022952208295464516 -0.025366025045514107 0.042922280728816986
v 0.024691322818398476 -0.025366025045514107 0.04525478929281235
v 0.02427634410560131 -0.025499999523162842 0.04553370177745819
v 0.02427634410560131 -0.025499999523162842 0.04553370177745819
v 0.024691322818398476 -0.025366025045514107 0.04525478929281235
v 0.02619428001344204 -0.025366025045514107 0.047746021300554276
v 0.025754040107131004 -0.025499999523162842 0.047983065247535706
v 0.025754040107131004 -0.025499999523162842 0.047983065247535706
v 0.02619428001344204 -0.025366025045514107 0.047746021300554276
v 0.027446702122688293 -0.025366025045514107 0.050372153520584106
v 0.02698541432619095 -0.025499999523162842 0.05056505650281906
v 0.02698541432619095 -0.025499999523162842 0.05056505650281906
v 0.027446702122688293 -0.025366025045514107 0.050372153520584106
v 0.02843661420047283 -0.025366025045514107 0.05310806259512901
v 0.027958687394857407 -0.025499999523162842 0.05325498431921005
v 0.027958687394857407 -0.025499999523162842 0.05325498431921005
v 0.02843661420047283 -0.025366025045514107 0.05310806259512901
v 0.029154544696211815 -0.025366025045514107 0.0559275820851326
v 0.02866455167531967 -0.025499999523162842 0.0560271181166172
v 0.02866455167531967 -0.025499999523162842 0.0560271181166172
v 0.029154544696211815 -0.025366025045514107 0.0559275820851326
v 0.029593627899885178 -0.025366025045514107 0.0588037483394146
v 0.02909625694155693 -0.025499999523162842 0.05885494500398636
v 0.02909625694155693 -0.025499999523162842 0.05885494500398636
v 0.029593627899885178 -0.025366025045514107 0.0588037483394146
v 0.029749665409326553 -0.025366025045514107 0.061709046363830566
v 0.02924967184662819 -0.025499999523162842 0.06171141564846039
v 0.02924967184662819 -0.025499999523162842 0.06171141564846039
v 0.029749665409326553 -0.025366025045514107 0.061709046363830566
v 0.029621165245771408 -0.025366025045514107 0.06461569666862488
v 0.029123330488801003 -0.025499999523162842 0.06456921249628067
v 0.029123330488801003 -0.025499999523162842 0.06456921249628067
v 0.029621165245771408 -0.025366025045514107 0.06461569666862488
v 0.029209354892373085 -0.025366025045514107 0.06749588996171951
v 0.02871844172477722 -0.025499999523162842 0.06740100681781769
v 0.02871844172477722 -0.025499999523162842 0.06740100681781769
v 0.029209354892373085 -0.025366025045514107 0.06749588996171951
v 0.028518173843622208 -0.025366025045514107 0.07032208889722824
v 0.02803887613117695 -0.025499999523162842 0.07017970085144043
v 0.02803887613117695 -0.025499999523162842 0.07017970085144043
v 0.028518173843622208 -0.025366025045514107 0.07032208889722824
v 0.027554230764508247 -0.025366025045514107 0.07306725531816483
v 0.027091134339571 -0.025499999523162842 0.07287873327732086
v 0.027091134339571 -0.025499999523162842 0.07287873327732086
v 0.027554230764508247 -0.025366025045514107 0.07306725531816483
v 0.026326749473810196 -0.025366025045514107 0.0757051333785057
v 0.02588428184390068 -0.025499999523162842 0.07547227293252945
v 0.02588428184390068 -0.025499999523162842 0.07547227293252945
v 0.026326749473810196 -0.025366025045514107 0.0757051333785057
v 0.024847466498613358 -0.025366025045514107 0.0782104954123497
v 0.024429861456155777 -0.025499999523162842 0.07793553173542023
v 0.024429861456155777 -0.025499999523162842 0.07793553173542023
v 0.024847466498613358 -0.025366025045514107 0.0782104954123497
v 0.02313053235411644 -0.025366025045514107 0.0805593803524971
v 0.022741783410310745 -0.025499999523162842 0.08024493604898453
v 0.022741783410310745 -0.025499999523162842 0.08024493604898453
v 0.02313053235411644 -0.025366025045514107 0.0805593803524971
v 0.021192366257309914 -0.025366025045514107 0.08272932469844818
v 0.02083619311451912 -0.025499999523162842 0.08237840980291367
v 0.02083619311451912 -0.025499999523162842 0.08237840980291367
v 0.021192366257309914 -0.025366025045514107 0.08272932469844818
v 0.019051508978009224 -0.025366025045514107 0.08469956368207932
v 0.018731314688920975 -0.025499999523162842 0.08431553840637207
v 0.018731314688920975 -0.025499999523162842 0.08431553840637207
v 0.019051508978009224 -0.025366025045514107 0.08469956368207932
v 0.016728432849049568 -0.025366025045514107 0.08645126223564148
v 0.0164472833275795 -0.025499999523162842 0.08603779226541519
v 0.0164472833275795 -0.025499999523162842 0.08603779226541519
v 0.016728432849049568 -0.025366025045514107 0.08645126223564148
v 0.014245361089706421 -0.025366025045514107 0.08796766400337219
v 0.014005943201482296 -0.025499999523162842 0.08752870559692383
v 0.014005943201482296 -0.025499999523162842 0.08752870559692383
v 0.014245361089706421 -0.025366025045514107 0.08796766400337219
v 0.011626038700342178 -0.025366025045514107 0.08923426270484924
v 0.011430643498897552 -0.025499999523162842 0.08877401798963547
v 0.011430643498897552 -0.025499999523162842 0.08877401798963547
v 0.011626038700342178 -0.025366025045514107 0.08923426270484924
v 0.00889552105218172 -0.025366025045514107 0.09023894369602203
v 0.008746015839278698 -0.025499999523162842 0.08976182341575623
v 0.008746015839278698 -0.025499999523162842 0.08976182341575623
v 0.00889552105218172 -0.025366025045514107 0.09023894369602203
v 0.006079921964555979 -0.025366025045514107 0.09097210317850113
v 0.00597773864865303 -0.025499999523162842 0.09048265963792801
v 0.00597773864865303 -0.025499999523162842 0.09048265963792801
v 0.006079921964555979 -0.025366025045514107 0.09097210317850113
v 0.0032061722595244646 -0.025366025045514107 0.09142673015594482
v 0.0031522868666797876 -0.025499999523162842 0.09092964231967926
v 0.0031522868666797876 -0.025499999523162842 0.09092964231967926
v 0.0032061722595244646 -0.025366025045514107 0.09142673015594482
v 0.00030175718711689115 -0.025366025045514107 0.09159846603870392
v 0.0002966856409329921 -0.025499999523162842 0.09109849482774734
v 0.0002966856409329921 -0.025499999523162842 0.09109849482774734
v 0.00030175718711689115 -0.025366025045514107 0.09159846603870392
v -0.002605543937534094 -0.025366025045514107 0.09148567914962769
v -0.0025617533829063177 -0.025499999523162842 0.09098760038614273
v -0.0025617533829063177 -0.025499999523162842 0.09098760038614273
v -0.002605543937534094 -0.025366025045514107 0.09148567914962769
v -0.005487924441695213 -0.025366025045514107 0.09108944237232208
v -0.005395690444856882 -0.025499999523162842 0.09059802442789078
v -0.005395690444856882 -0.025499999523162842 0.09059802442789078
v -0.005487924441695213 -0.025366025045514107 0.09108944237232208
v -0.008317816071212292 -0.025366025045514107 0.09041354805231094
v -0.00817802082747221 -0.025499999523162842 0.08993349224328995
v -0.00817802082747221 -0.025499999523162842 0.08993349224328995
v -0.008317816071212292 -0.025366025045514107 0.09041354805231094
v -0.011068153195083141 -0.025366025045514107 0.0894644632935524
v -0.01088213361799717 -0.025499999523162842 0.08900035172700882
v -0.01088213361799717 -0.025499999523162842 0.08900035172700882
v -0.011068153195083141 -0.025366025045514107 0.0894644632935524
v -0.013712628744542599 -0.025366025045514107 0.0882512554526329
v -0.013482164591550827 -0.025499999523162842 0.0878075361251831
v -0.013482164591550827 -0.025499999523162842 0.0878075361251831
v -0.013712628744542599 -0.025366025045514107 0.0882512554526329
v -0.01622595079243183 -0.025366025045514107 0.08678553998470306
v -0.015953246504068375 -0.025499999523162842 0.0863664522767067
v -0.015953246504068375 -0.025499999523162842 0.0863664522767067
v -0.01622595079243183 -0.025366025045514107 0.08678553998470306
v -0.018584081903100014 -0.025366025045514107 0.0850813239812851
v -0.01827174425125122 -0.025499999523162842 0.0846908837556839
v -0.01827174425125122 -0.025499999523162842 0.0846908837556839
v -0.018584081903100014 -0.025366025045514107 0.0850813239812851
v -0.020764466375112534 -0.025366025045514107 0.08315491676330566
v -0.02041548304259777 -0.025499999523162842 0.0827968493103981
v -0.02041548304259777 -0.025499999523162842 0.0827968493103981
v -0.020764466375112534 -0.025366025045514107 0.08315491676330566
v -0.0227462500333786 -0.025366025045514107 0.08102473616600037
v -0.02236395888030529 -0.025499999523162842 0.08070247620344162
v -0.02236395888030529 -0.025499999523162842 0.08070247620344162
v -0.0227462500333786 -0.025366025045514107 0.08102473616600037
v -0.024510478600859642 -0.025366025045514107 0.07871116697788239
v -0.024098537862300873 -0.025499999523162842 0.07842778414487839
v -0.024098537862300873 -0.025499999523162842 0.07842778414487839
v -0.024510478600859642 -0.025366025045514107 0.07871116697788239
v -0.026040278375148773 -0.025366025045514107 0.07623632997274399
v -0.02560262568295002 -0.025499999523162842 0.07599454373121262
v -0.02560262568295002 -0.025499999523162842 0.07599454373121262
v -0.026040278375148773 -0.025366025045514107 0.07623632997274399
v -0.027321018278598785 -0.025366025045514107 0.073623888194561
v -0.02686184085905552 -0.025499999523162842 0.0734260082244873
v -0.02686184085905552 -0.025499999523162842 0.0734260082244873
v -0.027321018278598785 -0.025366025045514107 0.073623888194561
v -0.028340447694063187 -0.025366025045514107 0.07089884579181671
v -0.027864137664437294 -0.025499999523162842 0.0707467645406723
v -0.027864137664437294 -0.025499999523162842 0.0707467645406723
v -0.028340447694063187 -0.025366025045514107 0.07089884579181671
v -0.029088815674185753 -0.025366025045514107 0.06808724999427795
v -0.028599929064512253 -0.025499999523162842 0.06798242032527924
v -0.028599929064512253 -0.025499999523162842 0.06798242032527924
v -0.029088815674185753 -0.025366025045514107 0.06808724999427795
v -0.029558967798948288 -0.025366025045514107 0.06521599739789963
v -0.0290621779859066 -0.025499999523162842 0.06515942513942719
v -0.0290621779859066 -0.025499999523162842 0.06515942513942719
v -0.029558967798948288 -0.025366025045514107 0.06521599739789963
v -0.02974640391767025 -0.025366025045514107 0.06231255456805229
v -0.029246464371681213 -0.025499999523162842 0.0623047798871994
v -0.03079487755894661 -0.025490088388323784 0.05988747999072075
v -0.030731389299035072 -0.025499999523162842 0.0597618967294693
v -0.0301987137645483 -0.025499999523162842 0.060158662497997284
v -0.03079487755894661 -0.025490088388323784 0.05988747999072075
v -0.0301987137645483 -0.025499999523162842 0.060158662497997284
v -0.030941009521484375 -0.02542610466480255 0.060076456516981125
v -0.030941009521484375 -0.02542610466480255 0.060076456516981125
v -0.0301987137645483 -0.025499999523162842 0.060158662497997284
v -0.030539944767951965 -0.025366025045514107 0.060524120926856995
v -0.030941009521484375 -0.02542610466480255 0.060076456516981125
v -0.030539944767951965 -0.025366025045514107 0.060524120926856995
v -0.031039459630846977 -0.02536495216190815 0.060164015740156174
v -0.031039459630846977 -0.02536495216190815 0.060164015740156174
v -0.030539944767951965 -0.025366025045514107 0.060524120926856995
v -0.031112173572182655 -0.025313349440693855 0.0602155365049839
v -0.031112173572182655 -0.025313349440693855 0.0602155365049839
v -0.030539944767951965 -0.025366025045514107 0.060524120926856995
v -0.03078974410891533 -0.02500000037252903 0.060791656374931335
v -0.031112173572182655 -0.025313349440693855 0.0602155365049839
v -0.03078974410891533 -0.02500000037252903 0.060791656374931335
v -0.03148490563035011 -0.02499590814113617 0.060360342264175415
v -0.03148490563035011 -0.02499590814113617 0.060360342264175415
v -0.03078974410891533 -0.02500000037252903 0.060791656374931335
v -0.031523529440164566 -0.02496112510561943 0.06036616861820221
v -0.031523529440164566 -0.02496112510561943 0.06036616861820221
v -0.03078974410891533 -0.02500000037252903 0.060791656374931335
v -0.03088117577135563 -0.02449999935925007 0.060889583081007004
v -0.031523529440164566 -0.02496112510561943 0.06036616861820221
v -0.03088117577135563 -0.02449999935925007 0.060889583081007004
v -0.03156206011772156 -0.02449999935925007 0.0604720376431942
v -0.0301987137645483 -0.025499999523162842 0.060158662497997284
v -0.029503917321562767 -0.025499999523162842 0.0611346960067749
v -0.030539944767951965 -0.025366025045514107 0.060524120926856995
v -0.02996094897389412 -0.025366025045514107 0.06133748218417168
v -0.030539944767951965 -0.025366025045514107 0.060524120926856995
v -0.02996094897389412 -0.025366025045514107 0.06133748218417168
v -0.03078974410891533 -0.02500000037252903 0.060791656374931335
v -0.030295519158244133 -0.02500000037252903 0.061485935002565384
v -0.03078974410891533 -0.02500000037252903 0.060791656374931335
v -0.030295519158244133 -0.02500000037252903 0.061485935002565384
v -0.03088117577135563 -0.02449999935925007 0.060889583081007004
v -0.030417978763580322 -0.02449999935925007 0.06154027208685875
v -0.029503917321562767 -0.025499999523162842 0.0611346960067749
v -0.029246464371681213 -0.025499999523162842 0.0623047798871994
v -0.02996094897389412 -0.025366025045514107 0.06133748218417168
v -0.02974640391767025 -0.025366025045514107 0.06231255456805229
v -0.02996094897389412 -0.025366025045514107 0.06133748218417168
v -0.02974640391767025 -0.025366025045514107 0.06231255456805229
v -0.030295519158244133 -0.02500000037252903 0.061485935002565384
v -0.030112385749816895 -0.02500000037252903 0.06231824308633804
v -0.030295519158244133 -0.02500000037252903 0.061485935002565384
v -0.030112385749816895 -0.02500000037252903 0.06231824308633804
v -0.030417978763580322 -0.02449999935925007 0.06154027208685875
v -0.030246343463659286 -0.02449999935925007 0.06232032552361488
v -0.031523529440164566 -0.02496112510561943 0.06036616861820221
v -0.03156206011772156 -0.02449999935925007 0.0604720376431942
v -0.03199537843465805 -0.02449999935925007 0.060314323753118515
f 1 2 3
f 4 5 6
f 7 8 9
f 10 11 12
f 13 14 15
f 16 17 18
f 19 20 21
f 22 23 24
f 25 26 27
f 28 29 30
f 31 32 33
f 34 35 36
f 37 38 39
f 40 41 42
f 43 44 45
f 46 47 48
f 49 50 51
f 52 53 54
f 55 56 57
f 55 57 58
f 59 60 61
f 62 63 64
f 59 61 65
f 66 67 68
f 69 70 71
f 71 70 72
f 71 72 73
f 73 72 74
f 74 72 75
f 74 75 76
f 77 78 79
f 57 80 58
f 58 80 81
f 58 81 82
f 83 84 85
f 85 84 86
f 85 86 56
f 56 86 87
f 56 87 57
f 57 87 77
f 57 77 61
f 66 68 88
f 89 90 91
f 91 90 92
f 91 92 93
f 93 92 94
f 93 94 95
f 96 97 98
f 98 97 99
f 98 99 100
f 100 99 101
f 69 102 70
f 70 102 103
f 70 103 104
f 62 105 63
f 63 105 106
f 63 106 75
f 75 106 107
f 75 107 76
f 77 79 61
f 61 79 108
f 61 108 65
f 109 110 111
f 111 110 112
f 111 112 113
f 95 114 93
f 93 114 115
f 93 115 116
f 116 115 117
f 116 117 118
f 119 120 121
f 121 120 122
f 121 122 91
f 91 122 123
f 91 123 89
f 96 124 97
f 97 124 125
f 97 125 83
f 83 125 126
f 83 126 84
f 67 66 127
f 127 66 128
f 127 128 129
f 103 130 104
f 104 130 131
f 104 131 128
f 128 131 132
f 128 132 129
f 109 133 110
f 110 133 134
f 110 134 64
f 64 134 135
f 64 135 62
f 113 112 136
f 136 112 137
f 136 137 138
f 101 99 139
f 139 99 140
f 139 140 141
f 141 140 142
f 142 140 143
f 142 143 144
f 118 145 116
f 116 145 146
f 116 146 137
f 137 146 147
f 137 147 138
f 81 148 82
f 82 148 149
f 82 149 121
f 121 149 150
f 121 150 119
f 68 151 88
f 88 151 152
f 88 152 143
f 143 152 153
f 143 153 144
f 154 155 156
f 157 158 159
f 160 161 162
f 163 164 165
f 166 167 168
f 169 170 171
f 172 173 174
f 175 176 177
f 178 179 180
f 181 182 183
f 184 185 186
f 187 188 189
f 190 191 192
f 193 194 195
f 196 197 198
f 199 200 201
f 202 203 204
f 205 206 207
f 208 209 210
f 211 212 213
f 214 215 216
f 217 218 219
f 220 221 222
f 223 224 225
f 226 227 228
f 229 230 231
f 232 233 234
f 235 236 237
f 238 239 240
f 241 242 243
f 244 245 246
f 247 248 249
f 250 251 252
f 253 254 255
f 256 257 258
f 259 260 261
f 262 263 264
f 265 266 267
f 268 269 270
f 271 272 273
f 274 275 276
f 277 278 279
f 280 281 282
f 283 284 285
f 286 287 288
f 289 290 291
f 292 293 294
f 295 296 297
f 298 299 300
f 301 302 303
f 304 305 306
f 307 308 309
f 310 311 312
f 313 314 315
f 316 317 318
f 319 320 321
f 322 323 324
f 325 326 327
f 327 326 328
f 329 330 331
f 331 330 332
f 333 334 335
f 335 334 336
f 337 338 339
f 339 338 340
f 341 342 343
f 343 342 344
f 345 346 347
f 347 346 348
f 349 350 351
f 351 350 352
f 353 354 355
f 355 354 356
f 357 358 359
f 359 358 360
f 361 362 363
f 363 362 364
f 365 366 367
f 367 366 368
f 369 370 371
f 371 370 372
f 373 374 375
f 375 374 376
f 377 378 379
f 379 378 380
f 381 382 383
f 383 382 384
f 385 386 387
f 387 386 388
f 389 390 391
f 391 390 392
f 393 394 395
f 395 394 396
f 397 398 399
f 399 398 400
f 401 402 403
f 403 402 404
f 405 406 407
f 407 406 408
f 409 410 411
f 411 410 412
f 413 414 415
f 415 414 416
f 417 418 419
f 419 418 420
f 421 422 423
f 423 422 424
f 425 426 427
f 427 426 428
f 429 430 431
f 431 430 432
f 433 434 435
f 435 434 436
f 437 438 439
f 439 438 440
f 441 442 443
f 443 442 444
f 445 446 447
f 447 446 448
f 449 450 451
f 451 450 452
f 453 454 455
f 455 454 456
f 457 458 459
f 459 458 460
f 461 462 463
f 463 462 464
f 465 466 467
f 467 466 468
f 469 470 471
f 471 470 472
f 473 474 475
f 475 474 476
f 477 478 479
f 480 481 482
f 483 484 485
f 486 487 488
f 488 487 489
f 488 489 490
f 490 489 491
f 490 491 492
f 492 491 493
f 492 493 494
f 494 493 495
f 494 495 485
f 485 495 496
f 485 496 483
f 497 498 499
f 499 498 500
f 499 500 501
f 501 500 502
f 501 502 503
f 503 502 504
f 503 504 505
f 505 504 506
f 505 506 486
f 486 506 507
f 486 507 487
f 508 509 510
f 510 509 511
f 510 511 512
f 512 511 513
f 512 513 514
f 514 513 515
f 514 515 516
f 516 515 517
f 516 517 497
f 497 517 518
f 497 518 498
f 483 519 484
f 484 519 520
f 484 520 521
f 521 520 522
f 521 522 523
f 523 522 524
f 523 524 525
f 525 524 526
f 525 526 527
f 527 526 528
f 527 528 529
f 528 530 529
f 529 530 531
f 529 531 532
f 532 531 533
f 532 533 534
f 534 533 535
f 534 535 536
f 536 535 537
f 536 537 538
f 538 537 539
f 538 539 508
f 508 539 540
f 508 540 509
f 541 542 543
f 543 542 544
f 545 546 547
f 547 546 548
f 549 550 551
f 551 550 552
f 553 554 555
f 555 554 556
f 557 558 559
f 559 558 560
f 561 562 563
f 563 562 564
f 565 566 567
f 567 566 568
f 569 570 571
f 571 570 572
f 573 574 575
f 575 574 576
f 577 578 579
f 579 578 580
f 581 582 583
f 583 582 584
f 585 586 587
f 587 586 588
f 589 590 591
f 591 590 592
f 593 594 595
f 595 594 596
f 597 598 599
f 599 598 600
f 601 602 603
f 603 602 604
f 605 606 607
f 607 606 608
f 609 610 611
f 611 610 612
f 613 614 615
f 615 614 616
f 617 618 619
f 619 618 620
f 621 622 623
f 623 622 624
f 625 626 627
f 627 626 628
f 629 630 631
f 631 630 632
f 633 634 635
f 635 634 636
f 637 638 639
f 639 638 640
f 641 642 643
f 643 642 644
f 645 646 647
f 648 649 650
f 650 649 651
f 650 651 652
f 652 651 653
f 645 647 654
f 646 645 655
f 655 645 656
f 655 656 657
f 657 656 658
f 658 656 659
f 658 659 660
f 660 659 661
f 661 659 662
f 661 662 663
f 663 662 664
f 664 662 665
f 664 665 666
f 666 665 667
f 667 665 668
f 667 668 669
f 670 671 672
f 672 671 673
f 672 673 653
f 653 673 674
f 653 674 652
f 675 676 677
f 677 676 678
f 677 678 679
f 680 681 682
f 683 684 685
f 686 687 684
f 684 687 688
f 684 688 685
f 689 690 691
f 691 690 692
f 693 694 695
f 647 696 654
f 654 696 697
f 654 697 694
f 694 697 698
f 694 698 695
f 678 699 679
f 679 699 700
f 679 700 672
f 672 700 701
f 672 701 670
f 680 682 677
f 677 682 702
f 677 702 675
f 703 704 686
f 686 704 705
f 686 705 687
f 691 706 689
f 689 706 707
f 689 707 703
f 703 707 708
f 703 708 704
f 709 710 711
f 711 710 712
f 711 712 680
f 680 712 713
f 680 713 681
f 685 714 683
f 683 714 715
f 683 715 711
f 711 715 716
f 711 716 709
f 692 690 717
f 717 690 718
f 717 718 719
f 719 718 720
f 720 718 721
f 720 721 722
f 723 724 725
f 725 726 723
f 723 726 727
f 723 727 721
f 721 727 728
f 721 728 722
f 695 729 693
f 693 729 730
f 693 730 731
f 732 733 734
f 734 735 732
f 732 735 736
f 732 736 724
f 724 736 737
f 724 737 725
f 730 738 731
f 731 738 739
f 731 739 733
f 733 739 740
f 733 740 734
f 741 742 743
f 744 745 746
f 747 748 749
f 750 751 752
f 753 754 755
f 755 754 756
f 757 758 759
f 759 758 760
f 761 762 763
f 763 762 764
f 765 766 767
f 767 766 768
f 769 770 771
f 771 770 772
f 773 774 775
f 775 774 776
f 777 778 779
f 779 778 780
f 781 782 783
f 783 782 784
f 785 786 787
f 787 786 788
f 789 790 791
f 791 790 792
f 793 794 795
f 795 794 796
f 797 798 799
f 799 798 800
f 801 802 803
f 803 802 804
f 805 806 807
f 807 806 808
f 809 810 811
f 811 810 812
f 813 814 815
f 815 814 816
f 817 818 819
f 819 818 820
f 821 822 823
f 823 822 824
f 825 826 827
f 827 826 828
f 829 830 831
f 831 830 832
f 833 834 835
f 835 834 836
f 837 838 839
f 839 838 840
f 841 842 843
f 843 842 844
f 845 846 847
f 847 846 848
f 849 850 851
f 851 850 852
f 853 854 855
f 855 854 856
f 857 858 859
f 860 861 862
f 863 864 865
f 866 867 868
f 869 859 858
f 870 871 872
f 872 871 873
f 874 875 876
f 877 878 879
f 880 881 882
f 883 884 885
f 886 887 888
f 889 890 891
f 892 893 894
f 895 896 897
f 898 899 900
f 901 902 903
f 904 905 906
f 907 908 909
f 910 911 912
f 913 914 915
f 916 917 918
f 919 920 921
f 922 923 924
f 925 926 927
f 928 929 930
f 931 932 933
f 934 935 936
f 937 938 939
f 940 941 942
f 943 944 945
f 946 947 948
f 949 950 951
f 952 953 954
f 955 956 957
f 958 959 960
f 961 962 963
f 964 965 966
f 967 968 969
f 970 971 972
f 973 974 975
f 976 977 978
f 979 980 981
f 982 983 984
f 985 986 987
f 988 989 990
f 991 992 993
f 994 995 996
f 997 998 999
f 1000 1001 1002
f 1003 1004 1005
f 1006 1007 1008
f 1009 1010 1011
f 1012 1013 1014
f 1015 1016 1017
f 1018 1019 1020
f 1021 1022 1023
f 1024 1025 1026
f 1027 1028 1029
f 1030 1031 1032
f 1033 1034 1035
f 1036 1037 1038
f 1039 1040 1041
f 1042 1043 1044
f 1045 1046 1047
f 1048 1049 1050
f 1051 1052 1053
f 1054 1055 1056
f 1057 1058 1059
f 1060 1061 1062
f 1063 1064 1065
f 1066 1067 1068
f 1069 1070 1071
f 1072 1073 1074
f 1075 1076 1077
f 1078 1079 1080
f 1081 1082 1083
f 1084 1085 1086
f 1087 1088 1089
f 1090 1091 1092
f 1093 1094 1095
f 1096 1097 1098
f 1099 1100 1101
f 1102 1103 1104
f 1105 1106 1107
f 1108 1109 1110
f 1111 1112 1113
f 1114 1115 1116
f 1117 1118 1119
f 1120 1121 1122
f 1123 1124 1125
f 1126 1127 1128
f 1129 1130 1131
f 1132 1133 1134
f 1135 1136 1137
f 1138 1139 1140
f 1141 1142 1143
f 1144 1145 1146
f 1147 1148 1149
f 1150 1151 1152
f 1153 1154 1155
f 1156 1157 1158
f 1159 1160 1161
f 1162 1163 1164
f 1165 1166 1167
f 1168 1169 1170
f 1171 1172 1173
f 1174 1175 1176
f 1177 1178 1179
f 1180 1181 1182
f 1183 1184 1185
f 1186 1187 1188
f 1189 1190 1191
f 1192 1193 1194
f 1195 1196 1197
f 1198 1199 1200
f 1201 1202 1203
f 1204 1205 1206
f 1207 1208 1209
f 1210 1211 1212
f 1213 1214 1215
f 1216 1217 1218
f 1219 1220 1221
f 1222 1223 1224
f 1225 1226 1227
f 1228 1229 1230
f 1231 1232 1233
f 1234 1235 1236
f 1237 1238 1239
f 1240 1241 1242
f 1243 1244 1245
f 1246 1247 1248
f 1249 1250 1251
f 1252 1253 1254
f 1255 1256 1257
f 1258 1259 1260
f 1261 1262 1263
f 1264 1265 1266
f 1267 1268 1269
f 1270 1271 1272
f 1273 1274 1275
f 1276 1277 1278
f 1279 1280 1281
f 1282 1283 1284
f 1285 1286 1287
f 1288 1289 1290
f 1291 1292 1293
f 1294 1295 1296
f 1297 1298 1299
f 1300 1301 1302
f 1303 1304 1305
f 1306 1307 1308
f 1309 1310 1311
f 1312 1313 1314
f 1315 1316 1317
f 1318 1319 1320
f 1321 1322 1323
f 1324 1325 1326
f 1327 1328 1329
f 1330 1331 1332
f 1333 1334 1335
f 1336 1337 1338
f 1339 1340 1341
f 1342 1343 1344
f 1345 1346 1347
f 1348 1349 1350
f 1351 1352 1353
f 1354 1355 1356
f 1357 1358 1359
f 1360 1361 1362
f 1363 1364 1365
f 1366 1367 1368
f 1369 1370 1371
f 1372 1373 1374
f 1375 1376 1377
f 1378 1379 1380
f 1381 1382 1383
f 1384 1385 1386
f 1387 1388 1389
f 1390 1391 1392
f 1393 1394 1395
f 1396 1397 1398
f 1399 1400 1401
f 1402 1403 1404
f 1405 1406 1407
f 1408 1409 1410
f 1411 1412 1413
f 1414 1415 1416
f 1417 1418 1419
f 1420 1421 1422
f 1423 1424 1425
f 1426 1427 1428
f 1429 1430 1431
f 1432 1433 1434
f 1435 1436 1437
f 1438 1439 1440
f 1441 1442 1443
f 1444 1445 1446
f 1447 1448 1449
f 1450 1451 1452
f 1453 1454 1455
f 1456 1457 1458
f 1459 1460 1461
f 1462 1463 1464
f 1465 1466 1467
f 1468 1469 1470
f 1471 1472 1473
f 1474 1475 1476
f 1477 1478 1479
f 1480 1481 1482
f 1483 1484 1485
f 1486 1487 1488
f 1489 1490 1491
f 1492 1493 1494
f 1495 1496 1497
f 1498 1499 1500
f 1501 1502 1503
f 1504 1505 1506
f 1507 1508 1509
f 1510 1511 1512
f 1513 1514 1515
f 1516 1517 1518
f 1519 1520 1521
f 1522 1523 1524
f 1525 1526 1527
f 1528 1529 1530
f 1531 1532 1533
f 1534 1535 1536
f 1537 1538 1539
f 1540 1541 1542
f 1543 1544 1545
f 1546 1547 1548
f 1549 1550 1551
f 1552 1553 1554
f 1555 1556 1557
f 1558 1559 1560
f 1561 1562 1563
f 1564 1565 1566
f 1567 1568 1569
f 1570 1571 1572
f 1573 1574 1575
f 1576 1577 1578
f 1579 1580 1581
f 1582 1583 1584
f 1585 1586 1587
f 1588 1589 1590
f 1591 1592 1593
f 1594 1595 1596
f 1597 1598 1599
f 1600 1601 1602
f 1603 1604 1605
f 1606 1607 1608
f 1609 1610 1611
f 1612 1613 1614
f 1615 1616 1617
f 1618 1619 1620
f 1621 1622 1623
f 1624 1625 1626
f 1627 1628 1629
f 1630 1631 1632
f 1633 1634 1635
f 1636 1637 1638
f 1639 1640 1641
f 1642 1643 1644
f 1645 1646 1647
f 1648 1649 1650
f 1651 1652 1653
f 1654 1655 1656
f 1657 1658 1659
f 1660 1661 1662
f 1663 1664 1665
f 1666 1667 1668
f 1669 1670 1671
f 1672 1673 1674
f 1675 1676 1677
f 1678 1679 1680
f 1681 1682 1683
f 1684 1685 1686
f 1687 1688 1689
f 1690 1691 1692
f 1693 1694 1695
f 1696 1697 1698
f 1699 1700 1701
f 1702 1703 1704
f 1705 1706 1707
f 1708 1709 1710
f 1711 1712 1713
f 1714 1715 1716
f 1717 1718 1719
f 1720 1721 1722
f 1723 1724 1725
f 1726 1727 1728
f 1729 1730 1731
f 1732 1733 1734
f 1735 1736 1737
f 1738 1739 1740
f 1741 1742 1743
f 1744 1745 1746
f 1747 1748 1749
f 1750 1751 1752
f 1753 1754 1755
f 1756 1757 1758
f 1759 1760 1761
f 1762 1763 1764
f 1765 1766 1767
f 1768 1769 1770
f 1771 1772 1773
f 1774 1775 1776
f 1777 1778 1779
f 1780 1781 1782
f 1783 1784 1785
f 1786 1787 1788
f 1789 1790 1791
f 1792 1793 1794
f 1795 1796 1797
f 1798 1799 1800
f 1801 1802 1803
f 1804 1805 1806
f 1807 1808 1809
f 1810 1811 1812
f 1813 1814 1815
f 1816 1817 1818
f 1819 1820 1821
f 1822 1823 1824
f 1825 1826 1827
f 1828 1829 1830
f 1831 1832 1833
f 1834 1835 1836
f 1837 1838 1839
f 1840 1841 1842
f 1843 1844 1845
f 1846 1847 1848
f 1849 1850 1851
f 1852 1853 1854
f 1855 1856 1857
f 1858 1859 1860
f 1861 1862 1863
f 1864 1865 1866
f 1867 1868 1869
f 1870 1871 1872
f 1873 1874 1875
f 1876 1877 1878
f 1879 1880 1881
f 1882 1883 1884
f 1885 1886 1887
f 1888 1889 1890
f 1891 1892 1893
f 1894 1895 1896
f 1897 1898 1899
f 1900 1901 1902
f 1903 1904 1905
f 1906 1907 1908
f 1909 1910 1911
f 1912 1913 1914
f 1915 1916 1917
f 1918 1919 1920
f 1921 1922 1923
f 1924 1925 1926
f 1927 1928 1929
f 1930 1931 1932
f 1933 1934 1935
f 1936 1937 1938
f 1939 1940 1941
f 1942 1943 1944
f 1945 1946 1947
f 1948 1949 1950
f 1951 1952 1953
f 1954 1955 1956
f 1957 1958 1959
f 1960 1961 1962
f 1963 1964 1965
f 1966 1967 1968
f 1969 1970 1971
f 1972 1973 1974
f 1975 1976 1977
f 1978 1979 1980
f 1981 1982 1983
f 1984 1985 1986
f 1987 1988 1989
f 1990 1991 1992
f 1993 1994 1995
f 1996 1997 1998
f 1999 2000 2001
f 2002 2003 2004
f 2005 2006 2007
f 2008 2009 2010
f 2011 2012 2013
f 2014 2015 2016
f 2017 2018 2019
f 2020 2021 2022
f 2023 2024 2025
f 2026 2027 2028
f 2029 2030 2031
f 2032 2033 2034
f 2035 2036 2037
f 2038 2039 2040
f 2041 2042 2043
f 2044 2045 2046
f 2047 2048 2049
f 2050 2051 2052
f 2053 2054 2055
f 2056 2057 2058
f 2059 2060 2061
f 2062 2063 2064
f 2065 2066 2067
f 2068 2069 2070
f 2071 2072 2073
f 2074 2075 2076
f 2077 2078 2079
f 2080 2081 2082
f 2083 2084 2085
f 2086 2087 2088
f 2089 2090 2091
f 2092 2093 2094
f 2095 2096 2097
f 2098 2099 2100
f 2101 2102 2103
f 2104 2105 2106
f 2107 2108 2109
f 2110 2111 2112
f 2113 2114 2115
f 2116 2117 2118
f 2119 2120 2121
f 2122 2123 2124
f 2125 2126 2127
f 2128 2129 2130
f 2131 2132 2133
f 2134 2135 2136
f 2137 2138 2139
f 2140 2141 2142
f 2143 2144 2145
f 2146 2147 2148
f 2149 2150 2151
f 2152 2153 2154
f 2155 2156 2157
f 2158 2159 2160
f 2161 2162 2163
f 2164 2165 2166
f 2167 2168 2169
f 2170 2171 2172
f 2173 2174 2175
f 2176 2177 2178
f 2179 2180 2181
f 2182 2183 2184
f 2185 2186 2187
f 2188 2189 2190
f 2191 2192 2193
f 2194 2195 2196
f 2197 2198 2199
f 2200 2201 2202
f 2203 2204 2205
f 2206 2207 2208
f 2209 2210 2211
f 2212 2213 2214
f 2215 2216 2217
f 2218 2219 2220
f 2221 2222 2223
f 2224 2225 2226
f 2227 2228 2229
f 2230 2231 2232
f 2233 2234 2235
f 2236 2237 2238
f 2239 2240 2241
f 2242 2243 2244
f 2245 2246 2247
f 2248 2249 2250
f 2251 2252 2253
f 2254 2255 2256
f 2257 2258 2259
f 2260 2261 2262
f 2263 2264 2265
f 2266 2267 2268
f 2269 2270 2271
f 2272 2273 2274
f 2275 2276 2277
f 2278 2279 2280
f 2281 2282 2283
f 2284 2285 2286
f 2287 2288 2289
f 2290 2291 2292
f 2293 2294 2295
f 2296 2297 2298
f 2299 2300 2301
f 2302 2303 2304
f 2305 2306 2307
f 2308 2309 2310
f 2311 2312 2313
f 2314 2315 2316
f 2317 2318 2319
f 2320 2321 2322
f 2323 2324 2325
f 2326 2327 2328
f 2329 2330 2331
f 2332 2333 2334
f 2335 2336 2337
f 2338 2339 2340
f 2341 2342 2343
f 2344 2345 2346
f 2347 2348 2349
f 2350 2351 2352
f 2353 2354 2355
f 2356 2357 2358
f 2359 2360 2361
f 2362 2363 2364
f 2365 2366 2367
f 2368 2369 2370
f 2371 2372 2373
f 2374 2375 2376
f 2377 2378 2379
f 2380 2381 2382
f 2383 2384 2385
f 2386 2387 2388
f 2389 2390 2391
f 2392 2393 2394
f 2395 2396 2397
f 2398 2399 2400
f 2401 2402 2403
f 2404 2405 2406
f 2407 2408 2409
f 2410 2411 2412
f 2413 2414 2415
f 2416 2417 2418
f 2419 2420 2421
f 2422 2423 2424
f 2425 2426 2427
f 2428 2429 2430
f 2431 2432 2433
f 2434 2435 2436
f 2437 2438 2439
f 2440 2441 2442
f 2443 2444 2445
f 2446 2447 2448
f 2449 2450 2451
f 2452 2453 2454
f 2455 2456 2457
f 2458 2459 2460
f 2461 2462 2463
f 2464 2465 2466
f 2467 2468 2469
f 2470 2471 2472
f 2473 2474 2475
f 2476 2477 2478
f 2479 2480 2481
f 2482 2483 2484
f 2485 2486 2487
f 2488 2489 2490
f 2491 2492 2493
f 2494 2495 2496
f 2497 2498 2499
f 2500 2501 2502
f 2503 2504 2505
f 2506 2507 2508
f 2509 2510 2511
f 2512 2513 2514
f 2515 2516 2517
f 2518 2519 2520
f 2521 2522 2523
f 2524 2525 2526
f 2527 2528 2529
f 2530 2531 2532
f 2533 2534 2535
f 2536 2537 2538
f 2539 2540 2541
f 2542 2543 2544
f 2545 2546 2547
f 2548 2549 2550
f 2551 2552 2553
f 2554 2555 2556
f 2557 2558 2559
f 2560 2561 2562
f 2563 2564 2565
f 2566 2567 2568
f 2569 2570 2571
f 2572 2573 2574
f 2575 2576 2577
f 2578 2579 2580
f 2581 2582 2583
f 2584 2585 2586
f 2587 2588 2589
f 2590 2591 2592
f 2593 2594 2595
f 2596 2597 2598
f 2599 2600 2601
f 2602 2603 2604
f 2605 2606 2607
f 2608 2609 2610
f 2611 2612 2613
f 2614 2615 2616
f 2617 2618 2619
f 2620 2621 2622
f 2623 2624 2625
f 2626 2627 2628
f 2629 2630 2631
f 2632 2633 2634
f 2635 2636 2637
f 2638 2639 2640
f 2641 2642 2643
f 2644 2645 2646
f 2647 2648 2649
f 2650 2651 2652
f 2653 2654 2655
f 2656 2657 2658
f 2659 2660 2661
f 2662 2663 2664
f 2665 2666 2667
f 2668 2669 2670
f 2671 2672 2673
f 2674 2675 2676
f 2677 2678 2679
f 2680 2681 2682
f 2683 2684 2685
f 2686 2687 2688
f 2689 2690 2691
f 2692 2693 2694
f 2695 2696 2697
f 2698 2699 2700
f 2701 2702 2703
f 2704 2705 2706
f 2707 2708 2709
f 2710 2711 2712
f 2713 2714 2715
f 2716 2717 2718
f 2719 2720 2721
f 2722 2723 2724
f 2725 2726 2727
f 2728 2729 2730
f 2731 2732 2733
f 2734 2735 2736
f 2737 2738 2739
f 2740 2741 2742
f 2743 2744 2745
f 2746 2747 2748
f 2749 2750 2751
f 2752 2753 2754
f 2755 2756 2757
f 2758 2759 2760
f 2761 2762 2763
f 2764 2765 2766
f 2767 2768 2769
f 2770 2771 2772
f 2773 2774 2775
f 2776 2777 2778
f 2779 2780 2781
f 2782 2783 2784
f 2785 2786 2787
f 2788 2789 2790
f 2791 2792 2793
f 2794 2795 2796
f 2797 2798 2799
f 2800 2801 2802
f 2803 2804 2805
f 2806 2807 2808
f 2809 2810 2811
f 2812 2813 2814
f 2815 2816 2817
f 2818 2819 2820
f 2821 2822 2823
f 2824 2825 2826
f 2827 2828 2829
f 2830 2831 2832
f 2833 2834 2835
f 2836 2837 2838
f 2839 2840 2841
f 2842 2843 2844
f 2845 2846 2847
f 2848 2849 2850
f 2851 2852 2853
f 2854 2855 2856
f 2857 2858 2859
f 2860 2861 2862
f 2863 2864 2865
f 2866 2867 2868
f 2869 2870 2871
f 2872 2873 2874
f 2875 2876 2877
f 2878 2879 2880
f 2881 2882 2883
f 2884 2885 2886
f 2887 2888 2889
f 2890 2891 2892
f 2893 2894 2895
f 2896 2897 2898
f 2899 2900 2901
f 2902 2903 2904
f 2905 2906 2907
f 2908 2909 2910
f 2911 2912 2913
f 2914 2915 2916
f 2917 2918 2919
f 2920 2921 2922
f 2923 2924 2925
f 2926 2927 2928
f 2929 2930 2931
f 2932 2933 2934
f 2935 2936 2937
f 2938 2939 2940
f 2941 2942 2943
f 2944 2945 2946
f 2947 2948 2949
f 2950 2951 2952
f 2953 2954 2955
f 2956 2957 2958
f 2959 2960 2961
f 2962 2963 2964
f 2965 2966 2967
f 2968 2969 2970
f 2971 2972 2973
f 2974 2975 2976
f 2977 2978 2979
f 2980 2981 2982
f 2983 2984 2985
f 2986 2987 2988
f 2989 2990 2991
f 2992 2993 2994
f 2995 2996 2997
f 2998 2999 3000
f 3001 3002 3003
f 3004 3005 3006
f 3007 3008 3009
f 3010 3011 3012
f 3013 3014 3015
f 3016 3017 3018
f 3019 3020 3021
f 3022 3023 3024
f 3025 3026 3027
f 3028 3029 3030
f 3031 3032 3033
f 3034 3035 3036
f 3037 3038 3039
f 3040 3041 3042
f 3043 3044 3045
f 3046 3047 3048
f 3049 3050 3051
f 3052 3053 3054
f 3055 3056 3057
f 3058 3059 3060
f 3061 3062 3063
f 3064 3065 3066
f 3067 3068 3069
f 3070 3071 3072
f 3073 3074 3075
f 3076 3077 3078
f 3079 3080 3081
f 3082 3083 3084
f 3085 3086 3087
f 3088 3089 3090
f 3091 3092 3093
f 3094 3095 3096
f 3097 3098 3099
f 3100 3101 3102
f 3103 3104 3105
f 3106 3107 3108
f 3109 3110 3111
f 3112 3113 3114
f 3115 3116 3117
f 3118 3119 3120
f 3121 3122 3123
f 3124 3125 3126
f 3127 3128 3129
f 3130 3131 3132
f 3133 3134 3135
f 3136 3137 3138
f 3139 3140 3141
f 3142 3143 3144
f 3145 3146 3147
f 3148 3149 3150
f 3151 3152 3153
f 3154 3155 3156
f 3157 3158 3159
f 3160 3161 3162
f 3163 3164 3165
f 3166 3167 3168
f 3169 3170 3171
f 3172 3173 3174
f 3175 3176 3177
f 3178 3179 3180
f 3181 3182 3183
f 3184 3185 3186
f 3187 3188 3189
f 3190 3191 3192
f 3193 3194 3195
f 3196 3197 3198
f 3199 3200 3201
f 3202 3203 3204
f 3205 3206 3207
f 3208 3209 3210
f 3211 3212 3213
f 3214 3215 3216
f 3217 3218 3219
f 3220 3221 3222
f 3223 3224 3225
f 3226 3227 3228
f 3229 3230 3231
f 3232 3233 3234
f 3235 3236 3237
f 3238 3239 3240
f 3241 3242 3243
f 3244 3245 3246
f 3247 3248 3249
f 3250 3251 3252
f 3253 3254 3255
f 3256 3257 3258
f 3259 3260 3261
f 3262 3263 3264
f 3265 3266 3267
f 3268 3269 3270
f 3271 3272 3273
f 3274 3275 3276
f 3277 3278 3279
f 3280 3281 3282
f 3283 3284 3285
f 3286 3287 3288
f 3289 3290 3291
f 3292 3293 3294
f 3295 3296 3297
f 3298 3299 3300
f 3301 3302 3303
f 3304 3305 3306
f 3307 3308 3309
f 3310 3311 3312
f 3313 3314 3315
f 3316 3317 3318
f 3319 3320 3321
f 3322 3323 3324
f 3325 3326 3327
f 3328 3329 3330
f 3331 3332 3333
f 3334 3335 3336
f 3337 3338 3339
f 3340 3341 3342
f 3343 3344 3345
f 3346 3347 3348
f 3349 3350 3351
f 3352 3353 3354
f 3355 3356 3357
f 3358 3359 3360
f 3361 3362 3363
f 3364 3365 3366
f 3367 3368 3369
f 3370 3371 3372
f 3373 3374 3375
f 3376 3377 3378
f 3379 3380 3381
f 3382 3383 3384
f 3385 3386 3387
f 3388 3389 3390
f 3391 3392 3393
f 3394 3395 3396
f 3397 3398 3399
f 3400 3401 3402
f 3403 3404 3405
f 3406 3407 3408
f 3409 3410 3411
f 3412 3413 3414
f 3415 3416 3417
f 3418 3419 3420
f 3421 3422 3423
f 3424 3425 3426
f 3427 3428 3429
f 3430 3431 3432
f 3433 3434 3435
f 3436 3437 3438
f 3439 3440 3441
f 3442 3443 3444
f 3445 3446 3447
f 3448 3449 3450
f 3451 3452 3453
f 3454 3455 3456
f 3457 3458 3459
f 3460 3461 3462
f 3463 3464 3465
f 3466 3467 3468
f 3469 3470 3471
f 3472 3473 3474
f 3475 3476 3477
f 3478 3479 3480
f 3481 3482 3483
f 3484 3485 3486
f 3487 3488 3489
f 3490 3491 3492
f 3493 3494 3495
f 3496 3497 3498
f 3499 3500 3501
f 3502 3503 3504
f 3505 3506 3507
f 3508 3509 3510
f 3511 3512 3513
f 3514 3515 3516
f 3517 3518 3519
f 3520 3521 3522
f 3523 3524 3525
f 3526 3527 3528
f 3529 3530 3531
f 3532 3533 3534
f 3535 3536 3537
f 3538 3539 3540
f 3541 3542 3543
f 3544 3545 3546
f 3547 3548 3549
f 3550 3551 3552
f 3553 3554 3555
f 3556 3557 3558
f 3559 3560 3561
f 3562 3563 3564
f 3565 3566 3567
f 3568 3569 3570
f 3571 3572 3573
f 3574 3575 3576
f 3577 3578 3579
f 3580 3581 3582
f 3583 3584 3585
f 3586 3587 3588
f 3589 3590 3591
f 3592 3593 3594
f 3595 3596 3597
f 3598 3599 3600
f 3601 3602 3603
f 3604 3605 3606
f 3607 3608 3609
f 3610 3611 3612
f 3613 3614 3615
f 3616 3617 3618
f 3619 3620 3621
f 3622 3623 3624
f 3625 3626 3627
f 3628 3629 3630
f 3631 3632 3633
f 3634 3635 3636
f 3637 3638 3639
f 3640 3641 3642
f 3643 3644 3645
f 3646 3647 3648
f 3649 3650 3651
f 3652 3653 3654
f 3655 3656 3657
f 3658 3659 3660
f 3661 3662 3663
f 3664 3665 3666
f 3667 3668 3669
f 3670 3671 3672
f 3673 3674 3675
f 3676 3677 3678
f 3679 3680 3681
f 3682 3683 3684
f 3685 3686 3687
f 3688 3689 3690
f 3691 3692 3693
f 3694 3695 3696
f 3697 3698 3699
f 3700 3701 3702
f 3703 3704 3705
f 3706 3707 3708
f 3709 3710 3711
f 3712 3713 3714
f 3715 3716 3717
f 3718 3719 3720
f 3721 3722 3723
f 3724 3725 3726
f 3727 3728 3729
f 3730 3731 3732
f 3733 3734 3735
f 3736 3737 3738
f 3739 3740 3741
f 3742 3743 3744
f 3744 3743 3745
f 3745 3746 3747
f 3746 3745 3748
f 3748 3745 3749
f 3748 3749 3750
f 3751 3744 3752
f 3752 3744 3745
f 3752 3745 3753
f 3753 3745 3754
f 3747 3755 3745
f 3745 3755 3756
f 3745 3756 3757
f 3757 3758 3745
f 3759 3760 3761
f 3745 3762 3754
f 3763 3764 3765
f 3765 3764 3766
f 3767 3768 3769
f 3770 3771 3772
f 3770 3772 3773
f 3773 3772 3774
f 3773 3774 3775
f 3776 3777 3773
f 3773 3777 3778
f 3773 3778 3769
f 3779 3780 3781
f 3769 3782 3767
f 3783 3784 3785
f 3786 3787 3788
f 3773 3789 3776
f 3790 3791 3792
f 3793 3794 3795
f 3793 3795 3796
f 3797 3798 3799
f 3799 3790 3797
f 3797 3790 3792
f 3797 3792 3800
f 3800 3792 3801
f 3800 3801 3795
f 3795 3801 3802
f 3795 3802 3796
f 3803 3804 3805
f 3805 3804 3806
f 3807 3808 3809
f 3809 3808 3810
f 3811 3812 3813
f 3813 3812 3814
f 3815 3816 3817
f 3818 3819 3816
f 3816 3819 3820
f 3816 3820 3817
f 3817 3821 3815
f 3815 3821 3822
f 3815 3822 3823
f 3823 3822 3824
f 3823 3824 3825
f 3826 3827 3828
f 3828 3827 3829
f 3828 3829 3818
f 3818 3829 3830
f 3818 3830 3819
f 3831 3832 3833
f 3833 3832 3823
f 3833 3823 3834
f 3834 3823 3825
f 3835 3836 3837
f 3835 3837 3838
f 3839 3840 3841
f 3839 3841 3842
f 3843 3844 3845
f 3843 3845 3846
f 3847 3848 3849
f 3847 3849 3850
f 3851 3852 3853
f 3851 3853 3854
f 3855 3856 3857
f 3855 3857 3858
f 3859 3860 3861
f 3861 3860 3862
f 3863 3864 3865
f 3865 3864 3866
f 3867 3868 3869
f 3869 3868 3870
f 3871 3872 3873
f 3874 3875 3876
f 3877 3878 3879
f 3880 3881 3882
f 3883 3884 3885
f 3886 3887 3888
f 3889 3890 3891
f 3892 3893 3894
f 3895 3896 3897
f 3898 3899 3900
f 3901 3902 3903
f 3904 3905 3906
f 3907 3908 3909
f 3910 3911 3912
f 3913 3914 3915
f 3916 3917 3918
f 3919 3920 3921
f 3922 3923 3924
f 3925 3926 3927
f 3927 3926 3928
f 3929 3930 3931
f 3931 3930 3932
f 3933 3934 3935
f 3935 3934 3936
f 3937 3938 3939
f 3940 3941 3942
f 3943 3944 3945
f 3946 3947 3948
f 3949 3950 3951
f 3952 3953 3954
f 3955 3956 3957
f 3958 3959 3960
f 3961 3962 3963
f 3964 3965 3966
f 3967 3968 3969
f 3970 3971 3972
f 3973 3974 3975
f 3976 3977 3978
f 3979 3980 3981
f 3982 3983 3984
f 3985 3986 3987
f 3988 3989 3990
f 3991 3992 3993
f 3994 3995 3996
f 3997 3998 3999
f 4000 4001 4002
f 4003 4004 4005
f 4006 4007 4008
f 4009 4010 4011
f 4011 4010 4012
f 4013 4014 4015
f 4013 4015 4016
f 4017 4018 4019
f 4017 4019 4020
f 4021 4022 4023
f 4021 4023 4024
f 4025 4026 4027
f 4025 4027 4028
f 4029 4030 4031
f 4029 4031 4032
f 4033 4034 4035
f 4033 4035 4036
f 4037 4038 4039
f 4039 4038 4040
f 4041 4042 4043
f 4043 4042 4044
f 4045 4046 4047
f 4048 4049 4050
f 4051 4052 4053
f 4054 4055 4056
f 4057 4058 4059
f 4060 4061 4062
f 4063 4064 4065
f 4066 4067 4068
f 4069 4070 4071
f 4072 4073 4074
f 4075 4076 4077
f 4078 4079 4080
f 4078 4080 4081
f 4082 4083 4084
f 4082 4084 4085
f 4086 4087 4088
f 4086 4088 4089
f 4090 4091 4092
f 4090 4092 4093
f 4094 4095 4096
f 4096 4095 4097
f 4098 4099 4100
f 4100 4099 4101
f 4102 4103 4104
f 4104 4103 4105
f 4106 4107 4108
f 4108 4107 4109
f 4110 4111 4112
f 4110 4112 4113
f 4114 4115 4116
f 4114 4116 4117
f 4118 4119 4120
f 4118 4120 4121
f 4122 4123 4124
f 4122 4124 4125
f 4126 4127 4128
f 4126 4128 4129
f 4130 4131 4132
f 4130 4132 4133
f 4134 4135 4136
f 4134 4136 4137
f 4138 4139 4140
f 4140 4139 4141
f 4142 4143 4144
f 4144 4143 4145
f 4146 4147 4148
f 4146 4148 4149
f 4150 4151 4152
f 4150 4152 4153
f 4154 4155 4156
f 4154 4156 4157
f 4158 4159 4160
f 4158 4160 4161
f 4162 4163 4160
f 4160 4163 4164
f 4160 4164 4161
f 4165 4166 4160
f 4160 4166 4167
f 4160 4167 4162
f 4168 4169 4160
f 4160 4169 4170
f 4160 4170 4165
f 4171 4172 4160
f 4160 4172 4173
f 4160 4173 4168
f 4174 4175 4160
f 4160 4175 4176
f 4160 4176 4171
f 4177 4178 4160
f 4160 4178 4179
f 4160 4179 4174
f 4180 4181 4160
f 4160 4181 4182
f 4160 4182 4177
f 4159 4183 4160
f 4160 4183 4184
f 4160 4184 4180
f 4185 4186 4187
f 4188 4189 4190
f 4191 4192 4193
f 4194 4195 4196
f 4197 4198 4199
f 4200 4201 4202
f 4203 4204 4205
f 4206 4207 4208
f 4209 4210 4211
f 4212 4213 4214
f 4187 4215 4185
f 4216 4217 4218
f 4219 4220 4221
f 4222 4223 4224
f 4224 4223 4225
f 4226 4227 4228
f 4229 4230 4231
f 4232 4233 4234
f 4235 4236 4237
f 4238 4239 4240
f 4241 4242 4243
f 4244 4245 4246
f 4247 4248 4249
f 4250 4251 4252
f 4253 4254 4255
f 4256 4257 4258
f 4259 4260 4261
f 4262 4263 4264
f 4265 4266 4267
f 4268 4269 4270
f 4271 4272 4273
f 4271 4273 4274
f 4275 4276 4277
f 4275 4277 4278
f 4279 4280 4281
f 4279 4281 4282
f 4283 4284 4285
f 4286 4287 4288
f 4286 4288 4289
f 4290 4291 4292
f 4290 4292 4293
f 4294 4295 4296
f 4294 4296 4297
f 4298 4299 4300
f 4301 4302 4303
f 4301 4303 4304
f 4305 4306 4307
f 4305 4307 4308
f 4309 4310 4311
f 4309 4311 4312
f 4313 4314 4315
f 4316 4317 4318
f 4319 4320 4321
f 4322 4323 4324
f 4325 4326 4327
f 4328 4329 4330
f 4331 4332 4333
f 4334 4335 4336
f 4337 4338 4339
f 4340 4341 4342
f 4343 4344 4345
f 4346 4347 4348
f 4349 4350 4351
f 4352 4353 4354
f 4355 4356 4357
f 4358 4359 4360
f 4361 4362 4363
f 4364 4365 4366
f 4367 4368 4369
f 4370 4371 4372
f 4373 4374 4375
f 4376 4377 4378
f 4379 4380 4381
f 4382 4383 4384
f 4385 4386 4387
f 4388 4389 4390
f 4391 4392 4393
f 4394 4395 4396
f 4397 4398 4399
f 4400 4401 4402
f 4403 4404 4405
f 4406 4407 4408
f 4409 4410 4411
f 4412 4413 4414
f 4415 4416 4417
f 4418 4419 4420
f 4421 4422 4423
f 4424 4425 4426
f 4427 4428 4429
f 4430 4431 4432
f 4433 4434 4435
f 4436 4437 4438
f 4439 4440 4441
f 4442 4443 4444
f 4445 4446 4447
f 4448 4449 4450
f 4451 4452 4453
f 4454 4455 4456
f 4457 4458 4459
f 4460 4461 4462
f 4463 4464 4465
f 4466 4467 4468
f 4469 4470 4471
f 4472 4473 4474
f 4475 4476 4477
f 4478 4479 4480
f 4481 4482 4483
f 4484 4485 4486
f 4487 4488 4489
f 4490 4491 4492
f 4493 4494 4495
f 4496 4497 4498
f 4499 4500 4501
f 4502 4503 4504
f 4505 4506 4507
f 4508 4509 4510
f 4511 4512 4513
f 4514 4515 4516
f 4517 4518 4519
f 4520 4521 4522
f 4523 4524 4525
f 4526 4527 4528
f 4529 4530 4531
f 4532 4533 4534
f 4535 4536 4537
f 4538 4539 4540
f 4541 4542 4543
f 4544 4545 4546
f 4547 4548 4549
f 4550 4551 4552
f 4553 4554 4555
f 4556 4557 4558
f 4559 4560 4561
f 4562 4563 4564
f 4565 4566 4567
f 4568 4569 4570
f 4571 4572 4573
f 4574 4575 4576
f 4577 4578 4579
f 4580 4581 4582
f 4583 4584 4585
f 4586 4587 4588
f 4589 4590 4591
f 4592 4593 4594
f 4595 4596 4597
f 4598 4599 4600
f 4601 4602 4603
f 4604 4605 4606
f 4607 4608 4609
f 4610 4611 4612
f 4613 4614 4615
f 4616 4617 4618
f 4619 4620 4621
f 4622 4623 4624
f 4625 4626 4627
f 4628 4629 4630
f 4631 4632 4633
f 4634 4635 4636
f 4637 4638 4639
f 4640 4641 4642
f 4643 4644 4645
f 4646 4647 4648
f 4649 4650 4651
f 4652 4653 4654
f 4655 4656 4657
f 4658 4659 4660
f 4658 4660 4661
f 4662 4663 4664
f 4662 4664 4665
f 4666 4667 4668
f 4666 4668 4669
f 4670 4671 4672
f 4670 4672 4673
f 4674 4675 4676
f 4674 4676 4677
f 4678 4679 4680
f 4678 4680 4681
f 4682 4683 4684
f 4682 4684 4685
f 4686 4687 4688
f 4686 4688 4689
f 4690 4691 4692
f 4690 4692 4693
f 4694 4695 4696
f 4694 4696 4697
f 4698 4699 4700
f 4698 4700 4701
f 4702 4703 4704
f 4702 4704 4705
f 4706 4707 4708
f 4706 4708 4709
f 4710 4711 4712
f 4710 4712 4713
f 4714 4715 4716
f 4714 4716 4717
f 4718 4719 4720
f 4718 4720 4721
f 4722 4723 4724
f 4722 4724 4725
f 4726 4727 4728
f 4726 4728 4729
f 4730 4731 4732
f 4730 4732 4733
f 4734 4735 4736
f 4734 4736 4737
f 4738 4739 4740
f 4738 4740 4741
f 4742 4743 4744
f 4742 4744 4745
f 4746 4747 4748
f 4746 4748 4749
f 4750 4751 4752
f 4750 4752 4753
f 4754 4755 4756
f 4754 4756 4757
f 4758 4759 4760
f 4758 4760 4761
f 4762 4763 4764
f 4762 4764 4765
f 4766 4767 4768
f 4766 4768 4769
f 4770 4771 4772
f 4770 4772 4773
f 4774 4775 4776
f 4774 4776 4777
f 4778 4779 4780
f 4778 4780 4781
f 4782 4783 4784
f 4782 4784 4785
f 4786 4787 4788
f 4786 4788 4789
f 4790 4791 4792
f 4790 4792 4793
f 4794 4795 4796
f 4794 4796 4797
f 4798 4799 4800
f 4798 4800 4801
f 4802 4803 4804
f 4802 4804 4805
f 4806 4807 4808
f 4806 4808 4809
f 4810 4811 4812
f 4810 4812 4813
f 4814 4815 4816
f 4814 4816 4817
f 4818 4819 4820
f 4818 4820 4821
f 4822 4823 4824
f 4822 4824 4825
f 4826 4827 4828
f 4829 4830 4831
f 4829 4831 4832
f 4833 4834 4835
f 4833 4835 4836
f 4837 4838 4839
f 4837 4839 4840
f 4841 4842 4843
f 4841 4843 4844
f 4845 4846 4847
f 4845 4847 4848
f 4849 4850 4851
f 4849 4851 4852
f 4853 4854 4855
f 4853 4855 4856
f 4857 4858 4859
f 4857 4859 4860
f 4861 4862 4863
f 4861 4863 4864
f 4865 4866 4867
f 4865 4867 4868
f 4869 4870 4871
f 4869 4871 4872
f 4873 4874 4875
f 4873 4875 4876
f 4877 4878 4879
f 4877 4879 4880
f 4881 4882 4883
f 4881 4883 4884
f 4885 4886 4887
f 4885 4887 4888
f 4889 4890 4891
f 4889 4891 4892
f 4893 4894 4895
f 4893 4895 4896
f 4897 4898 4899
f 4897 4899 4900
f 4901 4902 4903
f 4901 4903 4904
f 4905 4906 4907
f 4905 4907 4908
f 4909 4910 4911
f 4912 4913 4914
f 4915 4916 4917
f 4915 4917 4918
f 4919 4920 4921
f 4919 4921 4922
f 4923 4924 4925
f 4923 4925 4926
f 4927 4928 4929
f 4927 4929 4930
f 4931 4932 4933
f 4931 4933 4934
f 4935 4936 4937
f 4935 4937 4938
f 4939 4940 4941
f 4939 4941 4942
f 4943 4944 4945
f 4943 4945 4946
f 4947 4948 4949
f 4947 4949 4950
f 4951 4952 4953
f 4951 4953 4954
f 4955 4956 4957
f 4955 4957 4958
f 4959 4960 4961
f 4959 4961 4962
f 4963 4964 4965
f 4963 4965 4966
f 4967 4968 4969
f 4967 4969 4970
f 4971 4972 4973
f 4971 4973 4974
f 4975 4976 4977
f 4975 4977 4978
f 4979 4980 4981
f 4979 4981 4982
f 4983 4984 4985
f 4983 4985 4986
f 4987 4988 4989
f 4987 4989 4990
f 4991 4992 4993
f 4991 4993 4994
f 4995 4996 4997
f 4995 4997 4998
f 4999 5000 5001
f 5002 5003 5004
f 5002 5004 5005
f 5006 5007 5008
f 5006 5008 5009
f 5010 5011 5012
f 5010 5012 5013
f 5014 5015 5016
f 5014 5016 5017
f 5018 5019 5020
f 5018 5020 5021
f 5022 5023 5024
f 5022 5024 5025
f 5026 5027 5028
f 5026 5028 5029
f 5030 5031 5032
f 5030 5032 5033
f 5034 5035 5036
f 5034 5036 5037
f 5038 5039 5040
f 5038 5040 5041
f 5042 5043 5044
f 5042 5044 5045
f 5046 5047 5048
f 5046 5048 5049
f 5050 5051 5052
f 5050 5052 5053
f 5054 5055 5056
f 5054 5056 5057
f 5058 5059 5060
f 5058 5060 5061
f 5062 5063 5064
f 5062 5064 5065
f 5066 5067 5068
f 5066 5068 5069
f 5070 5071 5072
f 5070 5072 5073
f 5074 5075 5076
f 5074 5076 5077
f 5078 5079 5080
f 5078 5080 5081
f 5082 5083 5084
f 5085 5086 5087
f 5088 5089 5090
f 5088 5090 5091
f 5092 5093 5094
f 5092 5094 5095
f 5096 5097 5098
f 5096 5098 5099
f 5100 5101 5102
f 5100 5102 5103
f 5104 5105 5106
f 5104 5106 5107
f 5108 5109 5110
f 5111 5112 5113
f 5114 5115 5116
f 5117 5118 5119
f 5120 5121 5122
f 5120 5122 5123
f 5124 5125 5126
f 5124 5126 5127
f 5128 5129 5130
f 5128 5130 5131
f 5132 5133 5134
f 5132 5134 5135
f 5136 5137 5138
f 5139 5140 5141
f 5142 5143 5144
f 5145 5146 5147
f 5148 5149 5150
f 5148 5150 5151
f 5152 5153 5154
f 5152 5154 5155
f 5156 5157 5158
f 5156 5158 5159
f 5160 5161 5162
f 5160 5162 5163
f 5164 5165 5166
f 5164 5166 5167
f 5168 5169 5170
f 5168 5170 5171
f 5172 5173 5174
f 5172 5174 5175
f 5176 5177 5178
f 5176 5178 5179
f 5180 5181 5182
f 5183 5184 5185
f 5186 5187 5188
f 5189 5190 5191
f 5192 5193 5194
f 5195 5196 5197
f 5198 5199 5200
f 5201 5202 5203
f 5204 5205 5206
f 5206 5205 5207
f 5208 5209 5210
f 5211 5212 5213
f 5214 5215 5216
f 5216 5215 5217
f 5218 5219 5220
f 5220 5219 5221
f 5222 5223 5224
f 5225 5226 5227
f 5228 5229 5230
f 5231 5232 5233
f 5234 5235 5236
f 5237 5238 5239
f 5240 5241 5242
f 5243 5244 5245
f 5246 5247 5248
f 5249 5250 5251
f 5252 5253 5254
f 5255 5256 5257
f 5258 5259 5260
f 5261 5262 5263
f 5263 5262 5264
f 5265 5266 5267
f 5267 5266 5268
f 5269 5270 5271
f 5272 5273 5274
f 5275 5276 5277
f 5278 5279 5280
f 5280 5279 5281
f 5282 5283 5284
f 5284 5283 5285
f 5286 5287 5288
f 5288 5287 5289
f 5290 5291 5292
f 5293 5294 5295
f 5296 5297 5298
f 5299 5300 5301
f 5302 5303 5304
f 5305 5306 5307
f 5308 5309 5310
f 5311 5312 5313
f 5314 5315 5316
f 5317 5318 5319
f 5319 5318 5320
f 5321 5322 5323
f 5323 5322 5324
f 5325 5326 5327
f 5327 5326 5328
f 5329 5330 5331
f 5332 5333 5334
f 5332 5334 5335
f 5336 5337 5338
f 5339 5340 5341
f 5341 5340 5342
f 5343 5344 5345
f 5345 5344 5346
f 5347 5348 5349
f 5349 5348 5350
f 5351 5352 5353
f 5354 5355 5356
f 5357 5358 5359
f 5359 5358 5360
f 5361 5362 5363
f 5363 5362 5364
f 5365 5366 5367
f 5367 5366 5368
f 5369 5370 5371
f 5372 5373 5374
f 5375 5376 5377
f 5378 5379 5380
f 5381 5382 5383
f 5384 5385 5386
f 5387 5388 5389
f 5390 5391 5392
f 5393 5394 5395
f 5396 5397 5398
f 5399 5400 5401
f 5402 5403 5404
f 5405 5406 5407
f 5408 5409 5410
f 5411 5412 5413
f 5414 5415 5416
f 5417 5418 5419
f 5420 5421 5422
f 5423 5424 5425
f 5426 5427 5428
f 5429 5430 5431
f 5432 5433 5434
f 5435 5436 5437
f 5438 5439 5440
f 5441 5442 5443
f 5444 5445 5446
f 5447 5448 5449
f 5450 5451 5452
f 5453 5454 5455
f 5456 5457 5458
f 5459 5460 5461
f 5462 5463 5464
f 5465 5466 5467
f 5468 5469 5470
f 5471 5472 5473
f 5474 5475 5476
f 5477 5478 5479
f 5480 5481 5482
f 5483 5484 5485
f 5486 5487 5488
f 5489 5490 5491
f 5492 5493 5494
f 5495 5496 5497
f 5498 5499 5500
f 5501 5502 5503
f 5504 5505 5506
f 5507 5508 5509
f 5510 5511 5512
f 5513 5514 5515
f 5516 5517 5518
f 5519 5520 5521
f 5522 5523 5524
f 5525 5526 5527
f 5528 5529 5530
f 5531 5532 5533
f 5534 5535 5536
f 5537 5538 5539
f 5540 5541 5542
f 5543 5544 5545
f 5546 5547 5548
f 5549 5550 5551
f 5552 5553 5554
f 5555 5556 5557
f 5558 5559 5560
f 5561 5562 5563
f 5564 5565 5566
f 5567 5568 5569
f 5570 5571 5572
f 5573 5574 5575
f 5576 5577 5578
f 5579 5580 5581
f 5582 5583 5584
f 5585 5586 5587
f 5588 5589 5590
f 5591 5592 5593
f 5594 5595 5596
f 5597 5598 5599
f 5600 5601 5602
f 5603 5604 5605
f 5606 5607 5608
f 5609 5610 5611
f 5612 5613 5614
f 5615 5616 5617
f 5618 5619 5620
f 5621 5622 5623
f 5624 5625 5626
f 5627 5628 5629
f 5630 5631 5632
f 5633 5634 5635
f 5636 5637 5638
f 5639 5640 5641
f 5642 5643 5644
f 5645 5646 5647
f 5648 5649 5650
f 5651 5652 5653
f 5654 5655 5656
f 5657 5658 5659
f 5660 5661 5662
f 5663 5664 5665
f 5666 5667 5668
f 5666 5668 5669
f 5670 5671 5672
f 5670 5672 5673
f 5674 5675 5676
f 5674 5676 5677
f 5678 5679 5680
f 5678 5680 5681
f 5682 5683 5684
f 5682 5684 5685
f 5686 5687 5688
f 5686 5688 5689
f 5690 5691 5692
f 5690 5692 5693
f 5694 5695 5696
f 5694 5696 5697
f 5698 5699 5700
f 5698 5700 5701
f 5702 5703 5704
f 5702 5704 5705
f 5706 5707 5708
f 5706 5708 5709
f 5710 5711 5712
f 5710 5712 5713
f 5714 5715 5716
f 5714 5716 5717
f 5718 5719 5720
f 5718 5720 5721
f 5722 5723 5724
f 5722 5724 5725
f 5726 5727 5728
f 5726 5728 5729
f 5730 5731 5732
f 5730 5732 5733
f 5734 5735 5736
f 5734 5736 5737
f 5738 5739 5740
f 5738 5740 5741
f 5742 5743 5744
f 5742 5744 5745
f 5746 5747 5748
f 5746 5748 5749
f 5750 5751 5752
f 5750 5752 5753
f 5754 5755 5756
f 5757 5758 5759
f 5760 5761 5762
f 5760 5762 5763
f 5764 5765 5766
f 5764 5766 5767
f 5768 5769 5770
f 5768 5770 5771
f 5772 5773 5774
f 5772 5774 5775
f 5776 5777 5778
f 5776 5778 5779
f 5780 5781 5782
f 5783 5784 5785
f 5786 5787 5788
f 5789 5790 5791
f 5792 5793 5794
f 5792 5794 5795
f 5796 5797 5798
f 5796 5798 5799
f 5800 5801 5802
f 5800 5802 5803
f 5804 5805 5806
f 5804 5806 5807
f 5808 5809 5810
f 5811 5812 5813
f 5814 5815 5816
f 5817 5818 5819
f 5820 5821 5822
f 5820 5822 5823
f 5824 5825 5826
f 5824 5826 5827
f 5828 5829 5830
f 5828 5830 5831
f 5832 5833 5834
f 5832 5834 5835
f 5836 5837 5838
f 5836 5838 5839
f 5840 5841 5842
f 5840 5842 5843
f 5844 5845 5846
f 5844 5846 5847
f 5848 5849 5850
f 5848 5850 5851
f 5663 5665 5852
f 5853 5854 5855
f 5853 5855 5856
f 5857 5858 5859
f 5857 5859 5860
f 5861 5862 5863
f 5861 5863 5864
f 5865 5866 5867
f 5865 5867 5868
f 5869 5870 5871
f 5869 5871 5872
f 5873 5874 5875
f 5873 5875 5876
f 5877 5878 5879
f 5877 5879 5880
f 5881 5882 5883
f 5881 5883 5884
f 5885 5886 5887
f 5885 5887 5888
f 5889 5890 5891
f 5889 5891 5892
f 5893 5894 5895
f 5893 5895 5896
f 5897 5898 5899
f 5897 5899 5900
f 5901 5902 5903
f 5901 5903 5904
f 5905 5906 5907
f 5905 5907 5908
f 5909 5910 5911
f 5909 5911 5912
f 5913 5914 5915
f 5913 5915 5916
f 5917 5918 5919
f 5917 5919 5920
f 5921 5922 5923
f 5921 5923 5924
f 5925 5926 5927
f 5925 5927 5928
f 5929 5930 5931
f 5929 5931 5932
f 5933 5934 5935
f 5933 5935 5936
f 5937 5938 5939
f 5940 5941 5942
f 5943 5944 5945
f 5943 5945 5946
f 5947 5948 5949
f 5947 5949 5950
f 5951 5952 5953
f 5951 5953 5954
f 5955 5956 5957
f 5955 5957 5958
f 5959 5960 5961
f 5959 5961 5962
f 5963 5964 5965
f 5963 5965 5966
f 5967 5968 5969
f 5967 5969 5970
f 5971 5972 5973
f 5971 5973 5974
f 5975 5976 5977
f 5975 5977 5978
f 5979 5980 5981
f 5979 5981 5982
f 5983 5984 5985
f 5983 5985 5986
f 5987 5988 5989
f 5987 5989 5990
f 5991 5992 5993
f 5991 5993 5994
f 5995 5996 5997
f 5995 5997 5998
f 5999 6000 6001
f 5999 6001 6002
f 6003 6004 6005
f 6003 6005 6006
f 6007 6008 6009
f 6007 6009 6010
f 6011 6012 6013
f 6011 6013 6014
f 6015 6016 6017
f 6015 6017 6018
f 6019 6020 6021
f 6019 6021 6022
f 6023 6024 6025
f 6023 6025 6026
f 5660 5662 6027
f 6028 6029 6030
f 6028 6030 6031
f 6032 6033 6034
f 6032 6034 6035
f 6036 6037 6038
f 6036 6038 6039
f 6040 6041 6042
f 6040 6042 6043
f 6044 6045 6046
f 6044 6046 6047
f 6048 6049 6050
f 6048 6050 6051
f 6052 6053 6054
f 6052 6054 6055
f 6056 6057 6058
f 6056 6058 6059
f 6060 6061 6062
f 6060 6062 6063
f 6064 6065 6066
f 6064 6066 6067
f 6068 6069 6070
f 6068 6070 6071
f 6072 6073 6074
f 6072 6074 6075
f 6076 6077 6078
f 6076 6078 6079
f 6080 6081 6082
f 6080 6082 6083
f 6084 6085 6086
f 6084 6086 6087
f 6088 6089 6090
f 6088 6090 6091
f 6092 6093 6094
f 6092 6094 6095
f 6096 6097 6098
f 6096 6098 6099
f 6100 6101 6102
f 6100 6102 6103
f 6104 6105 6106
f 6104 6106 6107
f 6108 6109 6110
f 6108 6110 6111
f 6112 6113 6114
f 6112 6114 6115
f 6116 6117 6118
f 6116 6118 6119
f 6120 6121 6122
f 6120 6122 6123
f 6124 6125 6126
f 6124 6126 6127
f 6128 6129 6130
f 6128 6130 6131
f 6132 6133 6134
f 6132 6134 6135
f 6136 6137 6138
f 6136 6138 6139
f 6140 6141 6142
f 6140 6142 6143
f 6144 6145 6146
f 6144 6146 6147
f 6148 6149 6150
f 6148 6150 6151
f 6152 6153 6154
f 6152 6154 6155
f 6156 6157 6158
f 6156 6158 6159
f 6160 6161 6162
f 6160 6162 6163
f 6164 6165 6166
f 6164 6166 6167
f 6168 6169 6170
f 6168 6170 6171
f 6172 6173 6174
f 6172 6174 6175
f 6176 6177 6178
f 6176 6178 6179
f 6180 6181 6182
f 6180 6182 6183
f 6184 6185 6186
f 6184 6186 6187
f 6188 6189 6190
f 6188 6190 6191
f 6192 6193 6194
f 6192 6194 6195
f 6196 6197 6198
f 6196 6198 6199
f 6200 6201 6202
f 6203 6204 6205
f 6206 6207 6208
f 6209 6210 6211
f 6212 6213 6214
f 6215 6216 6217
f 6218 6219 6220
f 6221 6222 6223
f 6224 6225 6226
f 6227 6228 6229
f 6230 6231 6232
f 6232 6231 6233
f 6234 6235 6236
f 6236 6235 6237
f 6238 6239 6240
f 6240 6239 6241
f 6242 6243 6244
f 6244 6243 6245
f 6246 6247 6248
f 6248 6247 6249
f 6250 6251 6252
f 6252 6251 6253
f 6254 6255 6256
