v 0.020291926339268684 -0.025999998673796654 0.022434378042817116
v 0.020291926339268684 -0.0325000025331974 0.022434378042817116
v 0.026027562096714973 -0.0325000025331974 0.01541521679610014
v 0.020291926339268684 -0.025999998673796654 0.022434378042817116
v 0.026027562096714973 -0.0325000025331974 0.01541521679610014
v 0.026027562096714973 -0.025999998673796654 0.01541521679610014
v 0.026027562096714973 -0.025999998673796654 0.01541521679610014
v 0.026027562096714973 -0.0325000025331974 0.01541521679610014
v 0.02942611090838909 -0.0325000025331974 0.007011855486780405
v 0.026027562096714973 -0.025999998673796654 0.01541521679610014
v 0.02942611090838909 -0.0325000025331974 0.007011855486780405
v 0.02942611090838909 -0.025999998673796654 0.007011855486780405
v 0.02942611090838909 -0.025999998673796654 0.007011855486780405
v 0.02942611090838909 -0.0325000025331974 0.007011855486780405
v 0.030182410031557083 -0.0325000025331974 -0.0020210493821650743
v 0.02942611090838909 -0.025999998673796654 0.007011855486780405
v 0.030182410031557083 -0.0325000025331974 -0.0020210493821650743
v 0.030182410031557083 -0.025999998673796654 -0.0020210493821650743
v 0.030182410031557083 -0.025999998673796654 -0.0020210493821650743
v 0.030182410031557083 -0.0325000025331974 -0.0020210493821650743
v 0.028228547424077988 -0.0325000025331974 -0.010872517712414265
v 0.030182410031557083 -0.025999998673796654 -0.0020210493821650743
v 0.028228547424077988 -0.0325000025331974 -0.010872517712414265
v 0.028228547424077988 -0.025999998673796654 -0.010872517712414265
v 0.028228547424077988 -0.025999998673796654 -0.010872517712414265
v 0.028228547424077988 -0.0325000025331974 -0.010872517712414265
v 0.02373996563255787 -0.0325000025331974 -0.01874772273004055
v 0.028228547424077988 -0.025999998673796654 -0.010872517712414265
v 0.02373996563255787 -0.0325000025331974 -0.01874772273004055
v 0.02373996563255787 -0.025999998673796654 -0.01874772273004055
v 0.02373996563255787 -0.025999998673796654 -0.01874772273004055
v 0.02373996563255787 -0.0325000025331974 -0.01874772273004055
v 0.01711970940232277 -0.0325000025331974 -0.024939512833952904
v 0.02373996563255787 -0.025999998673796654 -0.01874772273004055
v 0.01711970940232277 -0.0325000025331974 -0.024939512833952904
v 0.01711970940232277 -0.025999998673796654 -0.024939512833952904
v 0.01711970940232277 -0.025999998673796654 -0.024939512833952904
v 0.01711970940232277 -0.0325000025331974 -0.024939512833952904
v 0.008962225168943405 -0.0325000025331974 -0.028891896829009056
v 0.01711970940232277 -0.025999998673796654 -0.024939512833952904
v 0.008962225168943405 -0.0325000025331974 -0.028891896829009056
v 0.008962225168943405 -0.025999998673796654 -0.028891896829009056
v 0.008962225168943405 -0.025999998673796654 -0.028891896829009056
v 0.008962225168943405 -0.0325000025331974 -0.028891896829009056
v -1.1874362604302746e-11 -0.0325000025331974 -0.03024998866021633
v 0.008962225168943405 -0.025999998673796654 -0.028891896829009056
v -1.1874362604302746e-11 -0.0325000025331974 -0.03024998866021633
v -1.1874362604302746e-11 -0.025999998673796654 -0.03024998866021633
v -1.1874362604302746e-11 -0.025999998673796654 -0.03024998866021633
v -1.1874362604302746e-11 -0.0325000025331974 -0.03024998866021633
v -0.00896222610026598 -0.0325000025331974 -0.028891896829009056
v -1.1874362604302746e-11 -0.025999998673796654 -0.03024998866021633
v -0.00896222610026598 -0.0325000025331974 -0.028891896829009056
v -0.00896222610026598 -0.025999998673796654 -0.028891896829009056
v -0.00896222610026598 -0.025999998673796654 -0.028891896829009056
v -0.00896222610026598 -0.0325000025331974 -0.028891896829009056
v -0.01711970753967762 -0.0325000025331974 -0.024939512833952904
v -0.00896222610026598 -0.025999998673796654 -0.028891896829009056
v -0.01711970753967762 -0.0325000025331974 -0.024939512833952904
v -0.01711970753967762 -0.025999998673796654 -0.024939512833952904
v -0.01711970753967762 -0.025999998673796654 -0.024939512833952904
v -0.01711970753967762 -0.0325000025331974 -0.024939512833952904
v -0.02373996563255787 -0.0325000025331974 -0.01874772273004055
v -0.01711970753967762 -0.025999998673796654 -0.024939512833952904
v -0.02373996563255787 -0.0325000025331974 -0.01874772273004055
v -0.02373996563255787 -0.025999998673796654 -0.01874772273004055
v -0.02373996563255787 -0.025999998673796654 -0.01874772273004055
v -0.02373996563255787 -0.0325000025331974 -0.01874772273004055
v -0.02822854556143284 -0.0325000025331974 -0.010872517712414265
v -0.02373996563255787 -0.025999998673796654 -0.01874772273004055
v -0.02822854556143284 -0.0325000025331974 -0.010872517712414265
v -0.02822854556143284 -0.025999998673796654 -0.010872517712414265
v -0.02822854556143284 -0.025999998673796654 -0.010872517712414265
v -0.02822854556143284 -0.0325000025331974 -0.010872517712414265
v -0.030182408168911934 -0.0325000025331974 -0.0020210493821650743
v -0.02822854556143284 -0.025999998673796654 -0.010872517712414265
v -0.030182408168911934 -0.0325000025331974 -0.0020210493821650743
v -0.030182408168911934 -0.025999998673796654 -0.0020210493821650743
v -0.030182408168911934 -0.025999998673796654 -0.0020210493821650743
v -0.030182408168911934 -0.0325000025331974 -0.0020210493821650743
v -0.02942611090838909 -0.0325000025331974 0.007011855486780405
v -0.030182408168911934 -0.025999998673796654 -0.0020210493821650743
v -0.02942611090838909 -0.0325000025331974 0.007011855486780405
v -0.02942611090838909 -0.025999998673796654 0.007011855486780405
v -0.02942611090838909 -0.025999998673796654 0.007011855486780405
v -0.02942611090838909 -0.0325000025331974 0.007011855486780405
v -0.026027560234069824 -0.0325000025331974 0.01541521679610014
v -0.02942611090838909 -0.025999998673796654 0.007011855486780405
v -0.026027560234069824 -0.0325000025331974 0.01541521679610014
v -0.026027560234069824 -0.025999998673796654 0.01541521679610014
v -0.026027560234069824 -0.025999998673796654 0.01541521679610014
v -0.026027560234069824 -0.0325000025331974 0.01541521679610014
v -0.020291924476623535 -0.0325000025331974 0.022434378042817116
v -0.026027560234069824 -0.025999998673796654 0.01541521679610014
v -0.020291924476623535 -0.0325000025331974 0.022434378042817116
v -0.020291924476623535 -0.025999998673796654 0.022434378042817116
v -0.016390647739171982 0.06382238864898682 0.08777692168951035
v -0.016611667349934578 0.06384022533893585 0.08819856494665146
v 0.02971166931092739 0.07009612023830414 0.11180140823125839
v -0.0017675640992820263 0.06842146813869476 0.12463488429784775
v 0.0019918617326766253 0.0688445121049881 0.12560179829597473
v -0.019449999555945396 0.06463910639286041 0.1000000461935997
v 0.014867563731968403 0.06551486998796463 0.0753650888800621
v 0.011108137667179108 0.0650918260216713 0.07439830154180527
v 0.03254999965429306 0.06929723173379898 0.1000000461935997
v 0.01009997259825468 0.06958498060703278 0.12576034665107727
v 0.010617808438837528 0.06962456554174423 0.12568405270576477
v -0.016611667349934578 0.06384022533893585 0.08819856494665146
v 0.0030000275000929832 0.06435135751962662 0.07423975318670273
v 0.002482190728187561 0.06431178003549576 0.07431592792272568
v 0.02971166931092739 0.07009612023830414 0.11180140823125839
v 0.01009997259825468 0.06958498060703278 0.12576034665107727
v -0.016611667349934578 0.06384022533893585 0.08819856494665146
v 0.006029899697750807 0.06924133002758026 0.1259949505329132
v 0.0030000275000929832 0.06435135751962662 0.07423975318670273
v 0.02971166931092739 0.07009612023830414 0.11180140823125839
v 0.007070100400596857 0.06469500809907913 0.07400503009557724
v 0.02971166931092739 0.07009612023830414 0.11180140823125839
v -0.005253552924841642 0.0638434961438179 0.07683374732732773
v -0.008376887999475002 0.06373125314712524 0.07871117442846298
v -0.017999259755015373 0.0640045776963234 0.09143318980932236
v -0.019008846953511238 0.06425365805625916 0.09523787349462509
v 0.0019918617326766253 0.0688445121049881 0.12560179829597473
v 0.0019918617326766253 0.0688445121049881 0.12560179829597473
v -0.019008846953511238 0.06425365805625916 0.09523787349462509
v -0.019432151690125465 0.06455501914024353 0.09903981536626816
v 0.0019918617326766253 0.0688445121049881 0.12560179829597473
v -0.019432151690125465 0.06455501914024353 0.09903981536626816
v -0.019449999555945396 0.06463910639286041 0.1000000461935997
v -0.017999259755015373 0.0640045776963234 0.09143318980932236
v 0.0019918617326766253 0.0688445121049881 0.12560179829597473
v -0.016611667349934578 0.06384022533893585 0.08819856494665146
v -0.016611667349934578 0.06384022533893585 0.08819856494665146
v 0.0019918617326766253 0.0688445121049881 0.12560179829597473
v 0.002481980947777629 0.06889575719833374 0.12568393349647522
v -0.016611667349934578 0.06384022533893585 0.08819856494665146
v 0.002481980947777629 0.06889575719833374 0.12568393349647522
v 0.006029899697750807 0.06924133002758026 0.1259949505329132
v 0.010617808438837528 0.06962456554174423 0.12568405270576477
v 0.014055484905838966 0.06986214220523834 0.12489547580480576
v -0.016611667349934578 0.06384022533893585 0.08819856494665146
v -0.016611667349934578 0.06384022533893585 0.08819856494665146
v 0.014055484905838966 0.06986214220523834 0.12489547580480576
v 0.017960134893655777 0.07007511705160141 0.12336256355047226
v -0.016611667349934578 0.06384022533893585 0.08819856494665146
v 0.017960134893655777 0.07007511705160141 0.12336256355047226
v 0.018353553488850594 0.07009284198284149 0.12316622585058212
v 0.018353553488850594 0.07009284198284149 0.12316622585058212
v 0.02147688716650009 0.07020508497953415 0.12128879874944687
v -0.016611667349934578 0.06384022533893585 0.08819856494665146
v -0.016611667349934578 0.06384022533893585 0.08819856494665146
v 0.02147688716650009 0.07020508497953415 0.12128879874944687
v 0.024654870852828026 0.07025528699159622 0.11866118758916855
v -0.016611667349934578 0.06384022533893585 0.08819856494665146
v 0.024654870852828026 0.07025528699159622 0.11866118758916855
v 0.02493479661643505 0.07025569677352905 0.11838474124670029
v 0.02493479661643505 0.07025569677352905 0.11838474124670029
v 0.027319755405187607 0.07022330909967422 0.11562778800725937
v -0.016611667349934578 0.06384022533893585 0.08819856494665146
v -0.016611667349934578 0.06384022533893585 0.08819856494665146
v 0.027319755405187607 0.07022330909967422 0.11562778800725937
v 0.029490649700164795 0.07011394947767258 0.11222317069768906
v -0.016611667349934578 0.06384022533893585 0.08819856494665146
v 0.029490649700164795 0.07011394947767258 0.11222317069768906
v 0.02971166931092739 0.07009612023830414 0.11180140823125839
v 0.031099259853363037 0.069931760430336 0.1085667833685875
v 0.0321088470518589 0.06968268007040024 0.10476209968328476
v 0.011108137667179108 0.0650918260216713 0.07439830154180527
v 0.011108137667179108 0.0650918260216713 0.07439830154180527
v 0.0321088470518589 0.06968268007040024 0.10476209968328476
v 0.03253215178847313 0.06938131898641586 0.1009601578116417
v 0.011108137667179108 0.0650918260216713 0.07439830154180527
v 0.03253215178847313 0.06938131898641586 0.1009601578116417
v 0.03254999965429306 0.06929723173379898 0.1000000461935997
v 0.031099259853363037 0.069931760430336 0.1085667833685875
v 0.011108137667179108 0.0650918260216713 0.07439830154180527
v 0.02971166931092739 0.07009612023830414 0.11180140823125839
v 0.02971166931092739 0.07009612023830414 0.11180140823125839
v 0.011108137667179108 0.0650918260216713 0.07439830154180527
v 0.010618018917739391 0.06504058092832565 0.07431604713201523
v 0.02971166931092739 0.07009612023830414 0.11180140823125839
v 0.010618018917739391 0.06504058092832565 0.07431604713201523
v 0.007070100400596857 0.06469500809907913 0.07400503009557724
v 0.002482190728187561 0.06431178003549576 0.07431592792272568
v -0.0009554856806062162 0.06407420337200165 0.0751044973731041
v 0.02971166931092739 0.07009612023830414 0.11180140823125839
v 0.02971166931092739 0.07009612023830414 0.11180140823125839
v -0.0009554856806062162 0.06407420337200165 0.0751044973731041
v -0.004860134795308113 0.06386122107505798 0.07663740962743759
v 0.02971166931092739 0.07009612023830414 0.11180140823125839
v -0.004860134795308113 0.06386122107505798 0.07663740962743759
v -0.005253552924841642 0.0638434961438179 0.07683374732732773
v -0.008376887999475002 0.06373125314712524 0.07871117442846298
v -0.011554870754480362 0.06368105858564377 0.0813387855887413
v 0.02971166931092739 0.07009612023830414 0.11180140823125839
v 0.02971166931092739 0.07009612023830414 0.11180140823125839
v -0.011554870754480362 0.06368105858564377 0.0813387855887413
v -0.014219756238162518 0.06371302902698517 0.08437218517065048
v 0.02971166931092739 0.07009612023830414 0.11180140823125839
v -0.014219756238162518 0.06371302902698517 0.08437218517065048
v -0.016390647739171982 0.06382238864898682 0.08777692168951035
v -0.019449999555945396 0.06463910639286041 0.1000000461935997
v -0.014321399852633476 0.06648094207048416 0.11549129337072372
v -0.01183477696031332 0.06696190685033798 0.11838474124670029
v 0.03254999965429306 0.06929723173379898 0.1000000461935997
v 0.02742139995098114 0.06745540350675583 0.08450879901647568
v 0.02493477612733841 0.06697443872690201 0.08161523193120956
v -0.014321399852633476 0.06648094207048416 0.11549129337072372
v -0.019449999555945396 0.06463910639286041 0.1000000461935997
v -0.016537632793188095 0.0659659281373024 0.11194481700658798
v -0.016537632793188095 0.0659659281373024 0.11194481700658798
v -0.019449999555945396 0.06463910639286041 0.1000000461935997
v -0.019132304936647415 0.0650283545255661 0.1040429100394249
v -0.016537632793188095 0.0659659281373024 0.11194481700658798
v -0.019132304936647415 0.0650283545255661 0.1040429100394249
v -0.018125837668776512 0.06548906117677689 0.10819532722234726
v -0.01183477696031332 0.06696190685033798 0.11838474124670029
v -0.00874004140496254 0.06747516989707947 0.12102987617254257
v -0.019449999555945396 0.06463910639286041 0.1000000461935997
v -0.019449999555945396 0.06463910639286041 0.1000000461935997
v -0.00874004140496254 0.06747516989707947 0.12102987617254257
v -0.00540951918810606 0.06795701384544373 0.123086117208004
v -0.019449999555945396 0.06463910639286041 0.1000000461935997
v -0.00540951918810606 0.06795701384544373 0.123086117208004
v -0.0017675640992820263 0.06842146813869476 0.12463488429784775
v 0.02742139995098114 0.06745540350675583 0.08450879901647568
v 0.03254999965429306 0.06929723173379898 0.1000000461935997
v 0.029637634754180908 0.067970409989357 0.08805527538061142
v 0.029637634754180908 0.067970409989357 0.08805527538061142
v 0.03254999965429306 0.06929723173379898 0.1000000461935997
v 0.03223230689764023 0.06890798360109329 0.09595706313848495
v 0.029637634754180908 0.067970409989357 0.08805527538061142
v 0.03223230689764023 0.06890798360109329 0.09595706313848495
v 0.031225839629769325 0.06844727694988251 0.09180464595556259
v 0.02493477612733841 0.06697443872690201 0.08161523193120956
v 0.021840041503310204 0.06646117568016052 0.07897021621465683
v 0.03254999965429306 0.06929723173379898 0.1000000461935997
v 0.03254999965429306 0.06929723173379898 0.1000000461935997
v 0.021840041503310204 0.06646117568016052 0.07897021621465683
v 0.0185095202177763 0.06597932428121567 0.07691385596990585
v 0.03254999965429306 0.06929723173379898 0.1000000461935997
v 0.0185095202177763 0.06597932428121567 0.07691385596990585
v 0.014867563731968403 0.06551486998796463 0.0753650888800621
v 0.0815989300608635 -0.0004918047925457358 0.13318660855293274
v 0.07372600585222244 -0.0004999722586944699 0.129548579454422
v 0.08159882575273514 0.0008281766786240041 0.1331879198551178
v 0.08159882575273514 0.0008281766786240041 0.1331879198551178
v 0.07372600585222244 -0.0004999722586944699 0.129548579454422
v 0.07372549176216125 0.014608764089643955 0.12956896424293518
v 0.08159882575273514 0.0008281766786240041 0.1331879198551178
v 0.07372549176216125 0.014608764089643955 0.12956896424293518
v 0.08142940700054169 0.018663771450519562 0.13315394520759583
v 0.08142940700054169 0.018663771450519562 0.13315394520759583
v 0.07372549176216125 0.014608764089643955 0.12956896424293518
v 0.07372092455625534 0.023622533306479454 0.12958505749702454
v 0.08142940700054169 0.018663771450519562 0.13315394520759583
v 0.07372092455625534 0.023622533306479454 0.12958505749702454
v 0.08090093731880188 0.02966889925301075 0.13302353024482727
v 0.08090093731880188 0.02966889925301075 0.13302353024482727
v 0.07372092455625534 0.023622533306479454 0.12958505749702454
v 0.07370376586914062 0.033167704939842224 0.1295795738697052
v 0.08090093731880188 0.02966889925301075 0.13302353024482727
v 0.07370376586914062 0.033167704939842224 0.1295795738697052
v 0.0800674706697464 0.03829978033900261 0.13282564282417297
v 0.0800674706697464 0.03829978033900261 0.13282564282417297
v 0.07370376586914062 0.033167704939842224 0.1295795738697052
v 0.07369251549243927 0.03627084940671921 0.1295699179172516
v 0.0800674706697464 0.03829978033900261 0.13282564282417297
v 0.07369251549243927 0.03627084940671921 0.1295699179172516
v 0.07882514595985413 0.04594670981168747 0.13255468010902405
v 0.07882514595985413 0.04594670981168747 0.13255468010902405
v 0.07369251549243927 0.03627084940671921 0.1295699179172516
v 0.07365065813064575 0.04274867847561836 0.12954941391944885
v 0.07882514595985413 0.04594670981168747 0.13255468010902405
v 0.07365065813064575 0.04274867847561836 0.12954941391944885
v 0.07349016517400742 0.05148870125412941 0.12949445843696594
v 0.07586774975061417 0.05568743124604225 0.1318923532962799
v 0.07694867253303528 0.052994780242443085 0.13213446736335754
v 0.07349016517400742 0.05148870125412941 0.12949445843696594
v 0.07349016517400742 0.05148870125412941 0.12949445843696594
v 0.07694867253303528 0.052994780242443085 0.13213446736335754
v 0.07736296206712723 0.05173133313655853 0.13222816586494446
v 0.07349016517400742 0.05148870125412941 0.12949445843696594
v 0.07736296206712723 0.05173133313655853 0.13222816586494446
v 0.07882514595985413 0.04594670981168747 0.13255468010902405
v 0.07349016517400742 0.05148870125412941 0.12949445843696594
v 0.07316028326749802 0.056455548852682114 0.12937572598457336
v 0.07586774975061417 0.05568743124604225 0.1318923532962799
v 0.07586774975061417 0.05568743124604225 0.1318923532962799
v 0.07316028326749802 0.056455548852682114 0.12937572598457336
v 0.07264523953199387 0.05866750329732895 0.12927046418190002
v 0.07586774975061417 0.05568743124604225 0.1318923532962799
v 0.07264523953199387 0.05866750329732895 0.12927046418190002
v 0.07523221522569656 0.056936413049697876 0.13175061345100403
v 0.07523221522569656 0.056936413049697876 0.13175061345100403
v 0.07264523953199387 0.05866750329732895 0.12927046418190002
v 0.0716342106461525 0.060330525040626526 0.12903180718421936
v 0.07523221522569656 0.056936413049697876 0.13175061345100403
v 0.0716342106461525 0.060330525040626526 0.12903180718421936
v 0.07418790459632874 0.05860985815525055 0.1315167248249054
v 0.07418790459632874 0.05860985815525055 0.1315167248249054
v 0.0716342106461525 0.060330525040626526 0.12903180718421936
v 0.0722803846001625 0.060856569558382034 0.13107779622077942
v 0.0722803846001625 0.060856569558382034 0.13107779622077942
v 0.0716342106461525 0.060330525040626526 0.12903180718421936
v 0.07159829884767532 0.0603705495595932 0.12902560830116272
v 0.0722803846001625 0.060856569558382034 0.13107779622077942
v 0.07159829884767532 0.0603705495595932 0.12902560830116272
v 0.07126621156930923 0.06070572882890701 0.12897184491157532
v 0.07126621156930923 0.06070572882890701 0.12897184491157532
v 0.06963018327951431 0.061792559921741486 0.1285969316959381
v 0.0722803846001625 0.060856569558382034 0.13107779622077942
v 0.0722803846001625 0.060856569558382034 0.13107779622077942
v 0.06963018327951431 0.061792559921741486 0.1285969316959381
v 0.06974209100008011 0.06228727102279663 0.12955167889595032
v 0.0722803846001625 0.060856569558382034 0.13107779622077942
v 0.06974209100008011 0.06228727102279663 0.12955167889595032
v 0.06985360383987427 0.06278155744075775 0.13050666451454163
v 0.06804987043142319 0.06379220634698868 0.13008776307106018
v 0.06966224312782288 0.06290148198604584 0.13046303391456604
v 0.06744019687175751 0.06272949278354645 0.1280551254749298
v 0.06966224312782288 0.06290148198604584 0.13046303391456604
v 0.06985360383987427 0.06278155744075775 0.13050666451454163
v 0.06744019687175751 0.06272949278354645 0.1280551254749298
v 0.06744019687175751 0.06272949278354645 0.1280551254749298
v 0.06985360383987427 0.06278155744075775 0.13050666451454163
v 0.06974209100008011 0.06228727102279663 0.12955167889595032
v 0.06744019687175751 0.06272949278354645 0.1280551254749298
v 0.06974209100008011 0.06228727102279663 0.12955167889595032
v 0.06963018327951431 0.061792559921741486 0.1285969316959381
v 0.06804987043142319 0.06379220634698868 0.13008776307106018
v 0.06744019687175751 0.06272949278354645 0.1280551254749298
v 0.06714924424886703 0.06420406699180603 0.129878431558609
v 0.06714924424886703 0.06420406699180603 0.129878431558609
v 0.06744019687175751 0.06272949278354645 0.1280551254749298
v 0.06273332238197327 0.0641728937625885 0.126971036195755
v 0.06714924424886703 0.06420406699180603 0.129878431558609
v 0.06273332238197327 0.0641728937625885 0.126971036195755
v 0.06676294654607773 0.06436558812856674 0.12978866696357727
v 0.06676294654607773 0.06436558812856674 0.12978866696357727
v 0.06273332238197327 0.0641728937625885 0.126971036195755
v 0.06301209330558777 0.06560274213552475 0.12892070412635803
v 0.06301209330558777 0.06560274213552475 0.12892070412635803
v 0.06273332238197327 0.0641728937625885 0.126971036195755
v 0.05676351115107536 0.06558666378259659 0.12538579106330872
v 0.06301209330558777 0.06560274213552475 0.12892070412635803
v 0.05676351115107536 0.06558666378259659 0.12538579106330872
v 0.0572759248316288 0.06683535128831863 0.12746980786323547
v 0.0572759248316288 0.06683535128831863 0.12746980786323547
v 0.05676351115107536 0.06558666378259659 0.12538579106330872
v 0.054141223430633545 0.06613050401210785 0.12430968135595322
v 0.0572759248316288 0.06683535128831863 0.12746980786323547
v 0.054141223430633545 0.06613050401210785 0.12430968135595322
v 0.05331799015402794 0.0674482062458992 0.1261911690235138
v 0.05331799015402794 0.0674482062458992 0.1261911690235138
v 0.054141223430633545 0.06613050401210785 0.12430968135595322
v 0.05282866582274437 0.06637900322675705 0.1232311949133873
v 0.05331799015402794 0.0674482062458992 0.1261911690235138
v 0.05282866582274437 0.06637900322675705 0.1232311949133873
v 0.051907554268836975 0.06768026947975159 0.1253134310245514
v 0.05229822173714638 0.0664684846997261 0.12243916839361191
v 0.051704395562410355 0.06654544174671173 0.12075044959783554
v 0.050368014723062515 0.06804860383272171 0.1228276714682579
v 0.05136757344007492 0.0665087178349495 0.11739697307348251
v 0.0498339980840683 0.06832185387611389 0.1193639263510704
v 0.051704395562410355 0.06654544174671173 0.12075044959783554
v 0.051704395562410355 0.06654544174671173 0.12075044959783554
v 0.0498339980840683 0.06832185387611389 0.1193639263510704
v 0.050151363015174866 0.06812427192926407 0.12205841392278671
v 0.051704395562410355 0.06654544174671173 0.12075044959783554
v 0.050151363015174866 0.06812427192926407 0.12205841392278671
v 0.050368014723062515 0.06804860383272171 0.1228276714682579
v 0.050368014723062515 0.06804860383272171 0.1228276714682579
v 0.05131334811449051 0.06779883056879044 0.12466742843389511
v 0.05229822173714638 0.0664684846997261 0.12243916839361191
v 0.05229822173714638 0.0664684846997261 0.12243916839361191
v 0.05131334811449051 0.06779883056879044 0.12466742843389511
v 0.051907554268836975 0.06768026947975159 0.1253134310245514
v 0.05229822173714638 0.0664684846997261 0.12243916839361191
v 0.051907554268836975 0.06768026947975159 0.1253134310245514
v 0.05282866582274437 0.06637900322675705 0.1232311949133873
v 0.05136757344007492 0.0665087178349495 0.11739697307348251
v 0.05119006335735321 0.06625904142856598 0.11125793308019638
v 0.0498339980840683 0.06832185387611389 0.1193639263510704
v 0.0498339980840683 0.06832185387611389 0.1193639263510704
v 0.05119006335735321 0.06625904142856598 0.11125793308019638
v 0.04959391802549362 0.0685000792145729 0.11287262290716171
v 0.04959391802549362 0.0685000792145729 0.11287262290716171
v 0.05119006335735321 0.06625904142856598 0.11125793308019638
v 0.04954439401626587 0.06844372302293777 0.10970678180456161
v 0.04954439401626587 0.06844372302293777 0.10970678180456161
v 0.05119006335735321 0.06625904142856598 0.11125793308019638
v 0.05114079639315605 0.0659060850739479 0.10532131046056747
v 0.04954439401626587 0.06844372302293777 0.10970678180456161
v 0.05114079639315605 0.0659060850739479 0.10532131046056747
v 0.0495036356151104 0.0682528018951416 0.1056838259100914
v 0.0495036356151104 0.0682528018951416 0.1056838259100914
v 0.05114079639315605 0.0659060850739479 0.10532131046056747
v 0.05113910511136055 0.06560400128364563 0.10151293128728867
v 0.0495036356151104 0.0682528018951416 0.1056838259100914
v 0.05113910511136055 0.06560400128364563 0.10151293128728867
v 0.04947923868894577 0.0675973892211914 0.09766008704900742
v 0.04947923868894577 0.0675973892211914 0.09766008704900742
v 0.05113910511136055 0.06560400128364563 0.10151293128728867
v 0.05117907002568245 0.06469693034887314 0.09289707988500595
v 0.04947923868894577 0.0675973892211914 0.09766008704900742
v 0.05117907002568245 0.06469693034887314 0.09289707988500595
v 0.04949996992945671 0.067145936191082 0.0934002622961998
v 0.04949996992945671 0.067145936191082 0.0934002622961998
v 0.05117907002568245 0.06469693034887314 0.09289707988500595
v 0.051314618438482285 0.06429756432771683 0.08997645229101181
v 0.04949996992945671 0.067145936191082 0.0934002622961998
v 0.051314618438482285 0.06429756432771683 0.08997645229101181
v 0.04952801391482353 0.06667275726795197 0.0897764191031456
v 0.04952801391482353 0.06667275726795197 0.0897764191031456
v 0.051314618438482285 0.06429756432771683 0.08997645229101181
v 0.051912594586610794 0.06373204290866852 0.0868993028998375
v 0.04952801391482353 0.06667275726795197 0.0897764191031456
v 0.051912594586610794 0.06373204290866852 0.0868993028998375
v 0.0498691089451313 0.06620342284440994 0.0869845375418663
v 0.0498691089451313 0.06620342284440994 0.0869845375418663
v 0.051912594586610794 0.06373204290866852 0.0868993028998375
v 0.0506853349506855 0.06563182175159454 0.08429136127233505
v 0.0506853349506855 0.06563182175159454 0.08429136127233505
v 0.051912594586610794 0.06373204290866852 0.0868993028998375
v 0.053111765533685684 0.06290940195322037 0.08347537368535995
v 0.0506853349506855 0.06563182175159454 0.08429136127233505
v 0.053111765533685684 0.06290940195322037 0.08347537368535995
v 0.052063047885894775 0.06475221365690231 0.08105780929327011
v 0.052063047885894775 0.06475221365690231 0.08105780929327011
v 0.053111765533685684 0.06290940195322037 0.08347537368535995
v 0.05617813020944595 0.06059044972062111 0.07581498473882675
v 0.052063047885894775 0.06475221365690231 0.08105780929327011
v 0.05617813020944595 0.06059044972062111 0.07581498473882675
v 0.05465799197554588 0.06278674304485321 0.0754024013876915
v 0.06511665135622025 0.026184076443314552 0.04303249344229698
v 0.06710394471883774 0.026872266083955765 0.041194286197423935
v 0.06638956069946289 0.031490426510572433 0.04240497574210167
v 0.06313112378120422 0.025495843961834908 0.044872429221868515
v 0.06511665135622025 0.026184076443314552 0.04303249344229698
v 0.06317344307899475 0.030966317281126976 0.04614004120230675
v 0.06317344307899475 0.030966317281126976 0.04614004120230675
v 0.06511665135622025 0.026184076443314552 0.04303249344229698
v 0.06638956069946289 0.031490426510572433 0.04240497574210167
v 0.06317344307899475 0.030966317281126976 0.04614004120230675
v 0.06638956069946289 0.031490426510572433 0.04240497574210167
v 0.06318340450525284 0.031797245144844055 0.04638853296637535
v 0.06318340450525284 0.031797245144844055 0.04638853296637535
v 0.06638956069946289 0.031490426510572433 0.04240497574210167
v 0.0661235898733139 0.033388275653123856 0.043087806552648544
v 0.06318340450525284 0.031797245144844055 0.04638853296637535
v 0.0661235898733139 0.033388275653123856 0.043087806552648544
v 0.06325129419565201 0.03570907935500145 0.0478300116956234
v 0.06325129419565201 0.03570907935500145 0.0478300116956234
v 0.0661235898733139 0.033388275653123856 0.043087806552648544
v 0.06579594314098358 0.035968974232673645 0.0441952608525753
v 0.06325129419565201 0.03570907935500145 0.0478300116956234
v 0.06579594314098358 0.035968974232673645 0.0441952608525753
v 0.06330736726522446 0.03785499930381775 0.04885103926062584
v 0.06330736726522446 0.03785499930381775 0.04885103926062584
v 0.06579594314098358 0.035968974232673645 0.0441952608525753
v 0.06540251523256302 0.03958074748516083 0.04613634571433067
v 0.06348173320293427 0.04348360747098923 0.05229034647345543
v 0.06330736726522446 0.03785499930381775 0.04885103926062584
v 0.06540251523256302 0.03958074748516083 0.04613634571433067
v 0.060837678611278534 0.05602777749300003 0.061974551528692245
v 0.0596759207546711 0.05761028826236725 0.06457152217626572
v 0.06065401807427406 0.05604783445596695 0.0653323158621788
v 0.06065401807427406 0.05604783445596695 0.0653323158621788
v 0.06142991781234741 0.0551597885787487 0.06392242759466171
v 0.060837678611278534 0.05602777749300003 0.061974551528692245
v 0.060837678611278534 0.05602777749300003 0.061974551528692245
v 0.06142991781234741 0.0551597885787487 0.06392242759466171
v 0.06208209693431854 0.05430471897125244 0.06270887702703476
v 0.060837678611278534 0.05602777749300003 0.061974551528692245
v 0.06208209693431854 0.05430471897125244 0.06270887702703476
v 0.061720963567495346 0.05463791266083717 0.059934403747320175
v 0.061720963567495346 0.05463791266083717 0.059934403747320175
v 0.06208209693431854 0.05430471897125244 0.06270887702703476
v 0.06307311356067657 0.05240742489695549 0.06044187769293785
v 0.061720963567495346 0.05463791266083717 0.059934403747320175
v 0.06307311356067657 0.05240742489695549 0.06044187769293785
v 0.06196460500359535 0.054214831441640854 0.05935242399573326
v 0.06196460500359535 0.054214831441640854 0.05935242399573326
v 0.06307311356067657 0.05240742489695549 0.06044187769293785
v 0.06296510249376297 0.0522221140563488 0.05685296282172203
v 0.06307311356067657 0.05240742489695549 0.06044187769293785
v 0.06333039700984955 0.051547396928071976 0.05954137071967125
v 0.06296510249376297 0.0522221140563488 0.05685296282172203
v 0.06296510249376297 0.0522221140563488 0.05685296282172203
v 0.06333039700984955 0.051547396928071976 0.05954137071967125
v 0.06353851407766342 0.05034494400024414 0.058391597121953964
v 0.06296510249376297 0.0522221140563488 0.05685296282172203
v 0.06353851407766342 0.05034494400024414 0.058391597121953964
v 0.0637911781668663 0.04999513179063797 0.05442860350012779
v 0.0637911781668663 0.04999513179063797 0.05442860350012779
v 0.06353851407766342 0.05034494400024414 0.058391597121953964
v 0.06359998136758804 0.04825104773044586 0.056317832320928574
v 0.0637911781668663 0.04999513179063797 0.05442860350012779
v 0.06359998136758804 0.04825104773044586 0.056317832320928574
v 0.06437543779611588 0.04767991602420807 0.052208926528692245
v 0.06437543779611588 0.04767991602420807 0.052208926528692245
v 0.06359998136758804 0.04825104773044586 0.056317832320928574
v 0.06348173320293427 0.04348360747098923 0.05229034647345543
v 0.06437543779611588 0.04767991602420807 0.052208926528692245
v 0.06348173320293427 0.04348360747098923 0.05229034647345543
v 0.0648016557097435 0.04511180892586708 0.050022389739751816
v 0.0648016557097435 0.04511180892586708 0.050022389739751816
v 0.06348173320293427 0.04348360747098923 0.05229034647345543
v 0.06540251523256302 0.03958074748516083 0.04613634571433067
v 0.05465799197554588 0.06278674304485321 0.0754024013876915
v 0.05617813020944595 0.06059044972062111 0.07581498473882675
v 0.05874152109026909 0.05813523381948471 0.06948091834783554
v 0.05465799197554588 0.06278674304485321 0.0754024013876915
v 0.05874152109026909 0.05813523381948471 0.06948091834783554
v 0.05690481886267662 0.060719918459653854 0.07057323306798935
v 0.05690481886267662 0.060719918459653854 0.07057323306798935
v 0.05874152109026909 0.05813523381948471 0.06948091834783554
v 0.06065401807427406 0.05604783445596695 0.0653323158621788
v 0.05690481886267662 0.060719918459653854 0.07057323306798935
v 0.06065401807427406 0.05604783445596695 0.0653323158621788
v 0.0596759207546711 0.05761028826236725 0.06457152217626572
v 0.051314618438482285 0.06429756432771683 0.08997645229101181
v 0.05117907002568245 0.06469693034887314 0.09289707988500595
v 0.058137595653533936 0.06347493082284927 0.0968560203909874
v 0.05113910511136055 0.06560400128364563 0.10151293128728867
v 0.05114079639315605 0.0659060850739479 0.10532131046056747
v 0.05946686118841171 0.0641913190484047 0.1079200729727745
v 0.07126621156930923 0.06070572882890701 0.12897184491157532
v 0.0705871731042862 0.061212774366140366 0.11898960918188095
v 0.06820622086524963 0.06230597198009491 0.11899103969335556
v 0.05114143341779709 -0.06665203720331192 0.10207738727331161
v 0.05115436390042305 -0.06633124500513077 0.09861519187688828
v 0.05812320485711098 -0.06447868049144745 0.0968560203909874
v 0.0514737032353878 -0.06513214856386185 0.08901562541723251
v 0.0518985353410244 -0.06473522633314133 0.08689727634191513
v 0.05680913105607033 -0.06329657882452011 0.08579590171575546
v 0.05879279226064682 -0.0590808168053627 0.06935777515172958
v 0.060078784823417664 -0.06007146090269089 0.07480921596288681
v 0.05618325620889664 -0.06159243360161781 0.07582678645849228
v 0.06443847715854645 0.05702030286192894 0.07485666126012802
v 0.06065401807427406 0.05604783445596695 0.0653323158621788
v 0.06232290342450142 0.0581681914627552 0.07483353465795517
v 0.06232290342450142 0.0581681914627552 0.07483353465795517
v 0.06065401807427406 0.05604783445596695 0.0653323158621788
v 0.05874152109026909 0.05813523381948471 0.06948091834783554
v 0.06232290342450142 0.0581681914627552 0.07483353465795517
v 0.05874152109026909 0.05813523381948471 0.06948091834783554
v 0.060090187937021255 0.05906735733151436 0.07480933517217636
v 0.06416302919387817 0.05280923470854759 0.06398191303014755
v 0.06307311356067657 0.05240742489695549 0.06044187769293785
v 0.06258638203144073 0.05446178838610649 0.06395020335912704
v 0.06258638203144073 0.05446178838610649 0.06395020335912704
v 0.06307311356067657 0.05240742489695549 0.06044187769293785
v 0.06208209693431854 0.05430471897125244 0.06270887702703476
v 0.06258638203144073 0.05446178838610649 0.06395020335912704
v 0.06208209693431854 0.05430471897125244 0.06270887702703476
v 0.06142991781234741 0.0551597885787487 0.06392242759466171
v 0.0655193030834198 0.04608352482318878 0.06406881660223007
v 0.06359998136758804 0.04825104773044586 0.056317832320928574
v 0.06494002789258957 0.050674255937337875 0.06401219218969345
v 0.06494002789258957 0.050674255937337875 0.06401219218969345
v 0.06359998136758804 0.04825104773044586 0.056317832320928574
v 0.06353851407766342 0.05034494400024414 0.058391597121953964
v 0.06494002789258957 0.050674255937337875 0.06401219218969345
v 0.06353851407766342 0.05034494400024414 0.058391597121953964
v 0.06416302919387817 0.05280923470854759 0.06398191303014755
v 0.06416302919387817 0.05280923470854759 0.06398191303014755
v 0.06353851407766342 0.05034494400024414 0.058391597121953964
v 0.06333039700984955 0.051547396928071976 0.05954137071967125
v 0.06416302919387817 0.05280923470854759 0.06398191303014755
v 0.06333039700984955 0.051547396928071976 0.05954137071967125
v 0.06307311356067657 0.05240742489695549 0.06044187769293785
v 0.06313112378120422 0.025495843961834908 0.044872429221868515
v 0.06317344307899475 0.030966317281126976 0.04614004120230675
v 0.06424383074045181 0.034531671553850174 0.053377415984869
v 0.06424383074045181 0.034531671553850174 0.053377415984869
v 0.06317344307899475 0.030966317281126976 0.04614004120230675
v 0.06318340450525284 0.031797245144844055 0.04638853296637535
v 0.06318340450525284 0.031797245144844055 0.04638853296637535
v 0.06325129419565201 0.03570907935500145 0.0478300116956234
v 0.06424383074045181 0.034531671553850174 0.053377415984869
v 0.06424383074045181 0.034531671553850174 0.053377415984869
v 0.06325129419565201 0.03570907935500145 0.0478300116956234
v 0.06330736726522446 0.03785499930381775 0.04885103926062584
v 0.06424383074045181 0.034531671553850174 0.053377415984869
v 0.06330736726522446 0.03785499930381775 0.04885103926062584
v 0.06371549516916275 0.04325712472200394 0.05328252539038658
v 0.06371549516916275 0.04325712472200394 0.05328252539038658
v 0.06330736726522446 0.03785499930381775 0.04885103926062584
v 0.06348173320293427 0.04348360747098923 0.05229034647345543
v 0.06312010437250137 0.0225474052131176 0.04440131410956383
v 0.06312539428472519 0.0241776742041111 0.04464688524603844
v 0.06451863050460815 0.01703808270394802 0.05350401625037193
v 0.06312010437250137 0.0225474052131176 0.04440131410956383
v 0.06451863050460815 0.01703808270394802 0.05350401625037193
v 0.06311539560556412 0.0207142885774374 0.044162359088659286
v 0.06312539428472519 0.0241776742041111 0.04464688524603844
v 0.06312870979309082 0.024991419166326523 0.04478290304541588
v 0.06451863050460815 0.01703808270394802 0.05350401625037193
v 0.06451863050460815 0.01703808270394802 0.05350401625037193
v 0.06312870979309082 0.024991419166326523 0.04478290304541588
v 0.06313063204288483 0.025397874414920807 0.044854726642370224
v 0.06451863050460815 0.01703808270394802 0.05350401625037193
v 0.06313063204288483 0.025397874414920807 0.044854726642370224
v 0.06313112378120422 0.025495843961834908 0.044872429221868515
v 0.06311796605587006 -0.0005068299942649901 0.043268825858831406
v 0.06311705708503723 0.002984238788485527 0.043279316276311874
v 0.06455987691879272 -0.0005073057836852968 0.05354621633887291
v 0.06455987691879272 -0.0005073057836852968 0.05354621633887291
v 0.06311705708503723 0.002984238788485527 0.043279316276311874
v 0.06310836225748062 0.012870918959379196 0.04350849613547325
v 0.06311796605587006 -0.0005068299942649901 0.043268825858831406
v 0.06455987691879272 -0.0005073057836852968 0.05354621633887291
v 0.06310895830392838 -0.01177377812564373 0.04341449961066246
v 0.06310895830392838 -0.01177377812564373 0.04341449961066246
v 0.06455987691879272 -0.0005073057836852968 0.05354621633887291
v 0.06451845914125443 -0.018069259822368622 0.05350401625037193
v 0.06310895830392838 -0.01177377812564373 0.04341449961066246
v 0.06451845914125443 -0.018069259822368622 0.05350401625037193
v 0.06311021000146866 -0.019340625032782555 0.04389860853552818
v 0.06330730020999908 -0.038869936019182205 0.04885437712073326
v 0.06321386992931366 -0.03468744084239006 0.04703744873404503
v 0.06424286961555481 -0.03556373342871666 0.053377415984869
v 0.06424286961555481 -0.03556373342871666 0.053377415984869
v 0.06321386992931366 -0.03468744084239006 0.04703744873404503
v 0.06318527460098267 -0.032802682369947433 0.046402301639318466
v 0.06314888596534729 -0.02942645736038685 0.045476045459508896
v 0.06313338875770569 -0.02650962397456169 0.044870760291814804
v 0.06451845914125443 -0.018069259822368622 0.05350401625037193
v 0.06451845914125443 -0.018069259822368622 0.05350401625037193
v 0.06313338875770569 -0.02650962397456169 0.044870760291814804
v 0.06312829256057739 -0.02600526064634323 0.04478093609213829
v 0.06451845914125443 -0.018069259822368622 0.05350401625037193
v 0.06312829256057739 -0.02600526064634323 0.04478093609213829
v 0.06312476098537445 -0.02519162744283676 0.04464336857199669
v 0.06312476098537445 -0.02519162744283676 0.04464336857199669
v 0.06311900913715363 -0.023561550304293633 0.04439523443579674
v 0.06451845914125443 -0.018069259822368622 0.05350401625037193
v 0.06451845914125443 -0.018069259822368622 0.05350401625037193
v 0.06311900913715363 -0.023561550304293633 0.04439523443579674
v 0.0631115585565567 -0.020291699096560478 0.04399403557181358
v 0.06451845914125443 -0.018069259822368622 0.05350401625037193
v 0.0631115585565567 -0.020291699096560478 0.04399403557181358
v 0.06311021000146866 -0.019340625032782555 0.04389860853552818
v 0.06360559165477753 -0.04968956112861633 0.05676105245947838
v 0.06351427733898163 -0.04562252387404442 0.05313017591834068
v 0.06371420621871948 -0.04427572339773178 0.05328240618109703
v 0.06371420621871948 -0.04427572339773178 0.05328240618109703
v 0.06351427733898163 -0.04562252387404442 0.05313017591834068
v 0.06346216052770615 -0.043861135840415955 0.05184521898627281
v 0.06371420621871948 -0.04427572339773178 0.05328240618109703
v 0.06346216052770615 -0.043861135840415955 0.05184521898627281
v 0.06424286961555481 -0.03556373342871666 0.053377415984869
v 0.06424286961555481 -0.03556373342871666 0.053377415984869
v 0.06346216052770615 -0.043861135840415955 0.05184521898627281
v 0.06345749646425247 -0.043710045516490936 0.05174114927649498
v 0.06424286961555481 -0.03556373342871666 0.053377415984869
v 0.06345749646425247 -0.043710045516490936 0.05174114927649498
v 0.06330730020999908 -0.038869936019182205 0.04885437712073326
v 0.0641646459698677 -0.05380730330944061 0.063981793820858
v 0.06333643198013306 -0.052533190697431564 0.05953195318579674
v 0.06494008004665375 -0.05167466402053833 0.0640120729804039
v 0.06494008004665375 -0.05167466402053833 0.0640120729804039
v 0.06333643198013306 -0.052533190697431564 0.05953195318579674
v 0.0635414719581604 -0.051348406821489334 0.0584048293530941
v 0.06077287718653679 -0.05691780522465706 0.06511666625738144
v 0.06143445894122124 -0.05615505576133728 0.06391515582799911
v 0.06259186565876007 -0.05545874685049057 0.0639500841498375
v 0.06259186565876007 -0.05545874685049057 0.0639500841498375
v 0.06143445894122124 -0.05615505576133728 0.06391515582799911
v 0.0622892826795578 -0.05499797314405441 0.06231119856238365
v 0.06259186565876007 -0.05545874685049057 0.0639500841498375
v 0.0622892826795578 -0.05499797314405441 0.06231119856238365
v 0.0641646459698677 -0.05380730330944061 0.063981793820858
v 0.0641646459698677 -0.05380730330944061 0.063981793820858
v 0.0622892826795578 -0.05499797314405441 0.06231119856238365
v 0.06286236643791199 -0.05394328385591507 0.06104448065161705
v 0.0641646459698677 -0.05380730330944061 0.063981793820858
v 0.06286236643791199 -0.05394328385591507 0.06104448065161705
v 0.06333643198013306 -0.052533190697431564 0.05953195318579674
v 0.060078784823417664 -0.06007146090269089 0.07480921596288681
v 0.05879279226064682 -0.0590808168053627 0.06935777515172958
v 0.06232060492038727 -0.05916954204440117 0.07483341544866562
v 0.0514737032353878 -0.06513214856386185 0.08901562541723251
v 0.05680913105607033 -0.06329657882452011 0.08579590171575546
v 0.05122995004057884 -0.06568276137113571 0.09291376918554306
v 0.05128121003508568 -0.0674554631114006 0.11564912647008896
v 0.05118845775723457 -0.06726215779781342 0.1112685427069664
v 0.05945915728807449 -0.06519319117069244 0.1079200729727745
v 0.06574223190546036 -0.06414618343114853 0.11899258941411972
v 0.059648673981428146 -0.06593845784664154 0.12620380520820618
v 0.060689471662044525 -0.06551051884889603 0.11899580806493759
v 0.060689471662044525 -0.06551051884889603 0.11899580806493759
v 0.059648673981428146 -0.06593845784664154 0.12620380520820618
v 0.05820698291063309 -0.06626927852630615 0.12582209706306458
v 0.060689471662044525 -0.06551051884889603 0.11899580806493759
v 0.05820698291063309 -0.06626927852630615 0.12582209706306458
v 0.05491584911942482 -0.06697456538677216 0.12470104545354843
v 0.05196385830640793 -0.06751735508441925 0.12168123573064804
v 0.05150097608566284 -0.06754815578460693 0.11938395351171494
v 0.0528302937746048 -0.06737885624170303 0.1232384666800499
v 0.0528302937746048 -0.06737885624170303 0.1232384666800499
v 0.05150097608566284 -0.06754815578460693 0.11938395351171494
v 0.060689471662044525 -0.06551051884889603 0.11899580806493759
v 0.0528302937746048 -0.06737885624170303 0.1232384666800499
v 0.060689471662044525 -0.06551051884889603 0.11899580806493759
v 0.05321487784385681 -0.06730885058641434 0.12364115566015244
v 0.05321487784385681 -0.06730885058641434 0.12364115566015244
v 0.060689471662044525 -0.06551051884889603 0.11899580806493759
v 0.05491584911942482 -0.06697456538677216 0.12470104545354843
v 0.06958748400211334 -0.06281378120183945 0.12858596444129944
v 0.06950263679027557 -0.0628557950258255 0.1285649836063385
v 0.06821925938129425 -0.06330037117004395 0.11899103969335556
v 0.06821925938129425 -0.06330037117004395 0.11899103969335556
v 0.06950263679027557 -0.0628557950258255 0.1285649836063385
v 0.06933233141899109 -0.06293804198503494 0.12852242588996887
v 0.06821925938129425 -0.06330037117004395 0.11899103969335556
v 0.06933233141899109 -0.06293804198503494 0.12852242588996887
v 0.06898960471153259 -0.0630967766046524 0.12843576073646545
v 0.06898960471153259 -0.0630967766046524 0.12843576073646545
v 0.0682961717247963 -0.06339552253484726 0.12826231122016907
v 0.06821925938129425 -0.06330037117004395 0.11899103969335556
v 0.06821925938129425 -0.06330037117004395 0.11899103969335556
v 0.0682961717247963 -0.06339552253484726 0.12826231122016907
v 0.0668817088007927 -0.06393077969551086 0.127922922372818
v 0.06821925938129425 -0.06330037117004395 0.11899103969335556
v 0.0668817088007927 -0.06393077969551086 0.127922922372818
v 0.06574223190546036 -0.06414618343114853 0.11899258941411972
v 0.06574223190546036 -0.06414618343114853 0.11899258941411972
v 0.0668817088007927 -0.06393077969551086 0.127922922372818
v 0.06596959382295609 -0.0642363652586937 0.1277107298374176
v 0.06574223190546036 -0.06414618343114853 0.11899258941411972
v 0.06596959382295609 -0.0642363652586937 0.1277107298374176
v 0.059648673981428146 -0.06593845784664154 0.12620380520820618
v 0.07160323858261108 -0.06134895235300064 0.11898889392614365
v 0.07089264690876007 -0.06201987713575363 0.1289311945438385
v 0.07060965895652771 -0.06219755485653877 0.11898960918188095
v 0.07060965895652771 -0.06219755485653877 0.11898960918188095
v 0.07089264690876007 -0.06201987713575363 0.1289311945438385
v 0.06963330507278442 -0.06279075890779495 0.1285971701145172
v 0.07060965895652771 -0.06219755485653877 0.11898960918188095
v 0.06963330507278442 -0.06279075890779495 0.1285971701145172
v 0.06821925938129425 -0.06330037117004395 0.11899103969335556
v 0.06821925938129425 -0.06330037117004395 0.11899103969335556
v 0.06963330507278442 -0.06279075890779495 0.1285971701145172
v 0.06962982565164566 -0.06279253959655762 0.12859633564949036
v 0.06821925938129425 -0.06330037117004395 0.11899103969335556
v 0.06962982565164566 -0.06279253959655762 0.12859633564949036
v 0.06958748400211334 -0.06281378120183945 0.12858596444129944
v 0.07234074175357819 -0.06028709560632706 0.11898817867040634
v 0.0727790966629982 -0.05928540229797363 0.12930598855018616
v 0.07206648588180542 -0.06077338755130768 0.12917223572731018
v 0.0727790966629982 -0.05928540229797363 0.12930598855018616
v 0.07234074175357819 -0.06028709560632706 0.11898817867040634
v 0.07314245402812958 -0.0575837679207325 0.1293816864490509
v 0.07314245402812958 -0.0575837679207325 0.1293816864490509
v 0.07234074175357819 -0.06028709560632706 0.11898817867040634
v 0.07302060723304749 -0.0578380823135376 0.11898674815893173
v 0.07314245402812958 -0.0575837679207325 0.1293816864490509
v 0.07302060723304749 -0.0578380823135376 0.11898674815893173
v 0.07315250486135483 -0.05751143768429756 0.12938466668128967
v 0.07315250486135483 -0.05751143768429756 0.12938466668128967
v 0.07302060723304749 -0.0578380823135376 0.11898674815893173
v 0.07325931638479233 -0.05657266080379486 0.12942257523536682
v 0.07325931638479233 -0.05657266080379486 0.12942257523536682
v 0.07302060723304749 -0.0578380823135376 0.11898674815893173
v 0.0733504667878151 -0.052642371505498886 0.11898424476385117
v 0.07325931638479233 -0.05657266080379486 0.12942257523536682
v 0.0733504667878151 -0.052642371505498886 0.11898424476385117
v 0.0734168142080307 -0.054242126643657684 0.12947288155555725
v 0.07351705431938171 -0.042240485548973083 0.11897983402013779
v 0.07361528277397156 -0.04683561995625496 0.1295250952243805
v 0.07352837920188904 -0.05088617652654648 0.12949970364570618
v 0.07372549176216125 0.014608764089643955 0.12956896424293518
v 0.07372600585222244 -0.0004999722586944699 0.129548579454422
v 0.07361003011465073 -0.0005086761084385216 0.11897208541631699
v 0.07361003011465073 -0.0005086761084385216 0.11897208541631699
v 0.07372600585222244 -0.0004999722586944699 0.129548579454422
v 0.07372605800628662 -0.0005871538305655122 0.12954869866371155
v 0.07361003011465073 -0.0005086761084385216 0.11897208541631699
v 0.07372605800628662 -0.0005871538305655122 0.12954869866371155
v 0.07372607290744781 -0.002696343930438161 0.12955191731452942
v 0.07351705431938171 -0.042240485548973083 0.11897983402013779
v 0.07372269779443741 -0.022399231791496277 0.12958219647407532
v 0.07371985167264938 -0.025693777948617935 0.12958553433418274
v 0.07371985167264938 -0.025693777948617935 0.12958553433418274
v 0.0736871138215065 -0.03844233602285385 0.12956514954566956
v 0.07351705431938171 -0.042240485548973083 0.11897983402013779
v 0.07351705431938171 -0.042240485548973083 0.11897983402013779
v 0.0736871138215065 -0.03844233602285385 0.12956514954566956
v 0.07363998144865036 -0.04481623321771622 0.12953665852546692
v 0.07351705431938171 -0.042240485548973083 0.11897983402013779
v 0.07363998144865036 -0.04481623321771622 0.12953665852546692
v 0.07361528277397156 -0.04683561995625496 0.1295250952243805
v 0.07370376586914062 0.033167704939842224 0.1295795738697052
v 0.07372092455625534 0.023622533306479454 0.12958505749702454
v 0.07351739704608917 0.04118935391306877 0.11897983402013779
v 0.07159829884767532 0.0603705495595932 0.12902560830116272
v 0.0716342106461525 0.060330525040626526 0.12903180718421936
v 0.07158615440130234 0.06036752089858055 0.11898889392614365
v 0.07158615440130234 0.06036752089858055 0.11898889392614365
v 0.0716342106461525 0.060330525040626526 0.12903180718421936
v 0.07264523953199387 0.05866750329732895 0.12927046418190002
v 0.07158615440130234 0.06036752089858055 0.11898889392614365
v 0.07264523953199387 0.05866750329732895 0.12927046418190002
v 0.07233341038227081 0.05930441990494728 0.11898817867040634
v 0.07233341038227081 0.05930441990494728 0.11898817867040634
v 0.07264523953199387 0.05866750329732895 0.12927046418190002
v 0.07316028326749802 0.056455548852682114 0.12937572598457336
v 0.07233341038227081 0.05930441990494728 0.11898817867040634
v 0.07316028326749802 0.056455548852682114 0.12937572598457336
v 0.07302097231149673 0.05683601647615433 0.11898674815893173
v 0.07302097231149673 0.05683601647615433 0.11898674815893173
v 0.07316028326749802 0.056455548852682114 0.12937572598457336
v 0.07349016517400742 0.05148870125412941 0.12949445843696594
v 0.07302097231149673 0.05683601647615433 0.11898674815893173
v 0.07349016517400742 0.05148870125412941 0.12949445843696594
v 0.07335120439529419 0.051617581397295 0.11898424476385117
v 0.07335120439529419 0.051617581397295 0.11898424476385117
v 0.07349016517400742 0.05148870125412941 0.12949445843696594
v 0.07365065813064575 0.04274867847561836 0.12954941391944885
v 0.07335120439529419 0.051617581397295 0.11898424476385117
v 0.07365065813064575 0.04274867847561836 0.12954941391944885
v 0.07351739704608917 0.04118935391306877 0.11897983402013779
v 0.07351739704608917 0.04118935391306877 0.11897983402013779
v 0.07365065813064575 0.04274867847561836 0.12954941391944885
v 0.07369251549243927 0.03627084940671921 0.1295699179172516
v 0.07351739704608917 0.04118935391306877 0.11897983402013779
v 0.07369251549243927 0.03627084940671921 0.1295699179172516
v 0.07370376586914062 0.033167704939842224 0.1295795738697052
v 0.07126621156930923 0.06070572882890701 0.12897184491157532
v 0.06820622086524963 0.06230597198009491 0.11899103969335556
v 0.06963018327951431 0.061792559921741486 0.1285969316959381
v 0.06963018327951431 0.061792559921741486 0.1285969316959381
v 0.06820622086524963 0.06230597198009491 0.11899103969335556
v 0.06573294848203659 0.06314951926469803 0.11899258941411972
v 0.06963018327951431 0.061792559921741486 0.1285969316959381
v 0.06573294848203659 0.06314951926469803 0.11899258941411972
v 0.06744019687175751 0.06272949278354645 0.1280551254749298
v 0.06744019687175751 0.06272949278354645 0.1280551254749298
v 0.06573294848203659 0.06314951926469803 0.11899258941411972
v 0.06069498136639595 0.06450925022363663 0.11899580806493759
v 0.06744019687175751 0.06272949278354645 0.1280551254749298
v 0.06069498136639595 0.06450925022363663 0.11899580806493759
v 0.06273332238197327 0.0641728937625885 0.126971036195755
v 0.05136757344007492 0.0665087178349495 0.11739697307348251
v 0.051704395562410355 0.06654544174671173 0.12075044959783554
v 0.06069498136639595 0.06450925022363663 0.11899580806493759
v 0.06069498136639595 0.06450925022363663 0.11899580806493759
v 0.051704395562410355 0.06654544174671173 0.12075044959783554
v 0.05229822173714638 0.0664684846997261 0.12243916839361191
v 0.06069498136639595 0.06450925022363663 0.11899580806493759
v 0.05229822173714638 0.0664684846997261 0.12243916839361191
v 0.05282866582274437 0.06637900322675705 0.1232311949133873
v 0.05282866582274437 0.06637900322675705 0.1232311949133873
v 0.054141223430633545 0.06613050401210785 0.12430968135595322
v 0.06069498136639595 0.06450925022363663 0.11899580806493759
v 0.06069498136639595 0.06450925022363663 0.11899580806493759
v 0.054141223430633545 0.06613050401210785 0.12430968135595322
v 0.05676351115107536 0.06558666378259659 0.12538579106330872
v 0.06069498136639595 0.06450925022363663 0.11899580806493759
v 0.05676351115107536 0.06558666378259659 0.12538579106330872
v 0.06273332238197327 0.0641728937625885 0.126971036195755
v 0.051314618438482285 0.06429756432771683 0.08997645229101181
v 0.058137595653533936 0.06347493082284927 0.0968560203909874
v 0.051912594586610794 0.06373204290866852 0.0868993028998375
v 0.061603471636772156 0.06083816662430763 0.08581461757421494
v 0.05617813020944595 0.06059044972062111 0.07581498473882675
v 0.056829534471035004 0.062291018664836884 0.08579590171575546
v 0.056829534471035004 0.062291018664836884 0.08579590171575546
v 0.05617813020944595 0.06059044972062111 0.07581498473882675
v 0.053111765533685684 0.06290940195322037 0.08347537368535995
v 0.0700131431221962 0.06113957613706589 0.11344613879919052
v 0.07158615440130234 0.06036752089858055 0.11898889392614365
v 0.0717872604727745 0.05925716087222099 0.11344482749700546
v 0.0717872604727745 0.05925716087222099 0.11344482749700546
v 0.07158615440130234 0.06036752089858055 0.11898889392614365
v 0.07233341038227081 0.05930441990494728 0.11898817867040634
v 0.0717872604727745 0.05925716087222099 0.11344482749700546
v 0.07233341038227081 0.05930441990494728 0.11898817867040634
v 0.07247667759656906 0.056795358657836914 0.11344339698553085
v 0.07247667759656906 0.056795358657836914 0.11344339698553085
v 0.07233341038227081 0.05930441990494728 0.11898817867040634
v 0.07302097231149673 0.05683601647615433 0.11898674815893173
v 0.07247667759656906 0.056795358657836914 0.11344339698553085
v 0.07302097231149673 0.05683601647615433 0.11898674815893173
v 0.07278763502836227 0.05157804489135742 0.11344101279973984
v 0.07278763502836227 0.05157804489135742 0.11344101279973984
v 0.07302097231149673 0.05683601647615433 0.11898674815893173
v 0.07335120439529419 0.051617581397295 0.11898424476385117
v 0.07278763502836227 0.05157804489135742 0.11344101279973984
v 0.07335120439529419 0.051617581397295 0.11898424476385117
v 0.07293159514665604 0.04115717113018036 0.11343672126531601
v 0.07293159514665604 0.04115717113018036 0.11343672126531601
v 0.07335120439529419 0.051617581397295 0.11898424476385117
v 0.07351739704608917 0.04118935391306877 0.11897983402013779
v 0.07293159514665604 0.04115717113018036 0.11343672126531601
v 0.07351739704608917 0.04118935391306877 0.11897983402013779
v 0.07361003011465073 -0.0005086761084385216 0.11897208541631699
v 0.07361003011465073 -0.0005086761084385216 0.11897208541631699
v 0.07351739704608917 0.04118935391306877 0.11897983402013779
v 0.07372092455625534 0.023622533306479454 0.12958505749702454
v 0.07361003011465073 -0.0005086761084385216 0.11897208541631699
v 0.07372092455625534 0.023622533306479454 0.12958505749702454
v 0.07372549176216125 0.014608764089643955 0.12956896424293518
v 0.05119006335735321 0.06625904142856598 0.11125793308019638
v 0.05136757344007492 0.0665087178349495 0.11739697307348251
v 0.0601215697824955 0.06438778340816498 0.11345233768224716
v 0.0601215697824955 0.06438778340816498 0.11345233768224716
v 0.05136757344007492 0.0665087178349495 0.11739697307348251
v 0.06069498136639595 0.06450925022363663 0.11899580806493759
v 0.0601215697824955 0.06438778340816498 0.11345233768224716
v 0.06069498136639595 0.06450925022363663 0.11899580806493759
v 0.06514887511730194 0.06303522735834122 0.11344911903142929
v 0.06514887511730194 0.06303522735834122 0.11344911903142929
v 0.06069498136639595 0.06450925022363663 0.11899580806493759
v 0.06573294848203659 0.06314951926469803 0.11899258941411972
v 0.06514887511730194 0.06303522735834122 0.11344911903142929
v 0.06573294848203659 0.06314951926469803 0.11899258941411972
v 0.06762125343084335 0.06220360845327377 0.11344756931066513
v 0.06762125343084335 0.06220360845327377 0.11344756931066513
v 0.06573294848203659 0.06314951926469803 0.11899258941411972
v 0.06820622086524963 0.06230597198009491 0.11899103969335556
v 0.06762125343084335 0.06220360845327377 0.11344756931066513
v 0.06820622086524963 0.06230597198009491 0.11899103969335556
v 0.0700131431221962 0.06113957613706589 0.11344613879919052
v 0.0700131431221962 0.06113957613706589 0.11344613879919052
v 0.06820622086524963 0.06230597198009491 0.11899103969335556
v 0.0705871731042862 0.061212774366140366 0.11898960918188095
v 0.0700131431221962 0.06113957613706589 0.11344613879919052
v 0.0705871731042862 0.061212774366140366 0.11898960918188095
v 0.07158615440130234 0.06036752089858055 0.11898889392614365
v 0.07158615440130234 0.06036752089858055 0.11898889392614365
v 0.0705871731042862 0.061212774366140366 0.11898960918188095
v 0.07126621156930923 0.06070572882890701 0.12897184491157532
v 0.07158615440130234 0.06036752089858055 0.11898889392614365
v 0.07126621156930923 0.06070572882890701 0.12897184491157532
v 0.07159829884767532 0.0603705495595932 0.12902560830116272
v 0.05114079639315605 0.0659060850739479 0.10532131046056747
v 0.05119006335735321 0.06625904142856598 0.11125793308019638
v 0.05946686118841171 0.0641913190484047 0.1079200729727745
v 0.05946686118841171 0.0641913190484047 0.1079200729727745
v 0.05119006335735321 0.06625904142856598 0.11125793308019638
v 0.0601215697824955 0.06438778340816498 0.11345233768224716
v 0.05946686118841171 0.0641913190484047 0.1079200729727745
v 0.0601215697824955 0.06438778340816498 0.11345233768224716
v 0.06446627527475357 0.06282971799373627 0.10791768878698349
v 0.06446627527475357 0.06282971799373627 0.10791768878698349
v 0.0601215697824955 0.06438778340816498 0.11345233768224716
v 0.06514887511730194 0.06303522735834122 0.11344911903142929
v 0.06446627527475357 0.06282971799373627 0.10791768878698349
v 0.06514887511730194 0.06303522735834122 0.11344911903142929
v 0.06692492216825485 0.06199609488248825 0.10791649669408798
v 0.06692492216825485 0.06199609488248825 0.10791649669408798
v 0.06514887511730194 0.06303522735834122 0.11344911903142929
v 0.06762125343084335 0.06220360845327377 0.11344756931066513
v 0.06692492216825485 0.06199609488248825 0.10791649669408798
v 0.06762125343084335 0.06220360845327377 0.11344756931066513
v 0.06930361688137054 0.060933917760849 0.10791542381048203
v 0.06930361688137054 0.060933917760849 0.10791542381048203
v 0.06762125343084335 0.06220360845327377 0.11344756931066513
v 0.0700131431221962 0.06113957613706589 0.11344613879919052
v 0.06930361688137054 0.060933917760849 0.10791542381048203
v 0.0700131431221962 0.06113957613706589 0.11344613879919052
v 0.07107968628406525 0.0590679757297039 0.10791435092687607
v 0.07107968628406525 0.0590679757297039 0.10791435092687607
v 0.0700131431221962 0.06113957613706589 0.11344613879919052
v 0.0717872604727745 0.05925716087222099 0.11344482749700546
v 0.07107968628406525 0.0590679757297039 0.10791435092687607
v 0.0717872604727745 0.05925716087222099 0.11344482749700546
v 0.07176628708839417 0.05661418288946152 0.10791339725255966
v 0.07176628708839417 0.05661418288946152 0.10791339725255966
v 0.0717872604727745 0.05925716087222099 0.11344482749700546
v 0.07247667759656906 0.056795358657836914 0.11344339698553085
v 0.07176628708839417 0.05661418288946152 0.10791339725255966
v 0.07247667759656906 0.056795358657836914 0.11344339698553085
v 0.07206247746944427 0.051411714404821396 0.10791148990392685
v 0.07206247746944427 0.051411714404821396 0.10791148990392685
v 0.07247667759656906 0.056795358657836914 0.11344339698553085
v 0.07278763502836227 0.05157804489135742 0.11344101279973984
v 0.07206247746944427 0.051411714404821396 0.10791148990392685
v 0.07278763502836227 0.05157804489135742 0.11344101279973984
v 0.07218959182500839 0.04102380946278572 0.10790839046239853
v 0.07218959182500839 0.04102380946278572 0.10790839046239853
v 0.07278763502836227 0.05157804489135742 0.11344101279973984
v 0.07293159514665604 0.04115717113018036 0.11343672126531601
v 0.07218959182500839 0.04102380946278572 0.10790839046239853
v 0.07293159514665604 0.04115717113018036 0.11343672126531601
v 0.07299730181694031 -0.0005086685414426029 0.11342909187078476
v 0.07299730181694031 -0.0005086685414426029 0.11342909187078476
v 0.07293159514665604 0.04115717113018036 0.11343672126531601
v 0.07361003011465073 -0.0005086761084385216 0.11897208541631699
v 0.07299730181694031 -0.0005086685414426029 0.11342909187078476
v 0.07361003011465073 -0.0005086761084385216 0.11897208541631699
v 0.07351705431938171 -0.042240485548973083 0.11897983402013779
v 0.07351705431938171 -0.042240485548973083 0.11897983402013779
v 0.07361003011465073 -0.0005086761084385216 0.11897208541631699
v 0.07372607290744781 -0.002696343930438161 0.12955191731452942
v 0.07351705431938171 -0.042240485548973083 0.11897983402013779
v 0.07372607290744781 -0.002696343930438161 0.12955191731452942
v 0.07372269779443741 -0.022399231791496277 0.12958219647407532
v 0.06313112378120422 0.025495843961834908 0.044872429221868515
v 0.06424383074045181 0.034531671553850174 0.053377415984869
v 0.06451863050460815 0.01703808270394802 0.05350401625037193
v 0.06451863050460815 0.01703808270394802 0.05350401625037193
v 0.06424383074045181 0.034531671553850174 0.053377415984869
v 0.06605519354343414 0.018163328990340233 0.06429531425237656
v 0.06451863050460815 0.01703808270394802 0.05350401625037193
v 0.06605519354343414 0.018163328990340233 0.06429531425237656
v 0.06607607007026672 -0.0005077773821540177 0.06433834880590439
v 0.06607607007026672 -0.0005077773821540177 0.06433834880590439
v 0.06605519354343414 0.018163328990340233 0.06429531425237656
v 0.0675961896777153 -0.0005081230192445219 0.07512976974248886
v 0.06607607007026672 -0.0005077773821540177 0.06433834880590439
v 0.0675961896777153 -0.0005081230192445219 0.07512976974248886
v 0.06605508923530579 -0.019199801608920097 0.064295195043087
v 0.06142991781234741 0.0551597885787487 0.06392242759466171
v 0.06065401807427406 0.05604783445596695 0.0653323158621788
v 0.06258638203144073 0.05446178838610649 0.06395020335912704
v 0.06258638203144073 0.05446178838610649 0.06395020335912704
v 0.06065401807427406 0.05604783445596695 0.0653323158621788
v 0.06443847715854645 0.05702030286192894 0.07485666126012802
v 0.06258638203144073 0.05446178838610649 0.06395020335912704
v 0.06443847715854645 0.05702030286192894 0.07485666126012802
v 0.06416302919387817 0.05280923470854759 0.06398191303014755
v 0.06416302919387817 0.05280923470854759 0.06398191303014755
v 0.06443847715854645 0.05702030286192894 0.07485666126012802
v 0.06606735289096832 0.0552724152803421 0.07487895339727402
v 0.06416302919387817 0.05280923470854759 0.06398191303014755
v 0.06606735289096832 0.0552724152803421 0.07487895339727402
v 0.06494002789258957 0.050674255937337875 0.06401219218969345
v 0.06494002789258957 0.050674255937337875 0.06401219218969345
v 0.06606735289096832 0.0552724152803421 0.07487895339727402
v 0.06679297983646393 0.05299872159957886 0.07490029186010361
v 0.06494002789258957 0.050674255937337875 0.06401219218969345
v 0.06679297983646393 0.05299872159957886 0.07490029186010361
v 0.0655193030834198 0.04608352482318878 0.06406881660223007
v 0.0655193030834198 0.04608352482318878 0.06406881660223007
v 0.06679297983646393 0.05299872159957886 0.07490029186010361
v 0.06723134964704514 0.048161860555410385 0.07494010776281357
v 0.0655193030834198 0.04608352482318878 0.06406881660223007
v 0.06723134964704514 0.048161860555410385 0.07494010776281357
v 0.06588473170995712 0.03678081929683685 0.06416585296392441
v 0.06588473170995712 0.03678081929683685 0.06416585296392441
v 0.06723134964704514 0.048161860555410385 0.07494010776281357
v 0.06748196482658386 0.038434259593486786 0.07500841468572617
v 0.06588403880596161 -0.03781769424676895 0.06416585296392441
v 0.06748147308826447 -0.03947523981332779 0.07500841468572617
v 0.06551815569400787 -0.047106724232435226 0.06406869739294052
v 0.06551815569400787 -0.047106724232435226 0.06406869739294052
v 0.06748147308826447 -0.03947523981332779 0.07500841468572617
v 0.06723032146692276 -0.049188196659088135 0.07494010776281357
v 0.06551815569400787 -0.047106724232435226 0.06406869739294052
v 0.06723032146692276 -0.049188196659088135 0.07494010776281357
v 0.06494008004665375 -0.05167466402053833 0.0640120729804039
v 0.06494008004665375 -0.05167466402053833 0.0640120729804039
v 0.06723032146692276 -0.049188196659088135 0.07494010776281357
v 0.06679288297891617 -0.053999606519937515 0.07490029186010361
v 0.06494008004665375 -0.05167466402053833 0.0640120729804039
v 0.06679288297891617 -0.053999606519937515 0.07490029186010361
v 0.0641646459698677 -0.05380730330944061 0.063981793820858
v 0.0641646459698677 -0.05380730330944061 0.063981793820858
v 0.06679288297891617 -0.053999606519937515 0.07490029186010361
v 0.06606947630643845 -0.05626930668950081 0.07487895339727402
v 0.0641646459698677 -0.05380730330944061 0.063981793820858
v 0.06606947630643845 -0.05626930668950081 0.07487895339727402
v 0.06259186565876007 -0.05545874685049057 0.0639500841498375
v 0.06259186565876007 -0.05545874685049057 0.0639500841498375
v 0.06606947630643845 -0.05626930668950081 0.07487895339727402
v 0.06444647163152695 -0.05801551789045334 0.07485666126012802
v 0.06259186565876007 -0.05545874685049057 0.0639500841498375
v 0.06444647163152695 -0.05801551789045334 0.07485666126012802
v 0.06077287718653679 -0.05691780522465706 0.06511666625738144
v 0.06077287718653679 -0.05691780522465706 0.06511666625738144
v 0.06444647163152695 -0.05801551789045334 0.07485666126012802
v 0.06232060492038727 -0.05916954204440117 0.07483341544866562
v 0.06077287718653679 -0.05691780522465706 0.06511666625738144
v 0.06232060492038727 -0.05916954204440117 0.07483341544866562
v 0.060649484395980835 -0.05705312639474869 0.06534066051244736
v 0.060649484395980835 -0.05705312639474869 0.06534066051244736
v 0.06232060492038727 -0.05916954204440117 0.07483341544866562
v 0.05879279226064682 -0.0590808168053627 0.06935777515172958
v 0.06424286961555481 -0.03556373342871666 0.053377415984869
v 0.06588403880596161 -0.03781769424676895 0.06416585296392441
v 0.06371420621871948 -0.04427572339773178 0.05328240618109703
v 0.06371420621871948 -0.04427572339773178 0.05328240618109703
v 0.06588403880596161 -0.03781769424676895 0.06416585296392441
v 0.06551815569400787 -0.047106724232435226 0.06406869739294052
v 0.06371420621871948 -0.04427572339773178 0.05328240618109703
v 0.06551815569400787 -0.047106724232435226 0.06406869739294052
v 0.06360559165477753 -0.04968956112861633 0.05676105245947838
v 0.06360559165477753 -0.04968956112861633 0.05676105245947838
v 0.06551815569400787 -0.047106724232435226 0.06406869739294052
v 0.06494008004665375 -0.05167466402053833 0.0640120729804039
v 0.06360559165477753 -0.04968956112861633 0.05676105245947838
v 0.06494008004665375 -0.05167466402053833 0.0640120729804039
v 0.06360509991645813 -0.05014112591743469 0.05722060427069664
v 0.06360509991645813 -0.05014112591743469 0.05722060427069664
v 0.06494008004665375 -0.05167466402053833 0.0640120729804039
v 0.0635414719581604 -0.051348406821489334 0.0584048293530941
v 0.06605508923530579 -0.019199801608920097 0.064295195043087
v 0.06451845914125443 -0.018069259822368622 0.05350401625037193
v 0.06607607007026672 -0.0005077773821540177 0.06433834880590439
v 0.06607607007026672 -0.0005077773821540177 0.06433834880590439
v 0.06451845914125443 -0.018069259822368622 0.05350401625037193
v 0.06455987691879272 -0.0005073057836852968 0.05354621633887291
v 0.06607607007026672 -0.0005077773821540177 0.06433834880590439
v 0.06455987691879272 -0.0005073057836852968 0.05354621633887291
v 0.06451863050460815 0.01703808270394802 0.05350401625037193
v 0.06451863050460815 0.01703808270394802 0.05350401625037193
v 0.06455987691879272 -0.0005073057836852968 0.05354621633887291
v 0.06310836225748062 0.012870918959379196 0.04350849613547325
v 0.06451863050460815 0.01703808270394802 0.05350401625037193
v 0.06310836225748062 0.012870918959379196 0.04350849613547325
v 0.06311539560556412 0.0207142885774374 0.044162359088659286
v 0.0518985353410244 -0.06473522633314133 0.08689727634191513
v 0.0533326119184494 -0.06375860422849655 0.08290912955999374
v 0.05680913105607033 -0.06329657882452011 0.08579590171575546
v 0.05680913105607033 -0.06329657882452011 0.08579590171575546
v 0.0533326119184494 -0.06375860422849655 0.08290912955999374
v 0.05618325620889664 -0.06159243360161781 0.07582678645849228
v 0.05680913105607033 -0.06329657882452011 0.08579590171575546
v 0.05618325620889664 -0.06159243360161781 0.07582678645849228
v 0.06159628555178642 -0.061840590089559555 0.08581461757421494
v 0.06159628555178642 -0.061840590089559555 0.08581461757421494
v 0.05618325620889664 -0.06159243360161781 0.07582678645849228
v 0.060078784823417664 -0.06007146090269089 0.07480921596288681
v 0.06159628555178642 -0.061840590089559555 0.08581461757421494
v 0.060078784823417664 -0.06007146090269089 0.07480921596288681
v 0.06393632292747498 -0.06095082685351372 0.0858234390616417
v 0.06393632292747498 -0.06095082685351372 0.0858234390616417
v 0.060078784823417664 -0.06007146090269089 0.07480921596288681
v 0.06232060492038727 -0.05916954204440117 0.07483341544866562
v 0.06393632292747498 -0.06095082685351372 0.0858234390616417
v 0.06232060492038727 -0.05916954204440117 0.07483341544866562
v 0.06616462022066116 -0.059802085161209106 0.0858319029211998
v 0.06616462022066116 -0.059802085161209106 0.0858319029211998
v 0.06232060492038727 -0.05916954204440117 0.07483341544866562
v 0.06444647163152695 -0.05801551789045334 0.07485666126012802
v 0.06616462022066116 -0.059802085161209106 0.0858319029211998
v 0.06444647163152695 -0.05801551789045334 0.07485666126012802
v 0.0678376853466034 -0.05799435079097748 0.08584000915288925
v 0.0678376853466034 -0.05799435079097748 0.08584000915288925
v 0.06444647163152695 -0.05801551789045334 0.07485666126012802
v 0.06606947630643845 -0.05626930668950081 0.07487895339727402
v 0.0678376853466034 -0.05799435079097748 0.08584000915288925
v 0.06606947630643845 -0.05626930668950081 0.07487895339727402
v 0.06852944195270538 -0.05563443899154663 0.0858478769659996
v 0.06852944195270538 -0.05563443899154663 0.0858478769659996
v 0.06606947630643845 -0.05626930668950081 0.07487895339727402
v 0.06679288297891617 -0.053999606519937515 0.07490029186010361
v 0.06852944195270538 -0.05563443899154663 0.0858478769659996
v 0.06679288297891617 -0.053999606519937515 0.07490029186010361
v 0.06887608766555786 -0.050652094185352325 0.0858624204993248
v 0.06887608766555786 -0.050652094185352325 0.0858624204993248
v 0.06679288297891617 -0.053999606519937515 0.07490029186010361
v 0.06723032146692276 -0.049188196659088135 0.07494010776281357
v 0.06887608766555786 -0.050652094185352325 0.0858624204993248
v 0.06723032146692276 -0.049188196659088135 0.07494010776281357
v 0.06905458122491837 -0.040642473846673965 0.08588733524084091
v 0.06905458122491837 -0.040642473846673965 0.08588733524084091
v 0.06723032146692276 -0.049188196659088135 0.07494010776281357
v 0.06748147308826447 -0.03947523981332779 0.07500841468572617
v 0.06905458122491837 -0.040642473846673965 0.08588733524084091
v 0.06748147308826447 -0.03947523981332779 0.07500841468572617
v 0.0675961896777153 -0.0005081230192445219 0.07512976974248886
v 0.0675961896777153 -0.0005081230192445219 0.07512976974248886
v 0.06748147308826447 -0.03947523981332779 0.07500841468572617
v 0.06588403880596161 -0.03781769424676895 0.06416585296392441
v 0.0675961896777153 -0.0005081230192445219 0.07512976974248886
v 0.06588403880596161 -0.03781769424676895 0.06416585296392441
v 0.06605508923530579 -0.019199801608920097 0.064295195043087
v 0.06605508923530579 -0.019199801608920097 0.064295195043087
v 0.06588403880596161 -0.03781769424676895 0.06416585296392441
v 0.06424286961555481 -0.03556373342871666 0.053377415984869
v 0.06605508923530579 -0.019199801608920097 0.064295195043087
v 0.06424286961555481 -0.03556373342871666 0.053377415984869
v 0.06451845914125443 -0.018069259822368622 0.05350401625037193
v 0.06451845914125443 -0.018069259822368622 0.05350401625037193
v 0.06424286961555481 -0.03556373342871666 0.053377415984869
v 0.06318527460098267 -0.032802682369947433 0.046402301639318466
v 0.06451845914125443 -0.018069259822368622 0.05350401625037193
v 0.06318527460098267 -0.032802682369947433 0.046402301639318466
v 0.06314888596534729 -0.02942645736038685 0.045476045459508896
v 0.05150097608566284 -0.06754815578460693 0.11938395351171494
v 0.051367782056331635 -0.06750909984111786 0.11740746349096298
v 0.060689471662044525 -0.06551051884889603 0.11899580806493759
v 0.060689471662044525 -0.06551051884889603 0.11899580806493759
v 0.051367782056331635 -0.06750909984111786 0.11740746349096298
v 0.06011584773659706 -0.06538910418748856 0.11345233768224716
v 0.060689471662044525 -0.06551051884889603 0.11899580806493759
v 0.06011584773659706 -0.06538910418748856 0.11345233768224716
v 0.06574223190546036 -0.06414618343114853 0.11899258941411972
v 0.06574223190546036 -0.06414618343114853 0.11899258941411972
v 0.06011584773659706 -0.06538910418748856 0.11345233768224716
v 0.06515912711620331 -0.06403151154518127 0.11344911903142929
v 0.06574223190546036 -0.06414618343114853 0.11899258941411972
v 0.06515912711620331 -0.06403151154518127 0.11344911903142929
v 0.06821925938129425 -0.06330037117004395 0.11899103969335556
v 0.06821925938129425 -0.06330037117004395 0.11899103969335556
v 0.06515912711620331 -0.06403151154518127 0.11344911903142929
v 0.06763523072004318 -0.06319756805896759 0.11344756931066513
v 0.06821925938129425 -0.06330037117004395 0.11899103969335556
v 0.06763523072004318 -0.06319756805896759 0.11344756931066513
v 0.07060965895652771 -0.06219755485653877 0.11898960918188095
v 0.07060965895652771 -0.06219755485653877 0.11898960918188095
v 0.06763523072004318 -0.06319756805896759 0.11344756931066513
v 0.0700371116399765 -0.06212348863482475 0.11344613879919052
v 0.07060965895652771 -0.06219755485653877 0.11898960918188095
v 0.0700371116399765 -0.06212348863482475 0.11344613879919052
v 0.07160323858261108 -0.06134895235300064 0.11898889392614365
v 0.07160323858261108 -0.06134895235300064 0.11898889392614365
v 0.0700371116399765 -0.06212348863482475 0.11344613879919052
v 0.07179514318704605 -0.060238759964704514 0.11344482749700546
v 0.051367782056331635 -0.06750909984111786 0.11740746349096298
v 0.05128121003508568 -0.0674554631114006 0.11564912647008896
v 0.06011584773659706 -0.06538910418748856 0.11345233768224716
v 0.06011584773659706 -0.06538910418748856 0.11345233768224716
v 0.05128121003508568 -0.0674554631114006 0.11564912647008896
v 0.05945915728807449 -0.06519319117069244 0.1079200729727745
v 0.06011584773659706 -0.06538910418748856 0.11345233768224716
v 0.05945915728807449 -0.06519319117069244 0.1079200729727745
v 0.06515912711620331 -0.06403151154518127 0.11344911903142929
v 0.06515912711620331 -0.06403151154518127 0.11344911903142929
v 0.05945915728807449 -0.06519319117069244 0.1079200729727745
v 0.06447477638721466 -0.06382659077644348 0.10791768878698349
v 0.06515912711620331 -0.06403151154518127 0.11344911903142929
v 0.06447477638721466 -0.06382659077644348 0.10791768878698349
v 0.06763523072004318 -0.06319756805896759 0.11344756931066513
v 0.06763523072004318 -0.06319756805896759 0.11344756931066513
v 0.06447477638721466 -0.06382659077644348 0.10791768878698349
v 0.06693770736455917 -0.06299057602882385 0.10791649669408798
v 0.06763523072004318 -0.06319756805896759 0.11344756931066513
v 0.06693770736455917 -0.06299057602882385 0.10791649669408798
v 0.0700371116399765 -0.06212348863482475 0.11344613879919052
v 0.0700371116399765 -0.06212348863482475 0.11344613879919052
v 0.06693770736455917 -0.06299057602882385 0.10791649669408798
v 0.06932680308818817 -0.0619184672832489 0.10791542381048203
v 0.0700371116399765 -0.06212348863482475 0.11344613879919052
v 0.06932680308818817 -0.0619184672832489 0.10791542381048203
v 0.07179514318704605 -0.060238759964704514 0.11344482749700546
v 0.07179514318704605 -0.060238759964704514 0.11344482749700546
v 0.06932680308818817 -0.0619184672832489 0.10791542381048203
v 0.07108723372220993 -0.060050636529922485 0.10791435092687607
v 0.07179514318704605 -0.060238759964704514 0.11344482749700546
v 0.07108723372220993 -0.060050636529922485 0.10791435092687607
v 0.07247649133205414 -0.05779619514942169 0.11344339698553085
v 0.07247649133205414 -0.05779619514942169 0.11344339698553085
v 0.07108723372220993 -0.060050636529922485 0.10791435092687607
v 0.0717661902308464 -0.057614509016275406 0.10791339725255966
v 0.07247649133205414 -0.05779619514942169 0.11344339698553085
v 0.0717661902308464 -0.057614509016275406 0.10791339725255966
v 0.07278694957494736 -0.05260264873504639 0.11344101279973984
v 0.07278694957494736 -0.05260264873504639 0.11344101279973984
v 0.0717661902308464 -0.057614509016275406 0.10791339725255966
v 0.07206179201602936 -0.052436813712120056 0.10791148990392685
v 0.07278694957494736 -0.05260264873504639 0.11344101279973984
v 0.07206179201602936 -0.052436813712120056 0.10791148990392685
v 0.07218930125236511 -0.04207362234592438 0.10790839046239853
v 0.053111765533685684 0.06290940195322037 0.08347537368535995
v 0.051912594586610794 0.06373204290866852 0.0868993028998375
v 0.056829534471035004 0.062291018664836884 0.08579590171575546
v 0.056829534471035004 0.062291018664836884 0.08579590171575546
v 0.051912594586610794 0.06373204290866852 0.0868993028998375
v 0.058137595653533936 0.06347493082284927 0.0968560203909874
v 0.056829534471035004 0.062291018664836884 0.08579590171575546
v 0.058137595653533936 0.06347493082284927 0.0968560203909874
v 0.061603471636772156 0.06083816662430763 0.08581461757421494
v 0.061603471636772156 0.06083816662430763 0.08581461757421494
v 0.058137595653533936 0.06347493082284927 0.0968560203909874
v 0.06305256485939026 0.06206997483968735 0.09685482829809189
v 0.061603471636772156 0.06083816662430763 0.08581461757421494
v 0.06305256485939026 0.06206997483968735 0.09685482829809189
v 0.06393533945083618 0.05995102971792221 0.0858234390616417
v 0.06393533945083618 0.05995102971792221 0.0858234390616417
v 0.06305256485939026 0.06206997483968735 0.09685482829809189
v 0.06546196341514587 0.06121037155389786 0.09685423225164413
v 0.06393533945083618 0.05995102971792221 0.0858234390616417
v 0.06546196341514587 0.06121037155389786 0.09685423225164413
v 0.06615281105041504 0.05880957096815109 0.0858319029211998
v 0.06615281105041504 0.05880957096815109 0.0858319029211998
v 0.06546196341514587 0.06121037155389786 0.09685423225164413
v 0.06777378171682358 0.0601084940135479 0.09685375541448593
v 0.06615281105041504 0.05880957096815109 0.0858319029211998
v 0.06777378171682358 0.0601084940135479 0.09685375541448593
v 0.06783439218997955 0.05700048804283142 0.0858401283621788
v 0.06783439218997955 0.05700048804283142 0.0858401283621788
v 0.06777378171682358 0.0601084940135479 0.09685375541448593
v 0.0695125162601471 0.05826527625322342 0.09685315936803818
v 0.06783439218997955 0.05700048804283142 0.0858401283621788
v 0.0695125162601471 0.05826527625322342 0.09685315936803818
v 0.06852961331605911 0.054633453488349915 0.0858478769659996
v 0.06852961331605911 0.054633453488349915 0.0858478769659996
v 0.0695125162601471 0.05826527625322342 0.09685315936803818
v 0.07019762694835663 0.055840831249952316 0.09685268253087997
v 0.06852961331605911 0.054633453488349915 0.0858478769659996
v 0.07019762694835663 0.055840831249952316 0.09685268253087997
v 0.06887700408697128 0.04962444305419922 0.0858624204993248
v 0.06887700408697128 0.04962444305419922 0.0858624204993248
v 0.07019762694835663 0.055840831249952316 0.09685268253087997
v 0.07049967348575592 0.05071035027503967 0.09685184806585312
v 0.06887700408697128 0.04962444305419922 0.0858624204993248
v 0.07049967348575592 0.05071035027503967 0.09685184806585312
v 0.06905494630336761 0.0395980030298233 0.08588733524084091
v 0.06905494630336761 0.0395980030298233 0.08588733524084091
v 0.07049967348575592 0.05071035027503967 0.09685184806585312
v 0.07063721865415573 0.04046343266963959 0.09685017913579941
v 0.06905494630336761 0.0395980030298233 0.08588733524084091
v 0.07063721865415573 0.04046343266963959 0.09685017913579941
v 0.07068641483783722 -0.0005085354787297547 0.09684731811285019
v 0.07068641483783722 -0.0005085354787297547 0.09684731811285019
v 0.07063721865415573 0.04046343266963959 0.09685017913579941
v 0.07223138958215714 -0.0005086429882794619 0.10790266841650009
v 0.07068641483783722 -0.0005085354787297547 0.09684731811285019
v 0.07223138958215714 -0.0005086429882794619 0.10790266841650009
v 0.07218930125236511 -0.04207362234592438 0.10790839046239853
v 0.07218930125236511 -0.04207362234592438 0.10790839046239853
v 0.07223138958215714 -0.0005086429882794619 0.10790266841650009
v 0.07293128967285156 -0.04220779240131378 0.11343672126531601
v 0.07218930125236511 -0.04207362234592438 0.10790839046239853
v 0.07293128967285156 -0.04220779240131378 0.11343672126531601
v 0.07278694957494736 -0.05260264873504639 0.11344101279973984
v 0.07278694957494736 -0.05260264873504639 0.11344101279973984
v 0.07293128967285156 -0.04220779240131378 0.11343672126531601
v 0.0733504667878151 -0.052642371505498886 0.11898424476385117
v 0.07278694957494736 -0.05260264873504639 0.11344101279973984
v 0.0733504667878151 -0.052642371505498886 0.11898424476385117
v 0.07247649133205414 -0.05779619514942169 0.11344339698553085
v 0.07247649133205414 -0.05779619514942169 0.11344339698553085
v 0.0733504667878151 -0.052642371505498886 0.11898424476385117
v 0.07302060723304749 -0.0578380823135376 0.11898674815893173
v 0.07247649133205414 -0.05779619514942169 0.11344339698553085
v 0.07302060723304749 -0.0578380823135376 0.11898674815893173
v 0.07179514318704605 -0.060238759964704514 0.11344482749700546
v 0.07179514318704605 -0.060238759964704514 0.11344482749700546
v 0.07302060723304749 -0.0578380823135376 0.11898674815893173
v 0.07234074175357819 -0.06028709560632706 0.11898817867040634
v 0.07179514318704605 -0.060238759964704514 0.11344482749700546
v 0.07234074175357819 -0.06028709560632706 0.11898817867040634
v 0.07160323858261108 -0.06134895235300064 0.11898889392614365
v 0.07160323858261108 -0.06134895235300064 0.11898889392614365
v 0.07234074175357819 -0.06028709560632706 0.11898817867040634
v 0.07206648588180542 -0.06077338755130768 0.12917223572731018
v 0.07160323858261108 -0.06134895235300064 0.11898889392614365
v 0.07206648588180542 -0.06077338755130768 0.12917223572731018
v 0.07089264690876007 -0.06201987713575363 0.1289311945438385
v 0.05117907002568245 0.06469693034887314 0.09289707988500595
v 0.05113910511136055 0.06560400128364563 0.10151293128728867
v 0.058137595653533936 0.06347493082284927 0.0968560203909874
v 0.058137595653533936 0.06347493082284927 0.0968560203909874
v 0.05113910511136055 0.06560400128364563 0.10151293128728867
v 0.05946686118841171 0.0641913190484047 0.1079200729727745
v 0.058137595653533936 0.06347493082284927 0.0968560203909874
v 0.05946686118841171 0.0641913190484047 0.1079200729727745
v 0.06305256485939026 0.06206997483968735 0.09685482829809189
v 0.06305256485939026 0.06206997483968735 0.09685482829809189
v 0.05946686118841171 0.0641913190484047 0.1079200729727745
v 0.06446627527475357 0.06282971799373627 0.10791768878698349
v 0.06305256485939026 0.06206997483968735 0.09685482829809189
v 0.06446627527475357 0.06282971799373627 0.10791768878698349
v 0.06546196341514587 0.06121037155389786 0.09685423225164413
v 0.06546196341514587 0.06121037155389786 0.09685423225164413
v 0.06446627527475357 0.06282971799373627 0.10791768878698349
v 0.06692492216825485 0.06199609488248825 0.10791649669408798
v 0.06546196341514587 0.06121037155389786 0.09685423225164413
v 0.06692492216825485 0.06199609488248825 0.10791649669408798
v 0.06777378171682358 0.0601084940135479 0.09685375541448593
v 0.06777378171682358 0.0601084940135479 0.09685375541448593
v 0.06692492216825485 0.06199609488248825 0.10791649669408798
v 0.06930361688137054 0.060933917760849 0.10791542381048203
v 0.06777378171682358 0.0601084940135479 0.09685375541448593
v 0.06930361688137054 0.060933917760849 0.10791542381048203
v 0.0695125162601471 0.05826527625322342 0.09685315936803818
v 0.0695125162601471 0.05826527625322342 0.09685315936803818
v 0.06930361688137054 0.060933917760849 0.10791542381048203
v 0.07107968628406525 0.0590679757297039 0.10791435092687607
v 0.0695125162601471 0.05826527625322342 0.09685315936803818
v 0.07107968628406525 0.0590679757297039 0.10791435092687607
v 0.07019762694835663 0.055840831249952316 0.09685268253087997
v 0.07019762694835663 0.055840831249952316 0.09685268253087997
v 0.07107968628406525 0.0590679757297039 0.10791435092687607
v 0.07176628708839417 0.05661418288946152 0.10791339725255966
v 0.07019762694835663 0.055840831249952316 0.09685268253087997
v 0.07176628708839417 0.05661418288946152 0.10791339725255966
v 0.07049967348575592 0.05071035027503967 0.09685184806585312
v 0.07049967348575592 0.05071035027503967 0.09685184806585312
v 0.07176628708839417 0.05661418288946152 0.10791339725255966
v 0.07206247746944427 0.051411714404821396 0.10791148990392685
v 0.07049967348575592 0.05071035027503967 0.09685184806585312
v 0.07206247746944427 0.051411714404821396 0.10791148990392685
v 0.07063721865415573 0.04046343266963959 0.09685017913579941
v 0.07063721865415573 0.04046343266963959 0.09685017913579941
v 0.07206247746944427 0.051411714404821396 0.10791148990392685
v 0.07218959182500839 0.04102380946278572 0.10790839046239853
v 0.07063721865415573 0.04046343266963959 0.09685017913579941
v 0.07218959182500839 0.04102380946278572 0.10790839046239853
v 0.07223138958215714 -0.0005086429882794619 0.10790266841650009
v 0.07223138958215714 -0.0005086429882794619 0.10790266841650009
v 0.07218959182500839 0.04102380946278572 0.10790839046239853
v 0.07299730181694031 -0.0005086685414426029 0.11342909187078476
v 0.07223138958215714 -0.0005086429882794619 0.10790266841650009
v 0.07299730181694031 -0.0005086685414426029 0.11342909187078476
v 0.07293128967285156 -0.04220779240131378 0.11343672126531601
v 0.07293128967285156 -0.04220779240131378 0.11343672126531601
v 0.07299730181694031 -0.0005086685414426029 0.11342909187078476
v 0.07351705431938171 -0.042240485548973083 0.11897983402013779
v 0.07293128967285156 -0.04220779240131378 0.11343672126531601
v 0.07351705431938171 -0.042240485548973083 0.11897983402013779
v 0.0733504667878151 -0.052642371505498886 0.11898424476385117
v 0.0733504667878151 -0.052642371505498886 0.11898424476385117
v 0.07351705431938171 -0.042240485548973083 0.11897983402013779
v 0.07352837920188904 -0.05088617652654648 0.12949970364570618
v 0.0733504667878151 -0.052642371505498886 0.11898424476385117
v 0.07352837920188904 -0.05088617652654648 0.12949970364570618
v 0.0734168142080307 -0.054242126643657684 0.12947288155555725
v 0.06348173320293427 0.04348360747098923 0.05229034647345543
v 0.06359998136758804 0.04825104773044586 0.056317832320928574
v 0.06371549516916275 0.04325712472200394 0.05328252539038658
v 0.06371549516916275 0.04325712472200394 0.05328252539038658
v 0.06359998136758804 0.04825104773044586 0.056317832320928574
v 0.0655193030834198 0.04608352482318878 0.06406881660223007
v 0.06371549516916275 0.04325712472200394 0.05328252539038658
v 0.0655193030834198 0.04608352482318878 0.06406881660223007
v 0.06424383074045181 0.034531671553850174 0.053377415984869
v 0.06424383074045181 0.034531671553850174 0.053377415984869
v 0.0655193030834198 0.04608352482318878 0.06406881660223007
v 0.06588473170995712 0.03678081929683685 0.06416585296392441
v 0.06424383074045181 0.034531671553850174 0.053377415984869
v 0.06588473170995712 0.03678081929683685 0.06416585296392441
v 0.06605519354343414 0.018163328990340233 0.06429531425237656
v 0.06605519354343414 0.018163328990340233 0.06429531425237656
v 0.06588473170995712 0.03678081929683685 0.06416585296392441
v 0.06748196482658386 0.038434259593486786 0.07500841468572617
v 0.06605519354343414 0.018163328990340233 0.06429531425237656
v 0.06748196482658386 0.038434259593486786 0.07500841468572617
v 0.0675961896777153 -0.0005081230192445219 0.07512976974248886
v 0.0675961896777153 -0.0005081230192445219 0.07512976974248886
v 0.06748196482658386 0.038434259593486786 0.07500841468572617
v 0.06912794709205627 -0.0005083630094304681 0.0859316810965538
v 0.0675961896777153 -0.0005081230192445219 0.07512976974248886
v 0.06912794709205627 -0.0005083630094304681 0.0859316810965538
v 0.06905458122491837 -0.040642473846673965 0.08588733524084091
v 0.06905458122491837 -0.040642473846673965 0.08588733524084091
v 0.06912794709205627 -0.0005083630094304681 0.0859316810965538
v 0.07063692063093185 -0.04151089861989021 0.09685017913579941
v 0.06905458122491837 -0.040642473846673965 0.08588733524084091
v 0.07063692063093185 -0.04151089861989021 0.09685017913579941
v 0.06887608766555786 -0.050652094185352325 0.0858624204993248
v 0.06887608766555786 -0.050652094185352325 0.0858624204993248
v 0.07063692063093185 -0.04151089861989021 0.09685017913579941
v 0.07049889117479324 -0.0517372265458107 0.09685184806585312
v 0.06887608766555786 -0.050652094185352325 0.0858624204993248
v 0.07049889117479324 -0.0517372265458107 0.09685184806585312
v 0.06852944195270538 -0.05563443899154663 0.0858478769659996
v 0.06852944195270538 -0.05563443899154663 0.0858478769659996
v 0.07049889117479324 -0.0517372265458107 0.09685184806585312
v 0.07019749283790588 -0.05684136971831322 0.09685268253087997
v 0.06852944195270538 -0.05563443899154663 0.0858478769659996
v 0.07019749283790588 -0.05684136971831322 0.09685268253087997
v 0.0678376853466034 -0.05799435079097748 0.08584000915288925
v 0.0678376853466034 -0.05799435079097748 0.08584000915288925
v 0.07019749283790588 -0.05684136971831322 0.09685268253087997
v 0.06951795518398285 -0.05925355851650238 0.09685327857732773
v 0.0678376853466034 -0.05799435079097748 0.08584000915288925
v 0.06951795518398285 -0.05925355851650238 0.09685327857732773
v 0.06616462022066116 -0.059802085161209106 0.0858319029211998
v 0.06616462022066116 -0.059802085161209106 0.0858319029211998
v 0.06951795518398285 -0.05925355851650238 0.09685327857732773
v 0.06779149174690247 -0.06109689176082611 0.09685375541448593
v 0.06616462022066116 -0.059802085161209106 0.0858319029211998
v 0.06779149174690247 -0.06109689176082611 0.09685375541448593
v 0.06393632292747498 -0.06095082685351372 0.0858234390616417
v 0.06393632292747498 -0.06095082685351372 0.0858234390616417
v 0.06779149174690247 -0.06109689176082611 0.09685375541448593
v 0.06546880304813385 -0.062207501381635666 0.09685423225164413
v 0.06393632292747498 -0.06095082685351372 0.0858234390616417
v 0.06546880304813385 -0.062207501381635666 0.09685423225164413
v 0.06159628555178642 -0.061840590089559555 0.08581461757421494
v 0.06159628555178642 -0.061840590089559555 0.08581461757421494
v 0.06546880304813385 -0.062207501381635666 0.09685423225164413
v 0.06305310130119324 -0.06306961178779602 0.09685482829809189
v 0.06159628555178642 -0.061840590089559555 0.08581461757421494
v 0.06305310130119324 -0.06306961178779602 0.09685482829809189
v 0.05680913105607033 -0.06329657882452011 0.08579590171575546
v 0.05680913105607033 -0.06329657882452011 0.08579590171575546
v 0.06305310130119324 -0.06306961178779602 0.09685482829809189
v 0.05812320485711098 -0.06447868049144745 0.0968560203909874
v 0.05680913105607033 -0.06329657882452011 0.08579590171575546
v 0.05812320485711098 -0.06447868049144745 0.0968560203909874
v 0.05122995004057884 -0.06568276137113571 0.09291376918554306
v 0.05122995004057884 -0.06568276137113571 0.09291376918554306
v 0.05812320485711098 -0.06447868049144745 0.0968560203909874
v 0.05115436390042305 -0.06633124500513077 0.09861519187688828
v 0.05118845775723457 -0.06726215779781342 0.1112685427069664
v 0.05114143341779709 -0.06665203720331192 0.10207738727331161
v 0.05945915728807449 -0.06519319117069244 0.1079200729727745
v 0.05945915728807449 -0.06519319117069244 0.1079200729727745
v 0.05114143341779709 -0.06665203720331192 0.10207738727331161
v 0.05812320485711098 -0.06447868049144745 0.0968560203909874
v 0.05945915728807449 -0.06519319117069244 0.1079200729727745
v 0.05812320485711098 -0.06447868049144745 0.0968560203909874
v 0.06447477638721466 -0.06382659077644348 0.10791768878698349
v 0.06447477638721466 -0.06382659077644348 0.10791768878698349
v 0.05812320485711098 -0.06447868049144745 0.0968560203909874
v 0.06305310130119324 -0.06306961178779602 0.09685482829809189
v 0.06447477638721466 -0.06382659077644348 0.10791768878698349
v 0.06305310130119324 -0.06306961178779602 0.09685482829809189
v 0.06693770736455917 -0.06299057602882385 0.10791649669408798
v 0.06693770736455917 -0.06299057602882385 0.10791649669408798
v 0.06305310130119324 -0.06306961178779602 0.09685482829809189
v 0.06546880304813385 -0.062207501381635666 0.09685423225164413
v 0.06693770736455917 -0.06299057602882385 0.10791649669408798
v 0.06546880304813385 -0.062207501381635666 0.09685423225164413
v 0.06932680308818817 -0.0619184672832489 0.10791542381048203
v 0.06932680308818817 -0.0619184672832489 0.10791542381048203
v 0.06546880304813385 -0.062207501381635666 0.09685423225164413
v 0.06779149174690247 -0.06109689176082611 0.09685375541448593
v 0.06932680308818817 -0.0619184672832489 0.10791542381048203
v 0.06779149174690247 -0.06109689176082611 0.09685375541448593
v 0.07108723372220993 -0.060050636529922485 0.10791435092687607
v 0.07108723372220993 -0.060050636529922485 0.10791435092687607
v 0.06779149174690247 -0.06109689176082611 0.09685375541448593
v 0.06951795518398285 -0.05925355851650238 0.09685327857732773
v 0.07108723372220993 -0.060050636529922485 0.10791435092687607
v 0.06951795518398285 -0.05925355851650238 0.09685327857732773
v 0.0717661902308464 -0.057614509016275406 0.10791339725255966
v 0.0717661902308464 -0.057614509016275406 0.10791339725255966
v 0.06951795518398285 -0.05925355851650238 0.09685327857732773
v 0.07019749283790588 -0.05684136971831322 0.09685268253087997
v 0.0717661902308464 -0.057614509016275406 0.10791339725255966
v 0.07019749283790588 -0.05684136971831322 0.09685268253087997
v 0.07206179201602936 -0.052436813712120056 0.10791148990392685
v 0.07206179201602936 -0.052436813712120056 0.10791148990392685
v 0.07019749283790588 -0.05684136971831322 0.09685268253087997
v 0.07049889117479324 -0.0517372265458107 0.09685184806585312
v 0.07206179201602936 -0.052436813712120056 0.10791148990392685
v 0.07049889117479324 -0.0517372265458107 0.09685184806585312
v 0.07218930125236511 -0.04207362234592438 0.10790839046239853
v 0.07218930125236511 -0.04207362234592438 0.10790839046239853
v 0.07049889117479324 -0.0517372265458107 0.09685184806585312
v 0.07063692063093185 -0.04151089861989021 0.09685017913579941
v 0.07218930125236511 -0.04207362234592438 0.10790839046239853
v 0.07063692063093185 -0.04151089861989021 0.09685017913579941
v 0.07068641483783722 -0.0005085354787297547 0.09684731811285019
v 0.07068641483783722 -0.0005085354787297547 0.09684731811285019
v 0.07063692063093185 -0.04151089861989021 0.09685017913579941
v 0.06912794709205627 -0.0005083630094304681 0.0859316810965538
v 0.07068641483783722 -0.0005085354787297547 0.09684731811285019
v 0.06912794709205627 -0.0005083630094304681 0.0859316810965538
v 0.06905494630336761 0.0395980030298233 0.08588733524084091
v 0.06905494630336761 0.0395980030298233 0.08588733524084091
v 0.06912794709205627 -0.0005083630094304681 0.0859316810965538
v 0.06748196482658386 0.038434259593486786 0.07500841468572617
v 0.06905494630336761 0.0395980030298233 0.08588733524084091
v 0.06748196482658386 0.038434259593486786 0.07500841468572617
v 0.06887700408697128 0.04962444305419922 0.0858624204993248
v 0.06887700408697128 0.04962444305419922 0.0858624204993248
v 0.06748196482658386 0.038434259593486786 0.07500841468572617
v 0.06723134964704514 0.048161860555410385 0.07494010776281357
v 0.06887700408697128 0.04962444305419922 0.0858624204993248
v 0.06723134964704514 0.048161860555410385 0.07494010776281357
v 0.06852961331605911 0.054633453488349915 0.0858478769659996
v 0.06852961331605911 0.054633453488349915 0.0858478769659996
v 0.06723134964704514 0.048161860555410385 0.07494010776281357
v 0.06679297983646393 0.05299872159957886 0.07490029186010361
v 0.06852961331605911 0.054633453488349915 0.0858478769659996
v 0.06679297983646393 0.05299872159957886 0.07490029186010361
v 0.06783439218997955 0.05700048804283142 0.0858401283621788
v 0.06783439218997955 0.05700048804283142 0.0858401283621788
v 0.06679297983646393 0.05299872159957886 0.07490029186010361
v 0.06606735289096832 0.0552724152803421 0.07487895339727402
v 0.06783439218997955 0.05700048804283142 0.0858401283621788
v 0.06606735289096832 0.0552724152803421 0.07487895339727402
v 0.06615281105041504 0.05880957096815109 0.0858319029211998
v 0.06615281105041504 0.05880957096815109 0.0858319029211998
v 0.06606735289096832 0.0552724152803421 0.07487895339727402
v 0.06443847715854645 0.05702030286192894 0.07485666126012802
v 0.06615281105041504 0.05880957096815109 0.0858319029211998
v 0.06443847715854645 0.05702030286192894 0.07485666126012802
v 0.06393533945083618 0.05995102971792221 0.0858234390616417
v 0.06393533945083618 0.05995102971792221 0.0858234390616417
v 0.06443847715854645 0.05702030286192894 0.07485666126012802
v 0.06232290342450142 0.0581681914627552 0.07483353465795517
v 0.06393533945083618 0.05995102971792221 0.0858234390616417
v 0.06232290342450142 0.0581681914627552 0.07483353465795517
v 0.061603471636772156 0.06083816662430763 0.08581461757421494
v 0.061603471636772156 0.06083816662430763 0.08581461757421494
v 0.06232290342450142 0.0581681914627552 0.07483353465795517
v 0.060090187937021255 0.05906735733151436 0.07480933517217636
v 0.061603471636772156 0.06083816662430763 0.08581461757421494
v 0.060090187937021255 0.05906735733151436 0.07480933517217636
v 0.05617813020944595 0.06059044972062111 0.07581498473882675
v 0.05617813020944595 0.06059044972062111 0.07581498473882675
v 0.060090187937021255 0.05906735733151436 0.07480933517217636
v 0.05874152109026909 0.05813523381948471 0.06948091834783554
v 0.06984131038188934 -0.06376385688781738 0.13050130009651184
v 0.06963330507278442 -0.06279075890779495 0.1285971701145172
v 0.07089264690876007 -0.06201987713575363 0.1289311945438385
v 0.06984131038188934 -0.06376385688781738 0.13050130009651184
v 0.07089264690876007 -0.06201987713575363 0.1289311945438385
v 0.07108719646930695 -0.0628766417503357 0.130793958902359
v 0.07108719646930695 -0.0628766417503357 0.130793958902359
v 0.07089264690876007 -0.06201987713575363 0.1289311945438385
v 0.07206648588180542 -0.06077338755130768 0.12917223572731018
v 0.07108719646930695 -0.0628766417503357 0.130793958902359
v 0.07206648588180542 -0.06077338755130768 0.12917223572731018
v 0.07305195927619934 -0.06102258339524269 0.1312505304813385
v 0.07325931638479233 -0.05657266080379486 0.12942257523536682
v 0.07624772191047668 -0.055814702063798904 0.13197770714759827
v 0.07315250486135483 -0.05751143768429756 0.12938466668128967
v 0.07315250486135483 -0.05751143768429756 0.12938466668128967
v 0.07624772191047668 -0.055814702063798904 0.13197770714759827
v 0.07469125837087631 -0.05882822349667549 0.13162663578987122
v 0.07315250486135483 -0.05751143768429756 0.12938466668128967
v 0.07469125837087631 -0.05882822349667549 0.13162663578987122
v 0.07314245402812958 -0.0575837679207325 0.1293816864490509
v 0.07314245402812958 -0.0575837679207325 0.1293816864490509
v 0.07469125837087631 -0.05882822349667549 0.13162663578987122
v 0.07305195927619934 -0.06102258339524269 0.1312505304813385
v 0.07314245402812958 -0.0575837679207325 0.1293816864490509
v 0.07305195927619934 -0.06102258339524269 0.1312505304813385
v 0.0727790966629982 -0.05928540229797363 0.12930598855018616
v 0.0727790966629982 -0.05928540229797363 0.12930598855018616
v 0.07305195927619934 -0.06102258339524269 0.1312505304813385
v 0.07206648588180542 -0.06077338755130768 0.12917223572731018
v 0.07325931638479233 -0.05657266080379486 0.12942257523536682
v 0.0734168142080307 -0.054242126643657684 0.12947288155555725
v 0.07624772191047668 -0.055814702063798904 0.13197770714759827
v 0.07624772191047668 -0.055814702063798904 0.13197770714759827
v 0.0734168142080307 -0.054242126643657684 0.12947288155555725
v 0.07352837920188904 -0.05088617652654648 0.12949970364570618
v 0.07624772191047668 -0.055814702063798904 0.13197770714759827
v 0.07352837920188904 -0.05088617652654648 0.12949970364570618
v 0.0774235874414444 -0.052519481629133224 0.1322442591190338
v 0.05786029249429703 -0.06770738214254379 0.12763193249702454
v 0.05820698291063309 -0.06626927852630615 0.12582209706306458
v 0.060985684394836426 -0.06634601950645447 0.12748494744300842
v 0.0640023946762085 -0.0659329742193222 0.1286788284778595
v 0.06699777394533157 -0.06490709632635117 0.12937262654304504
v 0.06277543306350708 -0.06664268672466278 0.128860741853714
v 0.06277543306350708 -0.06664268672466278 0.128860741853714
v 0.06699777394533157 -0.06490709632635117 0.12937262654304504
v 0.06694047898054123 -0.06526781618595123 0.12982657551765442
v 0.06844093650579453 -0.06426027417182922 0.12970712780952454
v 0.06803575158119202 -0.06477496027946472 0.13008108735084534
v 0.06699777394533157 -0.06490709632635117 0.12937262654304504
v 0.06699777394533157 -0.06490709632635117 0.12937262654304504
v 0.06803575158119202 -0.06477496027946472 0.13008108735084534
v 0.06715165823698044 -0.0651785284280777 0.12987568974494934
v 0.06699777394533157 -0.06490709632635117 0.12937262654304504
v 0.06715165823698044 -0.0651785284280777 0.12987568974494934
v 0.06694047898054123 -0.06526781618595123 0.12982657551765442
v 0.06914235651493073 -0.06389374285936356 0.12987008690834045
v 0.06966400146484375 -0.06387701630592346 0.13045981526374817
v 0.06844093650579453 -0.06426027417182922 0.12970712780952454
v 0.06844093650579453 -0.06426027417182922 0.12970712780952454
v 0.06966400146484375 -0.06387701630592346 0.13045981526374817
v 0.06848925352096558 -0.06454705446958542 0.13018646836280823
v 0.06844093650579453 -0.06426027417182922 0.12970712780952454
v 0.06848925352096558 -0.06454705446958542 0.13018646836280823
v 0.06803575158119202 -0.06477496027946472 0.13008108735084534
v 0.06914235651493073 -0.06389374285936356 0.12987008690834045
v 0.06948722153902054 -0.06369849294424057 0.12995031476020813
v 0.06966400146484375 -0.06387701630592346 0.13045981526374817
v 0.06966400146484375 -0.06387701630592346 0.13045981526374817
v 0.06948722153902054 -0.06369849294424057 0.12995031476020813
v 0.06965808570384979 -0.06359771639108658 0.1299901306629181
v 0.06966400146484375 -0.06387701630592346 0.13045981526374817
v 0.06965808570384979 -0.06359771639108658 0.1299901306629181
v 0.06984131038188934 -0.06376385688781738 0.13050130009651184
v 0.06984131038188934 -0.06376385688781738 0.13050130009651184
v 0.06965808570384979 -0.06359771639108658 0.1299901306629181
v 0.06974311172962189 -0.06354652345180511 0.13000991940498352
v 0.06984131038188934 -0.06376385688781738 0.13050130009651184
v 0.06974311172962189 -0.06354652345180511 0.13000991940498352
v 0.06978552788496017 -0.06352072209119797 0.13001981377601624
v 0.05820698291063309 -0.06626927852630615 0.12582209706306458
v 0.059648673981428146 -0.06593845784664154 0.12620380520820618
v 0.060985684394836426 -0.06634601950645447 0.12748494744300842
v 0.060985684394836426 -0.06634601950645447 0.12748494744300842
v 0.059648673981428146 -0.06593845784664154 0.12620380520820618
v 0.06596959382295609 -0.0642363652586937 0.1277107298374176
v 0.060985684394836426 -0.06634601950645447 0.12748494744300842
v 0.06596959382295609 -0.0642363652586937 0.1277107298374176
v 0.06399719417095184 -0.06556114554405212 0.1281994879245758
v 0.06399719417095184 -0.06556114554405212 0.1281994879245758
v 0.06596959382295609 -0.0642363652586937 0.1277107298374176
v 0.0668817088007927 -0.06393077969551086 0.127922922372818
v 0.06399719417095184 -0.06556114554405212 0.1281994879245758
v 0.0668817088007927 -0.06393077969551086 0.127922922372818
v 0.06695858389139175 -0.064578577876091 0.1288847029209137
v 0.06695858389139175 -0.064578577876091 0.1288847029209137
v 0.0668817088007927 -0.06393077969551086 0.127922922372818
v 0.0682961717247963 -0.06339552253484726 0.12826231122016907
v 0.06695858389139175 -0.064578577876091 0.1288847029209137
v 0.0682961717247963 -0.06339552253484726 0.12826231122016907
v 0.06839143484830856 -0.06396649032831192 0.12921610474586487
v 0.06839143484830856 -0.06396649032831192 0.12921610474586487
v 0.0682961717247963 -0.06339552253484726 0.12826231122016907
v 0.06898960471153259 -0.0630967766046524 0.12843576073646545
v 0.06839143484830856 -0.06396649032831192 0.12921610474586487
v 0.06898960471153259 -0.0630967766046524 0.12843576073646545
v 0.0690898671746254 -0.06362061947584152 0.12937822937965393
v 0.0690898671746254 -0.06362061947584152 0.12937822937965393
v 0.06898960471153259 -0.0630967766046524 0.12843576073646545
v 0.06933233141899109 -0.06293804198503494 0.12852242588996887
v 0.0690898671746254 -0.06362061947584152 0.12937822937965393
v 0.06933233141899109 -0.06293804198503494 0.12852242588996887
v 0.06943383067846298 -0.06343652307987213 0.1294582188129425
v 0.06943383067846298 -0.06343652307987213 0.1294582188129425
v 0.06933233141899109 -0.06293804198503494 0.12852242588996887
v 0.06950263679027557 -0.0628557950258255 0.1285649836063385
v 0.06943383067846298 -0.06343652307987213 0.1294582188129425
v 0.06950263679027557 -0.0628557950258255 0.1285649836063385
v 0.06960440427064896 -0.06334153562784195 0.12949803471565247
v 0.06960440427064896 -0.06334153562784195 0.12949803471565247
v 0.06950263679027557 -0.0628557950258255 0.1285649836063385
v 0.06958748400211334 -0.06281378120183945 0.12858596444129944
v 0.06960440427064896 -0.06334153562784195 0.12949803471565247
v 0.06958748400211334 -0.06281378120183945 0.12858596444129944
v 0.0696893259882927 -0.06329329311847687 0.1295178234577179
v 0.0696893259882927 -0.06329329311847687 0.1295178234577179
v 0.06958748400211334 -0.06281378120183945 0.12858596444129944
v 0.06962982565164566 -0.06279253959655762 0.12859633564949036
v 0.0696893259882927 -0.06329329311847687 0.1295178234577179
v 0.06962982565164566 -0.06279253959655762 0.12859633564949036
v 0.0697316974401474 -0.06326897442340851 0.1295277178287506
v 0.0697316974401474 -0.06326897442340851 0.1295277178287506
v 0.06962982565164566 -0.06279253959655762 0.12859633564949036
v 0.06963330507278442 -0.06279075890779495 0.1285971701145172
v 0.06963330507278442 -0.06279075890779495 0.1285971701145172
v 0.06984131038188934 -0.06376385688781738 0.13050130009651184
v 0.0697316974401474 -0.06326897442340851 0.1295277178287506
v 0.0697316974401474 -0.06326897442340851 0.1295277178287506
v 0.06984131038188934 -0.06376385688781738 0.13050130009651184
v 0.06978552788496017 -0.06352072209119797 0.13001981377601624
v 0.0697316974401474 -0.06326897442340851 0.1295277178287506
v 0.06978552788496017 -0.06352072209119797 0.13001981377601624
v 0.0696893259882927 -0.06329329311847687 0.1295178234577179
v 0.0696893259882927 -0.06329329311847687 0.1295178234577179
v 0.06978552788496017 -0.06352072209119797 0.13001981377601624
v 0.06974311172962189 -0.06354652345180511 0.13000991940498352
v 0.0696893259882927 -0.06329329311847687 0.1295178234577179
v 0.06974311172962189 -0.06354652345180511 0.13000991940498352
v 0.06960440427064896 -0.06334153562784195 0.12949803471565247
v 0.06960440427064896 -0.06334153562784195 0.12949803471565247
v 0.06974311172962189 -0.06354652345180511 0.13000991940498352
v 0.06965808570384979 -0.06359771639108658 0.1299901306629181
v 0.06960440427064896 -0.06334153562784195 0.12949803471565247
v 0.06965808570384979 -0.06359771639108658 0.1299901306629181
v 0.06943383067846298 -0.06343652307987213 0.1294582188129425
v 0.06943383067846298 -0.06343652307987213 0.1294582188129425
v 0.06965808570384979 -0.06359771639108658 0.1299901306629181
v 0.06948722153902054 -0.06369849294424057 0.12995031476020813
v 0.06943383067846298 -0.06343652307987213 0.1294582188129425
v 0.06948722153902054 -0.06369849294424057 0.12995031476020813
v 0.0690898671746254 -0.06362061947584152 0.12937822937965393
v 0.0690898671746254 -0.06362061947584152 0.12937822937965393
v 0.06948722153902054 -0.06369849294424057 0.12995031476020813
v 0.06914235651493073 -0.06389374285936356 0.12987008690834045
v 0.0690898671746254 -0.06362061947584152 0.12937822937965393
v 0.06914235651493073 -0.06389374285936356 0.12987008690834045
v 0.06839143484830856 -0.06396649032831192 0.12921610474586487
v 0.06839143484830856 -0.06396649032831192 0.12921610474586487
v 0.06914235651493073 -0.06389374285936356 0.12987008690834045
v 0.06844093650579453 -0.06426027417182922 0.12970712780952454
v 0.06839143484830856 -0.06396649032831192 0.12921610474586487
v 0.06844093650579453 -0.06426027417182922 0.12970712780952454
v 0.06695858389139175 -0.064578577876091 0.1288847029209137
v 0.06695858389139175 -0.064578577876091 0.1288847029209137
v 0.06844093650579453 -0.06426027417182922 0.12970712780952454
v 0.06699777394533157 -0.06490709632635117 0.12937262654304504
v 0.06695858389139175 -0.064578577876091 0.1288847029209137
v 0.06699777394533157 -0.06490709632635117 0.12937262654304504
v 0.06399719417095184 -0.06556114554405212 0.1281994879245758
v 0.06399719417095184 -0.06556114554405212 0.1281994879245758
v 0.06699777394533157 -0.06490709632635117 0.12937262654304504
v 0.0640023946762085 -0.0659329742193222 0.1286788284778595
v 0.06399719417095184 -0.06556114554405212 0.1281994879245758
v 0.0640023946762085 -0.0659329742193222 0.1286788284778595
v 0.060985684394836426 -0.06634601950645447 0.12748494744300842
v 0.060985684394836426 -0.06634601950645447 0.12748494744300842
v 0.0640023946762085 -0.0659329742193222 0.1286788284778595
v 0.06277543306350708 -0.06664268672466278 0.128860741853714
v 0.060985684394836426 -0.06634601950645447 0.12748494744300842
v 0.06277543306350708 -0.06664268672466278 0.128860741853714
v 0.05786029249429703 -0.06770738214254379 0.12763193249702454
v 0.05190591886639595 -0.06865599751472473 0.12530866265296936
v 0.0528302937746048 -0.06737885624170303 0.1232384666800499
v 0.05321487784385681 -0.06730885058641434 0.12364115566015244
v 0.05190591886639595 -0.06865599751472473 0.12530866265296936
v 0.05321487784385681 -0.06730885058641434 0.12364115566015244
v 0.05271289497613907 -0.06851783394813538 0.12588754296302795
v 0.05271289497613907 -0.06851783394813538 0.12588754296302795
v 0.05321487784385681 -0.06730885058641434 0.12364115566015244
v 0.05491584911942482 -0.06697456538677216 0.12470104545354843
v 0.05271289497613907 -0.06851783394813538 0.12588754296302795
v 0.05491584911942482 -0.06697456538677216 0.12470104545354843
v 0.05464503914117813 -0.0682305321097374 0.1266646683216095
v 0.05464503914117813 -0.0682305321097374 0.1266646683216095
v 0.05491584911942482 -0.06697456538677216 0.12470104545354843
v 0.05820698291063309 -0.06626927852630615 0.12582209706306458
v 0.05464503914117813 -0.0682305321097374 0.1266646683216095
v 0.05820698291063309 -0.06626927852630615 0.12582209706306458
v 0.05786029249429703 -0.06770738214254379 0.12763193249702454
v 0.04983410984277725 -0.06929836422204971 0.11936285346746445
v 0.051367782056331635 -0.06750909984111786 0.11740746349096298
v 0.04990827664732933 -0.06922652572393417 0.12052275985479355
v 0.04990827664732933 -0.06922652572393417 0.12052275985479355
v 0.051367782056331635 -0.06750909984111786 0.11740746349096298
v 0.05150097608566284 -0.06754815578460693 0.11938395351171494
v 0.04990827664732933 -0.06922652572393417 0.12052275985479355
v 0.05150097608566284 -0.06754815578460693 0.11938395351171494
v 0.050368983298540115 -0.06902249157428741 0.1228274330496788
v 0.050368983298540115 -0.06902249157428741 0.1228274330496788
v 0.05150097608566284 -0.06754815578460693 0.11938395351171494
v 0.05196385830640793 -0.06751735508441925 0.12168123573064804
v 0.050368983298540115 -0.06902249157428741 0.1228274330496788
v 0.05196385830640793 -0.06751735508441925 0.12168123573064804
v 0.05082987621426582 -0.06888949871063232 0.1239103302359581
v 0.05082987621426582 -0.06888949871063232 0.1239103302359581
v 0.05196385830640793 -0.06751735508441925 0.12168123573064804
v 0.0528302937746048 -0.06737885624170303 0.1232384666800499
v 0.05082987621426582 -0.06888949871063232 0.1239103302359581
v 0.0528302937746048 -0.06737885624170303 0.1232384666800499
v 0.05190591886639595 -0.06865599751472473 0.12530866265296936
v 0.051367782056331635 -0.06750909984111786 0.11740746349096298
v 0.04983410984277725 -0.06929836422204971 0.11936285346746445
v 0.05128121003508568 -0.0674554631114006 0.11564912647008896
v 0.05128121003508568 -0.0674554631114006 0.11564912647008896
v 0.04983410984277725 -0.06929836422204971 0.11936285346746445
v 0.04962952435016632 -0.06946776062250137 0.1142132505774498
v 0.05128121003508568 -0.0674554631114006 0.11564912647008896
v 0.04962952435016632 -0.06946776062250137 0.1142132505774498
v 0.05118845775723457 -0.06726215779781342 0.1112685427069664
v 0.05118845775723457 -0.06726215779781342 0.1112685427069664
v 0.04962952435016632 -0.06946776062250137 0.1142132505774498
v 0.049597013741731644 -0.06947352737188339 0.11287441104650497
v 0.05114143341779709 -0.06665203720331192 0.10207738727331161
v 0.05118845775723457 -0.06726215779781342 0.1112685427069664
v 0.049597013741731644 -0.06947352737188339 0.11287441104650497
v 0.049508437514305115 -0.06811925768852234 0.09341146796941757
v 0.05122995004057884 -0.06568276137113571 0.09291376918554306
v 0.049495622515678406 -0.06856837123632431 0.09765853732824326
v 0.049495622515678406 -0.06856837123632431 0.09765853732824326
v 0.05122995004057884 -0.06568276137113571 0.09291376918554306
v 0.05115436390042305 -0.06633124500513077 0.09861519187688828
v 0.049495622515678406 -0.06856837123632431 0.09765853732824326
v 0.05115436390042305 -0.06633124500513077 0.09861519187688828
v 0.04948513209819794 -0.06914790719747543 0.10445036739110947
v 0.04948513209819794 -0.06914790719747543 0.10445036739110947
v 0.05115436390042305 -0.06633124500513077 0.09861519187688828
v 0.05114143341779709 -0.06665203720331192 0.10207738727331161
v 0.04948513209819794 -0.06914790719747543 0.10445036739110947
v 0.05114143341779709 -0.06665203720331192 0.10207738727331161
v 0.04949985444545746 -0.06925611197948456 0.10614623874425888
v 0.04949985444545746 -0.06925611197948456 0.10614623874425888
v 0.05114143341779709 -0.06665203720331192 0.10207738727331161
v 0.049597013741731644 -0.06947352737188339 0.11287441104650497
v 0.049872227013111115 -0.06717998534440994 0.0869983658194542
v 0.0518985353410244 -0.06473522633314133 0.08689727634191513
v 0.0514737032353878 -0.06513214856386185 0.08901562541723251
v 0.049872227013111115 -0.06717998534440994 0.0869983658194542
v 0.0514737032353878 -0.06513214856386185 0.08901562541723251
v 0.049565162509679794 -0.06755207479000092 0.08915164321660995
v 0.049565162509679794 -0.06755207479000092 0.08915164321660995
v 0.0514737032353878 -0.06513214856386185 0.08901562541723251
v 0.05122995004057884 -0.06568276137113571 0.09291376918554306
v 0.049565162509679794 -0.06755207479000092 0.08915164321660995
v 0.05122995004057884 -0.06568276137113571 0.09291376918554306
v 0.049508437514305115 -0.06811925768852234 0.09341146796941757
v 0.0533326119184494 -0.06375860422849655 0.08290912955999374
v 0.0518985353410244 -0.06473522633314133 0.08689727634191513
v 0.05068584159016609 -0.06660503894090652 0.0842907652258873
v 0.05068584159016609 -0.06660503894090652 0.0842907652258873
v 0.0518985353410244 -0.06473522633314133 0.08689727634191513
v 0.049872227013111115 -0.06717998534440994 0.0869983658194542
v 0.05068584159016609 -0.06660503894090652 0.0842907652258873
v 0.05276132747530937 -0.06524469703435898 0.0795232281088829
v 0.0533326119184494 -0.06375860422849655 0.08290912955999374
v 0.0533326119184494 -0.06375860422849655 0.08290912955999374
v 0.05276132747530937 -0.06524469703435898 0.0795232281088829
v 0.05465022474527359 -0.06376688927412033 0.07541920989751816
v 0.0533326119184494 -0.06375860422849655 0.08290912955999374
v 0.05465022474527359 -0.06376688927412033 0.07541920989751816
v 0.05618325620889664 -0.06159243360161781 0.07582678645849228
v 0.05966680124402046 -0.05859510973095894 0.0645926222205162
v 0.060649484395980835 -0.05705312639474869 0.06534066051244736
v 0.05879279226064682 -0.0590808168053627 0.06935777515172958
v 0.05966680124402046 -0.05859510973095894 0.0645926222205162
v 0.05879279226064682 -0.0590808168053627 0.06935777515172958
v 0.05776077136397362 -0.06080047786235809 0.06872644275426865
v 0.05776077136397362 -0.06080047786235809 0.06872644275426865
v 0.05879279226064682 -0.0590808168053627 0.06935777515172958
v 0.05618325620889664 -0.06159243360161781 0.07582678645849228
v 0.05776077136397362 -0.06080047786235809 0.06872644275426865
v 0.05618325620889664 -0.06159243360161781 0.07582678645849228
v 0.05465022474527359 -0.06376688927412033 0.07541920989751816
v 0.06286236643791199 -0.05394328385591507 0.06104448065161705
v 0.0622892826795578 -0.05499797314405441 0.06231119856238365
v 0.060828834772109985 -0.05701383203268051 0.06199529394507408
v 0.060828834772109985 -0.05701383203268051 0.06199529394507408
v 0.0622892826795578 -0.05499797314405441 0.06231119856238365
v 0.06143445894122124 -0.05615505576133728 0.06391515582799911
v 0.060828834772109985 -0.05701383203268051 0.06199529394507408
v 0.06143445894122124 -0.05615505576133728 0.06391515582799911
v 0.05966680124402046 -0.05859510973095894 0.0645926222205162
v 0.05966680124402046 -0.05859510973095894 0.0645926222205162
v 0.06143445894122124 -0.05615505576133728 0.06391515582799911
v 0.06077287718653679 -0.05691780522465706 0.06511666625738144
v 0.05966680124402046 -0.05859510973095894 0.0645926222205162
v 0.06077287718653679 -0.05691780522465706 0.06511666625738144
v 0.060649484395980835 -0.05705312639474869 0.06534066051244736
v 0.0653991848230362 -0.040580738335847855 0.0461517833173275
v 0.06330730020999908 -0.038869936019182205 0.04885437712073326
v 0.06498786062002182 -0.044561006128787994 0.048842694610357285
v 0.06498786062002182 -0.044561006128787994 0.048842694610357285
v 0.06330730020999908 -0.038869936019182205 0.04885437712073326
v 0.06345749646425247 -0.043710045516490936 0.05174114927649498
v 0.06498786062002182 -0.044561006128787994 0.048842694610357285
v 0.06345749646425247 -0.043710045516490936 0.05174114927649498
v 0.06479382514953613 -0.046110738068819046 0.05003705248236656
v 0.06479382514953613 -0.046110738068819046 0.05003705248236656
v 0.06345749646425247 -0.043710045516490936 0.05174114927649498
v 0.06346216052770615 -0.043861135840415955 0.05184521898627281
v 0.06479382514953613 -0.046110738068819046 0.05003705248236656
v 0.06346216052770615 -0.043861135840415955 0.05184521898627281
v 0.06463295966386795 -0.047186240553855896 0.050917770713567734
v 0.06463295966386795 -0.047186240553855896 0.050917770713567734
v 0.06346216052770615 -0.043861135840415955 0.05184521898627281
v 0.06351427733898163 -0.04562252387404442 0.05313017591834068
v 0.06463295966386795 -0.047186240553855896 0.050917770713567734
v 0.06351427733898163 -0.04562252387404442 0.05313017591834068
v 0.06436646729707718 -0.04865969344973564 0.05220523104071617
v 0.060828834772109985 -0.05701383203268051 0.06199529394507408
v 0.06166738644242287 -0.055699918419122696 0.06005873903632164
v 0.06286236643791199 -0.05394328385591507 0.06104448065161705
v 0.06286236643791199 -0.05394328385591507 0.06104448065161705
v 0.06166738644242287 -0.055699918419122696 0.06005873903632164
v 0.06195478513836861 -0.05520336702466011 0.059373047202825546
v 0.06286236643791199 -0.05394328385591507 0.06104448065161705
v 0.06195478513836861 -0.05520336702466011 0.059373047202825546
v 0.06333643198013306 -0.052533190697431564 0.05953195318579674
v 0.06333643198013306 -0.052533190697431564 0.05953195318579674
v 0.06195478513836861 -0.05520336702466011 0.059373047202825546
v 0.06254379451274872 -0.05409298092126846 0.05793335661292076
v 0.06333643198013306 -0.052533190697431564 0.05953195318579674
v 0.06254379451274872 -0.05409298092126846 0.05793335661292076
v 0.0635414719581604 -0.051348406821489334 0.0584048293530941
v 0.0635414719581604 -0.051348406821489334 0.0584048293530941
v 0.06254379451274872 -0.05409298092126846 0.05793335661292076
v 0.0630897581577301 -0.05290165916085243 0.056513454765081406
v 0.0635414719581604 -0.051348406821489334 0.0584048293530941
v 0.0630897581577301 -0.05290165916085243 0.056513454765081406
v 0.06360509991645813 -0.05014112591743469 0.05722060427069664
v 0.06360509991645813 -0.05014112591743469 0.05722060427069664
v 0.0630897581577301 -0.05290165916085243 0.056513454765081406
v 0.06332670152187347 -0.052312761545181274 0.05585220083594322
v 0.06360509991645813 -0.05014112591743469 0.05722060427069664
v 0.06332670152187347 -0.052312761545181274 0.05585220083594322
v 0.06360559165477753 -0.04968956112861633 0.05676105245947838
v 0.06360559165477753 -0.04968956112861633 0.05676105245947838
v 0.06332670152187347 -0.052312761545181274 0.05585220083594322
v 0.06378132849931717 -0.05098970606923103 0.054447200149297714
v 0.06360559165477753 -0.04968956112861633 0.05676105245947838
v 0.06378132849931717 -0.05098970606923103 0.054447200149297714
v 0.06351427733898163 -0.04562252387404442 0.05313017591834068
v 0.06351427733898163 -0.04562252387404442 0.05313017591834068
v 0.06378132849931717 -0.05098970606923103 0.054447200149297714
v 0.06426537036895752 -0.04913441464304924 0.052640464156866074
v 0.06351427733898163 -0.04562252387404442 0.05313017591834068
v 0.06426537036895752 -0.04913441464304924 0.052640464156866074
v 0.06436646729707718 -0.04865969344973564 0.05220523104071617
v 0.06330730020999908 -0.038869936019182205 0.04885437712073326
v 0.0653991848230362 -0.040580738335847855 0.0461517833173275
v 0.06321386992931366 -0.03468744084239006 0.04703744873404503
v 0.06321386992931366 -0.03468744084239006 0.04703744873404503
v 0.0653991848230362 -0.040580738335847855 0.0461517833173275
v 0.06587201356887817 -0.03629385307431221 0.04389181360602379
v 0.06321386992931366 -0.03468744084239006 0.04703744873404503
v 0.06587201356887817 -0.03629385307431221 0.04389181360602379
v 0.06318527460098267 -0.032802682369947433 0.046402301639318466
v 0.06318527460098267 -0.032802682369947433 0.046402301639318466
v 0.06587201356887817 -0.03629385307431221 0.04389181360602379
v 0.06611746549606323 -0.034392260015010834 0.04309561476111412
v 0.06318527460098267 -0.032802682369947433 0.046402301639318466
v 0.06611746549606323 -0.034392260015010834 0.04309561476111412
v 0.06314888596534729 -0.02942645736038685 0.045476045459508896
v 0.06314888596534729 -0.02942645736038685 0.045476045459508896
v 0.06611746549606323 -0.034392260015010834 0.04309561476111412
v 0.0664922371506691 -0.031758539378643036 0.0421769879758358
v 0.06314888596534729 -0.02942645736038685 0.045476045459508896
v 0.0664922371506691 -0.031758539378643036 0.0421769879758358
v 0.06313338875770569 -0.02650962397456169 0.044870760291814804
v 0.06313338875770569 -0.02650962397456169 0.044870760291814804
v 0.0664922371506691 -0.031758539378643036 0.0421769879758358
v 0.06709906458854675 -0.027876248583197594 0.041200604289770126
v 0.06808093935251236 -0.021369274705648422 0.04022851213812828
v 0.06559290736913681 -0.020830513909459114 0.04210999235510826
v 0.0653488039970398 -0.024178292602300644 0.04253348335623741
v 0.068109892308712 -0.021158674731850624 0.04020586237311363
v 0.06892160326242447 -0.014386003836989403 0.03970548138022423
v 0.06601089984178543 -0.014090200886130333 0.041600193828344345
v 0.0662977546453476 0.006299023982137442 0.04141118749976158
v 0.06640233844518661 -0.0005043589044362307 0.041381265968084335
v 0.06970026344060898 -0.0004847492673434317 0.039489831775426865
v 0.06970026344060898 -0.0004847492673434317 0.039489831775426865
v 0.06640233844518661 -0.0005043589044362307 0.041381265968084335
v 0.06629630923271179 -0.0073077864944934845 0.041409458965063095
v 0.06970026344060898 -0.0004847492673434317 0.039489831775426865
v 0.06629630923271179 -0.0073077864944934845 0.041409458965063095
v 0.06956163793802261 -0.0060441093519330025 0.03950270637869835
v 0.06601089984178543 -0.014090200886130333 0.041600193828344345
v 0.06892160326242447 -0.014386003836989403 0.03970548138022423
v 0.06629630923271179 -0.0073077864944934845 0.041409458965063095
v 0.06629630923271179 -0.0073077864944934845 0.041409458965063095
v 0.06892160326242447 -0.014386003836989403 0.03970548138022423
v 0.06923344731330872 -0.011020912788808346 0.03958388790488243
v 0.06629630923271179 -0.0073077864944934845 0.041409458965063095
v 0.06923344731330872 -0.011020912788808346 0.03958388790488243
v 0.06956163793802261 -0.0060441093519330025 0.03950270637869835
v 0.06808093935251236 -0.021369274705648422 0.04022851213812828
v 0.0653488039970398 -0.024178292602300644 0.04253348335623741
v 0.06758309155702591 -0.02479567565023899 0.040670063346624374
v 0.06758309155702591 -0.02479567565023899 0.040670063346624374
v 0.0653488039970398 -0.024178292602300644 0.04253348335623741
v 0.06522053480148315 -0.02584543451666832 0.04279586300253868
v 0.06758309155702591 -0.02479567565023899 0.040670063346624374
v 0.06522053480148315 -0.02584543451666832 0.04279586300253868
v 0.06731826066970825 -0.026500042527914047 0.040945734828710556
v 0.06731826066970825 -0.026500042527914047 0.040945734828710556
v 0.06522053480148315 -0.02584543451666832 0.04279586300253868
v 0.06515516340732574 -0.026677174493670464 0.04294082149863243
v 0.06731826066970825 -0.026500042527914047 0.040945734828710556
v 0.06515516340732574 -0.026677174493670464 0.04294082149863243
v 0.06718242913484573 -0.02734982967376709 0.04109850153326988
v 0.06718242913484573 -0.02734982967376709 0.04109850153326988
v 0.06515516340732574 -0.026677174493670464 0.04294082149863243
v 0.06512220948934555 -0.027092568576335907 0.04301687702536583
v 0.06718242913484573 -0.02734982967376709 0.04109850153326988
v 0.06512220948934555 -0.027092568576335907 0.04301687702536583
v 0.0671137198805809 -0.027774101123213768 0.04117878898978233
v 0.06559290736913681 -0.020830513909459114 0.04210999235510826
v 0.06311900913715363 -0.023561550304293633 0.04439523443579674
v 0.0653488039970398 -0.024178292602300644 0.04253348335623741
v 0.0653488039970398 -0.024178292602300644 0.04253348335623741
v 0.06311900913715363 -0.023561550304293633 0.04439523443579674
v 0.06312476098537445 -0.02519162744283676 0.04464336857199669
v 0.0653488039970398 -0.024178292602300644 0.04253348335623741
v 0.06312476098537445 -0.02519162744283676 0.04464336857199669
v 0.06522053480148315 -0.02584543451666832 0.04279586300253868
v 0.06522053480148315 -0.02584543451666832 0.04279586300253868
v 0.06312476098537445 -0.02519162744283676 0.04464336857199669
v 0.06312829256057739 -0.02600526064634323 0.04478093609213829
v 0.06522053480148315 -0.02584543451666832 0.04279586300253868
v 0.06312829256057739 -0.02600526064634323 0.04478093609213829
v 0.06515516340732574 -0.026677174493670464 0.04294082149863243
v 0.06515516340732574 -0.026677174493670464 0.04294082149863243
v 0.06312829256057739 -0.02600526064634323 0.04478093609213829
v 0.06313338875770569 -0.02650962397456169 0.044870760291814804
v 0.06515516340732574 -0.026677174493670464 0.04294082149863243
v 0.06313338875770569 -0.02650962397456169 0.044870760291814804
v 0.06512220948934555 -0.027092568576335907 0.04301687702536583
v 0.06512220948934555 -0.027092568576335907 0.04301687702536583
v 0.06313338875770569 -0.02650962397456169 0.044870760291814804
v 0.06709906458854675 -0.027876248583197594 0.041200604289770126
v 0.06512220948934555 -0.027092568576335907 0.04301687702536583
v 0.06709906458854675 -0.027876248583197594 0.041200604289770126
v 0.0671137198805809 -0.027774101123213768 0.04117878898978233
v 0.06310895830392838 -0.01177377812564373 0.04341449961066246
v 0.06311021000146866 -0.019340625032782555 0.04389860853552818
v 0.06559290736913681 -0.020830513909459114 0.04210999235510826
v 0.06559290736913681 -0.020830513909459114 0.04210999235510826
v 0.06311021000146866 -0.019340625032782555 0.04389860853552818
v 0.0631115585565567 -0.020291699096560478 0.04399403557181358
v 0.06559290736913681 -0.020830513909459114 0.04210999235510826
v 0.0631115585565567 -0.020291699096560478 0.04399403557181358
v 0.06311900913715363 -0.023561550304293633 0.04439523443579674
v 0.06808093935251236 -0.021369274705648422 0.04022851213812828
v 0.068109892308712 -0.021158674731850624 0.04020586237311363
v 0.06559290736913681 -0.020830513909459114 0.04210999235510826
v 0.06559290736913681 -0.020830513909459114 0.04210999235510826
v 0.068109892308712 -0.021158674731850624 0.04020586237311363
v 0.06601089984178543 -0.014090200886130333 0.041600193828344345
v 0.06559290736913681 -0.020830513909459114 0.04210999235510826
v 0.06601089984178543 -0.014090200886130333 0.041600193828344345
v 0.06310895830392838 -0.01177377812564373 0.04341449961066246
v 0.06310895830392838 -0.01177377812564373 0.04341449961066246
v 0.06601089984178543 -0.014090200886130333 0.041600193828344345
v 0.06629630923271179 -0.0073077864944934845 0.041409458965063095
v 0.06310895830392838 -0.01177377812564373 0.04341449961066246
v 0.06629630923271179 -0.0073077864944934845 0.041409458965063095
v 0.06311796605587006 -0.0005068299942649901 0.043268825858831406
v 0.06311796605587006 -0.0005068299942649901 0.043268825858831406
v 0.06629630923271179 -0.0073077864944934845 0.041409458965063095
v 0.06640233844518661 -0.0005043589044362307 0.041381265968084335
v 0.06311796605587006 -0.0005068299942649901 0.043268825858831406
v 0.06640233844518661 -0.0005043589044362307 0.041381265968084335
v 0.06311705708503723 0.002984238788485527 0.043279316276311874
v 0.06311705708503723 0.002984238788485527 0.043279316276311874
v 0.06640233844518661 -0.0005043589044362307 0.041381265968084335
v 0.0662977546453476 0.006299023982137442 0.04141118749976158
v 0.06311705708503723 0.002984238788485527 0.043279316276311874
v 0.0662977546453476 0.006299023982137442 0.04141118749976158
v 0.06310836225748062 0.012870918959379196 0.04350849613547325
v 0.0662977546453476 0.006299023982137442 0.04141118749976158
v 0.06601345539093018 0.013081418350338936 0.04160269722342491
v 0.06310836225748062 0.012870918959379196 0.04350849613547325
v 0.06310836225748062 0.012870918959379196 0.04350849613547325
v 0.06601345539093018 0.013081418350338936 0.04160269722342491
v 0.06559586524963379 0.019821908324956894 0.042111124843358994
v 0.06310836225748062 0.012870918959379196 0.04350849613547325
v 0.06559586524963379 0.019821908324956894 0.042111124843358994
v 0.06311539560556412 0.0207142885774374 0.044162359088659286
v 0.06311539560556412 0.0207142885774374 0.044162359088659286
v 0.06559586524963379 0.019821908324956894 0.042111124843358994
v 0.06535159051418304 0.023169903084635735 0.04253282770514488
v 0.06311539560556412 0.0207142885774374 0.044162359088659286
v 0.06535159051418304 0.023169903084635735 0.04253282770514488
v 0.06312010437250137 0.0225474052131176 0.04440131410956383
v 0.06312010437250137 0.0225474052131176 0.04440131410956383
v 0.06535159051418304 0.023169903084635735 0.04253282770514488
v 0.06522312760353088 0.02483719401061535 0.042794015258550644
v 0.06312010437250137 0.0225474052131176 0.04440131410956383
v 0.06522312760353088 0.02483719401061535 0.042794015258550644
v 0.06312539428472519 0.0241776742041111 0.04464688524603844
v 0.06312539428472519 0.0241776742041111 0.04464688524603844
v 0.06522312760353088 0.02483719401061535 0.042794015258550644
v 0.06515762954950333 0.025669019669294357 0.04293825849890709
v 0.06312539428472519 0.0241776742041111 0.04464688524603844
v 0.06515762954950333 0.025669019669294357 0.04293825849890709
v 0.06312870979309082 0.024991419166326523 0.04478290304541588
v 0.06312870979309082 0.024991419166326523 0.04478290304541588
v 0.06515762954950333 0.025669019669294357 0.04293825849890709
v 0.06512460112571716 0.02608446031808853 0.043013956397771835
v 0.06312870979309082 0.024991419166326523 0.04478290304541588
v 0.06512460112571716 0.02608446031808853 0.043013956397771835
v 0.06313063204288483 0.025397874414920807 0.044854726642370224
v 0.06711839884519577 0.02677113376557827 0.04117264971137047
v 0.06710394471883774 0.026872266083955765 0.041194286197423935
v 0.06511665135622025 0.026184076443314552 0.04303249344229698
v 0.06970026344060898 -0.0004847492673434317 0.039489831775426865
v 0.0696248710155487 0.0035619251430034637 0.03949400410056114
v 0.0662977546453476 0.006299023982137442 0.04141118749976158
v 0.0662977546453476 0.006299023982137442 0.04141118749976158
v 0.0696248710155487 0.0035619251430034637 0.03949400410056114
v 0.06912341713905334 0.011359014548361301 0.03962191566824913
v 0.0662977546453476 0.006299023982137442 0.04141118749976158
v 0.06912341713905334 0.011359014548361301 0.03962191566824913
v 0.06601345539093018 0.013081418350338936 0.04160269722342491
v 0.06601345539093018 0.013081418350338936 0.04160269722342491
v 0.06912341713905334 0.011359014548361301 0.03962191566824913
v 0.06828088313341141 0.018902746960520744 0.04007979854941368
v 0.06601345539093018 0.013081418350338936 0.04160269722342491
v 0.06828088313341141 0.018902746960520744 0.04007979854941368
v 0.06559586524963379 0.019821908324956894 0.042111124843358994
v 0.06559586524963379 0.019821908324956894 0.042111124843358994
v 0.06828088313341141 0.018902746960520744 0.04007979854941368
v 0.06750442087650299 0.024336926639080048 0.04074921831488609
v 0.06559586524963379 0.019821908324956894 0.042111124843358994
v 0.06750442087650299 0.024336926639080048 0.04074921831488609
v 0.06535159051418304 0.023169903084635735 0.04253282770514488
v 0.06535159051418304 0.023169903084635735 0.04253282770514488
v 0.06750442087650299 0.024336926639080048 0.04074921831488609
v 0.0673229917883873 0.025496939197182655 0.04094048961997032
v 0.06535159051418304 0.023169903084635735 0.04253282770514488
v 0.0673229917883873 0.025496939197182655 0.04094048961997032
v 0.06522312760353088 0.02483719401061535 0.042794015258550644
v 0.06522312760353088 0.02483719401061535 0.042794015258550644
v 0.0673229917883873 0.025496939197182655 0.04094048961997032
v 0.0671871230006218 0.026346813887357712 0.041092660278081894
v 0.06522312760353088 0.02483719401061535 0.042794015258550644
v 0.0671871230006218 0.026346813887357712 0.041092660278081894
v 0.06515762954950333 0.025669019669294357 0.04293825849890709
v 0.06515762954950333 0.025669019669294357 0.04293825849890709
v 0.0671871230006218 0.026346813887357712 0.041092660278081894
v 0.06711839884519577 0.02677113376557827 0.04117264971137047
v 0.06515762954950333 0.025669019669294357 0.04293825849890709
v 0.06711839884519577 0.02677113376557827 0.04117264971137047
v 0.06512460112571716 0.02608446031808853 0.043013956397771835
v 0.06512460112571716 0.02608446031808853 0.043013956397771835
v 0.06711839884519577 0.02677113376557827 0.04117264971137047
v 0.06511665135622025 0.026184076443314552 0.04303249344229698
v 0.06512460112571716 0.02608446031808853 0.043013956397771835
v 0.06511665135622025 0.026184076443314552 0.04303249344229698
v 0.06313063204288483 0.025397874414920807 0.044854726642370224
v 0.06313063204288483 0.025397874414920807 0.044854726642370224
v 0.06511665135622025 0.026184076443314552 0.04303249344229698
v 0.06313112378120422 0.025495843961834908 0.044872429221868515
v 0.010669423267245293 -0.059447694569826126 0.05787255987524986
v 0.006789280101656914 -0.059686094522476196 0.0589158795773983
v 0.006787879392504692 -0.0325000025331974 0.05891623720526695
v 0.004956662654876709 0.05874462425708771 0.059358861297369
v 0.006789240054786205 0.058712463825941086 0.0589158795773983
v 0.006787879392504692 0.03150000050663948 0.05891623720526695
v -0.028772849589586258 0.05095575749874115 0.06643595546483994
v -0.023972375318408012 0.053232744336128235 0.06546249240636826
v -0.016999999061226845 0.03150000050663948 0.06404139846563339
v -0.016999999061226845 0.03150000050663948 0.06404139846563339
v -0.023972375318408012 0.053232744336128235 0.06546249240636826
v -0.02204391360282898 0.05398695170879364 0.06507041305303574
v -0.016999999061226845 0.03150000050663948 0.06404139846563339
v -0.02204391360282898 0.05398695170879364 0.06507041305303574
v -0.015838366001844406 0.056001387536525726 0.06380357593297958
v -0.015838366001844406 0.056001387536525726 0.06380357593297958
v -0.015164344571530819 0.056181374937295914 0.06366529315710068
v -0.016999999061226845 0.03150000050663948 0.06404139846563339
v -0.016999999061226845 0.03150000050663948 0.06404139846563339
v -0.015164344571530819 0.056181374937295914 0.06366529315710068
v -0.013285999186336994 0.05664503574371338 0.0632794126868248
v -0.016999999061226845 0.03150000050663948 0.06404139846563339
v -0.013285999186336994 0.05664503574371338 0.0632794126868248
v 0.006787879392504692 0.03150000050663948 0.05891623720526695
v 0.006787879392504692 0.03150000050663948 0.05891623720526695
v -0.013285999186336994 0.05664503574371338 0.0632794126868248
v -0.010706773027777672 0.05719944089651108 0.06274726241827011
v 0.006787879392504692 0.03150000050663948 0.05891623720526695
v -0.010706773027777672 0.05719944089651108 0.06274726241827011
v -0.00909940991550684 0.057500772178173065 0.06241419538855553
v -0.00909940991550684 0.057500772178173065 0.06241419538855553
v -0.0028240319807082415 0.05837038531899452 0.06109585985541344
v 0.006787879392504692 0.03150000050663948 0.05891623720526695
v 0.006787879392504692 0.03150000050663948 0.05891623720526695
v -0.0028240319807082415 0.05837038531899452 0.06109585985541344
v 0.003945004194974899 0.05874370038509369 0.05959763750433922
v 0.006787879392504692 0.03150000050663948 0.05891623720526695
v 0.003945004194974899 0.05874370038509369 0.05959763750433922
v 0.004956662654876709 0.05874462425708771 0.059358861297369
v -0.037969280034303665 -0.04405880346894264 0.06829311698675156
v -0.04094156250357628 -0.039654623717069626 0.06889166682958603
v -0.016999999061226845 -0.0325000025331974 0.06404139846563339
v -0.037969280034303665 -0.04405880346894264 0.06829311698675156
v -0.016999999061226845 -0.0325000025331974 0.06404139846563339
v -0.03506719693541527 -0.047341518104076385 0.06770791858434677
v -0.04094156250357628 -0.039654623717069626 0.06889166682958603
v -0.043735623359680176 -0.034425027668476105 0.06945373862981796
v -0.016999999061226845 -0.0325000025331974 0.06404139846563339
v -0.016999999061226845 -0.0325000025331974 0.06404139846563339
v -0.043735623359680176 -0.034425027668476105 0.06945373862981796
v -0.046104367822408676 -0.028828945010900497 0.06992974132299423
v -0.016999999061226845 -0.0325000025331974 0.06404139846563339
v -0.046104367822408676 -0.028828945010900497 0.06992974132299423
v -0.047909628599882126 -0.023146864026784897 0.07029237598180771
v -0.047909628599882126 -0.023146864026784897 0.07029237598180771
v -0.04923662915825844 -0.017069710418581963 0.0705588087439537
v -0.016999999061226845 -0.0325000025331974 0.06404139846563339
v -0.016999999061226845 -0.0325000025331974 0.06404139846563339
v -0.04923662915825844 -0.017069710418581963 0.0705588087439537
v -0.05014012008905411 -0.009788448922336102 0.07074012607336044
v -0.016999999061226845 -0.0325000025331974 0.06404139846563339
v -0.05014012008905411 -0.009788448922336102 0.07074012607336044
v -0.016999999061226845 0.03150000050663948 0.06404139846563339
v -0.05014012008905411 -0.009788448922336102 0.07074012607336044
v -0.050476014614105225 -0.0018086204072460532 0.07080747932195663
v -0.016999999061226845 0.03150000050663948 0.06404139846563339
v -0.016999999061226845 0.03150000050663948 0.06404139846563339
v -0.050476014614105225 -0.0018086204072460532 0.07080747932195663
v -0.05048200860619545 -0.00048815319314599037 0.0708087906241417
v -0.016999999061226845 0.03150000050663948 0.06404139846563339
v -0.05048200860619545 -0.00048815319314599037 0.0708087906241417
v -0.05018528923392296 0.008227644488215446 0.0707491859793663
v -0.05018528923392296 0.008227644488215446 0.0707491859793663
v -0.04934902861714363 0.015428283251821995 0.0705813392996788
v -0.016999999061226845 0.03150000050663948 0.06404139846563339
v -0.016999999061226845 0.03150000050663948 0.06404139846563339
v -0.04934902861714363 0.015428283251821995 0.0705813392996788
v -0.048032719641923904 0.02170686423778534 0.07031705230474472
v -0.016999999061226845 0.03150000050663948 0.06404139846563339
v -0.048032719641923904 0.02170686423778534 0.07031705230474472
v -0.04619607701897621 0.02760593593120575 0.0699482187628746
v -0.04619607701897621 0.02760593593120575 0.0699482187628746
v -0.04381030052900314 0.03329475224018097 0.06946875900030136
v -0.016999999061226845 0.03150000050663948 0.06404139846563339
v -0.016999999061226845 0.03150000050663948 0.06404139846563339
v -0.04381030052900314 0.03329475224018097 0.06946875900030136
v -0.041253712028265 0.038151755928993225 0.06895449012517929
v -0.016999999061226845 0.03150000050663948 0.06404139846563339
v -0.041253712028265 0.038151755928993225 0.06895449012517929
v -0.03846127167344093 0.042434290051460266 0.06839217990636826
v -0.03846127167344093 0.042434290051460266 0.06839217990636826
v -0.0355650894343853 0.045870427042245865 0.06780841201543808
v -0.016999999061226845 0.03150000050663948 0.06404139846563339
v -0.016999999061226845 0.03150000050663948 0.06404139846563339
v -0.0355650894343853 0.045870427042245865 0.06780841201543808
v -0.032654792070388794 0.04845014214515686 0.06722094863653183
v -0.016999999061226845 0.03150000050663948 0.06404139846563339
v -0.032654792070388794 0.04845014214515686 0.06722094863653183
v -0.028772849589586258 0.05095575749874115 0.06643595546483994
v 0.006789280101656914 -0.059686094522476196 0.0589158795773983
v 0.005415159277617931 -0.05971473827958107 0.059249427169561386
v 0.006787879392504692 -0.0325000025331974 0.05891623720526695
v 0.006787879392504692 -0.0325000025331974 0.05891623720526695
v 0.005415159277617931 -0.05971473827958107 0.059249427169561386
v 0.004956874530762434 -0.059718865901231766 0.05936005339026451
v 0.006787879392504692 -0.0325000025331974 0.05891623720526695
v 0.004956874530762434 -0.059718865901231766 0.05936005339026451
v 0.001311497064307332 -0.05964386835694313 0.0601973794400692
v 0.001311497064307332 -0.05964386835694313 0.0601973794400692
v -0.0020549786277115345 -0.05941392853856087 0.06093135103583336
v 0.006787879392504692 -0.0325000025331974 0.05891623720526695
v 0.006787879392504692 -0.0325000025331974 0.05891623720526695
v -0.0020549786277115345 -0.05941392853856087 0.06093135103583336
v -0.0023292372934520245 -0.05938858911395073 0.060990121215581894
v 0.006787879392504692 -0.0325000025331974 0.05891623720526695
v -0.0023292372934520245 -0.05938858911395073 0.060990121215581894
v -0.002696717856451869 -0.05935322493314743 0.06106868013739586
v -0.015065539628267288 -0.05717991665005684 0.06364502757787704
v -0.016999999061226845 -0.0325000025331974 0.06404139846563339
v -0.008702877908945084 -0.058541927486658096 0.06233182176947594
v -0.008702877908945084 -0.058541927486658096 0.06233182176947594
v -0.016999999061226845 -0.0325000025331974 0.06404139846563339
v 0.006787879392504692 -0.0325000025331974 0.05891623720526695
v -0.008702877908945084 -0.058541927486658096 0.06233182176947594
v 0.006787879392504692 -0.0325000025331974 0.05891623720526695
v -0.006604660768061876 -0.05887680500745773 0.06189408525824547
v -0.006604660768061876 -0.05887680500745773 0.06189408525824547
v 0.006787879392504692 -0.0325000025331974 0.05891623720526695
v -0.002696717856451869 -0.05935322493314743 0.06106868013739586
v -0.015065539628267288 -0.05717991665005684 0.06364502757787704
v -0.015111364424228668 -0.05716798081994057 0.06365444511175156
v -0.016999999061226845 -0.0325000025331974 0.06404139846563339
v -0.016999999061226845 -0.0325000025331974 0.06404139846563339
v -0.015111364424228668 -0.05716798081994057 0.06365444511175156
v -0.02108081616461277 -0.055312398821115494 0.06487443298101425
v -0.016999999061226845 -0.0325000025331974 0.06404139846563339
v -0.02108081616461277 -0.055312398821115494 0.06487443298101425
v -0.02204485423862934 -0.05495971441268921 0.06507112830877304
v -0.02204485423862934 -0.05495971441268921 0.06507112830877304
v -0.02758917212486267 -0.05255543813109398 0.06619622558355331
v -0.016999999061226845 -0.0325000025331974 0.06404139846563339
v -0.016999999061226845 -0.0325000025331974 0.06404139846563339
v -0.02758917212486267 -0.05255543813109398 0.06619622558355331
v -0.031792398542165756 -0.05005274713039398 0.06704666465520859
v -0.016999999061226845 -0.0325000025331974 0.06404139846563339
v -0.031792398542165756 -0.05005274713039398 0.06704666465520859
v -0.03506719693541527 -0.047341518104076385 0.06770791858434677
v 0.017000000923871994 0.03150000050663948 0.054332878440618515
v 0.017036231234669685 -0.05767607316374779 0.05429854616522789
v 0.017000000923871994 -0.0325000025331974 0.054332878440618515
v 0.017000000923871994 -0.0325000025331974 0.054332878440618515
v 0.017036231234669685 -0.05767607316374779 0.05429854616522789
v 0.015769366174936295 -0.058282967656850815 0.05540039762854576
v 0.017000000923871994 -0.0325000025331974 0.054332878440618515
v 0.015769366174936295 -0.058282967656850815 0.05540039762854576
v 0.013546093367040157 -0.0325000025331974 0.05678405985236168
v 0.013546093367040157 -0.0325000025331974 0.05678405985236168
v 0.015769366174936295 -0.058282967656850815 0.05540039762854576
v 0.013547183945775032 -0.05899713933467865 0.056783583015203476
v 0.013546093367040157 -0.0325000025331974 0.05678405985236168
v 0.013547183945775032 -0.05899713933467865 0.056783583015203476
v 0.006787879392504692 -0.0325000025331974 0.05891623720526695
v 0.006787879392504692 -0.0325000025331974 0.05891623720526695
v 0.013547183945775032 -0.05899713933467865 0.056783583015203476
v 0.01346893422305584 -0.059014976024627686 0.05682113394141197
v 0.006787879392504692 -0.0325000025331974 0.05891623720526695
v 0.01346893422305584 -0.059014976024627686 0.05682113394141197
v 0.010669423267245293 -0.059447694569826126 0.05787255987524986
v 0.017000000923871994 0.03150000050663948 0.054332878440618515
v 0.017027312889695168 0.05670894309878349 0.054307010024785995
v 0.017036231234669685 -0.05767607316374779 0.05429854616522789
v 0.017036231234669685 -0.05767607316374779 0.05429854616522789
v 0.017027312889695168 0.05670894309878349 0.054307010024785995
v 0.017525091767311096 0.05643940344452858 0.053821828216314316
v 0.017036231234669685 -0.05767607316374779 0.05429854616522789
v 0.017525091767311096 0.05643940344452858 0.053821828216314316
v 0.018238477408885956 -0.05700696259737015 0.05309143289923668
v 0.018238477408885956 -0.05700696259737015 0.05309143289923668
v 0.017525091767311096 0.05643940344452858 0.053821828216314316
v 0.01823701523244381 0.05603409186005592 0.05309167131781578
v 0.018238477408885956 -0.05700696259737015 0.05309143289923668
v 0.01823701523244381 0.05603409186005592 0.05309167131781578
v 0.01873323880136013 -0.05671239644289017 0.05256405100226402
v 0.01873323880136013 -0.05671239644289017 0.05256405100226402
v 0.01823701523244381 0.05603409186005592 0.05309167131781578
v 0.02219957485795021 0.05342555418610573 0.04870608076453209
v 0.01873323880136013 -0.05671239644289017 0.05256405100226402
v 0.02219957485795021 0.05342555418610573 0.04870608076453209
v 0.024026265367865562 -0.053049106150865555 0.046649541705846786
v 0.024026265367865562 -0.053049106150865555 0.046649541705846786
v 0.02219957485795021 0.05342555418610573 0.04870608076453209
v 0.026964928954839706 0.04972929134964943 0.04336055740714073
v 0.04614589735865593 0.022046513855457306 0.022203827276825905
v 0.047130286693573 0.0164482519030571 0.02112492360174656
v 0.03836463391780853 0.022635823115706444 0.03074868954718113
v 0.03836463391780853 0.022635823115706444 0.03074868954718113
v 0.047130286693573 0.0164482519030571 0.02112492360174656
v 0.04785912111401558 0.009952377527952194 0.02032640017569065
v 0.03836463391780853 0.022635823115706444 0.03074868954718113
v 0.04785912111401558 0.009952377527952194 0.02032640017569065
v 0.04823412746191025 0.002728061517700553 0.01991560496389866
v 0.03836463391780853 0.022635823115706444 0.03074868954718113
v 0.039744481444358826 0.0364869087934494 0.029230916872620583
v 0.04200455918908119 0.033247675746679306 0.026747489348053932
v 0.04200455918908119 0.033247675746679306 0.026747489348053932
v 0.04361555352807045 0.030201919376850128 0.024979019537568092
v 0.03836463391780853 0.022635823115706444 0.03074868954718113
v 0.03836463391780853 0.022635823115706444 0.03074868954718113
v 0.04361555352807045 0.030201919376850128 0.024979019537568092
v 0.04488619789481163 0.026858920231461525 0.023585045710206032
v 0.03836463391780853 0.022635823115706444 0.03074868954718113
v 0.04488619789481163 0.026858920231461525 0.023585045710206032
v 0.04614589735865593 0.022046513855457306 0.022203827276825905
v 0.026964928954839706 0.04972929134964943 0.04336055740714073
v 0.03134675323963165 0.045757513493299484 0.03849276527762413
v 0.03836463391780853 0.022635823115706444 0.03074868954718113
v 0.03836463391780853 0.022635823115706444 0.03074868954718113
v 0.03134675323963165 0.045757513493299484 0.03849276527762413
v 0.0360955148935318 0.04080696403980255 0.033247556537389755
v 0.03836463391780853 0.022635823115706444 0.03074868954718113
v 0.0360955148935318 0.04080696403980255 0.033247556537389755
v 0.039744481444358826 0.0364869087934494 0.029230916872620583
v 0.04745756834745407 -0.014915003441274166 0.02076634205877781
v 0.046637848019599915 -0.020505860447883606 0.021664584055542946
v 0.026964928954839706 0.04972929134964943 0.04336055740714073
v 0.04823412746191025 0.002728061517700553 0.01991560496389866
v 0.04826638102531433 -0.00048586874618195 0.019880259409546852
v 0.03836463391780853 0.022635823115706444 0.03074868954718113
v 0.03836463391780853 0.022635823115706444 0.03074868954718113
v 0.04826638102531433 -0.00048586874618195 0.019880259409546852
v 0.048069752752780914 -0.007885139435529709 0.020095670595765114
v 0.03836463391780853 0.022635823115706444 0.03074868954718113
v 0.048069752752780914 -0.007885139435529709 0.020095670595765114
v 0.026964928954839706 0.04972929134964943 0.04336055740714073
v 0.026964928954839706 0.04972929134964943 0.04336055740714073
v 0.048069752752780914 -0.007885139435529709 0.020095670595765114
v 0.04797692224383354 -0.009364906698465347 0.02019735611975193
v 0.026964928954839706 0.04972929134964943 0.04336055740714073
v 0.04797692224383354 -0.009364906698465347 0.02019735611975193
v 0.04745756834745407 -0.014915003441274166 0.02076634205877781
v 0.046637848019599915 -0.020505860447883606 0.021664584055542946
v 0.04605007544159889 -0.02345956675708294 0.022308850660920143
v 0.026964928954839706 0.04972929134964943 0.04336055740714073
v 0.026964928954839706 0.04972929134964943 0.04336055740714073
v 0.04605007544159889 -0.02345956675708294 0.022308850660920143
v 0.0455368347465992 -0.02558511309325695 0.022871578112244606
v 0.026964928954839706 0.04972929134964943 0.04336055740714073
v 0.0455368347465992 -0.02558511309325695 0.022871578112244606
v 0.0449092723429203 -0.027759185060858727 0.02355971373617649
v 0.0449092723429203 -0.027759185060858727 0.02355971373617649
v 0.04423176497220993 -0.029696155339479446 0.02430286444723606
v 0.026964928954839706 0.04972929134964943 0.04336055740714073
v 0.026964928954839706 0.04972929134964943 0.04336055740714073
v 0.04423176497220993 -0.029696155339479446 0.02430286444723606
v 0.04346843436360359 -0.03149542585015297 0.02514042891561985
v 0.026964928954839706 0.04972929134964943 0.04336055740714073
v 0.04346843436360359 -0.03149542585015297 0.02514042891561985
v 0.04273730143904686 -0.032947760075330734 0.02594294585287571
v 0.04273730143904686 -0.032947760075330734 0.02594294585287571
v 0.040837761014699936 -0.03598864749073982 0.028029227629303932
v 0.026964928954839706 0.04972929134964943 0.04336055740714073
v 0.026964928954839706 0.04972929134964943 0.04336055740714073
v 0.040837761014699936 -0.03598864749073982 0.028029227629303932
v 0.03811260312795639 -0.03946652635931969 0.031026029959321022
v 0.026964928954839706 0.04972929134964943 0.04336055740714073
v 0.03811260312795639 -0.03946652635931969 0.031026029959321022
v 0.03700578957796097 -0.04075324162840843 0.03224464878439903
v 0.03700578957796097 -0.04075324162840843 0.03224464878439903
v 0.033214256167411804 -0.04486275464296341 0.03642710670828819
v 0.026964928954839706 0.04972929134964943 0.04336055740714073
v 0.026964928954839706 0.04972929134964943 0.04336055740714073
v 0.033214256167411804 -0.04486275464296341 0.03642710670828819
v 0.02882227674126625 -0.04909155145287514 0.041292931884527206
v 0.026964928954839706 0.04972929134964943 0.04336055740714073
v 0.02882227674126625 -0.04909155145287514 0.041292931884527206
v 0.024026265367865562 -0.053049106150865555 0.046649541705846786
v 0.006789240054786205 0.058712463825941086 0.0589158795773983
v 0.010129852220416069 0.058525893837213516 0.05803385004401207
v 0.006787879392504692 0.03150000050663948 0.05891623720526695
v 0.006787879392504692 0.03150000050663948 0.05891623720526695
v 0.010129852220416069 0.058525893837213516 0.05803385004401207
v 0.013015168718993664 0.05813789740204811 0.057027604430913925
v 0.006787879392504692 0.03150000050663948 0.05891623720526695
v 0.013015168718993664 0.05813789740204811 0.057027604430913925
v 0.013546093367040157 0.03150000050663948 0.05678405985236168
v 0.013546093367040157 0.03150000050663948 0.05678405985236168
v 0.013015168718993664 0.05813789740204811 0.057027604430913925
v 0.0135505935177207 0.0580236092209816 0.056781914085149765
v 0.013546093367040157 0.03150000050663948 0.05678405985236168
v 0.0135505935177207 0.0580236092209816 0.056781914085149765
v 0.017000000923871994 0.03150000050663948 0.054332878440618515
v 0.017000000923871994 0.03150000050663948 0.054332878440618515
v 0.0135505935177207 0.0580236092209816 0.056781914085149765
v 0.015239130705595016 0.0575207844376564 0.05579283460974693
v 0.017000000923871994 0.03150000050663948 0.054332878440618515
v 0.015239130705595016 0.0575207844376564 0.05579283460974693
v 0.017027312889695168 0.05670894309878349 0.054307010024785995
v -0.042532116174697876 0.04260994866490364 0.07837226241827011
v -0.0443517230451107 0.038912687450647354 0.07794072479009628
v -0.04780656471848488 0.03940501809120178 0.09087171405553818
v -0.0443517230451107 0.038912687450647354 0.07794072479009628
v -0.042532116174697876 0.04260994866490364 0.07837226241827011
v -0.04214503988623619 0.03869038075208664 0.07171573489904404
v 0.0737815648317337 0.05733751133084297 0.13451138138771057
v 0.07060084491968155 0.056852638721466064 0.14075997471809387
v 0.07255622744560242 0.05241266265511513 0.14282777905464172
v 0.06649363040924072 0.05630216374993324 0.14653483033180237
v 0.06147244945168495 0.055632974952459335 0.15172460675239563
v 0.0635947734117508 0.051234208047389984 0.1546333134174347
v 0.055556364357471466 0.05476204678416252 0.15629246830940247
v 0.04873287305235863 0.053731705993413925 0.16018560528755188
v 0.05044608190655708 0.049186259508132935 0.16404679417610168
v 0.061990078538656235 0.06486914306879044 0.1330261528491974
v 0.05955255776643753 0.06582514941692352 0.13109090924263
v 0.05618031322956085 0.06537994742393494 0.13547685742378235
v -0.0355650894343853 0.045870427042245865 0.06780841201543808
v -0.033734168857336044 0.048280615359544754 0.06869497150182724
v -0.032654792070388794 0.04845014214515686 0.06722094863653183
v 0.024445276707410812 -0.0004883738583885133 0.18766465783119202
v 0.02471432089805603 -0.0004883742658421397 0.18763402104377747
v 0.024706993252038956 0.0040766107849776745 0.18750110268592834
v 0.07523221522569656 0.056936413049697876 0.13175061345100403
v 0.07418790459632874 0.05860985815525055 0.1315167248249054
v 0.07258965075016022 0.059375446289777756 0.1334926187992096
v 0.06804987043142319 0.06379220634698868 0.13008776307106018
v 0.06714924424886703 0.06420406699180603 0.129878431558609
v 0.06423662602901459 0.06370551884174347 0.1348755657672882
v -0.03314175829291344 0.0595649816095829 0.11998512595891953
v -0.033733949065208435 0.05926455557346344 0.11740138381719589
v -0.036582786589860916 0.057571105659008026 0.11891939491033554
v -0.03280050680041313 0.056286606937646866 0.08863642066717148
v -0.03076980635523796 0.055266909301280975 0.0809575542807579
v -0.03567759692668915 0.05160300061106682 0.07991578429937363
v -0.031427640467882156 0.05072404444217682 0.06987407058477402
v -0.024446304887533188 0.05408146232366562 0.06807591766119003
v -0.028772849589586258 0.05095575749874115 0.06643595546483994
v -0.028772849589586258 0.05095575749874115 0.06643595546483994
v -0.024446304887533188 0.05408146232366562 0.06807591766119003
v -0.02404223196208477 0.05405847728252411 0.06752302497625351
v -0.028772849589586258 0.05095575749874115 0.06643595546483994
v -0.02404223196208477 0.05405847728252411 0.06752302497625351
v -0.023972375318408012 0.053232744336128235 0.06546249240636826
v -0.023972375318408012 0.053232744336128235 0.06546249240636826
v -0.02404223196208477 0.05405847728252411 0.06752302497625351
v -0.02204391360282898 0.05398695170879364 0.06507041305303574
v -0.03375264257192612 0.0511150136590004 0.07479944080114365
v -0.028712918981909752 0.054647352546453476 0.07560350745916367
v -0.031427640467882156 0.05072404444217682 0.06987407058477402
v -0.031427640467882156 0.05072404444217682 0.06987407058477402
v -0.028712918981909752 0.054647352546453476 0.07560350745916367
v -0.026810523122549057 0.05430734530091286 0.07180287688970566
v -0.031427640467882156 0.05072404444217682 0.06987407058477402
v -0.026810523122549057 0.05430734530091286 0.07180287688970566
v -0.024446304887533188 0.05408146232366562 0.06807591766119003
v -0.03076980635523796 0.055266909301280975 0.0809575542807579
v -0.030440760776400566 0.055144015699625015 0.07998421043157578
v -0.03567759692668915 0.05160300061106682 0.07991578429937363
v -0.03567759692668915 0.05160300061106682 0.07991578429937363
v -0.030440760776400566 0.055144015699625015 0.07998421043157578
v -0.03026084043085575 0.05508117750287056 0.07947387546300888
v -0.03567759692668915 0.05160300061106682 0.07991578429937363
v -0.03026084043085575 0.05508117750287056 0.07947387546300888
v -0.03375264257192612 0.0511150136590004 0.07479944080114365
v -0.03375264257192612 0.0511150136590004 0.07479944080114365
v -0.03026084043085575 0.05508117750287056 0.07947387546300888
v -0.02907782793045044 0.0547344908118248 0.07644166797399521
v -0.03375264257192612 0.0511150136590004 0.07479944080114365
v -0.02907782793045044 0.0547344908118248 0.07644166797399521
v -0.028712918981909752 0.054647352546453476 0.07560350745916367
v -0.03461950272321701 0.058488860726356506 0.10988082736730576
v -0.034538883715867996 0.05771069601178169 0.10162272304296494
v -0.037222445011138916 0.05600236356258392 0.10145380347967148
v -0.037222445011138916 0.05600236356258392 0.10145380347967148
v -0.034538883715867996 0.05771069601178169 0.10162272304296494
v -0.03448515757918358 0.05763164535164833 0.10080137103796005
v -0.037222445011138916 0.05600236356258392 0.10145380347967148
v -0.03448515757918358 0.05763164535164833 0.10080137103796005
v -0.0343560129404068 0.057472266256809235 0.09917249530553818
v -0.037222445011138916 0.05600236356258392 0.10145380347967148
v -0.03751065582036972 0.05650516226887703 0.1072099432349205
v -0.03461950272321701 0.058488860726356506 0.10988082736730576
v -0.03461950272321701 0.058488860726356506 0.10988082736730576
v -0.03751065582036972 0.05650516226887703 0.1072099432349205
v -0.03735227882862091 0.05701717734336853 0.11307873576879501
v -0.03461950272321701 0.058488860726356506 0.10988082736730576
v -0.03735227882862091 0.05701717734336853 0.11307873576879501
v -0.03451208025217056 0.058655429631471634 0.11159660667181015
v -0.036582786589860916 0.057571105659008026 0.11891939491033554
v -0.033733949065208435 0.05926455557346344 0.11740138381719589
v -0.03735227882862091 0.05701717734336853 0.11307873576879501
v -0.03735227882862091 0.05701717734336853 0.11307873576879501
v -0.033733949065208435 0.05926455557346344 0.11740138381719589
v -0.034091878682374954 0.05903737619519234 0.11533357948064804
v -0.03735227882862091 0.05701717734336853 0.11307873576879501
v -0.034091878682374954 0.05903737619519234 0.11533357948064804
v -0.03451208025217056 0.058655429631471634 0.11159660667181015
v -0.03314175829291344 0.0595649816095829 0.11998512595891953
v -0.036582786589860916 0.057571105659008026 0.11891939491033554
v -0.03228849545121193 0.05990571528673172 0.12279894202947617
v -0.03228849545121193 0.05990571528673172 0.12279894202947617
v -0.036582786589860916 0.057571105659008026 0.11891939491033554
v -0.03505592793226242 0.0581706278026104 0.12458529323339462
v -0.03228849545121193 0.05990571528673172 0.12279894202947617
v -0.03505592793226242 0.0581706278026104 0.12458529323339462
v -0.031097114086151123 0.06027316302061081 0.12579432129859924
v -0.031097114086151123 0.06027316302061081 0.12579432129859924
v -0.03505592793226242 0.0581706278026104 0.12458529323339462
v -0.032675519585609436 0.05874713137745857 0.12991967797279358
v -0.031097114086151123 0.06027316302061081 0.12579432129859924
v -0.032675519585609436 0.05874713137745857 0.12991967797279358
v -0.03019876219332218 0.060493770986795425 0.12762108445167542
v -0.03019876219332218 0.060493770986795425 0.12762108445167542
v -0.032675519585609436 0.05874713137745857 0.12991967797279358
v -0.028446955606341362 0.06082655489444733 0.13051298260688782
v -0.028446955606341362 0.06082655489444733 0.13051298260688782
v -0.032675519585609436 0.05874713137745857 0.12991967797279358
v -0.02937609702348709 0.059231773018836975 0.13477006554603577
v -0.028446955606341362 0.06082655489444733 0.13051298260688782
v -0.02937609702348709 0.059231773018836975 0.13477006554603577
v -0.02697700448334217 0.06104113906621933 0.1324883997440338
v -0.02055363357067108 0.060021162033081055 0.1426086723804474
v -0.020907647907733917 0.06166636943817139 0.13830938935279846
v -0.02527056261897087 0.059638861566782 0.13902845978736877
v -0.02527056261897087 0.059638861566782 0.13902845978736877
v -0.020907647907733917 0.06166636943817139 0.13830938935279846
v -0.02312365733087063 0.06146682798862457 0.13651147484779358
v -0.02527056261897087 0.059638861566782 0.13902845978736877
v -0.02312365733087063 0.06146682798862457 0.13651147484779358
v -0.02937609702348709 0.059231773018836975 0.13477006554603577
v -0.02937609702348709 0.059231773018836975 0.13477006554603577
v -0.02312365733087063 0.06146682798862457 0.13651147484779358
v -0.02553585171699524 0.06121750921010971 0.13415566086769104
v -0.02937609702348709 0.059231773018836975 0.13477006554603577
v -0.02553585171699524 0.06121750921010971 0.13415566086769104
v -0.02697700448334217 0.06104113906621933 0.1324883997440338
v -0.012606467120349407 0.0623326301574707 0.1429305374622345
v -0.013712706044316292 0.06224576383829117 0.1424652636051178
v -0.015375570394098759 0.06042185798287392 0.1454555094242096
v -0.015375570394098759 0.06042185798287392 0.1454555094242096
v -0.013712706044316292 0.06224576383829117 0.1424652636051178
v -0.01629503443837166 0.06204308569431305 0.14121773838996887
v -0.015375570394098759 0.06042185798287392 0.1454555094242096
v -0.01629503443837166 0.06204308569431305 0.14121773838996887
v -0.02055363357067108 0.060021162033081055 0.1426086723804474
v -0.02055363357067108 0.060021162033081055 0.1426086723804474
v -0.01629503443837166 0.06204308569431305 0.14121773838996887
v -0.01970498636364937 0.06176804378628731 0.13916543126106262
v -0.02055363357067108 0.060021162033081055 0.1426086723804474
v -0.01970498636364937 0.06176804378628731 0.13916543126106262
v -0.020907647907733917 0.06166636943817139 0.13830938935279846
v -0.012606467120349407 0.0623326301574707 0.1429305374622345
v -0.015375570394098759 0.06042185798287392 0.1454555094242096
v -0.008419709280133247 0.06266884505748749 0.1443643867969513
v -0.008419709280133247 0.06266884505748749 0.1443643867969513
v -0.015375570394098759 0.06042185798287392 0.1454555094242096
v -0.00982978567481041 0.06087174266576767 0.14755335450172424
v -0.008419709280133247 0.06266884505748749 0.1443643867969513
v -0.00982978567481041 0.06087174266576767 0.14755335450172424
v -0.0059996419586241245 0.06287190318107605 0.1449824869632721
v -0.0059996419586241245 0.06287190318107605 0.1449824869632721
v -0.00982978567481041 0.06087174266576767 0.14755335450172424
v -0.004001655150204897 0.06138942763209343 0.1489115059375763
v -0.0059996419586241245 0.06287190318107605 0.1449824869632721
v -0.004001655150204897 0.06138942763209343 0.1489115059375763
v -0.0044901203364133835 0.06300131231546402 0.14529874920845032
v 0.027423197403550148 0.06426754593849182 0.1468687355518341
v 0.02009272761642933 0.06508976966142654 0.14488211274147034
v 0.020977796986699104 0.06368798762559891 0.14844849705696106
v 0.020977796986699104 0.06368798762559891 0.14844849705696106
v 0.02009272761642933 0.06508976966142654 0.14488211274147034
v 0.016560517251491547 0.06480184942483902 0.1455310881137848
v 0.020977796986699104 0.06368798762559891 0.14844849705696106
v 0.016560517251491547 0.06480184942483902 0.1455310881137848
v 0.014544465579092503 0.06310909241437912 0.14940610527992249
v 0.014544465579092503 0.06310909241437912 0.14940610527992249
v 0.016560517251491547 0.06480184942483902 0.1455310881137848
v 0.009021593257784843 0.06417452543973923 0.14625003933906555
v 0.014544465579092503 0.06310909241437912 0.14940610527992249
v 0.009021593257784843 0.06417452543973923 0.14625003933906555
v 0.008230303414165974 0.06252994388341904 0.14978113770484924
v 0.008230303414165974 0.06252994388341904 0.14978113770484924
v 0.009021593257784843 0.06417452543973923 0.14625003933906555
v 0.00510145490989089 0.06383916735649109 0.14627864956855774
v 0.008230303414165974 0.06252994388341904 0.14978113770484924
v 0.00510145490989089 0.06383916735649109 0.14627864956855774
v 0.002039337996393442 0.061952315270900726 0.14962032437324524
v 0.002039337996393442 0.061952315270900726 0.14962032437324524
v 0.00510145490989089 0.06383916735649109 0.14627864956855774
v 0.0028126402758061886 0.06363995373249054 0.14618828892707825
v 0.002039337996393442 0.061952315270900726 0.14962032437324524
v 0.0028126402758061886 0.06363995373249054 0.14618828892707825
v -0.004001655150204897 0.06138942763209343 0.1489115059375763
v -0.004001655150204897 0.06138942763209343 0.1489115059375763
v 0.0028126402758061886 0.06363995373249054 0.14618828892707825
v -0.000997397000901401 0.06330565363168716 0.14584770798683167
v -0.004001655150204897 0.06138942763209343 0.1489115059375763
v -0.000997397000901401 0.06330565363168716 0.14584770798683167
v -0.0044901203364133835 0.06300131231546402 0.14529874920845032
v 0.032361406832933426 0.06613411754369736 0.14067748188972473
v 0.028729606419801712 0.06580640375614166 0.14231136441230774
v 0.027423197403550148 0.06426754593849182 0.1468687355518341
v 0.027423197403550148 0.06426754593849182 0.1468687355518341
v 0.028729606419801712 0.06580640375614166 0.14231136441230774
v 0.02801213227212429 0.06574440747499466 0.14258864521980286
v 0.027423197403550148 0.06426754593849182 0.1468687355518341
v 0.02801213227212429 0.06574440747499466 0.14258864521980286
v 0.02009272761642933 0.06508976966142654 0.14488211274147034
v 0.027423197403550148 0.06426754593849182 0.1468687355518341
v 0.033588871359825134 0.06485311686992645 0.14464154839515686
v 0.032361406832933426 0.06613411754369736 0.14067748188972473
v 0.032361406832933426 0.06613411754369736 0.14067748188972473
v 0.033588871359825134 0.06485311686992645 0.14464154839515686
v 0.039193134754896164 0.06544365733861923 0.14177420735359192
v 0.032361406832933426 0.06613411754369736 0.14067748188972473
v 0.039193134754896164 0.06544365733861923 0.14177420735359192
v 0.03668534383177757 0.06656390428543091 0.1381259262561798
v 0.03668534383177757 0.06656390428543091 0.1381259262561798
v 0.039193134754896164 0.06544365733861923 0.14177420735359192
v 0.04411018267273903 0.06600138545036316 0.13844099640846252
v 0.03668534383177757 0.06656390428543091 0.1381259262561798
v 0.04411018267273903 0.06600138545036316 0.13844099640846252
v 0.040600650012493134 0.06698419898748398 0.13516679406166077
v 0.040600650012493134 0.06698419898748398 0.13516679406166077
v 0.04411018267273903 0.06600138545036316 0.13844099640846252
v 0.048269640654325485 0.06647846847772598 0.13486424088478088
v 0.040600650012493134 0.06698419898748398 0.13516679406166077
v 0.048269640654325485 0.06647846847772598 0.13486424088478088
v 0.04419010505080223 0.06737945228815079 0.1317829191684723
v 0.04419010505080223 0.06737945228815079 0.1317829191684723
v 0.048269640654325485 0.06647846847772598 0.13486424088478088
v 0.051675572991371155 0.0668698325753212 0.131127268075943
v 0.04419010505080223 0.06737945228815079 0.1317829191684723
v 0.051675572991371155 0.0668698325753212 0.131127268075943
v 0.047214996069669724 0.06770683825016022 0.1281518042087555
v 0.047214996069669724 0.06770683825016022 0.1281518042087555
v 0.051675572991371155 0.0668698325753212 0.131127268075943
v 0.05440111830830574 0.0672101154923439 0.1271839439868927
v 0.047214996069669724 0.06770683825016022 0.1281518042087555
v 0.05440111830830574 0.0672101154923439 0.1271839439868927
v 0.049568649381399155 0.06796136498451233 0.12440671771764755
v 0.050368014723062515 0.06804860383272171 0.1228276714682579
v 0.049568649381399155 0.06796136498451233 0.12440671771764755
v 0.05131334811449051 0.06779883056879044 0.12466742843389511
v 0.05131334811449051 0.06779883056879044 0.12466742843389511
v 0.049568649381399155 0.06796136498451233 0.12440671771764755
v 0.051907554268836975 0.06768026947975159 0.1253134310245514
v 0.051907554268836975 0.06768026947975159 0.1253134310245514
v 0.049568649381399155 0.06796136498451233 0.12440671771764755
v 0.05331799015402794 0.0674482062458992 0.1261911690235138
v 0.05331799015402794 0.0674482062458992 0.1261911690235138
v 0.049568649381399155 0.06796136498451233 0.12440671771764755
v 0.05440111830830574 0.0672101154923439 0.1271839439868927
v 0.05331799015402794 0.0674482062458992 0.1261911690235138
v 0.05440111830830574 0.0672101154923439 0.1271839439868927
v 0.0572759248316288 0.06683535128831863 0.12746980786323547
v 0.0737815648317337 0.05733751133084297 0.13451138138771057
v 0.07558529824018478 0.052809327840805054 0.13618221879005432
v 0.07586774975061417 0.05568743124604225 0.1318923532962799
v 0.07586774975061417 0.05568743124604225 0.1318923532962799
v 0.07558529824018478 0.052809327840805054 0.13618221879005432
v 0.07694867253303528 0.052994780242443085 0.13213446736335754
v 0.07694867253303528 0.052994780242443085 0.13213446736335754
v 0.07558529824018478 0.052809327840805054 0.13618221879005432
v 0.07736296206712723 0.05173133313655853 0.13222816586494446
v 0.07736296206712723 0.05173133313655853 0.13222816586494446
v 0.07558529824018478 0.052809327840805054 0.13618221879005432
v 0.07692228257656097 0.04787217825651169 0.13741901516914368
v 0.07736296206712723 0.05173133313655853 0.13222816586494446
v 0.07692228257656097 0.04787217825651169 0.13741901516914368
v 0.07882514595985413 0.04594670981168747 0.13255468010902405
v 0.07692228257656097 0.04787217825651169 0.13741901516914368
v 0.07798059284687042 0.042673222720623016 0.13828864693641663
v 0.07882514595985413 0.04594670981168747 0.13255468010902405
v 0.07882514595985413 0.04594670981168747 0.13255468010902405
v 0.07798059284687042 0.042673222720623016 0.13828864693641663
v 0.07880096882581711 0.03728938475251198 0.138858824968338
v 0.07882514595985413 0.04594670981168747 0.13255468010902405
v 0.07880096882581711 0.03728938475251198 0.138858824968338
v 0.0800674706697464 0.03829978033900261 0.13282564282417297
v 0.0800674706697464 0.03829978033900261 0.13282564282417297
v 0.07880096882581711 0.03728938475251198 0.138858824968338
v 0.07941976934671402 0.03179521858692169 0.13919702172279358
v 0.0800674706697464 0.03829978033900261 0.13282564282417297
v 0.07941976934671402 0.03179521858692169 0.13919702172279358
v 0.08090093731880188 0.02966889925301075 0.13302353024482727
v 0.08090093731880188 0.02966889925301075 0.13302353024482727
v 0.07941976934671402 0.03179521858692169 0.13919702172279358
v 0.08017010241746902 0.020706957206130028 0.1394297182559967
v 0.08090093731880188 0.02966889925301075 0.13302353024482727
v 0.08017010241746902 0.020706957206130028 0.1394297182559967
v 0.08142940700054169 0.018663771450519562 0.13315394520759583
v 0.07760978490114212 -0.0004884712398052216 0.1484297811985016
v 0.07802429795265198 -0.0004883795627392828 0.147395521402359
v 0.07799416780471802 0.009713027626276016 0.1473722755908966
v 0.07799416780471802 0.009713027626276016 0.1473722755908966
v 0.07802429795265198 -0.0004883795627392828 0.147395521402359
v 0.07943026721477509 -0.0004880434717051685 0.14332154393196106
v 0.07799416780471802 0.009713027626276016 0.1473722755908966
v 0.07943026721477509 -0.0004880434717051685 0.14332154393196106
v 0.08043566346168518 0.009764834307134151 0.1394498646259308
v 0.08043566346168518 0.009764834307134151 0.1394498646259308
v 0.07943026721477509 -0.0004880434717051685 0.14332154393196106
v 0.08046269416809082 -0.0004884195514023304 0.13945379853248596
v 0.08043566346168518 0.009764834307134151 0.1394498646259308
v 0.08046269416809082 -0.0004884195514023304 0.13945379853248596
v 0.08159882575273514 0.0008281766786240041 0.1331879198551178
v 0.08159882575273514 0.0008281766786240041 0.1331879198551178
v 0.08046269416809082 -0.0004884195514023304 0.13945379853248596
v 0.08085179328918457 -0.0004890704876743257 0.1376594603061676
v 0.08159882575273514 0.0008281766786240041 0.1331879198551178
v 0.08085179328918457 -0.0004890704876743257 0.1376594603061676
v 0.0815989300608635 -0.0004918047925457358 0.13318660855293274
v 0.07760978490114212 -0.0004884712398052216 0.1484297811985016
v 0.07799416780471802 0.009713027626276016 0.1473722755908966
v 0.07533063739538193 -0.0004885857924818993 0.15327158570289612
v 0.07533063739538193 -0.0004885857924818993 0.15327158570289612
v 0.07799416780471802 0.009713027626276016 0.1473722755908966
v 0.07418777048587799 0.009652667678892612 0.1552077829837799
v 0.07533063739538193 -0.0004885857924818993 0.15327158570289612
v 0.07418777048587799 0.009652667678892612 0.1552077829837799
v 0.074217788875103 -0.0004885418456979096 0.1552765667438507
v 0.074217788875103 -0.0004885418456979096 0.1552765667438507
v 0.07418777048587799 0.009652667678892612 0.1552077829837799
v 0.07218126952648163 -0.000488460180349648 0.15854421257972717
v 0.07218126952648163 -0.000488460180349648 0.15854421257972717
v 0.07418777048587799 0.009652667678892612 0.1552077829837799
v 0.0689234808087349 0.009578811936080456 0.1628355085849762
v 0.07218126952648163 -0.000488460180349648 0.15854421257972717
v 0.0689234808087349 0.009578811936080456 0.1628355085849762
v 0.06895527243614197 -0.0004884360241703689 0.16297271847724915
v 0.05939429625868797 -0.0004884430090896785 0.17296066880226135
v 0.05405651032924652 0.009382271207869053 0.17678669095039368
v 0.05490368604660034 -0.0004884265945293009 0.17653408646583557
v 0.05490368604660034 -0.0004884265945293009 0.17653408646583557
v 0.05405651032924652 0.009382271207869053 0.17678669095039368
v 0.049561187624931335 0.009329919703304768 0.17961528897285461
v 0.05490368604660034 -0.0004884265945293009 0.17653408646583557
v 0.049561187624931335 0.009329919703304768 0.17961528897285461
v 0.04992670565843582 -0.0004884162335656583 0.17979958653450012
v 0.04992670565843582 -0.0004884162335656583 0.17979958653450012
v 0.049561187624931335 0.009329919703304768 0.17961528897285461
v 0.044819414615631104 0.009280242957174778 0.18199887871742249
v 0.04992670565843582 -0.0004884162335656583 0.17979958653450012
v 0.044819414615631104 0.009280242957174778 0.18199887871742249
v 0.0454045869410038 -0.0004884093068540096 0.1821695864200592
v 0.0454045869410038 -0.0004884093068540096 0.1821695864200592
v 0.044819414615631104 0.009280242957174778 0.18199887871742249
v 0.039878539741039276 0.00923444889485836 0.18388667702674866
v 0.0454045869410038 -0.0004884093068540096 0.1821695864200592
v 0.039878539741039276 0.00923444889485836 0.18388667702674866
v 0.04010651633143425 -0.000488400342874229 0.18428543210029602
v 0.04010651633143425 -0.000488400342874229 0.18428543210029602
v 0.039878539741039276 0.00923444889485836 0.18388667702674866
v 0.03481900691986084 0.009191916324198246 0.1853211224079132
v 0.033922310918569565 -0.0004883893416263163 0.1860521137714386
v 0.03485889360308647 0.0041144355200231075 0.18571129441261292
v 0.027352746576070786 -0.0004883785150013864 0.18729010224342346
v 0.027352746576070786 -0.0004883785150013864 0.18729010224342346
v 0.03485889360308647 0.0041144355200231075 0.18571129441261292
v 0.024706993252038956 0.0040766107849776745 0.18750110268592834
v 0.027352746576070786 -0.0004883785150013864 0.18729010224342346
v 0.024706993252038956 0.0040766107849776745 0.18750110268592834
v 0.02731235884130001 -0.0004883784567937255 0.18729594349861145
v 0.02731235884130001 -0.0004883784567937255 0.18729594349861145
v 0.024706993252038956 0.0040766107849776745 0.18750110268592834
v 0.02471432089805603 -0.0004883742658421397 0.18763402104377747
v 0.024445276707410812 -0.0004883738583885133 0.18766465783119202
v 0.024706993252038956 0.0040766107849776745 0.18750110268592834
v 0.017147308215498924 -0.000488361984025687 0.1882019340991974
v 0.017147308215498924 -0.000488361984025687 0.1882019340991974
v 0.024706993252038956 0.0040766107849776745 0.18750110268592834
v 0.01504291407763958 0.0040402039885520935 0.18810024857521057
v 0.017147308215498924 -0.000488361984025687 0.1882019340991974
v 0.01504291407763958 0.0040402039885520935 0.18810024857521057
v 0.01504455879330635 -0.0004883584333583713 0.1882486641407013
v 0.01504455879330635 -0.0004883584333583713 0.1882486641407013
v 0.01504291407763958 0.0040402039885520935 0.18810024857521057
v 0.009966911748051643 -0.0004883497604168952 0.18814650177955627
v 0.009966911748051643 -0.0004883497604168952 0.18814650177955627
v 0.01504291407763958 0.0040402039885520935 0.18810024857521057
v 0.005928405094891787 0.004004474263638258 0.1876838505268097
v 0.009966911748051643 -0.0004883497604168952 0.18814650177955627
v 0.005928405094891787 0.004004474263638258 0.1876838505268097
v 0.005925968289375305 -0.0004883427754975855 0.1878378689289093
v 0.005925968289375305 -0.0004883427754975855 0.1878378689289093
v 0.005928405094891787 0.004004474263638258 0.1876838505268097
v 0.003662306349724531 -0.0004883388173766434 0.18757417798042297
v 0.003662306349724531 -0.0004883388173766434 0.18757417798042297
v 0.005928405094891787 0.004004474263638258 0.1876838505268097
v -0.0028902622871100903 0.003968820907175541 0.18629387021064758
v 0.003662306349724531 -0.0004883388173766434 0.18757417798042297
v -0.0028902622871100903 0.003968820907175541 0.18629387021064758
v -0.0025605729315429926 -0.0004883278161287308 0.18651083111763
v -0.019743476063013077 0.008733763359487057 0.18013563752174377
v -0.01438637264072895 -0.0004883060464635491 0.18299809098243713
v -0.011488281190395355 0.008810286410152912 0.1834959089756012
v -0.011488281190395355 0.008810286410152912 0.1834959089756012
v -0.01438637264072895 -0.0004883060464635491 0.18299809098243713
v -0.011512980796396732 -0.0004883114597760141 0.1840515434741974
v -0.011488281190395355 0.008810286410152912 0.1834959089756012
v -0.011512980796396732 -0.0004883114597760141 0.1840515434741974
v -0.0028902622871100903 0.003968820907175541 0.18629387021064758
v -0.0028902622871100903 0.003968820907175541 0.18629387021064758
v -0.011512980796396732 -0.0004883114597760141 0.1840515434741974
v -0.008600340224802494 -0.000488316873088479 0.18498197197914124
v -0.0028902622871100903 0.003968820907175541 0.18629387021064758
v -0.008600340224802494 -0.000488316873088479 0.18498197197914124
v -0.0025605729315429926 -0.0004883278161287308 0.18651083111763
v -0.02747306041419506 0.008652162738144398 0.17564526200294495
v -0.02477102354168892 -0.0004882850917056203 0.17786315083503723
v -0.019743476063013077 0.008733763359487057 0.18013563752174377
v -0.019743476063013077 0.008733763359487057 0.18013563752174377
v -0.02477102354168892 -0.0004882850917056203 0.17786315083503723
v -0.019707750529050827 -0.0004882956854999065 0.18065062165260315
v -0.019743476063013077 0.008733763359487057 0.18013563752174377
v -0.019707750529050827 -0.0004882956854999065 0.18065062165260315
v -0.01438637264072895 -0.0004883060464635491 0.18299809098243713
v -0.03503524139523506 -0.0004882544744759798 0.17006328701972961
v -0.03470110520720482 -0.00048825584235601127 0.1703735888004303
v -0.0345655158162117 0.008541367948055267 0.17000022530555725
v -0.0345655158162117 0.008541367948055267 0.17000022530555725
v -0.03470110520720482 -0.00048825584235601127 0.1703735888004303
v -0.030083229765295982 -0.00048827167483977973 0.17424002289772034
v -0.0345655158162117 0.008541367948055267 0.17000022530555725
v -0.030083229765295982 -0.00048827167483977973 0.17424002289772034
v -0.02747306041419506 0.008652162738144398 0.17564526200294495
v -0.02747306041419506 0.008652162738144398 0.17564526200294495
v -0.030083229765295982 -0.00048827167483977973 0.17424002289772034
v -0.027557430788874626 -0.00048827851423993707 0.17606118321418762
v -0.02747306041419506 0.008652162738144398 0.17564526200294495
v -0.027557430788874626 -0.00048827851423993707 0.17606118321418762
v -0.02477102354168892 -0.0004882850917056203 0.17786315083503723
v -0.03503524139523506 -0.0004882544744759798 0.17006328701972961
v -0.0345655158162117 0.008541367948055267 0.17000022530555725
v -0.03926273062825203 -0.0004882334324065596 0.16571274399757385
v -0.03926273062825203 -0.0004882334324065596 0.16571274399757385
v -0.0345655158162117 0.008541367948055267 0.17000022530555725
v -0.040924616158008575 0.008374453522264957 0.16321197152137756
v -0.03926273062825203 -0.0004882334324065596 0.16571274399757385
v -0.040924616158008575 0.008374453522264957 0.16321197152137756
v -0.0411016121506691 -0.0004882219363935292 0.16355076432228088
v -0.0411016121506691 -0.0004882219363935292 0.16355076432228088
v -0.040924616158008575 0.008374453522264957 0.16321197152137756
v -0.043358851224184036 -0.0004882060457020998 0.1606527864933014
v -0.043358851224184036 -0.0004882060457020998 0.1606527864933014
v -0.040924616158008575 0.008374453522264957 0.16321197152137756
v -0.0464496836066246 0.008165085688233376 0.1555793583393097
v -0.043358851224184036 -0.0004882060457020998 0.1606527864933014
v -0.0464496836066246 0.008165085688233376 0.1555793583393097
v -0.04731319099664688 -0.0004881738277617842 0.15484800934791565
v -0.04731319099664688 -0.0004881738277617842 0.15484800934791565
v -0.0464496836066246 0.008165085688233376 0.1555793583393097
v -0.05103649944067001 0.007958976551890373 0.14762726426124573
v -0.04731319099664688 -0.0004881738277617842 0.15484800934791565
v -0.05103649944067001 0.007958976551890373 0.14762726426124573
v -0.05113570764660835 -0.00048813907778821886 0.14814797043800354
v -0.05113570764660835 -0.00048813907778821886 0.14814797043800354
v -0.05103649944067001 0.007958976551890373 0.14762726426124573
v -0.054019007831811905 -0.00048811265151016414 0.14196696877479553
v -0.054019007831811905 -0.00048811265151016414 0.14196696877479553
v -0.05103649944067001 0.007958976551890373 0.14762726426124573
v -0.05457603558897972 0.007796262390911579 0.13968482613563538
v -0.054019007831811905 -0.00048811265151016414 0.14196696877479553
v -0.05457603558897972 0.007796262390911579 0.13968482613563538
v -0.05482092872262001 -0.0004881057539023459 0.13992896676063538
v -0.05482092872262001 -0.0004881057539023459 0.13992896676063538
v -0.05457603558897972 0.007796262390911579 0.13968482613563538
v -0.056117985397577286 -0.0004880957421846688 0.1360858976840973
v -0.056117985397577286 -0.0004880957421846688 0.1360858976840973
v -0.05457603558897972 0.007796262390911579 0.13968482613563538
v -0.05694912374019623 0.007703233510255814 0.1316479742527008
v -0.056117985397577286 -0.0004880957421846688 0.1360858976840973
v -0.05694912374019623 0.007703233510255814 0.1316479742527008
v -0.05720832571387291 -0.00048809003783389926 0.13185718655586243
v -0.05720832571387291 -0.00048809003783389926 0.13185718655586243
v -0.05694912374019623 0.007703233510255814 0.1316479742527008
v -0.057450637221336365 -0.0004880895430687815 0.1306648552417755
v -0.057450637221336365 -0.0004880895430687815 0.1306648552417755
v -0.05694912374019623 0.007703233510255814 0.1316479742527008
v -0.058080993592739105 0.007694573141634464 0.1233922466635704
v -0.057450637221336365 -0.0004880895430687815 0.1306648552417755
v -0.058080993592739105 0.007694573141634464 0.1233922466635704
v -0.05822574347257614 -0.0004880932392552495 0.1250791847705841
v -0.05822574347257614 -0.0004880932392552495 0.1250791847705841
v -0.058080993592739105 0.007694573141634464 0.1233922466635704
v -0.05851311609148979 -0.00048810348380357027 0.118844173848629
v -0.05851311609148979 -0.00048810348380357027 0.118844173848629
v -0.058080993592739105 0.007694573141634464 0.1233922466635704
v -0.058196987956762314 0.00772055983543396 0.11502756923437119
v -0.05851311609148979 -0.00048810348380357027 0.118844173848629
v -0.058196987956762314 0.00772055983543396 0.11502756923437119
v -0.05845920369029045 -0.0004881097993347794 0.11515309661626816
v -0.05845920369029045 -0.0004881097993347794 0.11515309661626816
v -0.058196987956762314 0.00772055983543396 0.11502756923437119
v -0.058289844542741776 -0.000488114746985957 0.11170520633459091
v -0.058289844542741776 -0.000488114746985957 0.11170520633459091
v -0.058196987956762314 0.00772055983543396 0.11502756923437119
v -0.057639528065919876 0.007707315497100353 0.10675575584173203
v -0.058289844542741776 -0.000488114746985957 0.11170520633459091
v -0.057639528065919876 0.007707315497100353 0.10675575584173203
v -0.05747189372777939 -0.0004881169879809022 0.10303237289190292
v -0.057639528065919876 0.007707315497100353 0.10675575584173203
v -0.056639496237039566 0.007631691172719002 0.09869196265935898
v -0.05747189372777939 -0.0004881169879809022 0.10303237289190292
v -0.05747189372777939 -0.0004881169879809022 0.10303237289190292
v -0.056639496237039566 0.007631691172719002 0.09869196265935898
v -0.055303871631622314 0.007526678964495659 0.09085538238286972
v -0.05747189372777939 -0.0004881169879809022 0.10303237289190292
v -0.055303871631622314 0.007526678964495659 0.09085538238286972
v -0.05600856989622116 -0.00048809987492859364 0.09340276569128036
v -0.05600856989622116 -0.00048809987492859364 0.09340276569128036
v -0.055303871631622314 0.007526678964495659 0.09085538238286972
v -0.05369917303323746 0.007420935668051243 0.0832456573843956
v -0.05600856989622116 -0.00048809987492859364 0.09340276569128036
v -0.05369917303323746 0.007420935668051243 0.0832456573843956
v -0.05401964113116264 -0.0004881097702309489 0.08363094180822372
v -0.05401964113116264 -0.0004881097702309489 0.08363094180822372
v -0.05369917303323746 0.007420935668051243 0.0832456573843956
v -0.051786135882139206 0.007321077398955822 0.07581724971532822
v -0.05401964113116264 -0.0004881097702309489 0.08363094180822372
v -0.051786135882139206 0.007321077398955822 0.07581724971532822
v -0.051340922713279724 -0.00048811209853738546 0.07353963702917099
v -0.051340922713279724 -0.00048811209853738546 0.07353963702917099
v -0.051786135882139206 0.007321077398955822 0.07581724971532822
v -0.050528328865766525 -0.0004881610511802137 0.07095088809728622
v -0.050528328865766525 -0.0004881610511802137 0.07095088809728622
v -0.051786135882139206 0.007321077398955822 0.07581724971532822
v -0.05018528923392296 0.008227644488215446 0.0707491859793663
v -0.050528328865766525 -0.0004881610511802137 0.07095088809728622
v -0.05018528923392296 0.008227644488215446 0.0707491859793663
v -0.05048200860619545 -0.00048815319314599037 0.0708087906241417
v -0.04619607701897621 0.02760593593120575 0.0699482187628746
v -0.048032719641923904 0.02170686423778534 0.07031705230474472
v -0.04964633658528328 0.02343885600566864 0.07664623111486435
v -0.04964633658528328 0.02343885600566864 0.07664623111486435
v -0.048032719641923904 0.02170686423778534 0.07031705230474472
v -0.04934902861714363 0.015428283251821995 0.0705813392996788
v -0.03837566077709198 0.04569065198302269 0.07312586158514023
v -0.0355650894343853 0.045870427042245865 0.06780841201543808
v -0.03846127167344093 0.042434290051460266 0.06839217990636826
v 0.06985360383987427 0.06278155744075775 0.13050666451454163
v 0.06966224312782288 0.06290148198604584 0.13046303391456604
v 0.06938719749450684 0.06284935772418976 0.13104727864265442
v 0.06938719749450684 0.06284935772418976 0.13104727864265442
v 0.06966224312782288 0.06290148198604584 0.13046303391456604
v 0.06804987043142319 0.06379220634698868 0.13008776307106018
v 0.06938719749450684 0.06284935772418976 0.13104727864265442
v 0.06804987043142319 0.06379220634698868 0.13008776307106018
v 0.06622017174959183 0.0623113214969635 0.1365852653980255
v 0.06622017174959183 0.0623113214969635 0.1365852653980255
v 0.06804987043142319 0.06379220634698868 0.13008776307106018
v 0.06423662602901459 0.06370551884174347 0.1348755657672882
v 0.06622017174959183 0.0623113214969635 0.1365852653980255
v 0.06423662602901459 0.06370551884174347 0.1348755657672882
v 0.06218228116631508 0.06176532432436943 0.1416793167591095
v 0.06218228116631508 0.06176532432436943 0.1416793167591095
v 0.06423662602901459 0.06370551884174347 0.1348755657672882
v 0.06035357341170311 0.06318308413028717 0.13973286747932434
v 0.06218228116631508 0.06176532432436943 0.1416793167591095
v 0.06035357341170311 0.06318308413028717 0.13973286747932434
v 0.05733906105160713 0.061174944043159485 0.1462203562259674
v 0.05733906105160713 0.061174944043159485 0.1462203562259674
v 0.06035357341170311 0.06318308413028717 0.13973286747932434
v 0.0556948259472847 0.06262805312871933 0.14408043026924133
v 0.05733906105160713 0.061174944043159485 0.1462203562259674
v 0.0556948259472847 0.06262805312871933 0.14408043026924133
v 0.050340596586465836 0.06197027489542961 0.14789119362831116
v 0.04873287305235863 0.053731705993413925 0.16018560528755188
v 0.04095550626516342 0.052719276398420334 0.163333922624588
v 0.0464901439845562 0.048633165657520294 0.16591981053352356
v 0.07418790459632874 0.05860985815525055 0.1315167248249054
v 0.0722803846001625 0.060856569558382034 0.13107779622077942
v 0.07258965075016022 0.059375446289777756 0.1334926187992096
v 0.07258965075016022 0.059375446289777756 0.1334926187992096
v 0.0722803846001625 0.060856569558382034 0.13107779622077942
v 0.07114076614379883 0.06122270226478577 0.1323406994342804
v 0.07258965075016022 0.059375446289777756 0.1334926187992096
v 0.07114076614379883 0.06122270226478577 0.1323406994342804
v 0.06936857104301453 0.05885890871286392 0.1395198404788971
v 0.06936857104301453 0.05885890871286392 0.1395198404788971
v 0.07114076614379883 0.06122270226478577 0.1323406994342804
v 0.06791999191045761 0.060687314718961716 0.1381310522556305
v 0.06936857104301453 0.05885890871286392 0.1395198404788971
v 0.06791999191045761 0.060687314718961716 0.1381310522556305
v 0.0638033002614975 0.06012911722064018 0.14345839619636536
v 0.07060084491968155 0.056852638721466064 0.14075997471809387
v 0.06649363040924072 0.05630216374993324 0.14653483033180237
v 0.06857555359601974 0.05190923810005188 0.14901044964790344
v 0.04320639371871948 0.043464478105306625 0.17106428742408752
v 0.04759396240115166 0.043954525142908096 0.16928771138191223
v 0.0464901439845562 0.048633165657520294 0.16591981053352356
v 0.04320639371871948 0.043464478105306625 0.17106428742408752
v 0.04227057844400406 0.04812483489513397 0.16755369305610657
v 0.03858182951807976 0.04305282235145569 0.17253580689430237
v 0.03858182951807976 0.04305282235145569 0.17253580689430237
v 0.04227057844400406 0.04812483489513397 0.16755369305610657
v 0.03319685906171799 0.04729326069355011 0.17006471753120422
v 0.03858182951807976 0.04305282235145569 0.17253580689430237
v 0.03319685906171799 0.04729326069355011 0.17006471753120422
v 0.033802930265665054 0.04270920157432556 0.1737155020236969
v 0.04873287305235863 0.053731705993413925 0.16018560528755188
v 0.0464901439845562 0.048633165657520294 0.16591981053352356
v 0.05044608190655708 0.049186259508132935 0.16404679417610168
v 0.05044608190655708 0.049186259508132935 0.16404679417610168
v 0.0464901439845562 0.048633165657520294 0.16591981053352356
v 0.04759396240115166 0.043954525142908096 0.16928771138191223
v 0.05044608190655708 0.049186259508132935 0.16404679417610168
v 0.04759396240115166 0.043954525142908096 0.16928771138191223
v 0.051711153239011765 0.04450080916285515 0.16722920536994934
v 0.055556364357471466 0.05476204678416252 0.15629246830940247
v 0.05044608190655708 0.049186259508132935 0.16404679417610168
v 0.05755887180566788 0.05030269920825958 0.15967825055122375
v 0.05755887180566788 0.05030269920825958 0.15967825055122375
v 0.05044608190655708 0.049186259508132935 0.16404679417610168
v 0.051711153239011765 0.04450080916285515 0.16722920536994934
v 0.05755887180566788 0.05030269920825958 0.15967825055122375
v 0.051711153239011765 0.04450080916285515 0.16722920536994934
v 0.059087011963129044 0.04561663791537285 0.16242089867591858
v 0.059087011963129044 0.04561663791537285 0.16242089867591858
v 0.051711153239011765 0.04450080916285515 0.16722920536994934
v 0.0565185621380806 0.04030156135559082 0.16725316643714905
v 0.059087011963129044 0.04561663791537285 0.16242089867591858
v 0.0565185621380806 0.04030156135559082 0.16725316643714905
v 0.06017311289906502 0.04080644249916077 0.16455617547035217
v 0.033922310918569565 -0.0004883893416263163 0.1860521137714386
v 0.04010651633143425 -0.000488400342874229 0.18428543210029602
v 0.03485889360308647 0.0041144355200231075 0.18571129441261292
v 0.03485889360308647 0.0041144355200231075 0.18571129441261292
v 0.04010651633143425 -0.000488400342874229 0.18428543210029602
v 0.03481900691986084 0.009191916324198246 0.1853211224079132
v 0.03485889360308647 0.0041144355200231075 0.18571129441261292
v 0.03481900691986084 0.009191916324198246 0.1853211224079132
v 0.024706993252038956 0.0040766107849776745 0.18750110268592834
v 0.024706993252038956 0.0040766107849776745 0.18750110268592834
v 0.03481900691986084 0.009191916324198246 0.1853211224079132
v 0.024684220552444458 0.009113142266869545 0.18705227971076965
v 0.024706993252038956 0.0040766107849776745 0.18750110268592834
v 0.024684220552444458 0.009113142266869545 0.18705227971076965
v 0.01504291407763958 0.0040402039885520935 0.18810024857521057
v 0.01504291407763958 0.0040402039885520935 0.18810024857521057
v 0.024684220552444458 0.009113142266869545 0.18705227971076965
v 0.015037177130579948 0.009037336334586143 0.18761160969734192
v 0.01504291407763958 0.0040402039885520935 0.18810024857521057
v 0.015037177130579948 0.009037336334586143 0.18761160969734192
v 0.005928405094891787 0.004004474263638258 0.1876838505268097
v 0.005928405094891787 0.004004474263638258 0.1876838505268097
v 0.015037177130579948 0.009037336334586143 0.18761160969734192
v 0.0059357634745538235 0.008961858227849007 0.18718221783638
v 0.005928405094891787 0.004004474263638258 0.1876838505268097
v 0.0059357634745538235 0.008961858227849007 0.18718221783638
v -0.0028902622871100903 0.003968820907175541 0.18629387021064758
v -0.0028902622871100903 0.003968820907175541 0.18629387021064758
v 0.0059357634745538235 0.008961858227849007 0.18718221783638
v -0.002875321079045534 0.008886273950338364 0.18581321835517883
v -0.0028902622871100903 0.003968820907175541 0.18629387021064758
v -0.002875321079045534 0.008886273950338364 0.18581321835517883
v -0.011488281190395355 0.008810286410152912 0.1834959089756012
v 0.05309564992785454 0.03497563302516937 0.17170587182044983
v 0.052555423229932785 0.039780497550964355 0.1697336733341217
v 0.048742372542619705 0.03455067425966263 0.17404988408088684
v 0.048742372542619705 0.03455067425966263 0.17404988408088684
v 0.052555423229932785 0.039780497550964355 0.1697336733341217
v 0.048305269330739975 0.03928126022219658 0.17194584012031555
v 0.048742372542619705 0.03455067425966263 0.17404988408088684
v 0.048305269330739975 0.03928126022219658 0.17194584012031555
v 0.044134002178907394 0.03418196737766266 0.17603984475135803
v 0.044134002178907394 0.03418196737766266 0.17603984475135803
v 0.048305269330739975 0.03928126022219658 0.17194584012031555
v 0.04378975182771683 0.03884179890155792 0.1738375723361969
v 0.044134002178907394 0.03418196737766266 0.17603984475135803
v 0.04378975182771683 0.03884179890155792 0.1738375723361969
v 0.03931588679552078 0.03389041870832443 0.17764046788215637
v 0.03931588679552078 0.03389041870832443 0.17764046788215637
v 0.04378975182771683 0.03884179890155792 0.1738375723361969
v 0.039049021899700165 0.03848472237586975 0.1753794252872467
v 0.03931588679552078 0.03389041870832443 0.17764046788215637
v 0.039049021899700165 0.03848472237586975 0.1753794252872467
v 0.03436877205967903 0.0336628332734108 0.17888012528419495
v 0.03436877205967903 0.0336628332734108 0.17888012528419495
v 0.039049021899700165 0.03848472237586975 0.1753794252872467
v 0.03416558355093002 0.03819751739501953 0.17659249901771545
v 0.03436877205967903 0.0336628332734108 0.17888012528419495
v 0.03416558355093002 0.03819751739501953 0.17659249901771545
v 0.024430271238088608 0.03332779183983803 0.18042543530464172
v 0.024430271238088608 0.03332779183983803 0.18042543530464172
v 0.03416558355093002 0.03819751739501953 0.17659249901771545
v 0.024324221536517143 0.03776310756802559 0.17814436554908752
v 0.024430271238088608 0.03332779183983803 0.18042543530464172
v 0.024324221536517143 0.03776310756802559 0.17814436554908752
v 0.014948922209441662 0.03304268419742584 0.1809554398059845
v 0.014948922209441662 0.03304268419742584 0.1809554398059845
v 0.024324221536517143 0.03776310756802559 0.17814436554908752
v 0.014918353408575058 0.037407878786325455 0.17870524525642395
v 0.014948922209441662 0.03304268419742584 0.1809554398059845
v 0.014918353408575058 0.037407878786325455 0.17870524525642395
v 0.006023419089615345 0.03276405110955238 0.18057194352149963
v 0.006023419089615345 0.03276405110955238 0.18057194352149963
v 0.014918353408575058 0.037407878786325455 0.17870524525642395
v 0.0060731228440999985 0.03708385303616524 0.17835858464241028
v 0.006023419089615345 0.03276405110955238 0.18057194352149963
v 0.0060731228440999985 0.03708385303616524 0.17835858464241028
v -0.002543026814237237 0.03249909728765488 0.17927733063697815
v -0.002543026814237237 0.03249909728765488 0.17927733063697815
v 0.0060731228440999985 0.03708385303616524 0.17835858464241028
v -0.002379837678745389 0.03678920492529869 0.17711606621742249
v -0.002543026814237237 0.03249909728765488 0.17927733063697815
v -0.002379837678745389 0.03678920492529869 0.17711606621742249
v -0.01081235520541668 0.03224560618400574 0.17707398533821106
v -0.01081235520541668 0.03224560618400574 0.17707398533821106
v -0.002379837678745389 0.03678920492529869 0.17711606621742249
v -0.010495007038116455 0.03651168942451477 0.1749875843524933
v -0.01081235520541668 0.03224560618400574 0.17707398533821106
v -0.010495007038116455 0.03651168942451477 0.1749875843524933
v -0.018637673929333687 0.031986307352781296 0.17396631836891174
v -0.018637673929333687 0.031986307352781296 0.17396631836891174
v -0.010495007038116455 0.03651168942451477 0.1749875843524933
v -0.018149761483073235 0.03622254356741905 0.17198124527931213
v -0.018637673929333687 0.031986307352781296 0.17396631836891174
v -0.018149761483073235 0.03622254356741905 0.17198124527931213
v -0.02588311955332756 0.03169738128781319 0.16994181275367737
v -0.02588311955332756 0.03169738128781319 0.16994181275367737
v -0.018149761483073235 0.03622254356741905 0.17198124527931213
v -0.0252337958663702 0.03589220717549324 0.16808775067329407
v -0.02588311955332756 0.03169738128781319 0.16994181275367737
v -0.0252337958663702 0.03589220717549324 0.16808775067329407
v -0.03253845125436783 0.03133153170347214 0.1649121344089508
v -0.03253845125436783 0.03133153170347214 0.1649121344089508
v -0.0252337958663702 0.03589220717549324 0.16808775067329407
v -0.031756456941366196 0.03549366071820259 0.1632191240787506
v -0.03253845125436783 0.03133153170347214 0.1649121344089508
v -0.031756456941366196 0.03549366071820259 0.1632191240787506
v -0.0377497598528862 0.035004593431949615 0.15728536248207092
v 0.0609174519777298 0.035851042717695236 0.1662077009677887
v 0.05716395378112793 0.03542104363441467 0.1690707504749298
v 0.05759384483098984 0.030386969447135925 0.17051628232002258
v 0.06649363040924072 0.05630216374993324 0.14653483033180237
v 0.0635947734117508 0.051234208047389984 0.1546333134174347
v 0.06857555359601974 0.05190923810005188 0.14901044964790344
v 0.06857555359601974 0.05190923810005188 0.14901044964790344
v 0.0635947734117508 0.051234208047389984 0.1546333134174347
v 0.06524476408958435 0.04653029143810272 0.15694180130958557
v 0.06857555359601974 0.05190923810005188 0.14901044964790344
v 0.06524476408958435 0.04653029143810272 0.15694180130958557
v 0.0701984241604805 0.04715292900800705 0.15093615651130676
v 0.0701984241604805 0.04715292900800705 0.15093615651130676
v 0.06524476408958435 0.04653029143810272 0.15694180130958557
v 0.06647779047489166 0.04162563756108284 0.1587095558643341
v 0.0701984241604805 0.04715292900800705 0.15093615651130676
v 0.06647779047489166 0.04162563756108284 0.1587095558643341
v 0.07145899534225464 0.042147018015384674 0.15237954258918762
v 0.07145899534225464 0.042147018015384674 0.15237954258918762
v 0.06647779047489166 0.04162563756108284 0.1587095558643341
v 0.06737004220485687 0.036531008780002594 0.1600377857685089
v 0.07145899534225464 0.042147018015384674 0.15237954258918762
v 0.06737004220485687 0.036531008780002594 0.1600377857685089
v 0.07241146266460419 0.036933474242687225 0.1534220278263092
v 0.07241146266460419 0.036933474242687225 0.1534220278263092
v 0.06737004220485687 0.036531008780002594 0.1600377857685089
v 0.06799791008234024 0.03125545382499695 0.1610281765460968
v 0.07241146266460419 0.036933474242687225 0.1534220278263092
v 0.06799791008234024 0.03125545382499695 0.1610281765460968
v 0.07310862094163895 0.03155267983675003 0.15414515137672424
v 0.07310862094163895 0.03155267983675003 0.15414515137672424
v 0.06799791008234024 0.03125545382499695 0.1610281765460968
v 0.06869170069694519 0.020372891798615456 0.1622735559940338
v 0.07310862094163895 0.03155267983675003 0.15414515137672424
v 0.06869170069694519 0.020372891798615456 0.1622735559940338
v 0.0739143043756485 0.02053491771221161 0.15491953492164612
v 0.0737815648317337 0.05733751133084297 0.13451138138771057
v 0.07255622744560242 0.05241266265511513 0.14282777905464172
v 0.07558529824018478 0.052809327840805054 0.13618221879005432
v 0.07558529824018478 0.052809327840805054 0.13618221879005432
v 0.07255622744560242 0.05241266265511513 0.14282777905464172
v 0.07405774295330048 0.04757482558488846 0.14440110325813293
v 0.07558529824018478 0.052809327840805054 0.13618221879005432
v 0.07405774295330048 0.04757482558488846 0.14440110325813293
v 0.07692228257656097 0.04787217825651169 0.13741901516914368
v 0.07692228257656097 0.04787217825651169 0.13741901516914368
v 0.07405774295330048 0.04757482558488846 0.14440110325813293
v 0.07524976879358292 0.04246801882982254 0.1455484926700592
v 0.07692228257656097 0.04787217825651169 0.13741901516914368
v 0.07524976879358292 0.04246801882982254 0.1455484926700592
v 0.07798059284687042 0.042673222720623016 0.13828864693641663
v 0.07798059284687042 0.042673222720623016 0.13828864693641663
v 0.07524976879358292 0.04246801882982254 0.1455484926700592
v 0.0761738196015358 0.03715764358639717 0.14633944630622864
v 0.07798059284687042 0.042673222720623016 0.13828864693641663
v 0.0761738196015358 0.03715764358639717 0.14633944630622864
v 0.07880096882581711 0.03728938475251198 0.138858824968338
v 0.07880096882581711 0.03728938475251198 0.138858824968338
v 0.0761738196015358 0.03715764358639717 0.14633944630622864
v 0.07686833292245865 0.03170723840594292 0.1468433439731598
v 0.07880096882581711 0.03728938475251198 0.138858824968338
v 0.07686833292245865 0.03170723840594292 0.1468433439731598
v 0.07941976934671402 0.03179521858692169 0.13919702172279358
v 0.07941976934671402 0.03179521858692169 0.13919702172279358
v 0.07686833292245865 0.03170723840594292 0.1468433439731598
v 0.07770188897848129 0.020635167136788368 0.14727094769477844
v 0.07941976934671402 0.03179521858692169 0.13919702172279358
v 0.07770188897848129 0.020635167136788368 0.14727094769477844
v 0.08017010241746902 0.020706957206130028 0.1394297182559967
v 0.07060084491968155 0.056852638721466064 0.14075997471809387
v 0.06857555359601974 0.05190923810005188 0.14901044964790344
v 0.07255622744560242 0.05241266265511513 0.14282777905464172
v 0.07255622744560242 0.05241266265511513 0.14282777905464172
v 0.06857555359601974 0.05190923810005188 0.14901044964790344
v 0.0701984241604805 0.04715292900800705 0.15093615651130676
v 0.07255622744560242 0.05241266265511513 0.14282777905464172
v 0.0701984241604805 0.04715292900800705 0.15093615651130676
v 0.07405774295330048 0.04757482558488846 0.14440110325813293
v 0.07405774295330048 0.04757482558488846 0.14440110325813293
v 0.0701984241604805 0.04715292900800705 0.15093615651130676
v 0.07145899534225464 0.042147018015384674 0.15237954258918762
v 0.07405774295330048 0.04757482558488846 0.14440110325813293
v 0.07145899534225464 0.042147018015384674 0.15237954258918762
v 0.07524976879358292 0.04246801882982254 0.1455484926700592
v 0.07524976879358292 0.04246801882982254 0.1455484926700592
v 0.07145899534225464 0.042147018015384674 0.15237954258918762
v 0.07241146266460419 0.036933474242687225 0.1534220278263092
v 0.07524976879358292 0.04246801882982254 0.1455484926700592
v 0.07241146266460419 0.036933474242687225 0.1534220278263092
v 0.0761738196015358 0.03715764358639717 0.14633944630622864
v 0.0761738196015358 0.03715764358639717 0.14633944630622864
v 0.07241146266460419 0.036933474242687225 0.1534220278263092
v 0.07310862094163895 0.03155267983675003 0.15414515137672424
v 0.0761738196015358 0.03715764358639717 0.14633944630622864
v 0.07310862094163895 0.03155267983675003 0.15414515137672424
v 0.07686833292245865 0.03170723840594292 0.1468433439731598
v 0.07686833292245865 0.03170723840594292 0.1468433439731598
v 0.07310862094163895 0.03155267983675003 0.15414515137672424
v 0.0739143043756485 0.02053491771221161 0.15491953492164612
v 0.07686833292245865 0.03170723840594292 0.1468433439731598
v 0.0739143043756485 0.02053491771221161 0.15491953492164612
v 0.07770188897848129 0.020635167136788368 0.14727094769477844
v 0.0609174519777298 0.035851042717695236 0.1662077009677887
v 0.05759384483098984 0.030386969447135925 0.17051628232002258
v 0.061421480029821396 0.030727103352546692 0.16750040650367737
v 0.061421480029821396 0.030727103352546692 0.16750040650367737
v 0.05759384483098984 0.030386969447135925 0.17051628232002258
v 0.05807570740580559 0.01994737610220909 0.1725631058216095
v 0.061421480029821396 0.030727103352546692 0.16750040650367737
v 0.05807570740580559 0.01994737610220909 0.1725631058216095
v 0.06197356432676315 0.020111175253987312 0.16928043961524963
v 0.06197356432676315 0.020111175253987312 0.16928043961524963
v 0.05807570740580559 0.01994737610220909 0.1725631058216095
v 0.058272507041692734 0.009435293264687061 0.17360439896583557
v 0.06197356432676315 0.020111175253987312 0.16928043961524963
v 0.058272507041692734 0.009435293264687061 0.17360439896583557
v 0.06217635050415993 0.009486977010965347 0.1701599657535553
v 0.06217635050415993 0.009486977010965347 0.1701599657535553
v 0.058272507041692734 0.009435293264687061 0.17360439896583557
v 0.06390956044197083 -0.0004884558729827404 0.16870072484016418
v 0.06217635050415993 0.009486977010965347 0.1701599657535553
v 0.06390956044197083 -0.0004884558729827404 0.16870072484016418
v 0.06826961785554886 -0.0004884391091763973 0.16382482647895813
v 0.0565185621380806 0.04030156135559082 0.16725316643714905
v 0.05716395378112793 0.03542104363441467 0.1690707504749298
v 0.06017311289906502 0.04080644249916077 0.16455617547035217
v 0.06017311289906502 0.04080644249916077 0.16455617547035217
v 0.05716395378112793 0.03542104363441467 0.1690707504749298
v 0.0609174519777298 0.035851042717695236 0.1662077009677887
v 0.06017311289906502 0.04080644249916077 0.16455617547035217
v 0.0609174519777298 0.035851042717695236 0.1662077009677887
v 0.06432633101940155 0.03622976690530777 0.16318002343177795
v 0.06432633101940155 0.03622976690530777 0.16318002343177795
v 0.0609174519777298 0.035851042717695236 0.1662077009677887
v 0.061421480029821396 0.030727103352546692 0.16750040650367737
v 0.06432633101940155 0.03622976690530777 0.16318002343177795
v 0.061421480029821396 0.030727103352546692 0.16750040650367737
v 0.06489787995815277 0.031023869290947914 0.16431835293769836
v 0.06489787995815277 0.031023869290947914 0.16431835293769836
v 0.061421480029821396 0.030727103352546692 0.16750040650367737
v 0.06197356432676315 0.020111175253987312 0.16928043961524963
v 0.06489787995815277 0.031023869290947914 0.16431835293769836
v 0.06197356432676315 0.020111175253987312 0.16928043961524963
v 0.06552139669656754 0.020256085321307182 0.1658271849155426
v 0.06552139669656754 0.020256085321307182 0.1658271849155426
v 0.06197356432676315 0.020111175253987312 0.16928043961524963
v 0.06217635050415993 0.009486977010965347 0.1701599657535553
v 0.06552139669656754 0.020256085321307182 0.1658271849155426
v 0.06217635050415993 0.009486977010965347 0.1701599657535553
v 0.0689234808087349 0.009578811936080456 0.1628355085849762
v 0.0689234808087349 0.009578811936080456 0.1628355085849762
v 0.06217635050415993 0.009486977010965347 0.1701599657535553
v 0.06826961785554886 -0.0004884391091763973 0.16382482647895813
v 0.0689234808087349 0.009578811936080456 0.1628355085849762
v 0.06826961785554886 -0.0004884391091763973 0.16382482647895813
v 0.06895527243614197 -0.0004884360241703689 0.16297271847724915
v 0.08159882575273514 0.0008281766786240041 0.1331879198551178
v 0.08142940700054169 0.018663771450519562 0.13315394520759583
v 0.08043566346168518 0.009764834307134151 0.1394498646259308
v 0.08043566346168518 0.009764834307134151 0.1394498646259308
v 0.08142940700054169 0.018663771450519562 0.13315394520759583
v 0.08017010241746902 0.020706957206130028 0.1394297182559967
v 0.08043566346168518 0.009764834307134151 0.1394498646259308
v 0.08017010241746902 0.020706957206130028 0.1394297182559967
v 0.07799416780471802 0.009713027626276016 0.1473722755908966
v 0.07799416780471802 0.009713027626276016 0.1473722755908966
v 0.08017010241746902 0.020706957206130028 0.1394297182559967
v 0.07770188897848129 0.020635167136788368 0.14727094769477844
v 0.07799416780471802 0.009713027626276016 0.1473722755908966
v 0.07770188897848129 0.020635167136788368 0.14727094769477844
v 0.07418777048587799 0.009652667678892612 0.1552077829837799
v 0.07418777048587799 0.009652667678892612 0.1552077829837799
v 0.07770188897848129 0.020635167136788368 0.14727094769477844
v 0.0739143043756485 0.02053491771221161 0.15491953492164612
v 0.07418777048587799 0.009652667678892612 0.1552077829837799
v 0.0739143043756485 0.02053491771221161 0.15491953492164612
v 0.0689234808087349 0.009578811936080456 0.1628355085849762
v 0.0689234808087349 0.009578811936080456 0.1628355085849762
v 0.0739143043756485 0.02053491771221161 0.15491953492164612
v 0.06869170069694519 0.020372891798615456 0.1622735559940338
v 0.0689234808087349 0.009578811936080456 0.1628355085849762
v 0.06869170069694519 0.020372891798615456 0.1622735559940338
v 0.06552139669656754 0.020256085321307182 0.1658271849155426
v 0.06552139669656754 0.020256085321307182 0.1658271849155426
v 0.06869170069694519 0.020372891798615456 0.1622735559940338
v 0.06799791008234024 0.03125545382499695 0.1610281765460968
v 0.06552139669656754 0.020256085321307182 0.1658271849155426
v 0.06799791008234024 0.03125545382499695 0.1610281765460968
v 0.06489787995815277 0.031023869290947914 0.16431835293769836
v 0.06489787995815277 0.031023869290947914 0.16431835293769836
v 0.06799791008234024 0.03125545382499695 0.1610281765460968
v 0.06737004220485687 0.036531008780002594 0.1600377857685089
v 0.06489787995815277 0.031023869290947914 0.16431835293769836
v 0.06737004220485687 0.036531008780002594 0.1600377857685089
v 0.06432633101940155 0.03622976690530777 0.16318002343177795
v 0.06432633101940155 0.03622976690530777 0.16318002343177795
v 0.06737004220485687 0.036531008780002594 0.1600377857685089
v 0.06647779047489166 0.04162563756108284 0.1587095558643341
v 0.06432633101940155 0.03622976690530777 0.16318002343177795
v 0.06647779047489166 0.04162563756108284 0.1587095558643341
v 0.06017311289906502 0.04080644249916077 0.16455617547035217
v 0.06017311289906502 0.04080644249916077 0.16455617547035217
v 0.06647779047489166 0.04162563756108284 0.1587095558643341
v 0.06524476408958435 0.04653029143810272 0.15694180130958557
v 0.06017311289906502 0.04080644249916077 0.16455617547035217
v 0.06524476408958435 0.04653029143810272 0.15694180130958557
v 0.059087011963129044 0.04561663791537285 0.16242089867591858
v 0.059087011963129044 0.04561663791537285 0.16242089867591858
v 0.06524476408958435 0.04653029143810272 0.15694180130958557
v 0.0635947734117508 0.051234208047389984 0.1546333134174347
v 0.059087011963129044 0.04561663791537285 0.16242089867591858
v 0.0635947734117508 0.051234208047389984 0.1546333134174347
v 0.05755887180566788 0.05030269920825958 0.15967825055122375
v 0.05755887180566788 0.05030269920825958 0.15967825055122375
v 0.0635947734117508 0.051234208047389984 0.1546333134174347
v 0.06147244945168495 0.055632974952459335 0.15172460675239563
v 0.05755887180566788 0.05030269920825958 0.15967825055122375
v 0.06147244945168495 0.055632974952459335 0.15172460675239563
v 0.055556364357471466 0.05476204678416252 0.15629246830940247
v 0.05344998836517334 0.030033493414521217 0.17329338192939758
v 0.05309564992785454 0.03497563302516937 0.17170587182044983
v 0.04902490973472595 0.02969670109450817 0.17575910687446594
v 0.04902490973472595 0.02969670109450817 0.17575910687446594
v 0.05309564992785454 0.03497563302516937 0.17170587182044983
v 0.048742372542619705 0.03455067425966263 0.17404988408088684
v 0.04902490973472595 0.02969670109450817 0.17575910687446594
v 0.048742372542619705 0.03455067425966263 0.17404988408088684
v 0.044353682547807693 0.02940656617283821 0.17784085869789124
v 0.044353682547807693 0.02940656617283821 0.17784085869789124
v 0.048742372542619705 0.03455067425966263 0.17404988408088684
v 0.044134002178907394 0.03418196737766266 0.17603984475135803
v 0.044353682547807693 0.02940656617283821 0.17784085869789124
v 0.044134002178907394 0.03418196737766266 0.17603984475135803
v 0.03948475793004036 0.029180346056818962 0.17949870228767395
v 0.03948475793004036 0.029180346056818962 0.17949870228767395
v 0.044134002178907394 0.03418196737766266 0.17603984475135803
v 0.03931588679552078 0.03389041870832443 0.17764046788215637
v 0.03948475793004036 0.029180346056818962 0.17949870228767395
v 0.03931588679552078 0.03389041870832443 0.17764046788215637
v 0.034497279673814774 0.02900618128478527 0.1807669699192047
v 0.034497279673814774 0.02900618128478527 0.1807669699192047
v 0.03931588679552078 0.03389041870832443 0.17764046788215637
v 0.03436877205967903 0.0336628332734108 0.17888012528419495
v 0.034497279673814774 0.02900618128478527 0.1807669699192047
v 0.03436877205967903 0.0336628332734108 0.17888012528419495
v 0.024500278756022453 0.028750350698828697 0.1823149025440216
v 0.024500278756022453 0.028750350698828697 0.1823149025440216
v 0.03436877205967903 0.0336628332734108 0.17888012528419495
v 0.024430271238088608 0.03332779183983803 0.18042543530464172
v 0.024500278756022453 0.028750350698828697 0.1823149025440216
v 0.024430271238088608 0.03332779183983803 0.18042543530464172
v 0.014974560588598251 0.02852039597928524 0.18282154202461243
v 0.014974560588598251 0.02852039597928524 0.18282154202461243
v 0.024430271238088608 0.03332779183983803 0.18042543530464172
v 0.014948922209441662 0.03304268419742584 0.1809554398059845
v 0.014974560588598251 0.02852039597928524 0.18282154202461243
v 0.014948922209441662 0.03304268419742584 0.1809554398059845
v 0.005996695253998041 0.028281252831220627 0.1824120581150055
v 0.005996695253998041 0.028281252831220627 0.1824120581150055
v 0.014948922209441662 0.03304268419742584 0.1809554398059845
v 0.006023419089615345 0.03276405110955238 0.18057194352149963
v 0.005996695253998041 0.028281252831220627 0.1824120581150055
v 0.006023419089615345 0.03276405110955238 0.18057194352149963
v -0.002653934760019183 0.028044573962688446 0.1810925304889679
v -0.002653934760019183 0.028044573962688446 0.1810925304889679
v 0.006023419089615345 0.03276405110955238 0.18057194352149963
v -0.002543026814237237 0.03249909728765488 0.17927733063697815
v -0.002653934760019183 0.028044573962688446 0.1810925304889679
v -0.002543026814237237 0.03249909728765488 0.17927733063697815
v -0.011046101339161396 0.027814825996756554 0.1788579523563385
v -0.011046101339161396 0.027814825996756554 0.1788579523563385
v -0.002543026814237237 0.03249909728765488 0.17927733063697815
v -0.01081235520541668 0.03224560618400574 0.17707398533821106
v -0.011046101339161396 0.027814825996756554 0.1788579523563385
v -0.01081235520541668 0.03224560618400574 0.17707398533821106
v -0.019014013931155205 0.02758483774960041 0.17568793892860413
v -0.019014013931155205 0.02758483774960041 0.17568793892860413
v -0.01081235520541668 0.03224560618400574 0.17707398533821106
v -0.018637673929333687 0.031986307352781296 0.17396631836891174
v -0.019014013931155205 0.02758483774960041 0.17568793892860413
v -0.018637673929333687 0.031986307352781296 0.17396631836891174
v -0.02640056051313877 0.027337104082107544 0.1715501844882965
v -0.02640056051313877 0.027337104082107544 0.1715501844882965
v -0.018637673929333687 0.031986307352781296 0.17396631836891174
v -0.02588311955332756 0.03169738128781319 0.16994181275367737
v -0.02640056051313877 0.027337104082107544 0.1715501844882965
v -0.02588311955332756 0.03169738128781319 0.16994181275367737
v -0.033173318952322006 0.027012690901756287 0.16636672616004944
v -0.033173318952322006 0.027012690901756287 0.16636672616004944
v -0.02588311955332756 0.03169738128781319 0.16994181275367737
v -0.03253845125436783 0.03133153170347214 0.1649121344089508
v -0.033173318952322006 0.027012690901756287 0.16636672616004944
v -0.03253845125436783 0.03133153170347214 0.1649121344089508
v -0.03932737186551094 0.026548417285084724 0.1600666344165802
v -0.03932737186551094 0.026548417285084724 0.1600666344165802
v -0.03253845125436783 0.03133153170347214 0.1649121344089508
v -0.0377497598528862 0.035004593431949615 0.15728536248207092
v -0.03932737186551094 0.026548417285084724 0.1600666344165802
v -0.0377497598528862 0.035004593431949615 0.15728536248207092
v -0.044749148190021515 0.02599353715777397 0.1528940498828888
v -0.044749148190021515 0.02599353715777397 0.1528940498828888
v -0.0377497598528862 0.035004593431949615 0.15728536248207092
v -0.043083205819129944 0.03446504473686218 0.15049615502357483
v -0.044749148190021515 0.02599353715777397 0.1528940498828888
v -0.043083205819129944 0.03446504473686218 0.15049615502357483
v -0.04923940822482109 0.02548586018383503 0.1453411877155304
v -0.04923940822482109 0.02548586018383503 0.1453411877155304
v -0.043083205819129944 0.03446504473686218 0.15049615502357483
v -0.04749823734164238 0.0339641273021698 0.1432972252368927
v -0.04923940822482109 0.02548586018383503 0.1453411877155304
v -0.04749823734164238 0.0339641273021698 0.1432972252368927
v -0.052636660635471344 0.025111230090260506 0.1377284824848175
v -0.052636660635471344 0.025111230090260506 0.1377284824848175
v -0.04749823734164238 0.0339641273021698 0.1432972252368927
v -0.05079770088195801 0.033552899956703186 0.13598623871803284
v -0.052636660635471344 0.025111230090260506 0.1377284824848175
v -0.05079770088195801 0.033552899956703186 0.13598623871803284
v -0.054865527898073196 0.024838659912347794 0.12999334931373596
v -0.054865527898073196 0.024838659912347794 0.12999334931373596
v -0.05079770088195801 0.033552899956703186 0.13598623871803284
v -0.05292389541864395 0.03319782018661499 0.1285283863544464
v -0.054865527898073196 0.024838659912347794 0.12999334931373596
v -0.05292389541864395 0.03319782018661499 0.1285283863544464
v -0.05590033531188965 0.02462361939251423 0.12205376476049423
v -0.05590033531188965 0.02462361939251423 0.12205376476049423
v -0.05292389541864395 0.03319782018661499 0.1285283863544464
v -0.05387295410037041 0.03285891190171242 0.12087156623601913
v -0.05590033531188965 0.02462361939251423 0.12205376476049423
v -0.05387295410037041 0.03285891190171242 0.12087156623601913
v -0.05596854165196419 0.024431953206658363 0.11402656883001328
v -0.05596854165196419 0.024431953206658363 0.11402656883001328
v -0.05387295410037041 0.03285891190171242 0.12087156623601913
v -0.053875941783189774 0.032525986433029175 0.11313643306493759
v -0.05596854165196419 0.024431953206658363 0.11402656883001328
v -0.053875941783189774 0.032525986433029175 0.11313643306493759
v -0.055395908653736115 0.02423449233174324 0.10610594600439072
v -0.055395908653736115 0.02423449233174324 0.10610594600439072
v -0.053875941783189774 0.032525986433029175 0.11313643306493759
v -0.05325485020875931 0.03220125287771225 0.10551001876592636
v -0.055395908653736115 0.02423449233174324 0.10610594600439072
v -0.05325485020875931 0.03220125287771225 0.10551001876592636
v -0.05440126731991768 0.02402431145310402 0.09840228408575058
v -0.05440126731991768 0.02402431145310402 0.09840228408575058
v -0.05325485020875931 0.03220125287771225 0.10551001876592636
v -0.052224528044462204 0.031897615641355515 0.09809937328100204
v -0.05440126731991768 0.02402431145310402 0.09840228408575058
v -0.052224528044462204 0.031897615641355515 0.09809937328100204
v -0.053084731101989746 0.023819126188755035 0.09093298763036728
v -0.053084731101989746 0.023819126188755035 0.09093298763036728
v -0.052224528044462204 0.031897615641355515 0.09809937328100204
v -0.05088084191083908 0.03163977339863777 0.09092225879430771
v -0.053084731101989746 0.023819126188755035 0.09093298763036728
v -0.05088084191083908 0.03163977339863777 0.09092225879430771
v -0.04964633658528328 0.02343885600566864 0.07664623111486435
v -0.04964633658528328 0.02343885600566864 0.07664623111486435
v -0.05088084191083908 0.03163977339863777 0.09092225879430771
v -0.04740212485194206 0.03125990554690361 0.07722189277410507
v -0.04964633658528328 0.02343885600566864 0.07664623111486435
v -0.04740212485194206 0.03125990554690361 0.07722189277410507
v -0.04619607701897621 0.02760593593120575 0.0699482187628746
v -0.04619607701897621 0.02760593593120575 0.0699482187628746
v -0.04740212485194206 0.03125990554690361 0.07722189277410507
v -0.045182082802057266 0.031065920367836952 0.07060816138982773
v -0.04619607701897621 0.02760593593120575 0.0699482187628746
v -0.045182082802057266 0.031065920367836952 0.07060816138982773
v -0.04381030052900314 0.03329475224018097 0.06946875900030136
v 0.05405651032924652 0.009382271207869053 0.17678669095039368
v 0.05386408790946007 0.019777381792664528 0.17558911442756653
v 0.049561187624931335 0.009329919703304768 0.17961528897285461
v 0.049561187624931335 0.009329919703304768 0.17961528897285461
v 0.05386408790946007 0.019777381792664528 0.17558911442756653
v 0.049374982714653015 0.01961389183998108 0.1782722771167755
v 0.049561187624931335 0.009329919703304768 0.17961528897285461
v 0.049374982714653015 0.01961389183998108 0.1782722771167755
v 0.044819414615631104 0.009280242957174778 0.18199887871742249
v 0.044819414615631104 0.009280242957174778 0.18199887871742249
v 0.049374982714653015 0.01961389183998108 0.1782722771167755
v 0.04464470222592354 0.019469577819108963 0.18052664399147034
v 0.044819414615631104 0.009280242957174778 0.18199887871742249
v 0.04464470222592354 0.019469577819108963 0.18052664399147034
v 0.039878539741039276 0.00923444889485836 0.18388667702674866
v 0.039878539741039276 0.00923444889485836 0.18388667702674866
v 0.04464470222592354 0.019469577819108963 0.18052664399147034
v 0.039722468703985214 0.019351709634065628 0.18230512738227844
v 0.039878539741039276 0.00923444889485836 0.18388667702674866
v 0.039722468703985214 0.019351709634065628 0.18230512738227844
v 0.03481900691986084 0.009191916324198246 0.1853211224079132
v 0.03481900691986084 0.009191916324198246 0.1853211224079132
v 0.039722468703985214 0.019351709634065628 0.18230512738227844
v 0.03468703851103783 0.019255176186561584 0.18364956974983215
v 0.03481900691986084 0.009191916324198246 0.1853211224079132
v 0.03468703851103783 0.019255176186561584 0.18364956974983215
v 0.024684220552444458 0.009113142266869545 0.18705227971076965
v 0.024684220552444458 0.009113142266869545 0.18705227971076965
v 0.03468703851103783 0.019255176186561584 0.18364956974983215
v 0.024608060717582703 0.019098784774541855 0.18525353074073792
v 0.024684220552444458 0.009113142266869545 0.18705227971076965
v 0.024608060717582703 0.019098784774541855 0.18525353074073792
v 0.015037177130579948 0.009037336334586143 0.18761160969734192
v 0.015037177130579948 0.009037336334586143 0.18761160969734192
v 0.024608060717582703 0.019098784774541855 0.18525353074073792
v 0.01501380279660225 0.0189494788646698 0.18574801087379456
v 0.015037177130579948 0.009037336334586143 0.18761160969734192
v 0.01501380279660225 0.0189494788646698 0.18574801087379456
v 0.0059357634745538235 0.008961858227849007 0.18718221783638
v 0.0059357634745538235 0.008961858227849007 0.18718221783638
v 0.01501380279660225 0.0189494788646698 0.18574801087379456
v 0.005960137117654085 0.01879257522523403 0.18530705571174622
v 0.0059357634745538235 0.008961858227849007 0.18718221783638
v 0.005960137117654085 0.01879257522523403 0.18530705571174622
v -0.002875321079045534 0.008886273950338364 0.18581321835517883
v -0.002875321079045534 0.008886273950338364 0.18581321835517883
v 0.005960137117654085 0.01879257522523403 0.18530705571174622
v -0.0028022760525345802 0.018633656203746796 0.18397203087806702
v -0.002875321079045534 0.008886273950338364 0.18581321835517883
v -0.0028022760525345802 0.018633656203746796 0.18397203087806702
v -0.011488281190395355 0.008810286410152912 0.1834959089756012
v -0.011488281190395355 0.008810286410152912 0.1834959089756012
v -0.0028022760525345802 0.018633656203746796 0.18397203087806702
v -0.011354832910001278 0.01847604662179947 0.18172910809516907
v -0.011488281190395355 0.008810286410152912 0.1834959089756012
v -0.011354832910001278 0.01847604662179947 0.18172910809516907
v -0.019743476063013077 0.008733763359487057 0.18013563752174377
v -0.019743476063013077 0.008733763359487057 0.18013563752174377
v -0.011354832910001278 0.01847604662179947 0.18172910809516907
v -0.019519884139299393 0.018319319933652878 0.17848387360572815
v -0.019743476063013077 0.008733763359487057 0.18013563752174377
v -0.019519884139299393 0.018319319933652878 0.17848387360572815
v -0.02747306041419506 0.008652162738144398 0.17564526200294495
v -0.02747306041419506 0.008652162738144398 0.17564526200294495
v -0.019519884139299393 0.018319319933652878 0.17848387360572815
v -0.027120860293507576 0.018153803423047066 0.17414596676826477
v -0.02747306041419506 0.008652162738144398 0.17564526200294495
v -0.027120860293507576 0.018153803423047066 0.17414596676826477
v -0.0345655158162117 0.008541367948055267 0.17000022530555725
v -0.0345655158162117 0.008541367948055267 0.17000022530555725
v -0.027120860293507576 0.018153803423047066 0.17414596676826477
v -0.03408126160502434 0.01793026365339756 0.1686735451221466
v -0.0345655158162117 0.008541367948055267 0.17000022530555725
v -0.03408126160502434 0.01793026365339756 0.1686735451221466
v -0.040924616158008575 0.008374453522264957 0.16321197152137756
v -0.040924616158008575 0.008374453522264957 0.16321197152137756
v -0.03408126160502434 0.01793026365339756 0.1686735451221466
v -0.04034912586212158 0.017594147473573685 0.1620575487613678
v -0.040924616158008575 0.008374453522264957 0.16321197152137756
v -0.04034912586212158 0.017594147473573685 0.1620575487613678
v -0.0464496836066246 0.008165085688233376 0.1555793583393097
v -0.0464496836066246 0.008165085688233376 0.1555793583393097
v -0.04034912586212158 0.017594147473573685 0.1620575487613678
v -0.045823730528354645 0.017178382724523544 0.15458336472511292
v -0.0464496836066246 0.008165085688233376 0.1555793583393097
v -0.045823730528354645 0.017178382724523544 0.15458336472511292
v -0.05103649944067001 0.007958976551890373 0.14762726426124573
v -0.05103649944067001 0.007958976551890373 0.14762726426124573
v -0.045823730528354645 0.017178382724523544 0.15458336472511292
v -0.0503658652305603 0.016784893348813057 0.14676931500434875
v -0.05103649944067001 0.007958976551890373 0.14762726426124573
v -0.0503658652305603 0.016784893348813057 0.14676931500434875
v -0.05457603558897972 0.007796262390911579 0.13968482613563538
v -0.05457603558897972 0.007796262390911579 0.13968482613563538
v -0.0503658652305603 0.016784893348813057 0.14676931500434875
v -0.053847406059503555 0.016488684341311455 0.13894453644752502
v -0.05457603558897972 0.007796262390911579 0.13968482613563538
v -0.053847406059503555 0.016488684341311455 0.13894453644752502
v -0.05694912374019623 0.007703233510255814 0.1316479742527008
v -0.05694912374019623 0.007703233510255814 0.1316479742527008
v -0.053847406059503555 0.016488684341311455 0.13894453644752502
v -0.05616627261042595 0.016302891075611115 0.13101914525032043
v -0.05694912374019623 0.007703233510255814 0.1316479742527008
v -0.05616627261042595 0.016302891075611115 0.13101914525032043
v -0.058080993592739105 0.007694573141634464 0.1233922466635704
v -0.058080993592739105 0.007694573141634464 0.1233922466635704
v -0.05616627261042595 0.016302891075611115 0.13101914525032043
v -0.05726655200123787 0.01622365415096283 0.12288310378789902
v -0.058080993592739105 0.007694573141634464 0.1233922466635704
v -0.05726655200123787 0.01622365415096283 0.12288310378789902
v -0.058196987956762314 0.00772055983543396 0.11502756923437119
v -0.058196987956762314 0.00772055983543396 0.11502756923437119
v -0.05726655200123787 0.01622365415096283 0.12288310378789902
v -0.057373348623514175 0.016188114881515503 0.11464836448431015
v -0.058196987956762314 0.00772055983543396 0.11502756923437119
v -0.057373348623514175 0.016188114881515503 0.11464836448431015
v -0.057639528065919876 0.007707315497100353 0.10675575584173203
v -0.057639528065919876 0.007707315497100353 0.10675575584173203
v -0.057373348623514175 0.016188114881515503 0.11464836448431015
v -0.05682120472192764 0.016111688688397408 0.10651376098394394
v -0.057639528065919876 0.007707315497100353 0.10675575584173203
v -0.05682120472192764 0.016111688688397408 0.10651376098394394
v -0.056639496237039566 0.007631691172719002 0.09869196265935898
v -0.056639496237039566 0.007631691172719002 0.09869196265935898
v -0.05682120472192764 0.016111688688397408 0.10651376098394394
v -0.05583542585372925 0.015967577695846558 0.09859278053045273
v -0.056639496237039566 0.007631691172719002 0.09869196265935898
v -0.05583542585372925 0.015967577695846558 0.09859278053045273
v -0.055303871631622314 0.007526678964495659 0.09085538238286972
v -0.055303871631622314 0.007526678964495659 0.09085538238286972
v -0.05583542585372925 0.015967577695846558 0.09859278053045273
v -0.05451994016766548 0.015793144702911377 0.09090318530797958
v -0.055303871631622314 0.007526678964495659 0.09085538238286972
v -0.05451994016766548 0.015793144702911377 0.09090318530797958
v -0.05369917303323746 0.007420935668051243 0.0832456573843956
v -0.05369917303323746 0.007420935668051243 0.0832456573843956
v -0.05451994016766548 0.015793144702911377 0.09090318530797958
v -0.05294107273221016 0.01561968307942152 0.083443783223629
v -0.05369917303323746 0.007420935668051243 0.0832456573843956
v -0.05294107273221016 0.01561968307942152 0.083443783223629
v -0.051786135882139206 0.007321077398955822 0.07581724971532822
v -0.051786135882139206 0.007321077398955822 0.07581724971532822
v -0.05294107273221016 0.01561968307942152 0.083443783223629
v -0.05106775835156441 0.015448871068656445 0.07616808265447617
v -0.051786135882139206 0.007321077398955822 0.07581724971532822
v -0.05106775835156441 0.015448871068656445 0.07616808265447617
v -0.05018528923392296 0.008227644488215446 0.0707491859793663
v 0.05386408790946007 0.019777381792664528 0.17558911442756653
v 0.05344998836517334 0.030033493414521217 0.17329338192939758
v 0.049374982714653015 0.01961389183998108 0.1782722771167755
v 0.049374982714653015 0.01961389183998108 0.1782722771167755
v 0.05344998836517334 0.030033493414521217 0.17329338192939758
v 0.04902490973472595 0.02969670109450817 0.17575910687446594
v 0.049374982714653015 0.01961389183998108 0.1782722771167755
v 0.04902490973472595 0.02969670109450817 0.17575910687446594
v 0.04464470222592354 0.019469577819108963 0.18052664399147034
v 0.04464470222592354 0.019469577819108963 0.18052664399147034
v 0.04902490973472595 0.02969670109450817 0.17575910687446594
v 0.044353682547807693 0.02940656617283821 0.17784085869789124
v 0.04464470222592354 0.019469577819108963 0.18052664399147034
v 0.044353682547807693 0.02940656617283821 0.17784085869789124
v 0.039722468703985214 0.019351709634065628 0.18230512738227844
v 0.039722468703985214 0.019351709634065628 0.18230512738227844
v 0.044353682547807693 0.02940656617283821 0.17784085869789124
v 0.03948475793004036 0.029180346056818962 0.17949870228767395
v 0.039722468703985214 0.019351709634065628 0.18230512738227844
v 0.03948475793004036 0.029180346056818962 0.17949870228767395
v 0.03468703851103783 0.019255176186561584 0.18364956974983215
v 0.03468703851103783 0.019255176186561584 0.18364956974983215
v 0.03948475793004036 0.029180346056818962 0.17949870228767395
v 0.034497279673814774 0.02900618128478527 0.1807669699192047
v 0.03468703851103783 0.019255176186561584 0.18364956974983215
v 0.034497279673814774 0.02900618128478527 0.1807669699192047
v 0.024608060717582703 0.019098784774541855 0.18525353074073792
v 0.024608060717582703 0.019098784774541855 0.18525353074073792
v 0.034497279673814774 0.02900618128478527 0.1807669699192047
v 0.024500278756022453 0.028750350698828697 0.1823149025440216
v 0.024608060717582703 0.019098784774541855 0.18525353074073792
v 0.024500278756022453 0.028750350698828697 0.1823149025440216
v 0.01501380279660225 0.0189494788646698 0.18574801087379456
v 0.01501380279660225 0.0189494788646698 0.18574801087379456
v 0.024500278756022453 0.028750350698828697 0.1823149025440216
v 0.014974560588598251 0.02852039597928524 0.18282154202461243
v 0.01501380279660225 0.0189494788646698 0.18574801087379456
v 0.014974560588598251 0.02852039597928524 0.18282154202461243
v 0.005960137117654085 0.01879257522523403 0.18530705571174622
v 0.005960137117654085 0.01879257522523403 0.18530705571174622
v 0.014974560588598251 0.02852039597928524 0.18282154202461243
v 0.005996695253998041 0.028281252831220627 0.1824120581150055
v 0.005960137117654085 0.01879257522523403 0.18530705571174622
v 0.005996695253998041 0.028281252831220627 0.1824120581150055
v -0.0028022760525345802 0.018633656203746796 0.18397203087806702
v -0.0028022760525345802 0.018633656203746796 0.18397203087806702
v 0.005996695253998041 0.028281252831220627 0.1824120581150055
v -0.002653934760019183 0.028044573962688446 0.1810925304889679
v -0.0028022760525345802 0.018633656203746796 0.18397203087806702
v -0.002653934760019183 0.028044573962688446 0.1810925304889679
v -0.011354832910001278 0.01847604662179947 0.18172910809516907
v -0.011354832910001278 0.01847604662179947 0.18172910809516907
v -0.002653934760019183 0.028044573962688446 0.1810925304889679
v -0.011046101339161396 0.027814825996756554 0.1788579523563385
v -0.011354832910001278 0.01847604662179947 0.18172910809516907
v -0.011046101339161396 0.027814825996756554 0.1788579523563385
v -0.019519884139299393 0.018319319933652878 0.17848387360572815
v -0.019519884139299393 0.018319319933652878 0.17848387360572815
v -0.011046101339161396 0.027814825996756554 0.1788579523563385
v -0.019014013931155205 0.02758483774960041 0.17568793892860413
v -0.019519884139299393 0.018319319933652878 0.17848387360572815
v -0.019014013931155205 0.02758483774960041 0.17568793892860413
v -0.027120860293507576 0.018153803423047066 0.17414596676826477
v -0.027120860293507576 0.018153803423047066 0.17414596676826477
v -0.019014013931155205 0.02758483774960041 0.17568793892860413
v -0.02640056051313877 0.027337104082107544 0.1715501844882965
v -0.027120860293507576 0.018153803423047066 0.17414596676826477
v -0.02640056051313877 0.027337104082107544 0.1715501844882965
v -0.03408126160502434 0.01793026365339756 0.1686735451221466
v -0.03408126160502434 0.01793026365339756 0.1686735451221466
v -0.02640056051313877 0.027337104082107544 0.1715501844882965
v -0.033173318952322006 0.027012690901756287 0.16636672616004944
v -0.03408126160502434 0.01793026365339756 0.1686735451221466
v -0.033173318952322006 0.027012690901756287 0.16636672616004944
v -0.04034912586212158 0.017594147473573685 0.1620575487613678
v -0.04034912586212158 0.017594147473573685 0.1620575487613678
v -0.033173318952322006 0.027012690901756287 0.16636672616004944
v -0.03932737186551094 0.026548417285084724 0.1600666344165802
v -0.04034912586212158 0.017594147473573685 0.1620575487613678
v -0.03932737186551094 0.026548417285084724 0.1600666344165802
v -0.045823730528354645 0.017178382724523544 0.15458336472511292
v -0.045823730528354645 0.017178382724523544 0.15458336472511292
v -0.03932737186551094 0.026548417285084724 0.1600666344165802
v -0.044749148190021515 0.02599353715777397 0.1528940498828888
v -0.045823730528354645 0.017178382724523544 0.15458336472511292
v -0.044749148190021515 0.02599353715777397 0.1528940498828888
v -0.0503658652305603 0.016784893348813057 0.14676931500434875
v -0.0503658652305603 0.016784893348813057 0.14676931500434875
v -0.044749148190021515 0.02599353715777397 0.1528940498828888
v -0.04923940822482109 0.02548586018383503 0.1453411877155304
v -0.0503658652305603 0.016784893348813057 0.14676931500434875
v -0.04923940822482109 0.02548586018383503 0.1453411877155304
v -0.053847406059503555 0.016488684341311455 0.13894453644752502
v -0.053847406059503555 0.016488684341311455 0.13894453644752502
v -0.04923940822482109 0.02548586018383503 0.1453411877155304
v -0.052636660635471344 0.025111230090260506 0.1377284824848175
v -0.053847406059503555 0.016488684341311455 0.13894453644752502
v -0.052636660635471344 0.025111230090260506 0.1377284824848175
v -0.05616627261042595 0.016302891075611115 0.13101914525032043
v -0.05616627261042595 0.016302891075611115 0.13101914525032043
v -0.052636660635471344 0.025111230090260506 0.1377284824848175
v -0.054865527898073196 0.024838659912347794 0.12999334931373596
v -0.05616627261042595 0.016302891075611115 0.13101914525032043
v -0.054865527898073196 0.024838659912347794 0.12999334931373596
v -0.05726655200123787 0.01622365415096283 0.12288310378789902
v -0.05726655200123787 0.01622365415096283 0.12288310378789902
v -0.054865527898073196 0.024838659912347794 0.12999334931373596
v -0.05590033531188965 0.02462361939251423 0.12205376476049423
v -0.05726655200123787 0.01622365415096283 0.12288310378789902
v -0.05590033531188965 0.02462361939251423 0.12205376476049423
v -0.057373348623514175 0.016188114881515503 0.11464836448431015
v -0.057373348623514175 0.016188114881515503 0.11464836448431015
v -0.05590033531188965 0.02462361939251423 0.12205376476049423
v -0.05596854165196419 0.024431953206658363 0.11402656883001328
v -0.057373348623514175 0.016188114881515503 0.11464836448431015
v -0.05596854165196419 0.024431953206658363 0.11402656883001328
v -0.05682120472192764 0.016111688688397408 0.10651376098394394
v -0.05682120472192764 0.016111688688397408 0.10651376098394394
v -0.05596854165196419 0.024431953206658363 0.11402656883001328
v -0.055395908653736115 0.02423449233174324 0.10610594600439072
v -0.05682120472192764 0.016111688688397408 0.10651376098394394
v -0.055395908653736115 0.02423449233174324 0.10610594600439072
v -0.05583542585372925 0.015967577695846558 0.09859278053045273
v -0.05583542585372925 0.015967577695846558 0.09859278053045273
v -0.055395908653736115 0.02423449233174324 0.10610594600439072
v -0.05440126731991768 0.02402431145310402 0.09840228408575058
v -0.05583542585372925 0.015967577695846558 0.09859278053045273
v -0.05440126731991768 0.02402431145310402 0.09840228408575058
v -0.05451994016766548 0.015793144702911377 0.09090318530797958
v -0.05451994016766548 0.015793144702911377 0.09090318530797958
v -0.05440126731991768 0.02402431145310402 0.09840228408575058
v -0.053084731101989746 0.023819126188755035 0.09093298763036728
v -0.05451994016766548 0.015793144702911377 0.09090318530797958
v -0.053084731101989746 0.023819126188755035 0.09093298763036728
v -0.05294107273221016 0.01561968307942152 0.083443783223629
v -0.05294107273221016 0.01561968307942152 0.083443783223629
v -0.053084731101989746 0.023819126188755035 0.09093298763036728
v -0.04964633658528328 0.02343885600566864 0.07664623111486435
v -0.05294107273221016 0.01561968307942152 0.083443783223629
v -0.04964633658528328 0.02343885600566864 0.07664623111486435
v -0.05106775835156441 0.015448871068656445 0.07616808265447617
v -0.05106775835156441 0.015448871068656445 0.07616808265447617
v -0.04964633658528328 0.02343885600566864 0.07664623111486435
v -0.04934902861714363 0.015428283251821995 0.0705813392996788
v -0.05106775835156441 0.015448871068656445 0.07616808265447617
v -0.04934902861714363 0.015428283251821995 0.0705813392996788
v -0.05018528923392296 0.008227644488215446 0.0707491859793663
v -0.03280050680041313 0.056286606937646866 0.08863642066717148
v -0.03567759692668915 0.05160300061106682 0.07991578429937363
v -0.03853573650121689 0.052717480808496475 0.09063365310430527
v -0.03853573650121689 0.052717480808496475 0.09063365310430527
v -0.03567759692668915 0.05160300061106682 0.07991578429937363
v -0.04126695916056633 0.05003676563501358 0.09071483463048935
v -0.03853573650121689 0.052717480808496475 0.09063365310430527
v -0.04126695916056633 0.05003676563501358 0.09071483463048935
v -0.043223924934864044 0.051005467772483826 0.10291673988103867
v -0.033734168857336044 0.048280615359544754 0.06869497150182724
v -0.0355650894343853 0.045870427042245865 0.06780841201543808
v -0.03616371750831604 0.04864268749952316 0.07393672317266464
v -0.03616371750831604 0.04864268749952316 0.07393672317266464
v -0.0355650894343853 0.045870427042245865 0.06780841201543808
v -0.03837566077709198 0.04569065198302269 0.07312586158514023
v -0.03616371750831604 0.04864268749952316 0.07393672317266464
v -0.03837566077709198 0.04569065198302269 0.07312586158514023
v -0.038193706423044205 0.049073539674282074 0.07936742156744003
v -0.043736010789871216 0.04684087634086609 0.09078135341405869
v -0.038193706423044205 0.049073539674282074 0.07936742156744003
v -0.04048829525709152 0.046048492193222046 0.07884921878576279
v -0.04048829525709152 0.046048492193222046 0.07884921878576279
v -0.038193706423044205 0.049073539674282074 0.07936742156744003
v -0.03837566077709198 0.04569065198302269 0.07312586158514023
v -0.04048829525709152 0.046048492193222046 0.07884921878576279
v -0.03837566077709198 0.04569065198302269 0.07312586158514023
v -0.04036103934049606 0.04232746362686157 0.07238390296697617
v -0.04036103934049606 0.04232746362686157 0.07238390296697617
v -0.03837566077709198 0.04569065198302269 0.07312586158514023
v -0.03846127167344093 0.042434290051460266 0.06839217990636826
v -0.04036103934049606 0.04232746362686157 0.07238390296697617
v -0.03846127167344093 0.042434290051460266 0.06839217990636826
v -0.041253712028265 0.038151755928993225 0.06895449012517929
v -0.028772849589586258 0.05095575749874115 0.06643595546483994
v -0.032654792070388794 0.04845014214515686 0.06722094863653183
v -0.031427640467882156 0.05072404444217682 0.06987407058477402
v -0.031427640467882156 0.05072404444217682 0.06987407058477402
v -0.032654792070388794 0.04845014214515686 0.06722094863653183
v -0.033734168857336044 0.048280615359544754 0.06869497150182724
v -0.031427640467882156 0.05072404444217682 0.06987407058477402
v -0.033734168857336044 0.048280615359544754 0.06869497150182724
v -0.03375264257192612 0.0511150136590004 0.07479944080114365
v -0.03375264257192612 0.0511150136590004 0.07479944080114365
v -0.033734168857336044 0.048280615359544754 0.06869497150182724
v -0.03616371750831604 0.04864268749952316 0.07393672317266464
v -0.03375264257192612 0.0511150136590004 0.07479944080114365
v -0.03616371750831604 0.04864268749952316 0.07393672317266464
v -0.03567759692668915 0.05160300061106682 0.07991578429937363
v -0.03567759692668915 0.05160300061106682 0.07991578429937363
v -0.03616371750831604 0.04864268749952316 0.07393672317266464
v -0.038193706423044205 0.049073539674282074 0.07936742156744003
v -0.03567759692668915 0.05160300061106682 0.07991578429937363
v -0.038193706423044205 0.049073539674282074 0.07936742156744003
v -0.04126695916056633 0.05003676563501358 0.09071483463048935
v -0.04126695916056633 0.05003676563501358 0.09071483463048935
v -0.038193706423044205 0.049073539674282074 0.07936742156744003
v -0.043736010789871216 0.04684087634086609 0.09078135341405869
v -0.04126695916056633 0.05003676563501358 0.09071483463048935
v -0.043736010789871216 0.04684087634086609 0.09078135341405869
v -0.043223924934864044 0.051005467772483826 0.10291673988103867
v 0.06714924424886703 0.06420406699180603 0.129878431558609
v 0.06676294654607773 0.06436558812856674 0.12978866696357727
v 0.06423662602901459 0.06370551884174347 0.1348755657672882
v 0.06423662602901459 0.06370551884174347 0.1348755657672882
v 0.06676294654607773 0.06436558812856674 0.12978866696357727
v 0.061990078538656235 0.06486914306879044 0.1330261528491974
v 0.06423662602901459 0.06370551884174347 0.1348755657672882
v 0.061990078538656235 0.06486914306879044 0.1330261528491974
v 0.06035357341170311 0.06318308413028717 0.13973286747932434
v 0.06035357341170311 0.06318308413028717 0.13973286747932434
v 0.061990078538656235 0.06486914306879044 0.1330261528491974
v 0.05618031322956085 0.06537994742393494 0.13547685742378235
v 0.06035357341170311 0.06318308413028717 0.13973286747932434
v 0.05618031322956085 0.06537994742393494 0.13547685742378235
v 0.0556948259472847 0.06262805312871933 0.14408043026924133
v 0.0556948259472847 0.06262805312871933 0.14408043026924133
v 0.05618031322956085 0.06537994742393494 0.13547685742378235
v 0.05208300054073334 0.0649016946554184 0.1394886076450348
v 0.0556948259472847 0.06262805312871933 0.14408043026924133
v 0.05208300054073334 0.0649016946554184 0.1394886076450348
v 0.050340596586465836 0.06197027489542961 0.14789119362831116
v 0.050340596586465836 0.06197027489542961 0.14789119362831116
v 0.05208300054073334 0.0649016946554184 0.1394886076450348
v 0.047278743237257004 0.0643375962972641 0.1431361734867096
v 0.050340596586465836 0.06197027489542961 0.14789119362831116
v 0.047278743237257004 0.0643375962972641 0.1431361734867096
v 0.04430190101265907 0.061205632984638214 0.15115013718605042
v 0.04430190101265907 0.061205632984638214 0.15115013718605042
v 0.047278743237257004 0.0643375962972641 0.1431361734867096
v 0.04177473112940788 0.06368374079465866 0.1463795006275177
v 0.04430190101265907 0.061205632984638214 0.15115013718605042
v 0.04177473112940788 0.06368374079465866 0.1463795006275177
v 0.0375153012573719 0.06040119752287865 0.15385594964027405
v 0.0375153012573719 0.06040119752287865 0.15385594964027405
v 0.04177473112940788 0.06368374079465866 0.1463795006275177
v 0.03556643798947334 0.06298888474702835 0.14912346005439758
v 0.0375153012573719 0.06040119752287865 0.15385594964027405
v 0.03556643798947334 0.06298888474702835 0.14912346005439758
v 0.03003307804465294 0.05961163341999054 0.15599408745765686
v 0.03003307804465294 0.05961163341999054 0.15599408745765686
v 0.03556643798947334 0.06298888474702835 0.14912346005439758
v 0.028735633939504623 0.062293216586112976 0.1512855589389801
v 0.03003307804465294 0.05961163341999054 0.15599408745765686
v 0.028735633939504623 0.062293216586112976 0.1512855589389801
v 0.022267162799835205 0.058843668550252914 0.1575087606906891
v 0.022267162799835205 0.058843668550252914 0.1575087606906891
v 0.028735633939504623 0.062293216586112976 0.1512855589389801
v 0.02162575162947178 0.061603255569934845 0.15282800793647766
v 0.022267162799835205 0.058843668550252914 0.1575087606906891
v 0.02162575162947178 0.061603255569934845 0.15282800793647766
v 0.014664428308606148 0.058095306158065796 0.15834453701972961
v 0.014664428308606148 0.058095306158065796 0.15834453701972961
v 0.02162575162947178 0.061603255569934845 0.15282800793647766
v 0.014603656716644764 0.060919389128685 0.15372708439826965
v 0.014664428308606148 0.058095306158065796 0.15834453701972961
v 0.014603656716644764 0.060919389128685 0.15372708439826965
v 0.0073578450828790665 0.05736715719103813 0.15852287411689758
v 0.0073578450828790665 0.05736715719103813 0.15852287411689758
v 0.014603656716644764 0.060919389128685 0.15372708439826965
v 0.007788499351590872 0.060243915766477585 0.15401175618171692
v 0.0073578450828790665 0.05736715719103813 0.15852287411689758
v 0.007788499351590872 0.060243915766477585 0.15401175618171692
v 0.00030529979267157614 0.056661542505025864 0.15810731053352356
v 0.00030529979267157614 0.056661542505025864 0.15810731053352356
v 0.007788499351590872 0.060243915766477585 0.15401175618171692
v 0.0011612448142841458 0.059580426663160324 0.15373924374580383
v 0.00030529979267157614 0.056661542505025864 0.15810731053352356
v 0.0011612448142841458 0.059580426663160324 0.15373924374580383
v -0.0064913202077150345 0.05599483102560043 0.1570817530155182
v -0.0064913202077150345 0.05599483102560043 0.1570817530155182
v 0.0011612448142841458 0.059580426663160324 0.15373924374580383
v -0.005263759754598141 0.0589459203183651 0.15289393067359924
v -0.0064913202077150345 0.05599483102560043 0.1570817530155182
v -0.005263759754598141 0.0589459203183651 0.15289393067359924
v -0.012960687279701233 0.055404625833034515 0.15530887246131897
v -0.012960687279701233 0.055404625833034515 0.15530887246131897
v -0.005263759754598141 0.0589459203183651 0.15289393067359924
v -0.011419393122196198 0.05837763845920563 0.15134909749031067
v -0.012960687279701233 0.055404625833034515 0.15530887246131897
v -0.011419393122196198 0.05837763845920563 0.15134909749031067
v -0.01903676614165306 0.05491810664534569 0.1526731550693512
v -0.01903676614165306 0.05491810664534569 0.1526731550693512
v -0.011419393122196198 0.05837763845920563 0.15134909749031067
v -0.017237970605492592 0.05790286138653755 0.148996502161026
v -0.01903676614165306 0.05491810664534569 0.1526731550693512
v -0.017237970605492592 0.05790286138653755 0.148996502161026
v -0.02470250427722931 0.05450849235057831 0.14920154213905334
v -0.02470250427722931 0.05450849235057831 0.14920154213905334
v -0.017237970605492592 0.05790286138653755 0.148996502161026
v -0.02266875095665455 0.05749732628464699 0.14585092663764954
v -0.02470250427722931 0.05450849235057831 0.14920154213905334
v -0.02266875095665455 0.05749732628464699 0.14585092663764954
v -0.0299446489661932 0.054134443402290344 0.1449609100818634
v -0.0299446489661932 0.054134443402290344 0.1449609100818634
v -0.02266875095665455 0.05749732628464699 0.14585092663764954
v -0.02765883132815361 0.05712231993675232 0.14196231961250305
v -0.0299446489661932 0.054134443402290344 0.1449609100818634
v -0.02765883132815361 0.05712231993675232 0.14196231961250305
v -0.03459811210632324 0.05376019328832626 0.14004161953926086
v -0.03459811210632324 0.05376019328832626 0.14004161953926086
v -0.02765883132815361 0.05712231993675232 0.14196231961250305
v -0.03204874321818352 0.05673614516854286 0.1374002993106842
v -0.03459811210632324 0.05376019328832626 0.14004161953926086
v -0.03204874321818352 0.05673614516854286 0.1374002993106842
v -0.038378387689590454 0.05335446819663048 0.13455143570899963
v -0.038378387689590454 0.05335446819663048 0.13455143570899963
v -0.03204874321818352 0.05673614516854286 0.1374002993106842
v -0.03559531643986702 0.056294914335012436 0.13225021958351135
v -0.038378387689590454 0.05335446819663048 0.13455143570899963
v -0.03559531643986702 0.056294914335012436 0.13225021958351135
v -0.04110380634665489 0.05290301516652107 0.1286046802997589
v -0.04110380634665489 0.05290301516652107 0.1286046802997589
v -0.03559531643986702 0.056294914335012436 0.13225021958351135
v -0.038149651139974594 0.05578330531716347 0.12661650776863098
v -0.04110380634665489 0.05290301516652107 0.1286046802997589
v -0.038149651139974594 0.05578330531716347 0.12661650776863098
v -0.04282062128186226 0.052427902817726135 0.12232794612646103
v -0.04282062128186226 0.052427902817726135 0.12232794612646103
v -0.038149651139974594 0.05578330531716347 0.12661650776863098
v -0.039770256727933884 0.05524751916527748 0.1206439957022667
v -0.04282062128186226 0.052427902817726135 0.12232794612646103
v -0.039770256727933884 0.05524751916527748 0.1206439957022667
v -0.043618712574243546 0.05195273458957672 0.11585249751806259
v -0.043618712574243546 0.05195273458957672 0.11585249751806259
v -0.039770256727933884 0.05524751916527748 0.1206439957022667
v -0.040552929043769836 0.054734472185373306 0.11448266357183456
v -0.043618712574243546 0.05195273458957672 0.11585249751806259
v -0.040552929043769836 0.054734472185373306 0.11448266357183456
v -0.04368065670132637 0.05148039385676384 0.1093297228217125
v -0.04368065670132637 0.05148039385676384 0.1093297228217125
v -0.040552929043769836 0.054734472185373306 0.11448266357183456
v -0.04066205769777298 0.05424349009990692 0.10828342288732529
v -0.04368065670132637 0.05148039385676384 0.1093297228217125
v -0.04066205769777298 0.05424349009990692 0.10828342288732529
v -0.043223924934864044 0.051005467772483826 0.10291673988103867
v -0.043223924934864044 0.051005467772483826 0.10291673988103867
v -0.04066205769777298 0.05424349009990692 0.10828342288732529
v -0.04028749465942383 0.0537547804415226 0.10219540446996689
v -0.043223924934864044 0.051005467772483826 0.10291673988103867
v -0.04028749465942383 0.0537547804415226 0.10219540446996689
v -0.03853573650121689 0.052717480808496475 0.09063365310430527
v -0.03853573650121689 0.052717480808496475 0.09063365310430527
v -0.04028749465942383 0.0537547804415226 0.10219540446996689
v -0.03569309040904045 0.054912831634283066 0.09054627269506454
v -0.03853573650121689 0.052717480808496475 0.09063365310430527
v -0.03569309040904045 0.054912831634283066 0.09054627269506454
v -0.03280050680041313 0.056286606937646866 0.08863642066717148
v -0.03280050680041313 0.056286606937646866 0.08863642066717148
v -0.03569309040904045 0.054912831634283066 0.09054627269506454
v -0.03316105157136917 0.05651899799704552 0.09046914428472519
v 0.06676294654607773 0.06436558812856674 0.12978866696357727
v 0.06301209330558777 0.06560274213552475 0.12892070412635803
v 0.061990078538656235 0.06486914306879044 0.1330261528491974
v 0.061990078538656235 0.06486914306879044 0.1330261528491974
v 0.06301209330558777 0.06560274213552475 0.12892070412635803
v 0.0572759248316288 0.06683535128831863 0.12746980786323547
v 0.061990078538656235 0.06486914306879044 0.1330261528491974
v 0.0572759248316288 0.06683535128831863 0.12746980786323547
v 0.05955255776643753 0.06582514941692352 0.13109090924263
v 0.05955255776643753 0.06582514941692352 0.13109090924263
v 0.0572759248316288 0.06683535128831863 0.12746980786323547
v 0.05440111830830574 0.0672101154923439 0.1271839439868927
v 0.05955255776643753 0.06582514941692352 0.13109090924263
v 0.05440111830830574 0.0672101154923439 0.1271839439868927
v 0.05618031322956085 0.06537994742393494 0.13547685742378235
v 0.05618031322956085 0.06537994742393494 0.13547685742378235
v 0.05440111830830574 0.0672101154923439 0.1271839439868927
v 0.051675572991371155 0.0668698325753212 0.131127268075943
v 0.05618031322956085 0.06537994742393494 0.13547685742378235
v 0.051675572991371155 0.0668698325753212 0.131127268075943
v 0.05208300054073334 0.0649016946554184 0.1394886076450348
v 0.05208300054073334 0.0649016946554184 0.1394886076450348
v 0.051675572991371155 0.0668698325753212 0.131127268075943
v 0.048269640654325485 0.06647846847772598 0.13486424088478088
v 0.05208300054073334 0.0649016946554184 0.1394886076450348
v 0.048269640654325485 0.06647846847772598 0.13486424088478088
v 0.047278743237257004 0.0643375962972641 0.1431361734867096
v 0.047278743237257004 0.0643375962972641 0.1431361734867096
v 0.048269640654325485 0.06647846847772598 0.13486424088478088
v 0.04411018267273903 0.06600138545036316 0.13844099640846252
v 0.047278743237257004 0.0643375962972641 0.1431361734867096
v 0.04411018267273903 0.06600138545036316 0.13844099640846252
v 0.04177473112940788 0.06368374079465866 0.1463795006275177
v 0.04177473112940788 0.06368374079465866 0.1463795006275177
v 0.04411018267273903 0.06600138545036316 0.13844099640846252
v 0.039193134754896164 0.06544365733861923 0.14177420735359192
v 0.04177473112940788 0.06368374079465866 0.1463795006275177
v 0.039193134754896164 0.06544365733861923 0.14177420735359192
v 0.03556643798947334 0.06298888474702835 0.14912346005439758
v 0.03556643798947334 0.06298888474702835 0.14912346005439758
v 0.039193134754896164 0.06544365733861923 0.14177420735359192
v 0.033588871359825134 0.06485311686992645 0.14464154839515686
v 0.03556643798947334 0.06298888474702835 0.14912346005439758
v 0.033588871359825134 0.06485311686992645 0.14464154839515686
v 0.028735633939504623 0.062293216586112976 0.1512855589389801
v 0.028735633939504623 0.062293216586112976 0.1512855589389801
v 0.033588871359825134 0.06485311686992645 0.14464154839515686
v 0.027423197403550148 0.06426754593849182 0.1468687355518341
v 0.028735633939504623 0.062293216586112976 0.1512855589389801
v 0.027423197403550148 0.06426754593849182 0.1468687355518341
v 0.02162575162947178 0.061603255569934845 0.15282800793647766
v 0.02162575162947178 0.061603255569934845 0.15282800793647766
v 0.027423197403550148 0.06426754593849182 0.1468687355518341
v 0.020977796986699104 0.06368798762559891 0.14844849705696106
v 0.02162575162947178 0.061603255569934845 0.15282800793647766
v 0.020977796986699104 0.06368798762559891 0.14844849705696106
v 0.014603656716644764 0.060919389128685 0.15372708439826965
v 0.014603656716644764 0.060919389128685 0.15372708439826965
v 0.020977796986699104 0.06368798762559891 0.14844849705696106
v 0.014544465579092503 0.06310909241437912 0.14940610527992249
v 0.014603656716644764 0.060919389128685 0.15372708439826965
v 0.014544465579092503 0.06310909241437912 0.14940610527992249
v 0.007788499351590872 0.060243915766477585 0.15401175618171692
v 0.007788499351590872 0.060243915766477585 0.15401175618171692
v 0.014544465579092503 0.06310909241437912 0.14940610527992249
v 0.008230303414165974 0.06252994388341904 0.14978113770484924
v 0.007788499351590872 0.060243915766477585 0.15401175618171692
v 0.008230303414165974 0.06252994388341904 0.14978113770484924
v 0.0011612448142841458 0.059580426663160324 0.15373924374580383
v 0.0011612448142841458 0.059580426663160324 0.15373924374580383
v 0.008230303414165974 0.06252994388341904 0.14978113770484924
v 0.002039337996393442 0.061952315270900726 0.14962032437324524
v 0.0011612448142841458 0.059580426663160324 0.15373924374580383
v 0.002039337996393442 0.061952315270900726 0.14962032437324524
v -0.005263759754598141 0.0589459203183651 0.15289393067359924
v -0.005263759754598141 0.0589459203183651 0.15289393067359924
v 0.002039337996393442 0.061952315270900726 0.14962032437324524
v -0.004001655150204897 0.06138942763209343 0.1489115059375763
v -0.005263759754598141 0.0589459203183651 0.15289393067359924
v -0.004001655150204897 0.06138942763209343 0.1489115059375763
v -0.011419393122196198 0.05837763845920563 0.15134909749031067
v -0.011419393122196198 0.05837763845920563 0.15134909749031067
v -0.004001655150204897 0.06138942763209343 0.1489115059375763
v -0.00982978567481041 0.06087174266576767 0.14755335450172424
v -0.011419393122196198 0.05837763845920563 0.15134909749031067
v -0.00982978567481041 0.06087174266576767 0.14755335450172424
v -0.017237970605492592 0.05790286138653755 0.148996502161026
v -0.017237970605492592 0.05790286138653755 0.148996502161026
v -0.00982978567481041 0.06087174266576767 0.14755335450172424
v -0.015375570394098759 0.06042185798287392 0.1454555094242096
v -0.017237970605492592 0.05790286138653755 0.148996502161026
v -0.015375570394098759 0.06042185798287392 0.1454555094242096
v -0.02266875095665455 0.05749732628464699 0.14585092663764954
v -0.02266875095665455 0.05749732628464699 0.14585092663764954
v -0.015375570394098759 0.06042185798287392 0.1454555094242096
v -0.02055363357067108 0.060021162033081055 0.1426086723804474
v -0.02266875095665455 0.05749732628464699 0.14585092663764954
v -0.02055363357067108 0.060021162033081055 0.1426086723804474
v -0.02765883132815361 0.05712231993675232 0.14196231961250305
v -0.02765883132815361 0.05712231993675232 0.14196231961250305
v -0.02055363357067108 0.060021162033081055 0.1426086723804474
v -0.02527056261897087 0.059638861566782 0.13902845978736877
v -0.02765883132815361 0.05712231993675232 0.14196231961250305
v -0.02527056261897087 0.059638861566782 0.13902845978736877
v -0.03204874321818352 0.05673614516854286 0.1374002993106842
v -0.03204874321818352 0.05673614516854286 0.1374002993106842
v -0.02527056261897087 0.059638861566782 0.13902845978736877
v -0.02937609702348709 0.059231773018836975 0.13477006554603577
v -0.03204874321818352 0.05673614516854286 0.1374002993106842
v -0.02937609702348709 0.059231773018836975 0.13477006554603577
v -0.03559531643986702 0.056294914335012436 0.13225021958351135
v -0.03559531643986702 0.056294914335012436 0.13225021958351135
v -0.02937609702348709 0.059231773018836975 0.13477006554603577
v -0.032675519585609436 0.05874713137745857 0.12991967797279358
v -0.03559531643986702 0.056294914335012436 0.13225021958351135
v -0.032675519585609436 0.05874713137745857 0.12991967797279358
v -0.038149651139974594 0.05578330531716347 0.12661650776863098
v -0.038149651139974594 0.05578330531716347 0.12661650776863098
v -0.032675519585609436 0.05874713137745857 0.12991967797279358
v -0.03505592793226242 0.0581706278026104 0.12458529323339462
v -0.038149651139974594 0.05578330531716347 0.12661650776863098
v -0.03505592793226242 0.0581706278026104 0.12458529323339462
v -0.039770256727933884 0.05524751916527748 0.1206439957022667
v -0.039770256727933884 0.05524751916527748 0.1206439957022667
v -0.03505592793226242 0.0581706278026104 0.12458529323339462
v -0.036582786589860916 0.057571105659008026 0.11891939491033554
v -0.039770256727933884 0.05524751916527748 0.1206439957022667
v -0.036582786589860916 0.057571105659008026 0.11891939491033554
v -0.040552929043769836 0.054734472185373306 0.11448266357183456
v -0.040552929043769836 0.054734472185373306 0.11448266357183456
v -0.036582786589860916 0.057571105659008026 0.11891939491033554
v -0.03735227882862091 0.05701717734336853 0.11307873576879501
v -0.040552929043769836 0.054734472185373306 0.11448266357183456
v -0.03735227882862091 0.05701717734336853 0.11307873576879501
v -0.04066205769777298 0.05424349009990692 0.10828342288732529
v -0.04066205769777298 0.05424349009990692 0.10828342288732529
v -0.03735227882862091 0.05701717734336853 0.11307873576879501
v -0.03751065582036972 0.05650516226887703 0.1072099432349205
v -0.04066205769777298 0.05424349009990692 0.10828342288732529
v -0.03751065582036972 0.05650516226887703 0.1072099432349205
v -0.04028749465942383 0.0537547804415226 0.10219540446996689
v -0.04028749465942383 0.0537547804415226 0.10219540446996689
v -0.03751065582036972 0.05650516226887703 0.1072099432349205
v -0.037222445011138916 0.05600236356258392 0.10145380347967148
v -0.04028749465942383 0.0537547804415226 0.10219540446996689
v -0.037222445011138916 0.05600236356258392 0.10145380347967148
v -0.03569309040904045 0.054912831634283066 0.09054627269506454
v -0.03569309040904045 0.054912831634283066 0.09054627269506454
v -0.037222445011138916 0.05600236356258392 0.10145380347967148
v -0.0343560129404068 0.057472266256809235 0.09917249530553818
v -0.03569309040904045 0.054912831634283066 0.09054627269506454
v -0.0343560129404068 0.057472266256809235 0.09917249530553818
v -0.03316105157136917 0.05651899799704552 0.09046914428472519
v 0.07586774975061417 0.05568743124604225 0.1318923532962799
v 0.07523221522569656 0.056936413049697876 0.13175061345100403
v 0.0737815648317337 0.05733751133084297 0.13451138138771057
v 0.0737815648317337 0.05733751133084297 0.13451138138771057
v 0.07523221522569656 0.056936413049697876 0.13175061345100403
v 0.07258965075016022 0.059375446289777756 0.1334926187992096
v 0.0737815648317337 0.05733751133084297 0.13451138138771057
v 0.07258965075016022 0.059375446289777756 0.1334926187992096
v 0.07060084491968155 0.056852638721466064 0.14075997471809387
v 0.07060084491968155 0.056852638721466064 0.14075997471809387
v 0.07258965075016022 0.059375446289777756 0.1334926187992096
v 0.06936857104301453 0.05885890871286392 0.1395198404788971
v 0.07060084491968155 0.056852638721466064 0.14075997471809387
v 0.06936857104301453 0.05885890871286392 0.1395198404788971
v 0.06649363040924072 0.05630216374993324 0.14653483033180237
v 0.06649363040924072 0.05630216374993324 0.14653483033180237
v 0.06936857104301453 0.05885890871286392 0.1395198404788971
v 0.0638033002614975 0.06012911722064018 0.14345839619636536
v 0.06649363040924072 0.05630216374993324 0.14653483033180237
v 0.0638033002614975 0.06012911722064018 0.14345839619636536
v 0.06147244945168495 0.055632974952459335 0.15172460675239563
v 0.06147244945168495 0.055632974952459335 0.15172460675239563
v 0.0638033002614975 0.06012911722064018 0.14345839619636536
v 0.05884817615151405 0.05950635299086571 0.14820805191993713
v 0.06147244945168495 0.055632974952459335 0.15172460675239563
v 0.05884817615151405 0.05950635299086571 0.14820805191993713
v 0.055556364357471466 0.05476204678416252 0.15629246830940247
v 0.055556364357471466 0.05476204678416252 0.15629246830940247
v 0.05884817615151405 0.05950635299086571 0.14820805191993713
v 0.05313119292259216 0.05873914808034897 0.15233662724494934
v 0.055556364357471466 0.05476204678416252 0.15629246830940247
v 0.05313119292259216 0.05873914808034897 0.15233662724494934
v 0.04873287305235863 0.053731705993413925 0.16018560528755188
v 0.04873287305235863 0.053731705993413925 0.16018560528755188
v 0.05313119292259216 0.05873914808034897 0.15233662724494934
v 0.046654749661684036 0.05784051865339279 0.15582361817359924
v 0.04873287305235863 0.053731705993413925 0.16018560528755188
v 0.046654749661684036 0.05784051865339279 0.15582361817359924
v 0.04095550626516342 0.052719276398420334 0.163333922624588
v 0.04095550626516342 0.052719276398420334 0.163333922624588
v 0.046654749661684036 0.05784051865339279 0.15582361817359924
v 0.03934144228696823 0.05692354217171669 0.15867355465888977
v 0.04095550626516342 0.052719276398420334 0.163333922624588
v 0.03934144228696823 0.05692354217171669 0.15867355465888977
v 0.03232693299651146 0.051857151091098785 0.1656799614429474
v 0.03232693299651146 0.051857151091098785 0.1656799614429474
v 0.03934144228696823 0.05692354217171669 0.15867355465888977
v 0.03125132620334625 0.05607591196894646 0.16087844967842102
v 0.03232693299651146 0.051857151091098785 0.1656799614429474
v 0.03125132620334625 0.05607591196894646 0.16087844967842102
v 0.023403972387313843 0.051122263073921204 0.1672084629535675
v 0.023403972387313843 0.051122263073921204 0.1672084629535675
v 0.03125132620334625 0.05607591196894646 0.16087844967842102
v 0.022870350629091263 0.0552939847111702 0.16239026188850403
v 0.023403972387313843 0.051122263073921204 0.1672084629535675
v 0.022870350629091263 0.0552939847111702 0.16239026188850403
v 0.014783196151256561 0.05046506226062775 0.16791585087776184
v 0.014783196151256561 0.05046506226062775 0.16791585087776184
v 0.022870350629091263 0.0552939847111702 0.16239026188850403
v 0.014725063927471638 0.05455809831619263 0.16316094994544983
v 0.014783196151256561 0.05046506226062775 0.16791585087776184
v 0.014725063927471638 0.05455809831619263 0.16316094994544983
v 0.00662237498909235 0.04986168444156647 0.16783764958381653
v 0.00662237498909235 0.04986168444156647 0.16783764958381653
v 0.014725063927471638 0.05455809831619263 0.16316094994544983
v 0.006962602958083153 0.05385924130678177 0.16321459412574768
v 0.00662237498909235 0.04986168444156647 0.16783764958381653
v 0.006962602958083153 0.05385924130678177 0.16321459412574768
v -0.0011654193513095379 0.04930271580815315 0.1670302450656891
v -0.0011654193513095379 0.04930271580815315 0.1670302450656891
v 0.006962602958083153 0.05385924130678177 0.16321459412574768
v -0.0004814949061255902 0.053194571286439896 0.16261425614356995
v -0.0011654193513095379 0.04930271580815315 0.1670302450656891
v -0.0004814949061255902 0.053194571286439896 0.16261425614356995
v -0.008603871800005436 0.048781875520944595 0.16549435257911682
v -0.008603871800005436 0.048781875520944595 0.16549435257911682
v -0.0004814949061255902 0.053194571286439896 0.16261425614356995
v -0.007618156727403402 0.052571553736925125 0.1613500416278839
v -0.008603871800005436 0.048781875520944595 0.16549435257911682
v -0.007618156727403402 0.052571553736925125 0.1613500416278839
v -0.015616956166923046 0.04829741641879082 0.16314664483070374
v -0.015616956166923046 0.04829741641879082 0.16314664483070374
v -0.007618156727403402 0.052571553736925125 0.1613500416278839
v -0.01437383983284235 0.05201313644647598 0.15930119156837463
v -0.015616956166923046 0.04829741641879082 0.16314664483070374
v -0.01437383983284235 0.05201313644647598 0.15930119156837463
v -0.022140303626656532 0.04784661531448364 0.15991047024726868
v -0.022140303626656532 0.04784661531448364 0.15991047024726868
v -0.01437383983284235 0.05201313644647598 0.15930119156837463
v -0.020684417337179184 0.051535382866859436 0.1563643515110016
v -0.022140303626656532 0.04784661531448364 0.15991047024726868
v -0.020684417337179184 0.051535382866859436 0.1563643515110016
v -0.02819783426821232 0.04742082953453064 0.15577200055122375
v -0.02819783426821232 0.04742082953453064 0.15577200055122375
v -0.020684417337179184 0.051535382866859436 0.1563643515110016
v -0.0265585295855999 0.05111812427639961 0.15255478024482727
v -0.02819783426821232 0.04742082953453064 0.15577200055122375
v -0.0265585295855999 0.05111812427639961 0.15255478024482727
v -0.033825408667325974 0.0470099151134491 0.15074267983436584
v -0.033825408667325974 0.0470099151134491 0.15074267983436584
v -0.0265585295855999 0.05111812427639961 0.15255478024482727
v -0.032013289630413055 0.050731539726257324 0.14792469143867493
v -0.033825408667325974 0.0470099151134491 0.15074267983436584
v -0.032013289630413055 0.050731539726257324 0.14792469143867493
v -0.03886476531624794 0.046605635434389114 0.1449669897556305
v -0.03886476531624794 0.046605635434389114 0.1449669897556305
v -0.032013289630413055 0.050731539726257324 0.14792469143867493
v -0.03688426315784454 0.05035144463181496 0.14258995652198792
v -0.03886476531624794 0.046605635434389114 0.1449669897556305
v -0.03688426315784454 0.05035144463181496 0.14258995652198792
v -0.04300476983189583 0.04620129615068436 0.13869455456733704
v -0.04300476983189583 0.04620129615068436 0.13869455456733704
v -0.03688426315784454 0.05035144463181496 0.14258995652198792
v -0.04086412489414215 0.04995815455913544 0.13671699166297913
v -0.04300476983189583 0.04620129615068436 0.13869455456733704
v -0.04086412489414215 0.04995815455913544 0.13671699166297913
v -0.046029556542634964 0.045791145414114 0.13211479783058167
v -0.046029556542634964 0.045791145414114 0.13211479783058167
v -0.04086412489414215 0.04995815455913544 0.13671699166297913
v -0.04374843090772629 0.04954008013010025 0.130450040102005
v -0.046029556542634964 0.045791145414114 0.13211479783058167
v -0.04374843090772629 0.04954008013010025 0.130450040102005
v -0.047936927527189255 0.045371394604444504 0.1252826750278473
v -0.047936927527189255 0.045371394604444504 0.1252826750278473
v -0.04374843090772629 0.04954008013010025 0.130450040102005
v -0.04556211829185486 0.04910273849964142 0.12388446182012558
v -0.047936927527189255 0.045371394604444504 0.1252826750278473
v -0.04556211829185486 0.04910273849964142 0.12388446182012558
v -0.0487772561609745 0.04493942856788635 0.11824920028448105
v -0.0487772561609745 0.04493942856788635 0.11824920028448105
v -0.04556211829185486 0.04910273849964142 0.12388446182012558
v -0.04637899249792099 0.04865344241261482 0.11711623519659042
v -0.0487772561609745 0.04493942856788635 0.11824920028448105
v -0.04637899249792099 0.04865344241261482 0.11711623519659042
v -0.04876450449228287 0.04449870437383652 0.1111530289053917
v -0.04876450449228287 0.04449870437383652 0.1111530289053917
v -0.04637899249792099 0.04865344241261482 0.11711623519659042
v -0.0463985912501812 0.048196617513895035 0.1102924570441246
v -0.04876450449228287 0.04449870437383652 0.1111530289053917
v -0.0463985912501812 0.048196617513895035 0.1102924570441246
v -0.04817533493041992 0.04405549541115761 0.10416533797979355
v -0.04817533493041992 0.04405549541115761 0.10416533797979355
v -0.0463985912501812 0.048196617513895035 0.1102924570441246
v -0.045868292450904846 0.04773571342229843 0.1035776361823082
v -0.04817533493041992 0.04405549541115761 0.10416533797979355
v -0.045868292450904846 0.04773571342229843 0.1035776361823082
v -0.04719504341483116 0.04362595081329346 0.09738554805517197
v -0.04719504341483116 0.04362595081329346 0.09738554805517197
v -0.045868292450904846 0.04773571342229843 0.1035776361823082
v -0.04495494067668915 0.04727915674448013 0.09706749767065048
v -0.04719504341483116 0.04362595081329346 0.09738554805517197
v -0.04495494067668915 0.04727915674448013 0.09706749767065048
v -0.04590750113129616 0.04323718696832657 0.09083273261785507
v 0.033802930265665054 0.04270920157432556 0.1737155020236969
v 0.03319685906171799 0.04729326069355011 0.17006471753120422
v 0.024140244349837303 0.04216655343770981 0.175272136926651
v 0.024140244349837303 0.04216655343770981 0.175272136926651
v 0.03319685906171799 0.04729326069355011 0.17006471753120422
v 0.023836856707930565 0.0466451570391655 0.17161336541175842
v 0.024140244349837303 0.04216655343770981 0.175272136926651
v 0.023836856707930565 0.0466451570391655 0.17161336541175842
v 0.014881269074976444 0.041724249720573425 0.17587247490882874
v 0.014881269074976444 0.041724249720573425 0.17587247490882874
v 0.023836856707930565 0.0466451570391655 0.17161336541175842
v 0.01483611948788166 0.04609732702374458 0.17226281762123108
v 0.014881269074976444 0.041724249720573425 0.17587247490882874
v 0.01483611948788166 0.04609732702374458 0.17226281762123108
v 0.006174074485898018 0.04133545979857445 0.1755841076374054
v 0.006174074485898018 0.04133545979857445 0.1755841076374054
v 0.01483611948788166 0.04609732702374458 0.17226281762123108
v 0.0063543193973600864 0.04561147093772888 0.17206457257270813
v 0.006174074485898018 0.04133545979857445 0.1755841076374054
v 0.0063543193973600864 0.04561147093772888 0.17206457257270813
v -0.00212005409412086 0.04098986089229584 0.1744348108768463
v -0.00212005409412086 0.04098986089229584 0.1744348108768463
v 0.0063543193973600864 0.04561147093772888 0.17206457257270813
v -0.0017197218257933855 0.045174382627010345 0.17106297612190247
v -0.00212005409412086 0.04098986089229584 0.1744348108768463
v -0.0017197218257933855 0.045174382627010345 0.17106297612190247
v -0.01004698220640421 0.040668051689863205 0.17243829369544983
v -0.01004698220640421 0.040668051689863205 0.17243829369544983
v -0.0017197218257933855 0.045174382627010345 0.17106297612190247
v -0.009421586990356445 0.04476853460073471 0.1692681610584259
v -0.01004698220640421 0.040668051689863205 0.17243829369544983
v -0.009421586990356445 0.04476853460073471 0.1692681610584259
v -0.017507396638393402 0.04033627361059189 0.16958704590797424
v -0.017507396638393402 0.04033627361059189 0.16958704590797424
v -0.009421586990356445 0.04476853460073471 0.1692681610584259
v -0.016668036580085754 0.044369447976350784 0.16663983464241028
v -0.017507396638393402 0.04033627361059189 0.16958704590797424
v -0.016668036580085754 0.044369447976350784 0.16663983464241028
v -0.024414751678705215 0.0399644710123539 0.16585996747016907
v -0.024414751678705215 0.0399644710123539 0.16585996747016907
v -0.016668036580085754 0.044369447976350784 0.16663983464241028
v -0.023388423025608063 0.04395637288689613 0.1631322205066681
v -0.024414751678705215 0.0399644710123539 0.16585996747016907
v -0.023388423025608063 0.04395637288689613 0.1631322205066681
v -0.030792396515607834 0.03954421728849411 0.1611821949481964
v -0.030792396515607834 0.03954421728849411 0.1611821949481964
v -0.023388423025608063 0.04395637288689613 0.1631322205066681
v -0.02961151860654354 0.043527550995349884 0.15869703888893127
v -0.030792396515607834 0.03954421728849411 0.1611821949481964
v -0.02961151860654354 0.043527550995349884 0.15869703888893127
v -0.03668241202831268 0.03907480090856552 0.15548136830329895
v -0.03668241202831268 0.03907480090856552 0.15548136830329895
v -0.02961151860654354 0.043527550995349884 0.15869703888893127
v -0.03538120537996292 0.043086860328912735 0.1532982885837555
v -0.03668241202831268 0.03907480090856552 0.15548136830329895
v -0.03538120537996292 0.043086860328912735 0.1532982885837555
v -0.04194527491927147 0.03858259320259094 0.14895060658454895
v -0.04194527491927147 0.03858259320259094 0.14895060658454895
v -0.03538120537996292 0.043086860328912735 0.1532982885837555
v -0.04054835066199303 0.04264379292726517 0.14710763096809387
v -0.04194527491927147 0.03858259320259094 0.14895060658454895
v -0.04054835066199303 0.04264379292726517 0.14710763096809387
v -0.04629833623766899 0.038115229457616806 0.1419924795627594
v -0.04629833623766899 0.038115229457616806 0.1419924795627594
v -0.04054835066199303 0.04264379292726517 0.14710763096809387
v -0.044811759144067764 0.04221223294734955 0.1404602825641632
v -0.04629833623766899 0.038115229457616806 0.1419924795627594
v -0.044811759144067764 0.04221223294734955 0.1404602825641632
v -0.04953116178512573 0.03769869729876518 0.13488081097602844
v -0.04953116178512573 0.03769869729876518 0.13488081097602844
v -0.044811759144067764 0.04221223294734955 0.1404602825641632
v -0.04795408248901367 0.041798170655965805 0.13359323143959045
v -0.04953116178512573 0.03769869729876518 0.13488081097602844
v -0.04795408248901367 0.041798170655965805 0.13359323143959045
v -0.051596857607364655 0.037311211228370667 0.12760058045387268
v -0.051596857607364655 0.037311211228370667 0.12760058045387268
v -0.04795408248901367 0.041798170655965805 0.13359323143959045
v -0.049946997314691544 0.04139036312699318 0.12652161717414856
v -0.051596857607364655 0.037311211228370667 0.12760058045387268
v -0.049946997314691544 0.04139036312699318 0.12652161717414856
v -0.05250350013375282 0.036927975714206696 0.12012281268835068
v -0.05250350013375282 0.036927975714206696 0.12012281268835068
v -0.049946997314691544 0.04139036312699318 0.12652161717414856
v -0.0508168488740921 0.04097719490528107 0.11925127357244492
v -0.05250350013375282 0.036927975714206696 0.12012281268835068
v -0.0508168488740921 0.04097719490528107 0.11925127357244492
v -0.05078815296292305 0.04055919498205185 0.11191215366125107
v 0.04320639371871948 0.043464478105306625 0.17106428742408752
v 0.0464901439845562 0.048633165657520294 0.16591981053352356
v 0.04227057844400406 0.04812483489513397 0.16755369305610657
v 0.04227057844400406 0.04812483489513397 0.16755369305610657
v 0.0464901439845562 0.048633165657520294 0.16591981053352356
v 0.04095550626516342 0.052719276398420334 0.163333922624588
v 0.04227057844400406 0.04812483489513397 0.16755369305610657
v 0.04095550626516342 0.052719276398420334 0.163333922624588
v 0.03319685906171799 0.04729326069355011 0.17006471753120422
v 0.03319685906171799 0.04729326069355011 0.17006471753120422
v 0.04095550626516342 0.052719276398420334 0.163333922624588
v 0.03232693299651146 0.051857151091098785 0.1656799614429474
v 0.03319685906171799 0.04729326069355011 0.17006471753120422
v 0.03232693299651146 0.051857151091098785 0.1656799614429474
v 0.023836856707930565 0.0466451570391655 0.17161336541175842
v 0.023836856707930565 0.0466451570391655 0.17161336541175842
v 0.03232693299651146 0.051857151091098785 0.1656799614429474
v 0.023403972387313843 0.051122263073921204 0.1672084629535675
v 0.023836856707930565 0.0466451570391655 0.17161336541175842
v 0.023403972387313843 0.051122263073921204 0.1672084629535675
v 0.01483611948788166 0.04609732702374458 0.17226281762123108
v 0.01483611948788166 0.04609732702374458 0.17226281762123108
v 0.023403972387313843 0.051122263073921204 0.1672084629535675
v 0.014783196151256561 0.05046506226062775 0.16791585087776184
v 0.01483611948788166 0.04609732702374458 0.17226281762123108
v 0.014783196151256561 0.05046506226062775 0.16791585087776184
v 0.0063543193973600864 0.04561147093772888 0.17206457257270813
v 0.0063543193973600864 0.04561147093772888 0.17206457257270813
v 0.014783196151256561 0.05046506226062775 0.16791585087776184
v 0.00662237498909235 0.04986168444156647 0.16783764958381653
v 0.0063543193973600864 0.04561147093772888 0.17206457257270813
v 0.00662237498909235 0.04986168444156647 0.16783764958381653
v -0.0017197218257933855 0.045174382627010345 0.17106297612190247
v -0.0017197218257933855 0.045174382627010345 0.17106297612190247
v 0.00662237498909235 0.04986168444156647 0.16783764958381653
v -0.0011654193513095379 0.04930271580815315 0.1670302450656891
v -0.0017197218257933855 0.045174382627010345 0.17106297612190247
v -0.0011654193513095379 0.04930271580815315 0.1670302450656891
v -0.009421586990356445 0.04476853460073471 0.1692681610584259
v -0.009421586990356445 0.04476853460073471 0.1692681610584259
v -0.0011654193513095379 0.04930271580815315 0.1670302450656891
v -0.008603871800005436 0.048781875520944595 0.16549435257911682
v -0.009421586990356445 0.04476853460073471 0.1692681610584259
v -0.008603871800005436 0.048781875520944595 0.16549435257911682
v -0.016668036580085754 0.044369447976350784 0.16663983464241028
v -0.016668036580085754 0.044369447976350784 0.16663983464241028
v -0.008603871800005436 0.048781875520944595 0.16549435257911682
v -0.015616956166923046 0.04829741641879082 0.16314664483070374
v -0.016668036580085754 0.044369447976350784 0.16663983464241028
v -0.015616956166923046 0.04829741641879082 0.16314664483070374
v -0.023388423025608063 0.04395637288689613 0.1631322205066681
v -0.023388423025608063 0.04395637288689613 0.1631322205066681
v -0.015616956166923046 0.04829741641879082 0.16314664483070374
v -0.022140303626656532 0.04784661531448364 0.15991047024726868
v -0.023388423025608063 0.04395637288689613 0.1631322205066681
v -0.022140303626656532 0.04784661531448364 0.15991047024726868
v -0.02961151860654354 0.043527550995349884 0.15869703888893127
v -0.02961151860654354 0.043527550995349884 0.15869703888893127
v -0.022140303626656532 0.04784661531448364 0.15991047024726868
v -0.02819783426821232 0.04742082953453064 0.15577200055122375
v -0.02961151860654354 0.043527550995349884 0.15869703888893127
v -0.02819783426821232 0.04742082953453064 0.15577200055122375
v -0.03538120537996292 0.043086860328912735 0.1532982885837555
v -0.03538120537996292 0.043086860328912735 0.1532982885837555
v -0.02819783426821232 0.04742082953453064 0.15577200055122375
v -0.033825408667325974 0.0470099151134491 0.15074267983436584
v -0.03538120537996292 0.043086860328912735 0.1532982885837555
v -0.033825408667325974 0.0470099151134491 0.15074267983436584
v -0.04054835066199303 0.04264379292726517 0.14710763096809387
v -0.04054835066199303 0.04264379292726517 0.14710763096809387
v -0.033825408667325974 0.0470099151134491 0.15074267983436584
v -0.03886476531624794 0.046605635434389114 0.1449669897556305
v -0.04054835066199303 0.04264379292726517 0.14710763096809387
v -0.03886476531624794 0.046605635434389114 0.1449669897556305
v -0.044811759144067764 0.04221223294734955 0.1404602825641632
v -0.044811759144067764 0.04221223294734955 0.1404602825641632
v -0.03886476531624794 0.046605635434389114 0.1449669897556305
v -0.04300476983189583 0.04620129615068436 0.13869455456733704
v -0.044811759144067764 0.04221223294734955 0.1404602825641632
v -0.04300476983189583 0.04620129615068436 0.13869455456733704
v -0.04795408248901367 0.041798170655965805 0.13359323143959045
v -0.04795408248901367 0.041798170655965805 0.13359323143959045
v -0.04300476983189583 0.04620129615068436 0.13869455456733704
v -0.046029556542634964 0.045791145414114 0.13211479783058167
v -0.04795408248901367 0.041798170655965805 0.13359323143959045
v -0.046029556542634964 0.045791145414114 0.13211479783058167
v -0.049946997314691544 0.04139036312699318 0.12652161717414856
v -0.049946997314691544 0.04139036312699318 0.12652161717414856
v -0.046029556542634964 0.045791145414114 0.13211479783058167
v -0.047936927527189255 0.045371394604444504 0.1252826750278473
v -0.049946997314691544 0.04139036312699318 0.12652161717414856
v -0.047936927527189255 0.045371394604444504 0.1252826750278473
v -0.0508168488740921 0.04097719490528107 0.11925127357244492
v -0.0508168488740921 0.04097719490528107 0.11925127357244492
v -0.047936927527189255 0.045371394604444504 0.1252826750278473
v -0.0487772561609745 0.04493942856788635 0.11824920028448105
v -0.0508168488740921 0.04097719490528107 0.11925127357244492
v -0.0487772561609745 0.04493942856788635 0.11824920028448105
v -0.05078815296292305 0.04055919498205185 0.11191215366125107
v -0.05078815296292305 0.04055919498205185 0.11191215366125107
v -0.0487772561609745 0.04493942856788635 0.11824920028448105
v -0.04876450449228287 0.04449870437383652 0.1111530289053917
v -0.05078815296292305 0.04055919498205185 0.11191215366125107
v -0.04876450449228287 0.04449870437383652 0.1111530289053917
v -0.05016178637742996 0.04014229029417038 0.10468151420354843
v -0.05016178637742996 0.04014229029417038 0.10468151420354843
v -0.04876450449228287 0.04449870437383652 0.1111530289053917
v -0.04817533493041992 0.04405549541115761 0.10416533797979355
v -0.05016178637742996 0.04014229029417038 0.10468151420354843
v -0.04817533493041992 0.04405549541115761 0.10416533797979355
v -0.049138233065605164 0.03974602371454239 0.09766187518835068
v -0.049138233065605164 0.03974602371454239 0.09766187518835068
v -0.04817533493041992 0.04405549541115761 0.10416533797979355
v -0.04719504341483116 0.04362595081329346 0.09738554805517197
v -0.049138233065605164 0.03974602371454239 0.09766187518835068
v -0.04719504341483116 0.04362595081329346 0.09738554805517197
v -0.04780656471848488 0.03940501809120178 0.09087171405553818
v -0.04780656471848488 0.03940501809120178 0.09087171405553818
v -0.04719504341483116 0.04362595081329346 0.09738554805517197
v -0.04590750113129616 0.04323718696832657 0.09083273261785507
v -0.04780656471848488 0.03940501809120178 0.09087171405553818
v -0.04590750113129616 0.04323718696832657 0.09083273261785507
v -0.042532116174697876 0.04260994866490364 0.07837226241827011
v 0.0722803846001625 0.060856569558382034 0.13107779622077942
v 0.06985360383987427 0.06278155744075775 0.13050666451454163
v 0.07114076614379883 0.06122270226478577 0.1323406994342804
v 0.07114076614379883 0.06122270226478577 0.1323406994342804
v 0.06985360383987427 0.06278155744075775 0.13050666451454163
v 0.06938719749450684 0.06284935772418976 0.13104727864265442
v 0.07114076614379883 0.06122270226478577 0.1323406994342804
v 0.06938719749450684 0.06284935772418976 0.13104727864265442
v 0.06791999191045761 0.060687314718961716 0.1381310522556305
v 0.06791999191045761 0.060687314718961716 0.1381310522556305
v 0.06938719749450684 0.06284935772418976 0.13104727864265442
v 0.06622017174959183 0.0623113214969635 0.1365852653980255
v 0.06791999191045761 0.060687314718961716 0.1381310522556305
v 0.06622017174959183 0.0623113214969635 0.1365852653980255
v 0.0638033002614975 0.06012911722064018 0.14345839619636536
v 0.0638033002614975 0.06012911722064018 0.14345839619636536
v 0.06622017174959183 0.0623113214969635 0.1365852653980255
v 0.06218228116631508 0.06176532432436943 0.1416793167591095
v 0.0638033002614975 0.06012911722064018 0.14345839619636536
v 0.06218228116631508 0.06176532432436943 0.1416793167591095
v 0.05884817615151405 0.05950635299086571 0.14820805191993713
v 0.05884817615151405 0.05950635299086571 0.14820805191993713
v 0.06218228116631508 0.06176532432436943 0.1416793167591095
v 0.05733906105160713 0.061174944043159485 0.1462203562259674
v 0.05884817615151405 0.05950635299086571 0.14820805191993713
v 0.05733906105160713 0.061174944043159485 0.1462203562259674
v 0.05313119292259216 0.05873914808034897 0.15233662724494934
v 0.05313119292259216 0.05873914808034897 0.15233662724494934
v 0.05733906105160713 0.061174944043159485 0.1462203562259674
v 0.050340596586465836 0.06197027489542961 0.14789119362831116
v 0.05313119292259216 0.05873914808034897 0.15233662724494934
v 0.050340596586465836 0.06197027489542961 0.14789119362831116
v 0.046654749661684036 0.05784051865339279 0.15582361817359924
v 0.046654749661684036 0.05784051865339279 0.15582361817359924
v 0.050340596586465836 0.06197027489542961 0.14789119362831116
v 0.04430190101265907 0.061205632984638214 0.15115013718605042
v 0.046654749661684036 0.05784051865339279 0.15582361817359924
v 0.04430190101265907 0.061205632984638214 0.15115013718605042
v 0.03934144228696823 0.05692354217171669 0.15867355465888977
v 0.03934144228696823 0.05692354217171669 0.15867355465888977
v 0.04430190101265907 0.061205632984638214 0.15115013718605042
v 0.0375153012573719 0.06040119752287865 0.15385594964027405
v 0.03934144228696823 0.05692354217171669 0.15867355465888977
v 0.0375153012573719 0.06040119752287865 0.15385594964027405
v 0.03125132620334625 0.05607591196894646 0.16087844967842102
v 0.03125132620334625 0.05607591196894646 0.16087844967842102
v 0.0375153012573719 0.06040119752287865 0.15385594964027405
v 0.03003307804465294 0.05961163341999054 0.15599408745765686
v 0.03125132620334625 0.05607591196894646 0.16087844967842102
v 0.03003307804465294 0.05961163341999054 0.15599408745765686
v 0.022870350629091263 0.0552939847111702 0.16239026188850403
v 0.022870350629091263 0.0552939847111702 0.16239026188850403
v 0.03003307804465294 0.05961163341999054 0.15599408745765686
v 0.022267162799835205 0.058843668550252914 0.1575087606906891
v 0.022870350629091263 0.0552939847111702 0.16239026188850403
v 0.022267162799835205 0.058843668550252914 0.1575087606906891
v 0.014725063927471638 0.05455809831619263 0.16316094994544983
v 0.014725063927471638 0.05455809831619263 0.16316094994544983
v 0.022267162799835205 0.058843668550252914 0.1575087606906891
v 0.014664428308606148 0.058095306158065796 0.15834453701972961
v 0.014725063927471638 0.05455809831619263 0.16316094994544983
v 0.014664428308606148 0.058095306158065796 0.15834453701972961
v 0.006962602958083153 0.05385924130678177 0.16321459412574768
v 0.006962602958083153 0.05385924130678177 0.16321459412574768
v 0.014664428308606148 0.058095306158065796 0.15834453701972961
v 0.0073578450828790665 0.05736715719103813 0.15852287411689758
v 0.006962602958083153 0.05385924130678177 0.16321459412574768
v 0.0073578450828790665 0.05736715719103813 0.15852287411689758
v -0.0004814949061255902 0.053194571286439896 0.16261425614356995
v -0.0004814949061255902 0.053194571286439896 0.16261425614356995
v 0.0073578450828790665 0.05736715719103813 0.15852287411689758
v 0.00030529979267157614 0.056661542505025864 0.15810731053352356
v -0.0004814949061255902 0.053194571286439896 0.16261425614356995
v 0.00030529979267157614 0.056661542505025864 0.15810731053352356
v -0.007618156727403402 0.052571553736925125 0.1613500416278839
v -0.007618156727403402 0.052571553736925125 0.1613500416278839
v 0.00030529979267157614 0.056661542505025864 0.15810731053352356
v -0.0064913202077150345 0.05599483102560043 0.1570817530155182
v -0.007618156727403402 0.052571553736925125 0.1613500416278839
v -0.0064913202077150345 0.05599483102560043 0.1570817530155182
v -0.01437383983284235 0.05201313644647598 0.15930119156837463
v -0.01437383983284235 0.05201313644647598 0.15930119156837463
v -0.0064913202077150345 0.05599483102560043 0.1570817530155182
v -0.012960687279701233 0.055404625833034515 0.15530887246131897
v -0.01437383983284235 0.05201313644647598 0.15930119156837463
v -0.012960687279701233 0.055404625833034515 0.15530887246131897
v -0.020684417337179184 0.051535382866859436 0.1563643515110016
v -0.020684417337179184 0.051535382866859436 0.1563643515110016
v -0.012960687279701233 0.055404625833034515 0.15530887246131897
v -0.01903676614165306 0.05491810664534569 0.1526731550693512
v -0.020684417337179184 0.051535382866859436 0.1563643515110016
v -0.01903676614165306 0.05491810664534569 0.1526731550693512
v -0.0265585295855999 0.05111812427639961 0.15255478024482727
v -0.0265585295855999 0.05111812427639961 0.15255478024482727
v -0.01903676614165306 0.05491810664534569 0.1526731550693512
v -0.02470250427722931 0.05450849235057831 0.14920154213905334
v -0.0265585295855999 0.05111812427639961 0.15255478024482727
v -0.02470250427722931 0.05450849235057831 0.14920154213905334
v -0.032013289630413055 0.050731539726257324 0.14792469143867493
v -0.032013289630413055 0.050731539726257324 0.14792469143867493
v -0.02470250427722931 0.05450849235057831 0.14920154213905334
v -0.0299446489661932 0.054134443402290344 0.1449609100818634
v -0.032013289630413055 0.050731539726257324 0.14792469143867493
v -0.0299446489661932 0.054134443402290344 0.1449609100818634
v -0.03688426315784454 0.05035144463181496 0.14258995652198792
v -0.03688426315784454 0.05035144463181496 0.14258995652198792
v -0.0299446489661932 0.054134443402290344 0.1449609100818634
v -0.03459811210632324 0.05376019328832626 0.14004161953926086
v -0.03688426315784454 0.05035144463181496 0.14258995652198792
v -0.03459811210632324 0.05376019328832626 0.14004161953926086
v -0.04086412489414215 0.04995815455913544 0.13671699166297913
v -0.04086412489414215 0.04995815455913544 0.13671699166297913
v -0.03459811210632324 0.05376019328832626 0.14004161953926086
v -0.038378387689590454 0.05335446819663048 0.13455143570899963
v -0.04086412489414215 0.04995815455913544 0.13671699166297913
v -0.038378387689590454 0.05335446819663048 0.13455143570899963
v -0.04374843090772629 0.04954008013010025 0.130450040102005
v -0.04374843090772629 0.04954008013010025 0.130450040102005
v -0.038378387689590454 0.05335446819663048 0.13455143570899963
v -0.04110380634665489 0.05290301516652107 0.1286046802997589
v -0.04374843090772629 0.04954008013010025 0.130450040102005
v -0.04110380634665489 0.05290301516652107 0.1286046802997589
v -0.04556211829185486 0.04910273849964142 0.12388446182012558
v -0.04556211829185486 0.04910273849964142 0.12388446182012558
v -0.04110380634665489 0.05290301516652107 0.1286046802997589
v -0.04282062128186226 0.052427902817726135 0.12232794612646103
v -0.04556211829185486 0.04910273849964142 0.12388446182012558
v -0.04282062128186226 0.052427902817726135 0.12232794612646103
v -0.04637899249792099 0.04865344241261482 0.11711623519659042
v -0.04637899249792099 0.04865344241261482 0.11711623519659042
v -0.04282062128186226 0.052427902817726135 0.12232794612646103
v -0.043618712574243546 0.05195273458957672 0.11585249751806259
v -0.04637899249792099 0.04865344241261482 0.11711623519659042
v -0.043618712574243546 0.05195273458957672 0.11585249751806259
v -0.0463985912501812 0.048196617513895035 0.1102924570441246
v -0.0463985912501812 0.048196617513895035 0.1102924570441246
v -0.043618712574243546 0.05195273458957672 0.11585249751806259
v -0.04368065670132637 0.05148039385676384 0.1093297228217125
v -0.0463985912501812 0.048196617513895035 0.1102924570441246
v -0.04368065670132637 0.05148039385676384 0.1093297228217125
v -0.045868292450904846 0.04773571342229843 0.1035776361823082
v -0.045868292450904846 0.04773571342229843 0.1035776361823082
v -0.04368065670132637 0.05148039385676384 0.1093297228217125
v -0.043223924934864044 0.051005467772483826 0.10291673988103867
v -0.045868292450904846 0.04773571342229843 0.1035776361823082
v -0.043223924934864044 0.051005467772483826 0.10291673988103867
v -0.04495494067668915 0.04727915674448013 0.09706749767065048
v -0.04495494067668915 0.04727915674448013 0.09706749767065048
v -0.043223924934864044 0.051005467772483826 0.10291673988103867
v -0.043736010789871216 0.04684087634086609 0.09078135341405869
v -0.04495494067668915 0.04727915674448013 0.09706749767065048
v -0.043736010789871216 0.04684087634086609 0.09078135341405869
v -0.04590750113129616 0.04323718696832657 0.09083273261785507
v -0.04590750113129616 0.04323718696832657 0.09083273261785507
v -0.043736010789871216 0.04684087634086609 0.09078135341405869
v -0.04048829525709152 0.046048492193222046 0.07884921878576279
v -0.04590750113129616 0.04323718696832657 0.09083273261785507
v -0.04048829525709152 0.046048492193222046 0.07884921878576279
v -0.042532116174697876 0.04260994866490364 0.07837226241827011
v -0.042532116174697876 0.04260994866490364 0.07837226241827011
v -0.04048829525709152 0.046048492193222046 0.07884921878576279
v -0.04036103934049606 0.04232746362686157 0.07238390296697617
v -0.042532116174697876 0.04260994866490364 0.07837226241827011
v -0.04036103934049606 0.04232746362686157 0.07238390296697617
v -0.04214503988623619 0.03869038075208664 0.07171573489904404
v -0.04214503988623619 0.03869038075208664 0.07171573489904404
v -0.04036103934049606 0.04232746362686157 0.07238390296697617
v -0.041253712028265 0.038151755928993225 0.06895449012517929
v -0.041253712028265 0.038151755928993225 0.06895449012517929
v -0.04381030052900314 0.03329475224018097 0.06946875900030136
v -0.04214503988623619 0.03869038075208664 0.07171573489904404
v -0.04214503988623619 0.03869038075208664 0.07171573489904404
v -0.04381030052900314 0.03329475224018097 0.06946875900030136
v -0.045182082802057266 0.031065920367836952 0.07060816138982773
v -0.04214503988623619 0.03869038075208664 0.07171573489904404
v -0.045182082802057266 0.031065920367836952 0.07060816138982773
v -0.0443517230451107 0.038912687450647354 0.07794072479009628
v -0.0443517230451107 0.038912687450647354 0.07794072479009628
v -0.045182082802057266 0.031065920367836952 0.07060816138982773
v -0.04740212485194206 0.03125990554690361 0.07722189277410507
v -0.0443517230451107 0.038912687450647354 0.07794072479009628
v -0.04740212485194206 0.03125990554690361 0.07722189277410507
v -0.04780656471848488 0.03940501809120178 0.09087171405553818
v -0.04780656471848488 0.03940501809120178 0.09087171405553818
v -0.04740212485194206 0.03125990554690361 0.07722189277410507
v -0.05088084191083908 0.03163977339863777 0.09092225879430771
v -0.04780656471848488 0.03940501809120178 0.09087171405553818
v -0.05088084191083908 0.03163977339863777 0.09092225879430771
v -0.049138233065605164 0.03974602371454239 0.09766187518835068
v -0.049138233065605164 0.03974602371454239 0.09766187518835068
v -0.05088084191083908 0.03163977339863777 0.09092225879430771
v -0.052224528044462204 0.031897615641355515 0.09809937328100204
v -0.049138233065605164 0.03974602371454239 0.09766187518835068
v -0.052224528044462204 0.031897615641355515 0.09809937328100204
v -0.05016178637742996 0.04014229029417038 0.10468151420354843
v -0.05016178637742996 0.04014229029417038 0.10468151420354843
v -0.052224528044462204 0.031897615641355515 0.09809937328100204
v -0.05325485020875931 0.03220125287771225 0.10551001876592636
v -0.05016178637742996 0.04014229029417038 0.10468151420354843
v -0.05325485020875931 0.03220125287771225 0.10551001876592636
v -0.05078815296292305 0.04055919498205185 0.11191215366125107
v -0.05078815296292305 0.04055919498205185 0.11191215366125107
v -0.05325485020875931 0.03220125287771225 0.10551001876592636
v -0.053875941783189774 0.032525986433029175 0.11313643306493759
v -0.05078815296292305 0.04055919498205185 0.11191215366125107
v -0.053875941783189774 0.032525986433029175 0.11313643306493759
v -0.05250350013375282 0.036927975714206696 0.12012281268835068
v -0.05250350013375282 0.036927975714206696 0.12012281268835068
v -0.053875941783189774 0.032525986433029175 0.11313643306493759
v -0.05387295410037041 0.03285891190171242 0.12087156623601913
v -0.05250350013375282 0.036927975714206696 0.12012281268835068
v -0.05387295410037041 0.03285891190171242 0.12087156623601913
v -0.051596857607364655 0.037311211228370667 0.12760058045387268
v -0.051596857607364655 0.037311211228370667 0.12760058045387268
v -0.05387295410037041 0.03285891190171242 0.12087156623601913
v -0.05292389541864395 0.03319782018661499 0.1285283863544464
v -0.051596857607364655 0.037311211228370667 0.12760058045387268
v -0.05292389541864395 0.03319782018661499 0.1285283863544464
v -0.04953116178512573 0.03769869729876518 0.13488081097602844
v -0.04953116178512573 0.03769869729876518 0.13488081097602844
v -0.05292389541864395 0.03319782018661499 0.1285283863544464
v -0.05079770088195801 0.033552899956703186 0.13598623871803284
v -0.04953116178512573 0.03769869729876518 0.13488081097602844
v -0.05079770088195801 0.033552899956703186 0.13598623871803284
v -0.04629833623766899 0.038115229457616806 0.1419924795627594
v -0.04629833623766899 0.038115229457616806 0.1419924795627594
v -0.05079770088195801 0.033552899956703186 0.13598623871803284
v -0.04749823734164238 0.0339641273021698 0.1432972252368927
v -0.04629833623766899 0.038115229457616806 0.1419924795627594
v -0.04749823734164238 0.0339641273021698 0.1432972252368927
v -0.04194527491927147 0.03858259320259094 0.14895060658454895
v -0.04194527491927147 0.03858259320259094 0.14895060658454895
v -0.04749823734164238 0.0339641273021698 0.1432972252368927
v -0.043083205819129944 0.03446504473686218 0.15049615502357483
v -0.04194527491927147 0.03858259320259094 0.14895060658454895
v -0.043083205819129944 0.03446504473686218 0.15049615502357483
v -0.03668241202831268 0.03907480090856552 0.15548136830329895
v -0.03668241202831268 0.03907480090856552 0.15548136830329895
v -0.043083205819129944 0.03446504473686218 0.15049615502357483
v -0.0377497598528862 0.035004593431949615 0.15728536248207092
v -0.03668241202831268 0.03907480090856552 0.15548136830329895
v -0.0377497598528862 0.035004593431949615 0.15728536248207092
v -0.030792396515607834 0.03954421728849411 0.1611821949481964
v -0.030792396515607834 0.03954421728849411 0.1611821949481964
v -0.0377497598528862 0.035004593431949615 0.15728536248207092
v -0.031756456941366196 0.03549366071820259 0.1632191240787506
v -0.030792396515607834 0.03954421728849411 0.1611821949481964
v -0.031756456941366196 0.03549366071820259 0.1632191240787506
v -0.024414751678705215 0.0399644710123539 0.16585996747016907
v -0.024414751678705215 0.0399644710123539 0.16585996747016907
v -0.031756456941366196 0.03549366071820259 0.1632191240787506
v -0.0252337958663702 0.03589220717549324 0.16808775067329407
v -0.024414751678705215 0.0399644710123539 0.16585996747016907
v -0.0252337958663702 0.03589220717549324 0.16808775067329407
v -0.017507396638393402 0.04033627361059189 0.16958704590797424
v -0.017507396638393402 0.04033627361059189 0.16958704590797424
v -0.0252337958663702 0.03589220717549324 0.16808775067329407
v -0.018149761483073235 0.03622254356741905 0.17198124527931213
v -0.017507396638393402 0.04033627361059189 0.16958704590797424
v -0.018149761483073235 0.03622254356741905 0.17198124527931213
v -0.01004698220640421 0.040668051689863205 0.17243829369544983
v -0.01004698220640421 0.040668051689863205 0.17243829369544983
v -0.018149761483073235 0.03622254356741905 0.17198124527931213
v -0.010495007038116455 0.03651168942451477 0.1749875843524933
v -0.01004698220640421 0.040668051689863205 0.17243829369544983
v -0.010495007038116455 0.03651168942451477 0.1749875843524933
v -0.00212005409412086 0.04098986089229584 0.1744348108768463
v -0.00212005409412086 0.04098986089229584 0.1744348108768463
v -0.010495007038116455 0.03651168942451477 0.1749875843524933
v -0.002379837678745389 0.03678920492529869 0.17711606621742249
v -0.00212005409412086 0.04098986089229584 0.1744348108768463
v -0.002379837678745389 0.03678920492529869 0.17711606621742249
v 0.006174074485898018 0.04133545979857445 0.1755841076374054
v 0.006174074485898018 0.04133545979857445 0.1755841076374054
v -0.002379837678745389 0.03678920492529869 0.17711606621742249
v 0.0060731228440999985 0.03708385303616524 0.17835858464241028
v 0.006174074485898018 0.04133545979857445 0.1755841076374054
v 0.0060731228440999985 0.03708385303616524 0.17835858464241028
v 0.014881269074976444 0.041724249720573425 0.17587247490882874
v 0.014881269074976444 0.041724249720573425 0.17587247490882874
v 0.0060731228440999985 0.03708385303616524 0.17835858464241028
v 0.014918353408575058 0.037407878786325455 0.17870524525642395
v 0.014881269074976444 0.041724249720573425 0.17587247490882874
v 0.014918353408575058 0.037407878786325455 0.17870524525642395
v 0.024140244349837303 0.04216655343770981 0.175272136926651
v 0.024140244349837303 0.04216655343770981 0.175272136926651
v 0.014918353408575058 0.037407878786325455 0.17870524525642395
v 0.024324221536517143 0.03776310756802559 0.17814436554908752
v 0.024140244349837303 0.04216655343770981 0.175272136926651
v 0.024324221536517143 0.03776310756802559 0.17814436554908752
v 0.033802930265665054 0.04270920157432556 0.1737155020236969
v 0.033802930265665054 0.04270920157432556 0.1737155020236969
v 0.024324221536517143 0.03776310756802559 0.17814436554908752
v 0.03416558355093002 0.03819751739501953 0.17659249901771545
v 0.033802930265665054 0.04270920157432556 0.1737155020236969
v 0.03416558355093002 0.03819751739501953 0.17659249901771545
v 0.03858182951807976 0.04305282235145569 0.17253580689430237
v 0.03858182951807976 0.04305282235145569 0.17253580689430237
v 0.03416558355093002 0.03819751739501953 0.17659249901771545
v 0.039049021899700165 0.03848472237586975 0.1753794252872467
v 0.03858182951807976 0.04305282235145569 0.17253580689430237
v 0.039049021899700165 0.03848472237586975 0.1753794252872467
v 0.04320639371871948 0.043464478105306625 0.17106428742408752
v 0.04320639371871948 0.043464478105306625 0.17106428742408752
v 0.039049021899700165 0.03848472237586975 0.1753794252872467
v 0.04378975182771683 0.03884179890155792 0.1738375723361969
v 0.04320639371871948 0.043464478105306625 0.17106428742408752
v 0.04378975182771683 0.03884179890155792 0.1738375723361969
v 0.04759396240115166 0.043954525142908096 0.16928771138191223
v 0.04759396240115166 0.043954525142908096 0.16928771138191223
v 0.04378975182771683 0.03884179890155792 0.1738375723361969
v 0.048305269330739975 0.03928126022219658 0.17194584012031555
v 0.04759396240115166 0.043954525142908096 0.16928771138191223
v 0.048305269330739975 0.03928126022219658 0.17194584012031555
v 0.051711153239011765 0.04450080916285515 0.16722920536994934
v 0.051711153239011765 0.04450080916285515 0.16722920536994934
v 0.048305269330739975 0.03928126022219658 0.17194584012031555
v 0.052555423229932785 0.039780497550964355 0.1697336733341217
v 0.051711153239011765 0.04450080916285515 0.16722920536994934
v 0.052555423229932785 0.039780497550964355 0.1697336733341217
v 0.0565185621380806 0.04030156135559082 0.16725316643714905
v 0.0565185621380806 0.04030156135559082 0.16725316643714905
v 0.052555423229932785 0.039780497550964355 0.1697336733341217
v 0.05309564992785454 0.03497563302516937 0.17170587182044983
v 0.0565185621380806 0.04030156135559082 0.16725316643714905
v 0.05309564992785454 0.03497563302516937 0.17170587182044983
v 0.05716395378112793 0.03542104363441467 0.1690707504749298
v 0.05716395378112793 0.03542104363441467 0.1690707504749298
v 0.05309564992785454 0.03497563302516937 0.17170587182044983
v 0.05344998836517334 0.030033493414521217 0.17329338192939758
v 0.05716395378112793 0.03542104363441467 0.1690707504749298
v 0.05344998836517334 0.030033493414521217 0.17329338192939758
v 0.05759384483098984 0.030386969447135925 0.17051628232002258
v 0.05759384483098984 0.030386969447135925 0.17051628232002258
v 0.05344998836517334 0.030033493414521217 0.17329338192939758
v 0.05386408790946007 0.019777381792664528 0.17558911442756653
v 0.05759384483098984 0.030386969447135925 0.17051628232002258
v 0.05386408790946007 0.019777381792664528 0.17558911442756653
v 0.05807570740580559 0.01994737610220909 0.1725631058216095
v 0.05807570740580559 0.01994737610220909 0.1725631058216095
v 0.05386408790946007 0.019777381792664528 0.17558911442756653
v 0.05405651032924652 0.009382271207869053 0.17678669095039368
v 0.05807570740580559 0.01994737610220909 0.1725631058216095
v 0.05405651032924652 0.009382271207869053 0.17678669095039368
v 0.058272507041692734 0.009435293264687061 0.17360439896583557
v 0.058272507041692734 0.009435293264687061 0.17360439896583557
v 0.05405651032924652 0.009382271207869053 0.17678669095039368
v 0.05939429625868797 -0.0004884430090896785 0.17296066880226135
v 0.058272507041692734 0.009435293264687061 0.17360439896583557
v 0.05939429625868797 -0.0004884430090896785 0.17296066880226135
v 0.06390956044197083 -0.0004884558729827404 0.16870072484016418
v 0.05757026746869087 0.03194906562566757 0.028529250994324684
v 0.05608212202787399 0.035505373030900955 0.03082212246954441
v 0.05810875445604324 0.03617941588163376 0.032985832542181015
v 0.056470997631549835 0.03966547176241875 0.035537686198949814
v 0.05849919468164444 0.04062535613775253 0.038136329501867294
v 0.06003165245056152 0.03696361929178238 0.03584041818976402
v 0.05461209639906883 0.04294545203447342 0.038486089557409286
v 0.05675869062542915 0.04401500150561333 0.04087212309241295
v 0.05849919468164444 0.04062535613775253 0.038136329501867294
v 0.060837678611278534 0.05602777749300003 0.061974551528692245
v 0.061720963567495346 0.05463791266083717 0.059934403747320175
v 0.06030096858739853 0.053906600922346115 0.05760350450873375
v 0.04981483146548271 0.06508449465036392 0.08183564990758896
v 0.0506853349506855 0.06563182175159454 0.08429136127233505
v 0.052063047885894775 0.06475221365690231 0.08105780929327011
v 0.04981483146548271 0.06508449465036392 0.08183564990758896
v 0.052063047885894775 0.06475221365690231 0.08105780929327011
v 0.04860010743141174 0.06433770805597305 0.0788506492972374
v 0.04860010743141174 0.06433770805597305 0.0788506492972374
v 0.05310162156820297 0.06332559883594513 0.07655241340398788
v 0.0466572605073452 0.06318140774965286 0.07466914504766464
v 0.0466572605073452 0.06318140774965286 0.07466914504766464
v 0.05310162156820297 0.06332559883594513 0.07655241340398788
v 0.04952867701649666 0.0612446591258049 0.06969525665044785
v 0.0466572605073452 0.06318140774965286 0.07466914504766464
v 0.04952867701649666 0.0612446591258049 0.06969525665044785
v 0.04529745504260063 0.06240100413560867 0.07201375812292099
v 0.04529745504260063 0.06240100413560867 0.07201375812292099
v 0.04952867701649666 0.0612446591258049 0.06969525665044785
v 0.04553157463669777 0.05912049487233162 0.06320121139287949
v 0.04529745504260063 0.06240100413560867 0.07201375812292099
v 0.04553157463669777 0.05912049487233162 0.06320121139287949
v 0.04153885319828987 0.06038852408528328 0.06543948501348495
v 0.04153885319828987 0.06038852408528328 0.06543948501348495
v 0.04553157463669777 0.05912049487233162 0.06320121139287949
v 0.045572977513074875 0.05515722185373306 0.0545819066464901
v 0.0370057076215744 0.05275017395615578 0.048842813819646835
v 0.03108404204249382 0.05707446485757828 0.05553748831152916
v 0.03424517437815666 0.05759180337190628 0.05700137838721275
v 0.029668673872947693 0.052159007638692856 0.04699375852942467
v 0.0246774610131979 0.05188721790909767 0.046372558921575546
v 0.026674281805753708 0.05664047226309776 0.054262425750494
v 0.026674281805753708 0.05664047226309776 0.054262425750494
v 0.0246774610131979 0.05188721790909767 0.046372558921575546
v 0.02145613357424736 0.05625874549150467 0.053382184356451035
v 0.0360955148935318 0.04080696403980255 0.033247556537389755
v 0.03134675323963165 0.045757513493299484 0.03849276527762413
v 0.033115204423666 0.04621270298957825 0.03913101181387901
v 0.033115204423666 0.04621270298957825 0.03913101181387901
v 0.03134675323963165 0.045757513493299484 0.03849276527762413
v 0.026964928954839706 0.04972929134964943 0.04336055740714073
v 0.04396480694413185 0.037046272307634354 0.02988954819738865
v 0.039744481444358826 0.0364869087934494 0.029230916872620583
v 0.0360955148935318 0.04080696403980255 0.033247556537389755
v 0.04823412746191025 0.002728061517700553 0.01991560496389866
v 0.04785912111401558 0.009952377527952194 0.02032640017569065
v 0.049953050911426544 0.00850336067378521 0.020204151049256325
v 0.049953050911426544 0.00850336067378521 0.020204151049256325
v 0.04785912111401558 0.009952377527952194 0.02032640017569065
v 0.047130286693573 0.0164482519030571 0.02112492360174656
v 0.049953050911426544 0.00850336067378521 0.020204151049256325
v 0.047130286693573 0.0164482519030571 0.02112492360174656
v 0.049315404146909714 0.018047858029603958 0.021388733759522438
v 0.049315404146909714 0.018047858029603958 0.021388733759522438
v 0.047130286693573 0.0164482519030571 0.02112492360174656
v 0.04614589735865593 0.022046513855457306 0.022203827276825905
v 0.049315404146909714 0.018047858029603958 0.021388733759522438
v 0.04614589735865593 0.022046513855457306 0.022203827276825905
v 0.04877377301454544 0.022713299840688705 0.02237340249121189
v 0.04877377301454544 0.022713299840688705 0.02237340249121189
v 0.04614589735865593 0.022046513855457306 0.022203827276825905
v 0.04488619789481163 0.026858920231461525 0.023585045710206032
v 0.04877377301454544 0.022713299840688705 0.02237340249121189
v 0.04488619789481163 0.026858920231461525 0.023585045710206032
v 0.04800071194767952 0.027029238641262054 0.023675108328461647
v 0.04800071194767952 0.027029238641262054 0.023675108328461647
v 0.04488619789481163 0.026858920231461525 0.023585045710206032
v 0.04361555352807045 0.030201919376850128 0.024979019537568092
v 0.04800071194767952 0.027029238641262054 0.023675108328461647
v 0.04361555352807045 0.030201919376850128 0.024979019537568092
v 0.046932656317949295 0.030783357098698616 0.02533700503408909
v 0.046932656317949295 0.030783357098698616 0.02533700503408909
v 0.04361555352807045 0.030201919376850128 0.024979019537568092
v 0.04200455918908119 0.033247675746679306 0.026747489348053932
v 0.046932656317949295 0.030783357098698616 0.02533700503408909
v 0.04200455918908119 0.033247675746679306 0.026747489348053932
v 0.04556998237967491 0.034031447023153305 0.02739717997610569
v 0.04556998237967491 0.034031447023153305 0.02739717997610569
v 0.04200455918908119 0.033247675746679306 0.026747489348053932
v 0.039744481444358826 0.0364869087934494 0.029230916872620583
v 0.0598347932100296 0.004137387499213219 0.0210359338670969
v 0.059948381036520004 -0.0004847986565437168 0.02096858061850071
v 0.05883493274450302 -0.0004848862299695611 0.020641112700104713
v 0.0627354085445404 0.0042611234821379185 0.02269061841070652
v 0.06293783336877823 -0.00048469213652424514 0.022671246901154518
v 0.06128580868244171 -0.0004847194068133831 0.021537745371460915
v 0.06481929123401642 0.004338761325925589 0.02533581294119358
v 0.06497061997652054 -0.00048492103815078735 0.025257373228669167
v 0.06438314914703369 -0.0004847777890972793 0.02432175911962986
v 0.06645569205284119 0.0043982695788145065 0.029022956266999245
v 0.06660321354866028 -0.0004897371400147676 0.028947139158844948
v 0.06547857075929642 -0.0004855188017245382 0.026224160566926003
v 0.06724657118320465 -0.0004904073430225253 0.03084036149084568
v 0.06953585892915726 0.0045516518875956535 0.03930756077170372
v 0.0696442574262619 -0.00048469510511495173 0.039271142333745956
v 0.0696442574262619 -0.00048469510511495173 0.039271142333745956
v 0.06953585892915726 0.0045516518875956535 0.03930756077170372
v 0.0696248710155487 0.0035619251430034637 0.03949400410056114
v 0.0696442574262619 -0.00048469510511495173 0.039271142333745956
v 0.0696248710155487 0.0035619251430034637 0.03949400410056114
v 0.06970026344060898 -0.0004847492673434317 0.039489831775426865
v 0.06912341713905334 0.011359014548361301 0.03962191566824913
v 0.06919700652360916 0.01004217378795147 0.03944822773337364
v 0.06828088313341141 0.018902746960520744 0.04007979854941368
v 0.06828088313341141 0.018902746960520744 0.04007979854941368
v 0.06919700652360916 0.01004217378795147 0.03944822773337364
v 0.06804119050502777 0.020429309457540512 0.04013272747397423
v 0.06828088313341141 0.018902746960520744 0.04007979854941368
v 0.06804119050502777 0.020429309457540512 0.04013272747397423
v 0.06750442087650299 0.024336926639080048 0.04074921831488609
v 0.0664580836892128 0.029901990666985512 0.041517700999975204
v 0.06638956069946289 0.031490426510572433 0.04240497574210167
v 0.06710394471883774 0.026872266083955765 0.041194286197423935
v 0.0673229917883873 0.025496939197182655 0.04094048961997032
v 0.06729793548583984 0.025256726890802383 0.040724482387304306
v 0.0671871230006218 0.026346813887357712 0.041092660278081894
v 0.0671871230006218 0.026346813887357712 0.041092660278081894
v 0.06729793548583984 0.025256726890802383 0.040724482387304306
v 0.06711839884519577 0.02677113376557827 0.04117264971137047
v 0.0637911781668663 0.04999513179063797 0.05442860350012779
v 0.06437543779611588 0.04767991602420807 0.052208926528692245
v 0.06180305406451225 0.046492110937833786 0.04783907160162926
v 0.06180305406451225 0.046492110937833786 0.04783907160162926
v 0.06437543779611588 0.04767991602420807 0.052208926528692245
v 0.0648016557097435 0.04511180892586708 0.050022389739751816
v 0.06180305406451225 0.046492110937833786 0.04783907160162926
v 0.0648016557097435 0.04511180892586708 0.050022389739751816
v 0.06325197964906693 0.0428282804787159 0.045599546283483505
v 0.06325197964906693 0.0428282804787159 0.045599546283483505
v 0.0648016557097435 0.04511180892586708 0.050022389739751816
v 0.06540251523256302 0.03958074748516083 0.04613634571433067
v 0.06325197964906693 0.0428282804787159 0.045599546283483505
v 0.06540251523256302 0.03958074748516083 0.04613634571433067
v 0.06447450071573257 0.03876525163650513 0.043867792934179306
v 0.06447450071573257 0.03876525163650513 0.043867792934179306
v 0.06540251523256302 0.03958074748516083 0.04613634571433067
v 0.06579594314098358 0.035968974232673645 0.0441952608525753
v 0.06447450071573257 0.03876525163650513 0.043867792934179306
v 0.06579594314098358 0.035968974232673645 0.0441952608525753
v 0.06552588194608688 0.03441812843084335 0.04254194721579552
v 0.06552588194608688 0.03441812843084335 0.04254194721579552
v 0.06579594314098358 0.035968974232673645 0.0441952608525753
v 0.0661235898733139 0.033388275653123856 0.043087806552648544
v 0.045177437365055084 0.0474139042198658 0.042236294597387314
v 0.03958427906036377 0.053158946335315704 0.04996505007147789
v 0.041724793612957 0.05368205904960632 0.051221515983343124
v 0.041724793612957 0.05368205904960632 0.051221515983343124
v 0.03958427906036377 0.053158946335315704 0.04996505007147789
v 0.036327701061964035 0.05812805891036987 0.058509375900030136
v 0.041724793612957 0.05368205904960632 0.051221515983343124
v 0.036327701061964035 0.05812805891036987 0.058509375900030136
v 0.04364848509430885 0.05434267967939377 0.05269601568579674
v 0.04364848509430885 0.05434267967939377 0.05269601568579674
v 0.036327701061964035 0.05812805891036987 0.058509375900030136
v 0.03852897882461548 0.05895831063389778 0.06095173582434654
v 0.04364848509430885 0.05434267967939377 0.05269601568579674
v 0.03852897882461548 0.05895831063389778 0.06095173582434654
v 0.045572977513074875 0.05515722185373306 0.0545819066464901
v 0.045572977513074875 0.05515722185373306 0.0545819066464901
v 0.03852897882461548 0.05895831063389778 0.06095173582434654
v 0.03858734667301178 0.05898376554250717 0.061029102653265
v 0.045572977513074875 0.05515722185373306 0.0545819066464901
v 0.03858734667301178 0.05898376554250717 0.061029102653265
v 0.04153885319828987 0.06038852408528328 0.06543948501348495
v 0.04553157463669777 0.05912049487233162 0.06320121139287949
v 0.050018228590488434 0.0572558231651783 0.06010570749640465
v 0.045572977513074875 0.05515722185373306 0.0545819066464901
v 0.045572977513074875 0.05515722185373306 0.0545819066464901
v 0.050018228590488434 0.0572558231651783 0.06010570749640465
v 0.049197372049093246 0.05269797891378403 0.05099168047308922
v 0.045572977513074875 0.05515722185373306 0.0545819066464901
v 0.049197372049093246 0.05269797891378403 0.05099168047308922
v 0.04364848509430885 0.05434267967939377 0.05269601568579674
v 0.04364848509430885 0.05434267967939377 0.05269601568579674
v 0.049197372049093246 0.05269797891378403 0.05099168047308922
v 0.04702400043606758 0.05175117403268814 0.04898729547858238
v 0.04364848509430885 0.05434267967939377 0.05269601568579674
v 0.04702400043606758 0.05175117403268814 0.04898729547858238
v 0.041724793612957 0.05368205904960632 0.051221515983343124
v 0.041724793612957 0.05368205904960632 0.051221515983343124
v 0.04702400043606758 0.05175117403268814 0.04898729547858238
v 0.044861629605293274 0.05097660422325134 0.04741671308875084
v 0.041724793612957 0.05368205904960632 0.051221515983343124
v 0.044861629605293274 0.05097660422325134 0.04741671308875084
v 0.045177437365055084 0.0474139042198658 0.042236294597387314
v 0.026674281805753708 0.05664047226309776 0.054262425750494
v 0.03108404204249382 0.05707446485757828 0.05553748831152916
v 0.029668673872947693 0.052159007638692856 0.04699375852942467
v 0.029668673872947693 0.052159007638692856 0.04699375852942467
v 0.03108404204249382 0.05707446485757828 0.05553748831152916
v 0.03376525640487671 0.0524277500808239 0.04784860834479332
v 0.029668673872947693 0.052159007638692856 0.04699375852942467
v 0.03376525640487671 0.0524277500808239 0.04784860834479332
v 0.03815858066082001 0.04650014266371727 0.039944376796483994
v 0.05472920462489128 0.04713791608810425 0.04400768503546715
v 0.05675869062542915 0.04401500150561333 0.04087212309241295
v 0.05247969552874565 0.046044912189245224 0.04177519306540489
v 0.05247969552874565 0.046044912189245224 0.04177519306540489
v 0.05675869062542915 0.04401500150561333 0.04087212309241295
v 0.05461209639906883 0.04294545203447342 0.038486089557409286
v 0.05247969552874565 0.046044912189245224 0.04177519306540489
v 0.05461209639906883 0.04294545203447342 0.038486089557409286
v 0.05021728202700615 0.045114196836948395 0.040027108043432236
v 0.05849919468164444 0.04062535613775253 0.038136329501867294
v 0.056470997631549835 0.03966547176241875 0.035537686198949814
v 0.05461209639906883 0.04294545203447342 0.038486089557409286
v 0.05461209639906883 0.04294545203447342 0.038486089557409286
v 0.056470997631549835 0.03966547176241875 0.035537686198949814
v 0.052424684166908264 0.042019784450531006 0.03662964329123497
v 0.05461209639906883 0.04294545203447342 0.038486089557409286
v 0.052424684166908264 0.042019784450531006 0.03662964329123497
v 0.05021728202700615 0.045114196836948395 0.040027108043432236
v 0.05810875445604324 0.03617941588163376 0.032985832542181015
v 0.05608212202787399 0.035505373030900955 0.03082212246954441
v 0.05437130853533745 0.03883199766278267 0.033539559692144394
v 0.05437130853533745 0.03883199766278267 0.033539559692144394
v 0.05608212202787399 0.035505373030900955 0.03082212246954441
v 0.05186152458190918 0.038129523396492004 0.03198036178946495
v 0.05437130853533745 0.03883199766278267 0.033539559692144394
v 0.05186152458190918 0.038129523396492004 0.03198036178946495
v 0.04986942186951637 0.04124188423156738 0.035104598850011826
v 0.05186152458190918 0.038129523396492004 0.03198036178946495
v 0.046581726521253586 0.04060646519064903 0.033838000148534775
v 0.04986942186951637 0.04124188423156738 0.035104598850011826
v 0.04986942186951637 0.04124188423156738 0.035104598850011826
v 0.046581726521253586 0.04060646519064903 0.033838000148534775
v 0.042095787823200226 0.04688924551010132 0.04099276289343834
v 0.04986942186951637 0.04124188423156738 0.035104598850011826
v 0.042095787823200226 0.04688924551010132 0.04099276289343834
v 0.045177437365055084 0.0474139042198658 0.042236294597387314
v 0.045177437365055084 0.0474139042198658 0.042236294597387314
v 0.042095787823200226 0.04688924551010132 0.04099276289343834
v 0.0370057076215744 0.05275017395615578 0.048842813819646835
v 0.045177437365055084 0.0474139042198658 0.042236294597387314
v 0.0370057076215744 0.05275017395615578 0.048842813819646835
v 0.03958427906036377 0.053158946335315704 0.04996505007147789
v 0.03958427906036377 0.053158946335315704 0.04996505007147789
v 0.0370057076215744 0.05275017395615578 0.048842813819646835
v 0.03424517437815666 0.05759180337190628 0.05700137838721275
v 0.03958427906036377 0.053158946335315704 0.04996505007147789
v 0.03424517437815666 0.05759180337190628 0.05700137838721275
v 0.036327701061964035 0.05812805891036987 0.058509375900030136
v 0.03108404204249382 0.05707446485757828 0.05553748831152916
v 0.0370057076215744 0.05275017395615578 0.048842813819646835
v 0.03376525640487671 0.0524277500808239 0.04784860834479332
v 0.03376525640487671 0.0524277500808239 0.04784860834479332
v 0.0370057076215744 0.05275017395615578 0.048842813819646835
v 0.042095787823200226 0.04688924551010132 0.04099276289343834
v 0.03376525640487671 0.0524277500808239 0.04784860834479332
v 0.042095787823200226 0.04688924551010132 0.04099276289343834
v 0.03815858066082001 0.04650014266371727 0.039944376796483994
v 0.03815858066082001 0.04650014266371727 0.039944376796483994
v 0.042095787823200226 0.04688924551010132 0.04099276289343834
v 0.046581726521253586 0.04060646519064903 0.033838000148534775
v 0.03815858066082001 0.04650014266371727 0.039944376796483994
v 0.046581726521253586 0.04060646519064903 0.033838000148534775
v 0.042170360684394836 0.040101729333400726 0.032846059650182724
v 0.042170360684394836 0.040101729333400726 0.032846059650182724
v 0.046581726521253586 0.04060646519064903 0.033838000148534775
v 0.048540957272052765 0.03754360228776932 0.030774319544434547
v 0.048540957272052765 0.03754360228776932 0.030774319544434547
v 0.046581726521253586 0.04060646519064903 0.033838000148534775
v 0.05186152458190918 0.038129523396492004 0.03198036178946495
v 0.048540957272052765 0.03754360228776932 0.030774319544434547
v 0.05186152458190918 0.038129523396492004 0.03198036178946495
v 0.05361618101596832 0.034948594868183136 0.02923961915075779
v 0.05361618101596832 0.034948594868183136 0.02923961915075779
v 0.05186152458190918 0.038129523396492004 0.03198036178946495
v 0.05608212202787399 0.035505373030900955 0.03082212246954441
v 0.05361618101596832 0.034948594868183136 0.02923961915075779
v 0.05608212202787399 0.035505373030900955 0.03082212246954441
v 0.05512714385986328 0.031541503965854645 0.026926660910248756
v 0.05512714385986328 0.031541503965854645 0.026926660910248756
v 0.05608212202787399 0.035505373030900955 0.03082212246954441
v 0.05757026746869087 0.03194906562566757 0.028529250994324684
v 0.05512714385986328 0.031541503965854645 0.026926660910248756
v 0.05757026746869087 0.03194906562566757 0.028529250994324684
v 0.05638866499066353 0.027751201763749123 0.025083566084504128
v 0.01823701523244381 0.05603409186005592 0.05309167131781578
v 0.02145613357424736 0.05625874549150467 0.053382184356451035
v 0.02219957485795021 0.05342555418610573 0.04870608076453209
v 0.02219957485795021 0.05342555418610573 0.04870608076453209
v 0.02145613357424736 0.05625874549150467 0.053382184356451035
v 0.0246774610131979 0.05188721790909767 0.046372558921575546
v 0.02219957485795021 0.05342555418610573 0.04870608076453209
v 0.0246774610131979 0.05188721790909767 0.046372558921575546
v 0.026964928954839706 0.04972929134964943 0.04336055740714073
v 0.026964928954839706 0.04972929134964943 0.04336055740714073
v 0.0246774610131979 0.05188721790909767 0.046372558921575546
v 0.029668673872947693 0.052159007638692856 0.04699375852942467
v 0.026964928954839706 0.04972929134964943 0.04336055740714073
v 0.029668673872947693 0.052159007638692856 0.04699375852942467
v 0.033115204423666 0.04621270298957825 0.03913101181387901
v 0.033115204423666 0.04621270298957825 0.03913101181387901
v 0.029668673872947693 0.052159007638692856 0.04699375852942467
v 0.03815858066082001 0.04650014266371727 0.039944376796483994
v 0.033115204423666 0.04621270298957825 0.03913101181387901
v 0.03815858066082001 0.04650014266371727 0.039944376796483994
v 0.0360955148935318 0.04080696403980255 0.033247556537389755
v 0.0360955148935318 0.04080696403980255 0.033247556537389755
v 0.03815858066082001 0.04650014266371727 0.039944376796483994
v 0.042170360684394836 0.040101729333400726 0.032846059650182724
v 0.0360955148935318 0.04080696403980255 0.033247556537389755
v 0.042170360684394836 0.040101729333400726 0.032846059650182724
v 0.04396480694413185 0.037046272307634354 0.02988954819738865
v 0.04396480694413185 0.037046272307634354 0.02988954819738865
v 0.042170360684394836 0.040101729333400726 0.032846059650182724
v 0.048540957272052765 0.03754360228776932 0.030774319544434547
v 0.04396480694413185 0.037046272307634354 0.02988954819738865
v 0.048540957272052765 0.03754360228776932 0.030774319544434547
v 0.05027895048260689 0.03447715938091278 0.02813246287405491
v 0.05027895048260689 0.03447715938091278 0.02813246287405491
v 0.048540957272052765 0.03754360228776932 0.030774319544434547
v 0.05361618101596832 0.034948594868183136 0.02923961915075779
v 0.05027895048260689 0.03447715938091278 0.02813246287405491
v 0.05361618101596832 0.034948594868183136 0.02923961915075779
v 0.05176232010126114 0.031181080266833305 0.025919998064637184
v 0.05176232010126114 0.031181080266833305 0.025919998064637184
v 0.05361618101596832 0.034948594868183136 0.02923961915075779
v 0.05512714385986328 0.031541503965854645 0.026926660910248756
v 0.05176232010126114 0.031181080266833305 0.025919998064637184
v 0.05512714385986328 0.031541503965854645 0.026926660910248756
v 0.052958618849515915 0.02743014320731163 0.02414240874350071
v 0.052958618849515915 0.02743014320731163 0.02414240874350071
v 0.05512714385986328 0.031541503965854645 0.026926660910248756
v 0.05638866499066353 0.027751201763749123 0.025083566084504128
v 0.052958618849515915 0.02743014320731163 0.02414240874350071
v 0.05638866499066353 0.027751201763749123 0.025083566084504128
v 0.053875233978033066 0.023169128224253654 0.022773826494812965
v 0.0661235898733139 0.033388275653123856 0.043087806552648544
v 0.06638956069946289 0.031490426510572433 0.04240497574210167
v 0.06552588194608688 0.03441812843084335 0.04254194721579552
v 0.06552588194608688 0.03441812843084335 0.04254194721579552
v 0.06638956069946289 0.031490426510572433 0.04240497574210167
v 0.0664580836892128 0.029901990666985512 0.041517700999975204
v 0.06552588194608688 0.03441812843084335 0.04254194721579552
v 0.0664580836892128 0.029901990666985512 0.041517700999975204
v 0.06256833672523499 0.028877118602395058 0.03246596083045006
v 0.06256833672523499 0.028877118602395058 0.03246596083045006
v 0.0664580836892128 0.029901990666985512 0.041517700999975204
v 0.06361405551433563 0.02446899004280567 0.031316306442022324
v 0.06256833672523499 0.028877118602395058 0.03246596083045006
v 0.06361405551433563 0.02446899004280567 0.031316306442022324
v 0.061892345547676086 0.02414468675851822 0.027880633249878883
v 0.061892345547676086 0.02414468675851822 0.027880633249878883
v 0.06361405551433563 0.02446899004280567 0.031316306442022324
v 0.06284184753894806 0.01955939270555973 0.026924515143036842
v 0.061892345547676086 0.02414468675851822 0.027880633249878883
v 0.06284184753894806 0.01955939270555973 0.026924515143036842
v 0.06086251884698868 0.019297940656542778 0.024343455210328102
v 0.06086251884698868 0.019297940656542778 0.024343455210328102
v 0.06284184753894806 0.01955939270555973 0.026924515143036842
v 0.06435526907444 0.009599471464753151 0.025661850348114967
v 0.06086251884698868 0.019297940656542778 0.024343455210328102
v 0.06435526907444 0.009599471464753151 0.025661850348114967
v 0.06230159103870392 0.009443231858313084 0.023026729002594948
v 0.06230159103870392 0.009443231858313084 0.023026729002594948
v 0.06435526907444 0.009599471464753151 0.025661850348114967
v 0.0627354085445404 0.0042611234821379185 0.02269061841070652
v 0.06230159103870392 0.009443231858313084 0.023026729002594948
v 0.0627354085445404 0.0042611234821379185 0.02269061841070652
v 0.0598347932100296 0.004137387499213219 0.0210359338670969
v 0.0598347932100296 0.004137387499213219 0.0210359338670969
v 0.0627354085445404 0.0042611234821379185 0.02269061841070652
v 0.06128580868244171 -0.0004847194068133831 0.021537745371460915
v 0.0598347932100296 0.004137387499213219 0.0210359338670969
v 0.06128580868244171 -0.0004847194068133831 0.021537745371460915
v 0.059948381036520004 -0.0004847986565437168 0.02096858061850071
v 0.059545423835515976 0.032451167702674866 0.030853355303406715
v 0.06080014258623123 0.028444882482290268 0.029160941019654274
v 0.058848731219768524 0.028072578832507133 0.026710713282227516
v 0.058848731219768524 0.028072578832507133 0.026710713282227516
v 0.06080014258623123 0.028444882482290268 0.029160941019654274
v 0.05993698164820671 0.02384287491440773 0.025348985567688942
v 0.058848731219768524 0.028072578832507133 0.026710713282227516
v 0.05993698164820671 0.02384287491440773 0.025348985567688942
v 0.05741599202156067 0.023530861362814903 0.023693108931183815
v 0.05741599202156067 0.023530861362814903 0.023693108931183815
v 0.05993698164820671 0.02384287491440773 0.025348985567688942
v 0.05825032293796539 0.018969865515828133 0.022664749994874
v 0.05741599202156067 0.023530861362814903 0.023693108931183815
v 0.05825032293796539 0.018969865515828133 0.022664749994874
v 0.054568808525800705 0.01855289191007614 0.021749818697571754
v 0.054568808525800705 0.01855289191007614 0.021749818697571754
v 0.05825032293796539 0.018969865515828133 0.022664749994874
v 0.05947863683104515 0.00920271035283804 0.02135469950735569
v 0.054568808525800705 0.01855289191007614 0.021749818697571754
v 0.05947863683104515 0.00920271035283804 0.02135469950735569
v 0.055497825145721436 0.008877323009073734 0.020490432158112526
v 0.055497825145721436 0.008877323009073734 0.020490432158112526
v 0.05947863683104515 0.00920271035283804 0.02135469950735569
v 0.05574747920036316 0.003968509379774332 0.020204627886414528
v 0.055497825145721436 0.008877323009073734 0.020490432158112526
v 0.05574747920036316 0.003968509379774332 0.020204627886414528
v 0.04940415546298027 -0.00048576900735497475 0.019880080595612526
v 0.04940415546298027 -0.00048576900735497475 0.019880080595612526
v 0.05574747920036316 0.003968509379774332 0.020204627886414528
v 0.05566045641899109 -0.0004851801204495132 0.020125174894928932
v 0.039744481444358826 0.0364869087934494 0.029230916872620583
v 0.04396480694413185 0.037046272307634354 0.02988954819738865
v 0.04556998237967491 0.034031447023153305 0.02739717997610569
v 0.04556998237967491 0.034031447023153305 0.02739717997610569
v 0.04396480694413185 0.037046272307634354 0.02988954819738865
v 0.05027895048260689 0.03447715938091278 0.02813246287405491
v 0.04556998237967491 0.034031447023153305 0.02739717997610569
v 0.05027895048260689 0.03447715938091278 0.02813246287405491
v 0.046932656317949295 0.030783357098698616 0.02533700503408909
v 0.046932656317949295 0.030783357098698616 0.02533700503408909
v 0.05027895048260689 0.03447715938091278 0.02813246287405491
v 0.05176232010126114 0.031181080266833305 0.025919998064637184
v 0.046932656317949295 0.030783357098698616 0.02533700503408909
v 0.05176232010126114 0.031181080266833305 0.025919998064637184
v 0.04800071194767952 0.027029238641262054 0.023675108328461647
v 0.04800071194767952 0.027029238641262054 0.023675108328461647
v 0.05176232010126114 0.031181080266833305 0.025919998064637184
v 0.052958618849515915 0.02743014320731163 0.02414240874350071
v 0.04800071194767952 0.027029238641262054 0.023675108328461647
v 0.052958618849515915 0.02743014320731163 0.02414240874350071
v 0.04877377301454544 0.022713299840688705 0.02237340249121189
v 0.04877377301454544 0.022713299840688705 0.02237340249121189
v 0.052958618849515915 0.02743014320731163 0.02414240874350071
v 0.053875233978033066 0.023169128224253654 0.022773826494812965
v 0.04877377301454544 0.022713299840688705 0.02237340249121189
v 0.053875233978033066 0.023169128224253654 0.022773826494812965
v 0.049315404146909714 0.018047858029603958 0.021388733759522438
v 0.04826638102531433 -0.00048586874618195 0.019880259409546852
v 0.04823412746191025 0.002728061517700553 0.01991560496389866
v 0.04940415546298027 -0.00048576900735497475 0.019880080595612526
v 0.04940415546298027 -0.00048576900735497475 0.019880080595612526
v 0.04823412746191025 0.002728061517700553 0.01991560496389866
v 0.049953050911426544 0.00850336067378521 0.020204151049256325
v 0.04940415546298027 -0.00048576900735497475 0.019880080595612526
v 0.049953050911426544 0.00850336067378521 0.020204151049256325
v 0.055497825145721436 0.008877323009073734 0.020490432158112526
v 0.055497825145721436 0.008877323009073734 0.020490432158112526
v 0.049953050911426544 0.00850336067378521 0.020204151049256325
v 0.049315404146909714 0.018047858029603958 0.021388733759522438
v 0.055497825145721436 0.008877323009073734 0.020490432158112526
v 0.049315404146909714 0.018047858029603958 0.021388733759522438
v 0.054568808525800705 0.01855289191007614 0.021749818697571754
v 0.054568808525800705 0.01855289191007614 0.021749818697571754
v 0.049315404146909714 0.018047858029603958 0.021388733759522438
v 0.053875233978033066 0.023169128224253654 0.022773826494812965
v 0.054568808525800705 0.01855289191007614 0.021749818697571754
v 0.053875233978033066 0.023169128224253654 0.022773826494812965
v 0.05741599202156067 0.023530861362814903 0.023693108931183815
v 0.05741599202156067 0.023530861362814903 0.023693108931183815
v 0.053875233978033066 0.023169128224253654 0.022773826494812965
v 0.05638866499066353 0.027751201763749123 0.025083566084504128
v 0.05741599202156067 0.023530861362814903 0.023693108931183815
v 0.05638866499066353 0.027751201763749123 0.025083566084504128
v 0.058848731219768524 0.028072578832507133 0.026710713282227516
v 0.058848731219768524 0.028072578832507133 0.026710713282227516
v 0.05638866499066353 0.027751201763749123 0.025083566084504128
v 0.05757026746869087 0.03194906562566757 0.028529250994324684
v 0.058848731219768524 0.028072578832507133 0.026710713282227516
v 0.05757026746869087 0.03194906562566757 0.028529250994324684
v 0.059545423835515976 0.032451167702674866 0.030853355303406715
v 0.059545423835515976 0.032451167702674866 0.030853355303406715
v 0.05757026746869087 0.03194906562566757 0.028529250994324684
v 0.05810875445604324 0.03617941588163376 0.032985832542181015
v 0.06912341713905334 0.011359014548361301 0.03962191566824913
v 0.0696248710155487 0.0035619251430034637 0.03949400410056114
v 0.06919700652360916 0.01004217378795147 0.03944822773337364
v 0.06919700652360916 0.01004217378795147 0.03944822773337364
v 0.0696248710155487 0.0035619251430034637 0.03949400410056114
v 0.06953585892915726 0.0045516518875956535 0.03930756077170372
v 0.06919700652360916 0.01004217378795147 0.03944822773337364
v 0.06953585892915726 0.0045516518875956535 0.03930756077170372
v 0.06645569205284119 0.0043982695788145065 0.029022956266999245
v 0.06645569205284119 0.0043982695788145065 0.029022956266999245
v 0.06953585892915726 0.0045516518875956535 0.03930756077170372
v 0.06724657118320465 -0.0004904073430225253 0.03084036149084568
v 0.06645569205284119 0.0043982695788145065 0.029022956266999245
v 0.06724657118320465 -0.0004904073430225253 0.03084036149084568
v 0.06660321354866028 -0.0004897371400147676 0.028947139158844948
v 0.0673229917883873 0.025496939197182655 0.04094048961997032
v 0.06750442087650299 0.024336926639080048 0.04074921831488609
v 0.06729793548583984 0.025256726890802383 0.040724482387304306
v 0.06729793548583984 0.025256726890802383 0.040724482387304306
v 0.06750442087650299 0.024336926639080048 0.04074921831488609
v 0.06804119050502777 0.020429309457540512 0.04013272747397423
v 0.06729793548583984 0.025256726890802383 0.040724482387304306
v 0.06804119050502777 0.020429309457540512 0.04013272747397423
v 0.06453169882297516 0.019809052348136902 0.030446017161011696
v 0.06453169882297516 0.019809052348136902 0.030446017161011696
v 0.06804119050502777 0.020429309457540512 0.04013272747397423
v 0.06919700652360916 0.01004217378795147 0.03944822773337364
v 0.06453169882297516 0.019809052348136902 0.030446017161011696
v 0.06919700652360916 0.01004217378795147 0.03944822773337364
v 0.06600358337163925 0.009723923169076443 0.029310131445527077
v 0.06600358337163925 0.009723923169076443 0.029310131445527077
v 0.06919700652360916 0.01004217378795147 0.03944822773337364
v 0.06645569205284119 0.0043982695788145065 0.029022956266999245
v 0.06600358337163925 0.009723923169076443 0.029310131445527077
v 0.06645569205284119 0.0043982695788145065 0.029022956266999245
v 0.06481929123401642 0.004338761325925589 0.02533581294119358
v 0.06481929123401642 0.004338761325925589 0.02533581294119358
v 0.06645569205284119 0.0043982695788145065 0.029022956266999245
v 0.06547857075929642 -0.0004855188017245382 0.026224160566926003
v 0.06481929123401642 0.004338761325925589 0.02533581294119358
v 0.06547857075929642 -0.0004855188017245382 0.026224160566926003
v 0.06497061997652054 -0.00048492103815078735 0.025257373228669167
v 0.06710394471883774 0.026872266083955765 0.041194286197423935
v 0.06711839884519577 0.02677113376557827 0.04117264971137047
v 0.0664580836892128 0.029901990666985512 0.041517700999975204
v 0.0664580836892128 0.029901990666985512 0.041517700999975204
v 0.06711839884519577 0.02677113376557827 0.04117264971137047
v 0.06729793548583984 0.025256726890802383 0.040724482387304306
v 0.0664580836892128 0.029901990666985512 0.041517700999975204
v 0.06729793548583984 0.025256726890802383 0.040724482387304306
v 0.06361405551433563 0.02446899004280567 0.031316306442022324
v 0.06361405551433563 0.02446899004280567 0.031316306442022324
v 0.06729793548583984 0.025256726890802383 0.040724482387304306
v 0.06453169882297516 0.019809052348136902 0.030446017161011696
v 0.06361405551433563 0.02446899004280567 0.031316306442022324
v 0.06453169882297516 0.019809052348136902 0.030446017161011696
v 0.06284184753894806 0.01955939270555973 0.026924515143036842
v 0.06284184753894806 0.01955939270555973 0.026924515143036842
v 0.06453169882297516 0.019809052348136902 0.030446017161011696
v 0.06600358337163925 0.009723923169076443 0.029310131445527077
v 0.06284184753894806 0.01955939270555973 0.026924515143036842
v 0.06600358337163925 0.009723923169076443 0.029310131445527077
v 0.06435526907444 0.009599471464753151 0.025661850348114967
v 0.06435526907444 0.009599471464753151 0.025661850348114967
v 0.06600358337163925 0.009723923169076443 0.029310131445527077
v 0.06481929123401642 0.004338761325925589 0.02533581294119358
v 0.06435526907444 0.009599471464753151 0.025661850348114967
v 0.06481929123401642 0.004338761325925589 0.02533581294119358
v 0.0627354085445404 0.0042611234821379185 0.02269061841070652
v 0.0627354085445404 0.0042611234821379185 0.02269061841070652
v 0.06481929123401642 0.004338761325925589 0.02533581294119358
v 0.06438314914703369 -0.0004847777890972793 0.02432175911962986
v 0.0627354085445404 0.0042611234821379185 0.02269061841070652
v 0.06438314914703369 -0.0004847777890972793 0.02432175911962986
v 0.06293783336877823 -0.00048469213652424514 0.022671246901154518
v 0.05465327948331833 0.059669751673936844 0.06716062873601913
v 0.0593436025083065 0.05767286196351051 0.0645308718085289
v 0.05684454366564751 0.05636334419250488 0.06055810675024986
v 0.05021728202700615 0.045114196836948395 0.040027108043432236
v 0.047709498554468155 0.048104602843523026 0.04365035519003868
v 0.05247969552874565 0.046044912189245224 0.04177519306540489
v 0.05247969552874565 0.046044912189245224 0.04177519306540489
v 0.047709498554468155 0.048104602843523026 0.04365035519003868
v 0.04998151585459709 0.048976365476846695 0.045308616012334824
v 0.05247969552874565 0.046044912189245224 0.04177519306540489
v 0.04998151585459709 0.048976365476846695 0.045308616012334824
v 0.05472920462489128 0.04713791608810425 0.04400768503546715
v 0.05472920462489128 0.04713791608810425 0.04400768503546715
v 0.04998151585459709 0.048976365476846695 0.045308616012334824
v 0.05225992947816849 0.0500224307179451 0.04742267355322838
v 0.05472920462489128 0.04713791608810425 0.04400768503546715
v 0.05225992947816849 0.0500224307179451 0.04742267355322838
v 0.05753801017999649 0.05255185440182686 0.05363741144537926
v 0.05753801017999649 0.05255185440182686 0.05363741144537926
v 0.05225992947816849 0.0500224307179451 0.04742267355322838
v 0.054208263754844666 0.055056132376194 0.056869056075811386
v 0.05753801017999649 0.05255185440182686 0.05363741144537926
v 0.054208263754844666 0.055056132376194 0.056869056075811386
v 0.05684454366564751 0.05636334419250488 0.06055810675024986
v 0.05684454366564751 0.05636334419250488 0.06055810675024986
v 0.054208263754844666 0.055056132376194 0.056869056075811386
v 0.0523819625377655 0.0584518201649189 0.06352832168340683
v 0.05684454366564751 0.05636334419250488 0.06055810675024986
v 0.0523819625377655 0.0584518201649189 0.06352832168340683
v 0.05465327948331833 0.059669751673936844 0.06716062873601913
v 0.061720963567495346 0.05463791266083717 0.059934403747320175
v 0.06196460500359535 0.054214831441640854 0.05935242399573326
v 0.06030096858739853 0.053906600922346115 0.05760350450873375
v 0.06030096858739853 0.053906600922346115 0.05760350450873375
v 0.06196460500359535 0.054214831441640854 0.05935242399573326
v 0.06273060292005539 0.05104662477970123 0.054816510528326035
v 0.06030096858739853 0.053906600922346115 0.05760350450873375
v 0.06273060292005539 0.05104662477970123 0.054816510528326035
v 0.059983283281326294 0.049716148525476456 0.050571467727422714
v 0.06552588194608688 0.03441812843084335 0.04254194721579552
v 0.06215450540184975 0.03784447908401489 0.039483871310949326
v 0.06447450071573257 0.03876525163650513 0.043867792934179306
v 0.06447450071573257 0.03876525163650513 0.043867792934179306
v 0.06215450540184975 0.03784447908401489 0.039483871310949326
v 0.06076398864388466 0.04170124977827072 0.0414903424680233
v 0.06447450071573257 0.03876525163650513 0.043867792934179306
v 0.06076398864388466 0.04170124977827072 0.0414903424680233
v 0.06325197964906693 0.0428282804787159 0.045599546283483505
v 0.06325197964906693 0.0428282804787159 0.045599546283483505
v 0.06076398864388466 0.04170124977827072 0.0414903424680233
v 0.059162937104701996 0.045219287276268005 0.04398181661963463
v 0.06325197964906693 0.0428282804787159 0.045599546283483505
v 0.059162937104701996 0.045219287276268005 0.04398181661963463
v 0.06180305406451225 0.046492110937833786 0.04783907160162926
v 0.06180305406451225 0.046492110937833786 0.04783907160162926
v 0.059162937104701996 0.045219287276268005 0.04398181661963463
v 0.059983283281326294 0.049716148525476456 0.050571467727422714
v 0.06180305406451225 0.046492110937833786 0.04783907160162926
v 0.059983283281326294 0.049716148525476456 0.050571467727422714
v 0.0637911781668663 0.04999513179063797 0.05442860350012779
v 0.0637911781668663 0.04999513179063797 0.05442860350012779
v 0.059983283281326294 0.049716148525476456 0.050571467727422714
v 0.06273060292005539 0.05104662477970123 0.054816510528326035
v 0.0637911781668663 0.04999513179063797 0.05442860350012779
v 0.06273060292005539 0.05104662477970123 0.054816510528326035
v 0.06296510249376297 0.0522221140563488 0.05685296282172203
v 0.06296510249376297 0.0522221140563488 0.05685296282172203
v 0.06273060292005539 0.05104662477970123 0.054816510528326035
v 0.06196460500359535 0.054214831441640854 0.05935242399573326
v 0.04860010743141174 0.06433770805597305 0.0788506492972374
v 0.052063047885894775 0.06475221365690231 0.08105780929327011
v 0.05310162156820297 0.06332559883594513 0.07655241340398788
v 0.05310162156820297 0.06332559883594513 0.07655241340398788
v 0.052063047885894775 0.06475221365690231 0.08105780929327011
v 0.05465799197554588 0.06278674304485321 0.0754024013876915
v 0.05310162156820297 0.06332559883594513 0.07655241340398788
v 0.05465799197554588 0.06278674304485321 0.0754024013876915
v 0.04952867701649666 0.0612446591258049 0.06969525665044785
v 0.04952867701649666 0.0612446591258049 0.06969525665044785
v 0.05465799197554588 0.06278674304485321 0.0754024013876915
v 0.05465327948331833 0.059669751673936844 0.06716062873601913
v 0.04952867701649666 0.0612446591258049 0.06969525665044785
v 0.05465327948331833 0.059669751673936844 0.06716062873601913
v 0.04553157463669777 0.05912049487233162 0.06320121139287949
v 0.04553157463669777 0.05912049487233162 0.06320121139287949
v 0.05465327948331833 0.059669751673936844 0.06716062873601913
v 0.0523819625377655 0.0584518201649189 0.06352832168340683
v 0.04553157463669777 0.05912049487233162 0.06320121139287949
v 0.0523819625377655 0.0584518201649189 0.06352832168340683
v 0.050018228590488434 0.0572558231651783 0.06010570749640465
v 0.050018228590488434 0.0572558231651783 0.06010570749640465
v 0.0523819625377655 0.0584518201649189 0.06352832168340683
v 0.054208263754844666 0.055056132376194 0.056869056075811386
v 0.050018228590488434 0.0572558231651783 0.06010570749640465
v 0.054208263754844666 0.055056132376194 0.056869056075811386
v 0.049197372049093246 0.05269797891378403 0.05099168047308922
v 0.049197372049093246 0.05269797891378403 0.05099168047308922
v 0.054208263754844666 0.055056132376194 0.056869056075811386
v 0.05225992947816849 0.0500224307179451 0.04742267355322838
v 0.049197372049093246 0.05269797891378403 0.05099168047308922
v 0.05225992947816849 0.0500224307179451 0.04742267355322838
v 0.04702400043606758 0.05175117403268814 0.04898729547858238
v 0.04702400043606758 0.05175117403268814 0.04898729547858238
v 0.05225992947816849 0.0500224307179451 0.04742267355322838
v 0.04998151585459709 0.048976365476846695 0.045308616012334824
v 0.04702400043606758 0.05175117403268814 0.04898729547858238
v 0.04998151585459709 0.048976365476846695 0.045308616012334824
v 0.044861629605293274 0.05097660422325134 0.04741671308875084
v 0.044861629605293274 0.05097660422325134 0.04741671308875084
v 0.04998151585459709 0.048976365476846695 0.045308616012334824
v 0.047709498554468155 0.048104602843523026 0.04365035519003868
v 0.044861629605293274 0.05097660422325134 0.04741671308875084
v 0.047709498554468155 0.048104602843523026 0.04365035519003868
v 0.045177437365055084 0.0474139042198658 0.042236294597387314
v 0.045177437365055084 0.0474139042198658 0.042236294597387314
v 0.047709498554468155 0.048104602843523026 0.04365035519003868
v 0.05021728202700615 0.045114196836948395 0.040027108043432236
v 0.045177437365055084 0.0474139042198658 0.042236294597387314
v 0.05021728202700615 0.045114196836948395 0.040027108043432236
v 0.04986942186951637 0.04124188423156738 0.035104598850011826
v 0.04986942186951637 0.04124188423156738 0.035104598850011826
v 0.05021728202700615 0.045114196836948395 0.040027108043432236
v 0.052424684166908264 0.042019784450531006 0.03662964329123497
v 0.04986942186951637 0.04124188423156738 0.035104598850011826
v 0.052424684166908264 0.042019784450531006 0.03662964329123497
v 0.05437130853533745 0.03883199766278267 0.033539559692144394
v 0.05437130853533745 0.03883199766278267 0.033539559692144394
v 0.052424684166908264 0.042019784450531006 0.03662964329123497
v 0.056470997631549835 0.03966547176241875 0.035537686198949814
v 0.05437130853533745 0.03883199766278267 0.033539559692144394
v 0.056470997631549835 0.03966547176241875 0.035537686198949814
v 0.05810875445604324 0.03617941588163376 0.032985832542181015
v 0.05810875445604324 0.03617941588163376 0.032985832542181015
v 0.056470997631549835 0.03966547176241875 0.035537686198949814
v 0.06003165245056152 0.03696361929178238 0.03584041818976402
v 0.05810875445604324 0.03617941588163376 0.032985832542181015
v 0.06003165245056152 0.03696361929178238 0.03584041818976402
v 0.059545423835515976 0.032451167702674866 0.030853355303406715
v 0.059545423835515976 0.032451167702674866 0.030853355303406715
v 0.06003165245056152 0.03696361929178238 0.03584041818976402
v 0.061380475759506226 0.03304304555058479 0.03395935520529747
v 0.059545423835515976 0.032451167702674866 0.030853355303406715
v 0.061380475759506226 0.03304304555058479 0.03395935520529747
v 0.06080014258623123 0.028444882482290268 0.029160941019654274
v 0.05465799197554588 0.06278674304485321 0.0754024013876915
v 0.05690481886267662 0.060719918459653854 0.07057323306798935
v 0.05465327948331833 0.059669751673936844 0.06716062873601913
v 0.05465327948331833 0.059669751673936844 0.06716062873601913
v 0.05690481886267662 0.060719918459653854 0.07057323306798935
v 0.0596759207546711 0.05761028826236725 0.06457152217626572
v 0.05465327948331833 0.059669751673936844 0.06716062873601913
v 0.0596759207546711 0.05761028826236725 0.06457152217626572
v 0.0593436025083065 0.05767286196351051 0.0645308718085289
v 0.0593436025083065 0.05767286196351051 0.0645308718085289
v 0.0596759207546711 0.05761028826236725 0.06457152217626572
v 0.060837678611278534 0.05602777749300003 0.061974551528692245
v 0.0593436025083065 0.05767286196351051 0.0645308718085289
v 0.060837678611278534 0.05602777749300003 0.061974551528692245
v 0.05684454366564751 0.05636334419250488 0.06055810675024986
v 0.05684454366564751 0.05636334419250488 0.06055810675024986
v 0.060837678611278534 0.05602777749300003 0.061974551528692245
v 0.06030096858739853 0.053906600922346115 0.05760350450873375
v 0.05684454366564751 0.05636334419250488 0.06055810675024986
v 0.06030096858739853 0.053906600922346115 0.05760350450873375
v 0.05753801017999649 0.05255185440182686 0.05363741144537926
v 0.05753801017999649 0.05255185440182686 0.05363741144537926
v 0.06030096858739853 0.053906600922346115 0.05760350450873375
v 0.059983283281326294 0.049716148525476456 0.050571467727422714
v 0.05753801017999649 0.05255185440182686 0.05363741144537926
v 0.059983283281326294 0.049716148525476456 0.050571467727422714
v 0.05472920462489128 0.04713791608810425 0.04400768503546715
v 0.05472920462489128 0.04713791608810425 0.04400768503546715
v 0.059983283281326294 0.049716148525476456 0.050571467727422714
v 0.059162937104701996 0.045219287276268005 0.04398181661963463
v 0.05472920462489128 0.04713791608810425 0.04400768503546715
v 0.059162937104701996 0.045219287276268005 0.04398181661963463
v 0.05675869062542915 0.04401500150561333 0.04087212309241295
v 0.05675869062542915 0.04401500150561333 0.04087212309241295
v 0.059162937104701996 0.045219287276268005 0.04398181661963463
v 0.06076398864388466 0.04170124977827072 0.0414903424680233
v 0.05675869062542915 0.04401500150561333 0.04087212309241295
v 0.06076398864388466 0.04170124977827072 0.0414903424680233
v 0.05849919468164444 0.04062535613775253 0.038136329501867294
v 0.05849919468164444 0.04062535613775253 0.038136329501867294
v 0.06076398864388466 0.04170124977827072 0.0414903424680233
v 0.06215450540184975 0.03784447908401489 0.039483871310949326
v 0.05849919468164444 0.04062535613775253 0.038136329501867294
v 0.06215450540184975 0.03784447908401489 0.039483871310949326
v 0.06003165245056152 0.03696361929178238 0.03584041818976402
v 0.06003165245056152 0.03696361929178238 0.03584041818976402
v 0.06215450540184975 0.03784447908401489 0.039483871310949326
v 0.06552588194608688 0.03441812843084335 0.04254194721579552
v 0.06003165245056152 0.03696361929178238 0.03584041818976402
v 0.06552588194608688 0.03441812843084335 0.04254194721579552
v 0.061380475759506226 0.03304304555058479 0.03395935520529747
v 0.061380475759506226 0.03304304555058479 0.03395935520529747
v 0.06552588194608688 0.03441812843084335 0.04254194721579552
v 0.06256833672523499 0.028877118602395058 0.03246596083045006
v 0.061380475759506226 0.03304304555058479 0.03395935520529747
v 0.06256833672523499 0.028877118602395058 0.03246596083045006
v 0.06080014258623123 0.028444882482290268 0.029160941019654274
v 0.06080014258623123 0.028444882482290268 0.029160941019654274
v 0.06256833672523499 0.028877118602395058 0.03246596083045006
v 0.061892345547676086 0.02414468675851822 0.027880633249878883
v 0.06080014258623123 0.028444882482290268 0.029160941019654274
v 0.061892345547676086 0.02414468675851822 0.027880633249878883
v 0.05993698164820671 0.02384287491440773 0.025348985567688942
v 0.05993698164820671 0.02384287491440773 0.025348985567688942
v 0.061892345547676086 0.02414468675851822 0.027880633249878883
v 0.06086251884698868 0.019297940656542778 0.024343455210328102
v 0.05993698164820671 0.02384287491440773 0.025348985567688942
v 0.06086251884698868 0.019297940656542778 0.024343455210328102
v 0.05825032293796539 0.018969865515828133 0.022664749994874
v 0.05825032293796539 0.018969865515828133 0.022664749994874
v 0.06086251884698868 0.019297940656542778 0.024343455210328102
v 0.06230159103870392 0.009443231858313084 0.023026729002594948
v 0.05825032293796539 0.018969865515828133 0.022664749994874
v 0.06230159103870392 0.009443231858313084 0.023026729002594948
v 0.05947863683104515 0.00920271035283804 0.02135469950735569
v 0.05947863683104515 0.00920271035283804 0.02135469950735569
v 0.06230159103870392 0.009443231858313084 0.023026729002594948
v 0.0598347932100296 0.004137387499213219 0.0210359338670969
v 0.05947863683104515 0.00920271035283804 0.02135469950735569
v 0.0598347932100296 0.004137387499213219 0.0210359338670969
v 0.05574747920036316 0.003968509379774332 0.020204627886414528
v 0.05574747920036316 0.003968509379774332 0.020204627886414528
v 0.0598347932100296 0.004137387499213219 0.0210359338670969
v 0.05883493274450302 -0.0004848862299695611 0.020641112700104713
v 0.05574747920036316 0.003968509379774332 0.020204627886414528
v 0.05883493274450302 -0.0004848862299695611 0.020641112700104713
v 0.05566045641899109 -0.0004851801204495132 0.020125174894928932
v -0.012024064548313618 0.05848417803645134 0.06689801067113876
v -0.013445218093693256 0.057575564831495285 0.06555893272161484
v -0.01651604473590851 0.05751163139939308 0.0680093988776207
v -0.015164344571530819 0.056181374937295914 0.06366529315710068
v -0.014759651385247707 0.056490182876586914 0.06403210014104843
v -0.013285999186336994 0.05664503574371338 0.0632794126868248
v 0.02480340376496315 0.06819158792495728 0.13402941823005676
v 0.028566012158989906 0.06820408254861832 0.1332174837589264
v 0.026546133682131767 0.06875647604465485 0.12989774346351624
v -0.020755300298333168 0.056531623005867004 0.0697866901755333
v -0.017961811274290085 0.056444209069013596 0.06668319553136826
v -0.02204391360282898 0.05398695170879364 0.06507041305303574
v -0.014759651385247707 0.056490182876586914 0.06403210014104843
v -0.015164344571530819 0.056181374937295914 0.06366529315710068
v -0.017961811274290085 0.056444209069013596 0.06668319553136826
v -0.017961811274290085 0.056444209069013596 0.06668319553136826
v -0.015164344571530819 0.056181374937295914 0.06366529315710068
v -0.015838366001844406 0.056001387536525726 0.06380357593297958
v -0.017961811274290085 0.056444209069013596 0.06668319553136826
v -0.015838366001844406 0.056001387536525726 0.06380357593297958
v -0.02204391360282898 0.05398695170879364 0.06507041305303574
v -0.010054013691842556 0.057768162339925766 0.06360616534948349
v -0.006438810378313065 0.058053337037563324 0.06213369593024254
v -0.00909940991550684 0.057500772178173065 0.06241419538855553
v -0.00909940991550684 0.057500772178173065 0.06241419538855553
v -0.006438810378313065 0.058053337037563324 0.06213369593024254
v -0.0028240319807082415 0.05837038531899452 0.06109585985541344
v -0.0028240319807082415 0.05837038531899452 0.06109585985541344
v -0.006438810378313065 0.058053337037563324 0.06213369593024254
v -0.0026779428590089083 0.058396823704242706 0.0610906146466732
v -0.0028240319807082415 0.05837038531899452 0.06109585985541344
v -0.0026779428590089083 0.058396823704242706 0.0610906146466732
v 0.003945004194974899 0.05874370038509369 0.05959763750433922
v 0.005209347233176231 0.059901852160692215 0.06192901358008385
v 0.004956662654876709 0.05874462425708771 0.059358861297369
v 0.003945004194974899 0.05874370038509369 0.05959763750433922
v 0.0013747680932283401 0.05879344791173935 0.06043460592627525
v 9.974860586225986e-05 0.0595269612967968 0.06270553916692734
v 0.005209347233176231 0.059901852160692215 0.06192901358008385
v 0.005209347233176231 0.059901852160692215 0.06192901358008385
v 9.974860586225986e-05 0.0595269612967968 0.06270553916692734
v 0.005205822642892599 0.060050878673791885 0.06235232576727867
v 0.005209347233176231 0.059901852160692215 0.06192901358008385
v 0.003945004194974899 0.05874370038509369 0.05959763750433922
v 0.0013747680932283401 0.05879344791173935 0.06043460592627525
v 0.0013747680932283401 0.05879344791173935 0.06043460592627525
v 0.003945004194974899 0.05874370038509369 0.05959763750433922
v -0.0026779428590089083 0.058396823704242706 0.0610906146466732
v 0.0013747680932283401 0.05879344791173935 0.06043460592627525
v -0.0026779428590089083 0.058396823704242706 0.0610906146466732
v 9.974860586225986e-05 0.0595269612967968 0.06270553916692734
v 9.974860586225986e-05 0.0595269612967968 0.06270553916692734
v -0.0026779428590089083 0.058396823704242706 0.0610906146466732
v -0.006438810378313065 0.058053337037563324 0.06213369593024254
v 9.974860586225986e-05 0.0595269612967968 0.06270553916692734
v -0.006438810378313065 0.058053337037563324 0.06213369593024254
v -0.004488378297537565 0.05907971411943436 0.06364097446203232
v -0.004488378297537565 0.05907971411943436 0.06364097446203232
v -0.006438810378313065 0.058053337037563324 0.06213369593024254
v -0.010054013691842556 0.057768162339925766 0.06360616534948349
v -0.004488378297537565 0.05907971411943436 0.06364097446203232
v -0.010054013691842556 0.057768162339925766 0.06360616534948349
v -0.008711717091500759 0.05870630219578743 0.06513502448797226
v -0.013445218093693256 0.057575564831495285 0.06555893272161484
v -0.012024064548313618 0.05848417803645134 0.06689801067113876
v -0.010054013691842556 0.057768162339925766 0.06360616534948349
v -0.010054013691842556 0.057768162339925766 0.06360616534948349
v -0.012024064548313618 0.05848417803645134 0.06689801067113876
v -0.009960966184735298 0.058611754328012466 0.06572666019201279
v -0.010054013691842556 0.057768162339925766 0.06360616534948349
v -0.009960966184735298 0.058611754328012466 0.06572666019201279
v -0.008711717091500759 0.05870630219578743 0.06513502448797226
v -0.024638786911964417 0.05860647186636925 0.08134295791387558
v -0.021772978827357292 0.05906772240996361 0.07886209338903427
v -0.023233283311128616 0.05818711593747139 0.07764830440282822
v -0.023233283311128616 0.05818711593747139 0.07764830440282822
v -0.021772978827357292 0.05906772240996361 0.07886209338903427
v -0.020012786611914635 0.05871093273162842 0.0752963051199913
v -0.023233283311128616 0.05818711593747139 0.07764830440282822
v -0.020012786611914635 0.05871093273162842 0.0752963051199913
v -0.021425746381282806 0.05783931165933609 0.0741429552435875
v -0.021425746381282806 0.05783931165933609 0.0741429552435875
v -0.020012786611914635 0.05871093273162842 0.0752963051199913
v -0.017801184207201004 0.05847295746207237 0.07207264751195908
v -0.021425746381282806 0.05783931165933609 0.0741429552435875
v -0.017801184207201004 0.05847295746207237 0.07207264751195908
v -0.019185855984687805 0.05760367587208748 0.07090368121862411
v -0.019185855984687805 0.05760367587208748 0.07090368121862411
v -0.017801184207201004 0.05847295746207237 0.07207264751195908
v -0.017261432483792305 0.05844089761376381 0.07142367213964462
v -0.019185855984687805 0.05760367587208748 0.07090368121862411
v -0.017261432483792305 0.05844089761376381 0.07142367213964462
v -0.01651604473590851 0.05751163139939308 0.0680093988776207
v -0.01651604473590851 0.05751163139939308 0.0680093988776207
v -0.017261432483792305 0.05844089761376381 0.07142367213964462
v -0.015199629589915276 0.05839218571782112 0.06930937618017197
v -0.01651604473590851 0.05751163139939308 0.0680093988776207
v -0.015199629589915276 0.05839218571782112 0.06930937618017197
v -0.012024064548313618 0.05848417803645134 0.06689801067113876
v -0.026583081111311913 0.05950604006648064 0.08910181373357773
v -0.024443939328193665 0.06008537858724594 0.08809175342321396
v -0.024638786911964417 0.05860647186636925 0.08134295791387558
v -0.024638786911964417 0.05860647186636925 0.08134295791387558
v -0.024443939328193665 0.06008537858724594 0.08809175342321396
v -0.023247934877872467 0.05953479930758476 0.08309938758611679
v -0.024638786911964417 0.05860647186636925 0.08134295791387558
v -0.023247934877872467 0.05953479930758476 0.08309938758611679
v -0.021772978827357292 0.05906772240996361 0.07886209338903427
v -0.0274954903870821 0.06051861122250557 0.09762754291296005
v -0.025174565613269806 0.060710616409778595 0.09348823875188828
v -0.026583081111311913 0.05950604006648064 0.08910181373357773
v -0.026583081111311913 0.05950604006648064 0.08910181373357773
v -0.025174565613269806 0.060710616409778595 0.09348823875188828
v -0.024651119485497475 0.06021535396575928 0.08925356715917587
v -0.026583081111311913 0.05950604006648064 0.08910181373357773
v -0.024651119485497475 0.06021535396575928 0.08925356715917587
v -0.024443939328193665 0.06008537858724594 0.08809175342321396
v -0.02511654607951641 0.062383659183979034 0.10679557174444199
v -0.02539174258708954 0.06146418675780296 0.09950854629278183
v -0.0274954903870821 0.06051861122250557 0.09762754291296005
v -0.0274954903870821 0.06051861122250557 0.09762754291296005
v -0.02539174258708954 0.06146418675780296 0.09950854629278183
v -0.02537275291979313 0.061201345175504684 0.09743692725896835
v -0.0274954903870821 0.06051861122250557 0.09762754291296005
v -0.02537275291979313 0.061201345175504684 0.09743692725896835
v -0.025174565613269806 0.060710616409778595 0.09348823875188828
v -0.022116243839263916 0.06394406408071518 0.1250726282596588
v -0.02172737382352352 0.06417380273342133 0.1205759271979332
v -0.024368179962038994 0.06342320144176483 0.12085594981908798
v -0.024368179962038994 0.06342320144176483 0.12085594981908798
v -0.02172737382352352 0.06417380273342133 0.1205759271979332
v -0.023262089118361473 0.06367408484220505 0.11665751785039902
v -0.024368179962038994 0.06342320144176483 0.12085594981908798
v -0.023262089118361473 0.06367408484220505 0.11665751785039902
v -0.025953471660614014 0.06283766776323318 0.11631729453802109
v -0.025953471660614014 0.06283766776323318 0.11631729453802109
v -0.023262089118361473 0.06367408484220505 0.11665751785039902
v -0.024396739900112152 0.06308093667030334 0.11215247958898544
v -0.025953471660614014 0.06283766776323318 0.11631729453802109
v -0.024396739900112152 0.06308093667030334 0.11215247958898544
v -0.02694987691938877 0.062224067747592926 0.11159982532262802
v -0.02694987691938877 0.062224067747592926 0.11159982532262802
v -0.024396739900112152 0.06308093667030334 0.11215247958898544
v -0.02511654607951641 0.062383659183979034 0.10679557174444199
v -0.02694987691938877 0.062224067747592926 0.11159982532262802
v -0.02511654607951641 0.062383659183979034 0.10679557174444199
v -0.027445895597338676 0.061629462987184525 0.10684003680944443
v -0.027445895597338676 0.061629462987184525 0.10684003680944443
v -0.02511654607951641 0.062383659183979034 0.10679557174444199
v -0.0274954903870821 0.06051861122250557 0.09762754291296005
v -0.01726527325809002 0.06498608738183975 0.1271515190601349
v -0.019823996350169182 0.06458849459886551 0.12393965572118759
v -0.022116243839263916 0.06394406408071518 0.1250726282596588
v -0.022116243839263916 0.06394406408071518 0.1250726282596588
v -0.019823996350169182 0.06458849459886551 0.12393965572118759
v -0.020334415137767792 0.06449154764413834 0.12314584106206894
v -0.022116243839263916 0.06394406408071518 0.1250726282596588
v -0.020334415137767792 0.06449154764413834 0.12314584106206894
v -0.02172737382352352 0.06417380273342133 0.1205759271979332
v 0.026546133682131767 0.06875647604465485 0.12989774346351624
v 0.024009015411138535 0.06860341131687164 0.13142910599708557
v 0.02480340376496315 0.06819158792495728 0.13402941823005676
v 0.02480340376496315 0.06819158792495728 0.13402941823005676
v 0.024009015411138535 0.06860341131687164 0.13142910599708557
v 0.019955875352025032 0.0683329850435257 0.1332269012928009
v 0.02480340376496315 0.06819158792495728 0.13402941823005676
v 0.019955875352025032 0.0683329850435257 0.1332269012928009
v 0.020600883290171623 0.06790361553430557 0.13573792576789856
v 0.020600883290171623 0.06790361553430557 0.13573792576789856
v 0.019955875352025032 0.0683329850435257 0.1332269012928009
v 0.015375325456261635 0.06798852980136871 0.1346365511417389
v 0.020600883290171623 0.06790361553430557 0.13573792576789856
v 0.015375325456261635 0.06798852980136871 0.1346365511417389
v 0.016186753287911415 0.06757684797048569 0.1370108425617218
v 0.016186753287911415 0.06757684797048569 0.1370108425617218
v 0.015375325456261635 0.06798852980136871 0.1346365511417389
v 0.010829590260982513 0.0676145926117897 0.1354478895664215
v 0.016186753287911415 0.06757684797048569 0.1370108425617218
v 0.010829590260982513 0.0676145926117897 0.1354478895664215
v 0.011580923572182655 0.06720800697803497 0.13783076405525208
v 0.011580923572182655 0.06720800697803497 0.13783076405525208
v 0.010829590260982513 0.0676145926117897 0.1354478895664215
v 0.00626018363982439 0.06722163408994675 0.13571873307228088
v 0.011580923572182655 0.06720800697803497 0.13783076405525208
v 0.00626018363982439 0.06722163408994675 0.13571873307228088
v 0.006872865837067366 0.06681154668331146 0.13814690709114075
v 0.006872865837067366 0.06681154668331146 0.13814690709114075
v 0.00626018363982439 0.06722163408994675 0.13571873307228088
v 0.001401587389409542 0.06679581850767136 0.1355067789554596
v 0.006872865837067366 0.06681154668331146 0.13814690709114075
v 0.001401587389409542 0.06679581850767136 0.1355067789554596
v 0.0021442470606416464 0.06640404462814331 0.13801482319831848
v 0.0021442470606416464 0.06640404462814331 0.13801482319831848
v 0.001401587389409542 0.06679581850767136 0.1355067789554596
v -0.0032886965200304985 0.06639042496681213 0.1347508728504181
v 0.0021442470606416464 0.06640404462814331 0.13801482319831848
v -0.0032886965200304985 0.06639042496681213 0.1347508728504181
v -0.002556550083681941 0.06600507348775864 0.13739970326423645
v -0.002556550083681941 0.06600507348775864 0.13739970326423645
v -0.0032886965200304985 0.06639042496681213 0.1347508728504181
v -0.007345315534621477 0.06603898853063583 0.1335449516773224
v -0.002556550083681941 0.06600507348775864 0.13739970326423645
v -0.007345315534621477 0.06603898853063583 0.1335449516773224
v -0.007159764878451824 0.06562028080224991 0.1362227499485016
v -0.007159764878451824 0.06562028080224991 0.1362227499485016
v -0.007345315534621477 0.06603898853063583 0.1335449516773224
v -0.011059507727622986 0.06569240242242813 0.13187292218208313
v -0.007159764878451824 0.06562028080224991 0.1362227499485016
v -0.011059507727622986 0.06569240242242813 0.13187292218208313
v -0.011554400436580181 0.06523344665765762 0.13442674279212952
v -0.011554400436580181 0.06523344665765762 0.13442674279212952
v -0.011059507727622986 0.06569240242242813 0.13187292218208313
v -0.014342221431434155 0.06534658372402191 0.12976613640785217
v -0.011554400436580181 0.06523344665765762 0.13442674279212952
v -0.014342221431434155 0.06534658372402191 0.12976613640785217
v -0.015604023821651936 0.06482769548892975 0.1319688856601715
v -0.015604023821651936 0.06482769548892975 0.1319688856601715
v -0.014342221431434155 0.06534658372402191 0.12976613640785217
v -0.01726527325809002 0.06498608738183975 0.1271515190601349
v -0.015604023821651936 0.06482769548892975 0.1319688856601715
v -0.01726527325809002 0.06498608738183975 0.1271515190601349
v -0.01916864700615406 0.06440295279026031 0.12882152199745178
v -0.01916864700615406 0.06440295279026031 0.12882152199745178
v -0.01726527325809002 0.06498608738183975 0.1271515190601349
v -0.022116243839263916 0.06394406408071518 0.1250726282596588
v -0.03461950272321701 0.058488860726356506 0.10988082736730576
v -0.03451208025217056 0.058655429631471634 0.11159660667181015
v -0.029808135703206062 0.06075030192732811 0.10774531215429306
v -0.029808135703206062 0.06075030192732811 0.10774531215429306
v -0.03451208025217056 0.058655429631471634 0.11159660667181015
v -0.029306143522262573 0.0613366924226284 0.11272897571325302
v -0.03228849545121193 0.05990571528673172 0.12279894202947617
v -0.026593392714858055 0.06258023530244827 0.1224074587225914
v -0.028266340494155884 0.0619635246694088 0.11766316741704941
v -0.03451208025217056 0.058655429631471634 0.11159660667181015
v -0.034091878682374954 0.05903737619519234 0.11533357948064804
v -0.029306143522262573 0.0613366924226284 0.11272897571325302
v -0.029306143522262573 0.0613366924226284 0.11272897571325302
v -0.034091878682374954 0.05903737619519234 0.11533357948064804
v -0.033733949065208435 0.05926455557346344 0.11740138381719589
v -0.029306143522262573 0.0613366924226284 0.11272897571325302
v -0.033733949065208435 0.05926455557346344 0.11740138381719589
v -0.028266340494155884 0.0619635246694088 0.11766316741704941
v -0.028266340494155884 0.0619635246694088 0.11766316741704941
v -0.033733949065208435 0.05926455557346344 0.11740138381719589
v -0.03314175829291344 0.0595649816095829 0.11998512595891953
v -0.028266340494155884 0.0619635246694088 0.11766316741704941
v -0.03314175829291344 0.0595649816095829 0.11998512595891953
v -0.03228849545121193 0.05990571528673172 0.12279894202947617
v -0.021085014566779137 0.06359740346670151 0.13072791695594788
v -0.024205923080444336 0.06312907487154007 0.12681105732917786
v -0.02697700448334217 0.06104113906621933 0.1324883997440338
v -0.013063119724392891 0.06441653519868851 0.13663247227668762
v -0.01732521690428257 0.06401807069778442 0.13403204083442688
v -0.01970498636364937 0.06176804378628731 0.13916543126106262
v -0.02697700448334217 0.06104113906621933 0.1324883997440338
v -0.02553585171699524 0.06121750921010971 0.13415566086769104
v -0.021085014566779137 0.06359740346670151 0.13072791695594788
v -0.021085014566779137 0.06359740346670151 0.13072791695594788
v -0.02553585171699524 0.06121750921010971 0.13415566086769104
v -0.02312365733087063 0.06146682798862457 0.13651147484779358
v -0.021085014566779137 0.06359740346670151 0.13072791695594788
v -0.02312365733087063 0.06146682798862457 0.13651147484779358
v -0.01732521690428257 0.06401807069778442 0.13403204083442688
v -0.01732521690428257 0.06401807069778442 0.13403204083442688
v -0.02312365733087063 0.06146682798862457 0.13651147484779358
v -0.020907647907733917 0.06166636943817139 0.13830938935279846
v -0.01732521690428257 0.06401807069778442 0.13403204083442688
v -0.020907647907733917 0.06166636943817139 0.13830938935279846
v -0.01970498636364937 0.06176804378628731 0.13916543126106262
v -0.03228849545121193 0.05990571528673172 0.12279894202947617
v -0.031097114086151123 0.06027316302061081 0.12579432129859924
v -0.026593392714858055 0.06258023530244827 0.1224074587225914
v -0.026593392714858055 0.06258023530244827 0.1224074587225914
v -0.031097114086151123 0.06027316302061081 0.12579432129859924
v -0.03019876219332218 0.060493770986795425 0.12762108445167542
v -0.026593392714858055 0.06258023530244827 0.1224074587225914
v -0.03019876219332218 0.060493770986795425 0.12762108445167542
v -0.024205923080444336 0.06312907487154007 0.12681105732917786
v -0.024205923080444336 0.06312907487154007 0.12681105732917786
v -0.03019876219332218 0.060493770986795425 0.12762108445167542
v -0.028446955606341362 0.06082655489444733 0.13051298260688782
v -0.024205923080444336 0.06312907487154007 0.12681105732917786
v -0.028446955606341362 0.06082655489444733 0.13051298260688782
v -0.02697700448334217 0.06104113906621933 0.1324883997440338
v -0.003597513772547245 0.06520038098096848 0.13983455300331116
v -0.008441333658993244 0.06480368226766586 0.13855138421058655
v -0.008419709280133247 0.06266884505748749 0.1443643867969513
v -0.008419709280133247 0.06266884505748749 0.1443643867969513
v -0.0059996419586241245 0.06287190318107605 0.1449824869632721
v -0.003597513772547245 0.06520038098096848 0.13983455300331116
v -0.003597513772547245 0.06520038098096848 0.13983455300331116
v -0.0059996419586241245 0.06287190318107605 0.1449824869632721
v -0.0044901203364133835 0.06300131231546402 0.14529874920845032
v -0.003597513772547245 0.06520038098096848 0.13983455300331116
v -0.0044901203364133835 0.06300131231546402 0.14529874920845032
v 0.0013623163104057312 0.06561785191297531 0.14054027199745178
v -0.0044901203364133835 0.06300131231546402 0.14529874920845032
v -0.000997397000901401 0.06330565363168716 0.14584770798683167
v 0.0013623163104057312 0.06561785191297531 0.14054027199745178
v 0.0013623163104057312 0.06561785191297531 0.14054027199745178
v -0.000997397000901401 0.06330565363168716 0.14584770798683167
v 0.0028126402758061886 0.06363995373249054 0.14618828892707825
v 0.0013623163104057312 0.06561785191297531 0.14054027199745178
v 0.0028126402758061886 0.06363995373249054 0.14618828892707825
v 0.006375621072947979 0.06604315340518951 0.14074209332466125
v 0.006375621072947979 0.06604315340518951 0.14074209332466125
v 0.0028126402758061886 0.06363995373249054 0.14618828892707825
v 0.00510145490989089 0.06383916735649109 0.14627864956855774
v 0.006375621072947979 0.06604315340518951 0.14074209332466125
v 0.00510145490989089 0.06383916735649109 0.14627864956855774
v 0.011399390175938606 0.06645607948303223 0.14047971367835999
v 0.011399390175938606 0.06645607948303223 0.14047971367835999
v 0.00510145490989089 0.06383916735649109 0.14627864956855774
v 0.009021593257784843 0.06417452543973923 0.14625003933906555
v 0.011399390175938606 0.06645607948303223 0.14047971367835999
v 0.009021593257784843 0.06417452543973923 0.14625003933906555
v 0.01637006737291813 0.06684575229883194 0.13971379399299622
v 0.01637006737291813 0.06684575229883194 0.13971379399299622
v 0.009021593257784843 0.06417452543973923 0.14625003933906555
v 0.016560517251491547 0.06480184942483902 0.1455310881137848
v 0.01637006737291813 0.06684575229883194 0.13971379399299622
v 0.016560517251491547 0.06480184942483902 0.1455310881137848
v 0.021209944039583206 0.0672050341963768 0.13846805691719055
v 0.021209944039583206 0.0672050341963768 0.13846805691719055
v 0.016560517251491547 0.06480184942483902 0.1455310881137848
v 0.02009272761642933 0.06508976966142654 0.14488211274147034
v 0.021209944039583206 0.0672050341963768 0.13846805691719055
v 0.02009272761642933 0.06508976966142654 0.14488211274147034
v 0.025870904326438904 0.0675416961312294 0.136722594499588
v 0.025870904326438904 0.0675416961312294 0.136722594499588
v 0.02009272761642933 0.06508976966142654 0.14488211274147034
v 0.02801213227212429 0.06574440747499466 0.14258864521980286
v 0.025870904326438904 0.0675416961312294 0.136722594499588
v 0.02801213227212429 0.06574440747499466 0.14258864521980286
v 0.03141782060265541 0.06670946627855301 0.13876643776893616
v 0.03141782060265541 0.06670946627855301 0.13876643776893616
v 0.02801213227212429 0.06574440747499466 0.14258864521980286
v 0.028729606419801712 0.06580640375614166 0.14231136441230774
v 0.03141782060265541 0.06670946627855301 0.13876643776893616
v 0.028729606419801712 0.06580640375614166 0.14231136441230774
v 0.032361406832933426 0.06613411754369736 0.14067748188972473
v -0.01970498636364937 0.06176804378628731 0.13916543126106262
v -0.01629503443837166 0.06204308569431305 0.14121773838996887
v -0.013063119724392891 0.06441653519868851 0.13663247227668762
v -0.013063119724392891 0.06441653519868851 0.13663247227668762
v -0.01629503443837166 0.06204308569431305 0.14121773838996887
v -0.013712706044316292 0.06224576383829117 0.1424652636051178
v -0.013063119724392891 0.06441653519868851 0.13663247227668762
v -0.013712706044316292 0.06224576383829117 0.1424652636051178
v -0.008441333658993244 0.06480368226766586 0.13855138421058655
v -0.008441333658993244 0.06480368226766586 0.13855138421058655
v -0.013712706044316292 0.06224576383829117 0.1424652636051178
v -0.012606467120349407 0.0623326301574707 0.1429305374622345
v -0.008441333658993244 0.06480368226766586 0.13855138421058655
v -0.012606467120349407 0.0623326301574707 0.1429305374622345
v -0.008419709280133247 0.06266884505748749 0.1443643867969513
v -0.03026084043085575 0.05508117750287056 0.07947387546300888
v -0.0265402402728796 0.05757914111018181 0.08088495582342148
v -0.02907782793045044 0.0547344908118248 0.07644166797399521
v -0.02907782793045044 0.0547344908118248 0.07644166797399521
v -0.0265402402728796 0.05757914111018181 0.08088495582342148
v -0.025026019662618637 0.05712398514151573 0.07697059959173203
v -0.0343560129404068 0.057472266256809235 0.09917249530553818
v -0.02974160574376583 0.05966806039214134 0.09807302802801132
v -0.03316105157136917 0.05651899799704552 0.09046914428472519
v -0.03316105157136917 0.05651899799704552 0.09046914428472519
v -0.02974160574376583 0.05966806039214134 0.09807302802801132
v -0.028649266809225082 0.05861053988337517 0.08909489959478378
v -0.03026084043085575 0.05508117750287056 0.07947387546300888
v -0.030440760776400566 0.055144015699625015 0.07998421043157578
v -0.0265402402728796 0.05757914111018181 0.08088495582342148
v -0.0265402402728796 0.05757914111018181 0.08088495582342148
v -0.030440760776400566 0.055144015699625015 0.07998421043157578
v -0.03076980635523796 0.055266909301280975 0.0809575542807579
v -0.0265402402728796 0.05757914111018181 0.08088495582342148
v -0.03076980635523796 0.055266909301280975 0.0809575542807579
v -0.028649266809225082 0.05861053988337517 0.08909489959478378
v -0.028649266809225082 0.05861053988337517 0.08909489959478378
v -0.03076980635523796 0.055266909301280975 0.0809575542807579
v -0.03280050680041313 0.056286606937646866 0.08863642066717148
v -0.028649266809225082 0.05861053988337517 0.08909489959478378
v -0.03280050680041313 0.056286606937646866 0.08863642066717148
v -0.03316105157136917 0.05651899799704552 0.09046914428472519
v -0.02204391360282898 0.05398695170879364 0.06507041305303574
v -0.02404223196208477 0.05405847728252411 0.06752302497625351
v -0.020755300298333168 0.056531623005867004 0.0697866901755333
v -0.020755300298333168 0.056531623005867004 0.0697866901755333
v -0.02404223196208477 0.05405847728252411 0.06752302497625351
v -0.024446304887533188 0.05408146232366562 0.06807591766119003
v -0.020755300298333168 0.056531623005867004 0.0697866901755333
v -0.024446304887533188 0.05408146232366562 0.06807591766119003
v -0.023109514266252518 0.05676328018307686 0.07324352115392685
v -0.023109514266252518 0.05676328018307686 0.07324352115392685
v -0.024446304887533188 0.05408146232366562 0.06807591766119003
v -0.026810523122549057 0.05430734530091286 0.07180287688970566
v -0.023109514266252518 0.05676328018307686 0.07324352115392685
v -0.026810523122549057 0.05430734530091286 0.07180287688970566
v -0.025026019662618637 0.05712398514151573 0.07697059959173203
v -0.025026019662618637 0.05712398514151573 0.07697059959173203
v -0.026810523122549057 0.05430734530091286 0.07180287688970566
v -0.028712918981909752 0.054647352546453476 0.07560350745916367
v -0.025026019662618637 0.05712398514151573 0.07697059959173203
v -0.028712918981909752 0.054647352546453476 0.07560350745916367
v -0.02907782793045044 0.0547344908118248 0.07644166797399521
v -0.03461950272321701 0.058488860726356506 0.10988082736730576
v -0.029808135703206062 0.06075030192732811 0.10774531215429306
v -0.034538883715867996 0.05771069601178169 0.10162272304296494
v -0.034538883715867996 0.05771069601178169 0.10162272304296494
v -0.029808135703206062 0.06075030192732811 0.10774531215429306
v -0.029909983277320862 0.06020238995552063 0.10283436626195908
v -0.034538883715867996 0.05771069601178169 0.10162272304296494
v -0.029909983277320862 0.06020238995552063 0.10283436626195908
v -0.03448515757918358 0.05763164535164833 0.10080137103796005
v -0.00909940991550684 0.057500772178173065 0.06241419538855553
v -0.010706773027777672 0.05719944089651108 0.06274726241827011
v -0.010054013691842556 0.057768162339925766 0.06360616534948349
v -0.010054013691842556 0.057768162339925766 0.06360616534948349
v -0.010706773027777672 0.05719944089651108 0.06274726241827011
v -0.013285999186336994 0.05664503574371338 0.0632794126868248
v -0.010054013691842556 0.057768162339925766 0.06360616534948349
v -0.013285999186336994 0.05664503574371338 0.0632794126868248
v -0.013445218093693256 0.057575564831495285 0.06555893272161484
v -0.013445218093693256 0.057575564831495285 0.06555893272161484
v -0.013285999186336994 0.05664503574371338 0.0632794126868248
v -0.014759651385247707 0.056490182876586914 0.06403210014104843
v -0.013445218093693256 0.057575564831495285 0.06555893272161484
v -0.014759651385247707 0.056490182876586914 0.06403210014104843
v -0.01651604473590851 0.05751163139939308 0.0680093988776207
v -0.01651604473590851 0.05751163139939308 0.0680093988776207
v -0.014759651385247707 0.056490182876586914 0.06403210014104843
v -0.017961811274290085 0.056444209069013596 0.06668319553136826
v -0.01651604473590851 0.05751163139939308 0.0680093988776207
v -0.017961811274290085 0.056444209069013596 0.06668319553136826
v -0.019185855984687805 0.05760367587208748 0.07090368121862411
v -0.019185855984687805 0.05760367587208748 0.07090368121862411
v -0.017961811274290085 0.056444209069013596 0.06668319553136826
v -0.020755300298333168 0.056531623005867004 0.0697866901755333
v -0.019185855984687805 0.05760367587208748 0.07090368121862411
v -0.020755300298333168 0.056531623005867004 0.0697866901755333
v -0.021425746381282806 0.05783931165933609 0.0741429552435875
v -0.021425746381282806 0.05783931165933609 0.0741429552435875
v -0.020755300298333168 0.056531623005867004 0.0697866901755333
v -0.023109514266252518 0.05676328018307686 0.07324352115392685
v -0.021425746381282806 0.05783931165933609 0.0741429552435875
v -0.023109514266252518 0.05676328018307686 0.07324352115392685
v -0.023233283311128616 0.05818711593747139 0.07764830440282822
v -0.023233283311128616 0.05818711593747139 0.07764830440282822
v -0.023109514266252518 0.05676328018307686 0.07324352115392685
v -0.025026019662618637 0.05712398514151573 0.07697059959173203
v -0.023233283311128616 0.05818711593747139 0.07764830440282822
v -0.025026019662618637 0.05712398514151573 0.07697059959173203
v -0.024638786911964417 0.05860647186636925 0.08134295791387558
v -0.024638786911964417 0.05860647186636925 0.08134295791387558
v -0.025026019662618637 0.05712398514151573 0.07697059959173203
v -0.0265402402728796 0.05757914111018181 0.08088495582342148
v -0.024638786911964417 0.05860647186636925 0.08134295791387558
v -0.0265402402728796 0.05757914111018181 0.08088495582342148
v -0.026583081111311913 0.05950604006648064 0.08910181373357773
v -0.026583081111311913 0.05950604006648064 0.08910181373357773
v -0.0265402402728796 0.05757914111018181 0.08088495582342148
v -0.028649266809225082 0.05861053988337517 0.08909489959478378
v -0.026583081111311913 0.05950604006648064 0.08910181373357773
v -0.028649266809225082 0.05861053988337517 0.08909489959478378
v -0.0274954903870821 0.06051861122250557 0.09762754291296005
v -0.0274954903870821 0.06051861122250557 0.09762754291296005
v -0.028649266809225082 0.05861053988337517 0.08909489959478378
v -0.02974160574376583 0.05966806039214134 0.09807302802801132
v -0.0274954903870821 0.06051861122250557 0.09762754291296005
v -0.02974160574376583 0.05966806039214134 0.09807302802801132
v -0.027445895597338676 0.061629462987184525 0.10684003680944443
v 0.03141782060265541 0.06670946627855301 0.13876643776893616
v 0.028566012158989906 0.06820408254861832 0.1332174837589264
v 0.025870904326438904 0.0675416961312294 0.136722594499588
v 0.025870904326438904 0.0675416961312294 0.136722594499588
v 0.028566012158989906 0.06820408254861832 0.1332174837589264
v 0.02480340376496315 0.06819158792495728 0.13402941823005676
v 0.025870904326438904 0.0675416961312294 0.136722594499588
v 0.02480340376496315 0.06819158792495728 0.13402941823005676
v 0.021209944039583206 0.0672050341963768 0.13846805691719055
v 0.021209944039583206 0.0672050341963768 0.13846805691719055
v 0.02480340376496315 0.06819158792495728 0.13402941823005676
v 0.020600883290171623 0.06790361553430557 0.13573792576789856
v 0.021209944039583206 0.0672050341963768 0.13846805691719055
v 0.020600883290171623 0.06790361553430557 0.13573792576789856
v 0.01637006737291813 0.06684575229883194 0.13971379399299622
v 0.01637006737291813 0.06684575229883194 0.13971379399299622
v 0.020600883290171623 0.06790361553430557 0.13573792576789856
v 0.016186753287911415 0.06757684797048569 0.1370108425617218
v 0.01637006737291813 0.06684575229883194 0.13971379399299622
v 0.016186753287911415 0.06757684797048569 0.1370108425617218
v 0.011399390175938606 0.06645607948303223 0.14047971367835999
v 0.011399390175938606 0.06645607948303223 0.14047971367835999
v 0.016186753287911415 0.06757684797048569 0.1370108425617218
v 0.011580923572182655 0.06720800697803497 0.13783076405525208
v 0.011399390175938606 0.06645607948303223 0.14047971367835999
v 0.011580923572182655 0.06720800697803497 0.13783076405525208
v 0.006375621072947979 0.06604315340518951 0.14074209332466125
v 0.006375621072947979 0.06604315340518951 0.14074209332466125
v 0.011580923572182655 0.06720800697803497 0.13783076405525208
v 0.006872865837067366 0.06681154668331146 0.13814690709114075
v 0.006375621072947979 0.06604315340518951 0.14074209332466125
v 0.006872865837067366 0.06681154668331146 0.13814690709114075
v 0.0013623163104057312 0.06561785191297531 0.14054027199745178
v 0.0013623163104057312 0.06561785191297531 0.14054027199745178
v 0.006872865837067366 0.06681154668331146 0.13814690709114075
v 0.0021442470606416464 0.06640404462814331 0.13801482319831848
v 0.0013623163104057312 0.06561785191297531 0.14054027199745178
v 0.0021442470606416464 0.06640404462814331 0.13801482319831848
v -0.003597513772547245 0.06520038098096848 0.13983455300331116
v -0.003597513772547245 0.06520038098096848 0.13983455300331116
v 0.0021442470606416464 0.06640404462814331 0.13801482319831848
v -0.002556550083681941 0.06600507348775864 0.13739970326423645
v -0.003597513772547245 0.06520038098096848 0.13983455300331116
v -0.002556550083681941 0.06600507348775864 0.13739970326423645
v -0.008441333658993244 0.06480368226766586 0.13855138421058655
v -0.008441333658993244 0.06480368226766586 0.13855138421058655
v -0.002556550083681941 0.06600507348775864 0.13739970326423645
v -0.007159764878451824 0.06562028080224991 0.1362227499485016
v -0.008441333658993244 0.06480368226766586 0.13855138421058655
v -0.007159764878451824 0.06562028080224991 0.1362227499485016
v -0.013063119724392891 0.06441653519868851 0.13663247227668762
v -0.013063119724392891 0.06441653519868851 0.13663247227668762
v -0.007159764878451824 0.06562028080224991 0.1362227499485016
v -0.011554400436580181 0.06523344665765762 0.13442674279212952
v -0.013063119724392891 0.06441653519868851 0.13663247227668762
v -0.011554400436580181 0.06523344665765762 0.13442674279212952
v -0.01732521690428257 0.06401807069778442 0.13403204083442688
v -0.01732521690428257 0.06401807069778442 0.13403204083442688
v -0.011554400436580181 0.06523344665765762 0.13442674279212952
v -0.015604023821651936 0.06482769548892975 0.1319688856601715
v -0.01732521690428257 0.06401807069778442 0.13403204083442688
v -0.015604023821651936 0.06482769548892975 0.1319688856601715
v -0.021085014566779137 0.06359740346670151 0.13072791695594788
v -0.021085014566779137 0.06359740346670151 0.13072791695594788
v -0.015604023821651936 0.06482769548892975 0.1319688856601715
v -0.01916864700615406 0.06440295279026031 0.12882152199745178
v -0.021085014566779137 0.06359740346670151 0.13072791695594788
v -0.01916864700615406 0.06440295279026031 0.12882152199745178
v -0.024205923080444336 0.06312907487154007 0.12681105732917786
v -0.024205923080444336 0.06312907487154007 0.12681105732917786
v -0.01916864700615406 0.06440295279026031 0.12882152199745178
v -0.022116243839263916 0.06394406408071518 0.1250726282596588
v -0.024205923080444336 0.06312907487154007 0.12681105732917786
v -0.022116243839263916 0.06394406408071518 0.1250726282596588
v -0.026593392714858055 0.06258023530244827 0.1224074587225914
v -0.026593392714858055 0.06258023530244827 0.1224074587225914
v -0.022116243839263916 0.06394406408071518 0.1250726282596588
v -0.024368179962038994 0.06342320144176483 0.12085594981908798
v -0.026593392714858055 0.06258023530244827 0.1224074587225914
v -0.024368179962038994 0.06342320144176483 0.12085594981908798
v -0.028266340494155884 0.0619635246694088 0.11766316741704941
v -0.028266340494155884 0.0619635246694088 0.11766316741704941
v -0.024368179962038994 0.06342320144176483 0.12085594981908798
v -0.025953471660614014 0.06283766776323318 0.11631729453802109
v -0.028266340494155884 0.0619635246694088 0.11766316741704941
v -0.025953471660614014 0.06283766776323318 0.11631729453802109
v -0.029306143522262573 0.0613366924226284 0.11272897571325302
v -0.029306143522262573 0.0613366924226284 0.11272897571325302
v -0.025953471660614014 0.06283766776323318 0.11631729453802109
v -0.02694987691938877 0.062224067747592926 0.11159982532262802
v -0.029306143522262573 0.0613366924226284 0.11272897571325302
v -0.02694987691938877 0.062224067747592926 0.11159982532262802
v -0.029808135703206062 0.06075030192732811 0.10774531215429306
v -0.029808135703206062 0.06075030192732811 0.10774531215429306
v -0.02694987691938877 0.062224067747592926 0.11159982532262802
v -0.027445895597338676 0.061629462987184525 0.10684003680944443
v -0.029808135703206062 0.06075030192732811 0.10774531215429306
v -0.027445895597338676 0.061629462987184525 0.10684003680944443
v -0.029909983277320862 0.06020238995552063 0.10283436626195908
v -0.029909983277320862 0.06020238995552063 0.10283436626195908
v -0.027445895597338676 0.061629462987184525 0.10684003680944443
v -0.02974160574376583 0.05966806039214134 0.09807302802801132
v -0.029909983277320862 0.06020238995552063 0.10283436626195908
v -0.02974160574376583 0.05966806039214134 0.09807302802801132
v -0.03448515757918358 0.05763164535164833 0.10080137103796005
v -0.03448515757918358 0.05763164535164833 0.10080137103796005
v -0.02974160574376583 0.05966806039214134 0.09807302802801132
v -0.0343560129404068 0.057472266256809235 0.09917249530553818
v 0.010129852220416069 0.058525893837213516 0.05803385004401207
v 0.009204522706568241 0.05954352021217346 0.060155417770147324
v 0.014424188062548637 0.059989359229803085 0.06044163927435875
v 0.025446033105254173 0.06202741712331772 0.06602039188146591
v 0.02691916935145855 0.0611690953373909 0.06364741176366806
v 0.02239871770143509 0.06068200245499611 0.061902549117803574
v 0.03141782060265541 0.06670946627855301 0.13876643776893616
v 0.032361406832933426 0.06613411754369736 0.14067748188972473
v 0.03668534383177757 0.06656390428543091 0.1381259262561798
v 0.038084547966718674 0.06893197447061539 0.12042238563299179
v 0.03366610035300255 0.06908517330884933 0.12186863273382187
v 0.03636961802840233 0.06892065703868866 0.12358691543340683
v 0.03636961802840233 0.06892065703868866 0.12358691543340683
v 0.03366610035300255 0.06908517330884933 0.12186863273382187
v 0.031794704496860504 0.06904511898756027 0.12476470321416855
v 0.03636961802840233 0.06892065703868866 0.12358691543340683
v 0.031794704496860504 0.06904511898756027 0.12476470321416855
v 0.03400220721960068 0.06880933791399002 0.12686529755592346
v 0.03400220721960068 0.06880933791399002 0.12686529755592346
v 0.031794704496860504 0.06904511898756027 0.12476470321416855
v 0.030576035380363464 0.06899122148752213 0.12626901268959045
v 0.03400220721960068 0.06880933791399002 0.12686529755592346
v 0.030576035380363464 0.06899122148752213 0.12626901268959045
v 0.030942192301154137 0.06860759854316711 0.13002148270606995
v 0.030942192301154137 0.06860759854316711 0.13002148270606995
v 0.030576035380363464 0.06899122148752213 0.12626901268959045
v 0.029407374560832977 0.06892935186624527 0.12750783562660217
v 0.04010818898677826 0.06876121461391449 0.11484577506780624
v 0.036698147654533386 0.06880804896354675 0.11394002288579941
v 0.03529272601008415 0.06902718544006348 0.11839821189641953
v 0.03504438325762749 0.06347717344760895 0.07316603511571884
v 0.034826476126909256 0.06480427086353302 0.07904460281133652
v 0.03751713037490845 0.06465396285057068 0.07877292484045029
v 0.03751713037490845 0.06465396285057068 0.07877292484045029
v 0.034826476126909256 0.06480427086353302 0.07904460281133652
v 0.03629947826266289 0.06561368703842163 0.08399476855993271
v 0.03751713037490845 0.06465396285057068 0.07877292484045029
v 0.03629947826266289 0.06561368703842163 0.08399476855993271
v 0.03940403088927269 0.06568469107151031 0.08460738509893417
v 0.03940403088927269 0.06568469107151031 0.08460738509893417
v 0.03629947826266289 0.06561368703842163 0.08399476855993271
v 0.03728698194026947 0.06635228544473648 0.08931364864110947
v 0.03940403088927269 0.06568469107151031 0.08460738509893417
v 0.03728698194026947 0.06635228544473648 0.08931364864110947
v 0.04061940312385559 0.06654869019985199 0.09059800952672958
v 0.04061940312385559 0.06654869019985199 0.09059800952672958
v 0.03728698194026947 0.06635228544473648 0.08931364864110947
v 0.03784530609846115 0.06712252646684647 0.0957266315817833
v 0.04061940312385559 0.06654869019985199 0.09059800952672958
v 0.03784530609846115 0.06712252646684647 0.0957266315817833
v 0.04123895987868309 0.06733635812997818 0.09729685634374619
v 0.04123895987868309 0.06733635812997818 0.09729685634374619
v 0.03784530609846115 0.06712252646684647 0.0957266315817833
v 0.037978366017341614 0.0679360181093216 0.10353519767522812
v 0.04123895987868309 0.06733635812997818 0.09729685634374619
v 0.037978366017341614 0.0679360181093216 0.10353519767522812
v 0.04141520708799362 0.06805386394262314 0.10463740676641464
v 0.04141520708799362 0.06805386394262314 0.10463740676641464
v 0.037978366017341614 0.0679360181093216 0.10353519767522812
v 0.03761712834239006 0.0684276819229126 0.108917735517025
v 0.04141520708799362 0.06805386394262314 0.10463740676641464
v 0.03761712834239006 0.0684276819229126 0.108917735517025
v 0.04105689376592636 0.06848198920488358 0.1100861057639122
v 0.02862578257918358 0.06259097903966904 0.06840243190526962
v 0.030135639011859894 0.06298346072435379 0.07011058181524277
v 0.0322057381272316 0.06235479563474655 0.06838574260473251
v 0.0322057381272316 0.06235479563474655 0.06838574260473251
v 0.030135639011859894 0.06298346072435379 0.07011058181524277
v 0.03069598414003849 0.06315414607524872 0.07086768001317978
v 0.0322057381272316 0.06235479563474655 0.06838574260473251
v 0.03069598414003849 0.06315414607524872 0.07086768001317978
v 0.03504438325762749 0.06347717344760895 0.07316603511571884
v 0.03504438325762749 0.06347717344760895 0.07316603511571884
v 0.03069598414003849 0.06315414607524872 0.07086768001317978
v 0.03279707580804825 0.06390565633773804 0.07436003535985947
v 0.03504438325762749 0.06347717344760895 0.07316603511571884
v 0.03279707580804825 0.06390565633773804 0.07436003535985947
v 0.034826476126909256 0.06480427086353302 0.07904460281133652
v 0.026583286002278328 0.062198176980018616 0.06672897189855576
v 0.02782251127064228 0.062420375645160675 0.06767072528600693
v 0.029690569266676903 0.06165082007646561 0.06553139537572861
v 0.029690569266676903 0.06165082007646561 0.06553139537572861
v 0.02782251127064228 0.062420375645160675 0.06767072528600693
v 0.02862578257918358 0.06259097903966904 0.06840243190526962
v 0.025446033105254173 0.06202741712331772 0.06602039188146591
v 0.02239871770143509 0.06068200245499611 0.061902549117803574
v 0.02387992851436138 0.061830293387174606 0.06523456424474716
v 0.02387992851436138 0.061830293387174606 0.06523456424474716
v 0.02239871770143509 0.06068200245499611 0.061902549117803574
v 0.018960248678922653 0.06037552282214165 0.061080362647771835
v 0.02387992851436138 0.061830293387174606 0.06523456424474716
v 0.018960248678922653 0.06037552282214165 0.061080362647771835
v 0.02036311663687229 0.06146464869379997 0.06397893279790878
v 0.02036311663687229 0.06146464869379997 0.06397893279790878
v 0.018960248678922653 0.06037552282214165 0.061080362647771835
v 0.014424188062548637 0.059989359229803085 0.06044163927435875
v 0.02036311663687229 0.06146464869379997 0.06397893279790878
v 0.014424188062548637 0.059989359229803085 0.06044163927435875
v 0.01586490496993065 0.06104457750916481 0.06299235671758652
v 0.01586490496993065 0.06104457750916481 0.06299235671758652
v 0.014424188062548637 0.059989359229803085 0.06044163927435875
v 0.009204522706568241 0.05954352021217346 0.060155417770147324
v 0.01586490496993065 0.06104457750916481 0.06299235671758652
v 0.009204522706568241 0.05954352021217346 0.060155417770147324
v 0.01038812194019556 0.06055288016796112 0.062436606734991074
v 0.010129852220416069 0.058525893837213516 0.05803385004401207
v 0.006789240054786205 0.058712463825941086 0.0589158795773983
v 0.009204522706568241 0.05954352021217346 0.060155417770147324
v 0.009204522706568241 0.05954352021217346 0.060155417770147324
v 0.006789240054786205 0.058712463825941086 0.0589158795773983
v 0.004956662654876709 0.05874462425708771 0.059358861297369
v 0.009204522706568241 0.05954352021217346 0.060155417770147324
v 0.004956662654876709 0.05874462425708771 0.059358861297369
v 0.01038812194019556 0.06055288016796112 0.062436606734991074
v 0.01038812194019556 0.06055288016796112 0.062436606734991074
v 0.004956662654876709 0.05874462425708771 0.059358861297369
v 0.005209347233176231 0.059901852160692215 0.06192901358008385
v 0.01038812194019556 0.06055288016796112 0.062436606734991074
v 0.005209347233176231 0.059901852160692215 0.06192901358008385
v 0.005205822642892599 0.060050878673791885 0.06235232576727867
v 0.015239130705595016 0.0575207844376564 0.05579283460974693
v 0.0135505935177207 0.0580236092209816 0.056781914085149765
v 0.01462267991155386 0.05876772105693817 0.058013465255498886
v 0.01462267991155386 0.05876772105693817 0.058013465255498886
v 0.0135505935177207 0.0580236092209816 0.056781914085149765
v 0.013015168718993664 0.05813789740204811 0.057027604430913925
v 0.015239130705595016 0.0575207844376564 0.05579283460974693
v 0.01462267991155386 0.05876772105693817 0.058013465255498886
v 0.017027312889695168 0.05670894309878349 0.054307010024785995
v 0.017027312889695168 0.05670894309878349 0.054307010024785995
v 0.01462267991155386 0.05876772105693817 0.058013465255498886
v 0.019554350525140762 0.05915782228112221 0.0585644505918026
v 0.017027312889695168 0.05670894309878349 0.054307010024785995
v 0.019554350525140762 0.05915782228112221 0.0585644505918026
v 0.017525091767311096 0.05643940344452858 0.053821828216314316
v 0.028579961508512497 0.06003347784280777 0.061164285987615585
v 0.03108404204249382 0.05707446485757828 0.05553748831152916
v 0.026343930512666702 0.059756334871053696 0.06023767217993736
v 0.026343930512666702 0.059756334871053696 0.06023767217993736
v 0.03108404204249382 0.05707446485757828 0.05553748831152916
v 0.026674281805753708 0.05664047226309776 0.054262425750494
v 0.026343930512666702 0.059756334871053696 0.06023767217993736
v 0.026674281805753708 0.05664047226309776 0.054262425750494
v 0.023396534845232964 0.05947653576731682 0.0593503974378109
v 0.023396534845232964 0.05947653576731682 0.0593503974378109
v 0.026674281805753708 0.05664047226309776 0.054262425750494
v 0.02145613357424736 0.05625874549150467 0.053382184356451035
v 0.023396534845232964 0.05947653576731682 0.0593503974378109
v 0.02145613357424736 0.05625874549150467 0.053382184356451035
v 0.019554350525140762 0.05915782228112221 0.0585644505918026
v 0.019554350525140762 0.05915782228112221 0.0585644505918026
v 0.02145613357424736 0.05625874549150467 0.053382184356451035
v 0.01823701523244381 0.05603409186005592 0.05309167131781578
v 0.019554350525140762 0.05915782228112221 0.0585644505918026
v 0.01823701523244381 0.05603409186005592 0.05309167131781578
v 0.017525091767311096 0.05643940344452858 0.053821828216314316
v 0.03435082733631134 0.061478033661842346 0.06635262817144394
v 0.03738950937986374 0.06282704323530197 0.07152440398931503
v 0.03858734667301178 0.05898376554250717 0.061029102653265
v 0.03858734667301178 0.05898376554250717 0.061029102653265
v 0.03738950937986374 0.06282704323530197 0.07152440398931503
v 0.04153885319828987 0.06038852408528328 0.06543948501348495
v 0.04153885319828987 0.06038852408528328 0.06543948501348495
v 0.03738950937986374 0.06282704323530197 0.07152440398931503
v 0.04529745504260063 0.06240100413560867 0.07201375812292099
v 0.04529745504260063 0.06240100413560867 0.07201375812292099
v 0.03738950937986374 0.06282704323530197 0.07152440398931503
v 0.04022529721260071 0.06428850442171097 0.07754399627447128
v 0.04529745504260063 0.06240100413560867 0.07201375812292099
v 0.04022529721260071 0.06428850442171097 0.07754399627447128
v 0.0466572605073452 0.06318140774965286 0.07466914504766464
v 0.0466572605073452 0.06318140774965286 0.07466914504766464
v 0.04022529721260071 0.06428850442171097 0.07754399627447128
v 0.04860010743141174 0.06433770805597305 0.0788506492972374
v 0.04860010743141174 0.06433770805597305 0.0788506492972374
v 0.04022529721260071 0.06428850442171097 0.07754399627447128
v 0.04253024980425835 0.06559194624423981 0.08378174155950546
v 0.04860010743141174 0.06433770805597305 0.0788506492972374
v 0.04253024980425835 0.06559194624423981 0.08378174155950546
v 0.04981483146548271 0.06508449465036392 0.08183564990758896
v 0.0506853349506855 0.06563182175159454 0.08429136127233505
v 0.04981483146548271 0.06508449465036392 0.08183564990758896
v 0.0498691089451313 0.06620342284440994 0.0869845375418663
v 0.0498691089451313 0.06620342284440994 0.0869845375418663
v 0.04981483146548271 0.06508449465036392 0.08183564990758896
v 0.04253024980425835 0.06559194624423981 0.08378174155950546
v 0.0498691089451313 0.06620342284440994 0.0869845375418663
v 0.04253024980425835 0.06559194624423981 0.08378174155950546
v 0.04952801391482353 0.06667275726795197 0.0897764191031456
v 0.04952801391482353 0.06667275726795197 0.0897764191031456
v 0.04253024980425835 0.06559194624423981 0.08378174155950546
v 0.04409526661038399 0.06663541495800018 0.09021773189306259
v 0.04952801391482353 0.06667275726795197 0.0897764191031456
v 0.04409526661038399 0.06663541495800018 0.09021773189306259
v 0.04949996992945671 0.067145936191082 0.0934002622961998
v 0.04949996992945671 0.067145936191082 0.0934002622961998
v 0.04409526661038399 0.06663541495800018 0.09021773189306259
v 0.04947923868894577 0.0675973892211914 0.09766008704900742
v 0.04409526661038399 0.06663541495800018 0.09021773189306259
v 0.04491815343499184 0.06748480349779129 0.09743275493383408
v 0.04947923868894577 0.0675973892211914 0.09766008704900742
v 0.04947923868894577 0.0675973892211914 0.09766008704900742
v 0.04491815343499184 0.06748480349779129 0.09743275493383408
v 0.0451832078397274 0.06819000840187073 0.10528197139501572
v 0.04947923868894577 0.0675973892211914 0.09766008704900742
v 0.0451832078397274 0.06819000840187073 0.10528197139501572
v 0.0495036356151104 0.0682528018951416 0.1056838259100914
v 0.0495036356151104 0.0682528018951416 0.1056838259100914
v 0.0451832078397274 0.06819000840187073 0.10528197139501572
v 0.045085061341524124 0.06840164959430695 0.10847916454076767
v 0.0495036356151104 0.0682528018951416 0.1056838259100914
v 0.045085061341524124 0.06840164959430695 0.10847916454076767
v 0.04954439401626587 0.06844372302293777 0.10970678180456161
v 0.04954439401626587 0.06844372302293777 0.10970678180456161
v 0.045085061341524124 0.06840164959430695 0.10847916454076767
v 0.044812873005867004 0.06853232532739639 0.1112218126654625
v 0.04954439401626587 0.06844372302293777 0.10970678180456161
v 0.044812873005867004 0.06853232532739639 0.1112218126654625
v 0.04959391802549362 0.0685000792145729 0.11287262290716171
v 0.049568649381399155 0.06796136498451233 0.12440671771764755
v 0.050368014723062515 0.06804860383272171 0.1228276714682579
v 0.04253755137324333 0.06870236247777939 0.1195383295416832
v 0.04253755137324333 0.06870236247777939 0.1195383295416832
v 0.050368014723062515 0.06804860383272171 0.1228276714682579
v 0.050151363015174866 0.06812427192926407 0.12205841392278671
v 0.049568649381399155 0.06796136498451233 0.12440671771764755
v 0.04105925187468529 0.06867492198944092 0.12265076488256454
v 0.047214996069669724 0.06770683825016022 0.1281518042087555
v 0.047214996069669724 0.06770683825016022 0.1281518042087555
v 0.04105925187468529 0.06867492198944092 0.12265076488256454
v 0.039011549204587936 0.06856784224510193 0.12592557072639465
v 0.047214996069669724 0.06770683825016022 0.1281518042087555
v 0.039011549204587936 0.06856784224510193 0.12592557072639465
v 0.04419010505080223 0.06737945228815079 0.1317829191684723
v 0.04419010505080223 0.06737945228815079 0.1317829191684723
v 0.039011549204587936 0.06856784224510193 0.12592557072639465
v 0.036248184740543365 0.06835988909006119 0.12930431962013245
v 0.04419010505080223 0.06737945228815079 0.1317829191684723
v 0.036248184740543365 0.06835988909006119 0.12930431962013245
v 0.040600650012493134 0.06698419898748398 0.13516679406166077
v 0.040600650012493134 0.06698419898748398 0.13516679406166077
v 0.036248184740543365 0.06835988909006119 0.12930431962013245
v 0.03275233879685402 0.06806769967079163 0.1325695812702179
v 0.040600650012493134 0.06698419898748398 0.13516679406166077
v 0.03275233879685402 0.06806769967079163 0.1325695812702179
v 0.03668534383177757 0.06656390428543091 0.1381259262561798
v 0.03668534383177757 0.06656390428543091 0.1381259262561798
v 0.03275233879685402 0.06806769967079163 0.1325695812702179
v 0.028566012158989906 0.06820408254861832 0.1332174837589264
v 0.03668534383177757 0.06656390428543091 0.1381259262561798
v 0.028566012158989906 0.06820408254861832 0.1332174837589264
v 0.03141782060265541 0.06670946627855301 0.13876643776893616
v 0.036327701061964035 0.05812805891036987 0.058509375900030136
v 0.03424517437815666 0.05759180337190628 0.05700137838721275
v 0.03170638531446457 0.06062868610024452 0.0632186159491539
v 0.03170638531446457 0.06062868610024452 0.0632186159491539
v 0.03424517437815666 0.05759180337190628 0.05700137838721275
v 0.030301153659820557 0.06032072380185127 0.06213822588324547
v 0.03170638531446457 0.06062868610024452 0.0632186159491539
v 0.030301153659820557 0.06032072380185127 0.06213822588324547
v 0.029690569266676903 0.06165082007646561 0.06553139537572861
v 0.029690569266676903 0.06165082007646561 0.06553139537572861
v 0.030301153659820557 0.06032072380185127 0.06213822588324547
v 0.02691916935145855 0.0611690953373909 0.06364741176366806
v 0.029690569266676903 0.06165082007646561 0.06553139537572861
v 0.02691916935145855 0.0611690953373909 0.06364741176366806
v 0.026583286002278328 0.062198176980018616 0.06672897189855576
v 0.026583286002278328 0.062198176980018616 0.06672897189855576
v 0.02691916935145855 0.0611690953373909 0.06364741176366806
v 0.025446033105254173 0.06202741712331772 0.06602039188146591
v 0.013015168718993664 0.05813789740204811 0.057027604430913925
v 0.010129852220416069 0.058525893837213516 0.05803385004401207
v 0.01462267991155386 0.05876772105693817 0.058013465255498886
v 0.01462267991155386 0.05876772105693817 0.058013465255498886
v 0.010129852220416069 0.058525893837213516 0.05803385004401207
v 0.014424188062548637 0.059989359229803085 0.06044163927435875
v 0.01462267991155386 0.05876772105693817 0.058013465255498886
v 0.014424188062548637 0.059989359229803085 0.06044163927435875
v 0.019554350525140762 0.05915782228112221 0.0585644505918026
v 0.019554350525140762 0.05915782228112221 0.0585644505918026
v 0.014424188062548637 0.059989359229803085 0.06044163927435875
v 0.018960248678922653 0.06037552282214165 0.061080362647771835
v 0.019554350525140762 0.05915782228112221 0.0585644505918026
v 0.018960248678922653 0.06037552282214165 0.061080362647771835
v 0.023396534845232964 0.05947653576731682 0.0593503974378109
v 0.023396534845232964 0.05947653576731682 0.0593503974378109
v 0.018960248678922653 0.06037552282214165 0.061080362647771835
v 0.02239871770143509 0.06068200245499611 0.061902549117803574
v 0.023396534845232964 0.05947653576731682 0.0593503974378109
v 0.02239871770143509 0.06068200245499611 0.061902549117803574
v 0.026343930512666702 0.059756334871053696 0.06023767217993736
v 0.026343930512666702 0.059756334871053696 0.06023767217993736
v 0.02239871770143509 0.06068200245499611 0.061902549117803574
v 0.02691916935145855 0.0611690953373909 0.06364741176366806
v 0.026343930512666702 0.059756334871053696 0.06023767217993736
v 0.02691916935145855 0.0611690953373909 0.06364741176366806
v 0.028579961508512497 0.06003347784280777 0.061164285987615585
v 0.028579961508512497 0.06003347784280777 0.061164285987615585
v 0.02691916935145855 0.0611690953373909 0.06364741176366806
v 0.030301153659820557 0.06032072380185127 0.06213822588324547
v 0.028579961508512497 0.06003347784280777 0.061164285987615585
v 0.030301153659820557 0.06032072380185127 0.06213822588324547
v 0.03108404204249382 0.05707446485757828 0.05553748831152916
v 0.03108404204249382 0.05707446485757828 0.05553748831152916
v 0.030301153659820557 0.06032072380185127 0.06213822588324547
v 0.03424517437815666 0.05759180337190628 0.05700137838721275
v 0.02862578257918358 0.06259097903966904 0.06840243190526962
v 0.0322057381272316 0.06235479563474655 0.06838574260473251
v 0.029690569266676903 0.06165082007646561 0.06553139537572861
v 0.029690569266676903 0.06165082007646561 0.06553139537572861
v 0.0322057381272316 0.06235479563474655 0.06838574260473251
v 0.032996807247400284 0.06099482998251915 0.06455304473638535
v 0.029690569266676903 0.06165082007646561 0.06553139537572861
v 0.032996807247400284 0.06099482998251915 0.06455304473638535
v 0.03170638531446457 0.06062868610024452 0.0632186159491539
v 0.03170638531446457 0.06062868610024452 0.0632186159491539
v 0.032996807247400284 0.06099482998251915 0.06455304473638535
v 0.03852897882461548 0.05895831063389778 0.06095173582434654
v 0.03170638531446457 0.06062868610024452 0.0632186159491539
v 0.03852897882461548 0.05895831063389778 0.06095173582434654
v 0.036327701061964035 0.05812805891036987 0.058509375900030136
v 0.050151363015174866 0.06812427192926407 0.12205841392278671
v 0.043592751026153564 0.06867819279432297 0.11661805957555771
v 0.04253755137324333 0.06870236247777939 0.1195383295416832
v 0.04253755137324333 0.06870236247777939 0.1195383295416832
v 0.043592751026153564 0.06867819279432297 0.11661805957555771
v 0.04010818898677826 0.06876121461391449 0.11484577506780624
v 0.04253755137324333 0.06870236247777939 0.1195383295416832
v 0.04010818898677826 0.06876121461391449 0.11484577506780624
v 0.038084547966718674 0.06893197447061539 0.12042238563299179
v 0.038084547966718674 0.06893197447061539 0.12042238563299179
v 0.04010818898677826 0.06876121461391449 0.11484577506780624
v 0.03529272601008415 0.06902718544006348 0.11839821189641953
v 0.038084547966718674 0.06893197447061539 0.12042238563299179
v 0.03529272601008415 0.06902718544006348 0.11839821189641953
v 0.03366610035300255 0.06908517330884933 0.12186863273382187
v 0.049568649381399155 0.06796136498451233 0.12440671771764755
v 0.04253755137324333 0.06870236247777939 0.1195383295416832
v 0.04105925187468529 0.06867492198944092 0.12265076488256454
v 0.04105925187468529 0.06867492198944092 0.12265076488256454
v 0.04253755137324333 0.06870236247777939 0.1195383295416832
v 0.038084547966718674 0.06893197447061539 0.12042238563299179
v 0.04105925187468529 0.06867492198944092 0.12265076488256454
v 0.038084547966718674 0.06893197447061539 0.12042238563299179
v 0.039011549204587936 0.06856784224510193 0.12592557072639465
v 0.039011549204587936 0.06856784224510193 0.12592557072639465
v 0.038084547966718674 0.06893197447061539 0.12042238563299179
v 0.03636961802840233 0.06892065703868866 0.12358691543340683
v 0.039011549204587936 0.06856784224510193 0.12592557072639465
v 0.03636961802840233 0.06892065703868866 0.12358691543340683
v 0.036248184740543365 0.06835988909006119 0.12930431962013245
v 0.036248184740543365 0.06835988909006119 0.12930431962013245
v 0.03636961802840233 0.06892065703868866 0.12358691543340683
v 0.03400220721960068 0.06880933791399002 0.12686529755592346
v 0.036248184740543365 0.06835988909006119 0.12930431962013245
v 0.03400220721960068 0.06880933791399002 0.12686529755592346
v 0.03275233879685402 0.06806769967079163 0.1325695812702179
v 0.03275233879685402 0.06806769967079163 0.1325695812702179
v 0.03400220721960068 0.06880933791399002 0.12686529755592346
v 0.030942192301154137 0.06860759854316711 0.13002148270606995
v 0.03275233879685402 0.06806769967079163 0.1325695812702179
v 0.030942192301154137 0.06860759854316711 0.13002148270606995
v 0.028566012158989906 0.06820408254861832 0.1332174837589264
v 0.028566012158989906 0.06820408254861832 0.1332174837589264
v 0.030942192301154137 0.06860759854316711 0.13002148270606995
v 0.029407374560832977 0.06892935186624527 0.12750783562660217
v 0.028566012158989906 0.06820408254861832 0.1332174837589264
v 0.029407374560832977 0.06892935186624527 0.12750783562660217
v 0.026546133682131767 0.06875647604465485 0.12989774346351624
v 0.050151363015174866 0.06812427192926407 0.12205841392278671
v 0.0498339980840683 0.06832185387611389 0.1193639263510704
v 0.043592751026153564 0.06867819279432297 0.11661805957555771
v 0.043592751026153564 0.06867819279432297 0.11661805957555771
v 0.0498339980840683 0.06832185387611389 0.1193639263510704
v 0.04433063417673111 0.06861928850412369 0.11386456340551376
v 0.043592751026153564 0.06867819279432297 0.11661805957555771
v 0.04433063417673111 0.06861928850412369 0.11386456340551376
v 0.04010818898677826 0.06876121461391449 0.11484577506780624
v 0.04010818898677826 0.06876121461391449 0.11484577506780624
v 0.04433063417673111 0.06861928850412369 0.11386456340551376
v 0.04105689376592636 0.06848198920488358 0.1100861057639122
v 0.04010818898677826 0.06876121461391449 0.11484577506780624
v 0.04105689376592636 0.06848198920488358 0.1100861057639122
v 0.036698147654533386 0.06880804896354675 0.11394002288579941
v 0.036698147654533386 0.06880804896354675 0.11394002288579941
v 0.04105689376592636 0.06848198920488358 0.1100861057639122
v 0.03761712834239006 0.0684276819229126 0.108917735517025
v 0.0498339980840683 0.06832185387611389 0.1193639263510704
v 0.04959391802549362 0.0685000792145729 0.11287262290716171
v 0.04433063417673111 0.06861928850412369 0.11386456340551376
v 0.04433063417673111 0.06861928850412369 0.11386456340551376
v 0.04959391802549362 0.0685000792145729 0.11287262290716171
v 0.044812873005867004 0.06853232532739639 0.1112218126654625
v 0.04433063417673111 0.06861928850412369 0.11386456340551376
v 0.044812873005867004 0.06853232532739639 0.1112218126654625
v 0.04105689376592636 0.06848198920488358 0.1100861057639122
v 0.04105689376592636 0.06848198920488358 0.1100861057639122
v 0.044812873005867004 0.06853232532739639 0.1112218126654625
v 0.045085061341524124 0.06840164959430695 0.10847916454076767
v 0.04105689376592636 0.06848198920488358 0.1100861057639122
v 0.045085061341524124 0.06840164959430695 0.10847916454076767
v 0.04141520708799362 0.06805386394262314 0.10463740676641464
v 0.04141520708799362 0.06805386394262314 0.10463740676641464
v 0.045085061341524124 0.06840164959430695 0.10847916454076767
v 0.0451832078397274 0.06819000840187073 0.10528197139501572
v 0.04141520708799362 0.06805386394262314 0.10463740676641464
v 0.0451832078397274 0.06819000840187073 0.10528197139501572
v 0.04123895987868309 0.06733635812997818 0.09729685634374619
v 0.04123895987868309 0.06733635812997818 0.09729685634374619
v 0.0451832078397274 0.06819000840187073 0.10528197139501572
v 0.04491815343499184 0.06748480349779129 0.09743275493383408
v 0.04123895987868309 0.06733635812997818 0.09729685634374619
v 0.04491815343499184 0.06748480349779129 0.09743275493383408
v 0.04061940312385559 0.06654869019985199 0.09059800952672958
v 0.04061940312385559 0.06654869019985199 0.09059800952672958
v 0.04491815343499184 0.06748480349779129 0.09743275493383408
v 0.04409526661038399 0.06663541495800018 0.09021773189306259
v 0.04061940312385559 0.06654869019985199 0.09059800952672958
v 0.04409526661038399 0.06663541495800018 0.09021773189306259
v 0.03940403088927269 0.06568469107151031 0.08460738509893417
v 0.03940403088927269 0.06568469107151031 0.08460738509893417
v 0.04409526661038399 0.06663541495800018 0.09021773189306259
v 0.04253024980425835 0.06559194624423981 0.08378174155950546
v 0.03940403088927269 0.06568469107151031 0.08460738509893417
v 0.04253024980425835 0.06559194624423981 0.08378174155950546
v 0.03751713037490845 0.06465396285057068 0.07877292484045029
v 0.03751713037490845 0.06465396285057068 0.07877292484045029
v 0.04253024980425835 0.06559194624423981 0.08378174155950546
v 0.04022529721260071 0.06428850442171097 0.07754399627447128
v 0.03751713037490845 0.06465396285057068 0.07877292484045029
v 0.04022529721260071 0.06428850442171097 0.07754399627447128
v 0.03504438325762749 0.06347717344760895 0.07316603511571884
v 0.03504438325762749 0.06347717344760895 0.07316603511571884
v 0.04022529721260071 0.06428850442171097 0.07754399627447128
v 0.03738950937986374 0.06282704323530197 0.07152440398931503
v 0.03504438325762749 0.06347717344760895 0.07316603511571884
v 0.03738950937986374 0.06282704323530197 0.07152440398931503
v 0.0322057381272316 0.06235479563474655 0.06838574260473251
v 0.0322057381272316 0.06235479563474655 0.06838574260473251
v 0.03738950937986374 0.06282704323530197 0.07152440398931503
v 0.03435082733631134 0.061478033661842346 0.06635262817144394
v 0.0322057381272316 0.06235479563474655 0.06838574260473251
v 0.03435082733631134 0.061478033661842346 0.06635262817144394
v 0.032996807247400284 0.06099482998251915 0.06455304473638535
v 0.032996807247400284 0.06099482998251915 0.06455304473638535
v 0.03435082733631134 0.061478033661842346 0.06635262817144394
v 0.03858734667301178 0.05898376554250717 0.061029102653265
v 0.032996807247400284 0.06099482998251915 0.06455304473638535
v 0.03858734667301178 0.05898376554250717 0.061029102653265
v 0.03852897882461548 0.05895831063389778 0.06095173582434654
v -0.004185115918517113 0.06284168362617493 0.07631971687078476
v -0.0005688070086762309 0.06306349486112595 0.07499351352453232
v -0.003987688105553389 0.061805352568626404 0.07209696620702744
v 0.02971646375954151 0.06882606446743011 0.11180319637060165
v 0.02822292037308216 0.06901076436042786 0.11436261981725693
v 0.0310358889400959 0.06885544210672379 0.11269297450780869
v -0.023247934877872467 0.05953479930758476 0.08309938758611679
v -0.024443939328193665 0.06008537858724594 0.08809175342321396
v -0.018084773793816566 0.06136178597807884 0.08457174152135849
v 0.00548301637172699 0.06817713379859924 0.12597814202308655
v 0.0024826060980558395 0.06791242212057114 0.1256798803806305
v -0.0016887675737962127 0.06699701398611069 0.13107898831367493
v 0.02068742737174034 0.06390144675970078 0.0730750784277916
v 0.026583286002278328 0.062198176980018616 0.06672897189855576
v 0.025446033105254173 0.06202741712331772 0.06602039188146591
v 0.025446033105254173 0.06202741712331772 0.06602039188146591
v 0.02387992851436138 0.061830293387174606 0.06523456424474716
v 0.02068742737174034 0.06390144675970078 0.0730750784277916
v 0.02068742737174034 0.06390144675970078 0.0730750784277916
v 0.02387992851436138 0.061830293387174606 0.06523456424474716
v 0.02036311663687229 0.06146464869379997 0.06397893279790878
v 0.02068742737174034 0.06390144675970078 0.0730750784277916
v 0.02036311663687229 0.06146464869379997 0.06397893279790878
v 0.01485762931406498 0.062016747891902924 0.0662921890616417
v 0.030135639011859894 0.06298346072435379 0.07011058181524277
v 0.02068742737174034 0.06390144675970078 0.0730750784277916
v 0.03069598414003849 0.06315414607524872 0.07086768001317978
v 0.03069598414003849 0.06315414607524872 0.07086768001317978
v 0.02068742737174034 0.06390144675970078 0.0730750784277916
v 0.02673114836215973 0.06522880494594574 0.08007147163152695
v 0.030135639011859894 0.06298346072435379 0.07011058181524277
v 0.02862578257918358 0.06259097903966904 0.06840243190526962
v 0.02068742737174034 0.06390144675970078 0.0730750784277916
v 0.02068742737174034 0.06390144675970078 0.0730750784277916
v 0.02862578257918358 0.06259097903966904 0.06840243190526962
v 0.02782251127064228 0.062420375645160675 0.06767072528600693
v 0.02068742737174034 0.06390144675970078 0.0730750784277916
v 0.02782251127064228 0.062420375645160675 0.06767072528600693
v 0.026583286002278328 0.062198176980018616 0.06672897189855576
v 0.02673114836215973 0.06522880494594574 0.08007147163152695
v 0.03728698194026947 0.06635228544473648 0.08931364864110947
v 0.03629947826266289 0.06561368703842163 0.08399476855993271
v 0.03629947826266289 0.06561368703842163 0.08399476855993271
v 0.034826476126909256 0.06480427086353302 0.07904460281133652
v 0.02673114836215973 0.06522880494594574 0.08007147163152695
v 0.02673114836215973 0.06522880494594574 0.08007147163152695
v 0.034826476126909256 0.06480427086353302 0.07904460281133652
v 0.03279707580804825 0.06390565633773804 0.07436003535985947
v 0.02673114836215973 0.06522880494594574 0.08007147163152695
v 0.03279707580804825 0.06390565633773804 0.07436003535985947
v 0.03069598414003849 0.06315414607524872 0.07086768001317978
v 0.02673114836215973 0.06522880494594574 0.08007147163152695
v 0.024934833869338036 0.0655205100774765 0.08161523193120956
v 0.025961030274629593 0.06567791849374771 0.08270230144262314
v 0.02673114836215973 0.06522880494594574 0.08007147163152695
v 0.025961030274629593 0.06567791849374771 0.08270230144262314
v 0.03728698194026947 0.06635228544473648 0.08931364864110947
v 0.03728698194026947 0.06635228544473648 0.08931364864110947
v 0.025961030274629593 0.06567791849374771 0.08270230144262314
v 0.02826761081814766 0.06607794761657715 0.08570506423711777
v 0.03728698194026947 0.06635228544473648 0.08931364864110947
v 0.02826761081814766 0.06607794761657715 0.08570506423711777
v 0.029716171324253082 0.0663825273513794 0.08819629997015
v 0.029716171324253082 0.0663825273513794 0.08819629997015
v 0.030194921419024467 0.06649882346391678 0.08918716758489609
v 0.03728698194026947 0.06635228544473648 0.08931364864110947
v 0.03728698194026947 0.06635228544473648 0.08931364864110947
v 0.030194921419024467 0.06649882346391678 0.08918716758489609
v 0.031445592641830444 0.06687360256910324 0.09250273555517197
v 0.03728698194026947 0.06635228544473648 0.08931364864110947
v 0.031445592641830444 0.06687360256910324 0.09250273555517197
v 0.03784530609846115 0.06712252646684647 0.0957266315817833
v 0.031445592641830444 0.06687360256910324 0.09250273555517197
v 0.032247647643089294 0.06725796312093735 0.09604635089635849
v 0.03784530609846115 0.06712252646684647 0.0957266315817833
v 0.03784530609846115 0.06712252646684647 0.0957266315817833
v 0.032247647643089294 0.06725796312093735 0.09604635089635849
v 0.03254999965429306 0.06767755001783371 0.1000000461935997
v 0.03784530609846115 0.06712252646684647 0.0957266315817833
v 0.03254999965429306 0.06767755001783371 0.1000000461935997
v 0.037978366017341614 0.0679360181093216 0.10353519767522812
v 0.037978366017341614 0.0679360181093216 0.10353519767522812
v 0.03254999965429306 0.06767755001783371 0.1000000461935997
v 0.03761712834239006 0.0684276819229126 0.108917735517025
v 0.01693723350763321 0.06897140294313431 0.12502124905586243
v 0.010662507265806198 0.06805814802646637 0.13177302479743958
v 0.015375325456261635 0.06798852980136871 0.1346365511417389
v 0.015375325456261635 0.06798852980136871 0.1346365511417389
v 0.019955875352025032 0.0683329850435257 0.1332269012928009
v 0.01693723350763321 0.06897140294313431 0.12502124905586243
v 0.01693723350763321 0.06897140294313431 0.12502124905586243
v 0.019955875352025032 0.0683329850435257 0.1332269012928009
v 0.024009015411138535 0.06860341131687164 0.13142910599708557
v 0.01693723350763321 0.06897140294313431 0.12502124905586243
v 0.024009015411138535 0.06860341131687164 0.13142910599708557
v 0.01947479136288166 0.06914456933736801 0.12255992740392685
v 0.01947479136288166 0.06914456933736801 0.12255992740392685
v 0.024009015411138535 0.06860341131687164 0.13142910599708557
v 0.026546133682131767 0.06875647604465485 0.12989774346351624
v 0.01947479136288166 0.06914456933736801 0.12255992740392685
v 0.026546133682131767 0.06875647604465485 0.12989774346351624
v 0.022967366501688957 0.06921589374542236 0.12016107887029648
v 0.022967366501688957 0.06921589374542236 0.12016107887029648
v 0.026546133682131767 0.06875647604465485 0.12989774346351624
v 0.029407374560832977 0.06892935186624527 0.12750783562660217
v 0.022967366501688957 0.06921589374542236 0.12016107887029648
v 0.029407374560832977 0.06892935186624527 0.12750783562660217
v 0.024202590808272362 0.06920833885669708 0.11908891052007675
v 0.024202590808272362 0.06920833885669708 0.11908891052007675
v 0.029407374560832977 0.06892935186624527 0.12750783562660217
v 0.030576035380363464 0.06899122148752213 0.12626901268959045
v 0.024202590808272362 0.06920833885669708 0.11908891052007675
v 0.030576035380363464 0.06899122148752213 0.12626901268959045
v 0.024934863671660423 0.06919416785240173 0.11838474124670029
v 0.024934863671660423 0.06919416785240173 0.11838474124670029
v 0.030576035380363464 0.06899122148752213 0.12626901268959045
v 0.031794704496860504 0.06904511898756027 0.12476470321416855
v 0.024934863671660423 0.06919416785240173 0.11838474124670029
v 0.031794704496860504 0.06904511898756027 0.12476470321416855
v 0.02570103481411934 0.06917055696249008 0.1175852045416832
v 0.02570103481411934 0.06917055696249008 0.1175852045416832
v 0.031794704496860504 0.06904511898756027 0.12476470321416855
v 0.03366610035300255 0.06908517330884933 0.12186863273382187
v 0.02570103481411934 0.06917055696249008 0.1175852045416832
v 0.03366610035300255 0.06908517330884933 0.12186863273382187
v 0.02822292037308216 0.06901076436042786 0.11436261981725693
v 0.02822292037308216 0.06901076436042786 0.11436261981725693
v 0.03366610035300255 0.06908517330884933 0.12186863273382187
v 0.03529272601008415 0.06902718544006348 0.11839821189641953
v 0.02822292037308216 0.06901076436042786 0.11436261981725693
v 0.03529272601008415 0.06902718544006348 0.11839821189641953
v 0.0310358889400959 0.06885544210672379 0.11269297450780869
v 0.0310358889400959 0.06885544210672379 0.11269297450780869
v 0.03529272601008415 0.06902718544006348 0.11839821189641953
v 0.036698147654533386 0.06880804896354675 0.11394002288579941
v 0.0310358889400959 0.06885544210672379 0.11269297450780869
v 0.036698147654533386 0.06880804896354675 0.11394002288579941
v 0.03761712834239006 0.0684276819229126 0.108917735517025
v 0.001401587389409542 0.06679581850767136 0.1355067789554596
v 0.00626018363982439 0.06722163408994675 0.13571873307228088
v 0.010662507265806198 0.06805814802646637 0.13177302479743958
v 0.010662507265806198 0.06805814802646637 0.13177302479743958
v 0.00626018363982439 0.06722163408994675 0.13571873307228088
v 0.010829590260982513 0.0676145926117897 0.1354478895664215
v 0.010662507265806198 0.06805814802646637 0.13177302479743958
v 0.010829590260982513 0.0676145926117897 0.1354478895664215
v 0.015375325456261635 0.06798852980136871 0.1346365511417389
v -0.011059507727622986 0.06569240242242813 0.13187292218208313
v -0.007345315534621477 0.06603898853063583 0.1335449516773224
v -0.007627076003700495 0.06678637117147446 0.12401583045721054
v -0.007627076003700495 0.06678637117147446 0.12401583045721054
v -0.007345315534621477 0.06603898853063583 0.1335449516773224
v -0.0016887675737962127 0.06699701398611069 0.13107898831367493
v -0.020334415137767792 0.06449154764413834 0.12314584106206894
v -0.019823996350169182 0.06458849459886551 0.12393965572118759
v -0.013711811043322086 0.0658533126115799 0.11696269363164902
v -0.013711811043322086 0.0658533126115799 0.11696269363164902
v -0.019823996350169182 0.06458849459886551 0.12393965572118759
v -0.01726527325809002 0.06498608738183975 0.1271515190601349
v -0.013711811043322086 0.0658533126115799 0.11696269363164902
v -0.01726527325809002 0.06498608738183975 0.1271515190601349
v -0.007627076003700495 0.06678637117147446 0.12401583045721054
v -0.007627076003700495 0.06678637117147446 0.12401583045721054
v -0.01726527325809002 0.06498608738183975 0.1271515190601349
v -0.014342221431434155 0.06534658372402191 0.12976613640785217
v -0.007627076003700495 0.06678637117147446 0.12401583045721054
v -0.014342221431434155 0.06534658372402191 0.12976613640785217
v -0.011059507727622986 0.06569240242242813 0.13187292218208313
v -0.02511654607951641 0.062383659183979034 0.10679557174444199
v -0.024396739900112152 0.06308093667030334 0.11215247958898544
v -0.019907046109437943 0.06407558917999268 0.11011268943548203
v -0.019907046109437943 0.06407558917999268 0.11011268943548203
v -0.024396739900112152 0.06308093667030334 0.11215247958898544
v -0.023262089118361473 0.06367408484220505 0.11665751785039902
v -0.019907046109437943 0.06407558917999268 0.11011268943548203
v -0.023262089118361473 0.06367408484220505 0.11665751785039902
v -0.013711811043322086 0.0658533126115799 0.11696269363164902
v -0.013711811043322086 0.0658533126115799 0.11696269363164902
v -0.023262089118361473 0.06367408484220505 0.11665751785039902
v -0.02172737382352352 0.06417380273342133 0.1205759271979332
v -0.013711811043322086 0.0658533126115799 0.11696269363164902
v -0.02172737382352352 0.06417380273342133 0.1205759271979332
v -0.020334415137767792 0.06449154764413834 0.12314584106206894
v -0.02539174258708954 0.06146418675780296 0.09950854629278183
v -0.019346917048096657 0.06288579106330872 0.09734680503606796
v -0.02537275291979313 0.061201345175504684 0.09743692725896835
v -0.02537275291979313 0.061201345175504684 0.09743692725896835
v -0.019346917048096657 0.06288579106330872 0.09734680503606796
v -0.025174565613269806 0.060710616409778595 0.09348823875188828
v -0.019907046109437943 0.06407558917999268 0.11011268943548203
v -0.018140215426683426 0.06434070318937302 0.1081482395529747
v -0.02511654607951641 0.062383659183979034 0.10679557174444199
v -0.02511654607951641 0.062383659183979034 0.10679557174444199
v -0.018140215426683426 0.06434070318937302 0.1081482395529747
v -0.019118651747703552 0.06370893120765686 0.10413768142461777
v -0.02511654607951641 0.062383659183979034 0.10679557174444199
v -0.019118651747703552 0.06370893120765686 0.10413768142461777
v -0.02539174258708954 0.06146418675780296 0.09950854629278183
v -0.02539174258708954 0.06146418675780296 0.09950854629278183
v -0.019118651747703552 0.06370893120765686 0.10413768142461777
v -0.019449999555945396 0.06317099928855896 0.1000000461935997
v -0.02539174258708954 0.06146418675780296 0.09950854629278183
v -0.019449999555945396 0.06317099928855896 0.1000000461935997
v -0.019346917048096657 0.06288579106330872 0.09734680503606796
v -0.019346917048096657 0.06288579106330872 0.09734680503606796
v -0.019449999555945396 0.06317099928855896 0.1000000461935997
v -0.019298462197184563 0.06288161873817444 0.09719695895910263
v -0.019346917048096657 0.06288579106330872 0.09734680503606796
v -0.019298462197184563 0.06288161873817444 0.09719695895910263
v -0.025174565613269806 0.060710616409778595 0.09348823875188828
v -0.025174565613269806 0.060710616409778595 0.09348823875188828
v -0.019298462197184563 0.06288161873817444 0.09719695895910263
v -0.018545640632510185 0.06257551163434982 0.09320225566625595
v -0.025174565613269806 0.060710616409778595 0.09348823875188828
v -0.018545640632510185 0.06257551163434982 0.09320225566625595
v -0.024651119485497475 0.06021535396575928 0.08925356715917587
v -0.024651119485497475 0.06021535396575928 0.08925356715917587
v -0.018545640632510185 0.06257551163434982 0.09320225566625595
v -0.01718885637819767 0.06240318715572357 0.0893949493765831
v -0.024651119485497475 0.06021535396575928 0.08925356715917587
v -0.01718885637819767 0.06240318715572357 0.0893949493765831
v -0.024443939328193665 0.06008537858724594 0.08809175342321396
v -0.024443939328193665 0.06008537858724594 0.08809175342321396
v -0.01718885637819767 0.06240318715572357 0.0893949493765831
v -0.01661623641848564 0.062374502420425415 0.08819641917943954
v -0.024443939328193665 0.06008537858724594 0.08809175342321396
v -0.01661623641848564 0.062374502420425415 0.08819641917943954
v -0.018084773793816566 0.06136178597807884 0.08457174152135849
v -0.017261432483792305 0.05844089761376381 0.07142367213964462
v -0.017801184207201004 0.05847295746207237 0.07207264751195908
v -0.010889843106269836 0.0620032474398613 0.07848849147558212
v -0.010889843106269836 0.0620032474398613 0.07848849147558212
v -0.017801184207201004 0.05847295746207237 0.07207264751195908
v -0.020012786611914635 0.05871093273162842 0.0752963051199913
v -0.010889843106269836 0.0620032474398613 0.07848849147558212
v -0.020012786611914635 0.05871093273162842 0.0752963051199913
v -0.018084773793816566 0.06136178597807884 0.08457174152135849
v -0.018084773793816566 0.06136178597807884 0.08457174152135849
v -0.020012786611914635 0.05871093273162842 0.0752963051199913
v -0.021772978827357292 0.05906772240996361 0.07886209338903427
v -0.018084773793816566 0.06136178597807884 0.08457174152135849
v -0.021772978827357292 0.05906772240996361 0.07886209338903427
v -0.023247934877872467 0.05953479930758476 0.08309938758611679
v -0.017261432483792305 0.05844089761376381 0.07142367213964462
v -0.010889843106269836 0.0620032474398613 0.07848849147558212
v -0.015199629589915276 0.05839218571782112 0.06930937618017197
v -0.015199629589915276 0.05839218571782112 0.06930937618017197
v -0.010889843106269836 0.0620032474398613 0.07848849147558212
v -0.003987688105553389 0.061805352568626404 0.07209696620702744
v -0.015199629589915276 0.05839218571782112 0.06930937618017197
v -0.003987688105553389 0.061805352568626404 0.07209696620702744
v -0.012024064548313618 0.05848417803645134 0.06689801067113876
v -0.004488378297537565 0.05907971411943436 0.06364097446203232
v -0.008711717091500759 0.05870630219578743 0.06513502448797226
v -0.003987688105553389 0.061805352568626404 0.07209696620702744
v -0.003987688105553389 0.061805352568626404 0.07209696620702744
v -0.008711717091500759 0.05870630219578743 0.06513502448797226
v -0.009960966184735298 0.058611754328012466 0.06572666019201279
v -0.003987688105553389 0.061805352568626404 0.07209696620702744
v -0.009960966184735298 0.058611754328012466 0.06572666019201279
v -0.012024064548313618 0.05848417803645134 0.06689801067113876
v 0.01038812194019556 0.06055288016796112 0.062436606734991074
v 0.005205822642892599 0.060050878673791885 0.06235232576727867
v 0.002483364660292864 0.060810789465904236 0.06562676280736923
v 0.002483364660292864 0.060810789465904236 0.06562676280736923
v 0.005205822642892599 0.060050878673791885 0.06235232576727867
v 9.974860586225986e-05 0.0595269612967968 0.06270553916692734
v 0.002483364660292864 0.060810789465904236 0.06562676280736923
v 9.974860586225986e-05 0.0595269612967968 0.06270553916692734
v -0.004488378297537565 0.05907971411943436 0.06364097446203232
v -0.005513072945177555 0.06711872667074203 0.12303223460912704
v -0.009084351360797882 0.0666702464222908 0.12077417224645615
v -0.007627076003700495 0.06678637117147446 0.12401583045721054
v -0.007627076003700495 0.06678637117147446 0.12401583045721054
v -0.009084351360797882 0.0666702464222908 0.12077417224645615
v -0.01176165509968996 0.06623823195695877 0.11845757812261581
v -0.007627076003700495 0.06678637117147446 0.12401583045721054
v -0.01176165509968996 0.06623823195695877 0.11845757812261581
v -0.013711811043322086 0.0658533126115799 0.11696269363164902
v -0.013711811043322086 0.0658533126115799 0.11696269363164902
v -0.01176165509968996 0.06623823195695877 0.11845757812261581
v -0.014383507892489433 0.06566896289587021 0.11542036384344101
v -0.013711811043322086 0.0658533126115799 0.11696269363164902
v -0.014383507892489433 0.06566896289587021 0.11542036384344101
v -0.019907046109437943 0.06407558917999268 0.11011268943548203
v -0.019907046109437943 0.06407558917999268 0.11011268943548203
v -0.014383507892489433 0.06566896289587021 0.11542036384344101
v -0.016505984589457512 0.06502889096736908 0.11201753467321396
v -0.019907046109437943 0.06407558917999268 0.11011268943548203
v -0.016505984589457512 0.06502889096736908 0.11201753467321396
v -0.018140215426683426 0.06434070318937302 0.1081482395529747
v 0.0024826060980558395 0.06791242212057114 0.1256798803806305
v 0.00161287363152951 0.06783346831798553 0.12552693486213684
v -0.0016887675737962127 0.06699701398611069 0.13107898831367493
v -0.0016887675737962127 0.06699701398611069 0.13107898831367493
v 0.00161287363152951 0.06783346831798553 0.12552693486213684
v -0.002061649924144149 0.06748377531766891 0.12453236430883408
v -0.0016887675737962127 0.06699701398611069 0.13107898831367493
v -0.002061649924144149 0.06748377531766891 0.12453236430883408
v -0.007627076003700495 0.06678637117147446 0.12401583045721054
v -0.007627076003700495 0.06678637117147446 0.12401583045721054
v -0.002061649924144149 0.06748377531766891 0.12453236430883408
v -0.0052538299933075905 0.06714790314435959 0.12316610664129257
v -0.007627076003700495 0.06678637117147446 0.12401583045721054
v -0.0052538299933075905 0.06714790314435959 0.12316610664129257
v -0.005513072945177555 0.06711872667074203 0.12303223460912704
v -0.007345315534621477 0.06603898853063583 0.1335449516773224
v -0.0032886965200304985 0.06639042496681213 0.1347508728504181
v -0.0016887675737962127 0.06699701398611069 0.13107898831367493
v -0.0016887675737962127 0.06699701398611069 0.13107898831367493
v -0.0032886965200304985 0.06639042496681213 0.1347508728504181
v 0.001401587389409542 0.06679581850767136 0.1355067789554596
v -0.0016887675737962127 0.06699701398611069 0.13107898831367493
v 0.001401587389409542 0.06679581850767136 0.1355067789554596
v 0.00548301637172699 0.06817713379859924 0.12597814202308655
v 0.00548301637172699 0.06817713379859924 0.12597814202308655
v 0.001401587389409542 0.06679581850767136 0.1355067789554596
v 0.010662507265806198 0.06805814802646637 0.13177302479743958
v 0.00548301637172699 0.06817713379859924 0.12597814202308655
v 0.010662507265806198 0.06805814802646637 0.13177302479743958
v 0.008978511206805706 0.06846971809864044 0.12588635087013245
v 0.008978511206805706 0.06846971809864044 0.12588635087013245
v 0.010662507265806198 0.06805814802646637 0.13177302479743958
v 0.010616999119520187 0.06859982758760452 0.12567999958992004
v 0.01947479136288166 0.06914456933736801 0.12255992740392685
v 0.018353398889303207 0.06909772753715515 0.12316634505987167
v 0.01693723350763321 0.06897140294313431 0.12502124905586243
v 0.01693723350763321 0.06897140294313431 0.12502124905586243
v 0.018353398889303207 0.06909772753715515 0.12316634505987167
v 0.016156814992427826 0.06898286938667297 0.12416007369756699
v 0.01693723350763321 0.06897140294313431 0.12502124905586243
v 0.016156814992427826 0.06898286938667297 0.12416007369756699
v 0.010662507265806198 0.06805814802646637 0.13177302479743958
v 0.010662507265806198 0.06805814802646637 0.13177302479743958
v 0.016156814992427826 0.06898286938667297 0.12416007369756699
v 0.012390666641294956 0.06873390823602676 0.1253354847431183
v 0.010662507265806198 0.06805814802646637 0.13177302479743958
v 0.012390666641294956 0.06873390823602676 0.1253354847431183
v 0.010616999119520187 0.06859982758760452 0.12567999958992004
v 0.03254999965429306 0.06767755001783371 0.1000000461935997
v 0.032271936535835266 0.06807292997837067 0.10379233211278915
v 0.03761712834239006 0.0684276819229126 0.108917735517025
v 0.03761712834239006 0.0684276819229126 0.108917735517025
v 0.032271936535835266 0.06807292997837067 0.10379233211278915
v 0.03153018280863762 0.06841547042131424 0.1072104200720787
v 0.03761712834239006 0.0684276819229126 0.108917735517025
v 0.03153018280863762 0.06841547042131424 0.1072104200720787
v 0.0310358889400959 0.06885544210672379 0.11269297450780869
v 0.0310358889400959 0.06885544210672379 0.11269297450780869
v 0.03153018280863762 0.06841547042131424 0.1072104200720787
v 0.03020564280450344 0.06874226778745651 0.11078932136297226
v 0.0310358889400959 0.06885544210672379 0.11269297450780869
v 0.03020564280450344 0.06874226778745651 0.11078932136297226
v 0.02971646375954151 0.06882606446743011 0.11180319637060165
v 0.018353834748268127 0.0646858736872673 0.07683386653661728
v 0.02087397687137127 0.06497924774885178 0.0783015713095665
v 0.02068742737174034 0.06390144675970078 0.0730750784277916
v 0.02068742737174034 0.06390144675970078 0.0730750784277916
v 0.02087397687137127 0.06497924774885178 0.0783015713095665
v 0.02673114836215973 0.06522880494594574 0.08007147163152695
v 0.02673114836215973 0.06522880494594574 0.08007147163152695
v 0.02087397687137127 0.06497924774885178 0.0783015713095665
v 0.023973612114787102 0.06538236141204834 0.08070185035467148
v 0.02673114836215973 0.06522880494594574 0.08007147163152695
v 0.023973612114787102 0.06538236141204834 0.08070185035467148
v 0.024934833869338036 0.0655205100774765 0.08161523193120956
v 0.0031689561437815428 0.06331130862236023 0.07422079890966415
v 0.0069464086554944515 0.06359294801950455 0.07400300353765488
v 0.00845072977244854 0.06324941664934158 0.07213189452886581
v 0.00845072977244854 0.06324941664934158 0.07213189452886581
v 0.0069464086554944515 0.06359294801950455 0.07400300353765488
v 0.01038061548024416 0.06388673931360245 0.07428374141454697
v 0.00845072977244854 0.06324941664934158 0.07213189452886581
v 0.01038061548024416 0.06388673931360245 0.07428374141454697
v 0.01485762931406498 0.062016747891902924 0.0662921890616417
v 0.01038061548024416 0.06388673931360245 0.07428374141454697
v 0.010617353953421116 0.063908152282238 0.07432010024785995
v 0.01485762931406498 0.062016747891902924 0.0662921890616417
v 0.01485762931406498 0.062016747891902924 0.0662921890616417
v 0.010617353953421116 0.063908152282238 0.07432010024785995
v 0.013861495070159435 0.06421523541212082 0.07504918426275253
v 0.01485762931406498 0.062016747891902924 0.0662921890616417
v 0.013861495070159435 0.06421523541212082 0.07504918426275253
v 0.02068742737174034 0.06390144675970078 0.0730750784277916
v 0.02068742737174034 0.06390144675970078 0.0730750784277916
v 0.013861495070159435 0.06421523541212082 0.07504918426275253
v 0.017620138823986053 0.06460488587617874 0.07647445052862167
v 0.02068742737174034 0.06390144675970078 0.0730750784277916
v 0.017620138823986053 0.06460488587617874 0.07647445052862167
v 0.018353834748268127 0.0646858736872673 0.07683386653661728
v -0.004488378297537565 0.05907971411943436 0.06364097446203232
v -0.003987688105553389 0.061805352568626404 0.07209696620702744
v 0.002483364660292864 0.060810789465904236 0.06562676280736923
v 0.002483364660292864 0.060810789465904236 0.06562676280736923
v -0.003987688105553389 0.061805352568626404 0.07209696620702744
v -0.0005688070086762309 0.06306349486112595 0.07499351352453232
v 0.002483364660292864 0.060810789465904236 0.06562676280736923
v -0.0005688070086762309 0.06306349486112595 0.07499351352453232
v 0.002482857322320342 0.06326393783092499 0.07432010024785995
v 0.002482857322320342 0.06326393783092499 0.07432010024785995
v 0.0031689561437815428 0.06331130862236023 0.07422079890966415
v 0.002483364660292864 0.060810789465904236 0.06562676280736923
v 0.002483364660292864 0.060810789465904236 0.06562676280736923
v 0.0031689561437815428 0.06331130862236023 0.07422079890966415
v 0.00845072977244854 0.06324941664934158 0.07213189452886581
v 0.002483364660292864 0.060810789465904236 0.06562676280736923
v 0.00845072977244854 0.06324941664934158 0.07213189452886581
v 0.01038812194019556 0.06055288016796112 0.062436606734991074
v 0.01038812194019556 0.06055288016796112 0.062436606734991074
v 0.00845072977244854 0.06324941664934158 0.07213189452886581
v 0.01485762931406498 0.062016747891902924 0.0662921890616417
v 0.01038812194019556 0.06055288016796112 0.062436606734991074
v 0.01485762931406498 0.062016747891902924 0.0662921890616417
v 0.01586490496993065 0.06104457750916481 0.06299235671758652
v 0.01586490496993065 0.06104457750916481 0.06299235671758652
v 0.01485762931406498 0.062016747891902924 0.0662921890616417
v 0.02036311663687229 0.06146464869379997 0.06397893279790878
v -0.010889843106269836 0.0620032474398613 0.07848849147558212
v -0.01042906939983368 0.062495678663253784 0.08030965179204941
v -0.0075980969704687595 0.06264390051364899 0.07818641513586044
v -0.010889843106269836 0.0620032474398613 0.07848849147558212
v -0.0075980969704687595 0.06264390051364899 0.07818641513586044
v -0.003987688105553389 0.061805352568626404 0.07209696620702744
v -0.003987688105553389 0.061805352568626404 0.07209696620702744
v -0.0075980969704687595 0.06264390051364899 0.07818641513586044
v -0.005253614857792854 0.06277839094400406 0.07683374732732773
v -0.003987688105553389 0.061805352568626404 0.07209696620702744
v -0.005253614857792854 0.06277839094400406 0.07683374732732773
v -0.004185115918517113 0.06284168362617493 0.07631971687078476
v -0.01661623641848564 0.062374502420425415 0.08819641917943954
v -0.015413557179272175 0.0623529851436615 0.08608593791723251
v -0.018084773793816566 0.06136178597807884 0.08457174152135849
v -0.018084773793816566 0.06136178597807884 0.08457174152135849
v -0.015413557179272175 0.0623529851436615 0.08608593791723251
v -0.013112802989780903 0.06238938122987747 0.08298899978399277
v -0.018084773793816566 0.06136178597807884 0.08457174152135849
v -0.013112802989780903 0.06238938122987747 0.08298899978399277
v -0.010889843106269836 0.0620032474398613 0.07848849147558212
v -0.010889843106269836 0.0620032474398613 0.07848849147558212
v -0.013112802989780903 0.06238938122987747 0.08298899978399277
v -0.011834617704153061 0.062433935701847076 0.08161511272192001
v -0.010889843106269836 0.0620032474398613 0.07848849147558212
v -0.011834617704153061 0.062433935701847076 0.08161511272192001
v -0.01042906939983368 0.062495678663253784 0.08030965179204941
v 0.012301620095968246 -0.06622107326984406 0.07464411109685898
v 0.002482204930856824 -0.06989499181509018 0.1256798803806305
v 0.010617794468998909 -0.06604135036468506 0.0743202194571495
v 0.010617794468998909 -0.06604135036468506 0.0743202194571495
v 0.002482204930856824 -0.06989499181509018 0.1256798803806305
v 0.0007983791874721646 -0.06971526890993118 0.12535586953163147
v 0.026099160313606262 -0.07124844938516617 0.11714150756597519
v 0.024934764951467514 -0.07125569880008698 0.11838474124670029
v 0.024934811517596245 -0.06797444820404053 0.08161523193120956
v -0.012999160215258598 -0.06468790024518967 0.08285846561193466
v -0.011834765784442425 -0.06468065083026886 0.08161523193120956
v -0.011834811419248581 -0.06796190142631531 0.11838474124670029
v 0.024934811517596245 -0.06797444820404053 0.08161523193120956
v 0.024934764951467514 -0.07125569880008698 0.11838474124670029
v 0.02244698256254196 -0.0675574243068695 0.07942607253789902
v 0.023251483216881752 -0.07124214619398117 0.11992635577917099
v 0.020027507096529007 -0.07115726172924042 0.12223412841558456
v 0.018354041501879692 -0.06695953011512756 0.07683398574590683
v 0.018354041501879692 -0.06695953011512756 0.07683398574590683
v 0.020027507096529007 -0.07115726172924042 0.12223412841558456
v 0.01835343800485134 -0.0710897147655487 0.12316634505987167
v 0.018354041501879692 -0.06695953011512756 0.07683398574590683
v 0.01835343800485134 -0.0710897147655487 0.12316634505987167
v 0.01648494228720665 -0.07099880278110504 0.12402703613042831
v -0.011834811419248581 -0.06796190142631531 0.11838474124670029
v -0.011834765784442425 -0.06468065083026886 0.08161523193120956
v -0.009346983395516872 -0.06837891787290573 0.12057390064001083
v -0.010151484049856663 -0.06469419598579407 0.08007361739873886
v -0.006927506532520056 -0.06477908045053482 0.07776584476232529
v -0.005254040006548166 -0.06897681951522827 0.12316598743200302
v -0.005254040006548166 -0.06897681951522827 0.12316598743200302
v -0.006927506532520056 -0.06477908045053482 0.07776584476232529
v -0.005253437906503677 -0.06484662741422653 0.07683362811803818
v -0.005254040006548166 -0.06897681951522827 0.12316598743200302
v -0.005253437906503677 -0.06484662741422653 0.07683362811803818
v -0.003384941490367055 -0.0649375393986702 0.07597293704748154
v 0.01648494228720665 -0.07099880278110504 0.12402703613042831
v 0.012706357054412365 -0.07077135145664215 0.1252606213092804
v 0.018354041501879692 -0.06695953011512756 0.07683398574590683
v 0.018354041501879692 -0.06695953011512756 0.07683398574590683
v 0.012706357054412365 -0.07077135145664215 0.1252606213092804
v 0.010616711340844631 -0.07062266767024994 0.12567999958992004
v 0.018354041501879692 -0.06695953011512756 0.07683398574590683
v 0.010616711340844631 -0.07062266767024994 0.12567999958992004
v 0.008709287270903587 -0.07047328352928162 0.1259101927280426
v 0.012301620095968246 -0.06622107326984406 0.07464411109685898
v 0.016016827896237373 -0.06665527075529099 0.07578470557928085
v 0.002482204930856824 -0.06989499181509018 0.1256798803806305
v 0.002482204930856824 -0.06989499181509018 0.1256798803806305
v 0.016016827896237373 -0.06665527075529099 0.07578470557928085
v 0.018354041501879692 -0.06695953011512756 0.07683398574590683
v 0.002482204930856824 -0.06989499181509018 0.1256798803806305
v 0.018354041501879692 -0.06695953011512756 0.07683398574590683
v 0.004549186676740646 -0.07010205835103989 0.12592294812202454
v 0.004549186676740646 -0.07010205835103989 0.12592294812202454
v 0.018354041501879692 -0.06695953011512756 0.07683398574590683
v 0.008709287270903587 -0.07047328352928162 0.1259101927280426
v -0.003384941490367055 -0.0649375393986702 0.07597293704748154
v 0.0003936425782740116 -0.06516499072313309 0.07473935931921005
v -0.005254040006548166 -0.06897681951522827 0.12316598743200302
v -0.005254040006548166 -0.06897681951522827 0.12316598743200302
v 0.0003936425782740116 -0.06516499072313309 0.07473935931921005
v 0.0024832882918417454 -0.0653136745095253 0.0743199810385704
v -0.005254040006548166 -0.06897681951522827 0.12316598743200302
v 0.0024832882918417454 -0.0653136745095253 0.0743199810385704
v 0.004390712361782789 -0.06546305865049362 0.07408978790044785
v 0.0007983791874721646 -0.06971526890993118 0.12535586953163147
v -0.002916826633736491 -0.06928107142448425 0.124215267598629
v 0.010617794468998909 -0.06604135036468506 0.0743202194571495
v 0.010617794468998909 -0.06604135036468506 0.0743202194571495
v -0.002916826633736491 -0.06928107142448425 0.124215267598629
v -0.005254040006548166 -0.06897681951522827 0.12316598743200302
v 0.010617794468998909 -0.06604135036468506 0.0743202194571495
v -0.005254040006548166 -0.06897681951522827 0.12316598743200302
v 0.008550812490284443 -0.06583428382873535 0.07407715171575546
v 0.008550812490284443 -0.06583428382873535 0.07407715171575546
v -0.005254040006548166 -0.06897681951522827 0.12316598743200302
v 0.004390712361782789 -0.06546305865049362 0.07408978790044785
v 0.023251483216881752 -0.07124214619398117 0.11992635577917099
v 0.018354041501879692 -0.06695953011512756 0.07683398574590683
v 0.024934764951467514 -0.07125569880008698 0.11838474124670029
v 0.024934764951467514 -0.07125569880008698 0.11838474124670029
v 0.018354041501879692 -0.06695953011512756 0.07683398574590683
v 0.019580053165555 -0.06712943315505981 0.07750072330236435
v 0.024934764951467514 -0.07125569880008698 0.11838474124670029
v 0.019580053165555 -0.06712943315505981 0.07750072330236435
v 0.02244698256254196 -0.0675574243068695 0.07942607253789902
v -0.010151484049856663 -0.06469419598579407 0.08007361739873886
v -0.005254040006548166 -0.06897681951522827 0.12316598743200302
v -0.011834765784442425 -0.06468065083026886 0.08161523193120956
v -0.011834765784442425 -0.06468065083026886 0.08161523193120956
v -0.005254040006548166 -0.06897681951522827 0.12316598743200302
v -0.006480053532868624 -0.06880690902471542 0.1224992498755455
v -0.011834765784442425 -0.06468065083026886 0.08161523193120956
v -0.006480053532868624 -0.06880690902471542 0.1224992498755455
v -0.009346983395516872 -0.06837891787290573 0.12057390064001083
v 0.031793661415576935 -0.0707821175456047 0.10622551292181015
v 0.030483484268188477 -0.071014404296875 0.11015810817480087
v 0.025501318275928497 -0.06807730346918106 0.0821998342871666
v 0.025501318275928497 -0.06807730346918106 0.0821998342871666
v 0.030483484268188477 -0.071014404296875 0.11015810817480087
v 0.029716333374381065 -0.07109271734952927 0.11180343478918076
v 0.025501318275928497 -0.06807730346918106 0.0821998342871666
v 0.029716333374381065 -0.07109271734952927 0.11180343478918076
v 0.024934811517596245 -0.06797444820404053 0.08161523193120956
v 0.024934811517596245 -0.06797444820404053 0.08161523193120956
v 0.029716333374381065 -0.07109271734952927 0.11180343478918076
v 0.028564082458615303 -0.07117164880037308 0.11383404582738876
v 0.024934811517596245 -0.06797444820404053 0.08161523193120956
v 0.028564082458615303 -0.07117164880037308 0.11383404582738876
v 0.026099160313606262 -0.07124844938516617 0.11714150756597519
v -0.01869366131722927 -0.06515422463417053 0.0937744602560997
v -0.017383482307195663 -0.06492193788290024 0.08984186500310898
v -0.012401317246258259 -0.06785904616117477 0.1178002581000328
v -0.012401317246258259 -0.06785904616117477 0.1178002581000328
v -0.017383482307195663 -0.06492193788290024 0.08984186500310898
v -0.0166163332760334 -0.06484362483024597 0.0881965383887291
v -0.012401317246258259 -0.06785904616117477 0.1178002581000328
v -0.0166163332760334 -0.06484362483024597 0.0881965383887291
v -0.011834811419248581 -0.06796190142631531 0.11838474124670029
v -0.011834811419248581 -0.06796190142631531 0.11838474124670029
v -0.0166163332760334 -0.06484362483024597 0.0881965383887291
v -0.015464083291590214 -0.06476469337940216 0.08616592735052109
v -0.011834811419248581 -0.06796190142631531 0.11838474124670029
v -0.015464083291590214 -0.06476469337940216 0.08616592735052109
v -0.012999160215258598 -0.06468790024518967 0.08285846561193466
v 0.02785445749759674 -0.0685463398694992 0.08509626239538193
v 0.03254999965429306 -0.0702972337603569 0.1000000461935997
v 0.025501318275928497 -0.06807730346918106 0.0821998342871666
v 0.025501318275928497 -0.06807730346918106 0.0821998342871666
v 0.03254999965429306 -0.0702972337603569 0.1000000461935997
v 0.032412998378276825 -0.07052202522754669 0.10266556590795517
v 0.025501318275928497 -0.06807730346918106 0.0821998342871666
v 0.032412998378276825 -0.07052202522754669 0.10266556590795517
v 0.031793661415576935 -0.0707821175456047 0.10622551292181015
v -0.014754457399249077 -0.06739000231027603 0.11490371078252792
v -0.019449999555945396 -0.06563910841941833 0.1000000461935997
v -0.012401317246258259 -0.06785904616117477 0.1178002581000328
v -0.012401317246258259 -0.06785904616117477 0.1178002581000328
v -0.019449999555945396 -0.06563910841941833 0.1000000461935997
v -0.01931299827992916 -0.06541431695222855 0.09733440726995468
v -0.012401317246258259 -0.06785904616117477 0.1178002581000328
v -0.01931299827992916 -0.06541431695222855 0.09733440726995468
v -0.01869366131722927 -0.06515422463417053 0.0937744602560997
v 0.02785445749759674 -0.0685463398694992 0.08509626239538193
v 0.02978665381669998 -0.06900851428508759 0.08833565562963486
v 0.03254999965429306 -0.0702972337603569 0.1000000461935997
v 0.03254999965429306 -0.0702972337603569 0.1000000461935997
v 0.02978665381669998 -0.06900851428508759 0.08833565562963486
v 0.031333744525909424 -0.06948689371347427 0.0921408161520958
v 0.03254999965429306 -0.0702972337603569 0.1000000461935997
v 0.031333744525909424 -0.06948689371347427 0.0921408161520958
v 0.03222031891345978 -0.0698990523815155 0.095872662961483
v -0.014754457399249077 -0.06739000231027603 0.11490371078252792
v -0.01668665185570717 -0.06692782789468765 0.11166443675756454
v -0.019449999555945396 -0.06563910841941833 0.1000000461935997
v -0.019449999555945396 -0.06563910841941833 0.1000000461935997
v -0.01668665185570717 -0.06692782789468765 0.11166443675756454
v -0.01823374629020691 -0.06644944846630096 0.10785915702581406
v -0.019449999555945396 -0.06563910841941833 0.1000000461935997
v -0.01823374629020691 -0.06644944846630096 0.10785915702581406
v -0.019120318815112114 -0.06603728979825974 0.10412731021642685
v -0.019449999555945396 0.06317099928855896 0.1000000461935997
v -0.019449999555945396 0.06463910639286041 0.1000000461935997
v -0.019432151690125465 0.06455501914024353 0.09903981536626816
v -0.019449999555945396 0.06317099928855896 0.1000000461935997
v -0.019432151690125465 0.06455501914024353 0.09903981536626816
v -0.019298462197184563 0.06288161873817444 0.09719695895910263
v -0.019298462197184563 0.06288161873817444 0.09719695895910263
v -0.019432151690125465 0.06455501914024353 0.09903981536626816
v -0.019008846953511238 0.06425365805625916 0.09523787349462509
v -0.019298462197184563 0.06288161873817444 0.09719695895910263
v -0.019008846953511238 0.06425365805625916 0.09523787349462509
v -0.018545640632510185 0.06257551163434982 0.09320225566625595
v -0.018545640632510185 0.06257551163434982 0.09320225566625595
v -0.019008846953511238 0.06425365805625916 0.09523787349462509
v -0.017999259755015373 0.0640045776963234 0.09143318980932236
v -0.018545640632510185 0.06257551163434982 0.09320225566625595
v -0.017999259755015373 0.0640045776963234 0.09143318980932236
v -0.01718885637819767 0.06240318715572357 0.0893949493765831
v -0.01718885637819767 0.06240318715572357 0.0893949493765831
v -0.017999259755015373 0.0640045776963234 0.09143318980932236
v -0.016611667349934578 0.06384022533893585 0.08819856494665146
v -0.01718885637819767 0.06240318715572357 0.0893949493765831
v -0.016611667349934578 0.06384022533893585 0.08819856494665146
v -0.01661623641848564 0.062374502420425415 0.08819641917943954
v -0.01661623641848564 0.062374502420425415 0.08819641917943954
v -0.016611667349934578 0.06384022533893585 0.08819856494665146
v -0.016390647739171982 0.06382238864898682 0.08777692168951035
v -0.01661623641848564 0.062374502420425415 0.08819641917943954
v -0.016390647739171982 0.06382238864898682 0.08777692168951035
v -0.015413557179272175 0.0623529851436615 0.08608593791723251
v -0.015413557179272175 0.0623529851436615 0.08608593791723251
v -0.016390647739171982 0.06382238864898682 0.08777692168951035
v -0.013112802989780903 0.06238938122987747 0.08298899978399277
v -0.013112802989780903 0.06238938122987747 0.08298899978399277
v -0.016390647739171982 0.06382238864898682 0.08777692168951035
v -0.014219756238162518 0.06371302902698517 0.08437218517065048
v -0.013112802989780903 0.06238938122987747 0.08298899978399277
v -0.014219756238162518 0.06371302902698517 0.08437218517065048
v -0.011834617704153061 0.062433935701847076 0.08161511272192001
v -0.011834617704153061 0.062433935701847076 0.08161511272192001
v -0.014219756238162518 0.06371302902698517 0.08437218517065048
v -0.011554870754480362 0.06368105858564377 0.0813387855887413
v -0.011834617704153061 0.062433935701847076 0.08161511272192001
v -0.011554870754480362 0.06368105858564377 0.0813387855887413
v -0.01042906939983368 0.062495678663253784 0.08030965179204941
v -0.01042906939983368 0.062495678663253784 0.08030965179204941
v -0.011554870754480362 0.06368105858564377 0.0813387855887413
v -0.0075980969704687595 0.06264390051364899 0.07818641513586044
v -0.0075980969704687595 0.06264390051364899 0.07818641513586044
v -0.011554870754480362 0.06368105858564377 0.0813387855887413
v -0.008376887999475002 0.06373125314712524 0.07871117442846298
v -0.0075980969704687595 0.06264390051364899 0.07818641513586044
v -0.008376887999475002 0.06373125314712524 0.07871117442846298
v -0.005253614857792854 0.06277839094400406 0.07683374732732773
v -0.005253614857792854 0.06277839094400406 0.07683374732732773
v -0.008376887999475002 0.06373125314712524 0.07871117442846298
v -0.005253552924841642 0.0638434961438179 0.07683374732732773
v -0.005253614857792854 0.06277839094400406 0.07683374732732773
v -0.005253552924841642 0.0638434961438179 0.07683374732732773
v -0.004860134795308113 0.06386122107505798 0.07663740962743759
v 0.0185095202177763 0.06597932428121567 0.07691385596990585
v 0.017620138823986053 0.06460488587617874 0.07647445052862167
v 0.014867563731968403 0.06551486998796463 0.0753650888800621
v 0.014867563731968403 0.06551486998796463 0.0753650888800621
v 0.017620138823986053 0.06460488587617874 0.07647445052862167
v 0.013861495070159435 0.06421523541212082 0.07504918426275253
v 0.014867563731968403 0.06551486998796463 0.0753650888800621
v 0.013861495070159435 0.06421523541212082 0.07504918426275253
v 0.011108137667179108 0.0650918260216713 0.07439830154180527
v 0.011108137667179108 0.0650918260216713 0.07439830154180527
v 0.013861495070159435 0.06421523541212082 0.07504918426275253
v 0.010617353953421116 0.063908152282238 0.07432010024785995
v 0.011108137667179108 0.0650918260216713 0.07439830154180527
v 0.010617353953421116 0.063908152282238 0.07432010024785995
v 0.010618018917739391 0.06504058092832565 0.07431604713201523
v 0.010618018917739391 0.06504058092832565 0.07431604713201523
v 0.010617353953421116 0.063908152282238 0.07432010024785995
v 0.01038061548024416 0.06388673931360245 0.07428374141454697
v 0.010618018917739391 0.06504058092832565 0.07431604713201523
v 0.01038061548024416 0.06388673931360245 0.07428374141454697
v 0.007070100400596857 0.06469500809907913 0.07400503009557724
v 0.007070100400596857 0.06469500809907913 0.07400503009557724
v 0.01038061548024416 0.06388673931360245 0.07428374141454697
v 0.0069464086554944515 0.06359294801950455 0.07400300353765488
v 0.007070100400596857 0.06469500809907913 0.07400503009557724
v 0.0069464086554944515 0.06359294801950455 0.07400300353765488
v 0.0030000275000929832 0.06435135751962662 0.07423975318670273
v 0.0030000275000929832 0.06435135751962662 0.07423975318670273
v 0.0069464086554944515 0.06359294801950455 0.07400300353765488
v 0.0031689561437815428 0.06331130862236023 0.07422079890966415
v 0.0030000275000929832 0.06435135751962662 0.07423975318670273
v 0.0031689561437815428 0.06331130862236023 0.07422079890966415
v 0.002482190728187561 0.06431178003549576 0.07431592792272568
v 0.002482190728187561 0.06431178003549576 0.07431592792272568
v 0.0031689561437815428 0.06331130862236023 0.07422079890966415
v 0.002482857322320342 0.06326393783092499 0.07432010024785995
v 0.002482190728187561 0.06431178003549576 0.07431592792272568
v 0.002482857322320342 0.06326393783092499 0.07432010024785995
v -0.0009554856806062162 0.06407420337200165 0.0751044973731041
v -0.0009554856806062162 0.06407420337200165 0.0751044973731041
v 0.002482857322320342 0.06326393783092499 0.07432010024785995
v -0.0005688070086762309 0.06306349486112595 0.07499351352453232
v -0.0009554856806062162 0.06407420337200165 0.0751044973731041
v -0.0005688070086762309 0.06306349486112595 0.07499351352453232
v -0.004860134795308113 0.06386122107505798 0.07663740962743759
v -0.004860134795308113 0.06386122107505798 0.07663740962743759
v -0.0005688070086762309 0.06306349486112595 0.07499351352453232
v -0.004185115918517113 0.06284168362617493 0.07631971687078476
v -0.004860134795308113 0.06386122107505798 0.07663740962743759
v -0.004185115918517113 0.06284168362617493 0.07631971687078476
v -0.005253614857792854 0.06277839094400406 0.07683374732732773
v 0.025961030274629593 0.06567791849374771 0.08270230144262314
v 0.024934833869338036 0.0655205100774765 0.08161523193120956
v 0.02493477612733841 0.06697443872690201 0.08161523193120956
v 0.02493477612733841 0.06697443872690201 0.08161523193120956
v 0.024934833869338036 0.0655205100774765 0.08161523193120956
v 0.023973612114787102 0.06538236141204834 0.08070185035467148
v 0.02493477612733841 0.06697443872690201 0.08161523193120956
v 0.023973612114787102 0.06538236141204834 0.08070185035467148
v 0.021840041503310204 0.06646117568016052 0.07897021621465683
v 0.021840041503310204 0.06646117568016052 0.07897021621465683
v 0.023973612114787102 0.06538236141204834 0.08070185035467148
v 0.02087397687137127 0.06497924774885178 0.0783015713095665
v 0.021840041503310204 0.06646117568016052 0.07897021621465683
v 0.02087397687137127 0.06497924774885178 0.0783015713095665
v 0.0185095202177763 0.06597932428121567 0.07691385596990585
v 0.0185095202177763 0.06597932428121567 0.07691385596990585
v 0.02087397687137127 0.06497924774885178 0.0783015713095665
v 0.018353834748268127 0.0646858736872673 0.07683386653661728
v 0.0185095202177763 0.06597932428121567 0.07691385596990585
v 0.018353834748268127 0.0646858736872673 0.07683386653661728
v 0.017620138823986053 0.06460488587617874 0.07647445052862167
v 0.025961030274629593 0.06567791849374771 0.08270230144262314
v 0.02493477612733841 0.06697443872690201 0.08161523193120956
v 0.02826761081814766 0.06607794761657715 0.08570506423711777
v 0.02826761081814766 0.06607794761657715 0.08570506423711777
v 0.02493477612733841 0.06697443872690201 0.08161523193120956
v 0.02742139995098114 0.06745540350675583 0.08450879901647568
v 0.02826761081814766 0.06607794761657715 0.08570506423711777
v 0.02742139995098114 0.06745540350675583 0.08450879901647568
v 0.029716171324253082 0.0663825273513794 0.08819629997015
v 0.029716171324253082 0.0663825273513794 0.08819629997015
v 0.02742139995098114 0.06745540350675583 0.08450879901647568
v 0.029637634754180908 0.067970409989357 0.08805527538061142
v 0.029716171324253082 0.0663825273513794 0.08819629997015
v 0.029637634754180908 0.067970409989357 0.08805527538061142
v 0.030194921419024467 0.06649882346391678 0.08918716758489609
v 0.030194921419024467 0.06649882346391678 0.08918716758489609
v 0.029637634754180908 0.067970409989357 0.08805527538061142
v 0.031445592641830444 0.06687360256910324 0.09250273555517197
v 0.031445592641830444 0.06687360256910324 0.09250273555517197
v 0.029637634754180908 0.067970409989357 0.08805527538061142
v 0.031225839629769325 0.06844727694988251 0.09180464595556259
v 0.031445592641830444 0.06687360256910324 0.09250273555517197
v 0.031225839629769325 0.06844727694988251 0.09180464595556259
v 0.032247647643089294 0.06725796312093735 0.09604635089635849
v 0.031225839629769325 0.06844727694988251 0.09180464595556259
v 0.03223230689764023 0.06890798360109329 0.09595706313848495
v 0.032247647643089294 0.06725796312093735 0.09604635089635849
v 0.032247647643089294 0.06725796312093735 0.09604635089635849
v 0.03223230689764023 0.06890798360109329 0.09595706313848495
v 0.03254999965429306 0.06929723173379898 0.1000000461935997
v 0.032247647643089294 0.06725796312093735 0.09604635089635849
v 0.03254999965429306 0.06929723173379898 0.1000000461935997
v 0.03254999965429306 0.06767755001783371 0.1000000461935997
v 0.03254999965429306 -0.0702972337603569 0.1000000461935997
v 0.03222031891345978 -0.0698990523815155 0.095872662961483
v 0.03254999965429306 -0.06864471733570099 0.1000000461935997
v 0.03254999965429306 -0.06864471733570099 0.1000000461935997
v 0.03222031891345978 -0.0698990523815155 0.095872662961483
v 0.03223509341478348 -0.0682096853852272 0.0959252342581749
v 0.024934811517596245 -0.06797444820404053 0.08161523193120956
v 0.025317693129181862 -0.06654417514801025 0.08200182765722275
v 0.025501318275928497 -0.06807730346918106 0.0821998342871666
v 0.025501318275928497 -0.06807730346918106 0.0821998342871666
v 0.025317693129181862 -0.06654417514801025 0.08200182765722275
v 0.02779785357415676 -0.06695464253425598 0.08501937240362167
v 0.03223509341478348 -0.0682096853852272 0.0959252342581749
v 0.03222031891345978 -0.0698990523815155 0.095872662961483
v 0.03134050965309143 -0.06779762357473373 0.09215059131383896
v 0.03134050965309143 -0.06779762357473373 0.09215059131383896
v 0.03222031891345978 -0.0698990523815155 0.095872662961483
v 0.031333744525909424 -0.06948689371347427 0.0921408161520958
v 0.03134050965309143 -0.06779762357473373 0.09215059131383896
v 0.031333744525909424 -0.06948689371347427 0.0921408161520958
v 0.029841428622603416 -0.0673748031258583 0.08844306319952011
v 0.029841428622603416 -0.0673748031258583 0.08844306319952011
v 0.031333744525909424 -0.06948689371347427 0.0921408161520958
v 0.02978665381669998 -0.06900851428508759 0.08833565562963486
v 0.029841428622603416 -0.0673748031258583 0.08844306319952011
v 0.02978665381669998 -0.06900851428508759 0.08833565562963486
v 0.02779785357415676 -0.06695464253425598 0.08501937240362167
v 0.02779785357415676 -0.06695464253425598 0.08501937240362167
v 0.02978665381669998 -0.06900851428508759 0.08833565562963486
v 0.02785445749759674 -0.0685463398694992 0.08509626239538193
v 0.02779785357415676 -0.06695464253425598 0.08501937240362167
v 0.02785445749759674 -0.0685463398694992 0.08509626239538193
v 0.025501318275928497 -0.06807730346918106 0.0821998342871666
v -0.010151484049856663 -0.06469419598579407 0.08007361739873886
v -0.009759058244526386 -0.06349465996026993 0.07974901050329208
v -0.006927506532520056 -0.06477908045053482 0.07776584476232529
v -0.006927506532520056 -0.06477908045053482 0.07776584476232529
v -0.009759058244526386 -0.06349465996026993 0.07974901050329208
v -0.007602598983794451 -0.06360944360494614 0.07818581908941269
v -0.006927506532520056 -0.06477908045053482 0.07776584476232529
v -0.007602598983794451 -0.06360944360494614 0.07818581908941269
v -0.005253437906503677 -0.06484662741422653 0.07683362811803818
v -0.005253437906503677 -0.06484662741422653 0.07683362811803818
v -0.007602598983794451 -0.06360944360494614 0.07818581908941269
v -0.005254349671304226 -0.06374543160200119 0.07683231681585312
v -0.005253437906503677 -0.06484662741422653 0.07683362811803818
v -0.005254349671304226 -0.06374543160200119 0.07683231681585312
v -0.003384941490367055 -0.0649375393986702 0.07597293704748154
v -0.003384941490367055 -0.0649375393986702 0.07597293704748154
v -0.005254349671304226 -0.06374543160200119 0.07683231681585312
v -0.004126588813960552 -0.06381256878376007 0.07629241794347763
v -0.003384941490367055 -0.0649375393986702 0.07597293704748154
v -0.004126588813960552 -0.06381256878376007 0.07629241794347763
v 0.0003936425782740116 -0.06516499072313309 0.07473935931921005
v 0.0003936425782740116 -0.06516499072313309 0.07473935931921005
v -0.004126588813960552 -0.06381256878376007 0.07629241794347763
v -0.0004288216878194362 -0.06403794884681702 0.07495131343603134
v 0.0003936425782740116 -0.06516499072313309 0.07473935931921005
v -0.0004288216878194362 -0.06403794884681702 0.07495131343603134
v 0.0024832882918417454 -0.0653136745095253 0.0743199810385704
v 0.0024832882918417454 -0.0653136745095253 0.0743199810385704
v -0.0004288216878194362 -0.06403794884681702 0.07495131343603134
v 0.002482430078089237 -0.0642293393611908 0.07431700080633163
v 0.0024832882918417454 -0.0653136745095253 0.0743199810385704
v 0.002482430078089237 -0.0642293393611908 0.07431700080633163
v 0.004390712361782789 -0.06546305865049362 0.07408978790044785
v 0.004390712361782789 -0.06546305865049362 0.07408978790044785
v 0.002482430078089237 -0.0642293393611908 0.07431700080633163
v 0.0034276186488568783 -0.06429532915353775 0.07418587058782578
v 0.004390712361782789 -0.06546305865049362 0.07408978790044785
v 0.0034276186488568783 -0.06429532915353775 0.07418587058782578
v 0.008550812490284443 -0.06583428382873535 0.07407715171575546
v 0.008550812490284443 -0.06583428382873535 0.07407715171575546
v 0.0034276186488568783 -0.06429532915353775 0.07418587058782578
v 0.0074174003675580025 -0.06459743529558182 0.07401420921087265
v 0.008550812490284443 -0.06583428382873535 0.07407715171575546
v 0.0074174003675580025 -0.06459743529558182 0.07401420921087265
v 0.010617794468998909 -0.06604135036468506 0.0743202194571495
v 0.010617794468998909 -0.06604135036468506 0.0743202194571495
v 0.0074174003675580025 -0.06459743529558182 0.07401420921087265
v 0.010617975145578384 -0.0648704469203949 0.0743199810385704
v 0.010617794468998909 -0.06604135036468506 0.0743202194571495
v 0.010617975145578384 -0.0648704469203949 0.0743199810385704
v 0.012301620095968246 -0.06622107326984406 0.07464411109685898
v 0.012301620095968246 -0.06622107326984406 0.07464411109685898
v 0.010617975145578384 -0.0648704469203949 0.0743199810385704
v 0.011432419531047344 -0.06494466960430145 0.07446291297674179
v 0.012301620095968246 -0.06622107326984406 0.07464411109685898
v 0.011432419531047344 -0.06494466960430145 0.07446291297674179
v 0.016016827896237373 -0.06665527075529099 0.07578470557928085
v 0.016016827896237373 -0.06665527075529099 0.07578470557928085
v 0.011432419531047344 -0.06494466960430145 0.07446291297674179
v 0.014930419623851776 -0.06528367847204208 0.07538773864507675
v 0.016016827896237373 -0.06665527075529099 0.07578470557928085
v 0.014930419623851776 -0.06528367847204208 0.07538773864507675
v 0.018354041501879692 -0.06695953011512756 0.07683398574590683
v 0.018354041501879692 -0.06695953011512756 0.07683398574590683
v 0.014930419623851776 -0.06528367847204208 0.07538773864507675
v 0.018355103209614754 -0.06564903259277344 0.07683183997869492
v 0.018354041501879692 -0.06695953011512756 0.07683398574590683
v 0.018355103209614754 -0.06564903259277344 0.07683183997869492
v 0.019580053165555 -0.06712943315505981 0.07750072330236435
v 0.019580053165555 -0.06712943315505981 0.07750072330236435
v 0.018355103209614754 -0.06564903259277344 0.07683183997869492
v 0.018764475360512733 -0.06569523364305496 0.07704474776983261
v 0.019580053165555 -0.06712943315505981 0.07750072330236435
v 0.018764475360512733 -0.06569523364305496 0.07704474776983261
v 0.02244698256254196 -0.0675574243068695 0.07942607253789902
v 0.02244698256254196 -0.0675574243068695 0.07942607253789902
v 0.018764475360512733 -0.06569523364305496 0.07704474776983261
v 0.022240960970520973 -0.06611549854278564 0.07926323264837265
v 0.02244698256254196 -0.0675574243068695 0.07942607253789902
v 0.022240960970520973 -0.06611549854278564 0.07926323264837265
v 0.024934811517596245 -0.06797444820404053 0.08161523193120956
v 0.024934811517596245 -0.06797444820404053 0.08161523193120956
v 0.022240960970520973 -0.06611549854278564 0.07926323264837265
v 0.024937167763710022 -0.06648728251457214 0.081612728536129
v 0.024934811517596245 -0.06797444820404053 0.08161523193120956
v 0.024937167763710022 -0.06648728251457214 0.081612728536129
v 0.025317693129181862 -0.06654417514801025 0.08200182765722275
v -0.019449999555945396 -0.06563910841941833 0.1000000461935997
v -0.019449999555945396 -0.06413817405700684 0.1000000461935997
v -0.01931299827992916 -0.06541431695222855 0.09733440726995468
v -0.01931299827992916 -0.06541431695222855 0.09733440726995468
v -0.019449999555945396 -0.06413817405700684 0.1000000461935997
v -0.019419100135564804 -0.06399612128734589 0.09870579093694687
v -0.01931299827992916 -0.06541431695222855 0.09733440726995468
v -0.019419100135564804 -0.06399612128734589 0.09870579093694687
v -0.01869366131722927 -0.06515422463417053 0.0937744602560997
v -0.01869366131722927 -0.06515422463417053 0.0937744602560997
v -0.019419100135564804 -0.06399612128734589 0.09870579093694687
v -0.01890617050230503 -0.06363806128501892 0.09468068927526474
v -0.01869366131722927 -0.06515422463417053 0.0937744602560997
v -0.01890617050230503 -0.06363806128501892 0.09468068927526474
v -0.017383482307195663 -0.06492193788290024 0.08984186500310898
v -0.017383482307195663 -0.06492193788290024 0.08984186500310898
v -0.01890617050230503 -0.06363806128501892 0.09468068927526474
v -0.017832012847065926 -0.06342601776123047 0.0909670814871788
v -0.017383482307195663 -0.06492193788290024 0.08984186500310898
v -0.017832012847065926 -0.06342601776123047 0.0909670814871788
v -0.0166163332760334 -0.06484362483024597 0.0881965383887291
v -0.0166163332760334 -0.06484362483024597 0.0881965383887291
v -0.017832012847065926 -0.06342601776123047 0.0909670814871788
v -0.016617564484477043 -0.06334098428487778 0.08819594234228134
v -0.0166163332760334 -0.06484362483024597 0.0881965383887291
v -0.016617564484477043 -0.06334098428487778 0.08819594234228134
v -0.015464083291590214 -0.06476469337940216 0.08616592735052109
v -0.015464083291590214 -0.06476469337940216 0.08616592735052109
v -0.016617564484477043 -0.06334098428487778 0.08819594234228134
v -0.016089441254734993 -0.06332574039697647 0.08720924705266953
v -0.015464083291590214 -0.06476469337940216 0.08616592735052109
v -0.016089441254734993 -0.06332574039697647 0.08720924705266953
v -0.012999160215258598 -0.06468790024518967 0.08285846561193466
v -0.012999160215258598 -0.06468790024518967 0.08285846561193466
v -0.016089441254734993 -0.06332574039697647 0.08720924705266953
v -0.013763125985860825 -0.06333820521831512 0.083765409886837
v -0.012999160215258598 -0.06468790024518967 0.08285846561193466
v -0.013763125985860825 -0.06333820521831512 0.083765409886837
v -0.011834765784442425 -0.06468065083026886 0.08161523193120956
v -0.011834765784442425 -0.06468065083026886 0.08161523193120956
v -0.013763125985860825 -0.06333820521831512 0.083765409886837
v -0.011834892444312572 -0.06340092420578003 0.08161475509405136
v -0.011834765784442425 -0.06468065083026886 0.08161523193120956
v -0.011834892444312572 -0.06340092420578003 0.08161475509405136
v -0.010151484049856663 -0.06469419598579407 0.08007361739873886
v -0.010151484049856663 -0.06469419598579407 0.08007361739873886
v -0.011834892444312572 -0.06340092420578003 0.08161475509405136
v -0.010846784338355064 -0.06344296038150787 0.08067693561315536
v -0.010151484049856663 -0.06469419598579407 0.08007361739873886
v -0.010846784338355064 -0.06344296038150787 0.08067693561315536
v -0.009759058244526386 -0.06349465996026993 0.07974901050329208
v -0.019449999555945396 0.06463910639286041 0.1000000461935997
v -0.019449999555945396 0.06317099928855896 0.1000000461935997
v -0.019132304936647415 0.0650283545255661 0.1040429100394249
v -0.019132304936647415 0.0650283545255661 0.1040429100394249
v -0.019449999555945396 0.06317099928855896 0.1000000461935997
v -0.019118651747703552 0.06370893120765686 0.10413768142461777
v -0.019132304936647415 0.0650283545255661 0.1040429100394249
v -0.019118651747703552 0.06370893120765686 0.10413768142461777
v -0.018125837668776512 0.06548906117677689 0.10819532722234726
v -0.018125837668776512 0.06548906117677689 0.10819532722234726
v -0.019118651747703552 0.06370893120765686 0.10413768142461777
v -0.018140215426683426 0.06434070318937302 0.1081482395529747
v -0.018125837668776512 0.06548906117677689 0.10819532722234726
v -0.018140215426683426 0.06434070318937302 0.1081482395529747
v -0.016537632793188095 0.0659659281373024 0.11194481700658798
v -0.016537632793188095 0.0659659281373024 0.11194481700658798
v -0.018140215426683426 0.06434070318937302 0.1081482395529747
v -0.016505984589457512 0.06502889096736908 0.11201753467321396
v -0.016537632793188095 0.0659659281373024 0.11194481700658798
v -0.016505984589457512 0.06502889096736908 0.11201753467321396
v -0.014321399852633476 0.06648094207048416 0.11549129337072372
v -0.014321399852633476 0.06648094207048416 0.11549129337072372
v -0.016505984589457512 0.06502889096736908 0.11201753467321396
v -0.014383507892489433 0.06566896289587021 0.11542036384344101
v -0.014321399852633476 0.06648094207048416 0.11549129337072372
v -0.014383507892489433 0.06566896289587021 0.11542036384344101
v -0.01183477696031332 0.06696190685033798 0.11838474124670029
v -0.01183477696031332 0.06696190685033798 0.11838474124670029
v -0.014383507892489433 0.06566896289587021 0.11542036384344101
v -0.01176165509968996 0.06623823195695877 0.11845757812261581
v -0.01183477696031332 0.06696190685033798 0.11838474124670029
v -0.01176165509968996 0.06623823195695877 0.11845757812261581
v -0.00874004140496254 0.06747516989707947 0.12102987617254257
v -0.00874004140496254 0.06747516989707947 0.12102987617254257
v -0.01176165509968996 0.06623823195695877 0.11845757812261581
v -0.009084351360797882 0.0666702464222908 0.12077417224645615
v -0.00874004140496254 0.06747516989707947 0.12102987617254257
v -0.009084351360797882 0.0666702464222908 0.12077417224645615
v -0.00540951918810606 0.06795701384544373 0.123086117208004
v 0.014055484905838966 0.06986214220523834 0.12489547580480576
v 0.010617808438837528 0.06962456554174423 0.12568405270576477
v 0.012390666641294956 0.06873390823602676 0.1253354847431183
v -0.009084351360797882 0.0666702464222908 0.12077417224645615
v -0.005513072945177555 0.06711872667074203 0.12303223460912704
v -0.00540951918810606 0.06795701384544373 0.123086117208004
v -0.00540951918810606 0.06795701384544373 0.123086117208004
v -0.005513072945177555 0.06711872667074203 0.12303223460912704
v -0.0052538299933075905 0.06714790314435959 0.12316610664129257
v -0.00540951918810606 0.06795701384544373 0.123086117208004
v -0.0052538299933075905 0.06714790314435959 0.12316610664129257
v -0.0017675640992820263 0.06842146813869476 0.12463488429784775
v -0.0017675640992820263 0.06842146813869476 0.12463488429784775
v -0.0052538299933075905 0.06714790314435959 0.12316610664129257
v -0.002061649924144149 0.06748377531766891 0.12453236430883408
v -0.0017675640992820263 0.06842146813869476 0.12463488429784775
v -0.002061649924144149 0.06748377531766891 0.12453236430883408
v 0.0019918617326766253 0.0688445121049881 0.12560179829597473
v 0.0019918617326766253 0.0688445121049881 0.12560179829597473
v -0.002061649924144149 0.06748377531766891 0.12453236430883408
v 0.00161287363152951 0.06783346831798553 0.12552693486213684
v 0.0019918617326766253 0.0688445121049881 0.12560179829597473
v 0.00161287363152951 0.06783346831798553 0.12552693486213684
v 0.002481980947777629 0.06889575719833374 0.12568393349647522
v 0.002481980947777629 0.06889575719833374 0.12568393349647522
v 0.00161287363152951 0.06783346831798553 0.12552693486213684
v 0.0024826060980558395 0.06791242212057114 0.1256798803806305
v 0.002481980947777629 0.06889575719833374 0.12568393349647522
v 0.0024826060980558395 0.06791242212057114 0.1256798803806305
v 0.006029899697750807 0.06924133002758026 0.1259949505329132
v 0.006029899697750807 0.06924133002758026 0.1259949505329132
v 0.0024826060980558395 0.06791242212057114 0.1256798803806305
v 0.00548301637172699 0.06817713379859924 0.12597814202308655
v 0.006029899697750807 0.06924133002758026 0.1259949505329132
v 0.00548301637172699 0.06817713379859924 0.12597814202308655
v 0.01009997259825468 0.06958498060703278 0.12576034665107727
v 0.01009997259825468 0.06958498060703278 0.12576034665107727
v 0.00548301637172699 0.06817713379859924 0.12597814202308655
v 0.008978511206805706 0.06846971809864044 0.12588635087013245
v 0.01009997259825468 0.06958498060703278 0.12576034665107727
v 0.008978511206805706 0.06846971809864044 0.12588635087013245
v 0.010617808438837528 0.06962456554174423 0.12568405270576477
v 0.010617808438837528 0.06962456554174423 0.12568405270576477
v 0.008978511206805706 0.06846971809864044 0.12588635087013245
v 0.010616999119520187 0.06859982758760452 0.12567999958992004
v 0.010617808438837528 0.06962456554174423 0.12568405270576477
v 0.010616999119520187 0.06859982758760452 0.12567999958992004
v 0.012390666641294956 0.06873390823602676 0.1253354847431183
v 0.014055484905838966 0.06986214220523834 0.12489547580480576
v 0.012390666641294956 0.06873390823602676 0.1253354847431183
v 0.017960134893655777 0.07007511705160141 0.12336256355047226
v 0.017960134893655777 0.07007511705160141 0.12336256355047226
v 0.012390666641294956 0.06873390823602676 0.1253354847431183
v 0.016156814992427826 0.06898286938667297 0.12416007369756699
v 0.017960134893655777 0.07007511705160141 0.12336256355047226
v 0.016156814992427826 0.06898286938667297 0.12416007369756699
v 0.018353553488850594 0.07009284198284149 0.12316622585058212
v 0.016156814992427826 0.06898286938667297 0.12416007369756699
v 0.018353398889303207 0.06909772753715515 0.12316634505987167
v 0.018353553488850594 0.07009284198284149 0.12316622585058212
v 0.018353553488850594 0.07009284198284149 0.12316622585058212
v 0.018353398889303207 0.06909772753715515 0.12316634505987167
v 0.01947479136288166 0.06914456933736801 0.12255992740392685
v 0.018353553488850594 0.07009284198284149 0.12316622585058212
v 0.01947479136288166 0.06914456933736801 0.12255992740392685
v 0.02147688716650009 0.07020508497953415 0.12128879874944687
v 0.02147688716650009 0.07020508497953415 0.12128879874944687
v 0.01947479136288166 0.06914456933736801 0.12255992740392685
v 0.022967366501688957 0.06921589374542236 0.12016107887029648
v 0.02147688716650009 0.07020508497953415 0.12128879874944687
v 0.022967366501688957 0.06921589374542236 0.12016107887029648
v 0.024654870852828026 0.07025528699159622 0.11866118758916855
v 0.024654870852828026 0.07025528699159622 0.11866118758916855
v 0.022967366501688957 0.06921589374542236 0.12016107887029648
v 0.024202590808272362 0.06920833885669708 0.11908891052007675
v 0.024654870852828026 0.07025528699159622 0.11866118758916855
v 0.024202590808272362 0.06920833885669708 0.11908891052007675
v 0.02493479661643505 0.07025569677352905 0.11838474124670029
v 0.024202590808272362 0.06920833885669708 0.11908891052007675
v 0.024934863671660423 0.06919416785240173 0.11838474124670029
v 0.02493479661643505 0.07025569677352905 0.11838474124670029
v 0.02493479661643505 0.07025569677352905 0.11838474124670029
v 0.024934863671660423 0.06919416785240173 0.11838474124670029
v 0.02570103481411934 0.06917055696249008 0.1175852045416832
v 0.02493479661643505 0.07025569677352905 0.11838474124670029
v 0.02570103481411934 0.06917055696249008 0.1175852045416832
v 0.027319755405187607 0.07022330909967422 0.11562778800725937
v 0.027319755405187607 0.07022330909967422 0.11562778800725937
v 0.02570103481411934 0.06917055696249008 0.1175852045416832
v 0.02822292037308216 0.06901076436042786 0.11436261981725693
v 0.027319755405187607 0.07022330909967422 0.11562778800725937
v 0.02822292037308216 0.06901076436042786 0.11436261981725693
v 0.029490649700164795 0.07011394947767258 0.11222317069768906
v 0.029490649700164795 0.07011394947767258 0.11222317069768906
v 0.02822292037308216 0.06901076436042786 0.11436261981725693
v 0.02971646375954151 0.06882606446743011 0.11180319637060165
v 0.029490649700164795 0.07011394947767258 0.11222317069768906
v 0.02971646375954151 0.06882606446743011 0.11180319637060165
v 0.02971166931092739 0.07009612023830414 0.11180140823125839
v 0.02971166931092739 0.07009612023830414 0.11180140823125839
v 0.02971646375954151 0.06882606446743011 0.11180319637060165
v 0.03020564280450344 0.06874226778745651 0.11078932136297226
v 0.02971166931092739 0.07009612023830414 0.11180140823125839
v 0.03020564280450344 0.06874226778745651 0.11078932136297226
v 0.031099259853363037 0.069931760430336 0.1085667833685875
v 0.031099259853363037 0.069931760430336 0.1085667833685875
v 0.03020564280450344 0.06874226778745651 0.11078932136297226
v 0.03153018280863762 0.06841547042131424 0.1072104200720787
v 0.031099259853363037 0.069931760430336 0.1085667833685875
v 0.03153018280863762 0.06841547042131424 0.1072104200720787
v 0.0321088470518589 0.06968268007040024 0.10476209968328476
v 0.0321088470518589 0.06968268007040024 0.10476209968328476
v 0.03153018280863762 0.06841547042131424 0.1072104200720787
v 0.032271936535835266 0.06807292997837067 0.10379233211278915
v 0.0321088470518589 0.06968268007040024 0.10476209968328476
v 0.032271936535835266 0.06807292997837067 0.10379233211278915
v 0.03253215178847313 0.06938131898641586 0.1009601578116417
v 0.03253215178847313 0.06938131898641586 0.1009601578116417
v 0.032271936535835266 0.06807292997837067 0.10379233211278915
v 0.03254999965429306 0.06767755001783371 0.1000000461935997
v 0.03253215178847313 0.06938131898641586 0.1009601578116417
v 0.03254999965429306 0.06767755001783371 0.1000000461935997
v 0.03254999965429306 0.06929723173379898 0.1000000461935997
v -0.019449999555945396 -0.06413817405700684 0.1000000461935997
v -0.019449999555945396 -0.06563910841941833 0.1000000461935997
v -0.019120318815112114 -0.06603728979825974 0.10412731021642685
v -0.01668665185570717 -0.06692782789468765 0.11166443675756454
v -0.0167041327804327 -0.0659247636795044 0.11162998527288437
v -0.01823374629020691 -0.06644944846630096 0.10785915702581406
v -0.01823374629020691 -0.06644944846630096 0.10785915702581406
v -0.0167041327804327 -0.0659247636795044 0.11162998527288437
v -0.018220964819192886 -0.06526529788970947 0.1078961119055748
v -0.01823374629020691 -0.06644944846630096 0.10785915702581406
v -0.018220964819192886 -0.06526529788970947 0.1078961119055748
v -0.019120318815112114 -0.06603728979825974 0.10412731021642685
v -0.019120318815112114 -0.06603728979825974 0.10412731021642685
v -0.018220964819192886 -0.06526529788970947 0.1078961119055748
v -0.019140269607305527 -0.06465599685907364 0.10400357097387314
v -0.019120318815112114 -0.06603728979825974 0.10412731021642685
v -0.019140269607305527 -0.06465599685907364 0.10400357097387314
v -0.019449999555945396 -0.06413817405700684 0.1000000461935997
v 0.03254999965429306 -0.0702972337603569 0.1000000461935997
v 0.03254999965429306 -0.06864471733570099 0.1000000461935997
v 0.032412998378276825 -0.07052202522754669 0.10266556590795517
v 0.032412998378276825 -0.07052202522754669 0.10266556590795517
v 0.03254999965429306 -0.06864471733570099 0.1000000461935997
v 0.032420553267002106 -0.06891728937625885 0.10259833186864853
v 0.032412998378276825 -0.07052202522754669 0.10266556590795517
v 0.032420553267002106 -0.06891728937625885 0.10259833186864853
v 0.031793661415576935 -0.0707821175456047 0.10622551292181015
v 0.031793661415576935 -0.0707821175456047 0.10622551292181015
v 0.032420553267002106 -0.06891728937625885 0.10259833186864853
v 0.031676437705755234 -0.06933113187551498 0.10668029636144638
v 0.031793661415576935 -0.0707821175456047 0.10622551292181015
v 0.031676437705755234 -0.06933113187551498 0.10668029636144638
v 0.030483484268188477 -0.071014404296875 0.11015810817480087
v 0.030483484268188477 -0.071014404296875 0.11015810817480087
v 0.031676437705755234 -0.06933113187551498 0.10668029636144638
v 0.030453423038125038 -0.06966180354356766 0.11023154109716415
v 0.030483484268188477 -0.071014404296875 0.11015810817480087
v 0.030453423038125038 -0.06966180354356766 0.11023154109716415
v 0.029716333374381065 -0.07109271734952927 0.11180343478918076
v 0.029716333374381065 -0.07109271734952927 0.11180343478918076
v 0.030453423038125038 -0.06966180354356766 0.11023154109716415
v 0.029717324301600456 -0.06979334354400635 0.11180343478918076
v 0.029716333374381065 -0.07109271734952927 0.11180343478918076
v 0.029717324301600456 -0.06979334354400635 0.11180343478918076
v 0.028564082458615303 -0.07117164880037308 0.11383404582738876
v 0.028564082458615303 -0.07117164880037308 0.11383404582738876
v 0.029717324301600456 -0.06979334354400635 0.11180343478918076
v 0.02849956601858139 -0.0699506551027298 0.11393656581640244
v 0.028564082458615303 -0.07117164880037308 0.11383404582738876
v 0.02849956601858139 -0.0699506551027298 0.11393656581640244
v 0.026099160313606262 -0.07124844938516617 0.11714150756597519
v 0.026099160313606262 -0.07124844938516617 0.11714150756597519
v 0.02849956601858139 -0.0699506551027298 0.11393656581640244
v 0.02621329575777054 -0.07011804729700089 0.11701049655675888
v 0.026099160313606262 -0.07124844938516617 0.11714150756597519
v 0.02621329575777054 -0.07011804729700089 0.11701049655675888
v 0.024934764951467514 -0.07125569880008698 0.11838474124670029
v 0.024934764951467514 -0.07125569880008698 0.11838474124670029
v 0.02621329575777054 -0.07011804729700089 0.11701049655675888
v 0.024935847148299217 -0.07016289234161377 0.11838545650243759
v 0.024934764951467514 -0.07125569880008698 0.11838474124670029
v 0.024935847148299217 -0.07016289234161377 0.11838545650243759
v 0.023251483216881752 -0.07124214619398117 0.11992635577917099
v 0.023251483216881752 -0.07124214619398117 0.11992635577917099
v 0.024935847148299217 -0.07016289234161377 0.11838545650243759
v 0.023531274870038033 -0.0701829344034195 0.11968960613012314
v 0.023251483216881752 -0.07124214619398117 0.11992635577917099
v 0.023531274870038033 -0.0701829344034195 0.11968960613012314
v 0.020027507096529007 -0.07115726172924042 0.12223412841558456
v 0.020027507096529007 -0.07115726172924042 0.12223412841558456
v 0.023531274870038033 -0.0701829344034195 0.11968960613012314
v 0.02036185935139656 -0.07014234364032745 0.1220267042517662
v 0.020027507096529007 -0.07115726172924042 0.12223412841558456
v 0.02036185935139656 -0.07014234364032745 0.1220267042517662
v 0.01835343800485134 -0.0710897147655487 0.12316634505987167
v 0.01835343800485134 -0.0710897147655487 0.12316634505987167
v 0.02036185935139656 -0.07014234364032745 0.1220267042517662
v 0.01835283450782299 -0.07006753236055374 0.12316562980413437
v 0.01835343800485134 -0.0710897147655487 0.12316634505987167
v 0.01835283450782299 -0.07006753236055374 0.12316562980413437
v 0.01648494228720665 -0.07099880278110504 0.12402703613042831
v 0.01648494228720665 -0.07099880278110504 0.12402703613042831
v 0.01835283450782299 -0.07006753236055374 0.12316562980413437
v 0.016861269250512123 -0.069992296397686 0.12386789172887802
v 0.01648494228720665 -0.07099880278110504 0.12402703613042831
v 0.016861269250512123 -0.069992296397686 0.12386789172887802
v 0.012706357054412365 -0.07077135145664215 0.1252606213092804
v 0.012706357054412365 -0.07077135145664215 0.1252606213092804
v 0.016861269250512123 -0.069992296397686 0.12386789172887802
v 0.013223077170550823 -0.06976096332073212 0.12512913346290588
v 0.012706357054412365 -0.07077135145664215 0.1252606213092804
v 0.013223077170550823 -0.06976096332073212 0.12512913346290588
v 0.010616711340844631 -0.07062266767024994 0.12567999958992004
v 0.010616711340844631 -0.07062266767024994 0.12567999958992004
v 0.013223077170550823 -0.06976096332073212 0.12512913346290588
v 0.010617160238325596 -0.06956716626882553 0.12568095326423645
v 0.010616711340844631 -0.07062266767024994 0.12567999958992004
v 0.010617160238325596 -0.06956716626882553 0.12568095326423645
v 0.008709287270903587 -0.07047328352928162 0.1259101927280426
v 0.008709287270903587 -0.07047328352928162 0.1259101927280426
v 0.010617160238325596 -0.06956716626882553 0.12568095326423645
v 0.00952556636184454 -0.06948111206293106 0.12583091855049133
v 0.008709287270903587 -0.07047328352928162 0.1259101927280426
v 0.00952556636184454 -0.06948111206293106 0.12583091855049133
v 0.004549186676740646 -0.07010205835103989 0.12592294812202454
v 0.004549186676740646 -0.07010205835103989 0.12592294812202454
v 0.00952556636184454 -0.06948111206293106 0.12583091855049133
v 0.005440404172986746 -0.06914064288139343 0.1259765923023224
v 0.004549186676740646 -0.07010205835103989 0.12592294812202454
v 0.005440404172986746 -0.06914064288139343 0.1259765923023224
v 0.002482204930856824 -0.06989499181509018 0.1256798803806305
v 0.002482204930856824 -0.06989499181509018 0.1256798803806305
v 0.005440404172986746 -0.06914064288139343 0.1259765923023224
v 0.0024824810680001974 -0.06887898594141006 0.125681072473526
v 0.002482204930856824 -0.06989499181509018 0.1256798803806305
v 0.0024824810680001974 -0.06887898594141006 0.125681072473526
v 0.0007983791874721646 -0.06971526890993118 0.12535586953163147
v 0.0007983791874721646 -0.06971526890993118 0.12535586953163147
v 0.0024824810680001974 -0.06887898594141006 0.125681072473526
v 0.0013118807692080736 -0.06877207010984421 0.1254688799381256
v 0.0007983791874721646 -0.06971526890993118 0.12535586953163147
v 0.0013118807692080736 -0.06877207010984421 0.1254688799381256
v -0.002916826633736491 -0.06928107142448425 0.124215267598629
v -0.002916826633736491 -0.06928107142448425 0.124215267598629
v 0.0013118807692080736 -0.06877207010984421 0.1254688799381256
v -0.0024660960771143436 -0.06841052323579788 0.12438645213842392
v -0.002916826633736491 -0.06928107142448425 0.124215267598629
v -0.0024660960771143436 -0.06841052323579788 0.12438645213842392
v -0.005254040006548166 -0.06897681951522827 0.12316598743200302
v -0.005254040006548166 -0.06897681951522827 0.12316598743200302
v -0.0024660960771143436 -0.06841052323579788 0.12438645213842392
v -0.005254355724900961 -0.06811679154634476 0.12316634505987167
v -0.005254040006548166 -0.06897681951522827 0.12316598743200302
v -0.005254355724900961 -0.06811679154634476 0.12316634505987167
v -0.006480053532868624 -0.06880690902471542 0.1224992498755455
v -0.006480053532868624 -0.06880690902471542 0.1224992498755455
v -0.005254355724900961 -0.06811679154634476 0.12316634505987167
v -0.006197335198521614 -0.06800900399684906 0.12266137450933456
v -0.006480053532868624 -0.06880690902471542 0.1224992498755455
v -0.006197335198521614 -0.06800900399684906 0.12266137450933456
v -0.009346983395516872 -0.06837891787290573 0.12057390064001083
v -0.009346983395516872 -0.06837891787290573 0.12057390064001083
v -0.006197335198521614 -0.06800900399684906 0.12266137450933456
v -0.009571692906320095 -0.06756658107042313 0.12039878219366074
v -0.009346983395516872 -0.06837891787290573 0.12057390064001083
v -0.009571692906320095 -0.06756658107042313 0.12039878219366074
v -0.011834811419248581 -0.06796190142631531 0.11838474124670029
v -0.011834811419248581 -0.06796190142631531 0.11838474124670029
v -0.009571692906320095 -0.06756658107042313 0.12039878219366074
v -0.011836164630949497 -0.06719156354665756 0.11838486045598984
v -0.011834811419248581 -0.06796190142631531 0.11838474124670029
v -0.011836164630949497 -0.06719156354665756 0.11838486045598984
v -0.012401317246258259 -0.06785904616117477 0.1178002581000328
v -0.012401317246258259 -0.06785904616117477 0.1178002581000328
v -0.011836164630949497 -0.06719156354665756 0.11838486045598984
v -0.012545608915388584 -0.0670543760061264 0.11764707416296005
v -0.012401317246258259 -0.06785904616117477 0.1178002581000328
v -0.012545608915388584 -0.0670543760061264 0.11764707416296005
v -0.014754457399249077 -0.06739000231027603 0.11490371078252792
v -0.014754457399249077 -0.06739000231027603 0.11490371078252792
v -0.012545608915388584 -0.0670543760061264 0.11764707416296005
v -0.01496369019150734 -0.06648096442222595 0.11460187286138535
v -0.014754457399249077 -0.06739000231027603 0.11490371078252792
v -0.01496369019150734 -0.06648096442222595 0.11460187286138535
v -0.01668665185570717 -0.06692782789468765 0.11166443675756454
v -0.01668665185570717 -0.06692782789468765 0.11166443675756454
v -0.01496369019150734 -0.06648096442222595 0.11460187286138535
v -0.01661638729274273 -0.06595677882432938 0.11180379241704941
v -0.01668665185570717 -0.06692782789468765 0.11166443675756454
v -0.01661638729274273 -0.06595677882432938 0.11180379241704941
v -0.0167041327804327 -0.0659247636795044 0.11162998527288437
v 0.01835283450782299 -0.07006753236055374 0.12316562980413437
v 0.02036185935139656 -0.07014234364032745 0.1220267042517662
v 0.016933582723140717 -0.06993861496448517 0.12501803040504456
v -0.024769091978669167 -0.06375442445278168 0.10991980880498886
v -0.025153201073408127 -0.06329159438610077 0.10632827132940292
v -0.01990802213549614 -0.06504233926534653 0.11011066287755966
v -0.0033715171739459038 -0.06015387922525406 0.06335511058568954
v 0.0016775837866589427 -0.06065453961491585 0.06252600997686386
v 0.0024810524191707373 -0.0617779903113842 0.06562771648168564
v 0.03372969105839729 -0.07005222886800766 0.12176003307104111
v 0.0323440283536911 -0.0700305625796318 0.12400128692388535
v 0.02621329575777054 -0.07011804729700089 0.11701049655675888
v 0.023531274870038033 -0.0701829344034195 0.11968960613012314
v 0.030586455017328262 -0.06995879858732224 0.12625673413276672
v 0.029101580381393433 -0.06987950205802917 0.1278039515018463
v 0.023531274870038033 -0.0701829344034195 0.11968960613012314
v 0.029101580381393433 -0.06987950205802917 0.1278039515018463
v 0.02036185935139656 -0.07014234364032745 0.1220267042517662
v 0.029101580381393433 -0.06987950205802917 0.1278039515018463
v 0.02828947827219963 -0.06983239203691483 0.12854018807411194
v 0.02036185935139656 -0.07014234364032745 0.1220267042517662
v 0.02036185935139656 -0.07014234364032745 0.1220267042517662
v 0.02828947827219963 -0.06983239203691483 0.12854018807411194
v 0.026546278968453407 -0.0697273388504982 0.12989798188209534
v 0.02036185935139656 -0.07014234364032745 0.1220267042517662
v 0.026546278968453407 -0.0697273388504982 0.12989798188209534
v 0.016933582723140717 -0.06993861496448517 0.12501803040504456
v 0.030586455017328262 -0.06995879858732224 0.12625673413276672
v 0.023531274870038033 -0.0701829344034195 0.11968960613012314
v 0.0323440283536911 -0.0700305625796318 0.12400128692388535
v 0.0323440283536911 -0.0700305625796318 0.12400128692388535
v 0.023531274870038033 -0.0701829344034195 0.11968960613012314
v 0.024935847148299217 -0.07016289234161377 0.11838545650243759
v 0.0323440283536911 -0.0700305625796318 0.12400128692388535
v 0.024935847148299217 -0.07016289234161377 0.11838545650243759
v 0.02621329575777054 -0.07011804729700089 0.11701049655675888
v 0.035117797553539276 -0.07000763714313507 0.1188361868262291
v 0.031031230464577675 -0.06982254981994629 0.11269023269414902
v 0.036775507032871246 -0.06975527107715607 0.11363186687231064
v 0.036775507032871246 -0.06975527107715607 0.11363186687231064
v 0.031031230464577675 -0.06982254981994629 0.11269023269414902
v 0.03755824640393257 -0.06943443417549133 0.10938682407140732
v 0.03787832334637642 -0.06914052367210388 0.10604920238256454
v 0.03254999965429306 -0.06864471733570099 0.1000000461935997
v 0.03791246935725212 -0.06826433539390564 0.09730865806341171
v 0.03791246935725212 -0.06826433539390564 0.09730865806341171
v 0.03254999965429306 -0.06864471733570099 0.1000000461935997
v 0.03223509341478348 -0.0682096853852272 0.0959252342581749
v 0.03791246935725212 -0.06826433539390564 0.09730865806341171
v 0.03223509341478348 -0.0682096853852272 0.0959252342581749
v 0.037586312741041183 -0.06764870136976242 0.09194710105657578
v 0.03223509341478348 -0.0682096853852272 0.0959252342581749
v 0.03134050965309143 -0.06779762357473373 0.09215059131383896
v 0.037586312741041183 -0.06764870136976242 0.09194710105657578
v 0.037586312741041183 -0.06764870136976242 0.09194710105657578
v 0.03134050965309143 -0.06779762357473373 0.09215059131383896
v 0.029841428622603416 -0.0673748031258583 0.08844306319952011
v 0.037586312741041183 -0.06764870136976242 0.09194710105657578
v 0.029841428622603416 -0.0673748031258583 0.08844306319952011
v 0.02672705426812172 -0.0661960169672966 0.08007123321294785
v 0.02672705426812172 -0.0661960169672966 0.08007123321294785
v 0.029841428622603416 -0.0673748031258583 0.08844306319952011
v 0.02779785357415676 -0.06695464253425598 0.08501937240362167
v 0.02672705426812172 -0.0661960169672966 0.08007123321294785
v 0.033333390951156616 -0.0650913342833519 0.07543876022100449
v 0.0350649431347847 -0.0658908560872078 0.07972469180822372
v 0.0350649431347847 -0.0658908560872078 0.07972469180822372
v 0.03610977157950401 -0.06646469980478287 0.0832313522696495
v 0.02672705426812172 -0.0661960169672966 0.08007123321294785
v 0.02672705426812172 -0.0661960169672966 0.08007123321294785
v 0.03610977157950401 -0.06646469980478287 0.0832313522696495
v 0.03748553991317749 -0.06752559542655945 0.0909433588385582
v 0.02672705426812172 -0.0661960169672966 0.08007123321294785
v 0.03748553991317749 -0.06752559542655945 0.0909433588385582
v 0.037586312741041183 -0.06764870136976242 0.09194710105657578
v 0.027822501957416534 -0.06338788568973541 0.06767191737890244
v 0.029655802994966507 -0.06381504982709885 0.06951548904180527
v 0.020683826878666878 -0.06486866623163223 0.0730753168463707
v 0.020683826878666878 -0.06486866623163223 0.0730753168463707
v 0.029655802994966507 -0.06381504982709885 0.06951548904180527
v 0.030135056003928185 -0.0639510303735733 0.07011213153600693
v 0.020683826878666878 -0.06486866623163223 0.0730753168463707
v 0.030135056003928185 -0.0639510303735733 0.07011213153600693
v 0.02672705426812172 -0.0661960169672966 0.08007123321294785
v 0.02672705426812172 -0.0661960169672966 0.08007123321294785
v 0.030135056003928185 -0.0639510303735733 0.07011213153600693
v 0.03285149112343788 -0.06489463895559311 0.07446660846471786
v 0.02672705426812172 -0.0661960169672966 0.08007123321294785
v 0.03285149112343788 -0.06489463895559311 0.07446660846471786
v 0.033333390951156616 -0.0650913342833519 0.07543876022100449
v 0.02303154207766056 -0.06270284205675125 0.06487848609685898
v 0.025446100160479546 -0.06299497932195663 0.06602146476507187
v 0.020683826878666878 -0.06486866623163223 0.0730753168463707
v 0.020683826878666878 -0.06486866623163223 0.0730753168463707
v 0.025446100160479546 -0.06299497932195663 0.06602146476507187
v 0.027375269681215286 -0.06330255419015884 0.0673084482550621
v 0.020683826878666878 -0.06486866623163223 0.0730753168463707
v 0.027375269681215286 -0.06330255419015884 0.0673084482550621
v 0.027822501957416534 -0.06338788568973541 0.06767191737890244
v 0.0016775837866589427 -0.06065453961491585 0.06252600997686386
v 0.004175060428678989 -0.060913123190402985 0.0623716376721859
v 0.0024810524191707373 -0.0617779903113842 0.06562771648168564
v 0.0024810524191707373 -0.0617779903113842 0.06562771648168564
v 0.004175060428678989 -0.060913123190402985 0.0623716376721859
v 0.005205902270972729 -0.06102173775434494 0.06235220655798912
v 0.0024810524191707373 -0.0617779903113842 0.06562771648168564
v 0.005205902270972729 -0.06102173775434494 0.06235220655798912
v 0.0084480419754982 -0.06421652436256409 0.07213237136602402
v 0.0084480419754982 -0.06421652436256409 0.07213237136602402
v 0.005205902270972729 -0.06102173775434494 0.06235220655798912
v 0.009186850860714912 -0.061410967260599136 0.062389638274908066
v 0.0084480419754982 -0.06421652436256409 0.07213237136602402
v 0.009186850860714912 -0.061410967260599136 0.062389638274908066
v 0.014854450710117817 -0.06298401951789856 0.06629302352666855
v 0.014854450710117817 -0.06298401951789856 0.06629302352666855
v 0.009186850860714912 -0.061410967260599136 0.062389638274908066
v 0.016001634299755096 -0.06202371045947075 0.06301488727331161
v 0.014854450710117817 -0.06298401951789856 0.06629302352666855
v 0.016001634299755096 -0.06202371045947075 0.06301488727331161
v 0.020683826878666878 -0.06486866623163223 0.0730753168463707
v 0.020683826878666878 -0.06486866623163223 0.0730753168463707
v 0.016001634299755096 -0.06202371045947075 0.06301488727331161
v 0.021523794159293175 -0.0625467449426651 0.06433656066656113
v 0.020683826878666878 -0.06486866623163223 0.0730753168463707
v 0.021523794159293175 -0.0625467449426651 0.06433656066656113
v 0.02303154207766056 -0.06270284205675125 0.06487848609685898
v -0.003989621996879578 -0.06277236342430115 0.07209756225347519
v -0.005735057406127453 -0.05993150547146797 0.06401338428258896
v -0.0033715171739459038 -0.06015387922525406 0.06335511058568954
v -0.018854139372706413 -0.05953286215662956 0.07348980754613876
v -0.017272815108299255 -0.059410907328128815 0.07144417613744736
v -0.010891360230743885 -0.06297008693218231 0.07848861068487167
v -0.010891360230743885 -0.06297008693218231 0.07848861068487167
v -0.017272815108299255 -0.059410907328128815 0.07144417613744736
v -0.015239429660141468 -0.0593600757420063 0.06934764236211777
v -0.015239429660141468 -0.0593600757420063 0.06934764236211777
v -0.014664717949926853 -0.05936356261372566 0.06884219497442245
v -0.010891360230743885 -0.06297008693218231 0.07848861068487167
v -0.010891360230743885 -0.06297008693218231 0.07848861068487167
v -0.014664717949926853 -0.05936356261372566 0.06884219497442245
v -0.012346919625997543 -0.0594353973865509 0.06710638850927353
v -0.010891360230743885 -0.06297008693218231 0.07848861068487167
v -0.012346919625997543 -0.0594353973865509 0.06710638850927353
v -0.003989621996879578 -0.06277236342430115 0.07209756225347519
v -0.003989621996879578 -0.06277236342430115 0.07209756225347519
v -0.012346919625997543 -0.0594353973865509 0.06710638850927353
v -0.009620335884392262 -0.059604257345199585 0.06555881351232529
v -0.003989621996879578 -0.06277236342430115 0.07209756225347519
v -0.009620335884392262 -0.059604257345199585 0.06555881351232529
v -0.005735057406127453 -0.05993150547146797 0.06401338428258896
v -0.018854139372706413 -0.05953286215662956 0.07348980754613876
v -0.010891360230743885 -0.06297008693218231 0.07848861068487167
v -0.01985441893339157 -0.059655625373125076 0.07503261417150497
v -0.01985441893339157 -0.059655625373125076 0.07503261417150497
v -0.010891360230743885 -0.06297008693218231 0.07848861068487167
v -0.018085816875100136 -0.06232859939336777 0.08457138389348984
v -0.01985441893339157 -0.059655625373125076 0.07503261417150497
v -0.018085816875100136 -0.06232859939336777 0.08457138389348984
v -0.022231990471482277 -0.060159847140312195 0.0800190195441246
v -0.016089441254734993 -0.06332574039697647 0.08720924705266953
v -0.024655498564243317 -0.06118669733405113 0.08928670734167099
v -0.018085816875100136 -0.06232859939336777 0.08457138389348984
v -0.018085816875100136 -0.06232859939336777 0.08457138389348984
v -0.024655498564243317 -0.06118669733405113 0.08928670734167099
v -0.02285580150783062 -0.060360394418239594 0.08182182163000107
v -0.018085816875100136 -0.06232859939336777 0.08457138389348984
v -0.02285580150783062 -0.060360394418239594 0.08182182163000107
v -0.022231990471482277 -0.060159847140312195 0.0800190195441246
v -0.0249045230448246 -0.06137632206082344 0.09095015376806259
v -0.019347840920090675 -0.06385257095098495 0.09734561294317245
v -0.025371836498379707 -0.062168944627046585 0.09743764251470566
v -0.025371836498379707 -0.062168944627046585 0.09743764251470566
v -0.019347840920090675 -0.06385257095098495 0.09734561294317245
v -0.025390610098838806 -0.062421269714832306 0.09942569583654404
v -0.024769091978669167 -0.06375442445278168 0.10991980880498886
v -0.01990802213549614 -0.06504233926534653 0.11011066287755966
v -0.02462400309741497 -0.06387994438409805 0.11087992042303085
v -0.017372654750943184 -0.06593917310237885 0.1270299255847931
v -0.020196393132209778 -0.06548520177602768 0.12336578220129013
v -0.013713214546442032 -0.06682015210390091 0.1169600710272789
v -0.013713214546442032 -0.06682015210390091 0.1169600710272789
v -0.020196393132209778 -0.06548520177602768 0.12336578220129013
v -0.022163894027471542 -0.06501995027065277 0.11960925906896591
v -0.013713214546442032 -0.06682015210390091 0.1169600710272789
v -0.022163894027471542 -0.06501995027065277 0.11960925906896591
v -0.01990802213549614 -0.06504233926534653 0.11011066287755966
v -0.01990802213549614 -0.06504233926534653 0.11011066287755966
v -0.022163894027471542 -0.06501995027065277 0.11960925906896591
v -0.02311263233423233 -0.06470053642988205 0.11711301654577255
v -0.01990802213549614 -0.06504233926534653 0.11011066287755966
v -0.02311263233423233 -0.06470053642988205 0.11711301654577255
v -0.02462400309741497 -0.06387994438409805 0.11087992042303085
v -0.011071152985095978 -0.06665845215320587 0.13186565041542053
v -0.014092778787016869 -0.06634184718132019 0.12995269894599915
v -0.00762884272262454 -0.06775343418121338 0.12401273101568222
v -0.00762884272262454 -0.06775343418121338 0.12401273101568222
v -0.014092778787016869 -0.06634184718132019 0.12995269894599915
v -0.01629878208041191 -0.0660807192325592 0.12810853123664856
v -0.00762884272262454 -0.06775343418121338 0.12401273101568222
v -0.01629878208041191 -0.0660807192325592 0.12810853123664856
v -0.017372654750943184 -0.06593917310237885 0.1270299255847931
v 0.004801741801202297 -0.06806109845638275 0.13570979237556458
v -0.0019101398065686226 -0.06747636944055557 0.13503625988960266
v -0.001690910430625081 -0.06796432286500931 0.1310754120349884
v -0.001690910430625081 -0.06796432286500931 0.1310754120349884
v -0.0019101398065686226 -0.06747636944055557 0.13503625988960266
v -0.003906432073563337 -0.06730473041534424 0.13460269570350647
v -0.001690910430625081 -0.06796432286500931 0.1310754120349884
v -0.003906432073563337 -0.06730473041534424 0.13460269570350647
v -0.00762884272262454 -0.06775343418121338 0.12401273101568222
v -0.00762884272262454 -0.06775343418121338 0.12401273101568222
v -0.003906432073563337 -0.06730473041534424 0.13460269570350647
v -0.006240091752260923 -0.06710317730903625 0.13393083214759827
v -0.00762884272262454 -0.06775343418121338 0.12401273101568222
v -0.006240091752260923 -0.06710317730903625 0.13393083214759827
v -0.011071152985095978 -0.06665845215320587 0.13186565041542053
v 0.013594526797533035 -0.06881193071603775 0.13502457737922668
v 0.01065918616950512 -0.06902551651000977 0.13176921010017395
v 0.020608441904187202 -0.06934584677219391 0.13297608494758606
v 0.020608441904187202 -0.06934584677219391 0.13297608494758606
v 0.01065918616950512 -0.06902551651000977 0.13176921010017395
v 0.016933582723140717 -0.06993861496448517 0.12501803040504456
v 0.020608441904187202 -0.06934584677219391 0.13297608494758606
v 0.016933582723140717 -0.06993861496448517 0.12501803040504456
v 0.023689189925789833 -0.0695502907037735 0.13159599900245667
v 0.023689189925789833 -0.0695502907037735 0.13159599900245667
v 0.016933582723140717 -0.06993861496448517 0.12501803040504456
v 0.026546278968453407 -0.0697273388504982 0.12989798188209534
v 0.02849956601858139 -0.0699506551027298 0.11393656581640244
v 0.031031230464577675 -0.06982254981994629 0.11269023269414902
v 0.02621329575777054 -0.07011804729700089 0.11701049655675888
v 0.02621329575777054 -0.07011804729700089 0.11701049655675888
v 0.031031230464577675 -0.06982254981994629 0.11269023269414902
v 0.035117797553539276 -0.07000763714313507 0.1188361868262291
v 0.02621329575777054 -0.07011804729700089 0.11701049655675888
v 0.035117797553539276 -0.07000763714313507 0.1188361868262291
v 0.03372969105839729 -0.07005222886800766 0.12176003307104111
v 0.02849956601858139 -0.0699506551027298 0.11393656581640244
v 0.029717324301600456 -0.06979334354400635 0.11180343478918076
v 0.031031230464577675 -0.06982254981994629 0.11269023269414902
v 0.031031230464577675 -0.06982254981994629 0.11269023269414902
v 0.029717324301600456 -0.06979334354400635 0.11180343478918076
v 0.030453423038125038 -0.06966180354356766 0.11023154109716415
v 0.031031230464577675 -0.06982254981994629 0.11269023269414902
v 0.030453423038125038 -0.06966180354356766 0.11023154109716415
v 0.03755824640393257 -0.06943443417549133 0.10938682407140732
v 0.03755824640393257 -0.06943443417549133 0.10938682407140732
v 0.030453423038125038 -0.06966180354356766 0.11023154109716415
v 0.031676437705755234 -0.06933113187551498 0.10668029636144638
v 0.03755824640393257 -0.06943443417549133 0.10938682407140732
v 0.031676437705755234 -0.06933113187551498 0.10668029636144638
v 0.03787832334637642 -0.06914052367210388 0.10604920238256454
v 0.03787832334637642 -0.06914052367210388 0.10604920238256454
v 0.031676437705755234 -0.06933113187551498 0.10668029636144638
v 0.032420553267002106 -0.06891728937625885 0.10259833186864853
v 0.03787832334637642 -0.06914052367210388 0.10604920238256454
v 0.032420553267002106 -0.06891728937625885 0.10259833186864853
v 0.03254999965429306 -0.06864471733570099 0.1000000461935997
v 0.013594526797533035 -0.06881193071603775 0.13502457737922668
v 0.007017412688583136 -0.06825483590364456 0.13570573925971985
v 0.01065918616950512 -0.06902551651000977 0.13176921010017395
v 0.01065918616950512 -0.06902551651000977 0.13176921010017395
v 0.007017412688583136 -0.06825483590364456 0.13570573925971985
v 0.005440404172986746 -0.06914064288139343 0.1259765923023224
v 0.01065918616950512 -0.06902551651000977 0.13176921010017395
v 0.005440404172986746 -0.06914064288139343 0.1259765923023224
v 0.00952556636184454 -0.06948111206293106 0.12583091855049133
v 0.00952556636184454 -0.06948111206293106 0.12583091855049133
v 0.010617160238325596 -0.06956716626882553 0.12568095326423645
v 0.01065918616950512 -0.06902551651000977 0.13176921010017395
v 0.01065918616950512 -0.06902551651000977 0.13176921010017395
v 0.010617160238325596 -0.06956716626882553 0.12568095326423645
v 0.013223077170550823 -0.06976096332073212 0.12512913346290588
v 0.01065918616950512 -0.06902551651000977 0.13176921010017395
v 0.013223077170550823 -0.06976096332073212 0.12512913346290588
v 0.016933582723140717 -0.06993861496448517 0.12501803040504456
v 0.016933582723140717 -0.06993861496448517 0.12501803040504456
v 0.013223077170550823 -0.06976096332073212 0.12512913346290588
v 0.016861269250512123 -0.069992296397686 0.12386789172887802
v 0.016933582723140717 -0.06993861496448517 0.12501803040504456
v 0.016861269250512123 -0.069992296397686 0.12386789172887802
v 0.01835283450782299 -0.07006753236055374 0.12316562980413437
v -0.009571692906320095 -0.06756658107042313 0.12039878219366074
v -0.006197335198521614 -0.06800900399684906 0.12266137450933456
v -0.00762884272262454 -0.06775343418121338 0.12401273101568222
v -0.00762884272262454 -0.06775343418121338 0.12401273101568222
v -0.006197335198521614 -0.06800900399684906 0.12266137450933456
v -0.005254355724900961 -0.06811679154634476 0.12316634505987167
v -0.00762884272262454 -0.06775343418121338 0.12401273101568222
v -0.005254355724900961 -0.06811679154634476 0.12316634505987167
v -0.001690910430625081 -0.06796432286500931 0.1310754120349884
v -0.001690910430625081 -0.06796432286500931 0.1310754120349884
v -0.005254355724900961 -0.06811679154634476 0.12316634505987167
v -0.0024660960771143436 -0.06841052323579788 0.12438645213842392
v -0.001690910430625081 -0.06796432286500931 0.1310754120349884
v -0.0024660960771143436 -0.06841052323579788 0.12438645213842392
v 0.0013118807692080736 -0.06877207010984421 0.1254688799381256
v 0.007017412688583136 -0.06825483590364456 0.13570573925971985
v 0.004801741801202297 -0.06806109845638275 0.13570979237556458
v 0.005440404172986746 -0.06914064288139343 0.1259765923023224
v 0.005440404172986746 -0.06914064288139343 0.1259765923023224
v 0.004801741801202297 -0.06806109845638275 0.13570979237556458
v -0.001690910430625081 -0.06796432286500931 0.1310754120349884
v 0.005440404172986746 -0.06914064288139343 0.1259765923023224
v -0.001690910430625081 -0.06796432286500931 0.1310754120349884
v 0.0024824810680001974 -0.06887898594141006 0.125681072473526
v 0.0024824810680001974 -0.06887898594141006 0.125681072473526
v -0.001690910430625081 -0.06796432286500931 0.1310754120349884
v 0.0013118807692080736 -0.06877207010984421 0.1254688799381256
v -0.017372654750943184 -0.06593917310237885 0.1270299255847931
v -0.013713214546442032 -0.06682015210390091 0.1169600710272789
v -0.00762884272262454 -0.06775343418121338 0.12401273101568222
v -0.00762884272262454 -0.06775343418121338 0.12401273101568222
v -0.013713214546442032 -0.06682015210390091 0.1169600710272789
v -0.011836164630949497 -0.06719156354665756 0.11838486045598984
v -0.00762884272262454 -0.06775343418121338 0.12401273101568222
v -0.011836164630949497 -0.06719156354665756 0.11838486045598984
v -0.009571692906320095 -0.06756658107042313 0.12039878219366074
v -0.016089441254734993 -0.06332574039697647 0.08720924705266953
v -0.016617564484477043 -0.06334098428487778 0.08819594234228134
v -0.024655498564243317 -0.06118669733405113 0.08928670734167099
v -0.024655498564243317 -0.06118669733405113 0.08928670734167099
v -0.016617564484477043 -0.06334098428487778 0.08819594234228134
v -0.017832012847065926 -0.06342601776123047 0.0909670814871788
v -0.024655498564243317 -0.06118669733405113 0.08928670734167099
v -0.017832012847065926 -0.06342601776123047 0.0909670814871788
v -0.0249045230448246 -0.06137632206082344 0.09095015376806259
v -0.0249045230448246 -0.06137632206082344 0.09095015376806259
v -0.017832012847065926 -0.06342601776123047 0.0909670814871788
v -0.01890617050230503 -0.06363806128501892 0.09468068927526474
v -0.0249045230448246 -0.06137632206082344 0.09095015376806259
v -0.01890617050230503 -0.06363806128501892 0.09468068927526474
v -0.019347840920090675 -0.06385257095098495 0.09734561294317245
v -0.019347840920090675 -0.06385257095098495 0.09734561294317245
v -0.01890617050230503 -0.06363806128501892 0.09468068927526474
v -0.019419100135564804 -0.06399612128734589 0.09870579093694687
v -0.019347840920090675 -0.06385257095098495 0.09734561294317245
v -0.019419100135564804 -0.06399612128734589 0.09870579093694687
v -0.025390610098838806 -0.062421269714832306 0.09942569583654404
v -0.025390610098838806 -0.062421269714832306 0.09942569583654404
v -0.019419100135564804 -0.06399612128734589 0.09870579093694687
v -0.019449999555945396 -0.06413817405700684 0.1000000461935997
v -0.025390610098838806 -0.062421269714832306 0.09942569583654404
v -0.019449999555945396 -0.06413817405700684 0.1000000461935997
v -0.025153201073408127 -0.06329159438610077 0.10632827132940292
v -0.025153201073408127 -0.06329159438610077 0.10632827132940292
v -0.019449999555945396 -0.06413817405700684 0.1000000461935997
v -0.019140269607305527 -0.06465599685907364 0.10400357097387314
v -0.025153201073408127 -0.06329159438610077 0.10632827132940292
v -0.019140269607305527 -0.06465599685907364 0.10400357097387314
v -0.01990802213549614 -0.06504233926534653 0.11011066287755966
v -0.01990802213549614 -0.06504233926534653 0.11011066287755966
v -0.019140269607305527 -0.06465599685907364 0.10400357097387314
v -0.018220964819192886 -0.06526529788970947 0.1078961119055748
v -0.01990802213549614 -0.06504233926534653 0.11011066287755966
v -0.018220964819192886 -0.06526529788970947 0.1078961119055748
v -0.0167041327804327 -0.0659247636795044 0.11162998527288437
v -0.0167041327804327 -0.0659247636795044 0.11162998527288437
v -0.01661638729274273 -0.06595677882432938 0.11180379241704941
v -0.01990802213549614 -0.06504233926534653 0.11011066287755966
v -0.01990802213549614 -0.06504233926534653 0.11011066287755966
v -0.01661638729274273 -0.06595677882432938 0.11180379241704941
v -0.01496369019150734 -0.06648096442222595 0.11460187286138535
v -0.01990802213549614 -0.06504233926534653 0.11011066287755966
v -0.01496369019150734 -0.06648096442222595 0.11460187286138535
v -0.013713214546442032 -0.06682015210390091 0.1169600710272789
v -0.013713214546442032 -0.06682015210390091 0.1169600710272789
v -0.01496369019150734 -0.06648096442222595 0.11460187286138535
v -0.012545608915388584 -0.0670543760061264 0.11764707416296005
v -0.013713214546442032 -0.06682015210390091 0.1169600710272789
v -0.012545608915388584 -0.0670543760061264 0.11764707416296005
v -0.011836164630949497 -0.06719156354665756 0.11838486045598984
v -0.009759058244526386 -0.06349465996026993 0.07974901050329208
v -0.010846784338355064 -0.06344296038150787 0.08067693561315536
v -0.010891360230743885 -0.06297008693218231 0.07848861068487167
v -0.010891360230743885 -0.06297008693218231 0.07848861068487167
v -0.010846784338355064 -0.06344296038150787 0.08067693561315536
v -0.011834892444312572 -0.06340092420578003 0.08161475509405136
v -0.010891360230743885 -0.06297008693218231 0.07848861068487167
v -0.011834892444312572 -0.06340092420578003 0.08161475509405136
v -0.018085816875100136 -0.06232859939336777 0.08457138389348984
v -0.018085816875100136 -0.06232859939336777 0.08457138389348984
v -0.011834892444312572 -0.06340092420578003 0.08161475509405136
v -0.013763125985860825 -0.06333820521831512 0.083765409886837
v -0.018085816875100136 -0.06232859939336777 0.08457138389348984
v -0.013763125985860825 -0.06333820521831512 0.083765409886837
v -0.016089441254734993 -0.06332574039697647 0.08720924705266953
v -0.0004288216878194362 -0.06403794884681702 0.07495131343603134
v -0.004126588813960552 -0.06381256878376007 0.07629241794347763
v -0.003989621996879578 -0.06277236342430115 0.07209756225347519
v -0.003989621996879578 -0.06277236342430115 0.07209756225347519
v -0.004126588813960552 -0.06381256878376007 0.07629241794347763
v -0.005254349671304226 -0.06374543160200119 0.07683231681585312
v -0.003989621996879578 -0.06277236342430115 0.07209756225347519
v -0.005254349671304226 -0.06374543160200119 0.07683231681585312
v -0.010891360230743885 -0.06297008693218231 0.07848861068487167
v -0.010891360230743885 -0.06297008693218231 0.07848861068487167
v -0.005254349671304226 -0.06374543160200119 0.07683231681585312
v -0.007602598983794451 -0.06360944360494614 0.07818581908941269
v -0.010891360230743885 -0.06297008693218231 0.07848861068487167
v -0.007602598983794451 -0.06360944360494614 0.07818581908941269
v -0.009759058244526386 -0.06349465996026993 0.07974901050329208
v -0.0033715171739459038 -0.06015387922525406 0.06335511058568954
v 0.0024810524191707373 -0.0617779903113842 0.06562771648168564
v -0.003989621996879578 -0.06277236342430115 0.07209756225347519
v -0.003989621996879578 -0.06277236342430115 0.07209756225347519
v 0.0024810524191707373 -0.0617779903113842 0.06562771648168564
v 0.002482430078089237 -0.0642293393611908 0.07431700080633163
v -0.003989621996879578 -0.06277236342430115 0.07209756225347519
v 0.002482430078089237 -0.0642293393611908 0.07431700080633163
v -0.0004288216878194362 -0.06403794884681702 0.07495131343603134
v 0.011432419531047344 -0.06494466960430145 0.07446291297674179
v 0.010617975145578384 -0.0648704469203949 0.0743199810385704
v 0.0084480419754982 -0.06421652436256409 0.07213237136602402
v 0.0084480419754982 -0.06421652436256409 0.07213237136602402
v 0.010617975145578384 -0.0648704469203949 0.0743199810385704
v 0.0074174003675580025 -0.06459743529558182 0.07401420921087265
v 0.0084480419754982 -0.06421652436256409 0.07213237136602402
v 0.0074174003675580025 -0.06459743529558182 0.07401420921087265
v 0.0024810524191707373 -0.0617779903113842 0.06562771648168564
v 0.0024810524191707373 -0.0617779903113842 0.06562771648168564
v 0.0074174003675580025 -0.06459743529558182 0.07401420921087265
v 0.0034276186488568783 -0.06429532915353775 0.07418587058782578
v 0.0024810524191707373 -0.0617779903113842 0.06562771648168564
v 0.0034276186488568783 -0.06429532915353775 0.07418587058782578
v 0.002482430078089237 -0.0642293393611908 0.07431700080633163
v 0.011432419531047344 -0.06494466960430145 0.07446291297674179
v 0.0084480419754982 -0.06421652436256409 0.07213237136602402
v 0.014930419623851776 -0.06528367847204208 0.07538773864507675
v 0.014930419623851776 -0.06528367847204208 0.07538773864507675
v 0.0084480419754982 -0.06421652436256409 0.07213237136602402
v 0.014854450710117817 -0.06298401951789856 0.06629302352666855
v 0.014930419623851776 -0.06528367847204208 0.07538773864507675
v 0.014854450710117817 -0.06298401951789856 0.06629302352666855
v 0.018355103209614754 -0.06564903259277344 0.07683183997869492
v 0.018355103209614754 -0.06564903259277344 0.07683183997869492
v 0.014854450710117817 -0.06298401951789856 0.06629302352666855
v 0.020683826878666878 -0.06486866623163223 0.0730753168463707
v 0.018355103209614754 -0.06564903259277344 0.07683183997869492
v 0.020683826878666878 -0.06486866623163223 0.0730753168463707
v 0.018764475360512733 -0.06569523364305496 0.07704474776983261
v 0.02779785357415676 -0.06695464253425598 0.08501937240362167
v 0.025317693129181862 -0.06654417514801025 0.08200182765722275
v 0.02672705426812172 -0.0661960169672966 0.08007123321294785
v 0.02672705426812172 -0.0661960169672966 0.08007123321294785
v 0.025317693129181862 -0.06654417514801025 0.08200182765722275
v 0.024937167763710022 -0.06648728251457214 0.081612728536129
v 0.02672705426812172 -0.0661960169672966 0.08007123321294785
v 0.024937167763710022 -0.06648728251457214 0.081612728536129
v 0.020683826878666878 -0.06486866623163223 0.0730753168463707
v 0.020683826878666878 -0.06486866623163223 0.0730753168463707
v 0.024937167763710022 -0.06648728251457214 0.081612728536129
v 0.022240960970520973 -0.06611549854278564 0.07926323264837265
v 0.020683826878666878 -0.06486866623163223 0.0730753168463707
v 0.022240960970520973 -0.06611549854278564 0.07926323264837265
v 0.018764475360512733 -0.06569523364305496 0.07704474776983261
v -0.014664717949926853 -0.05936356261372566 0.06884219497442245
v -0.015239429660141468 -0.0593600757420063 0.06934764236211777
v -0.016549507156014442 -0.05846049636602402 0.06797709316015244
v 0.013594526797533035 -0.06881193071603775 0.13502457737922668
v 0.020608441904187202 -0.06934584677219391 0.13297608494758606
v 0.020616935566067696 -0.06886246055364609 0.13580158352851868
v -0.014792940579354763 -0.057434991002082825 0.06399562209844589
v -0.015065539628267288 -0.05717991665005684 0.06364502757787704
v -0.008702877908945084 -0.058541927486658096 0.06233182176947594
v -0.006604660768061876 -0.05887680500745773 0.06189408525824547
v -0.006460133474320173 -0.059000395238399506 0.06208803877234459
v -0.010079734027385712 -0.05871593579649925 0.06356444209814072
v -0.006460133474320173 -0.059000395238399506 0.06208803877234459
v -0.006604660768061876 -0.05887680500745773 0.06189408525824547
v -0.002696717856451869 -0.05935322493314743 0.06106868013739586
v 0.029466019943356514 -0.0687737911939621 0.13489201664924622
v 0.032361406832933426 -0.06710685789585114 0.14067748188972473
v 0.0317617729306221 -0.06705082952976227 0.14097657799720764
v 0.029466019943356514 -0.0687737911939621 0.13489201664924622
v 0.0317617729306221 -0.06705082952976227 0.14097657799720764
v 0.02589600905776024 -0.0684962049126625 0.13678959012031555
v 0.005041282158344984 -0.05999119207262993 0.05989363417029381
v 0.005205902270972729 -0.06102173775434494 0.06235220655798912
v 0.004175060428678989 -0.060913123190402985 0.0623716376721859
v 0.004956874530762434 -0.059718865901231766 0.05936005339026451
v 0.005041282158344984 -0.05999119207262993 0.05989363417029381
v 0.001311497064307332 -0.05964386835694313 0.0601973794400692
v 0.001311497064307332 -0.05964386835694313 0.0601973794400692
v 0.005041282158344984 -0.05999119207262993 0.05989363417029381
v 0.0013629922177642584 -0.05974037945270538 0.060382988303899765
v 0.001311497064307332 -0.05964386835694313 0.0601973794400692
v 0.0013629922177642584 -0.05974037945270538 0.060382988303899765
v -0.0020549786277115345 -0.05941392853856087 0.06093135103583336
v 0.005041282158344984 -0.05999119207262993 0.05989363417029381
v 0.004175060428678989 -0.060913123190402985 0.0623716376721859
v 0.0013629922177642584 -0.05974037945270538 0.060382988303899765
v 0.0013629922177642584 -0.05974037945270538 0.060382988303899765
v 0.004175060428678989 -0.060913123190402985 0.0623716376721859
v 0.0016775837866589427 -0.06065453961491585 0.06252600997686386
v 0.0013629922177642584 -0.05974037945270538 0.060382988303899765
v 0.0016775837866589427 -0.06065453961491585 0.06252600997686386
v -0.0020549786277115345 -0.05941392853856087 0.06093135103583336
v -0.0020549786277115345 -0.05941392853856087 0.06093135103583336
v 0.0016775837866589427 -0.06065453961491585 0.06252600997686386
v -0.0033715171739459038 -0.06015387922525406 0.06335511058568954
v -0.0020549786277115345 -0.05941392853856087 0.06093135103583336
v -0.0033715171739459038 -0.06015387922525406 0.06335511058568954
v -0.0023292372934520245 -0.05938858911395073 0.060990121215581894
v -0.015065539628267288 -0.05717991665005684 0.06364502757787704
v -0.014792940579354763 -0.057434991002082825 0.06399562209844589
v -0.015111364424228668 -0.05716798081994057 0.06365444511175156
v -0.015111364424228668 -0.05716798081994057 0.06365444511175156
v -0.014792940579354763 -0.057434991002082825 0.06399562209844589
v -0.017997847869992256 -0.05738953500986099 0.0666516050696373
v -0.015111364424228668 -0.05716798081994057 0.06365444511175156
v -0.017997847869992256 -0.05738953500986099 0.0666516050696373
v -0.02108081616461277 -0.055312398821115494 0.06487443298101425
v -0.02108081616461277 -0.055312398821115494 0.06487443298101425
v -0.017997847869992256 -0.05738953500986099 0.0666516050696373
v -0.020793970674276352 -0.057476747781038284 0.06975998729467392
v -0.02108081616461277 -0.055312398821115494 0.06487443298101425
v -0.020793970674276352 -0.057476747781038284 0.06975998729467392
v -0.02204485423862934 -0.05495971441268921 0.06507112830877304
v -0.02204485423862934 -0.05495971441268921 0.06507112830877304
v -0.020793970674276352 -0.057476747781038284 0.06975998729467392
v -0.024959789589047432 -0.05508881062269211 0.0688101276755333
v -0.024959789589047432 -0.05508881062269211 0.0688101276755333
v -0.020793970674276352 -0.057476747781038284 0.06975998729467392
v -0.023150712251663208 -0.05770815536379814 0.07322194427251816
v -0.024959789589047432 -0.05508881062269211 0.0688101276755333
v -0.023150712251663208 -0.05770815536379814 0.07322194427251816
v -0.027424637228250504 -0.055371228605508804 0.07293667644262314
v -0.027424637228250504 -0.055371228605508804 0.07293667644262314
v -0.023150712251663208 -0.05770815536379814 0.07322194427251816
v -0.025069747120141983 -0.05806903541088104 0.07695426791906357
v -0.027424637228250504 -0.055371228605508804 0.07293667644262314
v -0.025069747120141983 -0.05806903541088104 0.07695426791906357
v -0.02952898107469082 -0.05582688748836517 0.07753684371709824
v -0.02952898107469082 -0.05582688748836517 0.07753684371709824
v -0.025069747120141983 -0.05806903541088104 0.07695426791906357
v -0.0265866257250309 -0.05852499231696129 0.08087422698736191
v -0.02952898107469082 -0.05582688748836517 0.07753684371709824
v -0.0265866257250309 -0.05852499231696129 0.08087422698736191
v -0.03133512660861015 -0.05647624284029007 0.08276810497045517
v -0.03133512660861015 -0.05647624284029007 0.08276810497045517
v -0.0265866257250309 -0.05852499231696129 0.08087422698736191
v -0.02869975008070469 -0.05955972522497177 0.08909597247838974
v -0.03133512660861015 -0.05647624284029007 0.08276810497045517
v -0.02869975008070469 -0.05955972522497177 0.08909597247838974
v -0.03283059597015381 -0.05727800726890564 0.08878114074468613
v -0.03283059597015381 -0.05727800726890564 0.08878114074468613
v -0.02869975008070469 -0.05955972522497177 0.08909597247838974
v -0.033161383122205734 -0.057491809129714966 0.09047021716833115
v -0.033161383122205734 -0.057491809129714966 0.09047021716833115
v -0.02869975008070469 -0.05955972522497177 0.08909597247838974
v -0.0297962948679924 -0.060618363320827484 0.0980856642127037
v -0.033161383122205734 -0.057491809129714966 0.09047021716833115
v -0.0297962948679924 -0.060618363320827484 0.0980856642127037
v -0.03399244695901871 -0.058098915964365005 0.09579040855169296
v -0.03399244695901871 -0.058098915964365005 0.09579040855169296
v -0.0297962948679924 -0.060618363320827484 0.0980856642127037
v -0.029966454952955246 -0.061152324080467224 0.10285308212041855
v -0.03399244695901871 -0.058098915964365005 0.09579040855169296
v -0.029966454952955246 -0.061152324080467224 0.10285308212041855
v -0.03463844209909439 -0.05887487903237343 0.10364224761724472
v -0.03463844209909439 -0.05887487903237343 0.10364224761724472
v -0.029966454952955246 -0.061152324080467224 0.10285308212041855
v -0.029865192249417305 -0.06169979274272919 0.10776998847723007
v -0.03463844209909439 -0.05887487903237343 0.10364224761724472
v -0.029865192249417305 -0.06169979274272919 0.10776998847723007
v -0.034616731107234955 -0.05946720391511917 0.10993983596563339
v -0.03408448025584221 -0.06001538783311844 0.11538352817296982
v -0.029362784698605537 -0.06228585168719292 0.11275925487279892
v -0.03373381868004799 -0.060237374156713486 0.1174025759100914
v -0.03373381868004799 -0.060237374156713486 0.1174025759100914
v -0.029362784698605537 -0.06228585168719292 0.11275925487279892
v -0.028321800753474236 -0.06291284412145615 0.11769845336675644
v -0.03373381868004799 -0.060237374156713486 0.1174025759100914
v -0.028321800753474236 -0.06291284412145615 0.11769845336675644
v -0.03307485207915306 -0.060567695647478104 0.12023677676916122
v -0.03307485207915306 -0.060567695647478104 0.12023677676916122
v -0.028321800753474236 -0.06291284412145615 0.11769845336675644
v -0.03228820487856865 -0.06087854504585266 0.12280001491308212
v -0.03228820487856865 -0.06087854504585266 0.12280001491308212
v -0.028321800753474236 -0.06291284412145615 0.11769845336675644
v -0.026646813377738 -0.06353016197681427 0.12244703620672226
v -0.03228820487856865 -0.06087854504585266 0.12280001491308212
v -0.026646813377738 -0.06353016197681427 0.12244703620672226
v -0.031614866107702255 -0.061098404228687286 0.1245904192328453
v -0.024256359785795212 -0.06407953053712845 0.1268543303012848
v -0.02975137159228325 -0.06156229227781296 0.12843230366706848
v -0.026646813377738 -0.06353016197681427 0.12244703620672226
v -0.026646813377738 -0.06353016197681427 0.12244703620672226
v -0.02975137159228325 -0.06156229227781296 0.12843230366706848
v -0.03109721839427948 -0.06124585121870041 0.12579432129859924
v -0.026646813377738 -0.06353016197681427 0.12244703620672226
v -0.03109721839427948 -0.06124585121870041 0.12579432129859924
v -0.031614866107702255 -0.061098404228687286 0.1245904192328453
v -0.02113177999854088 -0.06454788893461227 0.13077452778816223
v -0.027217326685786247 -0.06198156997561455 0.13218680024147034
v -0.024256359785795212 -0.06407953053712845 0.1268543303012848
v -0.024256359785795212 -0.06407953053712845 0.1268543303012848
v -0.027217326685786247 -0.06198156997561455 0.13218680024147034
v -0.02844705805182457 -0.061799243092536926 0.13051298260688782
v -0.024256359785795212 -0.06407953053712845 0.1268543303012848
v -0.02844705805182457 -0.061799243092536926 0.13051298260688782
v -0.02975137159228325 -0.06156229227781296 0.12843230366706848
v -0.017368009313941002 -0.06496825814247131 0.1340818703174591
v -0.023122869431972504 -0.062439609318971634 0.13651230931282043
v -0.02113177999854088 -0.06454788893461227 0.13077452778816223
v -0.02113177999854088 -0.06454788893461227 0.13077452778816223
v -0.023122869431972504 -0.062439609318971634 0.13651230931282043
v -0.02424626797437668 -0.0623290091753006 0.13547399640083313
v -0.02113177999854088 -0.06454788893461227 0.13077452778816223
v -0.02424626797437668 -0.0623290091753006 0.13547399640083313
v -0.027217326685786247 -0.06198156997561455 0.13218680024147034
v 0.0317617729306221 -0.06705082952976227 0.14097657799720764
v 0.02713855914771557 -0.06664257496595383 0.1429084837436676
v 0.02589600905776024 -0.0684962049126625 0.13678959012031555
v 0.02589600905776024 -0.0684962049126625 0.13678959012031555
v 0.02713855914771557 -0.06664257496595383 0.1429084837436676
v 0.021837005391716957 -0.06620419770479202 0.14448359608650208
v 0.02589600905776024 -0.0684962049126625 0.13678959012031555
v 0.021837005391716957 -0.06620419770479202 0.14448359608650208
v 0.021223334595561028 -0.06815817952156067 0.13853588700294495
v 0.021223334595561028 -0.06815817952156067 0.13853588700294495
v 0.021837005391716957 -0.06620419770479202 0.14448359608650208
v 0.01537907961755991 -0.06567754596471786 0.14570286870002747
v 0.021223334595561028 -0.06815817952156067 0.13853588700294495
v 0.01537907961755991 -0.06567754596471786 0.14570286870002747
v 0.01637241058051586 -0.06779795140028 0.13978078961372375
v 0.01637241058051586 -0.06779795140028 0.13978078961372375
v 0.01537907961755991 -0.06567754596471786 0.14570286870002747
v 0.008818638511002064 -0.06513006240129471 0.14625731110572815
v 0.01637241058051586 -0.06779795140028 0.13978078961372375
v 0.008818638511002064 -0.06513006240129471 0.14625731110572815
v 0.011392517015337944 -0.06740766763687134 0.14054492115974426
v 0.011392517015337944 -0.06740766763687134 0.14054492115974426
v 0.008818638511002064 -0.06513006240129471 0.14625731110572815
v 0.002725813305005431 -0.06460507959127426 0.14618328213691711
v 0.011392517015337944 -0.06740766763687134 0.14054492115974426
v 0.002725813305005431 -0.06460507959127426 0.14618328213691711
v 0.006360827945172787 -0.06699426472187042 0.14080575108528137
v 0.006360827945172787 -0.06699426472187042 0.14080575108528137
v 0.002725813305005431 -0.06460507959127426 0.14618328213691711
v -0.0028192235622555017 -0.06411900371313095 0.1455918848514557
v 0.006360827945172787 -0.06699426472187042 0.14080575108528137
v -0.0028192235622555017 -0.06411900371313095 0.1455918848514557
v 0.0013404241763055325 -0.06656845659017563 0.14060190320014954
v 0.0013404241763055325 -0.06656845659017563 0.14060190320014954
v -0.0028192235622555017 -0.06411900371313095 0.1455918848514557
v -0.007926245220005512 -0.0636824369430542 0.144502192735672
v 0.0013404241763055325 -0.06656845659017563 0.14060190320014954
v -0.007926245220005512 -0.0636824369430542 0.144502192735672
v -0.003625629935413599 -0.06615046411752701 0.1398938000202179
v -0.003625629935413599 -0.06615046411752701 0.1398938000202179
v -0.007926245220005512 -0.0636824369430542 0.144502192735672
v -0.012502298690378666 -0.0633135437965393 0.14297249913215637
v -0.003625629935413599 -0.06615046411752701 0.1398938000202179
v -0.012502298690378666 -0.0633135437965393 0.14297249913215637
v -0.008474905043840408 -0.06575345247983932 0.13860765099525452
v -0.008474905043840408 -0.06575345247983932 0.13860765099525452
v -0.012502298690378666 -0.0633135437965393 0.14297249913215637
v -0.016827799379825592 -0.06297365576028824 0.14092984795570374
v -0.008474905043840408 -0.06575345247983932 0.13860765099525452
v -0.016827799379825592 -0.06297365576028824 0.14092984795570374
v -0.013101554475724697 -0.06536636501550674 0.13668563961982727
v -0.013101554475724697 -0.06536636501550674 0.13668563961982727
v -0.016827799379825592 -0.06297365576028824 0.14092984795570374
v -0.01865420676767826 -0.06282716244459152 0.13985326886177063
v -0.013101554475724697 -0.06536636501550674 0.13668563961982727
v -0.01865420676767826 -0.06282716244459152 0.13985326886177063
v -0.017368009313941002 -0.06496825814247131 0.1340818703174591
v -0.017368009313941002 -0.06496825814247131 0.1340818703174591
v -0.01865420676767826 -0.06282716244459152 0.13985326886177063
v -0.02075449749827385 -0.06265221536159515 0.1384228765964508
v -0.017368009313941002 -0.06496825814247131 0.1340818703174591
v -0.02075449749827385 -0.06265221536159515 0.1384228765964508
v -0.023122869431972504 -0.062439609318971634 0.13651230931282043
v -0.027006840333342552 -0.06317760050296783 0.11162319034337997
v -0.02462400309741497 -0.06387994438409805 0.11087992042303085
v -0.026009568944573402 -0.0637916699051857 0.11634614318609238
v -0.026009568944573402 -0.0637916699051857 0.11634614318609238
v -0.02462400309741497 -0.06387994438409805 0.11087992042303085
v -0.02311263233423233 -0.06470053642988205 0.11711301654577255
v -0.026009568944573402 -0.0637916699051857 0.11634614318609238
v -0.02311263233423233 -0.06470053642988205 0.11711301654577255
v -0.024422071874141693 -0.0643780529499054 0.12089063972234726
v -0.024422071874141693 -0.0643780529499054 0.12089063972234726
v -0.02311263233423233 -0.06470053642988205 0.11711301654577255
v -0.022163894027471542 -0.06501995027065277 0.11960925906896591
v -0.024422071874141693 -0.0643780529499054 0.12089063972234726
v -0.022163894027471542 -0.06501995027065277 0.11960925906896591
v -0.02216651663184166 -0.06489969044923782 0.12511280179023743
v -0.02216651663184166 -0.06489969044923782 0.12511280179023743
v -0.022163894027471542 -0.06501995027065277 0.11960925906896591
v -0.020196393132209778 -0.06548520177602768 0.12336578220129013
v -0.02216651663184166 -0.06489969044923782 0.12511280179023743
v -0.020196393132209778 -0.06548520177602768 0.12336578220129013
v -0.01921410672366619 -0.06535901129245758 0.12886670231819153
v -0.020196393132209778 -0.06548520177602768 0.12336578220129013
v -0.017372654750943184 -0.06593917310237885 0.1270299255847931
v -0.01921410672366619 -0.06535901129245758 0.12886670231819153
v -0.01921410672366619 -0.06535901129245758 0.12886670231819153
v -0.017372654750943184 -0.06593917310237885 0.1270299255847931
v -0.01629878208041191 -0.0660807192325592 0.12810853123664856
v -0.01921410672366619 -0.06535901129245758 0.12886670231819153
v -0.01629878208041191 -0.0660807192325592 0.12810853123664856
v -0.015643877908587456 -0.06578391045331955 0.13201847672462463
v -0.015643877908587456 -0.06578391045331955 0.13201847672462463
v -0.01629878208041191 -0.0660807192325592 0.12810853123664856
v -0.014092778787016869 -0.06634184718132019 0.12995269894599915
v -0.015643877908587456 -0.06578391045331955 0.13201847672462463
v -0.014092778787016869 -0.06634184718132019 0.12995269894599915
v -0.01158822886645794 -0.0661897212266922 0.13448002934455872
v -0.01158822886645794 -0.0661897212266922 0.13448002934455872
v -0.014092778787016869 -0.06634184718132019 0.12995269894599915
v -0.011071152985095978 -0.06665845215320587 0.13186565041542053
v -0.01158822886645794 -0.0661897212266922 0.13448002934455872
v -0.011071152985095978 -0.06665845215320587 0.13186565041542053
v -0.007187420967966318 -0.06657667458057404 0.13627877831459045
v -0.007187420967966318 -0.06657667458057404 0.13627877831459045
v -0.011071152985095978 -0.06665845215320587 0.13186565041542053
v -0.006240091752260923 -0.06710317730903625 0.13393083214759827
v -0.007187420967966318 -0.06657667458057404 0.13627877831459045
v -0.006240091752260923 -0.06710317730903625 0.13393083214759827
v -0.002578028943389654 -0.06696174293756485 0.13745787739753723
v 0.020616935566067696 -0.06886246055364609 0.13580158352851868
v 0.020608441904187202 -0.06934584677219391 0.13297608494758606
v 0.02482968382537365 -0.06915141642093658 0.13409212231636047
v 0.02482968382537365 -0.06915141642093658 0.13409212231636047
v 0.020608441904187202 -0.06934584677219391 0.13297608494758606
v 0.023689189925789833 -0.0695502907037735 0.13159599900245667
v 0.02482968382537365 -0.06915141642093658 0.13409212231636047
v 0.023689189925789833 -0.0695502907037735 0.13159599900245667
v 0.026546278968453407 -0.0697273388504982 0.12989798188209534
v 0.020616935566067696 -0.06886246055364609 0.13580158352851868
v 0.016193531453609467 -0.06853506714105606 0.13707414269447327
v 0.013594526797533035 -0.06881193071603775 0.13502457737922668
v 0.013594526797533035 -0.06881193071603775 0.13502457737922668
v 0.016193531453609467 -0.06853506714105606 0.13707414269447327
v 0.011579443700611591 -0.06816579401493073 0.13789311051368713
v 0.013594526797533035 -0.06881193071603775 0.13502457737922668
v 0.011579443700611591 -0.06816579401493073 0.13789311051368713
v 0.007017412688583136 -0.06825483590364456 0.13570573925971985
v 0.007017412688583136 -0.06825483590364456 0.13570573925971985
v 0.011579443700611591 -0.06816579401493073 0.13789311051368713
v 0.006864174269139767 -0.06776896864175797 0.1382082998752594
v 0.007017412688583136 -0.06825483590364456 0.13570573925971985
v 0.006864174269139767 -0.06776896864175797 0.1382082998752594
v 0.004801741801202297 -0.06806109845638275 0.13570979237556458
v 0.004801741801202297 -0.06806109845638275 0.13570979237556458
v 0.006864174269139767 -0.06776896864175797 0.1382082998752594
v 0.002129008062183857 -0.06736108660697937 0.13807490468025208
v 0.004801741801202297 -0.06806109845638275 0.13570979237556458
v 0.002129008062183857 -0.06736108660697937 0.13807490468025208
v -0.0019101398065686226 -0.06747636944055557 0.13503625988960266
v -0.0019101398065686226 -0.06747636944055557 0.13503625988960266
v 0.002129008062183857 -0.06736108660697937 0.13807490468025208
v -0.002578028943389654 -0.06696174293756485 0.13745787739753723
v -0.0019101398065686226 -0.06747636944055557 0.13503625988960266
v -0.002578028943389654 -0.06696174293756485 0.13745787739753723
v -0.003906432073563337 -0.06730473041534424 0.13460269570350647
v -0.003906432073563337 -0.06730473041534424 0.13460269570350647
v -0.002578028943389654 -0.06696174293756485 0.13745787739753723
v -0.006240091752260923 -0.06710317730903625 0.13393083214759827
v 0.026546278968453407 -0.0697273388504982 0.12989798188209534
v 0.029466019943356514 -0.0687737911939621 0.13489201664924622
v 0.02482968382537365 -0.06915141642093658 0.13409212231636047
v 0.02482968382537365 -0.06915141642093658 0.13409212231636047
v 0.029466019943356514 -0.0687737911939621 0.13489201664924622
v 0.02589600905776024 -0.0684962049126625 0.13678959012031555
v 0.02482968382537365 -0.06915141642093658 0.13409212231636047
v 0.02589600905776024 -0.0684962049126625 0.13678959012031555
v 0.020616935566067696 -0.06886246055364609 0.13580158352851868
v 0.020616935566067696 -0.06886246055364609 0.13580158352851868
v 0.02589600905776024 -0.0684962049126625 0.13678959012031555
v 0.021223334595561028 -0.06815817952156067 0.13853588700294495
v 0.020616935566067696 -0.06886246055364609 0.13580158352851868
v 0.021223334595561028 -0.06815817952156067 0.13853588700294495
v 0.016193531453609467 -0.06853506714105606 0.13707414269447327
v 0.016193531453609467 -0.06853506714105606 0.13707414269447327
v 0.021223334595561028 -0.06815817952156067 0.13853588700294495
v 0.01637241058051586 -0.06779795140028 0.13978078961372375
v 0.016193531453609467 -0.06853506714105606 0.13707414269447327
v 0.01637241058051586 -0.06779795140028 0.13978078961372375
v 0.011579443700611591 -0.06816579401493073 0.13789311051368713
v 0.011579443700611591 -0.06816579401493073 0.13789311051368713
v 0.01637241058051586 -0.06779795140028 0.13978078961372375
v 0.011392517015337944 -0.06740766763687134 0.14054492115974426
v 0.011579443700611591 -0.06816579401493073 0.13789311051368713
v 0.011392517015337944 -0.06740766763687134 0.14054492115974426
v 0.006864174269139767 -0.06776896864175797 0.1382082998752594
v 0.006864174269139767 -0.06776896864175797 0.1382082998752594
v 0.011392517015337944 -0.06740766763687134 0.14054492115974426
v 0.006360827945172787 -0.06699426472187042 0.14080575108528137
v 0.006864174269139767 -0.06776896864175797 0.1382082998752594
v 0.006360827945172787 -0.06699426472187042 0.14080575108528137
v 0.002129008062183857 -0.06736108660697937 0.13807490468025208
v 0.002129008062183857 -0.06736108660697937 0.13807490468025208
v 0.006360827945172787 -0.06699426472187042 0.14080575108528137
v 0.0013404241763055325 -0.06656845659017563 0.14060190320014954
v 0.002129008062183857 -0.06736108660697937 0.13807490468025208
v 0.0013404241763055325 -0.06656845659017563 0.14060190320014954
v -0.002578028943389654 -0.06696174293756485 0.13745787739753723
v -0.002578028943389654 -0.06696174293756485 0.13745787739753723
v 0.0013404241763055325 -0.06656845659017563 0.14060190320014954
v -0.003625629935413599 -0.06615046411752701 0.1398938000202179
v -0.002578028943389654 -0.06696174293756485 0.13745787739753723
v -0.003625629935413599 -0.06615046411752701 0.1398938000202179
v -0.007187420967966318 -0.06657667458057404 0.13627877831459045
v -0.007187420967966318 -0.06657667458057404 0.13627877831459045
v -0.003625629935413599 -0.06615046411752701 0.1398938000202179
v -0.008474905043840408 -0.06575345247983932 0.13860765099525452
v -0.007187420967966318 -0.06657667458057404 0.13627877831459045
v -0.008474905043840408 -0.06575345247983932 0.13860765099525452
v -0.01158822886645794 -0.0661897212266922 0.13448002934455872
v -0.01158822886645794 -0.0661897212266922 0.13448002934455872
v -0.008474905043840408 -0.06575345247983932 0.13860765099525452
v -0.013101554475724697 -0.06536636501550674 0.13668563961982727
v -0.01158822886645794 -0.0661897212266922 0.13448002934455872
v -0.013101554475724697 -0.06536636501550674 0.13668563961982727
v -0.015643877908587456 -0.06578391045331955 0.13201847672462463
v -0.015643877908587456 -0.06578391045331955 0.13201847672462463
v -0.013101554475724697 -0.06536636501550674 0.13668563961982727
v -0.017368009313941002 -0.06496825814247131 0.1340818703174591
v -0.015643877908587456 -0.06578391045331955 0.13201847672462463
v -0.017368009313941002 -0.06496825814247131 0.1340818703174591
v -0.01921410672366619 -0.06535901129245758 0.12886670231819153
v -0.01921410672366619 -0.06535901129245758 0.12886670231819153
v -0.017368009313941002 -0.06496825814247131 0.1340818703174591
v -0.02113177999854088 -0.06454788893461227 0.13077452778816223
v -0.01921410672366619 -0.06535901129245758 0.12886670231819153
v -0.02113177999854088 -0.06454788893461227 0.13077452778816223
v -0.02216651663184166 -0.06489969044923782 0.12511280179023743
v -0.02216651663184166 -0.06489969044923782 0.12511280179023743
v -0.02113177999854088 -0.06454788893461227 0.13077452778816223
v -0.024256359785795212 -0.06407953053712845 0.1268543303012848
v -0.02216651663184166 -0.06489969044923782 0.12511280179023743
v -0.024256359785795212 -0.06407953053712845 0.1268543303012848
v -0.024422071874141693 -0.0643780529499054 0.12089063972234726
v -0.024422071874141693 -0.0643780529499054 0.12089063972234726
v -0.024256359785795212 -0.06407953053712845 0.1268543303012848
v -0.026646813377738 -0.06353016197681427 0.12244703620672226
v -0.024422071874141693 -0.0643780529499054 0.12089063972234726
v -0.026646813377738 -0.06353016197681427 0.12244703620672226
v -0.026009568944573402 -0.0637916699051857 0.11634614318609238
v -0.026009568944573402 -0.0637916699051857 0.11634614318609238
v -0.026646813377738 -0.06353016197681427 0.12244703620672226
v -0.028321800753474236 -0.06291284412145615 0.11769845336675644
v -0.026009568944573402 -0.0637916699051857 0.11634614318609238
v -0.028321800753474236 -0.06291284412145615 0.11769845336675644
v -0.027006840333342552 -0.06317760050296783 0.11162319034337997
v -0.027006840333342552 -0.06317760050296783 0.11162319034337997
v -0.028321800753474236 -0.06291284412145615 0.11769845336675644
v -0.029362784698605537 -0.06228585168719292 0.11275925487279892
v -0.027006840333342552 -0.06317760050296783 0.11162319034337997
v -0.029362784698605537 -0.06228585168719292 0.11275925487279892
v -0.027502629905939102 -0.06258305162191391 0.1068580374121666
v -0.016549507156014442 -0.05846049636602402 0.06797709316015244
v -0.015239429660141468 -0.0593600757420063 0.06934764236211777
v -0.01922268606722355 -0.0585525780916214 0.07087662070989609
v -0.014664717949926853 -0.05936356261372566 0.06884219497442245
v -0.016549507156014442 -0.05846049636602402 0.06797709316015244
v -0.012346919625997543 -0.0594353973865509 0.06710638850927353
v -0.012346919625997543 -0.0594353973865509 0.06710638850927353
v -0.016549507156014442 -0.05846049636602402 0.06797709316015244
v -0.0134750260040164 -0.05852407217025757 0.06552162021398544
v -0.012346919625997543 -0.0594353973865509 0.06710638850927353
v -0.0134750260040164 -0.05852407217025757 0.06552162021398544
v -0.009620335884392262 -0.059604257345199585 0.06555881351232529
v -0.009620335884392262 -0.059604257345199585 0.06555881351232529
v -0.0134750260040164 -0.05852407217025757 0.06552162021398544
v -0.010079734027385712 -0.05871593579649925 0.06356444209814072
v -0.009620335884392262 -0.059604257345199585 0.06555881351232529
v -0.010079734027385712 -0.05871593579649925 0.06356444209814072
v -0.005735057406127453 -0.05993150547146797 0.06401338428258896
v -0.005735057406127453 -0.05993150547146797 0.06401338428258896
v -0.010079734027385712 -0.05871593579649925 0.06356444209814072
v -0.006460133474320173 -0.059000395238399506 0.06208803877234459
v -0.005735057406127453 -0.05993150547146797 0.06401338428258896
v -0.006460133474320173 -0.059000395238399506 0.06208803877234459
v -0.0033715171739459038 -0.06015387922525406 0.06335511058568954
v -0.0033715171739459038 -0.06015387922525406 0.06335511058568954
v -0.006460133474320173 -0.059000395238399506 0.06208803877234459
v -0.002696717856451869 -0.05935322493314743 0.06106868013739586
v -0.0033715171739459038 -0.06015387922525406 0.06335511058568954
v -0.002696717856451869 -0.05935322493314743 0.06106868013739586
v -0.0023292372934520245 -0.05938858911395073 0.060990121215581894
v -0.027548881247639656 -0.06147273629903793 0.09763576835393906
v -0.02663198858499527 -0.060459204018116 0.08910014480352402
v -0.0249045230448246 -0.06137632206082344 0.09095015376806259
v -0.015239429660141468 -0.0593600757420063 0.06934764236211777
v -0.017272815108299255 -0.059410907328128815 0.07144417613744736
v -0.01922268606722355 -0.0585525780916214 0.07087662070989609
v -0.01922268606722355 -0.0585525780916214 0.07087662070989609
v -0.017272815108299255 -0.059410907328128815 0.07144417613744736
v -0.018854139372706413 -0.05953286215662956 0.07348980754613876
v -0.01922268606722355 -0.0585525780916214 0.07087662070989609
v -0.018854139372706413 -0.05953286215662956 0.07348980754613876
v -0.021465571597218513 -0.05878833308815956 0.0741211399435997
v -0.021465571597218513 -0.05878833308815956 0.0741211399435997
v -0.018854139372706413 -0.05953286215662956 0.07348980754613876
v -0.01985441893339157 -0.059655625373125076 0.07503261417150497
v -0.021465571597218513 -0.05878833308815956 0.0741211399435997
v -0.01985441893339157 -0.059655625373125076 0.07503261417150497
v -0.023275818675756454 -0.05913660675287247 0.07763197273015976
v -0.023275818675756454 -0.05913660675287247 0.07763197273015976
v -0.01985441893339157 -0.059655625373125076 0.07503261417150497
v -0.022231990471482277 -0.060159847140312195 0.0800190195441246
v -0.023275818675756454 -0.05913660675287247 0.07763197273015976
v -0.022231990471482277 -0.060159847140312195 0.0800190195441246
v -0.024683861061930656 -0.05955685302615166 0.08133163303136826
v -0.024683861061930656 -0.05955685302615166 0.08133163303136826
v -0.022231990471482277 -0.060159847140312195 0.0800190195441246
v -0.02285580150783062 -0.060360394418239594 0.08182182163000107
v -0.024683861061930656 -0.05955685302615166 0.08133163303136826
v -0.02285580150783062 -0.060360394418239594 0.08182182163000107
v -0.02663198858499527 -0.060459204018116 0.08910014480352402
v -0.02663198858499527 -0.060459204018116 0.08910014480352402
v -0.02285580150783062 -0.060360394418239594 0.08182182163000107
v -0.024655498564243317 -0.06118669733405113 0.08928670734167099
v -0.02663198858499527 -0.060459204018116 0.08910014480352402
v -0.024655498564243317 -0.06118669733405113 0.08928670734167099
v -0.0249045230448246 -0.06137632206082344 0.09095015376806259
v -0.0249045230448246 -0.06137632206082344 0.09095015376806259
v -0.025371836498379707 -0.062168944627046585 0.09743764251470566
v -0.027548881247639656 -0.06147273629903793 0.09763576835393906
v -0.027548881247639656 -0.06147273629903793 0.09763576835393906
v -0.025371836498379707 -0.062168944627046585 0.09743764251470566
v -0.025390610098838806 -0.062421269714832306 0.09942569583654404
v -0.027548881247639656 -0.06147273629903793 0.09763576835393906
v -0.025390610098838806 -0.062421269714832306 0.09942569583654404
v -0.027502629905939102 -0.06258305162191391 0.1068580374121666
v -0.027502629905939102 -0.06258305162191391 0.1068580374121666
v -0.025390610098838806 -0.062421269714832306 0.09942569583654404
v -0.025153201073408127 -0.06329159438610077 0.10632827132940292
v -0.027502629905939102 -0.06258305162191391 0.1068580374121666
v -0.025153201073408127 -0.06329159438610077 0.10632827132940292
v -0.027006840333342552 -0.06317760050296783 0.11162319034337997
v -0.027006840333342552 -0.06317760050296783 0.11162319034337997
v -0.025153201073408127 -0.06329159438610077 0.10632827132940292
v -0.024769091978669167 -0.06375442445278168 0.10991980880498886
v -0.027006840333342552 -0.06317760050296783 0.11162319034337997
v -0.024769091978669167 -0.06375442445278168 0.10991980880498886
v -0.02462400309741497 -0.06387994438409805 0.11087992042303085
v -0.03408448025584221 -0.06001538783311844 0.11538352817296982
v -0.034616731107234955 -0.05946720391511917 0.10993983596563339
v -0.029362784698605537 -0.06228585168719292 0.11275925487279892
v -0.029362784698605537 -0.06228585168719292 0.11275925487279892
v -0.034616731107234955 -0.05946720391511917 0.10993983596563339
v -0.029865192249417305 -0.06169979274272919 0.10776998847723007
v -0.029362784698605537 -0.06228585168719292 0.11275925487279892
v -0.029865192249417305 -0.06169979274272919 0.10776998847723007
v -0.027502629905939102 -0.06258305162191391 0.1068580374121666
v -0.027502629905939102 -0.06258305162191391 0.1068580374121666
v -0.029865192249417305 -0.06169979274272919 0.10776998847723007
v -0.029966454952955246 -0.061152324080467224 0.10285308212041855
v -0.027502629905939102 -0.06258305162191391 0.1068580374121666
v -0.029966454952955246 -0.061152324080467224 0.10285308212041855
v -0.027548881247639656 -0.06147273629903793 0.09763576835393906
v -0.027548881247639656 -0.06147273629903793 0.09763576835393906
v -0.029966454952955246 -0.061152324080467224 0.10285308212041855
v -0.0297962948679924 -0.060618363320827484 0.0980856642127037
v -0.027548881247639656 -0.06147273629903793 0.09763576835393906
v -0.0297962948679924 -0.060618363320827484 0.0980856642127037
v -0.02663198858499527 -0.060459204018116 0.08910014480352402
v -0.02663198858499527 -0.060459204018116 0.08910014480352402
v -0.0297962948679924 -0.060618363320827484 0.0980856642127037
v -0.02869975008070469 -0.05955972522497177 0.08909597247838974
v -0.02663198858499527 -0.060459204018116 0.08910014480352402
v -0.02869975008070469 -0.05955972522497177 0.08909597247838974
v -0.024683861061930656 -0.05955685302615166 0.08133163303136826
v -0.024683861061930656 -0.05955685302615166 0.08133163303136826
v -0.02869975008070469 -0.05955972522497177 0.08909597247838974
v -0.0265866257250309 -0.05852499231696129 0.08087422698736191
v -0.024683861061930656 -0.05955685302615166 0.08133163303136826
v -0.0265866257250309 -0.05852499231696129 0.08087422698736191
v -0.023275818675756454 -0.05913660675287247 0.07763197273015976
v -0.023275818675756454 -0.05913660675287247 0.07763197273015976
v -0.0265866257250309 -0.05852499231696129 0.08087422698736191
v -0.025069747120141983 -0.05806903541088104 0.07695426791906357
v -0.023275818675756454 -0.05913660675287247 0.07763197273015976
v -0.025069747120141983 -0.05806903541088104 0.07695426791906357
v -0.021465571597218513 -0.05878833308815956 0.0741211399435997
v -0.021465571597218513 -0.05878833308815956 0.0741211399435997
v -0.025069747120141983 -0.05806903541088104 0.07695426791906357
v -0.023150712251663208 -0.05770815536379814 0.07322194427251816
v -0.021465571597218513 -0.05878833308815956 0.0741211399435997
v -0.023150712251663208 -0.05770815536379814 0.07322194427251816
v -0.01922268606722355 -0.0585525780916214 0.07087662070989609
v -0.01922268606722355 -0.0585525780916214 0.07087662070989609
v -0.023150712251663208 -0.05770815536379814 0.07322194427251816
v -0.020793970674276352 -0.057476747781038284 0.06975998729467392
v -0.01922268606722355 -0.0585525780916214 0.07087662070989609
v -0.020793970674276352 -0.057476747781038284 0.06975998729467392
v -0.016549507156014442 -0.05846049636602402 0.06797709316015244
v -0.016549507156014442 -0.05846049636602402 0.06797709316015244
v -0.020793970674276352 -0.057476747781038284 0.06975998729467392
v -0.017997847869992256 -0.05738953500986099 0.0666516050696373
v -0.016549507156014442 -0.05846049636602402 0.06797709316015244
v -0.017997847869992256 -0.05738953500986099 0.0666516050696373
v -0.0134750260040164 -0.05852407217025757 0.06552162021398544
v -0.0134750260040164 -0.05852407217025757 0.06552162021398544
v -0.017997847869992256 -0.05738953500986099 0.0666516050696373
v -0.014792940579354763 -0.057434991002082825 0.06399562209844589
v -0.0134750260040164 -0.05852407217025757 0.06552162021398544
v -0.014792940579354763 -0.057434991002082825 0.06399562209844589
v -0.010079734027385712 -0.05871593579649925 0.06356444209814072
v -0.010079734027385712 -0.05871593579649925 0.06356444209814072
v -0.014792940579354763 -0.057434991002082825 0.06399562209844589
v -0.008702877908945084 -0.058541927486658096 0.06233182176947594
v -0.010079734027385712 -0.05871593579649925 0.06356444209814072
v -0.008702877908945084 -0.058541927486658096 0.06233182176947594
v -0.006604660768061876 -0.05887680500745773 0.06189408525824547
v 0.036775507032871246 -0.06975527107715607 0.11363186687231064
v 0.03755824640393257 -0.06943443417549133 0.10938682407140732
v 0.04112274944782257 -0.06945565342903137 0.11010327190160751
v 0.006789280101656914 -0.059686094522476196 0.0589158795773983
v 0.010669423267245293 -0.059447694569826126 0.05787255987524986
v 0.009202972054481506 -0.06049671024084091 0.0601138137280941
v 0.013547183945775032 -0.05899713933467865 0.056783583015203476
v 0.015769366174936295 -0.058282967656850815 0.05540039762854576
v 0.014624780043959618 -0.059724241495132446 0.05798378214240074
v 0.030975306406617165 -0.06957252323627472 0.13006499409675598
v 0.029466019943356514 -0.0687737911939621 0.13489201664924622
v 0.026546278968453407 -0.0697273388504982 0.12989798188209534
v 0.04257715865969658 -0.06967233866453171 0.11956610530614853
v 0.047215502709150314 -0.06867952644824982 0.1281518042087555
v 0.04109521955251694 -0.06964362412691116 0.12268044799566269
v 0.04109521955251694 -0.06964362412691116 0.12268044799566269
v 0.047215502709150314 -0.06867952644824982 0.1281518042087555
v 0.04419044032692909 -0.06835215538740158 0.13178303837776184
v 0.04109521955251694 -0.06964362412691116 0.12268044799566269
v 0.04419044032692909 -0.06835215538740158 0.13178303837776184
v 0.03904331475496292 -0.0695352628827095 0.12595632672309875
v 0.03904331475496292 -0.0695352628827095 0.12595632672309875
v 0.04419044032692909 -0.06835215538740158 0.13178303837776184
v 0.040600843727588654 -0.06795690953731537 0.13516691327095032
v 0.03904331475496292 -0.0695352628827095 0.12595632672309875
v 0.040600843727588654 -0.06795690953731537 0.13516691327095032
v 0.03627506643533707 -0.06932606548070908 0.1293356716632843
v 0.03627506643533707 -0.06932606548070908 0.1293356716632843
v 0.040600843727588654 -0.06795690953731537 0.13516691327095032
v 0.036685436964035034 -0.06753662973642349 0.13812604546546936
v 0.03627506643533707 -0.06932606548070908 0.1293356716632843
v 0.036685436964035034 -0.06753662973642349 0.13812604546546936
v 0.032773952931165695 -0.06903273612260818 0.13260188698768616
v 0.04990827664732933 -0.06922652572393417 0.12052275985479355
v 0.050368983298540115 -0.06902249157428741 0.1228274330496788
v 0.04257715865969658 -0.06967233866453171 0.11956610530614853
v 0.04257715865969658 -0.06967233866453171 0.11956610530614853
v 0.050368983298540115 -0.06902249157428741 0.1228274330496788
v 0.04956931993365288 -0.06893405318260193 0.1244068369269371
v 0.04257715865969658 -0.06967233866453171 0.11956610530614853
v 0.04956931993365288 -0.06893405318260193 0.1244068369269371
v 0.047215502709150314 -0.06867952644824982 0.1281518042087555
v 0.049597013741731644 -0.06947352737188339 0.11287441104650497
v 0.04962952435016632 -0.06946776062250137 0.1142132505774498
v 0.04437592253088951 -0.06959151476621628 0.1138843521475792
v 0.04948513209819794 -0.06914790719747543 0.10445036739110947
v 0.04949985444545746 -0.06925611197948456 0.10614623874425888
v 0.0452304407954216 -0.06916439533233643 0.10529103130102158
v 0.0452304407954216 -0.06916439533233643 0.10529103130102158
v 0.04949985444545746 -0.06925611197948456 0.10614623874425888
v 0.049597013741731644 -0.06947352737188339 0.11287441104650497
v 0.04948513209819794 -0.06914790719747543 0.10445036739110947
v 0.0452304407954216 -0.06916439533233643 0.10529103130102158
v 0.049495622515678406 -0.06856837123632431 0.09765853732824326
v 0.049495622515678406 -0.06856837123632431 0.09765853732824326
v 0.0452304407954216 -0.06916439533233643 0.10529103130102158
v 0.04496448487043381 -0.0684593990445137 0.09743490070104599
v 0.049495622515678406 -0.06856837123632431 0.09765853732824326
v 0.04496448487043381 -0.0684593990445137 0.09743490070104599
v 0.049508437514305115 -0.06811925768852234 0.09341146796941757
v 0.049508437514305115 -0.06811925768852234 0.09341146796941757
v 0.04496448487043381 -0.0684593990445137 0.09743490070104599
v 0.04413909465074539 -0.06760919839143753 0.09021296352148056
v 0.049508437514305115 -0.06811925768852234 0.09341146796941757
v 0.04413909465074539 -0.06760919839143753 0.09021296352148056
v 0.049565162509679794 -0.06755207479000092 0.08915164321660995
v 0.049565162509679794 -0.06755207479000092 0.08915164321660995
v 0.04413909465074539 -0.06760919839143753 0.09021296352148056
v 0.049872227013111115 -0.06717998534440994 0.0869983658194542
v 0.049872227013111115 -0.06717998534440994 0.0869983658194542
v 0.04413909465074539 -0.06760919839143753 0.09021296352148056
v 0.04256979003548622 -0.06656329333782196 0.08377101272344589
v 0.049872227013111115 -0.06717998534440994 0.0869983658194542
v 0.04256979003548622 -0.06656329333782196 0.08377101272344589
v 0.05068584159016609 -0.06660503894090652 0.0842907652258873
v 0.04529765620827675 -0.06337350606918335 0.07201304286718369
v 0.046657744795084 -0.06415405869483948 0.07466890662908554
v 0.04025964438915253 -0.06525615602731705 0.07752790302038193
v 0.04025964438915253 -0.06525615602731705 0.07752790302038193
v 0.046657744795084 -0.06415405869483948 0.07466890662908554
v 0.048600468784570694 -0.0653102695941925 0.07885005325078964
v 0.04025964438915253 -0.06525615602731705 0.07752790302038193
v 0.048600468784570694 -0.0653102695941925 0.07885005325078964
v 0.04256979003548622 -0.06656329333782196 0.08377101272344589
v 0.04256979003548622 -0.06656329333782196 0.08377101272344589
v 0.048600468784570694 -0.0653102695941925 0.07885005325078964
v 0.04981540888547897 -0.06605717539787292 0.08183541148900986
v 0.04256979003548622 -0.06656329333782196 0.08377101272344589
v 0.04981540888547897 -0.06605717539787292 0.08183541148900986
v 0.05068584159016609 -0.06660503894090652 0.0842907652258873
v 0.029725946485996246 -0.06260716170072556 0.06549074500799179
v 0.03302266448736191 -0.06195475533604622 0.06452562659978867
v 0.03437735140323639 -0.0624389685690403 0.06632675975561142
v 0.03437735140323639 -0.0624389685690403 0.06632675975561142
v 0.03302266448736191 -0.06195475533604622 0.06452562659978867
v 0.038587506860494614 -0.05995630845427513 0.061028625816106796
v 0.03437735140323639 -0.0624389685690403 0.06632675975561142
v 0.038587506860494614 -0.05995630845427513 0.061028625816106796
v 0.041538916528224945 -0.06136099249124527 0.06543876975774765
v 0.03852938488125801 -0.059930961579084396 0.06095161661505699
v 0.03173137083649635 -0.061587799340486526 0.06319000571966171
v 0.03632783517241478 -0.059100620448589325 0.058509018272161484
v 0.03632783517241478 -0.059100620448589325 0.058509018272161484
v 0.03173137083649635 -0.061587799340486526 0.06319000571966171
v 0.03032452054321766 -0.061279091984033585 0.062108661979436874
v 0.03632783517241478 -0.059100620448589325 0.058509018272161484
v 0.03032452054321766 -0.061279091984033585 0.062108661979436874
v 0.03424564376473427 -0.058564454317092896 0.0570012591779232
v 0.03424564376473427 -0.058564454317092896 0.0570012591779232
v 0.03032452054321766 -0.061279091984033585 0.062108661979436874
v 0.028600728139281273 -0.06099114939570427 0.061133887618780136
v 0.03424564376473427 -0.058564454317092896 0.0570012591779232
v 0.028600728139281273 -0.06099114939570427 0.061133887618780136
v 0.0310845784842968 -0.05804711580276489 0.05553748831152916
v 0.018238477408885956 -0.05700696259737015 0.05309143289923668
v 0.021456822752952576 -0.05723140761256218 0.053382065147161484
v 0.017036231234669685 -0.05767607316374779 0.05429854616522789
v 0.017036231234669685 -0.05767607316374779 0.05429854616522789
v 0.021456822752952576 -0.05723140761256218 0.053382065147161484
v 0.01956160180270672 -0.06011441349983215 0.058533575385808945
v 0.013547183945775032 -0.05899713933467865 0.056783583015203476
v 0.014624780043959618 -0.059724241495132446 0.05798378214240074
v 0.01346893422305584 -0.059014976024627686 0.05682113394141197
v 0.01346893422305584 -0.059014976024627686 0.05682113394141197
v 0.014624780043959618 -0.059724241495132446 0.05798378214240074
v 0.010669423267245293 -0.059447694569826126 0.05787255987524986
v 0.010669423267245293 -0.059447694569826126 0.05787255987524986
v 0.014624780043959618 -0.059724241495132446 0.05798378214240074
v 0.01442834921181202 -0.06094253435730934 0.06039848551154137
v 0.010669423267245293 -0.059447694569826126 0.05787255987524986
v 0.01442834921181202 -0.06094253435730934 0.06039848551154137
v 0.009202972054481506 -0.06049671024084091 0.0601138137280941
v 0.006789280101656914 -0.059686094522476196 0.0589158795773983
v 0.009202972054481506 -0.06049671024084091 0.0601138137280941
v 0.005415159277617931 -0.05971473827958107 0.059249427169561386
v 0.005415159277617931 -0.05971473827958107 0.059249427169561386
v 0.009202972054481506 -0.06049671024084091 0.0601138137280941
v 0.005041282158344984 -0.05999119207262993 0.05989363417029381
v 0.005415159277617931 -0.05971473827958107 0.059249427169561386
v 0.005041282158344984 -0.05999119207262993 0.05989363417029381
v 0.004956874530762434 -0.059718865901231766 0.05936005339026451
v 0.04529765620827675 -0.06337350606918335 0.07201304286718369
v 0.04025964438915253 -0.06525615602731705 0.07752790302038193
v 0.041538916528224945 -0.06136099249124527 0.06543876975774765
v 0.041538916528224945 -0.06136099249124527 0.06543876975774765
v 0.04025964438915253 -0.06525615602731705 0.07752790302038193
v 0.03741899132728577 -0.06379089504480362 0.07150306552648544
v 0.041538916528224945 -0.06136099249124527 0.06543876975774765
v 0.03741899132728577 -0.06379089504480362 0.07150306552648544
v 0.03437735140323639 -0.0624389685690403 0.06632675975561142
v 0.03437735140323639 -0.0624389685690403 0.06632675975561142
v 0.03741899132728577 -0.06379089504480362 0.07150306552648544
v 0.03285149112343788 -0.06489463895559311 0.07446660846471786
v 0.03437735140323639 -0.0624389685690403 0.06632675975561142
v 0.03285149112343788 -0.06489463895559311 0.07446660846471786
v 0.030135056003928185 -0.0639510303735733 0.07011213153600693
v 0.01956160180270672 -0.06011441349983215 0.058533575385808945
v 0.022415898740291595 -0.061635375022888184 0.061857130378484726
v 0.018970860168337822 -0.06132873520255089 0.06103565916419029
v 0.018970860168337822 -0.06132873520255089 0.06103565916419029
v 0.022415898740291595 -0.061635375022888184 0.061857130378484726
v 0.021523794159293175 -0.0625467449426651 0.06433656066656113
v 0.018970860168337822 -0.06132873520255089 0.06103565916419029
v 0.021523794159293175 -0.0625467449426651 0.06433656066656113
v 0.016001634299755096 -0.06202371045947075 0.06301488727331161
v 0.005205902270972729 -0.06102173775434494 0.06235220655798912
v 0.005041282158344984 -0.05999119207262993 0.05989363417029381
v 0.009186850860714912 -0.061410967260599136 0.062389638274908066
v 0.009186850860714912 -0.061410967260599136 0.062389638274908066
v 0.005041282158344984 -0.05999119207262993 0.05989363417029381
v 0.009202972054481506 -0.06049671024084091 0.0601138137280941
v 0.009186850860714912 -0.061410967260599136 0.062389638274908066
v 0.009202972054481506 -0.06049671024084091 0.0601138137280941
v 0.016001634299755096 -0.06202371045947075 0.06301488727331161
v 0.016001634299755096 -0.06202371045947075 0.06301488727331161
v 0.009202972054481506 -0.06049671024084091 0.0601138137280941
v 0.01442834921181202 -0.06094253435730934 0.06039848551154137
v 0.016001634299755096 -0.06202371045947075 0.06301488727331161
v 0.01442834921181202 -0.06094253435730934 0.06039848551154137
v 0.018970860168337822 -0.06132873520255089 0.06103565916419029
v 0.018970860168337822 -0.06132873520255089 0.06103565916419029
v 0.01442834921181202 -0.06094253435730934 0.06039848551154137
v 0.014624780043959618 -0.059724241495132446 0.05798378214240074
v 0.018970860168337822 -0.06132873520255089 0.06103565916419029
v 0.014624780043959618 -0.059724241495132446 0.05798378214240074
v 0.01956160180270672 -0.06011441349983215 0.058533575385808945
v 0.01956160180270672 -0.06011441349983215 0.058533575385808945
v 0.014624780043959618 -0.059724241495132446 0.05798378214240074
v 0.015769366174936295 -0.058282967656850815 0.05540039762854576
v 0.01956160180270672 -0.06011441349983215 0.058533575385808945
v 0.015769366174936295 -0.058282967656850815 0.05540039762854576
v 0.017036231234669685 -0.05767607316374779 0.05429854616522789
v 0.021456822752952576 -0.05723140761256218 0.053382065147161484
v 0.02256852760910988 -0.05730924382805824 0.05352344736456871
v 0.01956160180270672 -0.06011441349983215 0.058533575385808945
v 0.01956160180270672 -0.06011441349983215 0.058533575385808945
v 0.02256852760910988 -0.05730924382805824 0.05352344736456871
v 0.023409046232700348 -0.06043329834938049 0.05931916460394859
v 0.01956160180270672 -0.06011441349983215 0.058533575385808945
v 0.023409046232700348 -0.06043329834938049 0.05931916460394859
v 0.022415898740291595 -0.061635375022888184 0.061857130378484726
v 0.022415898740291595 -0.061635375022888184 0.061857130378484726
v 0.023409046232700348 -0.06043329834938049 0.05931916460394859
v 0.02636105567216873 -0.06071345508098602 0.06020679697394371
v 0.022415898740291595 -0.061635375022888184 0.061857130378484726
v 0.02636105567216873 -0.06071345508098602 0.06020679697394371
v 0.026947883889079094 -0.06212354451417923 0.06360318511724472
v 0.030135056003928185 -0.0639510303735733 0.07011213153600693
v 0.029655802994966507 -0.06381504982709885 0.06951548904180527
v 0.03437735140323639 -0.0624389685690403 0.06632675975561142
v 0.03437735140323639 -0.0624389685690403 0.06632675975561142
v 0.029655802994966507 -0.06381504982709885 0.06951548904180527
v 0.027822501957416534 -0.06338788568973541 0.06767191737890244
v 0.03437735140323639 -0.0624389685690403 0.06632675975561142
v 0.027822501957416534 -0.06338788568973541 0.06767191737890244
v 0.029725946485996246 -0.06260716170072556 0.06549074500799179
v 0.029725946485996246 -0.06260716170072556 0.06549074500799179
v 0.027822501957416534 -0.06338788568973541 0.06767191737890244
v 0.027375269681215286 -0.06330255419015884 0.0673084482550621
v 0.029725946485996246 -0.06260716170072556 0.06549074500799179
v 0.027375269681215286 -0.06330255419015884 0.0673084482550621
v 0.026947883889079094 -0.06212354451417923 0.06360318511724472
v 0.026947883889079094 -0.06212354451417923 0.06360318511724472
v 0.027375269681215286 -0.06330255419015884 0.0673084482550621
v 0.025446100160479546 -0.06299497932195663 0.06602146476507187
v 0.026947883889079094 -0.06212354451417923 0.06360318511724472
v 0.025446100160479546 -0.06299497932195663 0.06602146476507187
v 0.022415898740291595 -0.061635375022888184 0.061857130378484726
v 0.022415898740291595 -0.061635375022888184 0.061857130378484726
v 0.025446100160479546 -0.06299497932195663 0.06602146476507187
v 0.02303154207766056 -0.06270284205675125 0.06487848609685898
v 0.022415898740291595 -0.061635375022888184 0.061857130378484726
v 0.02303154207766056 -0.06270284205675125 0.06487848609685898
v 0.021523794159293175 -0.0625467449426651 0.06433656066656113
v 0.02256852760910988 -0.05730924382805824 0.05352344736456871
v 0.02667492814362049 -0.057613126933574677 0.05426230654120445
v 0.023409046232700348 -0.06043329834938049 0.05931916460394859
v 0.023409046232700348 -0.06043329834938049 0.05931916460394859
v 0.02667492814362049 -0.057613126933574677 0.05426230654120445
v 0.0310845784842968 -0.05804711580276489 0.05553748831152916
v 0.023409046232700348 -0.06043329834938049 0.05931916460394859
v 0.0310845784842968 -0.05804711580276489 0.05553748831152916
v 0.02636105567216873 -0.06071345508098602 0.06020679697394371
v 0.02636105567216873 -0.06071345508098602 0.06020679697394371
v 0.0310845784842968 -0.05804711580276489 0.05553748831152916
v 0.028600728139281273 -0.06099114939570427 0.061133887618780136
v 0.02636105567216873 -0.06071345508098602 0.06020679697394371
v 0.028600728139281273 -0.06099114939570427 0.061133887618780136
v 0.026947883889079094 -0.06212354451417923 0.06360318511724472
v 0.026947883889079094 -0.06212354451417923 0.06360318511724472
v 0.028600728139281273 -0.06099114939570427 0.061133887618780136
v 0.03032452054321766 -0.061279091984033585 0.062108661979436874
v 0.026947883889079094 -0.06212354451417923 0.06360318511724472
v 0.03032452054321766 -0.061279091984033585 0.062108661979436874
v 0.029725946485996246 -0.06260716170072556 0.06549074500799179
v 0.029725946485996246 -0.06260716170072556 0.06549074500799179
v 0.03032452054321766 -0.061279091984033585 0.062108661979436874
v 0.03173137083649635 -0.061587799340486526 0.06319000571966171
v 0.029725946485996246 -0.06260716170072556 0.06549074500799179
v 0.03173137083649635 -0.061587799340486526 0.06319000571966171
v 0.03302266448736191 -0.06195475533604622 0.06452562659978867
v 0.03302266448736191 -0.06195475533604622 0.06452562659978867
v 0.03173137083649635 -0.061587799340486526 0.06319000571966171
v 0.03852938488125801 -0.059930961579084396 0.06095161661505699
v 0.03302266448736191 -0.06195475533604622 0.06452562659978867
v 0.03852938488125801 -0.059930961579084396 0.06095161661505699
v 0.038587506860494614 -0.05995630845427513 0.061028625816106796
v 0.026546278968453407 -0.0697273388504982 0.12989798188209534
v 0.02828947827219963 -0.06983239203691483 0.12854018807411194
v 0.030975306406617165 -0.06957252323627472 0.13006499409675598
v 0.030975306406617165 -0.06957252323627472 0.13006499409675598
v 0.02828947827219963 -0.06983239203691483 0.12854018807411194
v 0.029101580381393433 -0.06987950205802917 0.1278039515018463
v 0.030975306406617165 -0.06957252323627472 0.13006499409675598
v 0.029101580381393433 -0.06987950205802917 0.1278039515018463
v 0.03404316306114197 -0.06977578997612 0.12690618634223938
v 0.029101580381393433 -0.06987950205802917 0.1278039515018463
v 0.030586455017328262 -0.06995879858732224 0.12625673413276672
v 0.03404316306114197 -0.06977578997612 0.12690618634223938
v 0.03404316306114197 -0.06977578997612 0.12690618634223938
v 0.030586455017328262 -0.06995879858732224 0.12625673413276672
v 0.0323440283536911 -0.0700305625796318 0.12400128692388535
v 0.03404316306114197 -0.06977578997612 0.12690618634223938
v 0.0323440283536911 -0.0700305625796318 0.12400128692388535
v 0.03641757369041443 -0.06988867372274399 0.12362518161535263
v 0.03641757369041443 -0.06988867372274399 0.12362518161535263
v 0.0323440283536911 -0.0700305625796318 0.12400128692388535
v 0.03372969105839729 -0.07005222886800766 0.12176003307104111
v 0.03641757369041443 -0.06988867372274399 0.12362518161535263
v 0.03372969105839729 -0.07005222886800766 0.12176003307104111
v 0.038138311356306076 -0.06990145891904831 0.12045791000127792
v 0.04437592253088951 -0.06959151476621628 0.1138843521475792
v 0.04363558441400528 -0.0696493610739708 0.11664225906133652
v 0.04017014428973198 -0.06973312795162201 0.11487307399511337
v 0.04017014428973198 -0.06973312795162201 0.11487307399511337
v 0.04363558441400528 -0.0696493610739708 0.11664225906133652
v 0.038138311356306076 -0.06990145891904831 0.12045791000127792
v 0.04017014428973198 -0.06973312795162201 0.11487307399511337
v 0.038138311356306076 -0.06990145891904831 0.12045791000127792
v 0.035117797553539276 -0.07000763714313507 0.1188361868262291
v 0.035117797553539276 -0.07000763714313507 0.1188361868262291
v 0.038138311356306076 -0.06990145891904831 0.12045791000127792
v 0.03372969105839729 -0.07005222886800766 0.12176003307104111
v 0.04962952435016632 -0.06946776062250137 0.1142132505774498
v 0.04983410984277725 -0.06929836422204971 0.11936285346746445
v 0.04437592253088951 -0.06959151476621628 0.1138843521475792
v 0.04437592253088951 -0.06959151476621628 0.1138843521475792
v 0.04983410984277725 -0.06929836422204971 0.11936285346746445
v 0.04990827664732933 -0.06922652572393417 0.12052275985479355
v 0.04437592253088951 -0.06959151476621628 0.1138843521475792
v 0.04990827664732933 -0.06922652572393417 0.12052275985479355
v 0.04363558441400528 -0.0696493610739708 0.11664225906133652
v 0.04363558441400528 -0.0696493610739708 0.11664225906133652
v 0.04990827664732933 -0.06922652572393417 0.12052275985479355
v 0.04257715865969658 -0.06967233866453171 0.11956610530614853
v 0.04363558441400528 -0.0696493610739708 0.11664225906133652
v 0.04257715865969658 -0.06967233866453171 0.11956610530614853
v 0.038138311356306076 -0.06990145891904831 0.12045791000127792
v 0.038138311356306076 -0.06990145891904831 0.12045791000127792
v 0.04257715865969658 -0.06967233866453171 0.11956610530614853
v 0.04109521955251694 -0.06964362412691116 0.12268044799566269
v 0.038138311356306076 -0.06990145891904831 0.12045791000127792
v 0.04109521955251694 -0.06964362412691116 0.12268044799566269
v 0.03641757369041443 -0.06988867372274399 0.12362518161535263
v 0.03641757369041443 -0.06988867372274399 0.12362518161535263
v 0.04109521955251694 -0.06964362412691116 0.12268044799566269
v 0.03904331475496292 -0.0695352628827095 0.12595632672309875
v 0.03641757369041443 -0.06988867372274399 0.12362518161535263
v 0.03904331475496292 -0.0695352628827095 0.12595632672309875
v 0.03404316306114197 -0.06977578997612 0.12690618634223938
v 0.03404316306114197 -0.06977578997612 0.12690618634223938
v 0.03904331475496292 -0.0695352628827095 0.12595632672309875
v 0.03627506643533707 -0.06932606548070908 0.1293356716632843
v 0.03404316306114197 -0.06977578997612 0.12690618634223938
v 0.03627506643533707 -0.06932606548070908 0.1293356716632843
v 0.030975306406617165 -0.06957252323627472 0.13006499409675598
v 0.030975306406617165 -0.06957252323627472 0.13006499409675598
v 0.03627506643533707 -0.06932606548070908 0.1293356716632843
v 0.032773952931165695 -0.06903273612260818 0.13260188698768616
v 0.030975306406617165 -0.06957252323627472 0.13006499409675598
v 0.032773952931165695 -0.06903273612260818 0.13260188698768616
v 0.029466019943356514 -0.0687737911939621 0.13489201664924622
v 0.029466019943356514 -0.0687737911939621 0.13489201664924622
v 0.032773952931165695 -0.06903273612260818 0.13260188698768616
v 0.036685436964035034 -0.06753662973642349 0.13812604546546936
v 0.029466019943356514 -0.0687737911939621 0.13489201664924622
v 0.036685436964035034 -0.06753662973642349 0.13812604546546936
v 0.032361406832933426 -0.06710685789585114 0.14067748188972473
v 0.040679462254047394 -0.06752259284257889 0.09059145301580429
v 0.04130261763930321 -0.06831127405166626 0.0972982868552208
v 0.03791246935725212 -0.06826433539390564 0.09730865806341171
v 0.03791246935725212 -0.06826433539390564 0.09730865806341171
v 0.04130261763930321 -0.06831127405166626 0.0972982868552208
v 0.03787832334637642 -0.06914052367210388 0.10604920238256454
v 0.03787832334637642 -0.06914052367210388 0.10604920238256454
v 0.04130261763930321 -0.06831127405166626 0.0972982868552208
v 0.041480787098407745 -0.06902867555618286 0.1046467050909996
v 0.03787832334637642 -0.06914052367210388 0.10604920238256454
v 0.041480787098407745 -0.06902867555618286 0.1046467050909996
v 0.03755824640393257 -0.06943443417549133 0.10938682407140732
v 0.03755824640393257 -0.06943443417549133 0.10938682407140732
v 0.041480787098407745 -0.06902867555618286 0.1046467050909996
v 0.04112274944782257 -0.06945565342903137 0.11010327190160751
v 0.04112274944782257 -0.06945565342903137 0.11010327190160751
v 0.041480787098407745 -0.06902867555618286 0.1046467050909996
v 0.045132365077733994 -0.06937554478645325 0.10849132388830185
v 0.04112274944782257 -0.06945565342903137 0.11010327190160751
v 0.045132365077733994 -0.06937554478645325 0.10849132388830185
v 0.0448596253991127 -0.069505475461483 0.11123742908239365
v 0.03791246935725212 -0.06826433539390564 0.09730865806341171
v 0.037586312741041183 -0.06764870136976242 0.09194710105657578
v 0.040679462254047394 -0.06752259284257889 0.09059145301580429
v 0.040679462254047394 -0.06752259284257889 0.09059145301580429
v 0.037586312741041183 -0.06764870136976242 0.09194710105657578
v 0.03748553991317749 -0.06752559542655945 0.0909433588385582
v 0.040679462254047394 -0.06752259284257889 0.09059145301580429
v 0.03748553991317749 -0.06752559542655945 0.0909433588385582
v 0.039457954466342926 -0.06665587425231934 0.08459367603063583
v 0.039457954466342926 -0.06665587425231934 0.08459367603063583
v 0.03748553991317749 -0.06752559542655945 0.0909433588385582
v 0.03610977157950401 -0.06646469980478287 0.0832313522696495
v 0.039457954466342926 -0.06665587425231934 0.08459367603063583
v 0.03610977157950401 -0.06646469980478287 0.0832313522696495
v 0.0350649431347847 -0.0658908560872078 0.07972469180822372
v 0.035117797553539276 -0.07000763714313507 0.1188361868262291
v 0.036775507032871246 -0.06975527107715607 0.11363186687231064
v 0.04017014428973198 -0.06973312795162201 0.11487307399511337
v 0.04017014428973198 -0.06973312795162201 0.11487307399511337
v 0.036775507032871246 -0.06975527107715607 0.11363186687231064
v 0.04112274944782257 -0.06945565342903137 0.11010327190160751
v 0.04017014428973198 -0.06973312795162201 0.11487307399511337
v 0.04112274944782257 -0.06945565342903137 0.11010327190160751
v 0.04437592253088951 -0.06959151476621628 0.1138843521475792
v 0.04437592253088951 -0.06959151476621628 0.1138843521475792
v 0.04112274944782257 -0.06945565342903137 0.11010327190160751
v 0.0448596253991127 -0.069505475461483 0.11123742908239365
v 0.04437592253088951 -0.06959151476621628 0.1138843521475792
v 0.0448596253991127 -0.069505475461483 0.11123742908239365
v 0.049597013741731644 -0.06947352737188339 0.11287441104650497
v 0.049597013741731644 -0.06947352737188339 0.11287441104650497
v 0.0448596253991127 -0.069505475461483 0.11123742908239365
v 0.045132365077733994 -0.06937554478645325 0.10849132388830185
v 0.049597013741731644 -0.06947352737188339 0.11287441104650497
v 0.045132365077733994 -0.06937554478645325 0.10849132388830185
v 0.0452304407954216 -0.06916439533233643 0.10529103130102158
v 0.0452304407954216 -0.06916439533233643 0.10529103130102158
v 0.045132365077733994 -0.06937554478645325 0.10849132388830185
v 0.041480787098407745 -0.06902867555618286 0.1046467050909996
v 0.0452304407954216 -0.06916439533233643 0.10529103130102158
v 0.041480787098407745 -0.06902867555618286 0.1046467050909996
v 0.04496448487043381 -0.0684593990445137 0.09743490070104599
v 0.04496448487043381 -0.0684593990445137 0.09743490070104599
v 0.041480787098407745 -0.06902867555618286 0.1046467050909996
v 0.04130261763930321 -0.06831127405166626 0.0972982868552208
v 0.04496448487043381 -0.0684593990445137 0.09743490070104599
v 0.04130261763930321 -0.06831127405166626 0.0972982868552208
v 0.04413909465074539 -0.06760919839143753 0.09021296352148056
v 0.04413909465074539 -0.06760919839143753 0.09021296352148056
v 0.04130261763930321 -0.06831127405166626 0.0972982868552208
v 0.040679462254047394 -0.06752259284257889 0.09059145301580429
v 0.04413909465074539 -0.06760919839143753 0.09021296352148056
v 0.040679462254047394 -0.06752259284257889 0.09059145301580429
v 0.04256979003548622 -0.06656329333782196 0.08377101272344589
v 0.04256979003548622 -0.06656329333782196 0.08377101272344589
v 0.040679462254047394 -0.06752259284257889 0.09059145301580429
v 0.039457954466342926 -0.06665587425231934 0.08459367603063583
v 0.04256979003548622 -0.06656329333782196 0.08377101272344589
v 0.039457954466342926 -0.06665587425231934 0.08459367603063583
v 0.04025964438915253 -0.06525615602731705 0.07752790302038193
v 0.04025964438915253 -0.06525615602731705 0.07752790302038193
v 0.039457954466342926 -0.06665587425231934 0.08459367603063583
v 0.0350649431347847 -0.0658908560872078 0.07972469180822372
v 0.04025964438915253 -0.06525615602731705 0.07752790302038193
v 0.0350649431347847 -0.0658908560872078 0.07972469180822372
v 0.03741899132728577 -0.06379089504480362 0.07150306552648544
v 0.03741899132728577 -0.06379089504480362 0.07150306552648544
v 0.0350649431347847 -0.0658908560872078 0.07972469180822372
v 0.033333390951156616 -0.0650913342833519 0.07543876022100449
v 0.03741899132728577 -0.06379089504480362 0.07150306552648544
v 0.033333390951156616 -0.0650913342833519 0.07543876022100449
v 0.03285149112343788 -0.06489463895559311 0.07446660846471786
v 0.055556777864694595 -0.05573616549372673 0.15629079937934875
v 0.06147265434265137 -0.05660703405737877 0.15172293782234192
v 0.06359497457742691 -0.05220876261591911 0.15463152527809143
v 0.07418843358755112 -0.01063088234513998 0.15520647168159485
v 0.06892439723014832 -0.010557012632489204 0.16283419728279114
v 0.06869249045848846 -0.021350346505641937 0.16227200627326965
v 0.06489863246679306 -0.03200036659836769 0.1643165647983551
v 0.061422400176525116 -0.031703561544418335 0.16749849915504456
v 0.06091826409101486 -0.03682700917124748 0.16620591282844543
v 0.05271289497613907 -0.06851783394813538 0.12588754296302795
v 0.05464503914117813 -0.0682305321097374 0.1266646683216095
v 0.0544017069041729 -0.06818286329507828 0.12718358635902405
v 0.08085179328918457 -0.0004890704876743257 0.1376594603061676
v 0.08046269416809082 -0.0004884195514023304 0.13945379853248596
v 0.08043589442968369 -0.010743113234639168 0.13944867253303528
v 0.008818638511002064 -0.06513006240129471 0.14625731110572815
v 0.0020404427777975798 -0.0629250779747963 0.14962056279182434
v 0.002725813305005431 -0.06460507959127426 0.14618328213691711
v 0.002725813305005431 -0.06460507959127426 0.14618328213691711
v 0.0020404427777975798 -0.0629250779747963 0.14962056279182434
v -0.004000580869615078 -0.0623621828854084 0.14891186356544495
v 0.002725813305005431 -0.06460507959127426 0.14618328213691711
v -0.004000580869615078 -0.0623621828854084 0.14891186356544495
v -0.0028192235622555017 -0.06411900371313095 0.1455918848514557
v -0.0028192235622555017 -0.06411900371313095 0.1455918848514557
v -0.004000580869615078 -0.0623621828854084 0.14891186356544495
v -0.00982875470072031 -0.061844486743211746 0.14755383133888245
v -0.0028192235622555017 -0.06411900371313095 0.1455918848514557
v -0.00982875470072031 -0.061844486743211746 0.14755383133888245
v -0.007926245220005512 -0.0636824369430542 0.144502192735672
v -0.007926245220005512 -0.0636824369430542 0.144502192735672
v -0.00982875470072031 -0.061844486743211746 0.14755383133888245
v -0.015374596230685711 -0.0613945908844471 0.14545610547065735
v -0.007926245220005512 -0.0636824369430542 0.144502192735672
v -0.015374596230685711 -0.0613945908844471 0.14545610547065735
v -0.012502298690378666 -0.0633135437965393 0.14297249913215637
v -0.012502298690378666 -0.0633135437965393 0.14297249913215637
v -0.015374596230685711 -0.0613945908844471 0.14545610547065735
v -0.016827799379825592 -0.06297365576028824 0.14092984795570374
v -0.016827799379825592 -0.06297365576028824 0.14092984795570374
v -0.015374596230685711 -0.0613945908844471 0.14545610547065735
v -0.020552735775709152 -0.06099388748407364 0.1426093876361847
v -0.016827799379825592 -0.06297365576028824 0.14092984795570374
v -0.020552735775709152 -0.06099388748407364 0.1426093876361847
v -0.01865420676767826 -0.06282716244459152 0.13985326886177063
v -0.025269765406847 -0.06061159074306488 0.13902941346168518
v -0.023122869431972504 -0.062439609318971634 0.13651230931282043
v -0.020552735775709152 -0.06099388748407364 0.1426093876361847
v -0.020552735775709152 -0.06099388748407364 0.1426093876361847
v -0.023122869431972504 -0.062439609318971634 0.13651230931282043
v -0.02075449749827385 -0.06265221536159515 0.1384228765964508
v -0.020552735775709152 -0.06099388748407364 0.1426093876361847
v -0.02075449749827385 -0.06265221536159515 0.1384228765964508
v -0.01865420676767826 -0.06282716244459152 0.13985326886177063
v -0.02937544323503971 -0.060204509645700455 0.13477101922035217
v -0.03267505392432213 -0.05971989408135414 0.1299208700656891
v -0.02975137159228325 -0.06156229227781296 0.12843230366706848
v -0.02975137159228325 -0.06156229227781296 0.12843230366706848
v -0.02844705805182457 -0.061799243092536926 0.13051298260688782
v -0.02937544323503971 -0.060204509645700455 0.13477101922035217
v -0.02937544323503971 -0.060204509645700455 0.13477101922035217
v -0.02844705805182457 -0.061799243092536926 0.13051298260688782
v -0.027217326685786247 -0.06198156997561455 0.13218680024147034
v -0.02937544323503971 -0.060204509645700455 0.13477101922035217
v -0.027217326685786247 -0.06198156997561455 0.13218680024147034
v -0.025269765406847 -0.06061159074306488 0.13902941346168518
v -0.025269765406847 -0.06061159074306488 0.13902941346168518
v -0.027217326685786247 -0.06198156997561455 0.13218680024147034
v -0.02424626797437668 -0.0623290091753006 0.13547399640083313
v -0.025269765406847 -0.06061159074306488 0.13902941346168518
v -0.02424626797437668 -0.0623290091753006 0.13547399640083313
v -0.023122869431972504 -0.062439609318971634 0.13651230931282043
v -0.035055648535490036 -0.05914340913295746 0.12458660453557968
v -0.031614866107702255 -0.061098404228687286 0.1245904192328453
v -0.03267505392432213 -0.05971989408135414 0.1299208700656891
v -0.03267505392432213 -0.05971989408135414 0.1299208700656891
v -0.031614866107702255 -0.061098404228687286 0.1245904192328453
v -0.03109721839427948 -0.06124585121870041 0.12579432129859924
v -0.03267505392432213 -0.05971989408135414 0.1299208700656891
v -0.03109721839427948 -0.06124585121870041 0.12579432129859924
v -0.02975137159228325 -0.06156229227781296 0.12843230366706848
v -0.03658267855644226 -0.05854388698935509 0.1189207062125206
v -0.03307485207915306 -0.060567695647478104 0.12023677676916122
v -0.035055648535490036 -0.05914340913295746 0.12458660453557968
v -0.035055648535490036 -0.05914340913295746 0.12458660453557968
v -0.03307485207915306 -0.060567695647478104 0.12023677676916122
v -0.03228820487856865 -0.06087854504585266 0.12280001491308212
v -0.035055648535490036 -0.05914340913295746 0.12458660453557968
v -0.03228820487856865 -0.06087854504585266 0.12280001491308212
v -0.031614866107702255 -0.061098404228687286 0.1245904192328453
v -0.03283059597015381 -0.05727800726890564 0.08878114074468613
v -0.033161383122205734 -0.057491809129714966 0.09047021716833115
v -0.035693444311618805 -0.05588562786579132 0.09054746478796005
v -0.035693444311618805 -0.05588562786579132 0.09054746478796005
v -0.033161383122205734 -0.057491809129714966 0.09047021716833115
v -0.03399244695901871 -0.058098915964365005 0.09579040855169296
v -0.035693444311618805 -0.05588562786579132 0.09054746478796005
v -0.03399244695901871 -0.058098915964365005 0.09579040855169296
v -0.03722267597913742 -0.05697513744235039 0.10145511478185654
v -0.03722267597913742 -0.05697513744235039 0.10145511478185654
v -0.03399244695901871 -0.058098915964365005 0.09579040855169296
v -0.03463844209909439 -0.05887487903237343 0.10364224761724472
v -0.03722267597913742 -0.05697513744235039 0.10145511478185654
v -0.03463844209909439 -0.05887487903237343 0.10364224761724472
v -0.03751080483198166 -0.057477932423353195 0.10721125453710556
v -0.03751080483198166 -0.057477932423353195 0.10721125453710556
v -0.03463844209909439 -0.05887487903237343 0.10364224761724472
v -0.034616731107234955 -0.05946720391511917 0.10993983596563339
v -0.03751080483198166 -0.057477932423353195 0.10721125453710556
v -0.034616731107234955 -0.05946720391511917 0.10993983596563339
v -0.037352316081523895 -0.057989951223134995 0.11308004707098007
v -0.037352316081523895 -0.057989951223134995 0.11308004707098007
v -0.034616731107234955 -0.05946720391511917 0.10993983596563339
v -0.03408448025584221 -0.06001538783311844 0.11538352817296982
v -0.037352316081523895 -0.057989951223134995 0.11308004707098007
v -0.03408448025584221 -0.06001538783311844 0.11538352817296982
v -0.03658267855644226 -0.05854388698935509 0.1189207062125206
v -0.03658267855644226 -0.05854388698935509 0.1189207062125206
v -0.03408448025584221 -0.06001538783311844 0.11538352817296982
v -0.03373381868004799 -0.060237374156713486 0.1174025759100914
v -0.03658267855644226 -0.05854388698935509 0.1189207062125206
v -0.03373381868004799 -0.060237374156713486 0.1174025759100914
v -0.03307485207915306 -0.060567695647478104 0.12023677676916122
v -0.03142815828323364 -0.051696956157684326 0.06987526267766953
v -0.027424637228250504 -0.055371228605508804 0.07293667644262314
v -0.02952898107469082 -0.05582688748836517 0.07753684371709824
v -0.02204485423862934 -0.05495971441268921 0.06507112830877304
v -0.024959789589047432 -0.05508881062269211 0.0688101276755333
v -0.02758917212486267 -0.05255543813109398 0.06619622558355331
v -0.02758917212486267 -0.05255543813109398 0.06619622558355331
v -0.024959789589047432 -0.05508881062269211 0.0688101276755333
v -0.027424637228250504 -0.055371228605508804 0.07293667644262314
v -0.027424637228250504 -0.055371228605508804 0.07293667644262314
v -0.03142815828323364 -0.051696956157684326 0.06987526267766953
v -0.02758917212486267 -0.05255543813109398 0.06619622558355331
v -0.02758917212486267 -0.05255543813109398 0.06619622558355331
v -0.03142815828323364 -0.051696956157684326 0.06987526267766953
v -0.033734533935785294 -0.049253761768341064 0.06869640201330185
v -0.02758917212486267 -0.05255543813109398 0.06619622558355331
v -0.033734533935785294 -0.049253761768341064 0.06869640201330185
v -0.031792398542165756 -0.05005274713039398 0.06704666465520859
v -0.03616396337747574 -0.049615856260061264 0.07393815368413925
v -0.03837577998638153 -0.046664122492074966 0.07312741130590439
v -0.03506719693541527 -0.047341518104076385 0.06770791858434677
v -0.03506719693541527 -0.047341518104076385 0.06770791858434677
v -0.03837577998638153 -0.046664122492074966 0.07312741130590439
v -0.04036106541752815 -0.04330127686262131 0.07238545268774033
v -0.03506719693541527 -0.047341518104076385 0.06770791858434677
v -0.04036106541752815 -0.04330127686262131 0.07238545268774033
v -0.037969280034303665 -0.04405880346894264 0.06829311698675156
v -0.037969280034303665 -0.04405880346894264 0.06829311698675156
v -0.04036106541752815 -0.04330127686262131 0.07238545268774033
v -0.04214498773217201 -0.03966454416513443 0.07171740382909775
v -0.037969280034303665 -0.04405880346894264 0.06829311698675156
v -0.04214498773217201 -0.03966454416513443 0.07171740382909775
v -0.04094156250357628 -0.039654623717069626 0.06889166682958603
v -0.04094156250357628 -0.039654623717069626 0.06889166682958603
v -0.04214498773217201 -0.03966454416513443 0.07171740382909775
v -0.043735623359680176 -0.034425027668476105 0.06945373862981796
v -0.043735623359680176 -0.034425027668476105 0.06945373862981796
v -0.04214498773217201 -0.03966454416513443 0.07171740382909775
v -0.04518194869160652 -0.03204076737165451 0.07060994952917099
v -0.043735623359680176 -0.034425027668476105 0.06945373862981796
v -0.04518194869160652 -0.03204076737165451 0.07060994952917099
v -0.046104367822408676 -0.028828945010900497 0.06992974132299423
v -0.050476014614105225 -0.0018086204072460532 0.07080747932195663
v -0.05014012008905411 -0.009788448922336102 0.07074012607336044
v -0.05178641527891159 -0.00829800870269537 0.07581915706396103
v -0.05178641527891159 -0.00829800870269537 0.07581915706396103
v -0.05014012008905411 -0.009788448922336102 0.07074012607336044
v -0.04923662915825844 -0.017069710418581963 0.0705588087439537
v -0.05178641527891159 -0.00829800870269537 0.07581915706396103
v -0.04923662915825844 -0.017069710418581963 0.0705588087439537
v -0.051067788153886795 -0.01642511412501335 0.07616999000310898
v -0.051067788153886795 -0.01642511412501335 0.07616999000310898
v -0.04923662915825844 -0.017069710418581963 0.0705588087439537
v -0.047909628599882126 -0.023146864026784897 0.07029237598180771
v -0.051067788153886795 -0.01642511412501335 0.07616999000310898
v -0.047909628599882126 -0.023146864026784897 0.07029237598180771
v -0.04964618384838104 -0.024414388462901115 0.07664801925420761
v -0.04964618384838104 -0.024414388462901115 0.07664801925420761
v -0.047909628599882126 -0.023146864026784897 0.07029237598180771
v -0.046104367822408676 -0.028828945010900497 0.06992974132299423
v -0.04964618384838104 -0.024414388462901115 0.07664801925420761
v -0.046104367822408676 -0.028828945010900497 0.06992974132299423
v -0.047401897609233856 -0.03223474323749542 0.07722356170415878
v -0.05747189372777939 -0.0004881169879809022 0.10303237289190292
v -0.057639431208372116 -0.008684451691806316 0.10675754398107529
v -0.058289844542741776 -0.000488114746985957 0.11170520633459091
v -0.058289844542741776 -0.000488114746985957 0.11170520633459091
v -0.057639431208372116 -0.008684451691806316 0.10675754398107529
v -0.058196768164634705 -0.008697697892785072 0.11502935737371445
v -0.058289844542741776 -0.000488114746985957 0.11170520633459091
v -0.058196768164634705 -0.008697697892785072 0.11502935737371445
v -0.05845920369029045 -0.0004881097993347794 0.11515309661626816
v -0.05845920369029045 -0.0004881097993347794 0.11515309661626816
v -0.058196768164634705 -0.008697697892785072 0.11502935737371445
v -0.05851311609148979 -0.00048810348380357027 0.118844173848629
v -0.05851311609148979 -0.00048810348380357027 0.118844173848629
v -0.058196768164634705 -0.008697697892785072 0.11502935737371445
v -0.05808059126138687 -0.00867170374840498 0.12339379638433456
v -0.05851311609148979 -0.00048810348380357027 0.118844173848629
v -0.05808059126138687 -0.00867170374840498 0.12339379638433456
v -0.05822574347257614 -0.0004880932392552495 0.1250791847705841
v -0.05822574347257614 -0.0004880932392552495 0.1250791847705841
v -0.05808059126138687 -0.00867170374840498 0.12339379638433456
v -0.057450637221336365 -0.0004880895430687815 0.1306648552417755
v -0.057450637221336365 -0.0004880895430687815 0.1306648552417755
v -0.05808059126138687 -0.00867170374840498 0.12339379638433456
v -0.056948479264974594 -0.00868038460612297 0.13164952397346497
v -0.057450637221336365 -0.0004880895430687815 0.1306648552417755
v -0.056948479264974594 -0.00868038460612297 0.13164952397346497
v -0.05720832571387291 -0.00048809003783389926 0.13185718655586243
v -0.05720832571387291 -0.00048809003783389926 0.13185718655586243
v -0.056948479264974594 -0.00868038460612297 0.13164952397346497
v -0.056117985397577286 -0.0004880957421846688 0.1360858976840973
v -0.056117985397577286 -0.0004880957421846688 0.1360858976840973
v -0.056948479264974594 -0.00868038460612297 0.13164952397346497
v -0.054575152695178986 -0.008773471228778362 0.13968625664710999
v -0.056117985397577286 -0.0004880957421846688 0.1360858976840973
v -0.054575152695178986 -0.008773471228778362 0.13968625664710999
v -0.05482092872262001 -0.0004881057539023459 0.13992896676063538
v -0.05482092872262001 -0.0004881057539023459 0.13992896676063538
v -0.054575152695178986 -0.008773471228778362 0.13968625664710999
v -0.054019007831811905 -0.00048811265151016414 0.14196696877479553
v -0.054019007831811905 -0.00048811265151016414 0.14196696877479553
v -0.054575152695178986 -0.008773471228778362 0.13968625664710999
v -0.05103541538119316 -0.008936271071434021 0.1476285755634308
v -0.054019007831811905 -0.00048811265151016414 0.14196696877479553
v -0.05103541538119316 -0.008936271071434021 0.1476285755634308
v -0.05113570764660835 -0.00048813907778821886 0.14814797043800354
v -0.05113570764660835 -0.00048813907778821886 0.14814797043800354
v -0.05103541538119316 -0.008936271071434021 0.1476285755634308
v -0.04644842818379402 -0.009142485447227955 0.15558066964149475
v -0.05113570764660835 -0.00048813907778821886 0.14814797043800354
v -0.04644842818379402 -0.009142485447227955 0.15558066964149475
v -0.04731319099664688 -0.0004881738277617842 0.15484800934791565
v -0.04731319099664688 -0.0004881738277617842 0.15484800934791565
v -0.04644842818379402 -0.009142485447227955 0.15558066964149475
v -0.043358851224184036 -0.0004882060457020998 0.1606527864933014
v -0.043358851224184036 -0.0004882060457020998 0.1606527864933014
v -0.04644842818379402 -0.009142485447227955 0.15558066964149475
v -0.04092322289943695 -0.009351953864097595 0.16321316361427307
v -0.043358851224184036 -0.0004882060457020998 0.1606527864933014
v -0.04092322289943695 -0.009351953864097595 0.16321316361427307
v -0.0411016121506691 -0.0004882219363935292 0.16355076432228088
v -0.0411016121506691 -0.0004882219363935292 0.16355076432228088
v -0.04092322289943695 -0.009351953864097595 0.16321316361427307
v -0.03926273062825203 -0.0004882334324065596 0.16571274399757385
v -0.03926273062825203 -0.0004882334324065596 0.16571274399757385
v -0.04092322289943695 -0.009351953864097595 0.16321316361427307
v -0.034564025700092316 -0.009518940933048725 0.1700010597705841
v -0.03926273062825203 -0.0004882334324065596 0.16571274399757385
v -0.034564025700092316 -0.009518940933048725 0.1700010597705841
v -0.03503524139523506 -0.0004882544744759798 0.17006328701972961
v -0.02747150883078575 -0.009629784151911736 0.17564573884010315
v -0.030083229765295982 -0.00048827167483977973 0.17424002289772034
v -0.034564025700092316 -0.009518940933048725 0.1700010597705841
v -0.034564025700092316 -0.009518940933048725 0.1700010597705841
v -0.030083229765295982 -0.00048827167483977973 0.17424002289772034
v -0.03470110520720482 -0.00048825584235601127 0.1703735888004303
v -0.034564025700092316 -0.009518940933048725 0.1700010597705841
v -0.03470110520720482 -0.00048825584235601127 0.1703735888004303
v -0.03503524139523506 -0.0004882544744759798 0.17006328701972961
v -0.019741877913475037 -0.009711424820125103 0.18013587594032288
v -0.02477102354168892 -0.0004882850917056203 0.17786315083503723
v -0.02747150883078575 -0.009629784151911736 0.17564573884010315
v -0.02747150883078575 -0.009629784151911736 0.17564573884010315
v -0.02477102354168892 -0.0004882850917056203 0.17786315083503723
v -0.027557430788874626 -0.00048827851423993707 0.17606118321418762
v -0.02747150883078575 -0.009629784151911736 0.17564573884010315
v -0.027557430788874626 -0.00048827851423993707 0.17606118321418762
v -0.030083229765295982 -0.00048827167483977973 0.17424002289772034
v -0.002873673103749752 -0.0098640201613307 0.18581286072731018
v -0.011512980796396732 -0.0004883114597760141 0.1840515434741974
v -0.01148664578795433 -0.009787989780306816 0.18349578976631165
v -0.01148664578795433 -0.009787989780306816 0.18349578976631165
v -0.011512980796396732 -0.0004883114597760141 0.1840515434741974
v -0.01438637264072895 -0.0004883060464635491 0.18299809098243713
v -0.01148664578795433 -0.009787989780306816 0.18349578976631165
v -0.01438637264072895 -0.0004883060464635491 0.18299809098243713
v -0.019741877913475037 -0.009711424820125103 0.18013587594032288
v -0.019741877913475037 -0.009711424820125103 0.18013587594032288
v -0.01438637264072895 -0.0004883060464635491 0.18299809098243713
v -0.019707750529050827 -0.0004882956854999065 0.18065062165260315
v -0.019741877913475037 -0.009711424820125103 0.18013587594032288
v -0.019707750529050827 -0.0004882956854999065 0.18065062165260315
v -0.02477102354168892 -0.0004882850917056203 0.17786315083503723
v -0.00288862525485456 -0.004947137553244829 0.18629387021064758
v -0.0025605729315429926 -0.0004883278161287308 0.18651083111763
v -0.008600340224802494 -0.000488316873088479 0.18498197197914124
v -0.0025605729315429926 -0.0004883278161287308 0.18651083111763
v -0.00288862525485456 -0.004947137553244829 0.18629387021064758
v 0.003662306349724531 -0.0004883388173766434 0.18757417798042297
v 0.003662306349724531 -0.0004883388173766434 0.18757417798042297
v -0.00288862525485456 -0.004947137553244829 0.18629387021064758
v 0.005930045619606972 -0.004982823505997658 0.1876836121082306
v 0.003662306349724531 -0.0004883388173766434 0.18757417798042297
v 0.005930045619606972 -0.004982823505997658 0.1876836121082306
v 0.005925968289375305 -0.0004883427754975855 0.1878378689289093
v 0.02471432089805603 -0.0004883742658421397 0.18763402104377747
v 0.024445276707410812 -0.0004883738583885133 0.18766465783119202
v 0.024708744138479233 -0.005055009387433529 0.1875005066394806
v 0.024708744138479233 -0.005055009387433529 0.1875005066394806
v 0.024445276707410812 -0.0004883738583885133 0.18766465783119202
v 0.017147308215498924 -0.000488361984025687 0.1882019340991974
v 0.024708744138479233 -0.005055009387433529 0.1875005066394806
v 0.017147308215498924 -0.000488361984025687 0.1882019340991974
v 0.015044593252241611 -0.0050185807049274445 0.18809989094734192
v 0.015044593252241611 -0.0050185807049274445 0.18809989094734192
v 0.017147308215498924 -0.000488361984025687 0.1882019340991974
v 0.01504455879330635 -0.0004883584333583713 0.1882486641407013
v 0.015044593252241611 -0.0050185807049274445 0.18809989094734192
v 0.01504455879330635 -0.0004883584333583713 0.1882486641407013
v 0.005930045619606972 -0.004982823505997658 0.1876836121082306
v 0.005930045619606972 -0.004982823505997658 0.1876836121082306
v 0.01504455879330635 -0.0004883584333583713 0.1882486641407013
v 0.009966911748051643 -0.0004883497604168952 0.18814650177955627
v 0.005930045619606972 -0.004982823505997658 0.1876836121082306
v 0.009966911748051643 -0.0004883497604168952 0.18814650177955627
v 0.005925968289375305 -0.0004883427754975855 0.1878378689289093
v 0.04010651633143425 -0.000488400342874229 0.18428543210029602
v 0.033922310918569565 -0.0004883893416263163 0.1860521137714386
v 0.03486063703894615 -0.005092850886285305 0.1857105791568756
v 0.03486063703894615 -0.005092850886285305 0.1857105791568756
v 0.033922310918569565 -0.0004883893416263163 0.1860521137714386
v 0.027352746576070786 -0.0004883785150013864 0.18729010224342346
v 0.03486063703894615 -0.005092850886285305 0.1857105791568756
v 0.027352746576070786 -0.0004883785150013864 0.18729010224342346
v 0.024708744138479233 -0.005055009387433529 0.1875005066394806
v 0.024708744138479233 -0.005055009387433529 0.1875005066394806
v 0.027352746576070786 -0.0004883785150013864 0.18729010224342346
v 0.02731235884130001 -0.0004883784567937255 0.18729594349861145
v 0.024708744138479233 -0.005055009387433529 0.1875005066394806
v 0.02731235884130001 -0.0004883784567937255 0.18729594349861145
v 0.02471432089805603 -0.0004883742658421397 0.18763402104377747
v 0.06217752769589424 -0.010465136729180813 0.17015865445137024
v 0.05939429625868797 -0.0004884430090896785 0.17296066880226135
v 0.0582737997174263 -0.010413418523967266 0.17360296845436096
v 0.0582737997174263 -0.010413418523967266 0.17360296845436096
v 0.05939429625868797 -0.0004884430090896785 0.17296066880226135
v 0.05490368604660034 -0.0004884265945293009 0.17653408646583557
v 0.0582737997174263 -0.010413418523967266 0.17360296845436096
v 0.05490368604660034 -0.0004884265945293009 0.17653408646583557
v 0.05405791103839874 -0.01036035642027855 0.17678526043891907
v 0.05405791103839874 -0.01036035642027855 0.17678526043891907
v 0.05490368604660034 -0.0004884265945293009 0.17653408646583557
v 0.04992670565843582 -0.0004884162335656583 0.17979958653450012
v 0.05405791103839874 -0.01036035642027855 0.17678526043891907
v 0.04992670565843582 -0.0004884162335656583 0.17979958653450012
v 0.049562688916921616 -0.010307963006198406 0.17961397767066956
v 0.049562688916921616 -0.010307963006198406 0.17961397767066956
v 0.04992670565843582 -0.0004884162335656583 0.17979958653450012
v 0.0454045869410038 -0.0004884093068540096 0.1821695864200592
v 0.049562688916921616 -0.010307963006198406 0.17961397767066956
v 0.0454045869410038 -0.0004884093068540096 0.1821695864200592
v 0.044821009039878845 -0.010258245281875134 0.18199768662452698
v 0.044821009039878845 -0.010258245281875134 0.18199768662452698
v 0.0454045869410038 -0.0004884093068540096 0.1821695864200592
v 0.04010651633143425 -0.000488400342874229 0.18428543210029602
v 0.044821009039878845 -0.010258245281875134 0.18199768662452698
v 0.04010651633143425 -0.000488400342874229 0.18428543210029602
v 0.03988020867109299 -0.01021241582930088 0.1838856041431427
v 0.03988020867109299 -0.01021241582930088 0.1838856041431427
v 0.04010651633143425 -0.000488400342874229 0.18428543210029602
v 0.03486063703894615 -0.005092850886285305 0.1857105791568756
v 0.06892439723014832 -0.010557012632489204 0.16283419728279114
v 0.06826961785554886 -0.0004884391091763973 0.16382482647895813
v 0.06217752769589424 -0.010465136729180813 0.17015865445137024
v 0.06217752769589424 -0.010465136729180813 0.17015865445137024
v 0.06826961785554886 -0.0004884391091763973 0.16382482647895813
v 0.06390956044197083 -0.0004884558729827404 0.16870072484016418
v 0.06217752769589424 -0.010465136729180813 0.17015865445137024
v 0.06390956044197083 -0.0004884558729827404 0.16870072484016418
v 0.05939429625868797 -0.0004884430090896785 0.17296066880226135
v 0.07533063739538193 -0.0004885857924818993 0.15327158570289612
v 0.074217788875103 -0.0004885418456979096 0.1552765667438507
v 0.07418843358755112 -0.01063088234513998 0.15520647168159485
v 0.07418843358755112 -0.01063088234513998 0.15520647168159485
v 0.074217788875103 -0.0004885418456979096 0.1552765667438507
v 0.07218126952648163 -0.000488460180349648 0.15854421257972717
v 0.07418843358755112 -0.01063088234513998 0.15520647168159485
v 0.07218126952648163 -0.000488460180349648 0.15854421257972717
v 0.06892439723014832 -0.010557012632489204 0.16283419728279114
v 0.06892439723014832 -0.010557012632489204 0.16283419728279114
v 0.07218126952648163 -0.000488460180349648 0.15854421257972717
v 0.06895527243614197 -0.0004884360241703689 0.16297271847724915
v 0.06892439723014832 -0.010557012632489204 0.16283419728279114
v 0.06895527243614197 -0.0004884360241703689 0.16297271847724915
v 0.06826961785554886 -0.0004884391091763973 0.16382482647895813
v 0.07943026721477509 -0.0004880434717051685 0.14332154393196106
v 0.07802429795265198 -0.0004883795627392828 0.147395521402359
v 0.07799459248781204 -0.010691269300878048 0.14737096428871155
v 0.07799459248781204 -0.010691269300878048 0.14737096428871155
v 0.07802429795265198 -0.0004883795627392828 0.147395521402359
v 0.07760978490114212 -0.0004884712398052216 0.1484297811985016
v 0.08085179328918457 -0.0004890704876743257 0.1376594603061676
v 0.08043589442968369 -0.010743113234639168 0.13944867253303528
v 0.0815989300608635 -0.0004918047925457358 0.13318660855293274
v 0.08100392669439316 -0.029129669070243835 0.13304904103279114
v 0.07880085706710815 -0.03826548159122467 0.1388573944568634
v 0.08009914308786392 -0.03903092443943024 0.13283506035804749
v 0.08009914308786392 -0.03903092443943024 0.13283506035804749
v 0.07880085706710815 -0.03826548159122467 0.1388573944568634
v 0.07798043638467789 -0.04364880546927452 0.13828709721565247
v 0.08009914308786392 -0.03903092443943024 0.13283506035804749
v 0.07798043638467789 -0.04364880546927452 0.13828709721565247
v 0.07904282957315445 -0.04581858590245247 0.13260117173194885
v 0.07904282957315445 -0.04581858590245247 0.13260117173194885
v 0.07798043638467789 -0.04364880546927452 0.13828709721565247
v 0.07692211121320724 -0.04884724318981171 0.13741746544837952
v 0.07904282957315445 -0.04581858590245247 0.13260117173194885
v 0.07692211121320724 -0.04884724318981171 0.13741746544837952
v 0.07755879312753677 -0.052068471908569336 0.13227418065071106
v 0.07755879312753677 -0.052068471908569336 0.13227418065071106
v 0.07692211121320724 -0.04884724318981171 0.13741746544837952
v 0.0774235874414444 -0.052519481629133224 0.1322442591190338
v 0.0774235874414444 -0.052519481629133224 0.1322442591190338
v 0.07692211121320724 -0.04884724318981171 0.13741746544837952
v 0.07558513432741165 -0.053783874958753586 0.1361805498600006
v 0.0774235874414444 -0.052519481629133224 0.1322442591190338
v 0.07558513432741165 -0.053783874958753586 0.1361805498600006
v 0.07624772191047668 -0.055814702063798904 0.13197770714759827
v 0.07624772191047668 -0.055814702063798904 0.13197770714759827
v 0.07558513432741165 -0.053783874958753586 0.1361805498600006
v 0.07378136366605759 -0.05831153690814972 0.1345098316669464
v 0.07624772191047668 -0.055814702063798904 0.13197770714759827
v 0.07378136366605759 -0.05831153690814972 0.1345098316669464
v 0.07469125837087631 -0.05882822349667549 0.13162663578987122
v 0.06938698887825012 -0.0638226643204689 0.13104596734046936
v 0.06966400146484375 -0.06387701630592346 0.13045981526374817
v 0.06984131038188934 -0.06376385688781738 0.13050130009651184
v 0.06423664838075638 -0.06467865407466888 0.1348743736743927
v 0.06715165823698044 -0.0651785284280777 0.12987568974494934
v 0.06803575158119202 -0.06477496027946472 0.13008108735084534
v 0.0544017069041729 -0.06818286329507828 0.12718358635902405
v 0.05464503914117813 -0.0682305321097374 0.1266646683216095
v 0.05955282226204872 -0.06679803133010864 0.13109007477760315
v 0.05464503914117813 -0.0682305321097374 0.1266646683216095
v 0.05786029249429703 -0.06770738214254379 0.12763193249702454
v 0.05955282226204872 -0.06679803133010864 0.13109007477760315
v 0.05955282226204872 -0.06679803133010864 0.13109007477760315
v 0.05786029249429703 -0.06770738214254379 0.12763193249702454
v 0.06277543306350708 -0.06664268672466278 0.128860741853714
v 0.05955282226204872 -0.06679803133010864 0.13109007477760315
v 0.06277543306350708 -0.06664268672466278 0.128860741853714
v 0.06423664838075638 -0.06467865407466888 0.1348743736743927
v 0.06423664838075638 -0.06467865407466888 0.1348743736743927
v 0.06277543306350708 -0.06664268672466278 0.128860741853714
v 0.06694047898054123 -0.06526781618595123 0.12982657551765442
v 0.06423664838075638 -0.06467865407466888 0.1348743736743927
v 0.06694047898054123 -0.06526781618595123 0.12982657551765442
v 0.06715165823698044 -0.0651785284280777 0.12987568974494934
v 0.05190591886639595 -0.06865599751472473 0.12530866265296936
v 0.04956931993365288 -0.06893405318260193 0.1244068369269371
v 0.05082987621426582 -0.06888949871063232 0.1239103302359581
v 0.05082987621426582 -0.06888949871063232 0.1239103302359581
v 0.04956931993365288 -0.06893405318260193 0.1244068369269371
v 0.050368983298540115 -0.06902249157428741 0.1228274330496788
v 0.039194125682115555 -0.066416434943676 0.14177384972572327
v 0.040600843727588654 -0.06795690953731537 0.13516691327095032
v 0.044111061841249466 -0.06697415560483932 0.13844063878059387
v 0.044111061841249466 -0.06697415560483932 0.13844063878059387
v 0.040600843727588654 -0.06795690953731537 0.13516691327095032
v 0.04419044032692909 -0.06835215538740158 0.13178303837776184
v 0.044111061841249466 -0.06697415560483932 0.13844063878059387
v 0.04419044032692909 -0.06835215538740158 0.13178303837776184
v 0.04827040806412697 -0.06745122373104095 0.13486388325691223
v 0.04827040806412697 -0.06745122373104095 0.13486388325691223
v 0.04419044032692909 -0.06835215538740158 0.13178303837776184
v 0.047215502709150314 -0.06867952644824982 0.1281518042087555
v 0.04827040806412697 -0.06745122373104095 0.13486388325691223
v 0.047215502709150314 -0.06867952644824982 0.1281518042087555
v 0.05167624354362488 -0.06784258037805557 0.13112691044807434
v 0.05167624354362488 -0.06784258037805557 0.13112691044807434
v 0.047215502709150314 -0.06867952644824982 0.1281518042087555
v 0.04956931993365288 -0.06893405318260193 0.1244068369269371
v 0.014545616693794727 -0.06408186256885529 0.14940610527992249
v 0.021837005391716957 -0.06620419770479202 0.14448359608650208
v 0.02097897045314312 -0.06466075778007507 0.14844849705696106
v 0.02097897045314312 -0.06466075778007507 0.14844849705696106
v 0.021837005391716957 -0.06620419770479202 0.14448359608650208
v 0.02713855914771557 -0.06664257496595383 0.1429084837436676
v 0.02097897045314312 -0.06466075778007507 0.14844849705696106
v 0.02713855914771557 -0.06664257496595383 0.1429084837436676
v 0.02742435596883297 -0.06524031609296799 0.14686861634254456
v 0.02742435596883297 -0.06524031609296799 0.14686861634254456
v 0.02713855914771557 -0.06664257496595383 0.1429084837436676
v 0.0317617729306221 -0.06705082952976227 0.14097657799720764
v 0.02742435596883297 -0.06524031609296799 0.14686861634254456
v 0.0317617729306221 -0.06705082952976227 0.14097657799720764
v 0.033589962869882584 -0.06582589447498322 0.14464130997657776
v 0.033589962869882584 -0.06582589447498322 0.14464130997657776
v 0.0317617729306221 -0.06705082952976227 0.14097657799720764
v 0.032361406832933426 -0.06710685789585114 0.14067748188972473
v 0.033589962869882584 -0.06582589447498322 0.14464130997657776
v 0.032361406832933426 -0.06710685789585114 0.14067748188972473
v 0.039194125682115555 -0.066416434943676 0.14177384972572327
v 0.039194125682115555 -0.066416434943676 0.14177384972572327
v 0.032361406832933426 -0.06710685789585114 0.14067748188972473
v 0.036685436964035034 -0.06753662973642349 0.13812604546546936
v 0.039194125682115555 -0.066416434943676 0.14177384972572327
v 0.036685436964035034 -0.06753662973642349 0.13812604546546936
v 0.040600843727588654 -0.06795690953731537 0.13516691327095032
v -0.04964618384838104 -0.024414388462901115 0.07664801925420761
v -0.052941013127565384 -0.01659594103693962 0.08344569057226181
v -0.051067788153886795 -0.01642511412501335 0.07616999000310898
v -0.051067788153886795 -0.01642511412501335 0.07616999000310898
v -0.052941013127565384 -0.01659594103693962 0.08344569057226181
v -0.05369934067130089 -0.008397923782467842 0.08324744552373886
v -0.051067788153886795 -0.01642511412501335 0.07616999000310898
v -0.05369934067130089 -0.008397923782467842 0.08324744552373886
v -0.05178641527891159 -0.00829800870269537 0.07581915706396103
v -0.05178641527891159 -0.00829800870269537 0.07581915706396103
v -0.05369934067130089 -0.008397923782467842 0.08324744552373886
v -0.051340922713279724 -0.00048811209853738546 0.07353963702917099
v -0.05178641527891159 -0.00829800870269537 0.07581915706396103
v -0.051340922713279724 -0.00048811209853738546 0.07353963702917099
v -0.050476014614105225 -0.0018086204072460532 0.07080747932195663
v -0.050476014614105225 -0.0018086204072460532 0.07080747932195663
v -0.051340922713279724 -0.00048811209853738546 0.07353963702917099
v -0.050528328865766525 -0.0004881610511802137 0.07095088809728622
v -0.050476014614105225 -0.0018086204072460532 0.07080747932195663
v -0.050528328865766525 -0.0004881610511802137 0.07095088809728622
v -0.05048200860619545 -0.00048815319314599037 0.0708087906241417
v -0.05539547652006149 -0.025210056453943253 0.10610749572515488
v -0.05325435847043991 -0.033176176249980927 0.10551156848669052
v -0.055968012660741806 -0.025407560169696808 0.11402811855077744
v -0.055968012660741806 -0.025407560169696808 0.11402811855077744
v -0.05325435847043991 -0.033176176249980927 0.10551156848669052
v -0.05387534946203232 -0.03350094333291054 0.1131378635764122
v -0.055968012660741806 -0.025407560169696808 0.11402811855077744
v -0.05387534946203232 -0.03350094333291054 0.1131378635764122
v -0.05589964613318443 -0.02559928596019745 0.12205519527196884
v -0.05589964613318443 -0.02559928596019745 0.12205519527196884
v -0.05387534946203232 -0.03350094333291054 0.1131378635764122
v -0.053872209042310715 -0.03383389860391617 0.1208728775382042
v -0.05589964613318443 -0.02559928596019745 0.12205519527196884
v -0.053872209042310715 -0.03383389860391617 0.1208728775382042
v -0.05486463010311127 -0.02581438608467579 0.12999466061592102
v -0.05486463010311127 -0.02581438608467579 0.12999466061592102
v -0.053872209042310715 -0.03383389860391617 0.1208728775382042
v -0.05292293801903725 -0.03417283296585083 0.12852945923805237
v -0.05486463010311127 -0.02581438608467579 0.12999466061592102
v -0.05292293801903725 -0.03417283296585083 0.12852945923805237
v -0.052635546773672104 -0.026087002828717232 0.137729674577713
v -0.052635546773672104 -0.026087002828717232 0.137729674577713
v -0.05292293801903725 -0.03417283296585083 0.12852945923805237
v -0.05079652741551399 -0.03452793508768082 0.1359873116016388
v -0.052635546773672104 -0.026087002828717232 0.137729674577713
v -0.05079652741551399 -0.03452793508768082 0.1359873116016388
v -0.04923810064792633 -0.026461679488420486 0.1453421413898468
v -0.04923810064792633 -0.026461679488420486 0.1453421413898468
v -0.05079652741551399 -0.03452793508768082 0.1359873116016388
v -0.04749686270952225 -0.03493918105959892 0.14329805970191956
v -0.04923810064792633 -0.026461679488420486 0.1453421413898468
v -0.04749686270952225 -0.03493918105959892 0.14329805970191956
v -0.04474766179919243 -0.02696939930319786 0.15289488434791565
v -0.04474766179919243 -0.02696939930319786 0.15289488434791565
v -0.04749686270952225 -0.03493918105959892 0.14329805970191956
v -0.04308165982365608 -0.035440098494291306 0.15049675107002258
v -0.04474766179919243 -0.02696939930319786 0.15289488434791565
v -0.04308165982365608 -0.035440098494291306 0.15049675107002258
v -0.03932575508952141 -0.027524298056960106 0.1600671112537384
v -0.03932575508952141 -0.027524298056960106 0.1600671112537384
v -0.04308165982365608 -0.035440098494291306 0.15049675107002258
v -0.037748098373413086 -0.03597962111234665 0.15728583931922913
v -0.03932575508952141 -0.027524298056960106 0.1600671112537384
v -0.037748098373413086 -0.03597962111234665 0.15728583931922913
v -0.03253675624728203 -0.03230694681406021 0.16491225361824036
v -0.03253675624728203 -0.03230694681406021 0.16491225361824036
v -0.037748098373413086 -0.03597962111234665 0.15728583931922913
v -0.0317547582089901 -0.036468662321567535 0.16321924328804016
v -0.03253675624728203 -0.03230694681406021 0.16491225361824036
v -0.0317547582089901 -0.036468662321567535 0.16321924328804016
v -0.025881409645080566 -0.03267279639840126 0.16994169354438782
v -0.025881409645080566 -0.03267279639840126 0.16994169354438782
v -0.0317547582089901 -0.036468662321567535 0.16321924328804016
v -0.02523208223283291 -0.036867205053567886 0.16808751225471497
v -0.025881409645080566 -0.03267279639840126 0.16994169354438782
v -0.02523208223283291 -0.036867205053567886 0.16808751225471497
v -0.018635962158441544 -0.03296174108982086 0.17396584153175354
v -0.018635962158441544 -0.03296174108982086 0.17396584153175354
v -0.02523208223283291 -0.036867205053567886 0.16808751225471497
v -0.018148045986890793 -0.037197552621364594 0.17198076844215393
v -0.018635962158441544 -0.03296174108982086 0.17396584153175354
v -0.018148045986890793 -0.037197552621364594 0.17198076844215393
v -0.010810662992298603 -0.0332210510969162 0.17707327008247375
v -0.010810662992298603 -0.0332210510969162 0.17707327008247375
v -0.018148045986890793 -0.037197552621364594 0.17198076844215393
v -0.01049331109970808 -0.03748670965433121 0.17498674988746643
v -0.010810662992298603 -0.0332210510969162 0.17707327008247375
v -0.01049331109970808 -0.03748670965433121 0.17498674988746643
v -0.0025413762778043747 -0.033474553376436234 0.1792764961719513
v -0.0025413762778043747 -0.033474553376436234 0.1792764961719513
v -0.01049331109970808 -0.03748670965433121 0.17498674988746643
v -0.002378183649852872 -0.03776424378156662 0.17711511254310608
v -0.0025413762778043747 -0.033474553376436234 0.1792764961719513
v -0.002378183649852872 -0.03776424378156662 0.17711511254310608
v 0.0060250358656048775 -0.03373952955007553 0.18057087063789368
v 0.0060250358656048775 -0.03373952955007553 0.18057087063789368
v -0.002378183649852872 -0.03776424378156662 0.17711511254310608
v 0.006074739154428244 -0.038058917969465256 0.17835739254951477
v 0.0060250358656048775 -0.03373952955007553 0.18057087063789368
v 0.006074739154428244 -0.038058917969465256 0.17835739254951477
v 0.014950556680560112 -0.03401818498969078 0.18095412850379944
v 0.014950556680560112 -0.03401818498969078 0.18095412850379944
v 0.006074739154428244 -0.038058917969465256 0.17835739254951477
v 0.014919973909854889 -0.03838297724723816 0.1787039339542389
v 0.014950556680560112 -0.03401818498969078 0.18095412850379944
v 0.014919973909854889 -0.03838297724723816 0.1787039339542389
v 0.024431955069303513 -0.03430333361029625 0.18042400479316711
v 0.024431955069303513 -0.03430333361029625 0.18042400479316711
v 0.014919973909854889 -0.03838297724723816 0.1787039339542389
v 0.024325868114829063 -0.03873825445771217 0.17814281582832336
v 0.024431955069303513 -0.03430333361029625 0.18042400479316711
v 0.024325868114829063 -0.03873825445771217 0.17814281582832336
v 0.034370411187410355 -0.034638453274965286 0.17887845635414124
v 0.034370411187410355 -0.034638453274965286 0.17887845635414124
v 0.024325868114829063 -0.03873825445771217 0.17814281582832336
v 0.034167151898145676 -0.03917274251580238 0.1765907108783722
v 0.034370411187410355 -0.034638453274965286 0.17887845635414124
v 0.034167151898145676 -0.03917274251580238 0.1765907108783722
v 0.039317451417446136 -0.0348660908639431 0.17763879895210266
v 0.039317451417446136 -0.0348660908639431 0.17763879895210266
v 0.034167151898145676 -0.03917274251580238 0.1765907108783722
v 0.039050500839948654 -0.03945999965071678 0.17537763714790344
v 0.039317451417446136 -0.0348660908639431 0.17763879895210266
v 0.039050500839948654 -0.03945999965071678 0.17537763714790344
v 0.044135455042123795 -0.0351577065885067 0.17603805661201477
v 0.044135455042123795 -0.0351577065885067 0.17603805661201477
v 0.039050500839948654 -0.03945999965071678 0.17537763714790344
v 0.04379110038280487 -0.03981713578104973 0.1738356649875641
v 0.044135455042123795 -0.0351577065885067 0.17603805661201477
v 0.04379110038280487 -0.03981713578104973 0.1738356649875641
v 0.048743683844804764 -0.03552648797631264 0.17404797673225403
v 0.048743683844804764 -0.03552648797631264 0.17404797673225403
v 0.04379110038280487 -0.03981713578104973 0.1738356649875641
v 0.04830646142363548 -0.04025665670633316 0.1719438135623932
v 0.048743683844804764 -0.03552648797631264 0.17404797673225403
v 0.04830646142363548 -0.04025665670633316 0.1719438135623932
v 0.05309680476784706 -0.035951510071754456 0.17170396447181702
v 0.05309680476784706 -0.035951510071754456 0.17170396447181702
v 0.04830646142363548 -0.04025665670633316 0.1719438135623932
v 0.05255644768476486 -0.04075594246387482 0.1697317659854889
v 0.05309680476784706 -0.035951510071754456 0.17170396447181702
v 0.05255644768476486 -0.04075594246387482 0.1697317659854889
v 0.057164937257766724 -0.036396972835063934 0.169068843126297
v 0.057164937257766724 -0.036396972835063934 0.169068843126297
v 0.05255644768476486 -0.04075594246387482 0.1697317659854889
v 0.056519411504268646 -0.04127703979611397 0.16725125908851624
v 0.057164937257766724 -0.036396972835063934 0.169068843126297
v 0.056519411504268646 -0.04127703979611397 0.16725125908851624
v 0.06091826409101486 -0.03682700917124748 0.16620591282844543
v 0.06091826409101486 -0.03682700917124748 0.16620591282844543
v 0.061422400176525116 -0.031703561544418335 0.16749849915504456
v 0.057164937257766724 -0.036396972835063934 0.169068843126297
v 0.057164937257766724 -0.036396972835063934 0.169068843126297
v 0.061422400176525116 -0.031703561544418335 0.16749849915504456
v 0.05759492889046669 -0.03136337175965309 0.17051437497138977
v 0.057164937257766724 -0.036396972835063934 0.169068843126297
v 0.05759492889046669 -0.03136337175965309 0.17051437497138977
v 0.05309680476784706 -0.035951510071754456 0.17170396447181702
v 0.05309680476784706 -0.035951510071754456 0.17170396447181702
v 0.05759492889046669 -0.03136337175965309 0.17051437497138977
v 0.05345122143626213 -0.03100982867181301 0.17329147458076477
v 0.05309680476784706 -0.035951510071754456 0.17170396447181702
v 0.05345122143626213 -0.03100982867181301 0.17329147458076477
v 0.048743683844804764 -0.03552648797631264 0.17404797673225403
v 0.048743683844804764 -0.03552648797631264 0.17404797673225403
v 0.05345122143626213 -0.03100982867181301 0.17329147458076477
v 0.04902628809213638 -0.030672965571284294 0.17575719952583313
v 0.048743683844804764 -0.03552648797631264 0.17404797673225403
v 0.04902628809213638 -0.030672965571284294 0.17575719952583313
v 0.044135455042123795 -0.0351577065885067 0.17603805661201477
v 0.044135455042123795 -0.0351577065885067 0.17603805661201477
v 0.04902628809213638 -0.030672965571284294 0.17575719952583313
v 0.044355183839797974 -0.030382758006453514 0.17783907055854797
v 0.044135455042123795 -0.0351577065885067 0.17603805661201477
v 0.044355183839797974 -0.030382758006453514 0.17783907055854797
v 0.039317451417446136 -0.0348660908639431 0.17763879895210266
v 0.039317451417446136 -0.0348660908639431 0.17763879895210266
v 0.044355183839797974 -0.030382758006453514 0.17783907055854797
v 0.0394863598048687 -0.03015647456049919 0.1794969141483307
v 0.039317451417446136 -0.0348660908639431 0.17763879895210266
v 0.0394863598048687 -0.03015647456049919 0.1794969141483307
v 0.034370411187410355 -0.034638453274965286 0.17887845635414124
v 0.034370411187410355 -0.034638453274965286 0.17887845635414124
v 0.0394863598048687 -0.03015647456049919 0.1794969141483307
v 0.034498944878578186 -0.02998226322233677 0.18076542019844055
v 0.034370411187410355 -0.034638453274965286 0.17887845635414124
v 0.034498944878578186 -0.02998226322233677 0.18076542019844055
v 0.024431955069303513 -0.03430333361029625 0.18042400479316711
v 0.024431955069303513 -0.03430333361029625 0.18042400479316711
v 0.034498944878578186 -0.02998226322233677 0.18076542019844055
v 0.024501977488398552 -0.02972637675702572 0.182313472032547
v 0.024431955069303513 -0.03430333361029625 0.18042400479316711
v 0.024501977488398552 -0.02972637675702572 0.182313472032547
v 0.014950556680560112 -0.03401818498969078 0.18095412850379944
v 0.014950556680560112 -0.03401818498969078 0.18095412850379944
v 0.024501977488398552 -0.02972637675702572 0.182313472032547
v 0.014976203441619873 -0.029496392235159874 0.18282034993171692
v 0.014950556680560112 -0.03401818498969078 0.18095412850379944
v 0.014976203441619873 -0.029496392235159874 0.18282034993171692
v 0.0060250358656048775 -0.03373952955007553 0.18057087063789368
v 0.0060250358656048775 -0.03373952955007553 0.18057087063789368
v 0.014976203441619873 -0.029496392235159874 0.18282034993171692
v 0.005998319014906883 -0.02925722301006317 0.18241098523139954
v 0.0060250358656048775 -0.03373952955007553 0.18057087063789368
v 0.005998319014906883 -0.02925722301006317 0.18241098523139954
v -0.0025413762778043747 -0.033474553376436234 0.1792764961719513
v -0.0025413762778043747 -0.033474553376436234 0.1792764961719513
v 0.005998319014906883 -0.02925722301006317 0.18241098523139954
v -0.002652276773005724 -0.0290205217897892 0.18109169602394104
v -0.0025413762778043747 -0.033474553376436234 0.1792764961719513
v -0.002652276773005724 -0.0290205217897892 0.18109169602394104
v -0.010810662992298603 -0.0332210510969162 0.17707327008247375
v -0.010810662992298603 -0.0332210510969162 0.17707327008247375
v -0.002652276773005724 -0.0290205217897892 0.18109169602394104
v -0.011044405400753021 -0.028790755197405815 0.17885735630989075
v -0.010810662992298603 -0.0332210510969162 0.17707327008247375
v -0.011044405400753021 -0.028790755197405815 0.17885735630989075
v -0.018635962158441544 -0.03296174108982086 0.17396584153175354
v -0.018635962158441544 -0.03296174108982086 0.17396584153175354
v -0.011044405400753021 -0.028790755197405815 0.17885735630989075
v -0.01901230402290821 -0.02856074646115303 0.17568746209144592
v -0.018635962158441544 -0.03296174108982086 0.17396584153175354
v -0.01901230402290821 -0.02856074646115303 0.17568746209144592
v -0.025881409645080566 -0.03267279639840126 0.16994169354438782
v -0.025881409645080566 -0.03267279639840126 0.16994169354438782
v -0.01901230402290821 -0.02856074646115303 0.17568746209144592
v -0.026398856192827225 -0.028312992304563522 0.17155006527900696
v -0.025881409645080566 -0.03267279639840126 0.16994169354438782
v -0.026398856192827225 -0.028312992304563522 0.17155006527900696
v -0.03253675624728203 -0.03230694681406021 0.16491225361824036
v -0.03253675624728203 -0.03230694681406021 0.16491225361824036
v -0.026398856192827225 -0.028312992304563522 0.17155006527900696
v -0.0331716388463974 -0.02798856981098652 0.166366845369339
v -0.03253675624728203 -0.03230694681406021 0.16491225361824036
v -0.0331716388463974 -0.02798856981098652 0.166366845369339
v -0.03932575508952141 -0.027524298056960106 0.1600671112537384
v 0.08046269416809082 -0.0004884195514023304 0.13945379853248596
v 0.07943026721477509 -0.0004880434717051685 0.14332154393196106
v 0.08043589442968369 -0.010743113234639168 0.13944867253303528
v 0.08043589442968369 -0.010743113234639168 0.13944867253303528
v 0.07943026721477509 -0.0004880434717051685 0.14332154393196106
v 0.07799459248781204 -0.010691269300878048 0.14737096428871155
v 0.08043589442968369 -0.010743113234639168 0.13944867253303528
v 0.07799459248781204 -0.010691269300878048 0.14737096428871155
v 0.07770214229822159 -0.02161267399787903 0.14726975560188293
v 0.07770214229822159 -0.02161267399787903 0.14726975560188293
v 0.07799459248781204 -0.010691269300878048 0.14737096428871155
v 0.07391481101512909 -0.02151241898536682 0.15491822361946106
v 0.07770214229822159 -0.02161267399787903 0.14726975560188293
v 0.07391481101512909 -0.02151241898536682 0.15491822361946106
v 0.07310891151428223 -0.03252924233675003 0.15414360165596008
v 0.07310891151428223 -0.03252924233675003 0.15414360165596008
v 0.07391481101512909 -0.02151241898536682 0.15491822361946106
v 0.0679984912276268 -0.032231975346803665 0.1610265076160431
v 0.07310891151428223 -0.03252924233675003 0.15414360165596008
v 0.0679984912276268 -0.032231975346803665 0.1610265076160431
v 0.06737050414085388 -0.03750701621174812 0.16003599762916565
v 0.06737050414085388 -0.03750701621174812 0.16003599762916565
v 0.0679984912276268 -0.032231975346803665 0.1610265076160431
v 0.06432696431875229 -0.037205759435892105 0.1631782352924347
v 0.06737050414085388 -0.03750701621174812 0.16003599762916565
v 0.06432696431875229 -0.037205759435892105 0.1631782352924347
v 0.06017378717660904 -0.041781939566135406 0.16455426812171936
v 0.06489863246679306 -0.03200036659836769 0.1643165647983551
v 0.06552233546972275 -0.02123349905014038 0.1658255159854889
v 0.061422400176525116 -0.031703561544418335 0.16749849915504456
v 0.061422400176525116 -0.031703561544418335 0.16749849915504456
v 0.06552233546972275 -0.02123349905014038 0.1658255159854889
v 0.061974652111530304 -0.021088536828756332 0.16927877068519592
v 0.061422400176525116 -0.031703561544418335 0.16749849915504456
v 0.061974652111530304 -0.021088536828756332 0.16927877068519592
v 0.05759492889046669 -0.03136337175965309 0.17051437497138977
v 0.05759492889046669 -0.03136337175965309 0.17051437497138977
v 0.061974652111530304 -0.021088536828756332 0.16927877068519592
v 0.058076925575733185 -0.020924674347043037 0.1725614368915558
v 0.05759492889046669 -0.03136337175965309 0.17051437497138977
v 0.058076925575733185 -0.020924674347043037 0.1725614368915558
v 0.05345122143626213 -0.03100982867181301 0.17329147458076477
v 0.05345122143626213 -0.03100982867181301 0.17329147458076477
v 0.058076925575733185 -0.020924674347043037 0.1725614368915558
v 0.05386543273925781 -0.02075461484491825 0.17558732628822327
v 0.05345122143626213 -0.03100982867181301 0.17329147458076477
v 0.05386543273925781 -0.02075461484491825 0.17558732628822327
v 0.04902628809213638 -0.030672965571284294 0.17575719952583313
v 0.04902628809213638 -0.030672965571284294 0.17575719952583313
v 0.05386543273925781 -0.02075461484491825 0.17558732628822327
v 0.049376439303159714 -0.02059105783700943 0.1782706081867218
v 0.04902628809213638 -0.030672965571284294 0.17575719952583313
v 0.049376439303159714 -0.02059105783700943 0.1782706081867218
v 0.044355183839797974 -0.030382758006453514 0.17783907055854797
v 0.044355183839797974 -0.030382758006453514 0.17783907055854797
v 0.049376439303159714 -0.02059105783700943 0.1782706081867218
v 0.044646259397268295 -0.020446686074137688 0.18052509427070618
v 0.044355183839797974 -0.030382758006453514 0.17783907055854797
v 0.044646259397268295 -0.020446686074137688 0.18052509427070618
v 0.0394863598048687 -0.03015647456049919 0.1794969141483307
v 0.0394863598048687 -0.03015647456049919 0.1794969141483307
v 0.044646259397268295 -0.020446686074137688 0.18052509427070618
v 0.03972410783171654 -0.02032877504825592 0.18230369687080383
v 0.0394863598048687 -0.03015647456049919 0.1794969141483307
v 0.03972410783171654 -0.02032877504825592 0.18230369687080383
v 0.034498944878578186 -0.02998226322233677 0.18076542019844055
v 0.034498944878578186 -0.02998226322233677 0.18076542019844055
v 0.03972410783171654 -0.02032877504825592 0.18230369687080383
v 0.03468873351812363 -0.02023221366107464 0.1836482584476471
v 0.034498944878578186 -0.02998226322233677 0.18076542019844055
v 0.03468873351812363 -0.02023221366107464 0.1836482584476471
v 0.024501977488398552 -0.02972637675702572 0.182313472032547
v 0.024501977488398552 -0.02972637675702572 0.182313472032547
v 0.03468873351812363 -0.02023221366107464 0.1836482584476471
v 0.024609778076410294 -0.020075790584087372 0.1852523386478424
v 0.024501977488398552 -0.02972637675702572 0.182313472032547
v 0.024609778076410294 -0.020075790584087372 0.1852523386478424
v 0.014976203441619873 -0.029496392235159874 0.18282034993171692
v 0.014976203441619873 -0.029496392235159874 0.18282034993171692
v 0.024609778076410294 -0.020075790584087372 0.1852523386478424
v 0.015015460550785065 -0.019926462322473526 0.1857469379901886
v 0.014976203441619873 -0.029496392235159874 0.18282034993171692
v 0.015015460550785065 -0.019926462322473526 0.1857469379901886
v 0.005998319014906883 -0.02925722301006317 0.18241098523139954
v 0.005998319014906883 -0.02925722301006317 0.18241098523139954
v 0.015015460550785065 -0.019926462322473526 0.1857469379901886
v 0.005961773917078972 -0.01976952888071537 0.18530622124671936
v 0.005998319014906883 -0.02925722301006317 0.18241098523139954
v 0.005961773917078972 -0.01976952888071537 0.18530622124671936
v -0.002652276773005724 -0.0290205217897892 0.18109169602394104
v -0.002652276773005724 -0.0290205217897892 0.18109169602394104
v 0.005961773917078972 -0.01976952888071537 0.18530622124671936
v -0.0028006138745695353 -0.019610576331615448 0.1839713156223297
v -0.002652276773005724 -0.0290205217897892 0.18109169602394104
v -0.0028006138745695353 -0.019610576331615448 0.1839713156223297
v -0.011044405400753021 -0.028790755197405815 0.17885735630989075
v -0.011044405400753021 -0.028790755197405815 0.17885735630989075
v -0.0028006138745695353 -0.019610576331615448 0.1839713156223297
v -0.011353151872754097 -0.019452933222055435 0.18172863125801086
v -0.011044405400753021 -0.028790755197405815 0.17885735630989075
v -0.011353151872754097 -0.019452933222055435 0.18172863125801086
v -0.01901230402290821 -0.02856074646115303 0.17568746209144592
v -0.01901230402290821 -0.02856074646115303 0.17568746209144592
v -0.011353151872754097 -0.019452933222055435 0.18172863125801086
v -0.019518211483955383 -0.019296174868941307 0.17848363518714905
v -0.01901230402290821 -0.02856074646115303 0.17568746209144592
v -0.019518211483955383 -0.019296174868941307 0.17848363518714905
v -0.026398856192827225 -0.028312992304563522 0.17155006527900696
v -0.026398856192827225 -0.028312992304563522 0.17155006527900696
v -0.019518211483955383 -0.019296174868941307 0.17848363518714905
v -0.027119211852550507 -0.019130628556013107 0.17414596676826477
v -0.026398856192827225 -0.028312992304563522 0.17155006527900696
v -0.027119211852550507 -0.019130628556013107 0.17414596676826477
v -0.0331716388463974 -0.02798856981098652 0.166366845369339
v -0.0331716388463974 -0.02798856981098652 0.166366845369339
v -0.027119211852550507 -0.019130628556013107 0.17414596676826477
v -0.0340796522796154 -0.018907058984041214 0.1686740219593048
v -0.0331716388463974 -0.02798856981098652 0.166366845369339
v -0.0340796522796154 -0.018907058984041214 0.1686740219593048
v -0.03932575508952141 -0.027524298056960106 0.1600671112537384
v -0.03932575508952141 -0.027524298056960106 0.1600671112537384
v -0.0340796522796154 -0.018907058984041214 0.1686740219593048
v -0.04034760221838951 -0.01857089437544346 0.1620582640171051
v -0.03932575508952141 -0.027524298056960106 0.1600671112537384
v -0.04034760221838951 -0.01857089437544346 0.1620582640171051
v -0.04474766179919243 -0.02696939930319786 0.15289488434791565
v -0.04474766179919243 -0.02696939930319786 0.15289488434791565
v -0.04034760221838951 -0.01857089437544346 0.1620582640171051
v -0.04582234099507332 -0.0181550532579422 0.15458443760871887
v -0.04474766179919243 -0.02696939930319786 0.15289488434791565
v -0.04582234099507332 -0.0181550532579422 0.15458443760871887
v -0.04923810064792633 -0.026461679488420486 0.1453421413898468
v -0.04923810064792633 -0.026461679488420486 0.1453421413898468
v -0.04582234099507332 -0.0181550532579422 0.15458443760871887
v -0.050364650785923004 -0.017761478200554848 0.14677050709724426
v -0.04923810064792633 -0.026461679488420486 0.1453421413898468
v -0.050364650785923004 -0.017761478200554848 0.14677050709724426
v -0.052635546773672104 -0.026087002828717232 0.137729674577713
v -0.052635546773672104 -0.026087002828717232 0.137729674577713
v -0.050364650785923004 -0.017761478200554848 0.14677050709724426
v -0.05384638160467148 -0.017465196549892426 0.13894584774971008
v -0.052635546773672104 -0.026087002828717232 0.137729674577713
v -0.05384638160467148 -0.017465196549892426 0.13894584774971008
v -0.05486463010311127 -0.02581438608467579 0.12999466061592102
v -0.05486463010311127 -0.02581438608467579 0.12999466061592102
v -0.05384638160467148 -0.017465196549892426 0.13894584774971008
v -0.05616546422243118 -0.017279336228966713 0.13102057576179504
v -0.05486463010311127 -0.02581438608467579 0.12999466061592102
v -0.05616546422243118 -0.017279336228966713 0.13102057576179504
v -0.05589964613318443 -0.02559928596019745 0.12205519527196884
v -0.05589964613318443 -0.02559928596019745 0.12205519527196884
v -0.05616546422243118 -0.017279336228966713 0.13102057576179504
v -0.05726596713066101 -0.01720002479851246 0.12288453429937363
v -0.05589964613318443 -0.02559928596019745 0.12205519527196884
v -0.05726596713066101 -0.01720002479851246 0.12288453429937363
v -0.055968012660741806 -0.025407560169696808 0.11402811855077744
v -0.055968012660741806 -0.025407560169696808 0.11402811855077744
v -0.05726596713066101 -0.01720002479851246 0.12288453429937363
v -0.057372935116291046 -0.017164425924420357 0.11464991420507431
v -0.055968012660741806 -0.025407560169696808 0.11402811855077744
v -0.057372935116291046 -0.017164425924420357 0.11464991420507431
v -0.05539547652006149 -0.025210056453943253 0.10610749572515488
v -0.05539547652006149 -0.025210056453943253 0.10610749572515488
v -0.057372935116291046 -0.017164425924420357 0.11464991420507431
v -0.056820906698703766 -0.017087973654270172 0.10651542991399765
v -0.008600340224802494 -0.000488316873088479 0.18498197197914124
v -0.011512980796396732 -0.0004883114597760141 0.1840515434741974
v -0.00288862525485456 -0.004947137553244829 0.18629387021064758
v -0.00288862525485456 -0.004947137553244829 0.18629387021064758
v -0.011512980796396732 -0.0004883114597760141 0.1840515434741974
v -0.002873673103749752 -0.0098640201613307 0.18581286072731018
v -0.00288862525485456 -0.004947137553244829 0.18629387021064758
v -0.002873673103749752 -0.0098640201613307 0.18581286072731018
v 0.005930045619606972 -0.004982823505997658 0.1876836121082306
v 0.005930045619606972 -0.004982823505997658 0.1876836121082306
v -0.002873673103749752 -0.0098640201613307 0.18581286072731018
v 0.005937405861914158 -0.009939649142324924 0.1871817409992218
v 0.005930045619606972 -0.004982823505997658 0.1876836121082306
v 0.005937405861914158 -0.009939649142324924 0.1871817409992218
v 0.015044593252241611 -0.0050185807049274445 0.18809989094734192
v 0.015044593252241611 -0.0050185807049274445 0.18809989094734192
v 0.005937405861914158 -0.009939649142324924 0.1871817409992218
v 0.015038849785923958 -0.010015173815190792 0.18761101365089417
v 0.015044593252241611 -0.0050185807049274445 0.18809989094734192
v 0.015038849785923958 -0.010015173815190792 0.18761101365089417
v 0.024708744138479233 -0.005055009387433529 0.1875005066394806
v 0.024708744138479233 -0.005055009387433529 0.1875005066394806
v 0.015038849785923958 -0.010015173815190792 0.18761101365089417
v 0.02468595653772354 -0.010091026313602924 0.1870514452457428
v 0.024708744138479233 -0.005055009387433529 0.1875005066394806
v 0.02468595653772354 -0.010091026313602924 0.1870514452457428
v 0.03486063703894615 -0.005092850886285305 0.1857105791568756
v 0.03486063703894615 -0.005092850886285305 0.1857105791568756
v 0.02468595653772354 -0.010091026313602924 0.1870514452457428
v 0.03482072427868843 -0.010169852524995804 0.1853201687335968
v 0.03486063703894615 -0.005092850886285305 0.1857105791568756
v 0.03482072427868843 -0.010169852524995804 0.1853201687335968
v 0.03988020867109299 -0.01021241582930088 0.1838856041431427
v -0.057639431208372116 -0.008684451691806316 0.10675754398107529
v -0.056820906698703766 -0.017087973654270172 0.10651542991399765
v -0.058196768164634705 -0.008697697892785072 0.11502935737371445
v -0.058196768164634705 -0.008697697892785072 0.11502935737371445
v -0.056820906698703766 -0.017087973654270172 0.10651542991399765
v -0.057372935116291046 -0.017164425924420357 0.11464991420507431
v -0.058196768164634705 -0.008697697892785072 0.11502935737371445
v -0.057372935116291046 -0.017164425924420357 0.11464991420507431
v -0.05808059126138687 -0.00867170374840498 0.12339379638433456
v -0.05808059126138687 -0.00867170374840498 0.12339379638433456
v -0.057372935116291046 -0.017164425924420357 0.11464991420507431
v -0.05726596713066101 -0.01720002479851246 0.12288453429937363
v -0.05808059126138687 -0.00867170374840498 0.12339379638433456
v -0.05726596713066101 -0.01720002479851246 0.12288453429937363
v -0.056948479264974594 -0.00868038460612297 0.13164952397346497
v -0.056948479264974594 -0.00868038460612297 0.13164952397346497
v -0.05726596713066101 -0.01720002479851246 0.12288453429937363
v -0.05616546422243118 -0.017279336228966713 0.13102057576179504
v -0.056948479264974594 -0.00868038460612297 0.13164952397346497
v -0.05616546422243118 -0.017279336228966713 0.13102057576179504
v -0.054575152695178986 -0.008773471228778362 0.13968625664710999
v -0.054575152695178986 -0.008773471228778362 0.13968625664710999
v -0.05616546422243118 -0.017279336228966713 0.13102057576179504
v -0.05384638160467148 -0.017465196549892426 0.13894584774971008
v -0.054575152695178986 -0.008773471228778362 0.13968625664710999
v -0.05384638160467148 -0.017465196549892426 0.13894584774971008
v -0.05103541538119316 -0.008936271071434021 0.1476285755634308
v -0.05103541538119316 -0.008936271071434021 0.1476285755634308
v -0.05384638160467148 -0.017465196549892426 0.13894584774971008
v -0.050364650785923004 -0.017761478200554848 0.14677050709724426
v -0.05103541538119316 -0.008936271071434021 0.1476285755634308
v -0.050364650785923004 -0.017761478200554848 0.14677050709724426
v -0.04644842818379402 -0.009142485447227955 0.15558066964149475
v -0.04644842818379402 -0.009142485447227955 0.15558066964149475
v -0.050364650785923004 -0.017761478200554848 0.14677050709724426
v -0.04582234099507332 -0.0181550532579422 0.15458443760871887
v -0.04644842818379402 -0.009142485447227955 0.15558066964149475
v -0.04582234099507332 -0.0181550532579422 0.15458443760871887
v -0.04092322289943695 -0.009351953864097595 0.16321316361427307
v -0.04092322289943695 -0.009351953864097595 0.16321316361427307
v -0.04582234099507332 -0.0181550532579422 0.15458443760871887
v -0.04034760221838951 -0.01857089437544346 0.1620582640171051
v -0.04092322289943695 -0.009351953864097595 0.16321316361427307
v -0.04034760221838951 -0.01857089437544346 0.1620582640171051
v -0.034564025700092316 -0.009518940933048725 0.1700010597705841
v -0.034564025700092316 -0.009518940933048725 0.1700010597705841
v -0.04034760221838951 -0.01857089437544346 0.1620582640171051
v -0.0340796522796154 -0.018907058984041214 0.1686740219593048
v -0.034564025700092316 -0.009518940933048725 0.1700010597705841
v -0.0340796522796154 -0.018907058984041214 0.1686740219593048
v -0.02747150883078575 -0.009629784151911736 0.17564573884010315
v -0.02747150883078575 -0.009629784151911736 0.17564573884010315
v -0.0340796522796154 -0.018907058984041214 0.1686740219593048
v -0.027119211852550507 -0.019130628556013107 0.17414596676826477
v -0.02747150883078575 -0.009629784151911736 0.17564573884010315
v -0.027119211852550507 -0.019130628556013107 0.17414596676826477
v -0.019741877913475037 -0.009711424820125103 0.18013587594032288
v -0.019741877913475037 -0.009711424820125103 0.18013587594032288
v -0.027119211852550507 -0.019130628556013107 0.17414596676826477
v -0.019518211483955383 -0.019296174868941307 0.17848363518714905
v -0.019741877913475037 -0.009711424820125103 0.18013587594032288
v -0.019518211483955383 -0.019296174868941307 0.17848363518714905
v -0.01148664578795433 -0.009787989780306816 0.18349578976631165
v -0.01148664578795433 -0.009787989780306816 0.18349578976631165
v -0.019518211483955383 -0.019296174868941307 0.17848363518714905
v -0.011353151872754097 -0.019452933222055435 0.18172863125801086
v -0.01148664578795433 -0.009787989780306816 0.18349578976631165
v -0.011353151872754097 -0.019452933222055435 0.18172863125801086
v -0.002873673103749752 -0.0098640201613307 0.18581286072731018
v -0.002873673103749752 -0.0098640201613307 0.18581286072731018
v -0.011353151872754097 -0.019452933222055435 0.18172863125801086
v -0.0028006138745695353 -0.019610576331615448 0.1839713156223297
v -0.002873673103749752 -0.0098640201613307 0.18581286072731018
v -0.0028006138745695353 -0.019610576331615448 0.1839713156223297
v 0.005937405861914158 -0.009939649142324924 0.1871817409992218
v 0.005937405861914158 -0.009939649142324924 0.1871817409992218
v -0.0028006138745695353 -0.019610576331615448 0.1839713156223297
v 0.005961773917078972 -0.01976952888071537 0.18530622124671936
v 0.005937405861914158 -0.009939649142324924 0.1871817409992218
v 0.005961773917078972 -0.01976952888071537 0.18530622124671936
v 0.015038849785923958 -0.010015173815190792 0.18761101365089417
v 0.015038849785923958 -0.010015173815190792 0.18761101365089417
v 0.005961773917078972 -0.01976952888071537 0.18530622124671936
v 0.015015460550785065 -0.019926462322473526 0.1857469379901886
v 0.015038849785923958 -0.010015173815190792 0.18761101365089417
v 0.015015460550785065 -0.019926462322473526 0.1857469379901886
v 0.02468595653772354 -0.010091026313602924 0.1870514452457428
v 0.02468595653772354 -0.010091026313602924 0.1870514452457428
v 0.015015460550785065 -0.019926462322473526 0.1857469379901886
v 0.024609778076410294 -0.020075790584087372 0.1852523386478424
v 0.02468595653772354 -0.010091026313602924 0.1870514452457428
v 0.024609778076410294 -0.020075790584087372 0.1852523386478424
v 0.03482072427868843 -0.010169852524995804 0.1853201687335968
v 0.03482072427868843 -0.010169852524995804 0.1853201687335968
v 0.024609778076410294 -0.020075790584087372 0.1852523386478424
v 0.03468873351812363 -0.02023221366107464 0.1836482584476471
v 0.03482072427868843 -0.010169852524995804 0.1853201687335968
v 0.03468873351812363 -0.02023221366107464 0.1836482584476471
v 0.03988020867109299 -0.01021241582930088 0.1838856041431427
v 0.03988020867109299 -0.01021241582930088 0.1838856041431427
v 0.03468873351812363 -0.02023221366107464 0.1836482584476471
v 0.03972410783171654 -0.02032877504825592 0.18230369687080383
v 0.03988020867109299 -0.01021241582930088 0.1838856041431427
v 0.03972410783171654 -0.02032877504825592 0.18230369687080383
v 0.044821009039878845 -0.010258245281875134 0.18199768662452698
v 0.044821009039878845 -0.010258245281875134 0.18199768662452698
v 0.03972410783171654 -0.02032877504825592 0.18230369687080383
v 0.044646259397268295 -0.020446686074137688 0.18052509427070618
v 0.044821009039878845 -0.010258245281875134 0.18199768662452698
v 0.044646259397268295 -0.020446686074137688 0.18052509427070618
v 0.049562688916921616 -0.010307963006198406 0.17961397767066956
v 0.049562688916921616 -0.010307963006198406 0.17961397767066956
v 0.044646259397268295 -0.020446686074137688 0.18052509427070618
v 0.049376439303159714 -0.02059105783700943 0.1782706081867218
v 0.049562688916921616 -0.010307963006198406 0.17961397767066956
v 0.049376439303159714 -0.02059105783700943 0.1782706081867218
v 0.05405791103839874 -0.01036035642027855 0.17678526043891907
v 0.05405791103839874 -0.01036035642027855 0.17678526043891907
v 0.049376439303159714 -0.02059105783700943 0.1782706081867218
v 0.05386543273925781 -0.02075461484491825 0.17558732628822327
v 0.05405791103839874 -0.01036035642027855 0.17678526043891907
v 0.05386543273925781 -0.02075461484491825 0.17558732628822327
v 0.0582737997174263 -0.010413418523967266 0.17360296845436096
v 0.0582737997174263 -0.010413418523967266 0.17360296845436096
v 0.05386543273925781 -0.02075461484491825 0.17558732628822327
v 0.058076925575733185 -0.020924674347043037 0.1725614368915558
v 0.0582737997174263 -0.010413418523967266 0.17360296845436096
v 0.058076925575733185 -0.020924674347043037 0.1725614368915558
v 0.06217752769589424 -0.010465136729180813 0.17015865445137024
v 0.06217752769589424 -0.010465136729180813 0.17015865445137024
v 0.058076925575733185 -0.020924674347043037 0.1725614368915558
v 0.061974652111530304 -0.021088536828756332 0.16927877068519592
v 0.06217752769589424 -0.010465136729180813 0.17015865445137024
v 0.061974652111530304 -0.021088536828756332 0.16927877068519592
v 0.06892439723014832 -0.010557012632489204 0.16283419728279114
v 0.06892439723014832 -0.010557012632489204 0.16283419728279114
v 0.061974652111530304 -0.021088536828756332 0.16927877068519592
v 0.06552233546972275 -0.02123349905014038 0.1658255159854889
v 0.06892439723014832 -0.010557012632489204 0.16283419728279114
v 0.06552233546972275 -0.02123349905014038 0.1658255159854889
v 0.06869249045848846 -0.021350346505641937 0.16227200627326965
v 0.06869249045848846 -0.021350346505641937 0.16227200627326965
v 0.06552233546972275 -0.02123349905014038 0.1658255159854889
v 0.06489863246679306 -0.03200036659836769 0.1643165647983551
v 0.05167624354362488 -0.06784258037805557 0.13112691044807434
v 0.05618072673678398 -0.06635283678770065 0.1354760229587555
v 0.04827040806412697 -0.06745122373104095 0.13486388325691223
v 0.04827040806412697 -0.06745122373104095 0.13486388325691223
v 0.05618072673678398 -0.06635283678770065 0.1354760229587555
v 0.052083570510149 -0.06587459146976471 0.13948777318000793
v 0.04827040806412697 -0.06745122373104095 0.13486388325691223
v 0.052083570510149 -0.06587459146976471 0.13948777318000793
v 0.044111061841249466 -0.06697415560483932 0.13844063878059387
v 0.044111061841249466 -0.06697415560483932 0.13844063878059387
v 0.052083570510149 -0.06587459146976471 0.13948777318000793
v 0.047279465943574905 -0.0653105154633522 0.1431354582309723
v 0.044111061841249466 -0.06697415560483932 0.13844063878059387
v 0.047279465943574905 -0.0653105154633522 0.1431354582309723
v 0.039194125682115555 -0.066416434943676 0.14177384972572327
v 0.039194125682115555 -0.066416434943676 0.14177384972572327
v 0.047279465943574905 -0.0653105154633522 0.1431354582309723
v 0.04177561029791832 -0.06465668231248856 0.1463787853717804
v 0.039194125682115555 -0.066416434943676 0.14177384972572327
v 0.04177561029791832 -0.06465668231248856 0.1463787853717804
v 0.033589962869882584 -0.06582589447498322 0.14464130997657776
v 0.033589962869882584 -0.06582589447498322 0.14464130997657776
v 0.04177561029791832 -0.06465668231248856 0.1463787853717804
v 0.03556748107075691 -0.06396183371543884 0.14912286400794983
v 0.033589962869882584 -0.06582589447498322 0.14464130997657776
v 0.03556748107075691 -0.06396183371543884 0.14912286400794983
v 0.02742435596883297 -0.06524031609296799 0.14686861634254456
v 0.02742435596883297 -0.06524031609296799 0.14686861634254456
v 0.03556748107075691 -0.06396183371543884 0.14912286400794983
v 0.02873680368065834 -0.06326617300510406 0.1512850821018219
v 0.02742435596883297 -0.06524031609296799 0.14686861634254456
v 0.02873680368065834 -0.06326617300510406 0.1512850821018219
v 0.02097897045314312 -0.06466075778007507 0.14844849705696106
v 0.02097897045314312 -0.06466075778007507 0.14844849705696106
v 0.02873680368065834 -0.06326617300510406 0.1512850821018219
v 0.02162698470056057 -0.06257621198892593 0.152827650308609
v 0.02097897045314312 -0.06466075778007507 0.14844849705696106
v 0.02162698470056057 -0.06257621198892593 0.152827650308609
v 0.014545616693794727 -0.06408186256885529 0.14940610527992249
v 0.014545616693794727 -0.06408186256885529 0.14940610527992249
v 0.02162698470056057 -0.06257621198892593 0.152827650308609
v 0.014604899100959301 -0.06189235672354698 0.15372684597969055
v 0.014545616693794727 -0.06408186256885529 0.14940610527992249
v 0.014604899100959301 -0.06189235672354698 0.15372684597969055
v 0.0077897473238408566 -0.06121688708662987 0.15401151776313782
v 0.06218242645263672 -0.06273865699768066 0.1416778862476349
v 0.06423664838075638 -0.06467865407466888 0.1348743736743927
v 0.06622012704610825 -0.06328464299440384 0.1365838348865509
v 0.06622012704610825 -0.06328464299440384 0.1365838348865509
v 0.06423664838075638 -0.06467865407466888 0.1348743736743927
v 0.06803575158119202 -0.06477496027946472 0.13008108735084534
v 0.06622012704610825 -0.06328464299440384 0.1365838348865509
v 0.06803575158119202 -0.06477496027946472 0.13008108735084534
v 0.06938698887825012 -0.0638226643204689 0.13104596734046936
v 0.06938698887825012 -0.0638226643204689 0.13104596734046936
v 0.06803575158119202 -0.06477496027946472 0.13008108735084534
v 0.06848925352096558 -0.06454705446958542 0.13018646836280823
v 0.06938698887825012 -0.0638226643204689 0.13104596734046936
v 0.06848925352096558 -0.06454705446958542 0.13018646836280823
v 0.06966400146484375 -0.06387701630592346 0.13045981526374817
v 0.05884845182299614 -0.06047992408275604 0.14820650219917297
v 0.06218242645263672 -0.06273865699768066 0.1416778862476349
v 0.06380339711904526 -0.06110266223549843 0.1434568464756012
v 0.06380339711904526 -0.06110266223549843 0.1434568464756012
v 0.06218242645263672 -0.06273865699768066 0.1416778862476349
v 0.06622012704610825 -0.06328464299440384 0.1365838348865509
v 0.06380339711904526 -0.06110266223549843 0.1434568464756012
v 0.06622012704610825 -0.06328464299440384 0.1365838348865509
v 0.06791992485523224 -0.061660848557949066 0.13812962174415588
v 0.06791992485523224 -0.061660848557949066 0.13812962174415588
v 0.06622012704610825 -0.06328464299440384 0.1365838348865509
v 0.06938698887825012 -0.0638226643204689 0.13104596734046936
v 0.06791992485523224 -0.061660848557949066 0.13812962174415588
v 0.06938698887825012 -0.0638226643204689 0.13104596734046936
v 0.07114053517580032 -0.06219623237848282 0.1323392689228058
v 0.07114053517580032 -0.06219623237848282 0.1323392689228058
v 0.06938698887825012 -0.0638226643204689 0.13104596734046936
v 0.06984131038188934 -0.06376385688781738 0.13050130009651184
v 0.07114053517580032 -0.06219623237848282 0.1323392689228058
v 0.06984131038188934 -0.06376385688781738 0.13050130009651184
v 0.07108719646930695 -0.0628766417503357 0.130793958902359
v 0.03319820761680603 -0.048267826437950134 0.17006292939186096
v 0.04227164387702942 -0.049099456518888474 0.1675516664981842
v 0.04320760443806648 -0.04443945735692978 0.1710623800754547
v 0.04320760443806648 -0.04443945735692978 0.1710623800754547
v 0.04227164387702942 -0.049099456518888474 0.1675516664981842
v 0.047595005482435226 -0.044929541647434235 0.16928580403327942
v 0.047595005482435226 -0.044929541647434235 0.16928580403327942
v 0.04227164387702942 -0.049099456518888474 0.1675516664981842
v 0.04649104177951813 -0.04960780590772629 0.1659177839756012
v 0.047595005482435226 -0.044929541647434235 0.16928580403327942
v 0.04649104177951813 -0.04960780590772629 0.1659177839756012
v 0.051712021231651306 -0.045475851744413376 0.16722717881202698
v 0.07019847631454468 -0.04812794551253319 0.1509343683719635
v 0.06359497457742691 -0.05220876261591911 0.15463152527809143
v 0.06857559084892273 -0.05288376286625862 0.14900866150856018
v 0.06857559084892273 -0.05288376286625862 0.14900866150856018
v 0.06359497457742691 -0.05220876261591911 0.15463152527809143
v 0.06147265434265137 -0.05660703405737877 0.15172293782234192
v 0.06857559084892273 -0.05288376286625862 0.14900866150856018
v 0.06147265434265137 -0.05660703405737877 0.15172293782234192
v 0.0664936825633049 -0.05727618560194969 0.14653316140174866
v 0.07524971663951874 -0.04344357177615166 0.14554694294929504
v 0.07019847631454468 -0.04812794551253319 0.1509343683719635
v 0.07405766099691391 -0.04854986071586609 0.14439943432807922
v 0.07405766099691391 -0.04854986071586609 0.14439943432807922
v 0.07019847631454468 -0.04812794551253319 0.1509343683719635
v 0.06857559084892273 -0.05288376286625862 0.14900866150856018
v 0.07405766099691391 -0.04854986071586609 0.14439943432807922
v 0.06857559084892273 -0.05288376286625862 0.14900866150856018
v 0.07255615293979645 -0.05338719114661217 0.142826110124588
v 0.07255615293979645 -0.05338719114661217 0.142826110124588
v 0.06857559084892273 -0.05288376286625862 0.14900866150856018
v 0.0664936825633049 -0.05727618560194969 0.14653316140174866
v 0.07255615293979645 -0.05338719114661217 0.142826110124588
v 0.0664936825633049 -0.05727618560194969 0.14653316140174866
v 0.07060076296329498 -0.057826656848192215 0.1407584249973297
v 0.07305195927619934 -0.06102258339524269 0.1312505304813385
v 0.07469125837087631 -0.05882822349667549 0.13162663578987122
v 0.07258942723274231 -0.06034921482205391 0.13349118828773499
v 0.07258942723274231 -0.06034921482205391 0.13349118828773499
v 0.07469125837087631 -0.05882822349667549 0.13162663578987122
v 0.07378136366605759 -0.05831153690814972 0.1345098316669464
v 0.07258942723274231 -0.06034921482205391 0.13349118828773499
v 0.07378136366605759 -0.05831153690814972 0.1345098316669464
v 0.07060076296329498 -0.057826656848192215 0.1407584249973297
v 0.07060076296329498 -0.057826656848192215 0.1407584249973297
v 0.07378136366605759 -0.05831153690814972 0.1345098316669464
v 0.07558513432741165 -0.053783874958753586 0.1361805498600006
v 0.07060076296329498 -0.057826656848192215 0.1407584249973297
v 0.07558513432741165 -0.053783874958753586 0.1361805498600006
v 0.07255615293979645 -0.05338719114661217 0.142826110124588
v 0.07255615293979645 -0.05338719114661217 0.142826110124588
v 0.07558513432741165 -0.053783874958753586 0.1361805498600006
v 0.07692211121320724 -0.04884724318981171 0.13741746544837952
v 0.07255615293979645 -0.05338719114661217 0.142826110124588
v 0.07692211121320724 -0.04884724318981171 0.13741746544837952
v 0.07405766099691391 -0.04854986071586609 0.14439943432807922
v 0.07405766099691391 -0.04854986071586609 0.14439943432807922
v 0.07692211121320724 -0.04884724318981171 0.13741746544837952
v 0.07798043638467789 -0.04364880546927452 0.13828709721565247
v 0.07405766099691391 -0.04854986071586609 0.14439943432807922
v 0.07798043638467789 -0.04364880546927452 0.13828709721565247
v 0.07524971663951874 -0.04344357177615166 0.14554694294929504
v 0.07524971663951874 -0.04344357177615166 0.14554694294929504
v 0.07798043638467789 -0.04364880546927452 0.13828709721565247
v 0.07880085706710815 -0.03826548159122467 0.1388573944568634
v 0.04873355105519295 -0.054705873131752014 0.16018393635749817
v 0.055556777864694595 -0.05573616549372673 0.15629079937934875
v 0.0575593039393425 -0.05127730965614319 0.15967634320259094
v 0.0575593039393425 -0.05127730965614319 0.15967634320259094
v 0.055556777864694595 -0.05573616549372673 0.15629079937934875
v 0.06359497457742691 -0.05220876261591911 0.15463152527809143
v 0.0575593039393425 -0.05127730965614319 0.15967634320259094
v 0.06359497457742691 -0.05220876261591911 0.15463152527809143
v 0.06524501740932465 -0.047505319118499756 0.1569400131702423
v 0.06524501740932465 -0.047505319118499756 0.1569400131702423
v 0.06359497457742691 -0.05220876261591911 0.15463152527809143
v 0.07019847631454468 -0.04812794551253319 0.1509343683719635
v 0.06524501740932465 -0.047505319118499756 0.1569400131702423
v 0.07019847631454468 -0.04812794551253319 0.1509343683719635
v 0.07145910710096359 -0.043122537434101105 0.15237775444984436
v 0.07145910710096359 -0.043122537434101105 0.15237775444984436
v 0.07019847631454468 -0.04812794551253319 0.1509343683719635
v 0.07524971663951874 -0.04344357177615166 0.14554694294929504
v 0.07145910710096359 -0.043122537434101105 0.15237775444984436
v 0.07524971663951874 -0.04344357177615166 0.14554694294929504
v 0.0761738196015358 -0.038133710622787476 0.14633789658546448
v 0.0761738196015358 -0.038133710622787476 0.14633789658546448
v 0.07524971663951874 -0.04344357177615166 0.14554694294929504
v 0.07880085706710815 -0.03826548159122467 0.1388573944568634
v 0.0761738196015358 -0.038133710622787476 0.14633789658546448
v 0.07880085706710815 -0.03826548159122467 0.1388573944568634
v 0.07941970974206924 -0.03277180716395378 0.13919559121131897
v 0.07941970974206924 -0.03277180716395378 0.13919559121131897
v 0.07880085706710815 -0.03826548159122467 0.1388573944568634
v 0.08100392669439316 -0.029129669070243835 0.13304904103279114
v 0.07941970974206924 -0.03277180716395378 0.13919559121131897
v 0.08100392669439316 -0.029129669070243835 0.13304904103279114
v 0.08136245608329773 -0.02173202484846115 0.1331365406513214
v 0.04649104177951813 -0.04960780590772629 0.1659177839756012
v 0.05044681578874588 -0.05016089975833893 0.16404488682746887
v 0.051712021231651306 -0.045475851744413376 0.16722717881202698
v 0.051712021231651306 -0.045475851744413376 0.16722717881202698
v 0.05044681578874588 -0.05016089975833893 0.16404488682746887
v 0.05908754840493202 -0.04659168794751167 0.16241899132728577
v 0.051712021231651306 -0.045475851744413376 0.16722717881202698
v 0.05908754840493202 -0.04659168794751167 0.16241899132728577
v 0.06017378717660904 -0.041781939566135406 0.16455426812171936
v 0.06017378717660904 -0.041781939566135406 0.16455426812171936
v 0.05908754840493202 -0.04659168794751167 0.16241899132728577
v 0.06647814065217972 -0.04260114207863808 0.15870776772499084
v 0.06017378717660904 -0.041781939566135406 0.16455426812171936
v 0.06647814065217972 -0.04260114207863808 0.15870776772499084
v 0.06737050414085388 -0.03750701621174812 0.16003599762916565
v 0.06737050414085388 -0.03750701621174812 0.16003599762916565
v 0.06647814065217972 -0.04260114207863808 0.15870776772499084
v 0.07241165637969971 -0.03790951147675514 0.1534203588962555
v 0.06737050414085388 -0.03750701621174812 0.16003599762916565
v 0.07241165637969971 -0.03790951147675514 0.1534203588962555
v 0.07310891151428223 -0.03252924233675003 0.15414360165596008
v 0.07310891151428223 -0.03252924233675003 0.15414360165596008
v 0.07241165637969971 -0.03790951147675514 0.1534203588962555
v 0.07686840742826462 -0.03268381953239441 0.14684191346168518
v 0.07310891151428223 -0.03252924233675003 0.15414360165596008
v 0.07686840742826462 -0.03268381953239441 0.14684191346168518
v 0.07770214229822159 -0.02161267399787903 0.14726975560188293
v 0.07770214229822159 -0.02161267399787903 0.14726975560188293
v 0.07686840742826462 -0.03268381953239441 0.14684191346168518
v 0.08017019182443619 -0.021684447303414345 0.1394285261631012
v 0.07770214229822159 -0.02161267399787903 0.14726975560188293
v 0.08017019182443619 -0.021684447303414345 0.1394285261631012
v 0.08043589442968369 -0.010743113234639168 0.13944867253303528
v 0.08043589442968369 -0.010743113234639168 0.13944867253303528
v 0.08017019182443619 -0.021684447303414345 0.1394285261631012
v 0.08148281276226044 -0.017466994002461433 0.1331658661365509
v 0.08043589442968369 -0.010743113234639168 0.13944867253303528
v 0.08148281276226044 -0.017466994002461433 0.1331658661365509
v 0.0815989300608635 -0.0004918047925457358 0.13318660855293274
v -0.03283059597015381 -0.05727800726890564 0.08878114074468613
v -0.035693444311618805 -0.05588562786579132 0.09054746478796005
v -0.03133512660861015 -0.05647624284029007 0.08276810497045517
v -0.03133512660861015 -0.05647624284029007 0.08276810497045517
v -0.035693444311618805 -0.05588562786579132 0.09054746478796005
v -0.03307606279850006 -0.0546661913394928 0.08047177642583847
v -0.03133512660861015 -0.05647624284029007 0.08276810497045517
v -0.03307606279850006 -0.0546661913394928 0.08047177642583847
v -0.02952898107469082 -0.05582688748836517 0.07753684371709824
v -0.02952898107469082 -0.05582688748836517 0.07753684371709824
v -0.03307606279850006 -0.0546661913394928 0.08047177642583847
v -0.03375304862856865 -0.05208795145153999 0.0748007521033287
v -0.02952898107469082 -0.05582688748836517 0.07753684371709824
v -0.03375304862856865 -0.05208795145153999 0.0748007521033287
v -0.03142815828323364 -0.051696956157684326 0.06987526267766953
v -0.03142815828323364 -0.051696956157684326 0.06987526267766953
v -0.03375304862856865 -0.05208795145153999 0.0748007521033287
v -0.03616396337747574 -0.049615856260061264 0.07393815368413925
v -0.03142815828323364 -0.051696956157684326 0.06987526267766953
v -0.03616396337747574 -0.049615856260061264 0.07393815368413925
v -0.033734533935785294 -0.049253761768341064 0.06869640201330185
v -0.033734533935785294 -0.049253761768341064 0.06869640201330185
v -0.03616396337747574 -0.049615856260061264 0.07393815368413925
v -0.03506719693541527 -0.047341518104076385 0.06770791858434677
v -0.033734533935785294 -0.049253761768341064 0.06869640201330185
v -0.03506719693541527 -0.047341518104076385 0.06770791858434677
v -0.031792398542165756 -0.05005274713039398 0.06704666465520859
v -0.03567790240049362 -0.05257595703005791 0.07991709560155869
v -0.03853588551282883 -0.05369044840335846 0.09063496440649033
v -0.041266925632953644 -0.05100997909903526 0.09071614593267441
v 0.05618072673678398 -0.06635283678770065 0.1354760229587555
v 0.060353778302669525 -0.06415623426437378 0.13973155617713928
v 0.052083570510149 -0.06587459146976471 0.13948777318000793
v 0.052083570510149 -0.06587459146976471 0.13948777318000793
v 0.060353778302669525 -0.06415623426437378 0.13973155617713928
v 0.05569521710276604 -0.06360121816396713 0.14407923817634583
v 0.052083570510149 -0.06587459146976471 0.13948777318000793
v 0.05569521710276604 -0.06360121816396713 0.14407923817634583
v 0.047279465943574905 -0.0653105154633522 0.1431354582309723
v 0.047279465943574905 -0.0653105154633522 0.1431354582309723
v 0.05569521710276604 -0.06360121816396713 0.14407923817634583
v 0.0503411702811718 -0.0629434734582901 0.14789000153541565
v 0.047279465943574905 -0.0653105154633522 0.1431354582309723
v 0.0503411702811718 -0.0629434734582901 0.14789000153541565
v 0.04177561029791832 -0.06465668231248856 0.1463787853717804
v 0.04177561029791832 -0.06465668231248856 0.1463787853717804
v 0.0503411702811718 -0.0629434734582901 0.14789000153541565
v 0.04430267587304115 -0.06217886507511139 0.15114906430244446
v 0.04177561029791832 -0.06465668231248856 0.1463787853717804
v 0.04430267587304115 -0.06217886507511139 0.15114906430244446
v 0.03556748107075691 -0.06396183371543884 0.14912286400794983
v 0.03556748107075691 -0.06396183371543884 0.14912286400794983
v 0.04430267587304115 -0.06217886507511139 0.15114906430244446
v 0.03751629590988159 -0.061374448239803314 0.1538548767566681
v 0.03556748107075691 -0.06396183371543884 0.14912286400794983
v 0.03751629590988159 -0.061374448239803314 0.1538548767566681
v 0.02873680368065834 -0.06326617300510406 0.1512850821018219
v 0.02873680368065834 -0.06326617300510406 0.1512850821018219
v 0.03751629590988159 -0.061374448239803314 0.1538548767566681
v 0.03003426268696785 -0.060584891587495804 0.15599313378334045
v 0.02873680368065834 -0.06326617300510406 0.1512850821018219
v 0.03003426268696785 -0.060584891587495804 0.15599313378334045
v 0.02162698470056057 -0.06257621198892593 0.152827650308609
v 0.02162698470056057 -0.06257621198892593 0.152827650308609
v 0.03003426268696785 -0.060584891587495804 0.15599313378334045
v 0.02226845733821392 -0.05981692671775818 0.15750792622566223
v 0.02162698470056057 -0.06257621198892593 0.152827650308609
v 0.02226845733821392 -0.05981692671775818 0.15750792622566223
v 0.014604899100959301 -0.06189235672354698 0.15372684597969055
v 0.014604899100959301 -0.06189235672354698 0.15372684597969055
v 0.02226845733821392 -0.05981692671775818 0.15750792622566223
v 0.014665762893855572 -0.05906856805086136 0.1583438217639923
v 0.014604899100959301 -0.06189235672354698 0.15372684597969055
v 0.014665762893855572 -0.05906856805086136 0.1583438217639923
v 0.0077897473238408566 -0.06121688708662987 0.15401151776313782
v 0.0077897473238408566 -0.06121688708662987 0.15401151776313782
v 0.014665762893855572 -0.05906856805086136 0.1583438217639923
v 0.007359209470450878 -0.05834042280912399 0.15852227807044983
v 0.0077897473238408566 -0.06121688708662987 0.15401151776313782
v 0.007359209470450878 -0.05834042280912399 0.15852227807044983
v 0.0011624973267316818 -0.06055339798331261 0.15373912453651428
v 0.0011624973267316818 -0.06055339798331261 0.15373912453651428
v 0.007359209470450878 -0.05834042280912399 0.15852227807044983
v 0.0003066924400627613 -0.057634804397821426 0.1581069529056549
v 0.0011624973267316818 -0.06055339798331261 0.15373912453651428
v 0.0003066924400627613 -0.057634804397821426 0.1581069529056549
v -0.005262515973299742 -0.05991888418793678 0.1528940498828888
v -0.005262515973299742 -0.05991888418793678 0.1528940498828888
v 0.0003066924400627613 -0.057634804397821426 0.1581069529056549
v -0.006489917170256376 -0.0569680854678154 0.1570815145969391
v -0.005262515973299742 -0.05991888418793678 0.1528940498828888
v -0.006489917170256376 -0.0569680854678154 0.1570815145969391
v -0.0114181749522686 -0.05935059115290642 0.15134933590888977
v -0.0114181749522686 -0.05935059115290642 0.15134933590888977
v -0.006489917170256376 -0.0569680854678154 0.1570815145969391
v -0.012959296815097332 -0.05637786164879799 0.15530875325202942
v -0.0114181749522686 -0.05935059115290642 0.15134933590888977
v -0.012959296815097332 -0.05637786164879799 0.15530875325202942
v -0.017236795276403427 -0.05887579917907715 0.14899685978889465
v -0.017236795276403427 -0.05887579917907715 0.14899685978889465
v -0.012959296815097332 -0.05637786164879799 0.15530875325202942
v -0.019035406410694122 -0.05589132383465767 0.1526733934879303
v -0.017236795276403427 -0.05887579917907715 0.14899685978889465
v -0.019035406410694122 -0.05589132383465767 0.1526733934879303
v -0.02266762964427471 -0.05847025662660599 0.1458515226840973
v -0.02266762964427471 -0.05847025662660599 0.1458515226840973
v -0.019035406410694122 -0.05589132383465767 0.1526733934879303
v -0.024701181799173355 -0.05548170208930969 0.149201899766922
v -0.02266762964427471 -0.05847025662660599 0.1458515226840973
v -0.024701181799173355 -0.05548170208930969 0.149201899766922
v -0.027657782658934593 -0.05809524655342102 0.14196303486824036
v -0.027657782658934593 -0.05809524655342102 0.14196303486824036
v -0.024701181799173355 -0.05548170208930969 0.149201899766922
v -0.029943374916911125 -0.05510765314102173 0.14496150612831116
v -0.027657782658934593 -0.05809524655342102 0.14196303486824036
v -0.029943374916911125 -0.05510765314102173 0.14496150612831116
v -0.0320478156208992 -0.05770908296108246 0.13740113377571106
v -0.0320478156208992 -0.05770908296108246 0.13740113377571106
v -0.029943374916911125 -0.05510765314102173 0.14496150612831116
v -0.034596942365169525 -0.054733406752347946 0.14004233479499817
v -0.0320478156208992 -0.05770908296108246 0.13740113377571106
v -0.034596942365169525 -0.054733406752347946 0.14004233479499817
v -0.03559456765651703 -0.057267867028713226 0.13225117325782776
v -0.03559456765651703 -0.057267867028713226 0.13225117325782776
v -0.034596942365169525 -0.054733406752347946 0.14004233479499817
v -0.038377389311790466 -0.05432768911123276 0.13455238938331604
v -0.03559456765651703 -0.057267867028713226 0.13225117325782776
v -0.038377389311790466 -0.05432768911123276 0.13455238938331604
v -0.038149092346429825 -0.056756265461444855 0.1266176998615265
v -0.038149092346429825 -0.056756265461444855 0.1266176998615265
v -0.038377389311790466 -0.05432768911123276 0.13455238938331604
v -0.041102997958660126 -0.05387623980641365 0.12860575318336487
v -0.038149092346429825 -0.056756265461444855 0.1266176998615265
v -0.041102997958660126 -0.05387623980641365 0.12860575318336487
v -0.03976987674832344 -0.05622047930955887 0.1206451877951622
v -0.03976987674832344 -0.05622047930955887 0.1206451877951622
v -0.041102997958660126 -0.05387623980641365 0.12860575318336487
v -0.042819999158382416 -0.053401123732328415 0.12232913821935654
v -0.03976987674832344 -0.05622047930955887 0.1206451877951622
v -0.042819999158382416 -0.053401123732328415 0.12232913821935654
v -0.040552712976932526 -0.0557074248790741 0.11448397487401962
v -0.040552712976932526 -0.0557074248790741 0.11448397487401962
v -0.042819999158382416 -0.053401123732328415 0.12232913821935654
v -0.04361826553940773 -0.0529259517788887 0.1158536896109581
v -0.040552712976932526 -0.0557074248790741 0.11448397487401962
v -0.04361826553940773 -0.0529259517788887 0.1158536896109581
v -0.04066196829080582 -0.05521643906831741 0.10828473418951035
v -0.04066196829080582 -0.05521643906831741 0.10828473418951035
v -0.04361826553940773 -0.0529259517788887 0.1158536896109581
v -0.043680354952812195 -0.05245360732078552 0.109330914914608
v -0.04066196829080582 -0.05521643906831741 0.10828473418951035
v -0.043680354952812195 -0.05245360732078552 0.109330914914608
v -0.04028749838471413 -0.05472773313522339 0.10219671577215195
v -0.04028749838471413 -0.05472773313522339 0.10219671577215195
v -0.043680354952812195 -0.05245360732078552 0.109330914914608
v -0.043223727494478226 -0.05197868496179581 0.10291805118322372
v -0.04028749838471413 -0.05472773313522339 0.10219671577215195
v -0.043223727494478226 -0.05197868496179581 0.10291805118322372
v -0.03853588551282883 -0.05369044840335846 0.09063496440649033
v -0.03853588551282883 -0.05369044840335846 0.09063496440649033
v -0.043223727494478226 -0.05197868496179581 0.10291805118322372
v -0.041266925632953644 -0.05100997909903526 0.09071614593267441
v -0.041266925632953644 -0.05100997909903526 0.09071614593267441
v -0.043223727494478226 -0.05197868496179581 0.10291805118322372
v -0.04495469480752945 -0.048252709209918976 0.09706892818212509
v -0.041266925632953644 -0.05100997909903526 0.09071614593267441
v -0.04495469480752945 -0.048252709209918976 0.09706892818212509
v -0.043735846877098083 -0.047814417630434036 0.0907827839255333
v -0.043735846877098083 -0.047814417630434036 0.0907827839255333
v -0.04495469480752945 -0.048252709209918976 0.09706892818212509
v -0.0471947081387043 -0.04459987208247185 0.09738697856664658
v -0.043735846877098083 -0.047814417630434036 0.0907827839255333
v -0.0471947081387043 -0.04459987208247185 0.09738697856664658
v -0.04590724781155586 -0.04421108216047287 0.09083416312932968
v -0.04590724781155586 -0.04421108216047287 0.09083416312932968
v -0.0471947081387043 -0.04459987208247185 0.09738697856664658
v -0.049137841910123825 -0.040720295161008835 0.09766330569982529
v -0.04590724781155586 -0.04421108216047287 0.09083416312932968
v -0.049137841910123825 -0.040720295161008835 0.09766330569982529
v -0.04780624806880951 -0.04037925973534584 0.09087314456701279
v -0.04780624806880951 -0.04037925973534584 0.09087314456701279
v -0.049137841910123825 -0.040720295161008835 0.09766330569982529
v -0.05222410708665848 -0.03287250176072121 0.0981009230017662
v -0.04780624806880951 -0.04037925973534584 0.09087314456701279
v -0.05222410708665848 -0.03287250176072121 0.0981009230017662
v -0.05088048428297043 -0.03261462226510048 0.09092392772436142
v -0.05088048428297043 -0.03261462226510048 0.09092392772436142
v -0.05222410708665848 -0.03287250176072121 0.0981009230017662
v -0.054400913417339325 -0.02499985508620739 0.09840383380651474
v -0.05088048428297043 -0.03261462226510048 0.09092392772436142
v -0.054400913417339325 -0.02499985508620739 0.09840383380651474
v -0.053084440529346466 -0.02479465864598751 0.09093465656042099
v -0.053084440529346466 -0.02479465864598751 0.09093465656042099
v -0.054400913417339325 -0.02499985508620739 0.09840383380651474
v -0.055835217237472534 -0.016943860799074173 0.09859444946050644
v -0.053084440529346466 -0.02479465864598751 0.09093465656042099
v -0.055835217237472534 -0.016943860799074173 0.09859444946050644
v -0.05451980233192444 -0.016769425943493843 0.09090497344732285
v -0.05451980233192444 -0.016769425943493843 0.09090497344732285
v -0.055835217237472534 -0.016943860799074173 0.09859444946050644
v -0.056639499962329865 -0.008608780801296234 0.09869375079870224
v -0.05451980233192444 -0.016769425943493843 0.09090497344732285
v -0.056639499962329865 -0.008608780801296234 0.09869375079870224
v -0.05530395358800888 -0.008503705263137817 0.09085717052221298
v -0.05530395358800888 -0.008503705263137817 0.09085717052221298
v -0.056639499962329865 -0.008608780801296234 0.09869375079870224
v -0.05600856989622116 -0.00048809987492859364 0.09340276569128036
v -0.05530395358800888 -0.008503705263137817 0.09085717052221298
v -0.05600856989622116 -0.00048809987492859364 0.09340276569128036
v -0.05401964113116264 -0.0004881097702309489 0.08363094180822372
v -0.03567790240049362 -0.05257595703005791 0.07991709560155869
v -0.041266925632953644 -0.05100997909903526 0.09071614593267441
v -0.03819384425878525 -0.05004672706127167 0.07936873286962509
v -0.03819384425878525 -0.05004672706127167 0.07936873286962509
v -0.041266925632953644 -0.05100997909903526 0.09071614593267441
v -0.043735846877098083 -0.047814417630434036 0.0907827839255333
v -0.03819384425878525 -0.05004672706127167 0.07936873286962509
v -0.043735846877098083 -0.047814417630434036 0.0907827839255333
v -0.04048830643296242 -0.04702198877930641 0.0788506492972374
v -0.04048830643296242 -0.04702198877930641 0.0788506492972374
v -0.043735846877098083 -0.047814417630434036 0.0907827839255333
v -0.04590724781155586 -0.04421108216047287 0.09083416312932968
v -0.04048830643296242 -0.04702198877930641 0.0788506492972374
v -0.04590724781155586 -0.04421108216047287 0.09083416312932968
v -0.04253203421831131 -0.04358378425240517 0.07837381213903427
v -0.04253203421831131 -0.04358378425240517 0.07837381213903427
v -0.04590724781155586 -0.04421108216047287 0.09083416312932968
v -0.04780624806880951 -0.04037925973534584 0.09087314456701279
v -0.04253203421831131 -0.04358378425240517 0.07837381213903427
v -0.04780624806880951 -0.04037925973534584 0.09087314456701279
v -0.044351570308208466 -0.03988686949014664 0.07794239372015
v -0.044351570308208466 -0.03988686949014664 0.07794239372015
v -0.04780624806880951 -0.04037925973534584 0.09087314456701279
v -0.05088048428297043 -0.03261462226510048 0.09092392772436142
v -0.044351570308208466 -0.03988686949014664 0.07794239372015
v -0.05088048428297043 -0.03261462226510048 0.09092392772436142
v -0.047401897609233856 -0.03223474323749542 0.07722356170415878
v -0.047401897609233856 -0.03223474323749542 0.07722356170415878
v -0.05088048428297043 -0.03261462226510048 0.09092392772436142
v -0.053084440529346466 -0.02479465864598751 0.09093465656042099
v -0.047401897609233856 -0.03223474323749542 0.07722356170415878
v -0.053084440529346466 -0.02479465864598751 0.09093465656042099
v -0.04964618384838104 -0.024414388462901115 0.07664801925420761
v -0.04964618384838104 -0.024414388462901115 0.07664801925420761
v -0.053084440529346466 -0.02479465864598751 0.09093465656042099
v -0.05451980233192444 -0.016769425943493843 0.09090497344732285
v -0.04964618384838104 -0.024414388462901115 0.07664801925420761
v -0.05451980233192444 -0.016769425943493843 0.09090497344732285
v -0.052941013127565384 -0.01659594103693962 0.08344569057226181
v -0.052941013127565384 -0.01659594103693962 0.08344569057226181
v -0.05451980233192444 -0.016769425943493843 0.09090497344732285
v -0.05530395358800888 -0.008503705263137817 0.09085717052221298
v -0.052941013127565384 -0.01659594103693962 0.08344569057226181
v -0.05530395358800888 -0.008503705263137817 0.09085717052221298
v -0.05369934067130089 -0.008397923782467842 0.08324744552373886
v -0.05369934067130089 -0.008397923782467842 0.08324744552373886
v -0.05530395358800888 -0.008503705263137817 0.09085717052221298
v -0.05401964113116264 -0.0004881097702309489 0.08363094180822372
v -0.05369934067130089 -0.008397923782467842 0.08324744552373886
v -0.05401964113116264 -0.0004881097702309489 0.08363094180822372
v -0.051340922713279724 -0.00048811209853738546 0.07353963702917099
v -0.046104367822408676 -0.028828945010900497 0.06992974132299423
v -0.04518194869160652 -0.03204076737165451 0.07060994952917099
v -0.047401897609233856 -0.03223474323749542 0.07722356170415878
v -0.047401897609233856 -0.03223474323749542 0.07722356170415878
v -0.04518194869160652 -0.03204076737165451 0.07060994952917099
v -0.04214498773217201 -0.03966454416513443 0.07171740382909775
v -0.047401897609233856 -0.03223474323749542 0.07722356170415878
v -0.04214498773217201 -0.03966454416513443 0.07171740382909775
v -0.044351570308208466 -0.03988686949014664 0.07794239372015
v -0.044351570308208466 -0.03988686949014664 0.07794239372015
v -0.04214498773217201 -0.03966454416513443 0.07171740382909775
v -0.04036106541752815 -0.04330127686262131 0.07238545268774033
v -0.044351570308208466 -0.03988686949014664 0.07794239372015
v -0.04036106541752815 -0.04330127686262131 0.07238545268774033
v -0.04253203421831131 -0.04358378425240517 0.07837381213903427
v -0.04253203421831131 -0.04358378425240517 0.07837381213903427
v -0.04036106541752815 -0.04330127686262131 0.07238545268774033
v -0.03837577998638153 -0.046664122492074966 0.07312741130590439
v -0.04253203421831131 -0.04358378425240517 0.07837381213903427
v -0.03837577998638153 -0.046664122492074966 0.07312741130590439
v -0.04048830643296242 -0.04702198877930641 0.0788506492972374
v -0.04048830643296242 -0.04702198877930641 0.0788506492972374
v -0.03837577998638153 -0.046664122492074966 0.07312741130590439
v -0.03616396337747574 -0.049615856260061264 0.07393815368413925
v -0.04048830643296242 -0.04702198877930641 0.0788506492972374
v -0.03616396337747574 -0.049615856260061264 0.07393815368413925
v -0.03819384425878525 -0.05004672706127167 0.07936873286962509
v -0.03819384425878525 -0.05004672706127167 0.07936873286962509
v -0.03616396337747574 -0.049615856260061264 0.07393815368413925
v -0.03375304862856865 -0.05208795145153999 0.0748007521033287
v -0.03819384425878525 -0.05004672706127167 0.07936873286962509
v -0.03375304862856865 -0.05208795145153999 0.0748007521033287
v -0.03567790240049362 -0.05257595703005791 0.07991709560155869
v -0.03567790240049362 -0.05257595703005791 0.07991709560155869
v -0.03375304862856865 -0.05208795145153999 0.0748007521033287
v -0.03307606279850006 -0.0546661913394928 0.08047177642583847
v -0.03567790240049362 -0.05257595703005791 0.07991709560155869
v -0.03307606279850006 -0.0546661913394928 0.08047177642583847
v -0.03853588551282883 -0.05369044840335846 0.09063496440649033
v -0.03853588551282883 -0.05369044840335846 0.09063496440649033
v -0.03307606279850006 -0.0546661913394928 0.08047177642583847
v -0.035693444311618805 -0.05588562786579132 0.09054746478796005
v -0.03853588551282883 -0.05369044840335846 0.09063496440649033
v -0.035693444311618805 -0.05588562786579132 0.09054746478796005
v -0.04028749838471413 -0.05472773313522339 0.10219671577215195
v -0.04028749838471413 -0.05472773313522339 0.10219671577215195
v -0.035693444311618805 -0.05588562786579132 0.09054746478796005
v -0.03722267597913742 -0.05697513744235039 0.10145511478185654
v -0.04028749838471413 -0.05472773313522339 0.10219671577215195
v -0.03722267597913742 -0.05697513744235039 0.10145511478185654
v -0.04066196829080582 -0.05521643906831741 0.10828473418951035
v -0.04066196829080582 -0.05521643906831741 0.10828473418951035
v -0.03722267597913742 -0.05697513744235039 0.10145511478185654
v -0.03751080483198166 -0.057477932423353195 0.10721125453710556
v -0.04066196829080582 -0.05521643906831741 0.10828473418951035
v -0.03751080483198166 -0.057477932423353195 0.10721125453710556
v -0.040552712976932526 -0.0557074248790741 0.11448397487401962
v -0.040552712976932526 -0.0557074248790741 0.11448397487401962
v -0.03751080483198166 -0.057477932423353195 0.10721125453710556
v -0.037352316081523895 -0.057989951223134995 0.11308004707098007
v -0.040552712976932526 -0.0557074248790741 0.11448397487401962
v -0.037352316081523895 -0.057989951223134995 0.11308004707098007
v -0.03976987674832344 -0.05622047930955887 0.1206451877951622
v -0.03976987674832344 -0.05622047930955887 0.1206451877951622
v -0.037352316081523895 -0.057989951223134995 0.11308004707098007
v -0.03658267855644226 -0.05854388698935509 0.1189207062125206
v -0.03976987674832344 -0.05622047930955887 0.1206451877951622
v -0.03658267855644226 -0.05854388698935509 0.1189207062125206
v -0.038149092346429825 -0.056756265461444855 0.1266176998615265
v -0.038149092346429825 -0.056756265461444855 0.1266176998615265
v -0.03658267855644226 -0.05854388698935509 0.1189207062125206
v -0.035055648535490036 -0.05914340913295746 0.12458660453557968
v -0.038149092346429825 -0.056756265461444855 0.1266176998615265
v -0.035055648535490036 -0.05914340913295746 0.12458660453557968
v -0.03559456765651703 -0.057267867028713226 0.13225117325782776
v -0.03559456765651703 -0.057267867028713226 0.13225117325782776
v -0.035055648535490036 -0.05914340913295746 0.12458660453557968
v -0.03267505392432213 -0.05971989408135414 0.1299208700656891
v -0.03559456765651703 -0.057267867028713226 0.13225117325782776
v -0.03267505392432213 -0.05971989408135414 0.1299208700656891
v -0.0320478156208992 -0.05770908296108246 0.13740113377571106
v -0.0320478156208992 -0.05770908296108246 0.13740113377571106
v -0.03267505392432213 -0.05971989408135414 0.1299208700656891
v -0.02937544323503971 -0.060204509645700455 0.13477101922035217
v -0.0320478156208992 -0.05770908296108246 0.13740113377571106
v -0.02937544323503971 -0.060204509645700455 0.13477101922035217
v -0.027657782658934593 -0.05809524655342102 0.14196303486824036
v -0.027657782658934593 -0.05809524655342102 0.14196303486824036
v -0.02937544323503971 -0.060204509645700455 0.13477101922035217
v -0.025269765406847 -0.06061159074306488 0.13902941346168518
v -0.027657782658934593 -0.05809524655342102 0.14196303486824036
v -0.025269765406847 -0.06061159074306488 0.13902941346168518
v -0.02266762964427471 -0.05847025662660599 0.1458515226840973
v -0.02266762964427471 -0.05847025662660599 0.1458515226840973
v -0.025269765406847 -0.06061159074306488 0.13902941346168518
v -0.020552735775709152 -0.06099388748407364 0.1426093876361847
v -0.02266762964427471 -0.05847025662660599 0.1458515226840973
v -0.020552735775709152 -0.06099388748407364 0.1426093876361847
v -0.017236795276403427 -0.05887579917907715 0.14899685978889465
v -0.017236795276403427 -0.05887579917907715 0.14899685978889465
v -0.020552735775709152 -0.06099388748407364 0.1426093876361847
v -0.015374596230685711 -0.0613945908844471 0.14545610547065735
v -0.017236795276403427 -0.05887579917907715 0.14899685978889465
v -0.015374596230685711 -0.0613945908844471 0.14545610547065735
v -0.0114181749522686 -0.05935059115290642 0.15134933590888977
v -0.0114181749522686 -0.05935059115290642 0.15134933590888977
v -0.015374596230685711 -0.0613945908844471 0.14545610547065735
v -0.00982875470072031 -0.061844486743211746 0.14755383133888245
v -0.0114181749522686 -0.05935059115290642 0.15134933590888977
v -0.00982875470072031 -0.061844486743211746 0.14755383133888245
v -0.005262515973299742 -0.05991888418793678 0.1528940498828888
v -0.005262515973299742 -0.05991888418793678 0.1528940498828888
v -0.00982875470072031 -0.061844486743211746 0.14755383133888245
v -0.004000580869615078 -0.0623621828854084 0.14891186356544495
v -0.005262515973299742 -0.05991888418793678 0.1528940498828888
v -0.004000580869615078 -0.0623621828854084 0.14891186356544495
v 0.0011624973267316818 -0.06055339798331261 0.15373912453651428
v 0.0011624973267316818 -0.06055339798331261 0.15373912453651428
v -0.004000580869615078 -0.0623621828854084 0.14891186356544495
v 0.0020404427777975798 -0.0629250779747963 0.14962056279182434
v 0.0011624973267316818 -0.06055339798331261 0.15373912453651428
v 0.0020404427777975798 -0.0629250779747963 0.14962056279182434
v 0.0077897473238408566 -0.06121688708662987 0.15401151776313782
v 0.0077897473238408566 -0.06121688708662987 0.15401151776313782
v 0.0020404427777975798 -0.0629250779747963 0.14962056279182434
v 0.008818638511002064 -0.06513006240129471 0.14625731110572815
v 0.0077897473238408566 -0.06121688708662987 0.15401151776313782
v 0.008818638511002064 -0.06513006240129471 0.14625731110572815
v 0.014545616693794727 -0.06408186256885529 0.14940610527992249
v 0.014545616693794727 -0.06408186256885529 0.14940610527992249
v 0.008818638511002064 -0.06513006240129471 0.14625731110572815
v 0.01537907961755991 -0.06567754596471786 0.14570286870002747
v 0.014545616693794727 -0.06408186256885529 0.14940610527992249
v 0.01537907961755991 -0.06567754596471786 0.14570286870002747
v 0.021837005391716957 -0.06620419770479202 0.14448359608650208
v 0.07108719646930695 -0.0628766417503357 0.130793958902359
v 0.07305195927619934 -0.06102258339524269 0.1312505304813385
v 0.07114053517580032 -0.06219623237848282 0.1323392689228058
v 0.07114053517580032 -0.06219623237848282 0.1323392689228058
v 0.07305195927619934 -0.06102258339524269 0.1312505304813385
v 0.07258942723274231 -0.06034921482205391 0.13349118828773499
v 0.07114053517580032 -0.06219623237848282 0.1323392689228058
v 0.07258942723274231 -0.06034921482205391 0.13349118828773499
v 0.06791992485523224 -0.061660848557949066 0.13812962174415588
v 0.06791992485523224 -0.061660848557949066 0.13812962174415588
v 0.07258942723274231 -0.06034921482205391 0.13349118828773499
v 0.07060076296329498 -0.057826656848192215 0.1407584249973297
v 0.06791992485523224 -0.061660848557949066 0.13812962174415588
v 0.07060076296329498 -0.057826656848192215 0.1407584249973297
v 0.06380339711904526 -0.06110266223549843 0.1434568464756012
v 0.06380339711904526 -0.06110266223549843 0.1434568464756012
v 0.07060076296329498 -0.057826656848192215 0.1407584249973297
v 0.0664936825633049 -0.05727618560194969 0.14653316140174866
v 0.06380339711904526 -0.06110266223549843 0.1434568464756012
v 0.0664936825633049 -0.05727618560194969 0.14653316140174866
v 0.05884845182299614 -0.06047992408275604 0.14820650219917297
v 0.05884845182299614 -0.06047992408275604 0.14820650219917297
v 0.0664936825633049 -0.05727618560194969 0.14653316140174866
v 0.06147265434265137 -0.05660703405737877 0.15172293782234192
v 0.05884845182299614 -0.06047992408275604 0.14820650219917297
v 0.06147265434265137 -0.05660703405737877 0.15172293782234192
v 0.05313166230916977 -0.05971277132630348 0.15233507752418518
v 0.05313166230916977 -0.05971277132630348 0.15233507752418518
v 0.06147265434265137 -0.05660703405737877 0.15172293782234192
v 0.055556777864694595 -0.05573616549372673 0.15629079937934875
v 0.05313166230916977 -0.05971277132630348 0.15233507752418518
v 0.055556777864694595 -0.05573616549372673 0.15629079937934875
v 0.04665545001626015 -0.058814190328121185 0.15582218766212463
v 0.04665545001626015 -0.058814190328121185 0.15582218766212463
v 0.055556777864694595 -0.05573616549372673 0.15629079937934875
v 0.04873355105519295 -0.054705873131752014 0.16018393635749817
v 0.04665545001626015 -0.058814190328121185 0.15582218766212463
v 0.04873355105519295 -0.054705873131752014 0.16018393635749817
v 0.03934241458773613 -0.05789722874760628 0.15867212414741516
v 0.03934241458773613 -0.05789722874760628 0.15867212414741516
v 0.04873355105519295 -0.054705873131752014 0.16018393635749817
v 0.04095649719238281 -0.05369345471262932 0.16333213448524475
v 0.03934241458773613 -0.05789722874760628 0.15867212414741516
v 0.04095649719238281 -0.05369345471262932 0.16333213448524475
v 0.03125253692269325 -0.057049598544836044 0.16087713837623596
v 0.03125253692269325 -0.057049598544836044 0.16087713837623596
v 0.04095649719238281 -0.05369345471262932 0.16333213448524475
v 0.032328199595212936 -0.05283129960298538 0.16567829251289368
v 0.03125253692269325 -0.057049598544836044 0.16087713837623596
v 0.032328199595212936 -0.05283129960298538 0.16567829251289368
v 0.0228717103600502 -0.05626766011118889 0.16238906979560852
v 0.0228717103600502 -0.05626766011118889 0.16238906979560852
v 0.032328199595212936 -0.05283129960298538 0.16567829251289368
v 0.023405401036143303 -0.052096378058195114 0.16720691323280334
v 0.0228717103600502 -0.05626766011118889 0.16238906979560852
v 0.023405401036143303 -0.052096378058195114 0.16720691323280334
v 0.014726482331752777 -0.05553175508975983 0.16315987706184387
v 0.014726482331752777 -0.05553175508975983 0.16315987706184387
v 0.023405401036143303 -0.052096378058195114 0.16720691323280334
v 0.014784688130021095 -0.05143913999199867 0.16791453957557678
v 0.014726482331752777 -0.05553175508975983 0.16315987706184387
v 0.014784688130021095 -0.05143913999199867 0.16791453957557678
v 0.0069640688598155975 -0.054832879453897476 0.16321364045143127
v 0.0069640688598155975 -0.054832879453897476 0.16321364045143127
v 0.014784688130021095 -0.05143913999199867 0.16791453957557678
v 0.006623920518904924 -0.05083572492003441 0.16783645749092102
v 0.0069640688598155975 -0.054832879453897476 0.16321364045143127
v 0.006623920518904924 -0.05083572492003441 0.16783645749092102
v -0.0004799844173248857 -0.05416819080710411 0.16261354088783264
v -0.0004799844173248857 -0.05416819080710411 0.16261354088783264
v 0.006623920518904924 -0.05083572492003441 0.16783645749092102
v -0.0011638215510174632 -0.05027671158313751 0.16702917218208313
v -0.0004799844173248857 -0.05416819080710411 0.16261354088783264
v -0.0011638215510174632 -0.05027671158313751 0.16702917218208313
v -0.007616623770445585 -0.05354514718055725 0.1613495647907257
v -0.007616623770445585 -0.05354514718055725 0.1613495647907257
v -0.0011638215510174632 -0.05027671158313751 0.16702917218208313
v -0.008602241985499859 -0.04975583776831627 0.16549363732337952
v -0.007616623770445585 -0.05354514718055725 0.1613495647907257
v -0.008602241985499859 -0.04975583776831627 0.16549363732337952
v -0.014372310601174831 -0.05298670753836632 0.15930083394050598
v -0.014372310601174831 -0.05298670753836632 0.15930083394050598
v -0.008602241985499859 -0.04975583776831627 0.16549363732337952
v -0.01561532448977232 -0.049271345138549805 0.16314604878425598
v -0.014372310601174831 -0.05298670753836632 0.15930083394050598
v -0.01561532448977232 -0.049271345138549805 0.16314604878425598
v -0.020682910457253456 -0.05250893905758858 0.15636423230171204
v -0.020682910457253456 -0.05250893905758858 0.15636423230171204
v -0.01561532448977232 -0.049271345138549805 0.16314604878425598
v -0.02213868871331215 -0.048820529133081436 0.15991023182868958
v -0.020682910457253456 -0.05250893905758858 0.15636423230171204
v -0.02213868871331215 -0.048820529133081436 0.15991023182868958
v -0.02655704878270626 -0.05209167301654816 0.15255489945411682
v -0.02655704878270626 -0.05209167301654816 0.15255489945411682
v -0.02213868871331215 -0.048820529133081436 0.15991023182868958
v -0.028196237981319427 -0.04839474707841873 0.15577200055122375
v -0.02655704878270626 -0.05209167301654816 0.15255489945411682
v -0.028196237981319427 -0.04839474707841873 0.15577200055122375
v -0.03201184421777725 -0.05170508846640587 0.14792504906654358
v -0.03201184421777725 -0.05170508846640587 0.14792504906654358
v -0.028196237981319427 -0.04839474707841873 0.15577200055122375
v -0.03382384032011032 -0.04798383638262749 0.15074291825294495
v -0.03201184421777725 -0.05170508846640587 0.14792504906654358
v -0.03382384032011032 -0.04798383638262749 0.15074291825294495
v -0.0368829108774662 -0.0513250008225441 0.14259067177772522
v -0.0368829108774662 -0.0513250008225441 0.14259067177772522
v -0.03382384032011032 -0.04798383638262749 0.15074291825294495
v -0.03886329382658005 -0.0475795678794384 0.14496758580207825
v -0.0368829108774662 -0.0513250008225441 0.14259067177772522
v -0.03886329382658005 -0.0475795678794384 0.14496758580207825
v -0.04086294025182724 -0.050931718200445175 0.13671782612800598
v -0.04086294025182724 -0.050931718200445175 0.13671782612800598
v -0.03886329382658005 -0.0475795678794384 0.14496758580207825
v -0.04300345852971077 -0.04717523604631424 0.1386953890323639
v -0.04086294025182724 -0.050931718200445175 0.13671782612800598
v -0.04300345852971077 -0.04717523604631424 0.1386953890323639
v -0.0437474325299263 -0.05051364004611969 0.13045111298561096
v -0.0437474325299263 -0.05051364004611969 0.13045111298561096
v -0.04300345852971077 -0.04717523604631424 0.1386953890323639
v -0.04602843523025513 -0.04676508903503418 0.13211575150489807
v -0.0437474325299263 -0.05051364004611969 0.13045111298561096
v -0.04602843523025513 -0.04676508903503418 0.13211575150489807
v -0.04556132107973099 -0.05007630214095116 0.12388553470373154
v -0.04556132107973099 -0.05007630214095116 0.12388553470373154
v -0.04602843523025513 -0.04676508903503418 0.13211575150489807
v -0.04793601110577583 -0.04634533450007439 0.1252838671207428
v -0.04556132107973099 -0.05007630214095116 0.12388553470373154
v -0.04793601110577583 -0.04634533450007439 0.1252838671207428
v -0.04637838527560234 -0.04962700232863426 0.11711754649877548
v -0.04637838527560234 -0.04962700232863426 0.11711754649877548
v -0.04793601110577583 -0.04634533450007439 0.1252838671207428
v -0.048776544630527496 -0.045913368463516235 0.11825051158666611
v -0.04637838527560234 -0.04962700232863426 0.11711754649877548
v -0.048776544630527496 -0.045913368463516235 0.11825051158666611
v -0.046398140490055084 -0.049170177429914474 0.11029376834630966
v -0.046398140490055084 -0.049170177429914474 0.11029376834630966
v -0.048776544630527496 -0.045913368463516235 0.11825051158666611
v -0.048763953149318695 -0.0454726442694664 0.11115434020757675
v -0.046398140490055084 -0.049170177429914474 0.11029376834630966
v -0.048763953149318695 -0.0454726442694664 0.11115434020757675
v -0.045867953449487686 -0.04870927333831787 0.10357894748449326
v -0.045867953449487686 -0.04870927333831787 0.10357894748449326
v -0.048763953149318695 -0.0454726442694664 0.11115434020757675
v -0.0481749027967453 -0.045029427856206894 0.10416676849126816
v 0.04320760443806648 -0.04443945735692978 0.1710623800754547
v 0.0385831855237484 -0.04402775317430496 0.17253389954566956
v 0.03319820761680603 -0.048267826437950134 0.17006292939186096
v 0.03319820761680603 -0.048267826437950134 0.17006292939186096
v 0.0385831855237484 -0.04402775317430496 0.17253389954566956
v 0.03380439803004265 -0.04368409141898155 0.17371371388435364
v 0.03319820761680603 -0.048267826437950134 0.17006292939186096
v 0.03380439803004265 -0.04368409141898155 0.17371371388435364
v 0.023838361725211143 -0.047619666904211044 0.17161157727241516
v 0.023838361725211143 -0.047619666904211044 0.17161157727241516
v 0.03380439803004265 -0.04368409141898155 0.17371371388435364
v 0.0241418294608593 -0.04314136877655983 0.17527058720588684
v 0.023838361725211143 -0.047619666904211044 0.17161157727241516
v 0.0241418294608593 -0.04314136877655983 0.17527058720588684
v 0.014837672933936119 -0.047071781009435654 0.17226126790046692
v 0.014837672933936119 -0.047071781009435654 0.17226126790046692
v 0.0241418294608593 -0.04314136877655983 0.17527058720588684
v 0.01488286443054676 -0.04269900918006897 0.17587104439735413
v 0.014837672933936119 -0.047071781009435654 0.17226126790046692
v 0.01488286443054676 -0.04269900918006897 0.17587104439735413
v 0.00635591521859169 -0.04658587649464607 0.17206326127052307
v 0.00635591521859169 -0.04658587649464607 0.17206326127052307
v 0.01488286443054676 -0.04269900918006897 0.17587104439735413
v 0.0061756884679198265 -0.04231017455458641 0.17558279633522034
v 0.00635591521859169 -0.04658587649464607 0.17206326127052307
v 0.0061756884679198265 -0.04231017455458641 0.17558279633522034
v -0.0017180743161588907 -0.046148739755153656 0.17106178402900696
v -0.0017180743161588907 -0.046148739755153656 0.17106178402900696
v 0.0061756884679198265 -0.04231017455458641 0.17558279633522034
v -0.0021183963399380445 -0.041964542120695114 0.17443373799324036
v -0.0017180743161588907 -0.046148739755153656 0.17106178402900696
v -0.0021183963399380445 -0.041964542120695114 0.17443373799324036
v -0.009419902227818966 -0.04574285075068474 0.16926732659339905
v -0.009419902227818966 -0.04574285075068474 0.16926732659339905
v -0.0021183963399380445 -0.041964542120695114 0.17443373799324036
v -0.010045284405350685 -0.041642703115940094 0.17243745923042297
v -0.009419902227818966 -0.04574285075068474 0.16926732659339905
v -0.010045284405350685 -0.041642703115940094 0.17243745923042297
v -0.016666343435645103 -0.04534373804926872 0.16663923859596252
v -0.016666343435645103 -0.04534373804926872 0.16663923859596252
v -0.010045284405350685 -0.041642703115940094 0.17243745923042297
v -0.01750568486750126 -0.041310910135507584 0.1695864498615265
v -0.016666343435645103 -0.04534373804926872 0.16663923859596252
v -0.01750568486750126 -0.041310910135507584 0.1695864498615265
v -0.023386741057038307 -0.044930651783943176 0.16313186287879944
v -0.023386741057038307 -0.044930651783943176 0.16313186287879944
v -0.01750568486750126 -0.041310910135507584 0.1695864498615265
v -0.02441304363310337 -0.040939100086688995 0.16585960984230042
v -0.023386741057038307 -0.044930651783943176 0.16313186287879944
v -0.02441304363310337 -0.040939100086688995 0.16585960984230042
v -0.02960985340178013 -0.044501833617687225 0.15869703888893127
v -0.02960985340178013 -0.044501833617687225 0.15869703888893127
v -0.02441304363310337 -0.040939100086688995 0.16585960984230042
v -0.030790699645876884 -0.04051885008811951 0.1611821949481964
v -0.02960985340178013 -0.044501833617687225 0.15869703888893127
v -0.030790699645876884 -0.04051885008811951 0.1611821949481964
v -0.035379569977521896 -0.04406115785241127 0.1532985270023346
v -0.035379569977521896 -0.04406115785241127 0.1532985270023346
v -0.030790699645876884 -0.04051885008811951 0.1611821949481964
v -0.03668075054883957 -0.04004945605993271 0.1554817259311676
v -0.035379569977521896 -0.04406115785241127 0.1532985270023346
v -0.03668075054883957 -0.04004945605993271 0.1554817259311676
v -0.040546808391809464 -0.043618105351924896 0.14710822701454163
v -0.040546808391809464 -0.043618105351924896 0.14710822701454163
v -0.03668075054883957 -0.04004945605993271 0.1554817259311676
v -0.041943714022636414 -0.03955726698040962 0.1489512026309967
v -0.040546808391809464 -0.043618105351924896 0.14710822701454163
v -0.041943714022636414 -0.03955726698040962 0.1489512026309967
v -0.04481038451194763 -0.04318655654788017 0.14046111702919006
v -0.04481038451194763 -0.04318655654788017 0.14046111702919006
v -0.041943714022636414 -0.03955726698040962 0.1489512026309967
v -0.046296942979097366 -0.03908991441130638 0.14199331402778625
v -0.04481038451194763 -0.04318655654788017 0.14046111702919006
v -0.046296942979097366 -0.03908991441130638 0.14199331402778625
v -0.04795289784669876 -0.04277249425649643 0.13359418511390686
v -0.04795289784669876 -0.04277249425649643 0.13359418511390686
v -0.046296942979097366 -0.03908991441130638 0.14199331402778625
v -0.049529965966939926 -0.03867337852716446 0.13488176465034485
v -0.04795289784669876 -0.04277249425649643 0.13359418511390686
v -0.049529965966939926 -0.03867337852716446 0.13488176465034485
v -0.049946025013923645 -0.042364683002233505 0.12652269005775452
v -0.049946025013923645 -0.042364683002233505 0.12652269005775452
v -0.049529965966939926 -0.03867337852716446 0.13488176465034485
v -0.05159587785601616 -0.03828587383031845 0.1276017725467682
v -0.049946025013923645 -0.042364683002233505 0.12652269005775452
v -0.05159587785601616 -0.03828587383031845 0.1276017725467682
v -0.05081608518958092 -0.041951507329940796 0.11925246566534042
v -0.05081608518958092 -0.041951507329940796 0.11925246566534042
v -0.05159587785601616 -0.03828587383031845 0.1276017725467682
v -0.05250273272395134 -0.037902623414993286 0.12012412399053574
v -0.05081608518958092 -0.041951507329940796 0.11925246566534042
v -0.05250273272395134 -0.037902623414993286 0.12012412399053574
v -0.050787556916475296 -0.04153349995613098 0.11191346496343613
v -0.050787556916475296 -0.04153349995613098 0.11191346496343613
v -0.05250273272395134 -0.037902623414993286 0.12012412399053574
v -0.05248052999377251 -0.03751978278160095 0.1125725731253624
v -0.050787556916475296 -0.04153349995613098 0.11191346496343613
v -0.05248052999377251 -0.03751978278160095 0.1125725731253624
v -0.05016130208969116 -0.04111658036708832 0.10468294471502304
v -0.05016130208969116 -0.04111658036708832 0.10468294471502304
v -0.05248052999377251 -0.03751978278160095 0.1125725731253624
v -0.05184505879878998 -0.03714242950081825 0.10512974113225937
v -0.05016130208969116 -0.04111658036708832 0.10468294471502304
v -0.0481749027967453 -0.045029427856206894 0.10416676849126816
v -0.050787556916475296 -0.04153349995613098 0.11191346496343613
v -0.050787556916475296 -0.04153349995613098 0.11191346496343613
v -0.0481749027967453 -0.045029427856206894 0.10416676849126816
v -0.048763953149318695 -0.0454726442694664 0.11115434020757675
v -0.050787556916475296 -0.04153349995613098 0.11191346496343613
v -0.048763953149318695 -0.0454726442694664 0.11115434020757675
v -0.05081608518958092 -0.041951507329940796 0.11925246566534042
v -0.05081608518958092 -0.041951507329940796 0.11925246566534042
v -0.048763953149318695 -0.0454726442694664 0.11115434020757675
v -0.048776544630527496 -0.045913368463516235 0.11825051158666611
v -0.05081608518958092 -0.041951507329940796 0.11925246566534042
v -0.048776544630527496 -0.045913368463516235 0.11825051158666611
v -0.049946025013923645 -0.042364683002233505 0.12652269005775452
v -0.049946025013923645 -0.042364683002233505 0.12652269005775452
v -0.048776544630527496 -0.045913368463516235 0.11825051158666611
v -0.04793601110577583 -0.04634533450007439 0.1252838671207428
v -0.049946025013923645 -0.042364683002233505 0.12652269005775452
v -0.04793601110577583 -0.04634533450007439 0.1252838671207428
v -0.04795289784669876 -0.04277249425649643 0.13359418511390686
v -0.04795289784669876 -0.04277249425649643 0.13359418511390686
v -0.04793601110577583 -0.04634533450007439 0.1252838671207428
v -0.04602843523025513 -0.04676508903503418 0.13211575150489807
v -0.04795289784669876 -0.04277249425649643 0.13359418511390686
v -0.04602843523025513 -0.04676508903503418 0.13211575150489807
v -0.04481038451194763 -0.04318655654788017 0.14046111702919006
v -0.04481038451194763 -0.04318655654788017 0.14046111702919006
v -0.04602843523025513 -0.04676508903503418 0.13211575150489807
v -0.04300345852971077 -0.04717523604631424 0.1386953890323639
v -0.04481038451194763 -0.04318655654788017 0.14046111702919006
v -0.04300345852971077 -0.04717523604631424 0.1386953890323639
v -0.040546808391809464 -0.043618105351924896 0.14710822701454163
v -0.040546808391809464 -0.043618105351924896 0.14710822701454163
v -0.04300345852971077 -0.04717523604631424 0.1386953890323639
v -0.03886329382658005 -0.0475795678794384 0.14496758580207825
v -0.040546808391809464 -0.043618105351924896 0.14710822701454163
v -0.03886329382658005 -0.0475795678794384 0.14496758580207825
v -0.035379569977521896 -0.04406115785241127 0.1532985270023346
v -0.035379569977521896 -0.04406115785241127 0.1532985270023346
v -0.03886329382658005 -0.0475795678794384 0.14496758580207825
v -0.03382384032011032 -0.04798383638262749 0.15074291825294495
v -0.035379569977521896 -0.04406115785241127 0.1532985270023346
v -0.03382384032011032 -0.04798383638262749 0.15074291825294495
v -0.02960985340178013 -0.044501833617687225 0.15869703888893127
v -0.02960985340178013 -0.044501833617687225 0.15869703888893127
v -0.03382384032011032 -0.04798383638262749 0.15074291825294495
v -0.028196237981319427 -0.04839474707841873 0.15577200055122375
v -0.02960985340178013 -0.044501833617687225 0.15869703888893127
v -0.028196237981319427 -0.04839474707841873 0.15577200055122375
v -0.023386741057038307 -0.044930651783943176 0.16313186287879944
v -0.023386741057038307 -0.044930651783943176 0.16313186287879944
v -0.028196237981319427 -0.04839474707841873 0.15577200055122375
v -0.02213868871331215 -0.048820529133081436 0.15991023182868958
v -0.023386741057038307 -0.044930651783943176 0.16313186287879944
v -0.02213868871331215 -0.048820529133081436 0.15991023182868958
v -0.016666343435645103 -0.04534373804926872 0.16663923859596252
v -0.016666343435645103 -0.04534373804926872 0.16663923859596252
v -0.02213868871331215 -0.048820529133081436 0.15991023182868958
v -0.01561532448977232 -0.049271345138549805 0.16314604878425598
v -0.016666343435645103 -0.04534373804926872 0.16663923859596252
v -0.01561532448977232 -0.049271345138549805 0.16314604878425598
v -0.009419902227818966 -0.04574285075068474 0.16926732659339905
v -0.009419902227818966 -0.04574285075068474 0.16926732659339905
v -0.01561532448977232 -0.049271345138549805 0.16314604878425598
v -0.008602241985499859 -0.04975583776831627 0.16549363732337952
v -0.009419902227818966 -0.04574285075068474 0.16926732659339905
v -0.008602241985499859 -0.04975583776831627 0.16549363732337952
v -0.0017180743161588907 -0.046148739755153656 0.17106178402900696
v -0.0017180743161588907 -0.046148739755153656 0.17106178402900696
v -0.008602241985499859 -0.04975583776831627 0.16549363732337952
v -0.0011638215510174632 -0.05027671158313751 0.16702917218208313
v -0.0017180743161588907 -0.046148739755153656 0.17106178402900696
v -0.0011638215510174632 -0.05027671158313751 0.16702917218208313
v 0.00635591521859169 -0.04658587649464607 0.17206326127052307
v 0.00635591521859169 -0.04658587649464607 0.17206326127052307
v -0.0011638215510174632 -0.05027671158313751 0.16702917218208313
v 0.006623920518904924 -0.05083572492003441 0.16783645749092102
v 0.00635591521859169 -0.04658587649464607 0.17206326127052307
v 0.006623920518904924 -0.05083572492003441 0.16783645749092102
v 0.014837672933936119 -0.047071781009435654 0.17226126790046692
v 0.014837672933936119 -0.047071781009435654 0.17226126790046692
v 0.006623920518904924 -0.05083572492003441 0.16783645749092102
v 0.014784688130021095 -0.05143913999199867 0.16791453957557678
v 0.014837672933936119 -0.047071781009435654 0.17226126790046692
v 0.014784688130021095 -0.05143913999199867 0.16791453957557678
v 0.023838361725211143 -0.047619666904211044 0.17161157727241516
v 0.023838361725211143 -0.047619666904211044 0.17161157727241516
v 0.014784688130021095 -0.05143913999199867 0.16791453957557678
v 0.023405401036143303 -0.052096378058195114 0.16720691323280334
v 0.023838361725211143 -0.047619666904211044 0.17161157727241516
v 0.023405401036143303 -0.052096378058195114 0.16720691323280334
v 0.03319820761680603 -0.048267826437950134 0.17006292939186096
v 0.03319820761680603 -0.048267826437950134 0.17006292939186096
v 0.023405401036143303 -0.052096378058195114 0.16720691323280334
v 0.032328199595212936 -0.05283129960298538 0.16567829251289368
v 0.03319820761680603 -0.048267826437950134 0.17006292939186096
v 0.032328199595212936 -0.05283129960298538 0.16567829251289368
v 0.04227164387702942 -0.049099456518888474 0.1675516664981842
v 0.04227164387702942 -0.049099456518888474 0.1675516664981842
v 0.032328199595212936 -0.05283129960298538 0.16567829251289368
v 0.04095649719238281 -0.05369345471262932 0.16333213448524475
v 0.04227164387702942 -0.049099456518888474 0.1675516664981842
v 0.04095649719238281 -0.05369345471262932 0.16333213448524475
v 0.04649104177951813 -0.04960780590772629 0.1659177839756012
v 0.04649104177951813 -0.04960780590772629 0.1659177839756012
v 0.04095649719238281 -0.05369345471262932 0.16333213448524475
v 0.04873355105519295 -0.054705873131752014 0.16018393635749817
v 0.04649104177951813 -0.04960780590772629 0.1659177839756012
v 0.04873355105519295 -0.054705873131752014 0.16018393635749817
v 0.05044681578874588 -0.05016089975833893 0.16404488682746887
v 0.05044681578874588 -0.05016089975833893 0.16404488682746887
v 0.04873355105519295 -0.054705873131752014 0.16018393635749817
v 0.0575593039393425 -0.05127730965614319 0.15967634320259094
v 0.05044681578874588 -0.05016089975833893 0.16404488682746887
v 0.0575593039393425 -0.05127730965614319 0.15967634320259094
v 0.05908754840493202 -0.04659168794751167 0.16241899132728577
v 0.05908754840493202 -0.04659168794751167 0.16241899132728577
v 0.0575593039393425 -0.05127730965614319 0.15967634320259094
v 0.06524501740932465 -0.047505319118499756 0.1569400131702423
v 0.05908754840493202 -0.04659168794751167 0.16241899132728577
v 0.06524501740932465 -0.047505319118499756 0.1569400131702423
v 0.06647814065217972 -0.04260114207863808 0.15870776772499084
v 0.06647814065217972 -0.04260114207863808 0.15870776772499084
v 0.06524501740932465 -0.047505319118499756 0.1569400131702423
v 0.07145910710096359 -0.043122537434101105 0.15237775444984436
v 0.06647814065217972 -0.04260114207863808 0.15870776772499084
v 0.07145910710096359 -0.043122537434101105 0.15237775444984436
v 0.07241165637969971 -0.03790951147675514 0.1534203588962555
v 0.07241165637969971 -0.03790951147675514 0.1534203588962555
v 0.07145910710096359 -0.043122537434101105 0.15237775444984436
v 0.0761738196015358 -0.038133710622787476 0.14633789658546448
v 0.07241165637969971 -0.03790951147675514 0.1534203588962555
v 0.0761738196015358 -0.038133710622787476 0.14633789658546448
v 0.07686840742826462 -0.03268381953239441 0.14684191346168518
v 0.07686840742826462 -0.03268381953239441 0.14684191346168518
v 0.0761738196015358 -0.038133710622787476 0.14633789658546448
v 0.07941970974206924 -0.03277180716395378 0.13919559121131897
v 0.07686840742826462 -0.03268381953239441 0.14684191346168518
v 0.07941970974206924 -0.03277180716395378 0.13919559121131897
v 0.08017019182443619 -0.021684447303414345 0.1394285261631012
v 0.08017019182443619 -0.021684447303414345 0.1394285261631012
v 0.07941970974206924 -0.03277180716395378 0.13919559121131897
v 0.08136245608329773 -0.02173202484846115 0.1331365406513214
v 0.08017019182443619 -0.021684447303414345 0.1394285261631012
v 0.08136245608329773 -0.02173202484846115 0.1331365406513214
v 0.08148281276226044 -0.017466994002461433 0.1331658661365509
v 0.05190591886639595 -0.06865599751472473 0.12530866265296936
v 0.05271289497613907 -0.06851783394813538 0.12588754296302795
v 0.04956931993365288 -0.06893405318260193 0.1244068369269371
v 0.04956931993365288 -0.06893405318260193 0.1244068369269371
v 0.05271289497613907 -0.06851783394813538 0.12588754296302795
v 0.0544017069041729 -0.06818286329507828 0.12718358635902405
v 0.04956931993365288 -0.06893405318260193 0.1244068369269371
v 0.0544017069041729 -0.06818286329507828 0.12718358635902405
v 0.05167624354362488 -0.06784258037805557 0.13112691044807434
v 0.05167624354362488 -0.06784258037805557 0.13112691044807434
v 0.0544017069041729 -0.06818286329507828 0.12718358635902405
v 0.05955282226204872 -0.06679803133010864 0.13109007477760315
v 0.05167624354362488 -0.06784258037805557 0.13112691044807434
v 0.05955282226204872 -0.06679803133010864 0.13109007477760315
v 0.05618072673678398 -0.06635283678770065 0.1354760229587555
v 0.05618072673678398 -0.06635283678770065 0.1354760229587555
v 0.05955282226204872 -0.06679803133010864 0.13109007477760315
v 0.06423664838075638 -0.06467865407466888 0.1348743736743927
v 0.05618072673678398 -0.06635283678770065 0.1354760229587555
v 0.06423664838075638 -0.06467865407466888 0.1348743736743927
v 0.060353778302669525 -0.06415623426437378 0.13973155617713928
v 0.060353778302669525 -0.06415623426437378 0.13973155617713928
v 0.06423664838075638 -0.06467865407466888 0.1348743736743927
v 0.06218242645263672 -0.06273865699768066 0.1416778862476349
v 0.060353778302669525 -0.06415623426437378 0.13973155617713928
v 0.06218242645263672 -0.06273865699768066 0.1416778862476349
v 0.05569521710276604 -0.06360121816396713 0.14407923817634583
v 0.05569521710276604 -0.06360121816396713 0.14407923817634583
v 0.06218242645263672 -0.06273865699768066 0.1416778862476349
v 0.05884845182299614 -0.06047992408275604 0.14820650219917297
v 0.05569521710276604 -0.06360121816396713 0.14407923817634583
v 0.05884845182299614 -0.06047992408275604 0.14820650219917297
v 0.0503411702811718 -0.0629434734582901 0.14789000153541565
v 0.0503411702811718 -0.0629434734582901 0.14789000153541565
v 0.05884845182299614 -0.06047992408275604 0.14820650219917297
v 0.05313166230916977 -0.05971277132630348 0.15233507752418518
v 0.0503411702811718 -0.0629434734582901 0.14789000153541565
v 0.05313166230916977 -0.05971277132630348 0.15233507752418518
v 0.04430267587304115 -0.06217886507511139 0.15114906430244446
v 0.04430267587304115 -0.06217886507511139 0.15114906430244446
v 0.05313166230916977 -0.05971277132630348 0.15233507752418518
v 0.04665545001626015 -0.058814190328121185 0.15582218766212463
v 0.04430267587304115 -0.06217886507511139 0.15114906430244446
v 0.04665545001626015 -0.058814190328121185 0.15582218766212463
v 0.03751629590988159 -0.061374448239803314 0.1538548767566681
v 0.03751629590988159 -0.061374448239803314 0.1538548767566681
v 0.04665545001626015 -0.058814190328121185 0.15582218766212463
v 0.03934241458773613 -0.05789722874760628 0.15867212414741516
v 0.03751629590988159 -0.061374448239803314 0.1538548767566681
v 0.03934241458773613 -0.05789722874760628 0.15867212414741516
v 0.03003426268696785 -0.060584891587495804 0.15599313378334045
v 0.03003426268696785 -0.060584891587495804 0.15599313378334045
v 0.03934241458773613 -0.05789722874760628 0.15867212414741516
v 0.03125253692269325 -0.057049598544836044 0.16087713837623596
v 0.03003426268696785 -0.060584891587495804 0.15599313378334045
v 0.03125253692269325 -0.057049598544836044 0.16087713837623596
v 0.02226845733821392 -0.05981692671775818 0.15750792622566223
v 0.02226845733821392 -0.05981692671775818 0.15750792622566223
v 0.03125253692269325 -0.057049598544836044 0.16087713837623596
v 0.0228717103600502 -0.05626766011118889 0.16238906979560852
v 0.02226845733821392 -0.05981692671775818 0.15750792622566223
v 0.0228717103600502 -0.05626766011118889 0.16238906979560852
v 0.014665762893855572 -0.05906856805086136 0.1583438217639923
v 0.014665762893855572 -0.05906856805086136 0.1583438217639923
v 0.0228717103600502 -0.05626766011118889 0.16238906979560852
v 0.014726482331752777 -0.05553175508975983 0.16315987706184387
v 0.014665762893855572 -0.05906856805086136 0.1583438217639923
v 0.014726482331752777 -0.05553175508975983 0.16315987706184387
v 0.007359209470450878 -0.05834042280912399 0.15852227807044983
v 0.007359209470450878 -0.05834042280912399 0.15852227807044983
v 0.014726482331752777 -0.05553175508975983 0.16315987706184387
v 0.0069640688598155975 -0.054832879453897476 0.16321364045143127
v 0.007359209470450878 -0.05834042280912399 0.15852227807044983
v 0.0069640688598155975 -0.054832879453897476 0.16321364045143127
v 0.0003066924400627613 -0.057634804397821426 0.1581069529056549
v 0.0003066924400627613 -0.057634804397821426 0.1581069529056549
v 0.0069640688598155975 -0.054832879453897476 0.16321364045143127
v -0.0004799844173248857 -0.05416819080710411 0.16261354088783264
v 0.0003066924400627613 -0.057634804397821426 0.1581069529056549
v -0.0004799844173248857 -0.05416819080710411 0.16261354088783264
v -0.006489917170256376 -0.0569680854678154 0.1570815145969391
v -0.006489917170256376 -0.0569680854678154 0.1570815145969391
v -0.0004799844173248857 -0.05416819080710411 0.16261354088783264
v -0.007616623770445585 -0.05354514718055725 0.1613495647907257
v -0.006489917170256376 -0.0569680854678154 0.1570815145969391
v -0.007616623770445585 -0.05354514718055725 0.1613495647907257
v -0.012959296815097332 -0.05637786164879799 0.15530875325202942
v -0.012959296815097332 -0.05637786164879799 0.15530875325202942
v -0.007616623770445585 -0.05354514718055725 0.1613495647907257
v -0.014372310601174831 -0.05298670753836632 0.15930083394050598
v -0.012959296815097332 -0.05637786164879799 0.15530875325202942
v -0.014372310601174831 -0.05298670753836632 0.15930083394050598
v -0.019035406410694122 -0.05589132383465767 0.1526733934879303
v -0.019035406410694122 -0.05589132383465767 0.1526733934879303
v -0.014372310601174831 -0.05298670753836632 0.15930083394050598
v -0.020682910457253456 -0.05250893905758858 0.15636423230171204
v -0.019035406410694122 -0.05589132383465767 0.1526733934879303
v -0.020682910457253456 -0.05250893905758858 0.15636423230171204
v -0.024701181799173355 -0.05548170208930969 0.149201899766922
v -0.024701181799173355 -0.05548170208930969 0.149201899766922
v -0.020682910457253456 -0.05250893905758858 0.15636423230171204
v -0.02655704878270626 -0.05209167301654816 0.15255489945411682
v -0.024701181799173355 -0.05548170208930969 0.149201899766922
v -0.02655704878270626 -0.05209167301654816 0.15255489945411682
v -0.029943374916911125 -0.05510765314102173 0.14496150612831116
v -0.029943374916911125 -0.05510765314102173 0.14496150612831116
v -0.02655704878270626 -0.05209167301654816 0.15255489945411682
v -0.03201184421777725 -0.05170508846640587 0.14792504906654358
v -0.029943374916911125 -0.05510765314102173 0.14496150612831116
v -0.03201184421777725 -0.05170508846640587 0.14792504906654358
v -0.034596942365169525 -0.054733406752347946 0.14004233479499817
v -0.034596942365169525 -0.054733406752347946 0.14004233479499817
v -0.03201184421777725 -0.05170508846640587 0.14792504906654358
v -0.0368829108774662 -0.0513250008225441 0.14259067177772522
v -0.034596942365169525 -0.054733406752347946 0.14004233479499817
v -0.0368829108774662 -0.0513250008225441 0.14259067177772522
v -0.038377389311790466 -0.05432768911123276 0.13455238938331604
v -0.038377389311790466 -0.05432768911123276 0.13455238938331604
v -0.0368829108774662 -0.0513250008225441 0.14259067177772522
v -0.04086294025182724 -0.050931718200445175 0.13671782612800598
v -0.038377389311790466 -0.05432768911123276 0.13455238938331604
v -0.04086294025182724 -0.050931718200445175 0.13671782612800598
v -0.041102997958660126 -0.05387623980641365 0.12860575318336487
v -0.041102997958660126 -0.05387623980641365 0.12860575318336487
v -0.04086294025182724 -0.050931718200445175 0.13671782612800598
v -0.0437474325299263 -0.05051364004611969 0.13045111298561096
v -0.041102997958660126 -0.05387623980641365 0.12860575318336487
v -0.0437474325299263 -0.05051364004611969 0.13045111298561096
v -0.042819999158382416 -0.053401123732328415 0.12232913821935654
v -0.042819999158382416 -0.053401123732328415 0.12232913821935654
v -0.0437474325299263 -0.05051364004611969 0.13045111298561096
v -0.04556132107973099 -0.05007630214095116 0.12388553470373154
v -0.042819999158382416 -0.053401123732328415 0.12232913821935654
v -0.04556132107973099 -0.05007630214095116 0.12388553470373154
v -0.04361826553940773 -0.0529259517788887 0.1158536896109581
v -0.04361826553940773 -0.0529259517788887 0.1158536896109581
v -0.04556132107973099 -0.05007630214095116 0.12388553470373154
v -0.04637838527560234 -0.04962700232863426 0.11711754649877548
v -0.04361826553940773 -0.0529259517788887 0.1158536896109581
v -0.04637838527560234 -0.04962700232863426 0.11711754649877548
v -0.043680354952812195 -0.05245360732078552 0.109330914914608
v -0.043680354952812195 -0.05245360732078552 0.109330914914608
v -0.04637838527560234 -0.04962700232863426 0.11711754649877548
v -0.046398140490055084 -0.049170177429914474 0.11029376834630966
v -0.043680354952812195 -0.05245360732078552 0.109330914914608
v -0.046398140490055084 -0.049170177429914474 0.11029376834630966
v -0.043223727494478226 -0.05197868496179581 0.10291805118322372
v -0.043223727494478226 -0.05197868496179581 0.10291805118322372
v -0.046398140490055084 -0.049170177429914474 0.11029376834630966
v -0.045867953449487686 -0.04870927333831787 0.10357894748449326
v -0.043223727494478226 -0.05197868496179581 0.10291805118322372
v -0.045867953449487686 -0.04870927333831787 0.10357894748449326
v -0.04495469480752945 -0.048252709209918976 0.09706892818212509
v -0.04495469480752945 -0.048252709209918976 0.09706892818212509
v -0.045867953449487686 -0.04870927333831787 0.10357894748449326
v -0.0481749027967453 -0.045029427856206894 0.10416676849126816
v -0.04495469480752945 -0.048252709209918976 0.09706892818212509
v -0.0481749027967453 -0.045029427856206894 0.10416676849126816
v -0.0471947081387043 -0.04459987208247185 0.09738697856664658
v -0.0471947081387043 -0.04459987208247185 0.09738697856664658
v -0.0481749027967453 -0.045029427856206894 0.10416676849126816
v -0.05016130208969116 -0.04111658036708832 0.10468294471502304
v -0.0471947081387043 -0.04459987208247185 0.09738697856664658
v -0.05016130208969116 -0.04111658036708832 0.10468294471502304
v -0.049137841910123825 -0.040720295161008835 0.09766330569982529
v -0.049137841910123825 -0.040720295161008835 0.09766330569982529
v -0.05016130208969116 -0.04111658036708832 0.10468294471502304
v -0.05184505879878998 -0.03714242950081825 0.10512974113225937
v -0.049137841910123825 -0.040720295161008835 0.09766330569982529
v -0.05184505879878998 -0.03714242950081825 0.10512974113225937
v -0.05222410708665848 -0.03287250176072121 0.0981009230017662
v 0.07760978490114212 -0.0004884712398052216 0.1484297811985016
v 0.07533063739538193 -0.0004885857924818993 0.15327158570289612
v 0.07799459248781204 -0.010691269300878048 0.14737096428871155
v 0.07799459248781204 -0.010691269300878048 0.14737096428871155
v 0.07533063739538193 -0.0004885857924818993 0.15327158570289612
v 0.07418843358755112 -0.01063088234513998 0.15520647168159485
v 0.07799459248781204 -0.010691269300878048 0.14737096428871155
v 0.07418843358755112 -0.01063088234513998 0.15520647168159485
v 0.07391481101512909 -0.02151241898536682 0.15491822361946106
v 0.07391481101512909 -0.02151241898536682 0.15491822361946106
v 0.07418843358755112 -0.01063088234513998 0.15520647168159485
v 0.06869249045848846 -0.021350346505641937 0.16227200627326965
v 0.07391481101512909 -0.02151241898536682 0.15491822361946106
v 0.06869249045848846 -0.021350346505641937 0.16227200627326965
v 0.0679984912276268 -0.032231975346803665 0.1610265076160431
v 0.0679984912276268 -0.032231975346803665 0.1610265076160431
v 0.06869249045848846 -0.021350346505641937 0.16227200627326965
v 0.06489863246679306 -0.03200036659836769 0.1643165647983551
v 0.0679984912276268 -0.032231975346803665 0.1610265076160431
v 0.06489863246679306 -0.03200036659836769 0.1643165647983551
v 0.06432696431875229 -0.037205759435892105 0.1631782352924347
v 0.06432696431875229 -0.037205759435892105 0.1631782352924347
v 0.06489863246679306 -0.03200036659836769 0.1643165647983551
v 0.06091826409101486 -0.03682700917124748 0.16620591282844543
v 0.06432696431875229 -0.037205759435892105 0.1631782352924347
v 0.06091826409101486 -0.03682700917124748 0.16620591282844543
v 0.06017378717660904 -0.041781939566135406 0.16455426812171936
v 0.06017378717660904 -0.041781939566135406 0.16455426812171936
v 0.06091826409101486 -0.03682700917124748 0.16620591282844543
v 0.056519411504268646 -0.04127703979611397 0.16725125908851624
v 0.06017378717660904 -0.041781939566135406 0.16455426812171936
v 0.056519411504268646 -0.04127703979611397 0.16725125908851624
v 0.051712021231651306 -0.045475851744413376 0.16722717881202698
v 0.051712021231651306 -0.045475851744413376 0.16722717881202698
v 0.056519411504268646 -0.04127703979611397 0.16725125908851624
v 0.05255644768476486 -0.04075594246387482 0.1697317659854889
v 0.051712021231651306 -0.045475851744413376 0.16722717881202698
v 0.05255644768476486 -0.04075594246387482 0.1697317659854889
v 0.047595005482435226 -0.044929541647434235 0.16928580403327942
v 0.047595005482435226 -0.044929541647434235 0.16928580403327942
v 0.05255644768476486 -0.04075594246387482 0.1697317659854889
v 0.04830646142363548 -0.04025665670633316 0.1719438135623932
v 0.047595005482435226 -0.044929541647434235 0.16928580403327942
v 0.04830646142363548 -0.04025665670633316 0.1719438135623932
v 0.04320760443806648 -0.04443945735692978 0.1710623800754547
v 0.04320760443806648 -0.04443945735692978 0.1710623800754547
v 0.04830646142363548 -0.04025665670633316 0.1719438135623932
v 0.04379110038280487 -0.03981713578104973 0.1738356649875641
v 0.04320760443806648 -0.04443945735692978 0.1710623800754547
v 0.04379110038280487 -0.03981713578104973 0.1738356649875641
v 0.0385831855237484 -0.04402775317430496 0.17253389954566956
v 0.0385831855237484 -0.04402775317430496 0.17253389954566956
v 0.04379110038280487 -0.03981713578104973 0.1738356649875641
v 0.039050500839948654 -0.03945999965071678 0.17537763714790344
v 0.0385831855237484 -0.04402775317430496 0.17253389954566956
v 0.039050500839948654 -0.03945999965071678 0.17537763714790344
v 0.03380439803004265 -0.04368409141898155 0.17371371388435364
v 0.03380439803004265 -0.04368409141898155 0.17371371388435364
v 0.039050500839948654 -0.03945999965071678 0.17537763714790344
v 0.034167151898145676 -0.03917274251580238 0.1765907108783722
v 0.03380439803004265 -0.04368409141898155 0.17371371388435364
v 0.034167151898145676 -0.03917274251580238 0.1765907108783722
v 0.0241418294608593 -0.04314136877655983 0.17527058720588684
v 0.0241418294608593 -0.04314136877655983 0.17527058720588684
v 0.034167151898145676 -0.03917274251580238 0.1765907108783722
v 0.024325868114829063 -0.03873825445771217 0.17814281582832336
v 0.0241418294608593 -0.04314136877655983 0.17527058720588684
v 0.024325868114829063 -0.03873825445771217 0.17814281582832336
v 0.01488286443054676 -0.04269900918006897 0.17587104439735413
v 0.01488286443054676 -0.04269900918006897 0.17587104439735413
v 0.024325868114829063 -0.03873825445771217 0.17814281582832336
v 0.014919973909854889 -0.03838297724723816 0.1787039339542389
v 0.01488286443054676 -0.04269900918006897 0.17587104439735413
v 0.014919973909854889 -0.03838297724723816 0.1787039339542389
v 0.0061756884679198265 -0.04231017455458641 0.17558279633522034
v 0.0061756884679198265 -0.04231017455458641 0.17558279633522034
v 0.014919973909854889 -0.03838297724723816 0.1787039339542389
v 0.006074739154428244 -0.038058917969465256 0.17835739254951477
v 0.0061756884679198265 -0.04231017455458641 0.17558279633522034
v 0.006074739154428244 -0.038058917969465256 0.17835739254951477
v -0.0021183963399380445 -0.041964542120695114 0.17443373799324036
v -0.0021183963399380445 -0.041964542120695114 0.17443373799324036
v 0.006074739154428244 -0.038058917969465256 0.17835739254951477
v -0.002378183649852872 -0.03776424378156662 0.17711511254310608
v -0.0021183963399380445 -0.041964542120695114 0.17443373799324036
v -0.002378183649852872 -0.03776424378156662 0.17711511254310608
v -0.010045284405350685 -0.041642703115940094 0.17243745923042297
v -0.010045284405350685 -0.041642703115940094 0.17243745923042297
v -0.002378183649852872 -0.03776424378156662 0.17711511254310608
v -0.01049331109970808 -0.03748670965433121 0.17498674988746643
v -0.010045284405350685 -0.041642703115940094 0.17243745923042297
v -0.01049331109970808 -0.03748670965433121 0.17498674988746643
v -0.01750568486750126 -0.041310910135507584 0.1695864498615265
v -0.01750568486750126 -0.041310910135507584 0.1695864498615265
v -0.01049331109970808 -0.03748670965433121 0.17498674988746643
v -0.018148045986890793 -0.037197552621364594 0.17198076844215393
v -0.01750568486750126 -0.041310910135507584 0.1695864498615265
v -0.018148045986890793 -0.037197552621364594 0.17198076844215393
v -0.02441304363310337 -0.040939100086688995 0.16585960984230042
v -0.02441304363310337 -0.040939100086688995 0.16585960984230042
v -0.018148045986890793 -0.037197552621364594 0.17198076844215393
v -0.02523208223283291 -0.036867205053567886 0.16808751225471497
v -0.02441304363310337 -0.040939100086688995 0.16585960984230042
v -0.02523208223283291 -0.036867205053567886 0.16808751225471497
v -0.030790699645876884 -0.04051885008811951 0.1611821949481964
v -0.030790699645876884 -0.04051885008811951 0.1611821949481964
v -0.02523208223283291 -0.036867205053567886 0.16808751225471497
v -0.0317547582089901 -0.036468662321567535 0.16321924328804016
v -0.030790699645876884 -0.04051885008811951 0.1611821949481964
v -0.0317547582089901 -0.036468662321567535 0.16321924328804016
v -0.03668075054883957 -0.04004945605993271 0.1554817259311676
v -0.03668075054883957 -0.04004945605993271 0.1554817259311676
v -0.0317547582089901 -0.036468662321567535 0.16321924328804016
v -0.037748098373413086 -0.03597962111234665 0.15728583931922913
v -0.03668075054883957 -0.04004945605993271 0.1554817259311676
v -0.037748098373413086 -0.03597962111234665 0.15728583931922913
v -0.041943714022636414 -0.03955726698040962 0.1489512026309967
v -0.041943714022636414 -0.03955726698040962 0.1489512026309967
v -0.037748098373413086 -0.03597962111234665 0.15728583931922913
v -0.04308165982365608 -0.035440098494291306 0.15049675107002258
v -0.041943714022636414 -0.03955726698040962 0.1489512026309967
v -0.04308165982365608 -0.035440098494291306 0.15049675107002258
v -0.046296942979097366 -0.03908991441130638 0.14199331402778625
v -0.046296942979097366 -0.03908991441130638 0.14199331402778625
v -0.04308165982365608 -0.035440098494291306 0.15049675107002258
v -0.04749686270952225 -0.03493918105959892 0.14329805970191956
v -0.046296942979097366 -0.03908991441130638 0.14199331402778625
v -0.04749686270952225 -0.03493918105959892 0.14329805970191956
v -0.049529965966939926 -0.03867337852716446 0.13488176465034485
v -0.049529965966939926 -0.03867337852716446 0.13488176465034485
v -0.04749686270952225 -0.03493918105959892 0.14329805970191956
v -0.05079652741551399 -0.03452793508768082 0.1359873116016388
v -0.049529965966939926 -0.03867337852716446 0.13488176465034485
v -0.05079652741551399 -0.03452793508768082 0.1359873116016388
v -0.05159587785601616 -0.03828587383031845 0.1276017725467682
v -0.05159587785601616 -0.03828587383031845 0.1276017725467682
v -0.05079652741551399 -0.03452793508768082 0.1359873116016388
v -0.05292293801903725 -0.03417283296585083 0.12852945923805237
v -0.05159587785601616 -0.03828587383031845 0.1276017725467682
v -0.05292293801903725 -0.03417283296585083 0.12852945923805237
v -0.05250273272395134 -0.037902623414993286 0.12012412399053574
v -0.05250273272395134 -0.037902623414993286 0.12012412399053574
v -0.05292293801903725 -0.03417283296585083 0.12852945923805237
v -0.053872209042310715 -0.03383389860391617 0.1208728775382042
v -0.05250273272395134 -0.037902623414993286 0.12012412399053574
v -0.053872209042310715 -0.03383389860391617 0.1208728775382042
v -0.05248052999377251 -0.03751978278160095 0.1125725731253624
v -0.05248052999377251 -0.03751978278160095 0.1125725731253624
v -0.053872209042310715 -0.03383389860391617 0.1208728775382042
v -0.05387534946203232 -0.03350094333291054 0.1131378635764122
v -0.05248052999377251 -0.03751978278160095 0.1125725731253624
v -0.05387534946203232 -0.03350094333291054 0.1131378635764122
v -0.05184505879878998 -0.03714242950081825 0.10512974113225937
v -0.05184505879878998 -0.03714242950081825 0.10512974113225937
v -0.05387534946203232 -0.03350094333291054 0.1131378635764122
v -0.05325435847043991 -0.033176176249980927 0.10551156848669052
v -0.05184505879878998 -0.03714242950081825 0.10512974113225937
v -0.05325435847043991 -0.033176176249980927 0.10551156848669052
v -0.05222410708665848 -0.03287250176072121 0.0981009230017662
v -0.05222410708665848 -0.03287250176072121 0.0981009230017662
v -0.05325435847043991 -0.033176176249980927 0.10551156848669052
v -0.05539547652006149 -0.025210056453943253 0.10610749572515488
v -0.05222410708665848 -0.03287250176072121 0.0981009230017662
v -0.05539547652006149 -0.025210056453943253 0.10610749572515488
v -0.054400913417339325 -0.02499985508620739 0.09840383380651474
v -0.054400913417339325 -0.02499985508620739 0.09840383380651474
v -0.05539547652006149 -0.025210056453943253 0.10610749572515488
v -0.056820906698703766 -0.017087973654270172 0.10651542991399765
v -0.054400913417339325 -0.02499985508620739 0.09840383380651474
v -0.056820906698703766 -0.017087973654270172 0.10651542991399765
v -0.055835217237472534 -0.016943860799074173 0.09859444946050644
v -0.055835217237472534 -0.016943860799074173 0.09859444946050644
v -0.056820906698703766 -0.017087973654270172 0.10651542991399765
v -0.057639431208372116 -0.008684451691806316 0.10675754398107529
v -0.055835217237472534 -0.016943860799074173 0.09859444946050644
v -0.057639431208372116 -0.008684451691806316 0.10675754398107529
v -0.056639499962329865 -0.008608780801296234 0.09869375079870224
v -0.056639499962329865 -0.008608780801296234 0.09869375079870224
v -0.057639431208372116 -0.008684451691806316 0.10675754398107529
v -0.05747189372777939 -0.0004881169879809022 0.10303237289190292
v -0.056639499962329865 -0.008608780801296234 0.09869375079870224
v -0.05747189372777939 -0.0004881169879809022 0.10303237289190292
v -0.05600856989622116 -0.00048809987492859364 0.09340276569128036
v 0.051861755549907684 -0.039102703332901 0.03198089823126793
v 0.04986969754099846 -0.042214978486299515 0.03510507568717003
v 0.04658224433660507 -0.04157954826951027 0.03383847698569298
v 0.047024283558130264 -0.052723951637744904 0.04898741468787193
v 0.043648861348629 -0.055315371602773666 0.05269601568579674
v 0.041725218296051025 -0.054654739797115326 0.051221515983343124
v 0.033214256167411804 -0.04486275464296341 0.03642710670828819
v 0.03311646357178688 -0.047185543924570084 0.03913119062781334
v 0.02882227674126625 -0.04909155145287514 0.041292931884527206
v 0.033214256167411804 -0.04486275464296341 0.03642710670828819
v 0.03700578957796097 -0.04075324162840843 0.03224464878439903
v 0.04217125102877617 -0.041074804961681366 0.03284647688269615
v 0.06724657118320465 -0.0004904073430225253 0.03084036149084568
v 0.0696442574262619 -0.00048469510511495173 0.039271142333745956
v 0.06953581422567368 -0.005526436492800713 0.03930779919028282
v 0.06611746549606323 -0.034392260015010834 0.04309561476111412
v 0.06587201356887817 -0.03629385307431221 0.04389181360602379
v 0.06552577018737793 -0.035391665995121 0.042542245239019394
v 0.06378132849931717 -0.05098970606923103 0.054447200149297714
v 0.06332670152187347 -0.052312761545181274 0.05585220083594322
v 0.06273052096366882 -0.05201951041817665 0.054816629737615585
v 0.05465022474527359 -0.06376688927412033 0.07541920989751816
v 0.053101975470781326 -0.06429818272590637 0.07655205577611923
v 0.0495290644466877 -0.062217265367507935 0.0696948990225792
v 0.053101975470781326 -0.06429818272590637 0.07655205577611923
v 0.05465022474527359 -0.06376688927412033 0.07541920989751816
v 0.05276132747530937 -0.06524469703435898 0.0795232281088829
v 0.0310845784842968 -0.05804711580276489 0.05553748831152916
v 0.037006355822086334 -0.053722843527793884 0.048842813819646835
v 0.03958478942513466 -0.05413162335753441 0.04996505007147789
v 0.024026265367865562 -0.053049106150865555 0.046649541705846786
v 0.021456822752952576 -0.05723140761256218 0.053382065147161484
v 0.01873323880136013 -0.05671239644289017 0.05256405100226402
v 0.01873323880136013 -0.05671239644289017 0.05256405100226402
v 0.021456822752952576 -0.05723140761256218 0.053382065147161484
v 0.018238477408885956 -0.05700696259737015 0.05309143289923668
v 0.037006355822086334 -0.053722843527793884 0.048842813819646835
v 0.0310845784842968 -0.05804711580276489 0.05553748831152916
v 0.033766113221645355 -0.05340041220188141 0.04784860834479332
v 0.033766113221645355 -0.05340041220188141 0.04784860834479332
v 0.0310845784842968 -0.05804711580276489 0.05553748831152916
v 0.02667492814362049 -0.057613126933574677 0.05426230654120445
v 0.033766113221645355 -0.05340041220188141 0.04784860834479332
v 0.02667492814362049 -0.057613126933574677 0.05426230654120445
v 0.029669800773262978 -0.053131669759750366 0.04699369892477989
v 0.029669800773262978 -0.053131669759750366 0.04699369892477989
v 0.02667492814362049 -0.057613126933574677 0.05426230654120445
v 0.02256852760910988 -0.05730924382805824 0.05352344736456871
v 0.029669800773262978 -0.053131669759750366 0.04699369892477989
v 0.02256852760910988 -0.05730924382805824 0.05352344736456871
v 0.024678898975253105 -0.052859898656606674 0.046372439712285995
v 0.03424564376473427 -0.058564454317092896 0.0570012591779232
v 0.041725218296051025 -0.054654739797115326 0.051221515983343124
v 0.03632783517241478 -0.059100620448589325 0.058509018272161484
v 0.03632783517241478 -0.059100620448589325 0.058509018272161484
v 0.041725218296051025 -0.054654739797115326 0.051221515983343124
v 0.043648861348629 -0.055315371602773666 0.05269601568579674
v 0.03632783517241478 -0.059100620448589325 0.058509018272161484
v 0.043648861348629 -0.055315371602773666 0.05269601568579674
v 0.03852938488125801 -0.059930961579084396 0.06095161661505699
v 0.046657744795084 -0.06415405869483948 0.07466890662908554
v 0.04529765620827675 -0.06337350606918335 0.07201304286718369
v 0.0495290644466877 -0.062217265367507935 0.0696948990225792
v 0.0495290644466877 -0.062217265367507935 0.0696948990225792
v 0.04529765620827675 -0.06337350606918335 0.07201304286718369
v 0.041538916528224945 -0.06136099249124527 0.06543876975774765
v 0.0495290644466877 -0.062217265367507935 0.0696948990225792
v 0.041538916528224945 -0.06136099249124527 0.06543876975774765
v 0.04553200677037239 -0.060093123465776443 0.06320109218358994
v 0.04553200677037239 -0.060093123465776443 0.06320109218358994
v 0.041538916528224945 -0.06136099249124527 0.06543876975774765
v 0.038587506860494614 -0.05995630845427513 0.061028625816106796
v 0.04553200677037239 -0.060093123465776443 0.06320109218358994
v 0.038587506860494614 -0.05995630845427513 0.061028625816106796
v 0.04557333141565323 -0.05612991377711296 0.0545819066464901
v 0.046657744795084 -0.06415405869483948 0.07466890662908554
v 0.0495290644466877 -0.062217265367507935 0.0696948990225792
v 0.048600468784570694 -0.0653102695941925 0.07885005325078964
v 0.048600468784570694 -0.0653102695941925 0.07885005325078964
v 0.0495290644466877 -0.062217265367507935 0.0696948990225792
v 0.053101975470781326 -0.06429818272590637 0.07655205577611923
v 0.048600468784570694 -0.0653102695941925 0.07885005325078964
v 0.053101975470781326 -0.06429818272590637 0.07655205577611923
v 0.04981540888547897 -0.06605717539787292 0.08183541148900986
v 0.04981540888547897 -0.06605717539787292 0.08183541148900986
v 0.053101975470781326 -0.06429818272590637 0.07655205577611923
v 0.05276132747530937 -0.06524469703435898 0.0795232281088829
v 0.04981540888547897 -0.06605717539787292 0.08183541148900986
v 0.05276132747530937 -0.06524469703435898 0.0795232281088829
v 0.05068584159016609 -0.06660503894090652 0.0842907652258873
v 0.05966680124402046 -0.05859510973095894 0.0645926222205162
v 0.05934363231062889 -0.05864553153514862 0.0645306333899498
v 0.060828834772109985 -0.05701383203268051 0.06199529394507408
v 0.060828834772109985 -0.05701383203268051 0.06199529394507408
v 0.05934363231062889 -0.05864553153514862 0.0645306333899498
v 0.05684463307261467 -0.057336047291755676 0.06055810675024986
v 0.060828834772109985 -0.05701383203268051 0.06199529394507408
v 0.05684463307261467 -0.057336047291755676 0.06055810675024986
v 0.06166738644242287 -0.055699918419122696 0.06005873903632164
v 0.06166738644242287 -0.055699918419122696 0.06005873903632164
v 0.05684463307261467 -0.057336047291755676 0.06055810675024986
v 0.06030094251036644 -0.054879382252693176 0.0576036237180233
v 0.06166738644242287 -0.055699918419122696 0.06005873903632164
v 0.06030094251036644 -0.054879382252693176 0.0576036237180233
v 0.06195478513836861 -0.05520336702466011 0.059373047202825546
v 0.06195478513836861 -0.05520336702466011 0.059373047202825546
v 0.06030094251036644 -0.054879382252693176 0.0576036237180233
v 0.06254379451274872 -0.05409298092126846 0.05793335661292076
v 0.06273052096366882 -0.05201951041817665 0.054816629737615585
v 0.06332670152187347 -0.052312761545181274 0.05585220083594322
v 0.06030094251036644 -0.054879382252693176 0.0576036237180233
v 0.06030094251036644 -0.054879382252693176 0.0576036237180233
v 0.06332670152187347 -0.052312761545181274 0.05585220083594322
v 0.0630897581577301 -0.05290165916085243 0.056513454765081406
v 0.06030094251036644 -0.054879382252693176 0.0576036237180233
v 0.0630897581577301 -0.05290165916085243 0.056513454765081406
v 0.06254379451274872 -0.05409298092126846 0.05793335661292076
v 0.06498786062002182 -0.044561006128787994 0.048842694610357285
v 0.06479382514953613 -0.046110738068819046 0.05003705248236656
v 0.06180300936102867 -0.04746515676379204 0.04783942922949791
v 0.06426537036895752 -0.04913441464304924 0.052640464156866074
v 0.0599832683801651 -0.05068906396627426 0.050571706146001816
v 0.06436646729707718 -0.04865969344973564 0.05220523104071617
v 0.06436646729707718 -0.04865969344973564 0.05220523104071617
v 0.0599832683801651 -0.05068906396627426 0.050571706146001816
v 0.06180300936102867 -0.04746515676379204 0.04783942922949791
v 0.06436646729707718 -0.04865969344973564 0.05220523104071617
v 0.06180300936102867 -0.04746515676379204 0.04783942922949791
v 0.06463295966386795 -0.047186240553855896 0.050917770713567734
v 0.06463295966386795 -0.047186240553855896 0.050917770713567734
v 0.06180300936102867 -0.04746515676379204 0.04783942922949791
v 0.06479382514953613 -0.046110738068819046 0.05003705248236656
v 0.06180300936102867 -0.04746515676379204 0.04783942922949791
v 0.06325190514326096 -0.043801479041576385 0.04559990391135216
v 0.06498786062002182 -0.044561006128787994 0.048842694610357285
v 0.06498786062002182 -0.044561006128787994 0.048842694610357285
v 0.06325190514326096 -0.043801479041576385 0.04559990391135216
v 0.06447441130876541 -0.03973861783742905 0.04386815056204796
v 0.06498786062002182 -0.044561006128787994 0.048842694610357285
v 0.06447441130876541 -0.03973861783742905 0.04386815056204796
v 0.0653991848230362 -0.040580738335847855 0.0461517833173275
v 0.06611746549606323 -0.034392260015010834 0.04309561476111412
v 0.06552577018737793 -0.035391665995121 0.042542245239019394
v 0.0664922371506691 -0.031758539378643036 0.0421769879758358
v 0.06731826066970825 -0.026500042527914047 0.040945734828710556
v 0.0672978013753891 -0.02623060718178749 0.04072478041052818
v 0.06758309155702591 -0.02479567565023899 0.040670063346624374
v 0.06758309155702591 -0.02479567565023899 0.040670063346624374
v 0.0672978013753891 -0.02623060718178749 0.04072478041052818
v 0.06804105639457703 -0.021403398364782333 0.040133025497198105
v 0.06758309155702591 -0.02479567565023899 0.040670063346624374
v 0.06804105639457703 -0.021403398364782333 0.040133025497198105
v 0.06808093935251236 -0.021369274705648422 0.04022851213812828
v 0.06731826066970825 -0.026500042527914047 0.040945734828710556
v 0.06718242913484573 -0.02734982967376709 0.04109850153326988
v 0.0672978013753891 -0.02623060718178749 0.04072478041052818
v 0.0672978013753891 -0.02623060718178749 0.04072478041052818
v 0.06718242913484573 -0.02734982967376709 0.04109850153326988
v 0.0671137198805809 -0.027774101123213768 0.04117878898978233
v 0.0672978013753891 -0.02623060718178749 0.04072478041052818
v 0.0671137198805809 -0.027774101123213768 0.04117878898978233
v 0.06645795702934265 -0.030875690281391144 0.04151805862784386
v 0.06645795702934265 -0.030875690281391144 0.04151805862784386
v 0.0671137198805809 -0.027774101123213768 0.04117878898978233
v 0.06709906458854675 -0.027876248583197594 0.041200604289770126
v 0.0691969096660614 -0.01101673860102892 0.039448466151952744
v 0.06892160326242447 -0.014386003836989403 0.03970548138022423
v 0.06804105639457703 -0.021403398364782333 0.040133025497198105
v 0.06804105639457703 -0.021403398364782333 0.040133025497198105
v 0.06892160326242447 -0.014386003836989403 0.03970548138022423
v 0.068109892308712 -0.021158674731850624 0.04020586237311363
v 0.06804105639457703 -0.021403398364782333 0.040133025497198105
v 0.068109892308712 -0.021158674731850624 0.04020586237311363
v 0.06808093935251236 -0.021369274705648422 0.04022851213812828
v 0.0696442574262619 -0.00048469510511495173 0.039271142333745956
v 0.06970026344060898 -0.0004847492673434317 0.039489831775426865
v 0.06953581422567368 -0.005526436492800713 0.03930779919028282
v 0.06953581422567368 -0.005526436492800713 0.03930779919028282
v 0.06970026344060898 -0.0004847492673434317 0.039489831775426865
v 0.06956163793802261 -0.0060441093519330025 0.03950270637869835
v 0.06953581422567368 -0.005526436492800713 0.03930779919028282
v 0.06956163793802261 -0.0060441093519330025 0.03950270637869835
v 0.0691969096660614 -0.01101673860102892 0.039448466151952744
v 0.0691969096660614 -0.01101673860102892 0.039448466151952744
v 0.06956163793802261 -0.0060441093519330025 0.03950270637869835
v 0.06923344731330872 -0.011020912788808346 0.03958388790488243
v 0.0691969096660614 -0.01101673860102892 0.039448466151952744
v 0.06923344731330872 -0.011020912788808346 0.03958388790488243
v 0.06892160326242447 -0.014386003836989403 0.03970548138022423
v 0.06481935828924179 -0.0053134639747440815 0.02533623017370701
v 0.06497061997652054 -0.00048492103815078735 0.025257373228669167
v 0.06547857075929642 -0.0004855188017245382 0.026224160566926003
v 0.06273561716079712 -0.005235801450908184 0.022690976038575172
v 0.06293783336877823 -0.00048469213652424514 0.022671246901154518
v 0.06438314914703369 -0.0004847777890972793 0.02432175911962986
v 0.05983522906899452 -0.0051120282150805 0.021036231890320778
v 0.059948381036520004 -0.0004847986565437168 0.02096858061850071
v 0.06128580868244171 -0.0004847194068133831 0.021537745371460915
v 0.04995429515838623 -0.009477771818637848 0.020204270258545876
v 0.04940415546298027 -0.00048576900735497475 0.019880080595612526
v 0.05574827268719673 -0.004943094216287136 0.020204806700348854
v 0.05574827268719673 -0.004943094216287136 0.020204806700348854
v 0.04940415546298027 -0.00048576900735497475 0.019880080595612526
v 0.05566045641899109 -0.0004851801204495132 0.020125174894928932
v 0.05574827268719673 -0.004943094216287136 0.020204806700348854
v 0.05566045641899109 -0.0004851801204495132 0.020125174894928932
v 0.05883493274450302 -0.0004848862299695611 0.020641112700104713
v 0.046637848019599915 -0.020505860447883606 0.021664584055542946
v 0.04745756834745407 -0.014915003441274166 0.02076634205877781
v 0.04931654408574104 -0.019022000953555107 0.021389031782746315
v 0.04931654408574104 -0.019022000953555107 0.021389031782746315
v 0.04745756834745407 -0.014915003441274166 0.02076634205877781
v 0.04797692224383354 -0.009364906698465347 0.02019735611975193
v 0.04931654408574104 -0.019022000953555107 0.021389031782746315
v 0.04797692224383354 -0.009364906698465347 0.02019735611975193
v 0.04995429515838623 -0.009477771818637848 0.020204270258545876
v 0.04995429515838623 -0.009477771818637848 0.020204270258545876
v 0.04797692224383354 -0.009364906698465347 0.02019735611975193
v 0.048069752752780914 -0.007885139435529709 0.020095670595765114
v 0.04995429515838623 -0.009477771818637848 0.020204270258545876
v 0.048069752752780914 -0.007885139435529709 0.020095670595765114
v 0.04940415546298027 -0.00048576900735497475 0.019880080595612526
v 0.04940415546298027 -0.00048576900735497475 0.019880080595612526
v 0.048069752752780914 -0.007885139435529709 0.020095670595765114
v 0.04826638102531433 -0.00048586874618195 0.019880259409546852
v 0.046637848019599915 -0.020505860447883606 0.021664584055542946
v 0.04931654408574104 -0.019022000953555107 0.021389031782746315
v 0.04605007544159889 -0.02345956675708294 0.022308850660920143
v 0.04605007544159889 -0.02345956675708294 0.022308850660920143
v 0.04931654408574104 -0.019022000953555107 0.021389031782746315
v 0.048774853348731995 -0.023687224835157394 0.022373760119080544
v 0.04605007544159889 -0.02345956675708294 0.022308850660920143
v 0.048774853348731995 -0.023687224835157394 0.022373760119080544
v 0.0455368347465992 -0.02558511309325695 0.022871578112244606
v 0.0455368347465992 -0.02558511309325695 0.022871578112244606
v 0.048774853348731995 -0.023687224835157394 0.022373760119080544
v 0.0480017252266407 -0.028002912178635597 0.0236754659563303
v 0.0455368347465992 -0.02558511309325695 0.022871578112244606
v 0.0480017252266407 -0.028002912178635597 0.0236754659563303
v 0.0449092723429203 -0.027759185060858727 0.02355971373617649
v 0.0449092723429203 -0.027759185060858727 0.02355971373617649
v 0.0480017252266407 -0.028002912178635597 0.0236754659563303
v 0.04423176497220993 -0.029696155339479446 0.02430286444723606
v 0.04423176497220993 -0.029696155339479446 0.02430286444723606
v 0.0480017252266407 -0.028002912178635597 0.0236754659563303
v 0.0469336099922657 -0.03175678849220276 0.025337422266602516
v 0.04423176497220993 -0.029696155339479446 0.02430286444723606
v 0.0469336099922657 -0.03175678849220276 0.025337422266602516
v 0.04346843436360359 -0.03149542585015297 0.02514042891561985
v 0.04346843436360359 -0.03149542585015297 0.02514042891561985
v 0.0469336099922657 -0.03175678849220276 0.025337422266602516
v 0.04273730143904686 -0.032947760075330734 0.02594294585287571
v 0.04273730143904686 -0.032947760075330734 0.02594294585287571
v 0.0469336099922657 -0.03175678849220276 0.025337422266602516
v 0.04557090252637863 -0.035004716366529465 0.027397656813263893
v 0.04273730143904686 -0.032947760075330734 0.02594294585287571
v 0.04557090252637863 -0.035004716366529465 0.027397656813263893
v 0.040837761014699936 -0.03598864749073982 0.028029227629303932
v 0.06660321354866028 -0.0004897371400147676 0.028947139158844948
v 0.06724657118320465 -0.0004904073430225253 0.03084036149084568
v 0.06645569950342178 -0.0053729950450360775 0.029023313894867897
v 0.06645569950342178 -0.0053729950450360775 0.029023313894867897
v 0.06724657118320465 -0.0004904073430225253 0.03084036149084568
v 0.06953581422567368 -0.005526436492800713 0.03930779919028282
v 0.06645569950342178 -0.0053729950450360775 0.029023313894867897
v 0.06953581422567368 -0.005526436492800713 0.03930779919028282
v 0.06600350886583328 -0.010698439553380013 0.02931060828268528
v 0.06600350886583328 -0.010698439553380013 0.02931060828268528
v 0.06953581422567368 -0.005526436492800713 0.03930779919028282
v 0.0691969096660614 -0.01101673860102892 0.039448466151952744
v 0.06600350886583328 -0.010698439553380013 0.02931060828268528
v 0.0691969096660614 -0.01101673860102892 0.039448466151952744
v 0.0645315945148468 -0.020783111453056335 0.030446553602814674
v 0.0645315945148468 -0.020783111453056335 0.030446553602814674
v 0.0691969096660614 -0.01101673860102892 0.039448466151952744
v 0.06804105639457703 -0.021403398364782333 0.040133025497198105
v 0.0645315945148468 -0.020783111453056335 0.030446553602814674
v 0.06804105639457703 -0.021403398364782333 0.040133025497198105
v 0.06361395865678787 -0.025442838668823242 0.0313168428838253
v 0.06361395865678787 -0.025442838668823242 0.0313168428838253
v 0.06804105639457703 -0.021403398364782333 0.040133025497198105
v 0.0672978013753891 -0.02623060718178749 0.04072478041052818
v 0.06361395865678787 -0.025442838668823242 0.0313168428838253
v 0.0672978013753891 -0.02623060718178749 0.04072478041052818
v 0.06256824731826782 -0.029850779101252556 0.032466497272253036
v 0.06256824731826782 -0.029850779101252556 0.032466497272253036
v 0.0672978013753891 -0.02623060718178749 0.04072478041052818
v 0.06645795702934265 -0.030875690281391144 0.04151805862784386
v 0.06256824731826782 -0.029850779101252556 0.032466497272253036
v 0.06645795702934265 -0.030875690281391144 0.04151805862784386
v 0.061380404978990555 -0.03401654213666916 0.033959951251745224
v 0.03811260312795639 -0.03946652635931969 0.031026029959321022
v 0.040837761014699936 -0.03598864749073982 0.028029227629303932
v 0.04396570846438408 -0.038019437342882156 0.029890025034546852
v 0.04396570846438408 -0.038019437342882156 0.029890025034546852
v 0.040837761014699936 -0.03598864749073982 0.028029227629303932
v 0.04557090252637863 -0.035004716366529465 0.027397656813263893
v 0.04396570846438408 -0.038019437342882156 0.029890025034546852
v 0.04557090252637863 -0.035004716366529465 0.027397656813263893
v 0.05027942359447479 -0.03545042872428894 0.028132999315857887
v 0.05027942359447479 -0.03545042872428894 0.028132999315857887
v 0.04557090252637863 -0.035004716366529465 0.027397656813263893
v 0.0469336099922657 -0.03175678849220276 0.025337422266602516
v 0.05027942359447479 -0.03545042872428894 0.028132999315857887
v 0.0469336099922657 -0.03175678849220276 0.025337422266602516
v 0.05176280066370964 -0.032154493033885956 0.025920534506440163
v 0.05176280066370964 -0.032154493033885956 0.025920534506440163
v 0.0469336099922657 -0.03175678849220276 0.025337422266602516
v 0.0480017252266407 -0.028002912178635597 0.0236754659563303
v 0.05176280066370964 -0.032154493033885956 0.025920534506440163
v 0.0480017252266407 -0.028002912178635597 0.0236754659563303
v 0.0529591329395771 -0.02840377576649189 0.024142825976014137
v 0.0529591329395771 -0.02840377576649189 0.024142825976014137
v 0.0480017252266407 -0.028002912178635597 0.0236754659563303
v 0.048774853348731995 -0.023687224835157394 0.022373760119080544
v 0.0529591329395771 -0.02840377576649189 0.024142825976014137
v 0.048774853348731995 -0.023687224835157394 0.022373760119080544
v 0.05387580022215843 -0.024143004789948463 0.022774184122681618
v 0.05387580022215843 -0.024143004789948463 0.022774184122681618
v 0.048774853348731995 -0.023687224835157394 0.022373760119080544
v 0.04931654408574104 -0.019022000953555107 0.021389031782746315
v 0.05387580022215843 -0.024143004789948463 0.022774184122681618
v 0.04931654408574104 -0.019022000953555107 0.021389031782746315
v 0.05456942692399025 -0.019526997581124306 0.021750176325440407
v 0.05456942692399025 -0.019526997581124306 0.021750176325440407
v 0.04931654408574104 -0.019022000953555107 0.021389031782746315
v 0.04995429515838623 -0.009477771818637848 0.020204270258545876
v 0.05456942692399025 -0.019526997581124306 0.021750176325440407
v 0.04995429515838623 -0.009477771818637848 0.020204270258545876
v 0.055498551577329636 -0.009851770475506783 0.020490670576691628
v 0.055498551577329636 -0.009851770475506783 0.020490670576691628
v 0.04995429515838623 -0.009477771818637848 0.020204270258545876
v 0.05574827268719673 -0.004943094216287136 0.020204806700348854
v 0.038587506860494614 -0.05995630845427513 0.061028625816106796
v 0.03852938488125801 -0.059930961579084396 0.06095161661505699
v 0.04557333141565323 -0.05612991377711296 0.0545819066464901
v 0.04557333141565323 -0.05612991377711296 0.0545819066464901
v 0.03852938488125801 -0.059930961579084396 0.06095161661505699
v 0.043648861348629 -0.055315371602773666 0.05269601568579674
v 0.04557333141565323 -0.05612991377711296 0.0545819066464901
v 0.043648861348629 -0.055315371602773666 0.05269601568579674
v 0.049197617918252945 -0.05367075279355049 0.05099179968237877
v 0.049197617918252945 -0.05367075279355049 0.05099179968237877
v 0.043648861348629 -0.055315371602773666 0.05269601568579674
v 0.047024283558130264 -0.052723951637744904 0.04898741468787193
v 0.049197617918252945 -0.05367075279355049 0.05099179968237877
v 0.047024283558130264 -0.052723951637744904 0.04898741468787193
v 0.052260078489780426 -0.050995297729969025 0.04742291197180748
v 0.05472928658127785 -0.04811088740825653 0.0440080426633358
v 0.052260078489780426 -0.050995297729969025 0.04742291197180748
v 0.04998171329498291 -0.049949243664741516 0.045308854430913925
v 0.04998171329498291 -0.049949243664741516 0.045308854430913925
v 0.052260078489780426 -0.050995297729969025 0.04742291197180748
v 0.047024283558130264 -0.052723951637744904 0.04898741468787193
v 0.04998171329498291 -0.049949243664741516 0.045308854430913925
v 0.047024283558130264 -0.052723951637744904 0.04898741468787193
v 0.04486197605729103 -0.05194937810301781 0.04741683229804039
v 0.04486197605729103 -0.05194937810301781 0.04741683229804039
v 0.047024283558130264 -0.052723951637744904 0.04898741468787193
v 0.041725218296051025 -0.054654739797115326 0.051221515983343124
v 0.04486197605729103 -0.05194937810301781 0.04741683229804039
v 0.041725218296051025 -0.054654739797115326 0.051221515983343124
v 0.03958478942513466 -0.05413162335753441 0.04996505007147789
v 0.03958478942513466 -0.05413162335753441 0.04996505007147789
v 0.041725218296051025 -0.054654739797115326 0.051221515983343124
v 0.03424564376473427 -0.058564454317092896 0.0570012591779232
v 0.03958478942513466 -0.05413162335753441 0.04996505007147789
v 0.03424564376473427 -0.058564454317092896 0.0570012591779232
v 0.0310845784842968 -0.05804711580276489 0.05553748831152916
v 0.04770977050065994 -0.049077484756708145 0.04365059360861778
v 0.050217483192682266 -0.04608718678355217 0.04002746567130089
v 0.0524798221886158 -0.0470178946852684 0.041775550693273544
v 0.0524798221886158 -0.0470178946852684 0.041775550693273544
v 0.050217483192682266 -0.04608718678355217 0.04002746567130089
v 0.054612163454294205 -0.04391854256391525 0.03848656639456749
v 0.0524798221886158 -0.0470178946852684 0.041775550693273544
v 0.054612163454294205 -0.04391854256391525 0.03848656639456749
v 0.05675872415304184 -0.044988084584474564 0.04087259992957115
v 0.05675872415304184 -0.044988084584474564 0.04087259992957115
v 0.054612163454294205 -0.04391854256391525 0.03848656639456749
v 0.058499179780483246 -0.04159856215119362 0.03813686594367027
v 0.04770977050065994 -0.049077484756708145 0.04365059360861778
v 0.04517782852053642 -0.04838677868247032 0.042236533015966415
v 0.050217483192682266 -0.04608718678355217 0.04002746567130089
v 0.050217483192682266 -0.04608718678355217 0.04002746567130089
v 0.04517782852053642 -0.04838677868247032 0.042236533015966415
v 0.05242482200264931 -0.04299287870526314 0.03663012012839317
v 0.050217483192682266 -0.04608718678355217 0.04002746567130089
v 0.05242482200264931 -0.04299287870526314 0.03663012012839317
v 0.054612163454294205 -0.04391854256391525 0.03848656639456749
v 0.054612163454294205 -0.04391854256391525 0.03848656639456749
v 0.05242482200264931 -0.04299287870526314 0.03663012012839317
v 0.05647101253271103 -0.04063867777585983 0.03553822264075279
v 0.054612163454294205 -0.04391854256391525 0.03848656639456749
v 0.05647101253271103 -0.04063867777585983 0.03553822264075279
v 0.058499179780483246 -0.04159856215119362 0.03813686594367027
v 0.058499179780483246 -0.04159856215119362 0.03813686594367027
v 0.05647101253271103 -0.04063867777585983 0.03553822264075279
v 0.06003160774707794 -0.037936966866254807 0.035840954631567
v 0.04986969754099846 -0.042214978486299515 0.03510507568717003
v 0.051861755549907684 -0.039102703332901 0.03198089823126793
v 0.05437139421701431 -0.03980519622564316 0.03354015573859215
v 0.05437139421701431 -0.03980519622564316 0.03354015573859215
v 0.051861755549907684 -0.039102703332901 0.03198089823126793
v 0.05608217790722847 -0.0364786833524704 0.030822718515992165
v 0.05437139421701431 -0.03980519622564316 0.03354015573859215
v 0.05608217790722847 -0.0364786833524704 0.030822718515992165
v 0.05810873582959175 -0.037152744829654694 0.03298642858862877
v 0.05810873582959175 -0.037152744829654694 0.03298642858862877
v 0.05608217790722847 -0.0364786833524704 0.030822718515992165
v 0.05757030472159386 -0.03292251378297806 0.028529847040772438
v 0.05810873582959175 -0.037152744829654694 0.03298642858862877
v 0.05757030472159386 -0.03292251378297806 0.028529847040772438
v 0.05954538285732269 -0.03342463821172714 0.030854010954499245
v 0.05954538285732269 -0.03342463821172714 0.030854010954499245
v 0.05757030472159386 -0.03292251378297806 0.028529847040772438
v 0.05884876102209091 -0.029046200215816498 0.02671130932867527
v 0.05954538285732269 -0.03342463821172714 0.030854010954499245
v 0.05884876102209091 -0.029046200215816498 0.02671130932867527
v 0.060800086706876755 -0.029418520629405975 0.029161537066102028
v 0.060800086706876755 -0.029418520629405975 0.029161537066102028
v 0.05884876102209091 -0.029046200215816498 0.02671130932867527
v 0.059937022626399994 -0.02481670118868351 0.025349581614136696
v 0.060800086706876755 -0.029418520629405975 0.029161537066102028
v 0.059937022626399994 -0.02481670118868351 0.025349581614136696
v 0.06189228966832161 -0.025118518620729446 0.027881169691681862
v 0.06189228966832161 -0.025118518620729446 0.027881169691681862
v 0.059937022626399994 -0.02481670118868351 0.025349581614136696
v 0.060862574726343155 -0.020271986722946167 0.024343932047486305
v 0.06189228966832161 -0.025118518620729446 0.027881169691681862
v 0.060862574726343155 -0.020271986722946167 0.024343932047486305
v 0.06284178793430328 -0.02053343690931797 0.02692505158483982
v 0.06284178793430328 -0.02053343690931797 0.02692505158483982
v 0.060862574726343155 -0.020271986722946167 0.024343932047486305
v 0.06230171024799347 -0.010417717508971691 0.023027146235108376
v 0.06284178793430328 -0.02053343690931797 0.02692505158483982
v 0.06230171024799347 -0.010417717508971691 0.023027146235108376
v 0.06435525417327881 -0.010573970153927803 0.02566232718527317
v 0.06435525417327881 -0.010573970153927803 0.02566232718527317
v 0.06230171024799347 -0.010417717508971691 0.023027146235108376
v 0.06273561716079712 -0.005235801450908184 0.022690976038575172
v 0.06435525417327881 -0.010573970153927803 0.02566232718527317
v 0.06273561716079712 -0.005235801450908184 0.022690976038575172
v 0.06481935828924179 -0.0053134639747440815 0.02533623017370701
v 0.06481935828924179 -0.0053134639747440815 0.02533623017370701
v 0.06273561716079712 -0.005235801450908184 0.022690976038575172
v 0.06438314914703369 -0.0004847777890972793 0.02432175911962986
v 0.06481935828924179 -0.0053134639747440815 0.02533623017370701
v 0.06438314914703369 -0.0004847777890972793 0.02432175911962986
v 0.06497061997652054 -0.00048492103815078735 0.025257373228669167
v 0.042096372693777084 -0.047862108796834946 0.040993060916662216
v 0.04658224433660507 -0.04157954826951027 0.03383847698569298
v 0.04517782852053642 -0.04838677868247032 0.042236533015966415
v 0.04517782852053642 -0.04838677868247032 0.042236533015966415
v 0.04658224433660507 -0.04157954826951027 0.03383847698569298
v 0.04986969754099846 -0.042214978486299515 0.03510507568717003
v 0.04517782852053642 -0.04838677868247032 0.042236533015966415
v 0.04986969754099846 -0.042214978486299515 0.03510507568717003
v 0.05242482200264931 -0.04299287870526314 0.03663012012839317
v 0.05242482200264931 -0.04299287870526314 0.03663012012839317
v 0.04986969754099846 -0.042214978486299515 0.03510507568717003
v 0.05437139421701431 -0.03980519622564316 0.03354015573859215
v 0.05242482200264931 -0.04299287870526314 0.03663012012839317
v 0.05437139421701431 -0.03980519622564316 0.03354015573859215
v 0.05647101253271103 -0.04063867777585983 0.03553822264075279
v 0.05647101253271103 -0.04063867777585983 0.03553822264075279
v 0.05437139421701431 -0.03980519622564316 0.03354015573859215
v 0.05810873582959175 -0.037152744829654694 0.03298642858862877
v 0.05647101253271103 -0.04063867777585983 0.03553822264075279
v 0.05810873582959175 -0.037152744829654694 0.03298642858862877
v 0.06003160774707794 -0.037936966866254807 0.035840954631567
v 0.06003160774707794 -0.037936966866254807 0.035840954631567
v 0.05810873582959175 -0.037152744829654694 0.03298642858862877
v 0.05954538285732269 -0.03342463821172714 0.030854010954499245
v 0.06003160774707794 -0.037936966866254807 0.035840954631567
v 0.05954538285732269 -0.03342463821172714 0.030854010954499245
v 0.061380404978990555 -0.03401654213666916 0.033959951251745224
v 0.061380404978990555 -0.03401654213666916 0.033959951251745224
v 0.05954538285732269 -0.03342463821172714 0.030854010954499245
v 0.060800086706876755 -0.029418520629405975 0.029161537066102028
v 0.061380404978990555 -0.03401654213666916 0.033959951251745224
v 0.060800086706876755 -0.029418520629405975 0.029161537066102028
v 0.06256824731826782 -0.029850779101252556 0.032466497272253036
v 0.06256824731826782 -0.029850779101252556 0.032466497272253036
v 0.060800086706876755 -0.029418520629405975 0.029161537066102028
v 0.06189228966832161 -0.025118518620729446 0.027881169691681862
v 0.06256824731826782 -0.029850779101252556 0.032466497272253036
v 0.06189228966832161 -0.025118518620729446 0.027881169691681862
v 0.06361395865678787 -0.025442838668823242 0.0313168428838253
v 0.06361395865678787 -0.025442838668823242 0.0313168428838253
v 0.06189228966832161 -0.025118518620729446 0.027881169691681862
v 0.06284178793430328 -0.02053343690931797 0.02692505158483982
v 0.06361395865678787 -0.025442838668823242 0.0313168428838253
v 0.06284178793430328 -0.02053343690931797 0.02692505158483982
v 0.0645315945148468 -0.020783111453056335 0.030446553602814674
v 0.0645315945148468 -0.020783111453056335 0.030446553602814674
v 0.06284178793430328 -0.02053343690931797 0.02692505158483982
v 0.06435525417327881 -0.010573970153927803 0.02566232718527317
v 0.0645315945148468 -0.020783111453056335 0.030446553602814674
v 0.06435525417327881 -0.010573970153927803 0.02566232718527317
v 0.06600350886583328 -0.010698439553380013 0.02931060828268528
v 0.06600350886583328 -0.010698439553380013 0.02931060828268528
v 0.06435525417327881 -0.010573970153927803 0.02566232718527317
v 0.06481935828924179 -0.0053134639747440815 0.02533623017370701
v 0.06600350886583328 -0.010698439553380013 0.02931060828268528
v 0.06481935828924179 -0.0053134639747440815 0.02533623017370701
v 0.06645569950342178 -0.0053729950450360775 0.029023313894867897
v 0.06645569950342178 -0.0053729950450360775 0.029023313894867897
v 0.06481935828924179 -0.0053134639747440815 0.02533623017370701
v 0.06547857075929642 -0.0004855188017245382 0.026224160566926003
v 0.06645569950342178 -0.0053729950450360775 0.029023313894867897
v 0.06547857075929642 -0.0004855188017245382 0.026224160566926003
v 0.06660321354866028 -0.0004897371400147676 0.028947139158844948
v 0.03311646357178688 -0.047185543924570084 0.03913119062781334
v 0.033214256167411804 -0.04486275464296341 0.03642710670828819
v 0.03815946355462074 -0.0474729910492897 0.039944615215063095
v 0.03815946355462074 -0.0474729910492897 0.039944615215063095
v 0.033214256167411804 -0.04486275464296341 0.03642710670828819
v 0.04217125102877617 -0.041074804961681366 0.03284647688269615
v 0.03815946355462074 -0.0474729910492897 0.039944615215063095
v 0.04217125102877617 -0.041074804961681366 0.03284647688269615
v 0.042096372693777084 -0.047862108796834946 0.040993060916662216
v 0.03700578957796097 -0.04075324162840843 0.03224464878439903
v 0.03811260312795639 -0.03946652635931969 0.031026029959321022
v 0.04217125102877617 -0.041074804961681366 0.03284647688269615
v 0.04217125102877617 -0.041074804961681366 0.03284647688269615
v 0.03811260312795639 -0.03946652635931969 0.031026029959321022
v 0.04396570846438408 -0.038019437342882156 0.029890025034546852
v 0.04217125102877617 -0.041074804961681366 0.03284647688269615
v 0.04396570846438408 -0.038019437342882156 0.029890025034546852
v 0.04854144528508186 -0.03851677104830742 0.03077479638159275
v 0.04854144528508186 -0.03851677104830742 0.03077479638159275
v 0.04396570846438408 -0.038019437342882156 0.029890025034546852
v 0.05027942359447479 -0.03545042872428894 0.028132999315857887
v 0.04854144528508186 -0.03851677104830742 0.03077479638159275
v 0.05027942359447479 -0.03545042872428894 0.028132999315857887
v 0.05361637845635414 -0.03592187538743019 0.029240215197205544
v 0.05361637845635414 -0.03592187538743019 0.029240215197205544
v 0.05027942359447479 -0.03545042872428894 0.028132999315857887
v 0.05176280066370964 -0.032154493033885956 0.025920534506440163
v 0.05361637845635414 -0.03592187538743019 0.029240215197205544
v 0.05176280066370964 -0.032154493033885956 0.025920534506440163
v 0.0551273338496685 -0.03251492604613304 0.02692725695669651
v 0.0551273338496685 -0.03251492604613304 0.02692725695669651
v 0.05176280066370964 -0.032154493033885956 0.025920534506440163
v 0.0529591329395771 -0.02840377576649189 0.024142825976014137
v 0.0551273338496685 -0.03251492604613304 0.02692725695669651
v 0.0529591329395771 -0.02840377576649189 0.024142825976014137
v 0.056388869881629944 -0.02872481755912304 0.025084102526307106
v 0.056388869881629944 -0.02872481755912304 0.025084102526307106
v 0.0529591329395771 -0.02840377576649189 0.024142825976014137
v 0.05387580022215843 -0.024143004789948463 0.022774184122681618
v 0.056388869881629944 -0.02872481755912304 0.025084102526307106
v 0.05387580022215843 -0.024143004789948463 0.022774184122681618
v 0.057416222989559174 -0.024504704400897026 0.023693585768342018
v 0.057416222989559174 -0.024504704400897026 0.023693585768342018
v 0.05387580022215843 -0.024143004789948463 0.022774184122681618
v 0.05456942692399025 -0.019526997581124306 0.021750176325440407
v 0.057416222989559174 -0.024504704400897026 0.023693585768342018
v 0.05456942692399025 -0.019526997581124306 0.021750176325440407
v 0.058250587433576584 -0.01994393579661846 0.02266516722738743
v 0.058250587433576584 -0.01994393579661846 0.02266516722738743
v 0.05456942692399025 -0.019526997581124306 0.021750176325440407
v 0.055498551577329636 -0.009851770475506783 0.020490670576691628
v 0.058250587433576584 -0.01994393579661846 0.02266516722738743
v 0.055498551577329636 -0.009851770475506783 0.020490670576691628
v 0.0594789944589138 -0.010177182033658028 0.021354997530579567
v 0.0594789944589138 -0.010177182033658028 0.021354997530579567
v 0.055498551577329636 -0.009851770475506783 0.020490670576691628
v 0.05574827268719673 -0.004943094216287136 0.020204806700348854
v 0.0594789944589138 -0.010177182033658028 0.021354997530579567
v 0.05574827268719673 -0.004943094216287136 0.020204806700348854
v 0.05983522906899452 -0.0051120282150805 0.021036231890320778
v 0.05983522906899452 -0.0051120282150805 0.021036231890320778
v 0.05574827268719673 -0.004943094216287136 0.020204806700348854
v 0.05883493274450302 -0.0004848862299695611 0.020641112700104713
v 0.05983522906899452 -0.0051120282150805 0.021036231890320778
v 0.05883493274450302 -0.0004848862299695611 0.020641112700104713
v 0.059948381036520004 -0.0004847986565437168 0.02096858061850071
v 0.042096372693777084 -0.047862108796834946 0.040993060916662216
v 0.04217125102877617 -0.041074804961681366 0.03284647688269615
v 0.04658224433660507 -0.04157954826951027 0.03383847698569298
v 0.04658224433660507 -0.04157954826951027 0.03383847698569298
v 0.04217125102877617 -0.041074804961681366 0.03284647688269615
v 0.04854144528508186 -0.03851677104830742 0.03077479638159275
v 0.04658224433660507 -0.04157954826951027 0.03383847698569298
v 0.04854144528508186 -0.03851677104830742 0.03077479638159275
v 0.051861755549907684 -0.039102703332901 0.03198089823126793
v 0.051861755549907684 -0.039102703332901 0.03198089823126793
v 0.04854144528508186 -0.03851677104830742 0.03077479638159275
v 0.05361637845635414 -0.03592187538743019 0.029240215197205544
v 0.051861755549907684 -0.039102703332901 0.03198089823126793
v 0.05361637845635414 -0.03592187538743019 0.029240215197205544
v 0.05608217790722847 -0.0364786833524704 0.030822718515992165
v 0.05608217790722847 -0.0364786833524704 0.030822718515992165
v 0.05361637845635414 -0.03592187538743019 0.029240215197205544
v 0.0551273338496685 -0.03251492604613304 0.02692725695669651
v 0.05608217790722847 -0.0364786833524704 0.030822718515992165
v 0.0551273338496685 -0.03251492604613304 0.02692725695669651
v 0.05757030472159386 -0.03292251378297806 0.028529847040772438
v 0.05757030472159386 -0.03292251378297806 0.028529847040772438
v 0.0551273338496685 -0.03251492604613304 0.02692725695669651
v 0.056388869881629944 -0.02872481755912304 0.025084102526307106
v 0.05757030472159386 -0.03292251378297806 0.028529847040772438
v 0.056388869881629944 -0.02872481755912304 0.025084102526307106
v 0.05884876102209091 -0.029046200215816498 0.02671130932867527
v 0.05884876102209091 -0.029046200215816498 0.02671130932867527
v 0.056388869881629944 -0.02872481755912304 0.025084102526307106
v 0.057416222989559174 -0.024504704400897026 0.023693585768342018
v 0.05884876102209091 -0.029046200215816498 0.02671130932867527
v 0.057416222989559174 -0.024504704400897026 0.023693585768342018
v 0.059937022626399994 -0.02481670118868351 0.025349581614136696
v 0.059937022626399994 -0.02481670118868351 0.025349581614136696
v 0.057416222989559174 -0.024504704400897026 0.023693585768342018
v 0.058250587433576584 -0.01994393579661846 0.02266516722738743
v 0.059937022626399994 -0.02481670118868351 0.025349581614136696
v 0.058250587433576584 -0.01994393579661846 0.02266516722738743
v 0.060862574726343155 -0.020271986722946167 0.024343932047486305
v 0.060862574726343155 -0.020271986722946167 0.024343932047486305
v 0.058250587433576584 -0.01994393579661846 0.02266516722738743
v 0.0594789944589138 -0.010177182033658028 0.021354997530579567
v 0.060862574726343155 -0.020271986722946167 0.024343932047486305
v 0.0594789944589138 -0.010177182033658028 0.021354997530579567
v 0.06230171024799347 -0.010417717508971691 0.023027146235108376
v 0.06230171024799347 -0.010417717508971691 0.023027146235108376
v 0.0594789944589138 -0.010177182033658028 0.021354997530579567
v 0.05983522906899452 -0.0051120282150805 0.021036231890320778
v 0.06230171024799347 -0.010417717508971691 0.023027146235108376
v 0.05983522906899452 -0.0051120282150805 0.021036231890320778
v 0.06273561716079712 -0.005235801450908184 0.022690976038575172
v 0.06273561716079712 -0.005235801450908184 0.022690976038575172
v 0.05983522906899452 -0.0051120282150805 0.021036231890320778
v 0.06128580868244171 -0.0004847194068133831 0.021537745371460915
v 0.06273561716079712 -0.005235801450908184 0.022690976038575172
v 0.06128580868244171 -0.0004847194068133831 0.021537745371460915
v 0.06293783336877823 -0.00048469213652424514 0.022671246901154518
v 0.05966680124402046 -0.05859510973095894 0.0645926222205162
v 0.05776077136397362 -0.06080047786235809 0.06872644275426865
v 0.05934363231062889 -0.05864553153514862 0.0645306333899498
v 0.05934363231062889 -0.05864553153514862 0.0645306333899498
v 0.05776077136397362 -0.06080047786235809 0.06872644275426865
v 0.05465349555015564 -0.06064237654209137 0.06716039031744003
v 0.05934363231062889 -0.05864553153514862 0.0645306333899498
v 0.05465349555015564 -0.06064237654209137 0.06716039031744003
v 0.05684463307261467 -0.057336047291755676 0.06055810675024986
v 0.05684463307261467 -0.057336047291755676 0.06055810675024986
v 0.05465349555015564 -0.06064237654209137 0.06716039031744003
v 0.05001852661371231 -0.058228492736816406 0.0601055882871151
v 0.05001852661371231 -0.058228492736816406 0.0601055882871151
v 0.0542084164917469 -0.05602886527776718 0.056869056075811386
v 0.05684463307261467 -0.057336047291755676 0.06055810675024986
v 0.05684463307261467 -0.057336047291755676 0.06055810675024986
v 0.0542084164917469 -0.05602886527776718 0.056869056075811386
v 0.05753805488348007 -0.053524669259786606 0.05363753065466881
v 0.05684463307261467 -0.057336047291755676 0.06055810675024986
v 0.05753805488348007 -0.053524669259786606 0.05363753065466881
v 0.06030094251036644 -0.054879382252693176 0.0576036237180233
v 0.06030094251036644 -0.054879382252693176 0.0576036237180233
v 0.05753805488348007 -0.053524669259786606 0.05363753065466881
v 0.0599832683801651 -0.05068906396627426 0.050571706146001816
v 0.06030094251036644 -0.054879382252693176 0.0576036237180233
v 0.0599832683801651 -0.05068906396627426 0.050571706146001816
v 0.06273052096366882 -0.05201951041817665 0.054816629737615585
v 0.06273052096366882 -0.05201951041817665 0.054816629737615585
v 0.0599832683801651 -0.05068906396627426 0.050571706146001816
v 0.06426537036895752 -0.04913441464304924 0.052640464156866074
v 0.06273052096366882 -0.05201951041817665 0.054816629737615585
v 0.06426537036895752 -0.04913441464304924 0.052640464156866074
v 0.06378132849931717 -0.05098970606923103 0.054447200149297714
v 0.06587201356887817 -0.03629385307431221 0.04389181360602379
v 0.0653991848230362 -0.040580738335847855 0.0461517833173275
v 0.06552577018737793 -0.035391665995121 0.042542245239019394
v 0.06552577018737793 -0.035391665995121 0.042542245239019394
v 0.0653991848230362 -0.040580738335847855 0.0461517833173275
v 0.06447441130876541 -0.03973861783742905 0.04386815056204796
v 0.06552577018737793 -0.035391665995121 0.042542245239019394
v 0.06447441130876541 -0.03973861783742905 0.04386815056204796
v 0.06215444207191467 -0.038817841559648514 0.03948434814810753
v 0.06215444207191467 -0.038817841559648514 0.03948434814810753
v 0.06447441130876541 -0.03973861783742905 0.04386815056204796
v 0.06325190514326096 -0.043801479041576385 0.04559990391135216
v 0.06215444207191467 -0.038817841559648514 0.03948434814810753
v 0.06325190514326096 -0.043801479041576385 0.04559990391135216
v 0.060763951390981674 -0.04267445579171181 0.04149075970053673
v 0.060763951390981674 -0.04267445579171181 0.04149075970053673
v 0.06325190514326096 -0.043801479041576385 0.04559990391135216
v 0.06180300936102867 -0.04746515676379204 0.04783942922949791
v 0.060763951390981674 -0.04267445579171181 0.04149075970053673
v 0.06180300936102867 -0.04746515676379204 0.04783942922949791
v 0.059162937104701996 -0.04619235545396805 0.043982233852148056
v 0.059162937104701996 -0.04619235545396805 0.043982233852148056
v 0.06180300936102867 -0.04746515676379204 0.04783942922949791
v 0.0599832683801651 -0.05068906396627426 0.050571706146001816
v 0.059162937104701996 -0.04619235545396805 0.043982233852148056
v 0.0599832683801651 -0.05068906396627426 0.050571706146001816
v 0.05472928658127785 -0.04811088740825653 0.0440080426633358
v 0.05472928658127785 -0.04811088740825653 0.0440080426633358
v 0.0599832683801651 -0.05068906396627426 0.050571706146001816
v 0.052260078489780426 -0.050995297729969025 0.04742291197180748
v 0.052260078489780426 -0.050995297729969025 0.04742291197180748
v 0.0599832683801651 -0.05068906396627426 0.050571706146001816
v 0.05753805488348007 -0.053524669259786606 0.05363753065466881
v 0.052260078489780426 -0.050995297729969025 0.04742291197180748
v 0.05753805488348007 -0.053524669259786606 0.05363753065466881
v 0.049197617918252945 -0.05367075279355049 0.05099179968237877
v 0.049197617918252945 -0.05367075279355049 0.05099179968237877
v 0.05753805488348007 -0.053524669259786606 0.05363753065466881
v 0.0542084164917469 -0.05602886527776718 0.056869056075811386
v 0.049197617918252945 -0.05367075279355049 0.05099179968237877
v 0.0542084164917469 -0.05602886527776718 0.056869056075811386
v 0.04557333141565323 -0.05612991377711296 0.0545819066464901
v 0.04557333141565323 -0.05612991377711296 0.0545819066464901
v 0.0542084164917469 -0.05602886527776718 0.056869056075811386
v 0.05001852661371231 -0.058228492736816406 0.0601055882871151
v 0.04557333141565323 -0.05612991377711296 0.0545819066464901
v 0.05001852661371231 -0.058228492736816406 0.0601055882871151
v 0.04553200677037239 -0.060093123465776443 0.06320109218358994
v 0.04553200677037239 -0.060093123465776443 0.06320109218358994
v 0.05001852661371231 -0.058228492736816406 0.0601055882871151
v 0.05465349555015564 -0.06064237654209137 0.06716039031744003
v 0.04553200677037239 -0.060093123465776443 0.06320109218358994
v 0.05465349555015564 -0.06064237654209137 0.06716039031744003
v 0.0495290644466877 -0.062217265367507935 0.0696948990225792
v 0.0495290644466877 -0.062217265367507935 0.0696948990225792
v 0.05465349555015564 -0.06064237654209137 0.06716039031744003
v 0.05776077136397362 -0.06080047786235809 0.06872644275426865
v 0.0495290644466877 -0.062217265367507935 0.0696948990225792
v 0.05776077136397362 -0.06080047786235809 0.06872644275426865
v 0.05465022474527359 -0.06376688927412033 0.07541920989751816
v 0.06709906458854675 -0.027876248583197594 0.041200604289770126
v 0.0664922371506691 -0.031758539378643036 0.0421769879758358
v 0.06645795702934265 -0.030875690281391144 0.04151805862784386
v 0.06645795702934265 -0.030875690281391144 0.04151805862784386
v 0.0664922371506691 -0.031758539378643036 0.0421769879758358
v 0.06552577018737793 -0.035391665995121 0.042542245239019394
v 0.06645795702934265 -0.030875690281391144 0.04151805862784386
v 0.06552577018737793 -0.035391665995121 0.042542245239019394
v 0.061380404978990555 -0.03401654213666916 0.033959951251745224
v 0.061380404978990555 -0.03401654213666916 0.033959951251745224
v 0.06552577018737793 -0.035391665995121 0.042542245239019394
v 0.06215444207191467 -0.038817841559648514 0.03948434814810753
v 0.061380404978990555 -0.03401654213666916 0.033959951251745224
v 0.06215444207191467 -0.038817841559648514 0.03948434814810753
v 0.06003160774707794 -0.037936966866254807 0.035840954631567
v 0.06003160774707794 -0.037936966866254807 0.035840954631567
v 0.06215444207191467 -0.038817841559648514 0.03948434814810753
v 0.060763951390981674 -0.04267445579171181 0.04149075970053673
v 0.06003160774707794 -0.037936966866254807 0.035840954631567
v 0.060763951390981674 -0.04267445579171181 0.04149075970053673
v 0.058499179780483246 -0.04159856215119362 0.03813686594367027
v 0.058499179780483246 -0.04159856215119362 0.03813686594367027
v 0.060763951390981674 -0.04267445579171181 0.04149075970053673
v 0.059162937104701996 -0.04619235545396805 0.043982233852148056
v 0.058499179780483246 -0.04159856215119362 0.03813686594367027
v 0.059162937104701996 -0.04619235545396805 0.043982233852148056
v 0.05675872415304184 -0.044988084584474564 0.04087259992957115
v 0.05675872415304184 -0.044988084584474564 0.04087259992957115
v 0.059162937104701996 -0.04619235545396805 0.043982233852148056
v 0.05472928658127785 -0.04811088740825653 0.0440080426633358
v 0.05675872415304184 -0.044988084584474564 0.04087259992957115
v 0.05472928658127785 -0.04811088740825653 0.0440080426633358
v 0.0524798221886158 -0.0470178946852684 0.041775550693273544
v 0.0524798221886158 -0.0470178946852684 0.041775550693273544
v 0.05472928658127785 -0.04811088740825653 0.0440080426633358
v 0.04998171329498291 -0.049949243664741516 0.045308854430913925
v 0.0524798221886158 -0.0470178946852684 0.041775550693273544
v 0.04998171329498291 -0.049949243664741516 0.045308854430913925
v 0.04770977050065994 -0.049077484756708145 0.04365059360861778
v 0.04770977050065994 -0.049077484756708145 0.04365059360861778
v 0.04998171329498291 -0.049949243664741516 0.045308854430913925
v 0.04486197605729103 -0.05194937810301781 0.04741683229804039
v 0.04770977050065994 -0.049077484756708145 0.04365059360861778
v 0.04486197605729103 -0.05194937810301781 0.04741683229804039
v 0.04517782852053642 -0.04838677868247032 0.042236533015966415
v 0.04517782852053642 -0.04838677868247032 0.042236533015966415
v 0.04486197605729103 -0.05194937810301781 0.04741683229804039
v 0.03958478942513466 -0.05413162335753441 0.04996505007147789
v 0.04517782852053642 -0.04838677868247032 0.042236533015966415
v 0.03958478942513466 -0.05413162335753441 0.04996505007147789
v 0.042096372693777084 -0.047862108796834946 0.040993060916662216
v 0.042096372693777084 -0.047862108796834946 0.040993060916662216
v 0.03958478942513466 -0.05413162335753441 0.04996505007147789
v 0.037006355822086334 -0.053722843527793884 0.048842813819646835
v 0.042096372693777084 -0.047862108796834946 0.040993060916662216
v 0.037006355822086334 -0.053722843527793884 0.048842813819646835
v 0.03815946355462074 -0.0474729910492897 0.039944615215063095
v 0.03815946355462074 -0.0474729910492897 0.039944615215063095
v 0.037006355822086334 -0.053722843527793884 0.048842813819646835
v 0.033766113221645355 -0.05340041220188141 0.04784860834479332
v 0.03815946355462074 -0.0474729910492897 0.039944615215063095
v 0.033766113221645355 -0.05340041220188141 0.04784860834479332
v 0.03311646357178688 -0.047185543924570084 0.03913119062781334
v 0.03311646357178688 -0.047185543924570084 0.03913119062781334
v 0.033766113221645355 -0.05340041220188141 0.04784860834479332
v 0.029669800773262978 -0.053131669759750366 0.04699369892477989
v 0.03311646357178688 -0.047185543924570084 0.03913119062781334
v 0.029669800773262978 -0.053131669759750366 0.04699369892477989
v 0.02882227674126625 -0.04909155145287514 0.041292931884527206
v 0.02882227674126625 -0.04909155145287514 0.041292931884527206
v 0.029669800773262978 -0.053131669759750366 0.04699369892477989
v 0.024678898975253105 -0.052859898656606674 0.046372439712285995
v 0.02882227674126625 -0.04909155145287514 0.041292931884527206
v 0.024678898975253105 -0.052859898656606674 0.046372439712285995
v 0.024026265367865562 -0.053049106150865555 0.046649541705846786
v 0.024026265367865562 -0.053049106150865555 0.046649541705846786
v 0.024678898975253105 -0.052859898656606674 0.046372439712285995
v 0.02256852760910988 -0.05730924382805824 0.05352344736456871
v 0.024026265367865562 -0.053049106150865555 0.046649541705846786
v 0.02256852760910988 -0.05730924382805824 0.05352344736456871
v 0.021456822752952576 -0.05723140761256218 0.053382065147161484
v 0.07372605800628662 -0.0005871538305655122 0.12954869866371155
v 0.07372600585222244 -0.0004999722586944699 0.129548579454422
v 0.0815989300608635 -0.0004918047925457358 0.13318660855293274
v 0.0774235874414444 -0.052519481629133224 0.1322442591190338
v 0.07352837920188904 -0.05088617652654648 0.12949970364570618
v 0.07755879312753677 -0.052068471908569336 0.13227418065071106
v 0.07755879312753677 -0.052068471908569336 0.13227418065071106
v 0.07352837920188904 -0.05088617652654648 0.12949970364570618
v 0.07361528277397156 -0.04683561995625496 0.1295250952243805
v 0.07755879312753677 -0.052068471908569336 0.13227418065071106
v 0.07361528277397156 -0.04683561995625496 0.1295250952243805
v 0.07904282957315445 -0.04581858590245247 0.13260117173194885
v 0.07361528277397156 -0.04683561995625496 0.1295250952243805
v 0.07363998144865036 -0.04481623321771622 0.12953665852546692
v 0.07904282957315445 -0.04581858590245247 0.13260117173194885
v 0.07904282957315445 -0.04581858590245247 0.13260117173194885
v 0.07363998144865036 -0.04481623321771622 0.12953665852546692
v 0.0736871138215065 -0.03844233602285385 0.12956514954566956
v 0.07904282957315445 -0.04581858590245247 0.13260117173194885
v 0.0736871138215065 -0.03844233602285385 0.12956514954566956
v 0.08009914308786392 -0.03903092443943024 0.13283506035804749
v 0.08009914308786392 -0.03903092443943024 0.13283506035804749
v 0.0736871138215065 -0.03844233602285385 0.12956514954566956
v 0.07371985167264938 -0.025693777948617935 0.12958553433418274
v 0.08009914308786392 -0.03903092443943024 0.13283506035804749
v 0.07371985167264938 -0.025693777948617935 0.12958553433418274
v 0.08100392669439316 -0.029129669070243835 0.13304904103279114
v 0.08100392669439316 -0.029129669070243835 0.13304904103279114
v 0.07371985167264938 -0.025693777948617935 0.12958553433418274
v 0.08136245608329773 -0.02173202484846115 0.1331365406513214
v 0.08136245608329773 -0.02173202484846115 0.1331365406513214
v 0.07371985167264938 -0.025693777948617935 0.12958553433418274
v 0.07372269779443741 -0.022399231791496277 0.12958219647407532
v 0.08136245608329773 -0.02173202484846115 0.1331365406513214
v 0.07372269779443741 -0.022399231791496277 0.12958219647407532
v 0.08148281276226044 -0.017466994002461433 0.1331658661365509
v 0.08148281276226044 -0.017466994002461433 0.1331658661365509
v 0.07372269779443741 -0.022399231791496277 0.12958219647407532
v 0.0815989300608635 -0.0004918047925457358 0.13318660855293274
v 0.0815989300608635 -0.0004918047925457358 0.13318660855293274
v 0.07372269779443741 -0.022399231791496277 0.12958219647407532
v 0.07372607290744781 -0.002696343930438161 0.12955191731452942
v 0.0815989300608635 -0.0004918047925457358 0.13318660855293274
v 0.07372607290744781 -0.002696343930438161 0.12955191731452942
v 0.07372605800628662 -0.0005871538305655122 0.12954869866371155
v -0.016999999061226845 -0.0325000025331974 0.029850685968995094
v -0.016999999061226845 -0.0325000025331974 0.06404139846563339
v -0.016999999061226845 -0.025999998673796654 0.029850685968995094
v -0.016999999061226845 -0.025999998673796654 0.029850685968995094
v -0.016999999061226845 -0.0325000025331974 0.06404139846563339
v -0.016999999061226845 0.03150000050663948 0.06404139846563339
v -0.016999999061226845 -0.025999998673796654 0.029850685968995094
v -0.016999999061226845 0.03150000050663948 0.06404139846563339
v -0.016999999061226845 0.02500000037252903 0.029850685968995094
v -0.016999999061226845 0.02500000037252903 0.029850685968995094
v -0.016999999061226845 0.03150000050663948 0.06404139846563339
v -0.016999999061226845 0.03150000050663948 0.029850685968995094
v -0.016999999061226845 0.02500000037252903 0.02511122263967991
v -0.016999999061226845 0.024910643696784973 0.02561124600470066
v -0.016999999061226845 0.02500000037252903 0.029850685968995094
v -0.016999999061226845 0.02500000037252903 0.029850685968995094
v -0.016999999061226845 0.024910643696784973 0.02561124600470066
v -0.016999999061226845 0.024879293516278267 0.02569361962378025
v -0.016999999061226845 0.024879293516278267 0.02569361962378025
v -0.016999999061226845 0.0248566847294569 0.025746608152985573
v -0.016999999061226845 0.02500000037252903 0.029850685968995094
v -0.016999999061226845 0.02500000037252903 0.029850685968995094
v -0.016999999061226845 0.0248566847294569 0.025746608152985573
v -0.016999999061226845 0.02447187900543213 0.026342594996094704
v -0.016999999061226845 0.02500000037252903 0.029850685968995094
v -0.016999999061226845 0.02447187900543213 0.026342594996094704
v -0.016999999061226845 0.0244558397680521 0.02636166848242283
v -0.016999999061226845 -0.025856683030724525 0.025746608152985573
v -0.016999999061226845 -0.02587929181754589 0.02569361962378025
v -0.016999999061226845 -0.025999998673796654 0.029850685968995094
v -0.016999999061226845 -0.025999998673796654 0.029850685968995094
v -0.016999999061226845 -0.02587929181754589 0.02569361962378025
v -0.016999999061226845 -0.025910641998052597 0.02561124600470066
v -0.016999999061226845 -0.025999998673796654 0.029850685968995094
v -0.016999999061226845 -0.025910641998052597 0.02561124600470066
v -0.016999999061226845 -0.025999998673796654 0.02511122263967991
v -0.016999999061226845 -0.025004470720887184 0.02683880366384983
v -0.016999999061226845 -0.025455838069319725 0.02636166848242283
v -0.016999999061226845 -0.025999998673796654 0.029850685968995094
v -0.016999999061226845 -0.025999998673796654 0.029850685968995094
v -0.016999999061226845 -0.025455838069319725 0.02636166848242283
v -0.016999999061226845 -0.025471877306699753 0.026342594996094704
v -0.016999999061226845 -0.025999998673796654 0.029850685968995094
v -0.016999999061226845 -0.025471877306699753 0.026342594996094704
v -0.016999999061226845 -0.025856683030724525 0.025746608152985573
v -0.016999999061226845 0.0244558397680521 0.02636166848242283
v -0.016999999061226845 0.02400447241961956 0.02683880366384983
v -0.016999999061226845 0.02500000037252903 0.029850685968995094
v -0.016999999061226845 0.02500000037252903 0.029850685968995094
v -0.016999999061226845 0.02400447241961956 0.02683880366384983
v -0.016999999061226845 0.024000000208616257 0.026843274012207985
v -0.016999999061226845 0.02500000037252903 0.029850685968995094
v -0.016999999061226845 0.024000000208616257 0.026843274012207985
v -0.016999999061226845 -0.025999998673796654 0.029850685968995094
v -0.016999999061226845 -0.025999998673796654 0.029850685968995094
v -0.016999999061226845 0.024000000208616257 0.026843274012207985
v -0.016999999061226845 -0.02499999850988388 0.026843274012207985
v -0.016999999061226845 -0.025999998673796654 0.029850685968995094
v -0.016999999061226845 -0.02499999850988388 0.026843274012207985
v -0.016999999061226845 -0.025004470720887184 0.02683880366384983
v 0.017000000923871994 0.03150000050663948 0.029850685968995094
v 0.017000000923871994 0.03150000050663948 0.054332878440618515
v 0.017000000923871994 0.02500000037252903 0.029850685968995094
v 0.017000000923871994 0.02500000037252903 0.029850685968995094
v 0.017000000923871994 0.03150000050663948 0.054332878440618515
v 0.017000000923871994 -0.0325000025331974 0.054332878440618515
v 0.017000000923871994 0.02500000037252903 0.029850685968995094
v 0.017000000923871994 -0.0325000025331974 0.054332878440618515
v 0.017000000923871994 -0.025999998673796654 0.029850685968995094
v 0.017000000923871994 -0.025999998673796654 0.029850685968995094
v 0.017000000923871994 -0.0325000025331974 0.054332878440618515
v 0.017000000923871994 -0.0325000025331974 0.029850685968995094
v 0.017000000923871994 0.024672508239746094 0.026076877489686012
v 0.017000000923871994 0.024873727932572365 0.02570709027349949
v 0.017000000923871994 0.02500000037252903 0.029850685968995094
v 0.017000000923871994 0.02500000037252903 0.029850685968995094
v 0.017000000923871994 0.024873727932572365 0.02570709027349949
v 0.017000000923871994 0.024910643696784973 0.02561124600470066
v 0.017000000923871994 0.02500000037252903 0.029850685968995094
v 0.017000000923871994 0.024910643696784973 0.02561124600470066
v 0.017000000923871994 0.02500000037252903 0.02511122263967991
v 0.017000000923871994 -0.025999998673796654 0.02511122263967991
v 0.017000000923871994 -0.025910641998052597 0.02561124600470066
v 0.017000000923871994 -0.025999998673796654 0.029850685968995094
v 0.017000000923871994 -0.025999998673796654 0.029850685968995094
v 0.017000000923871994 -0.025910641998052597 0.02561124600470066
v 0.017000000923871994 -0.02587372623383999 0.02570709027349949
v 0.017000000923871994 0.02400447241961956 0.02683880366384983
v 0.017000000923871994 0.024342723190784454 0.02649005688726902
v 0.017000000923871994 0.02500000037252903 0.029850685968995094
v 0.017000000923871994 0.02500000037252903 0.029850685968995094
v 0.017000000923871994 0.024342723190784454 0.02649005688726902
v 0.017000000923871994 0.02446071431040764 0.026355886831879616
v 0.017000000923871994 0.02500000037252903 0.029850685968995094
v 0.017000000923871994 0.02446071431040764 0.026355886831879616
v 0.017000000923871994 0.024672508239746094 0.026076877489686012
v 0.017000000923871994 -0.02587372623383999 0.02570709027349949
v 0.017000000923871994 -0.025672506541013718 0.026076877489686012
v 0.017000000923871994 -0.025999998673796654 0.029850685968995094
v 0.017000000923871994 -0.025999998673796654 0.029850685968995094
v 0.017000000923871994 -0.025672506541013718 0.026076877489686012
v 0.017000000923871994 -0.025460712611675262 0.026355886831879616
v 0.017000000923871994 -0.025999998673796654 0.029850685968995094
v 0.017000000923871994 -0.025460712611675262 0.026355886831879616
v 0.017000000923871994 -0.025342721492052078 0.02649005688726902
v 0.017000000923871994 -0.025342721492052078 0.02649005688726902
v 0.017000000923871994 -0.025004470720887184 0.02683880366384983
v 0.017000000923871994 -0.025999998673796654 0.029850685968995094
v 0.017000000923871994 -0.025999998673796654 0.029850685968995094
v 0.017000000923871994 -0.025004470720887184 0.02683880366384983
v 0.017000000923871994 -0.02499999850988388 0.026843274012207985
v 0.017000000923871994 -0.025999998673796654 0.029850685968995094
v 0.017000000923871994 -0.02499999850988388 0.026843274012207985
v 0.017000000923871994 0.02500000037252903 0.029850685968995094
v 0.017000000923871994 0.02500000037252903 0.029850685968995094
v 0.017000000923871994 -0.02499999850988388 0.026843274012207985
v 0.017000000923871994 0.024000000208616257 0.026843274012207985
v 0.017000000923871994 0.02500000037252903 0.029850685968995094
v 0.017000000923871994 0.024000000208616257 0.026843274012207985
v 0.017000000923871994 0.02400447241961956 0.02683880366384983
v -0.017859958112239838 0.03150000050663948 0.025793636217713356
v 0.030182410031557083 0.03150000050663948 -0.0020210493821650743
v -0.020291924476623535 0.03150000050663948 0.022434378042817116
v -0.020291924476623535 0.03150000050663948 0.022434378042817116
v 0.030182410031557083 0.03150000050663948 -0.0020210493821650743
v 0.028228547424077988 0.03150000050663948 -0.010872517712414265
v -0.020291924476623535 0.03150000050663948 0.022434378042817116
v 0.028228547424077988 0.03150000050663948 -0.010872517712414265
v 0.02373996563255787 0.03150000050663948 -0.01874772273004055
v 0.020291926339268684 0.03150000050663948 0.022434378042817116
v 0.026027562096714973 0.03150000050663948 0.01541521679610014
v -0.017859958112239838 0.03150000050663948 0.025793636217713356
v -0.017859958112239838 0.03150000050663948 0.025793636217713356
v 0.026027562096714973 0.03150000050663948 0.01541521679610014
v 0.02942611090838909 0.03150000050663948 0.007011855486780405
v -0.017859958112239838 0.03150000050663948 0.025793636217713356
v 0.02942611090838909 0.03150000050663948 0.007011855486780405
v 0.030182410031557083 0.03150000050663948 -0.0020210493821650743
v 0.02373996563255787 0.03150000050663948 -0.01874772273004055
v 0.01711970940232277 0.03150000050663948 -0.024939512833952904
v -0.020291924476623535 0.03150000050663948 0.022434378042817116
v -0.020291924476623535 0.03150000050663948 0.022434378042817116
v 0.01711970940232277 0.03150000050663948 -0.024939512833952904
v 0.008962225168943405 0.03150000050663948 -0.028891896829009056
v -0.020291924476623535 0.03150000050663948 0.022434378042817116
v 0.008962225168943405 0.03150000050663948 -0.028891896829009056
v -1.1874362604302746e-11 0.03150000050663948 -0.03024998866021633
v -1.1874362604302746e-11 0.03150000050663948 -0.03024998866021633
v -0.00896222610026598 0.03150000050663948 -0.028891896829009056
v -0.020291924476623535 0.03150000050663948 0.022434378042817116
v -0.020291924476623535 0.03150000050663948 0.022434378042817116
v -0.00896222610026598 0.03150000050663948 -0.028891896829009056
v -0.01711970753967762 0.03150000050663948 -0.024939512833952904
v -0.020291924476623535 0.03150000050663948 0.022434378042817116
v -0.01711970753967762 0.03150000050663948 -0.024939512833952904
v -0.026027560234069824 0.03150000050663948 0.01541521679610014
v -0.026027560234069824 0.03150000050663948 0.01541521679610014
v -0.01711970753967762 0.03150000050663948 -0.024939512833952904
v -0.02942611090838909 0.03150000050663948 0.007011855486780405
v -0.016999999061226845 0.03150000050663948 0.06404139846563339
v 0.006787879392504692 0.03150000050663948 0.05891623720526695
v -0.016999999061226845 0.03150000050663948 0.029850685968995094
v -0.016999999061226845 0.03150000050663948 0.029850685968995094
v 0.006787879392504692 0.03150000050663948 0.05891623720526695
v 0.013546093367040157 0.03150000050663948 0.05678405985236168
v -0.02373996563255787 0.03150000050663948 -0.01874772273004055
v -0.02822854556143284 0.03150000050663948 -0.010872517712414265
v -0.01711970753967762 0.03150000050663948 -0.024939512833952904
v -0.01711970753967762 0.03150000050663948 -0.024939512833952904
v -0.02822854556143284 0.03150000050663948 -0.010872517712414265
v -0.030182408168911934 0.03150000050663948 -0.0020210493821650743
v -0.01711970753967762 0.03150000050663948 -0.024939512833952904
v -0.030182408168911934 0.03150000050663948 -0.0020210493821650743
v -0.02942611090838909 0.03150000050663948 0.007011855486780405
v 0.020291926339268684 0.03150000050663948 0.022434378042817116
v -0.017859958112239838 0.03150000050663948 0.025793636217713356
v 0.017859958112239838 0.03150000050663948 0.025793636217713356
v 0.017859958112239838 0.03150000050663948 0.025793636217713356
v -0.017859958112239838 0.03150000050663948 0.025793636217713356
v -0.016999999061226845 0.03150000050663948 0.029850685968995094
v 0.017859958112239838 0.03150000050663948 0.025793636217713356
v -0.016999999061226845 0.03150000050663948 0.029850685968995094
v 0.017000000923871994 0.03150000050663948 0.029850685968995094
v 0.017000000923871994 0.03150000050663948 0.029850685968995094
v -0.016999999061226845 0.03150000050663948 0.029850685968995094
v 0.013546093367040157 0.03150000050663948 0.05678405985236168
v 0.017000000923871994 0.03150000050663948 0.029850685968995094
v 0.013546093367040157 0.03150000050663948 0.05678405985236168
v 0.017000000923871994 0.03150000050663948 0.054332878440618515
v 0.006787879392504692 -0.0325000025331974 0.05891623720526695
v -0.016999999061226845 -0.0325000025331974 0.06404139846563339
v -0.016999999061226845 -0.0325000025331974 0.029850685968995094
v -0.00896222610026598 -0.0325000025331974 -0.028891896829009056
v -1.1874362604302746e-11 -0.0325000025331974 -0.03024998866021633
v -0.020291924476623535 -0.0325000025331974 0.022434378042817116
v 0.026027562096714973 -0.0325000025331974 0.01541521679610014
v 0.020291926339268684 -0.0325000025331974 0.022434378042817116
v -0.017859958112239838 -0.0325000025331974 0.025793636217713356
v -0.017859958112239838 -0.0325000025331974 0.025793636217713356
v 0.020291926339268684 -0.0325000025331974 0.022434378042817116
v 0.017859958112239838 -0.0325000025331974 0.025793636217713356
v -0.017859958112239838 -0.0325000025331974 0.025793636217713356
v 0.017859958112239838 -0.0325000025331974 0.025793636217713356
v -0.016999999061226845 -0.0325000025331974 0.029850685968995094
v -0.016999999061226845 -0.0325000025331974 0.029850685968995094
v 0.017859958112239838 -0.0325000025331974 0.025793636217713356
v 0.017000000923871994 -0.0325000025331974 0.029850685968995094
v 0.02373996563255787 -0.0325000025331974 -0.01874772273004055
v 0.028228547424077988 -0.0325000025331974 -0.010872517712414265
v -0.020291924476623535 -0.0325000025331974 0.022434378042817116
v -0.020291924476623535 -0.0325000025331974 0.022434378042817116
v 0.028228547424077988 -0.0325000025331974 -0.010872517712414265
v 0.030182410031557083 -0.0325000025331974 -0.0020210493821650743
v -0.020291924476623535 -0.0325000025331974 0.022434378042817116
v 0.030182410031557083 -0.0325000025331974 -0.0020210493821650743
v -0.017859958112239838 -0.0325000025331974 0.025793636217713356
v -0.017859958112239838 -0.0325000025331974 0.025793636217713356
v 0.030182410031557083 -0.0325000025331974 -0.0020210493821650743
v 0.02942611090838909 -0.0325000025331974 0.007011855486780405
v -0.017859958112239838 -0.0325000025331974 0.025793636217713356
v 0.02942611090838909 -0.0325000025331974 0.007011855486780405
v 0.026027562096714973 -0.0325000025331974 0.01541521679610014
v -0.00896222610026598 -0.0325000025331974 -0.028891896829009056
v -0.020291924476623535 -0.0325000025331974 0.022434378042817116
v -0.01711970753967762 -0.0325000025331974 -0.024939512833952904
v -0.01711970753967762 -0.0325000025331974 -0.024939512833952904
v -0.020291924476623535 -0.0325000025331974 0.022434378042817116
v -0.026027560234069824 -0.0325000025331974 0.01541521679610014
v -0.01711970753967762 -0.0325000025331974 -0.024939512833952904
v -0.026027560234069824 -0.0325000025331974 0.01541521679610014
v -0.02942611090838909 -0.0325000025331974 0.007011855486780405
v -1.1874362604302746e-11 -0.0325000025331974 -0.03024998866021633
v 0.008962225168943405 -0.0325000025331974 -0.028891896829009056
v -0.020291924476623535 -0.0325000025331974 0.022434378042817116
v -0.020291924476623535 -0.0325000025331974 0.022434378042817116
v 0.008962225168943405 -0.0325000025331974 -0.028891896829009056
v 0.01711970940232277 -0.0325000025331974 -0.024939512833952904
v -0.020291924476623535 -0.0325000025331974 0.022434378042817116
v 0.01711970940232277 -0.0325000025331974 -0.024939512833952904
v 0.02373996563255787 -0.0325000025331974 -0.01874772273004055
v 0.017000000923871994 -0.0325000025331974 0.029850685968995094
v 0.017000000923871994 -0.0325000025331974 0.054332878440618515
v -0.016999999061226845 -0.0325000025331974 0.029850685968995094
v -0.016999999061226845 -0.0325000025331974 0.029850685968995094
v 0.017000000923871994 -0.0325000025331974 0.054332878440618515
v 0.013546093367040157 -0.0325000025331974 0.05678405985236168
v -0.016999999061226845 -0.0325000025331974 0.029850685968995094
v 0.013546093367040157 -0.0325000025331974 0.05678405985236168
v 0.006787879392504692 -0.0325000025331974 0.05891623720526695
v -0.02942611090838909 -0.0325000025331974 0.007011855486780405
v -0.030182408168911934 -0.0325000025331974 -0.0020210493821650743
v -0.01711970753967762 -0.0325000025331974 -0.024939512833952904
v -0.01711970753967762 -0.0325000025331974 -0.024939512833952904
v -0.030182408168911934 -0.0325000025331974 -0.0020210493821650743
v -0.02822854556143284 -0.0325000025331974 -0.010872517712414265
v -0.01711970753967762 -0.0325000025331974 -0.024939512833952904
v -0.02822854556143284 -0.0325000025331974 -0.010872517712414265
v -0.02373996563255787 -0.0325000025331974 -0.01874772273004055
v 0.020291926339268684 0.03150000050663948 0.022434378042817116
v 0.020291926339268684 0.02500000037252903 0.022434378042817116
v 0.026027562096714973 0.02500000037252903 0.01541521679610014
v 0.020291926339268684 0.03150000050663948 0.022434378042817116
v 0.026027562096714973 0.02500000037252903 0.01541521679610014
v 0.026027562096714973 0.03150000050663948 0.01541521679610014
v 0.026027562096714973 0.03150000050663948 0.01541521679610014
v 0.026027562096714973 0.02500000037252903 0.01541521679610014
v 0.02942611090838909 0.02500000037252903 0.007011855486780405
v 0.026027562096714973 0.03150000050663948 0.01541521679610014
v 0.02942611090838909 0.02500000037252903 0.007011855486780405
v 0.02942611090838909 0.03150000050663948 0.007011855486780405
v 0.02942611090838909 0.03150000050663948 0.007011855486780405
v 0.02942611090838909 0.02500000037252903 0.007011855486780405
v 0.030182410031557083 0.02500000037252903 -0.0020210493821650743
v 0.02942611090838909 0.03150000050663948 0.007011855486780405
v 0.030182410031557083 0.02500000037252903 -0.0020210493821650743
v 0.030182410031557083 0.03150000050663948 -0.0020210493821650743
v 0.030182410031557083 0.03150000050663948 -0.0020210493821650743
v 0.030182410031557083 0.02500000037252903 -0.0020210493821650743
v 0.028228547424077988 0.02500000037252903 -0.010872517712414265
v 0.030182410031557083 0.03150000050663948 -0.0020210493821650743
v 0.028228547424077988 0.02500000037252903 -0.010872517712414265
v 0.028228547424077988 0.03150000050663948 -0.010872517712414265
v 0.028228547424077988 0.03150000050663948 -0.010872517712414265
v 0.028228547424077988 0.02500000037252903 -0.010872517712414265
v 0.02373996563255787 0.02500000037252903 -0.01874772273004055
v 0.028228547424077988 0.03150000050663948 -0.010872517712414265
v 0.02373996563255787 0.02500000037252903 -0.01874772273004055
v 0.02373996563255787 0.03150000050663948 -0.01874772273004055
v 0.02373996563255787 0.03150000050663948 -0.01874772273004055
v 0.02373996563255787 0.02500000037252903 -0.01874772273004055
v 0.01711970940232277 0.02500000037252903 -0.024939512833952904
v 0.02373996563255787 0.03150000050663948 -0.01874772273004055
v 0.01711970940232277 0.02500000037252903 -0.024939512833952904
v 0.01711970940232277 0.03150000050663948 -0.024939512833952904
v 0.01711970940232277 0.03150000050663948 -0.024939512833952904
v 0.01711970940232277 0.02500000037252903 -0.024939512833952904
v 0.008962225168943405 0.02500000037252903 -0.028891896829009056
v 0.01711970940232277 0.03150000050663948 -0.024939512833952904
v 0.008962225168943405 0.02500000037252903 -0.028891896829009056
v 0.008962225168943405 0.03150000050663948 -0.028891896829009056
v 0.008962225168943405 0.03150000050663948 -0.028891896829009056
v 0.008962225168943405 0.02500000037252903 -0.028891896829009056
v -1.1874362604302746e-11 0.02500000037252903 -0.03024998866021633
v 0.008962225168943405 0.03150000050663948 -0.028891896829009056
v -1.1874362604302746e-11 0.02500000037252903 -0.03024998866021633
v -1.1874362604302746e-11 0.03150000050663948 -0.03024998866021633
v -1.1874362604302746e-11 0.03150000050663948 -0.03024998866021633
v -1.1874362604302746e-11 0.02500000037252903 -0.03024998866021633
v -0.00896222610026598 0.02500000037252903 -0.028891896829009056
v -1.1874362604302746e-11 0.03150000050663948 -0.03024998866021633
v -0.00896222610026598 0.02500000037252903 -0.028891896829009056
v -0.00896222610026598 0.03150000050663948 -0.028891896829009056
v -0.00896222610026598 0.03150000050663948 -0.028891896829009056
v -0.00896222610026598 0.02500000037252903 -0.028891896829009056
v -0.01711970753967762 0.02500000037252903 -0.024939512833952904
v -0.00896222610026598 0.03150000050663948 -0.028891896829009056
v -0.01711970753967762 0.02500000037252903 -0.024939512833952904
v -0.01711970753967762 0.03150000050663948 -0.024939512833952904
v -0.01711970753967762 0.03150000050663948 -0.024939512833952904
v -0.01711970753967762 0.02500000037252903 -0.024939512833952904
v -0.02373996563255787 0.02500000037252903 -0.01874772273004055
v -0.01711970753967762 0.03150000050663948 -0.024939512833952904
v -0.02373996563255787 0.02500000037252903 -0.01874772273004055
v -0.02373996563255787 0.03150000050663948 -0.01874772273004055
v -0.02373996563255787 0.03150000050663948 -0.01874772273004055
v -0.02373996563255787 0.02500000037252903 -0.01874772273004055
v -0.02822854556143284 0.02500000037252903 -0.010872517712414265
v -0.02373996563255787 0.03150000050663948 -0.01874772273004055
v -0.02822854556143284 0.02500000037252903 -0.010872517712414265
v -0.02822854556143284 0.03150000050663948 -0.010872517712414265
v -0.02822854556143284 0.03150000050663948 -0.010872517712414265
v -0.02822854556143284 0.02500000037252903 -0.010872517712414265
v -0.030182408168911934 0.02500000037252903 -0.0020210493821650743
v -0.02822854556143284 0.03150000050663948 -0.010872517712414265
v -0.030182408168911934 0.02500000037252903 -0.0020210493821650743
v -0.030182408168911934 0.03150000050663948 -0.0020210493821650743
v -0.030182408168911934 0.03150000050663948 -0.0020210493821650743
v -0.030182408168911934 0.02500000037252903 -0.0020210493821650743
v -0.02942611090838909 0.02500000037252903 0.007011855486780405
v -0.030182408168911934 0.03150000050663948 -0.0020210493821650743
v -0.02942611090838909 0.02500000037252903 0.007011855486780405
v -0.02942611090838909 0.03150000050663948 0.007011855486780405
v -0.02942611090838909 0.03150000050663948 0.007011855486780405
v -0.02942611090838909 0.02500000037252903 0.007011855486780405
v -0.026027560234069824 0.02500000037252903 0.01541521679610014
v -0.02942611090838909 0.03150000050663948 0.007011855486780405
v -0.026027560234069824 0.02500000037252903 0.01541521679610014
v -0.026027560234069824 0.03150000050663948 0.01541521679610014
v -0.026027560234069824 0.03150000050663948 0.01541521679610014
v -0.026027560234069824 0.02500000037252903 0.01541521679610014
v -0.020291924476623535 0.02500000037252903 0.022434378042817116
v -0.026027560234069824 0.03150000050663948 0.01541521679610014
v -0.020291924476623535 0.02500000037252903 0.022434378042817116
v -0.020291924476623535 0.03150000050663948 0.022434378042817116
v -0.01548799965530634 -0.02499999850988388 0.02598431147634983
v -0.01548799965530634 0.024000000208616257 0.02598431147634983
v -0.011867157183587551 -0.02499999850988388 0.027825022116303444
v -0.011867157183587551 -0.02499999850988388 0.027825022116303444
v -0.01548799965530634 0.024000000208616257 0.02598431147634983
v -0.011867157183587551 0.024000000208616257 0.027825022116303444
v -0.011867157183587551 -0.02499999850988388 0.027825022116303444
v -0.011867157183587551 0.024000000208616257 0.027825022116303444
v -0.008032345212996006 -0.02499999850988388 0.02916410006582737
v -0.008032345212996006 -0.02499999850988388 0.02916410006582737
v -0.011867157183587551 0.024000000208616257 0.027825022116303444
v -0.008032345212996006 0.024000000208616257 0.02916410006582737
v -0.008032345212996006 -0.02499999850988388 0.02916410006582737
v -0.008032345212996006 0.024000000208616257 0.02916410006582737
v -0.004052707925438881 -0.02499999850988388 0.029977286234498024
v -0.004052707925438881 -0.02499999850988388 0.029977286234498024
v -0.008032345212996006 0.024000000208616257 0.02916410006582737
v -0.004052707925438881 0.024000000208616257 0.029977286234498024
v -0.004052707925438881 -0.02499999850988388 0.029977286234498024
v -0.004052707925438881 0.024000000208616257 0.029977286234498024
v -1.1874362604302746e-11 -0.02499999850988388 0.030249977484345436
v -1.1874362604302746e-11 -0.02499999850988388 0.030249977484345436
v -0.004052707925438881 0.024000000208616257 0.029977286234498024
v -1.1874362604302746e-11 0.024000000208616257 0.030249977484345436
v -1.1874362604302746e-11 -0.02499999850988388 0.030249977484345436
v -1.1874362604302746e-11 0.024000000208616257 0.030249977484345436
v 0.004052707925438881 -0.02499999850988388 0.029977286234498024
v 0.004052707925438881 -0.02499999850988388 0.029977286234498024
v -1.1874362604302746e-11 0.024000000208616257 0.030249977484345436
v 0.004052707925438881 0.024000000208616257 0.029977286234498024
v 0.004052707925438881 -0.02499999850988388 0.029977286234498024
v 0.004052707925438881 0.024000000208616257 0.029977286234498024
v 0.008032344281673431 -0.02499999850988388 0.02916410006582737
v 0.008032344281673431 -0.02499999850988388 0.02916410006582737
v 0.004052707925438881 0.024000000208616257 0.029977286234498024
v 0.008032344281673431 0.024000000208616257 0.02916410006582737
v 0.008032344281673431 -0.02499999850988388 0.02916410006582737
v 0.008032344281673431 0.024000000208616257 0.02916410006582737
v 0.011867156252264977 -0.02499999850988388 0.027825022116303444
v 0.011867156252264977 -0.02499999850988388 0.027825022116303444
v 0.008032344281673431 0.024000000208616257 0.02916410006582737
v 0.011867156252264977 0.024000000208616257 0.027825022116303444
v 0.011867156252264977 -0.02499999850988388 0.027825022116303444
v 0.011867156252264977 0.024000000208616257 0.027825022116303444
v 0.01548799965530634 -0.02499999850988388 0.02598431147634983
v 0.01548799965530634 -0.02499999850988388 0.02598431147634983
v 0.011867156252264977 0.024000000208616257 0.027825022116303444
v 0.01548799965530634 0.024000000208616257 0.02598431147634983
v 0.020291926339268684 -0.025999998673796654 0.022434378042817116
v 0.017000000923871994 -0.025999998673796654 0.02511122263967991
v 0.017859958112239838 -0.025999998673796654 0.025793636217713356
v 0.017859958112239838 -0.025999998673796654 0.025793636217713356
v 0.017000000923871994 -0.025999998673796654 0.02511122263967991
v 0.017000000923871994 -0.025999998673796654 0.029850685968995094
v -0.016602134332060814 -0.025999998673796654 0.02493610419332981
v -0.020291924476623535 -0.025999998673796654 0.022434378042817116
v -0.016999999061226845 -0.025999998673796654 0.02511122263967991
v -0.016999999061226845 -0.025999998673796654 0.02511122263967991
v -0.020291924476623535 -0.025999998673796654 0.022434378042817116
v -0.017859958112239838 -0.025999998673796654 0.025793636217713356
v -0.016999999061226845 -0.025999998673796654 0.02511122263967991
v -0.017859958112239838 -0.025999998673796654 0.025793636217713356
v -0.016999999061226845 -0.025999998673796654 0.029850685968995094
v -0.02942611090838909 -0.025999998673796654 0.007011855486780405
v -0.026027560234069824 -0.025999998673796654 0.01541521679610014
v -0.020291924476623535 -0.025999998673796654 0.022434378042817116
v -0.00896222610026598 -0.025999998673796654 -0.028891896829009056
v 0.014975999481976032 -0.025999998673796654 0.025125348940491676
v -1.1874362604302746e-11 -0.025999998673796654 -0.03024998866021633
v -1.1874362604302746e-11 -0.025999998673796654 -0.03024998866021633
v 0.014975999481976032 -0.025999998673796654 0.025125348940491676
v 0.015773843973875046 -0.025999998673796654 0.024856114760041237
v 0.016611777245998383 -0.025999998673796654 0.024939144030213356
v 0.028228547424077988 -0.025999998673796654 -0.010872517712414265
v 0.015773843973875046 -0.025999998673796654 0.024856114760041237
v 0.015773843973875046 -0.025999998673796654 0.024856114760041237
v 0.028228547424077988 -0.025999998673796654 -0.010872517712414265
v 0.02373996563255787 -0.025999998673796654 -0.01874772273004055
v 0.02373996563255787 -0.025999998673796654 -0.01874772273004055
v 0.01711970940232277 -0.025999998673796654 -0.024939512833952904
v 0.015773843973875046 -0.025999998673796654 0.024856114760041237
v 0.015773843973875046 -0.025999998673796654 0.024856114760041237
v 0.01711970940232277 -0.025999998673796654 -0.024939512833952904
v 0.008962225168943405 -0.025999998673796654 -0.028891896829009056
v 0.015773843973875046 -0.025999998673796654 0.024856114760041237
v 0.008962225168943405 -0.025999998673796654 -0.028891896829009056
v -1.1874362604302746e-11 -0.025999998673796654 -0.03024998866021633
v 0.016611777245998383 -0.025999998673796654 0.024939144030213356
v 0.017000000923871994 -0.025999998673796654 0.02511122263967991
v 0.028228547424077988 -0.025999998673796654 -0.010872517712414265
v 0.028228547424077988 -0.025999998673796654 -0.010872517712414265
v 0.017000000923871994 -0.025999998673796654 0.02511122263967991
v 0.020291926339268684 -0.025999998673796654 0.022434378042817116
v 0.028228547424077988 -0.025999998673796654 -0.010872517712414265
v 0.020291926339268684 -0.025999998673796654 0.022434378042817116
v 0.030182410031557083 -0.025999998673796654 -0.0020210493821650743
v 0.030182410031557083 -0.025999998673796654 -0.0020210493821650743
v 0.020291926339268684 -0.025999998673796654 0.022434378042817116
v 0.026027562096714973 -0.025999998673796654 0.01541521679610014
v 0.030182410031557083 -0.025999998673796654 -0.0020210493821650743
v 0.026027562096714973 -0.025999998673796654 0.01541521679610014
v 0.02942611090838909 -0.025999998673796654 0.007011855486780405
v -0.00896222610026598 -0.025999998673796654 -0.028891896829009056
v -0.01711970753967762 -0.025999998673796654 -0.024939512833952904
v -0.01576881669461727 -0.025999998673796654 0.02485671080648899
v -0.01576881669461727 -0.025999998673796654 0.02485671080648899
v -0.01711970753967762 -0.025999998673796654 -0.024939512833952904
v -0.02373996563255787 -0.025999998673796654 -0.01874772273004055
v -0.01576881669461727 -0.025999998673796654 0.02485671080648899
v -0.02373996563255787 -0.025999998673796654 -0.01874772273004055
v -0.016602134332060814 -0.025999998673796654 0.02493610419332981
v -0.016602134332060814 -0.025999998673796654 0.02493610419332981
v -0.02373996563255787 -0.025999998673796654 -0.01874772273004055
v -0.02822854556143284 -0.025999998673796654 -0.010872517712414265
v -0.016602134332060814 -0.025999998673796654 0.02493610419332981
v -0.02822854556143284 -0.025999998673796654 -0.010872517712414265
v -0.020291924476623535 -0.025999998673796654 0.022434378042817116
v -0.020291924476623535 -0.025999998673796654 0.022434378042817116
v -0.02822854556143284 -0.025999998673796654 -0.010872517712414265
v -0.030182408168911934 -0.025999998673796654 -0.0020210493821650743
v -0.020291924476623535 -0.025999998673796654 0.022434378042817116
v -0.030182408168911934 -0.025999998673796654 -0.0020210493821650743
v -0.02942611090838909 -0.025999998673796654 0.007011855486780405
v 0.0039187343791127205 -0.025999998673796654 0.02898629941046238
v 0.007766813039779663 -0.025999998673796654 0.028199994936585426
v -0.00896222610026598 -0.025999998673796654 -0.028891896829009056
v -0.00896222610026598 -0.025999998673796654 -0.028891896829009056
v 0.007766813039779663 -0.025999998673796654 0.028199994936585426
v 0.01147485338151455 -0.025999998673796654 0.026905203238129616
v -0.00896222610026598 -0.025999998673796654 -0.028891896829009056
v 0.01147485338151455 -0.025999998673796654 0.026905203238129616
v 0.014975999481976032 -0.025999998673796654 0.025125348940491676
v -0.01576881669461727 -0.025999998673796654 0.02485671080648899
v -0.014976000413298607 -0.025999998673796654 0.025125348940491676
v -0.00896222610026598 -0.025999998673796654 -0.028891896829009056
v -0.00896222610026598 -0.025999998673796654 -0.028891896829009056
v -0.014976000413298607 -0.025999998673796654 0.025125348940491676
v -0.011474854312837124 -0.025999998673796654 0.026905203238129616
v -0.00896222610026598 -0.025999998673796654 -0.028891896829009056
v -0.011474854312837124 -0.025999998673796654 0.026905203238129616
v -0.007766812574118376 -0.025999998673796654 0.028199994936585426
v -0.007766812574118376 -0.025999998673796654 0.028199994936585426
v -0.0039187343791127205 -0.025999998673796654 0.02898629941046238
v -0.00896222610026598 -0.025999998673796654 -0.028891896829009056
v -0.00896222610026598 -0.025999998673796654 -0.028891896829009056
v -0.0039187343791127205 -0.025999998673796654 0.02898629941046238
v -1.1874362604302746e-11 -0.025999998673796654 0.029249990358948708
v -0.00896222610026598 -0.025999998673796654 -0.028891896829009056
v -1.1874362604302746e-11 -0.025999998673796654 0.029249990358948708
v 0.0039187343791127205 -0.025999998673796654 0.02898629941046238
v -0.020291924476623535 0.02500000037252903 0.022434378042817116
v -0.016999999061226845 0.02500000037252903 0.02511122263967991
v -0.017859958112239838 0.02500000037252903 0.025793636217713356
v -0.017859958112239838 0.02500000037252903 0.025793636217713356
v -0.016999999061226845 0.02500000037252903 0.02511122263967991
v -0.016999999061226845 0.02500000037252903 0.029850685968995094
v 0.016611777245998383 0.02500000037252903 0.024939144030213356
v 0.020291926339268684 0.02500000037252903 0.022434378042817116
v 0.017000000923871994 0.02500000037252903 0.02511122263967991
v 0.017000000923871994 0.02500000037252903 0.02511122263967991
v 0.020291926339268684 0.02500000037252903 0.022434378042817116
v 0.017859958112239838 0.02500000037252903 0.025793636217713356
v 0.017000000923871994 0.02500000037252903 0.02511122263967991
v 0.017859958112239838 0.02500000037252903 0.025793636217713356
v 0.017000000923871994 0.02500000037252903 0.029850685968995094
v 0.02942611090838909 0.02500000037252903 0.007011855486780405
v 0.026027562096714973 0.02500000037252903 0.01541521679610014
v 0.020291926339268684 0.02500000037252903 0.022434378042817116
v 0.01711970940232277 0.02500000037252903 -0.024939512833952904
v 0.02373996563255787 0.02500000037252903 -0.01874772273004055
v 0.015773843973875046 0.02500000037252903 0.024856114760041237
v -0.011474854312837124 0.02500000037252903 0.026905203238129616
v -0.014976000413298607 0.02500000037252903 0.025125348940491676
v -0.00896222610026598 0.02500000037252903 -0.028891896829009056
v -0.00896222610026598 0.02500000037252903 -0.028891896829009056
v -0.014976000413298607 0.02500000037252903 0.025125348940491676
v -0.01576881669461727 0.02500000037252903 0.02485671080648899
v -0.00896222610026598 0.02500000037252903 -0.028891896829009056
v -0.01576881669461727 0.02500000037252903 0.02485671080648899
v -0.01711970753967762 0.02500000037252903 -0.024939512833952904
v 0.015773843973875046 0.02500000037252903 0.024856114760041237
v 0.02373996563255787 0.02500000037252903 -0.01874772273004055
v 0.016611777245998383 0.02500000037252903 0.024939144030213356
v 0.016611777245998383 0.02500000037252903 0.024939144030213356
v 0.02373996563255787 0.02500000037252903 -0.01874772273004055
v 0.028228547424077988 0.02500000037252903 -0.010872517712414265
v 0.016611777245998383 0.02500000037252903 0.024939144030213356
v 0.028228547424077988 0.02500000037252903 -0.010872517712414265
v 0.020291926339268684 0.02500000037252903 0.022434378042817116
v 0.020291926339268684 0.02500000037252903 0.022434378042817116
v 0.028228547424077988 0.02500000037252903 -0.010872517712414265
v 0.030182410031557083 0.02500000037252903 -0.0020210493821650743
v 0.020291926339268684 0.02500000037252903 0.022434378042817116
v 0.030182410031557083 0.02500000037252903 -0.0020210493821650743
v 0.02942611090838909 0.02500000037252903 0.007011855486780405
v -0.020291924476623535 0.02500000037252903 0.022434378042817116
v -0.026027560234069824 0.02500000037252903 0.01541521679610014
v -0.02942611090838909 0.02500000037252903 0.007011855486780405
v 0.01147485338151455 0.02500000037252903 0.026905203238129616
v -0.00896222610026598 0.02500000037252903 -0.028891896829009056
v 0.014975999481976032 0.02500000037252903 0.025125348940491676
v 0.014975999481976032 0.02500000037252903 0.025125348940491676
v -0.00896222610026598 0.02500000037252903 -0.028891896829009056
v -1.1874362604302746e-11 0.02500000037252903 -0.03024998866021633
v 0.014975999481976032 0.02500000037252903 0.025125348940491676
v -1.1874362604302746e-11 0.02500000037252903 -0.03024998866021633
v 0.015773843973875046 0.02500000037252903 0.024856114760041237
v 0.015773843973875046 0.02500000037252903 0.024856114760041237
v -1.1874362604302746e-11 0.02500000037252903 -0.03024998866021633
v 0.008962225168943405 0.02500000037252903 -0.028891896829009056
v 0.015773843973875046 0.02500000037252903 0.024856114760041237
v 0.008962225168943405 0.02500000037252903 -0.028891896829009056
v 0.01711970940232277 0.02500000037252903 -0.024939512833952904
v -0.016602134332060814 0.02500000037252903 0.02493610419332981
v -0.02822854556143284 0.02500000037252903 -0.010872517712414265
v -0.01576881669461727 0.02500000037252903 0.02485671080648899
v -0.01576881669461727 0.02500000037252903 0.02485671080648899
v -0.02822854556143284 0.02500000037252903 -0.010872517712414265
v -0.02373996563255787 0.02500000037252903 -0.01874772273004055
v -0.01576881669461727 0.02500000037252903 0.02485671080648899
v -0.02373996563255787 0.02500000037252903 -0.01874772273004055
v -0.01711970753967762 0.02500000037252903 -0.024939512833952904
v -0.016602134332060814 0.02500000037252903 0.02493610419332981
v -0.016999999061226845 0.02500000037252903 0.02511122263967991
v -0.02822854556143284 0.02500000037252903 -0.010872517712414265
v -0.02822854556143284 0.02500000037252903 -0.010872517712414265
v -0.016999999061226845 0.02500000037252903 0.02511122263967991
v -0.020291924476623535 0.02500000037252903 0.022434378042817116
v -0.02822854556143284 0.02500000037252903 -0.010872517712414265
v -0.020291924476623535 0.02500000037252903 0.022434378042817116
v -0.030182408168911934 0.02500000037252903 -0.0020210493821650743
v -0.030182408168911934 0.02500000037252903 -0.0020210493821650743
v -0.020291924476623535 0.02500000037252903 0.022434378042817116
v -0.02942611090838909 0.02500000037252903 0.007011855486780405
v 0.01147485338151455 0.02500000037252903 0.026905203238129616
v 0.007766813039779663 0.02500000037252903 0.028199994936585426
v -0.00896222610026598 0.02500000037252903 -0.028891896829009056
v -0.00896222610026598 0.02500000037252903 -0.028891896829009056
v 0.007766813039779663 0.02500000037252903 0.028199994936585426
v 0.0039187343791127205 0.02500000037252903 0.02898629941046238
v -0.00896222610026598 0.02500000037252903 -0.028891896829009056
v 0.0039187343791127205 0.02500000037252903 0.02898629941046238
v -1.1874362604302746e-11 0.02500000037252903 0.029249990358948708
v -1.1874362604302746e-11 0.02500000037252903 0.029249990358948708
v -0.0039187343791127205 0.02500000037252903 0.02898629941046238
v -0.00896222610026598 0.02500000037252903 -0.028891896829009056
v -0.00896222610026598 0.02500000037252903 -0.028891896829009056
v -0.0039187343791127205 0.02500000037252903 0.02898629941046238
v -0.007766812574118376 0.02500000037252903 0.028199994936585426
v -0.00896222610026598 0.02500000037252903 -0.028891896829009056
v -0.007766812574118376 0.02500000037252903 0.028199994936585426
v -0.011474854312837124 0.02500000037252903 0.026905203238129616
v 0.01548799965530634 -0.02499999850988388 0.02598431147634983
v 0.01548799965530634 0.024000000208616257 0.02598431147634983
v 0.015884408727288246 0.024000000208616257 0.025850022211670876
v 0.017000000923871994 0.024000000208616257 0.026843274012207985
v 0.017000000923871994 -0.02499999850988388 0.026843274012207985
v 0.016916505992412567 0.024000000208616257 0.02644326724112034
v 0.016916505992412567 0.024000000208616257 0.02644326724112034
v 0.017000000923871994 -0.02499999850988388 0.026843274012207985
v 0.016916505992412567 -0.02499999850988388 0.02644326724112034
v 0.016916505992412567 0.024000000208616257 0.02644326724112034
v 0.016916505992412567 -0.02499999850988388 0.02644326724112034
v 0.016912410035729408 0.024000000208616257 0.026434028521180153
v 0.016912410035729408 0.024000000208616257 0.026434028521180153
v 0.016916505992412567 -0.02499999850988388 0.02644326724112034
v 0.016912410035729408 -0.02499999850988388 0.026434028521180153
v 0.016912410035729408 0.024000000208616257 0.026434028521180153
v 0.016912410035729408 -0.02499999850988388 0.026434028521180153
v 0.01667063497006893 0.024000000208616257 0.02610149420797825
v 0.01667063497006893 0.024000000208616257 0.02610149420797825
v 0.016912410035729408 -0.02499999850988388 0.026434028521180153
v 0.01667063497006893 -0.02499999850988388 0.02610149420797825
v 0.01667063497006893 0.024000000208616257 0.02610149420797825
v 0.01667063497006893 -0.02499999850988388 0.02610149420797825
v 0.016664985567331314 0.024000000208616257 0.02609642781317234
v 0.016664985567331314 0.024000000208616257 0.02609642781317234
v 0.01667063497006893 -0.02499999850988388 0.02610149420797825
v 0.016664985567331314 -0.02499999850988388 0.02609642781317234
v 0.016664985567331314 0.024000000208616257 0.02609642781317234
v 0.016664985567331314 -0.02499999850988388 0.02609642781317234
v 0.016305889934301376 0.024000000208616257 0.02589120902121067
v 0.016305889934301376 0.024000000208616257 0.02589120902121067
v 0.016664985567331314 -0.02499999850988388 0.02609642781317234
v 0.016305889934301376 -0.02499999850988388 0.02589120902121067
v 0.016305889934301376 0.024000000208616257 0.02589120902121067
v 0.016305889934301376 -0.02499999850988388 0.02589120902121067
v 0.016301067546010017 0.024000000208616257 0.025889718905091286
v 0.016301067546010017 0.024000000208616257 0.025889718905091286
v 0.016305889934301376 -0.02499999850988388 0.02589120902121067
v 0.016301067546010017 -0.02499999850988388 0.025889718905091286
v 0.016301067546010017 0.024000000208616257 0.025889718905091286
v 0.016301067546010017 -0.02499999850988388 0.025889718905091286
v 0.015886923298239708 0.024000000208616257 0.025849724188447
v 0.015886923298239708 0.024000000208616257 0.025849724188447
v 0.016301067546010017 -0.02499999850988388 0.025889718905091286
v 0.015886923298239708 -0.02499999850988388 0.025849724188447
v 0.015886923298239708 0.024000000208616257 0.025849724188447
v 0.015886923298239708 -0.02499999850988388 0.025849724188447
v 0.015884408727288246 0.024000000208616257 0.025850022211670876
v 0.015884408727288246 0.024000000208616257 0.025850022211670876
v 0.015886923298239708 -0.02499999850988388 0.025849724188447
v 0.015884408727288246 -0.02499999850988388 0.025850022211670876
v 0.015884408727288246 0.024000000208616257 0.025850022211670876
v 0.015884408727288246 -0.02499999850988388 0.025850022211670876
v 0.01548799965530634 -0.02499999850988388 0.02598431147634983
v -0.016999999061226845 -0.02499999850988388 0.026843274012207985
v -0.016999999061226845 0.024000000208616257 0.026843274012207985
v -0.016912410035729408 0.024000000208616257 0.026434028521180153
v -0.016999999061226845 -0.02499999850988388 0.026843274012207985
v -0.016912410035729408 0.024000000208616257 0.026434028521180153
v -0.016912410035729408 -0.02499999850988388 0.026434028521180153
v -0.016912410035729408 -0.02499999850988388 0.026434028521180153
v -0.016912410035729408 0.024000000208616257 0.026434028521180153
v -0.016664983704686165 0.024000000208616257 0.02609642781317234
v -0.016912410035729408 -0.02499999850988388 0.026434028521180153
v -0.016664983704686165 0.024000000208616257 0.02609642781317234
v -0.016664983704686165 -0.02499999850988388 0.02609642781317234
v -0.016664983704686165 -0.02499999850988388 0.02609642781317234
v -0.016664983704686165 0.024000000208616257 0.02609642781317234
v -0.016301067546010017 0.024000000208616257 0.025889718905091286
v -0.016664983704686165 -0.02499999850988388 0.02609642781317234
v -0.016301067546010017 0.024000000208616257 0.025889718905091286
v -0.016301067546010017 -0.02499999850988388 0.025889718905091286
v -0.016301067546010017 -0.02499999850988388 0.025889718905091286
v -0.016301067546010017 0.024000000208616257 0.025889718905091286
v -0.015884408727288246 0.024000000208616257 0.025850022211670876
v -0.016301067546010017 -0.02499999850988388 0.025889718905091286
v -0.015884408727288246 0.024000000208616257 0.025850022211670876
v -0.015884408727288246 -0.02499999850988388 0.025850022211670876
v -0.015884408727288246 -0.02499999850988388 0.025850022211670876
v -0.015884408727288246 0.024000000208616257 0.025850022211670876
v -0.01548799965530634 0.024000000208616257 0.02598431147634983
v -0.015884408727288246 -0.02499999850988388 0.025850022211670876
v -0.01548799965530634 0.024000000208616257 0.02598431147634983
v -0.01548799965530634 -0.02499999850988388 0.02598431147634983
v 0.016395481303334236 0.02470710687339306 0.025612378492951393
v 0.016867058351635933 0.02470710687339306 0.02588423527777195
v 0.016721682623028755 0.024382684379816055 0.026045048609375954
v 0.015419404953718185 0.024500001221895218 0.02586921490728855
v 0.015338038094341755 0.02470710687339306 0.025732720270752907
v 0.015853803604841232 0.02470710687339306 0.025558674708008766
v 0.016494719311594963 0.02492387965321541 0.02530350722372532
v 0.017000000923871994 0.024910643696784973 0.02561124600470066
v 0.017000000923871994 0.024873727932572365 0.02570709027349949
v 0.017000000923871994 0.02500000037252903 0.02511122263967991
v 0.017000000923871994 0.024910643696784973 0.02561124600470066
v 0.016611777245998383 0.02500000037252903 0.024939144030213356
v 0.016611777245998383 0.02500000037252903 0.024939144030213356
v 0.017000000923871994 0.024910643696784973 0.02561124600470066
v 0.016494719311594963 0.02492387965321541 0.02530350722372532
v 0.016611777245998383 0.02500000037252903 0.024939144030213356
v 0.016494719311594963 0.02492387965321541 0.02530350722372532
v 0.015773843973875046 0.02500000037252903 0.024856114760041237
v 0.015231999568641186 0.024866025894880295 0.025554800406098366
v 0.01517193391919136 0.02492387965321541 0.025454068556427956
v 0.01581711694598198 0.02492387965321541 0.025236332789063454
v 0.01581711694598198 0.02492387965321541 0.025236332789063454
v 0.01517193391919136 0.02492387965321541 0.025454068556427956
v 0.014975999481976032 0.02500000037252903 0.025125348940491676
v 0.014975999481976032 0.02500000037252903 0.025125348940491676
v 0.015773843973875046 0.02500000037252903 0.024856114760041237
v 0.01581711694598198 0.02492387965321541 0.025236332789063454
v 0.01581711694598198 0.02492387965321541 0.025236332789063454
v 0.015773843973875046 0.02500000037252903 0.024856114760041237
v 0.016494719311594963 0.02492387965321541 0.02530350722372532
v 0.01581711694598198 0.02492387965321541 0.025236332789063454
v 0.016494719311594963 0.02492387965321541 0.02530350722372532
v 0.016395481303334236 0.02470710687339306 0.025612378492951393
v 0.016395481303334236 0.02470710687339306 0.025612378492951393
v 0.016494719311594963 0.02492387965321541 0.02530350722372532
v 0.017000000923871994 0.024873727932572365 0.02570709027349949
v 0.016395481303334236 0.02470710687339306 0.025612378492951393
v 0.017000000923871994 0.024873727932572365 0.02570709027349949
v 0.016867058351635933 0.02470710687339306 0.02588423527777195
v 0.016867058351635933 0.02470710687339306 0.02588423527777195
v 0.017000000923871994 0.024873727932572365 0.02570709027349949
v 0.017000000923871994 0.024672508239746094 0.026076877489686012
v 0.016867058351635933 0.02470710687339306 0.02588423527777195
v 0.017000000923871994 0.024672508239746094 0.026076877489686012
v 0.016721682623028755 0.024382684379816055 0.026045048609375954
v 0.016721682623028755 0.024382684379816055 0.026045048609375954
v 0.017000000923871994 0.024672508239746094 0.026076877489686012
v 0.017000000923871994 0.02446071431040764 0.026355886831879616
v 0.016721682623028755 0.024382684379816055 0.026045048609375954
v 0.017000000923871994 0.02446071431040764 0.026355886831879616
v 0.017000000923871994 0.024342723190784454 0.02649005688726902
v 0.015419404953718185 0.024500001221895218 0.02586921490728855
v 0.015853803604841232 0.02470710687339306 0.025558674708008766
v 0.01544902566820383 0.024382684379816055 0.025918925181031227
v 0.016329172998666763 0.024382684379816055 0.025818729773163795
v 0.01587831601500511 0.024382684379816055 0.025774085894227028
v 0.015853803604841232 0.02470710687339306 0.025558674708008766
v 0.015853803604841232 0.02470710687339306 0.025558674708008766
v 0.01587831601500511 0.024382684379816055 0.025774085894227028
v 0.01544902566820383 0.024382684379816055 0.025918925181031227
v 0.01544902566820383 0.024382684379816055 0.025918925181031227
v 0.01587831601500511 0.024382684379816055 0.025774085894227028
v 0.015884408727288246 0.024000000208616257 0.025850022211670876
v 0.01544902566820383 0.024382684379816055 0.025918925181031227
v 0.015884408727288246 0.024000000208616257 0.025850022211670876
v 0.01548799965530634 0.024000000208616257 0.02598431147634983
v 0.016664985567331314 0.024000000208616257 0.02609642781317234
v 0.016305889934301376 0.024000000208616257 0.02589120902121067
v 0.016329172998666763 0.024382684379816055 0.025818729773163795
v 0.016329172998666763 0.024382684379816055 0.025818729773163795
v 0.016305889934301376 0.024000000208616257 0.02589120902121067
v 0.016301067546010017 0.024000000208616257 0.025889718905091286
v 0.016329172998666763 0.024382684379816055 0.025818729773163795
v 0.016301067546010017 0.024000000208616257 0.025889718905091286
v 0.01587831601500511 0.024382684379816055 0.025774085894227028
v 0.01587831601500511 0.024382684379816055 0.025774085894227028
v 0.016301067546010017 0.024000000208616257 0.025889718905091286
v 0.015886923298239708 0.024000000208616257 0.025849724188447
v 0.01587831601500511 0.024382684379816055 0.025774085894227028
v 0.015886923298239708 0.024000000208616257 0.025849724188447
v 0.015884408727288246 0.024000000208616257 0.025850022211670876
v 0.01667063497006893 0.024000000208616257 0.02610149420797825
v 0.016664985567331314 0.024000000208616257 0.02609642781317234
v 0.016721682623028755 0.024382684379816055 0.026045048609375954
v 0.016721682623028755 0.024382684379816055 0.026045048609375954
v 0.016664985567331314 0.024000000208616257 0.02609642781317234
v 0.016329172998666763 0.024382684379816055 0.025818729773163795
v 0.016721682623028755 0.024382684379816055 0.026045048609375954
v 0.016329172998666763 0.024382684379816055 0.025818729773163795
v 0.016395481303334236 0.02470710687339306 0.025612378492951393
v 0.016395481303334236 0.02470710687339306 0.025612378492951393
v 0.016329172998666763 0.024382684379816055 0.025818729773163795
v 0.015853803604841232 0.02470710687339306 0.025558674708008766
v 0.016395481303334236 0.02470710687339306 0.025612378492951393
v 0.015853803604841232 0.02470710687339306 0.025558674708008766
v 0.01581711694598198 0.02492387965321541 0.025236332789063454
v 0.01581711694598198 0.02492387965321541 0.025236332789063454
v 0.015853803604841232 0.02470710687339306 0.025558674708008766
v 0.015338038094341755 0.02470710687339306 0.025732720270752907
v 0.01581711694598198 0.02492387965321541 0.025236332789063454
v 0.015338038094341755 0.02470710687339306 0.025732720270752907
v 0.015231999568641186 0.024866025894880295 0.025554800406098366
v 0.01667063497006893 0.024000000208616257 0.02610149420797825
v 0.016721682623028755 0.024382684379816055 0.026045048609375954
v 0.016912410035729408 0.024000000208616257 0.026434028521180153
v 0.016912410035729408 0.024000000208616257 0.026434028521180153
v 0.016721682623028755 0.024382684379816055 0.026045048609375954
v 0.017000000923871994 0.024342723190784454 0.02649005688726902
v 0.016912410035729408 0.024000000208616257 0.026434028521180153
v 0.017000000923871994 0.024342723190784454 0.02649005688726902
v 0.016916505992412567 0.024000000208616257 0.02644326724112034
v 0.016916505992412567 0.024000000208616257 0.02644326724112034
v 0.017000000923871994 0.024342723190784454 0.02649005688726902
v 0.017000000923871994 0.02400447241961956 0.02683880366384983
v 0.016916505992412567 0.024000000208616257 0.02644326724112034
v 0.017000000923871994 0.02400447241961956 0.02683880366384983
v 0.017000000923871994 0.024000000208616257 0.026843274012207985
v 0.01544902566820383 0.024382684379816055 0.025918925181031227
v 0.01548799965530634 0.024000000208616257 0.02598431147634983
v 0.011867156252264977 0.024000000208616257 0.027825022116303444
v 0.015338038094341755 0.02470710687339306 0.025732720270752907
v 0.015419404953718185 0.024500001221895218 0.02586921490728855
v 0.011814597062766552 0.024500001221895218 0.02770181931555271
v 0.01517193391919136 0.02492387965321541 0.025454068556427956
v 0.015231999568641186 0.024866025894880295 0.025554800406098366
v 0.011671004816889763 0.024866025894880295 0.02736511267721653
v 0.014975999481976032 0.02500000037252903 0.025125348940491676
v 0.01517193391919136 0.02492387965321541 0.025454068556427956
v 0.01147485338151455 0.02500000037252903 0.026905203238129616
v 0.01147485338151455 0.02500000037252903 0.026905203238129616
v 0.01517193391919136 0.02492387965321541 0.025454068556427956
v 0.011671004816889763 0.024866025894880295 0.02736511267721653
v 0.01147485338151455 0.02500000037252903 0.026905203238129616
v 0.011671004816889763 0.024866025894880295 0.02736511267721653
v 0.007766813039779663 0.02500000037252903 0.028199994936585426
v 0.007766813039779663 0.02500000037252903 0.028199994936585426
v 0.011671004816889763 0.024866025894880295 0.02736511267721653
v 0.007899578660726547 0.024866025894880295 0.02868201769888401
v 0.007766813039779663 0.02500000037252903 0.028199994936585426
v 0.007899578660726547 0.024866025894880295 0.02868201769888401
v 0.0039187343791127205 0.02500000037252903 0.02898629941046238
v 0.0039187343791127205 0.02500000037252903 0.02898629941046238
v 0.007899578660726547 0.024866025894880295 0.02868201769888401
v 0.003985721152275801 0.024866025894880295 0.0294817928224802
v 0.0039187343791127205 0.02500000037252903 0.02898629941046238
v 0.003985721152275801 0.024866025894880295 0.0294817928224802
v -1.1874362604302746e-11 0.02500000037252903 0.029249990358948708
v -1.1874362604302746e-11 0.02500000037252903 0.029249990358948708
v 0.003985721152275801 0.024866025894880295 0.0294817928224802
v -1.1874362604302746e-11 0.024866025894880295 0.02975001372396946
v -1.1874362604302746e-11 0.02500000037252903 0.029249990358948708
v -1.1874362604302746e-11 0.024866025894880295 0.02975001372396946
v -0.0039187343791127205 0.02500000037252903 0.02898629941046238
v -0.0039187343791127205 0.02500000037252903 0.02898629941046238
v -1.1874362604302746e-11 0.024866025894880295 0.02975001372396946
v -0.003985721152275801 0.024866025894880295 0.0294817928224802
v -0.0039187343791127205 0.02500000037252903 0.02898629941046238
v -0.003985721152275801 0.024866025894880295 0.0294817928224802
v -0.007766812574118376 0.02500000037252903 0.028199994936585426
v -0.007766812574118376 0.02500000037252903 0.028199994936585426
v -0.003985721152275801 0.024866025894880295 0.0294817928224802
v -0.007899579592049122 0.024866025894880295 0.02868201769888401
v -0.007766812574118376 0.02500000037252903 0.028199994936585426
v -0.007899579592049122 0.024866025894880295 0.02868201769888401
v -0.011474854312837124 0.02500000037252903 0.026905203238129616
v -0.011474854312837124 0.02500000037252903 0.026905203238129616
v -0.007899579592049122 0.024866025894880295 0.02868201769888401
v -0.011671005748212337 0.024866025894880295 0.02736511267721653
v -0.011474854312837124 0.02500000037252903 0.026905203238129616
v -0.011671005748212337 0.024866025894880295 0.02736511267721653
v -0.014976000413298607 0.02500000037252903 0.025125348940491676
v -0.014976000413298607 0.02500000037252903 0.025125348940491676
v -0.011671005748212337 0.024866025894880295 0.02736511267721653
v -0.01523200049996376 0.024866025894880295 0.025554800406098366
v 0.015231999568641186 0.024866025894880295 0.025554800406098366
v 0.015338038094341755 0.02470710687339306 0.025732720270752907
v 0.011671004816889763 0.024866025894880295 0.02736511267721653
v 0.011671004816889763 0.024866025894880295 0.02736511267721653
v 0.015338038094341755 0.02470710687339306 0.025732720270752907
v 0.011814597062766552 0.024500001221895218 0.02770181931555271
v 0.011671004816889763 0.024866025894880295 0.02736511267721653
v 0.011814597062766552 0.024500001221895218 0.02770181931555271
v 0.007899578660726547 0.024866025894880295 0.02868201769888401
v 0.007899578660726547 0.024866025894880295 0.02868201769888401
v 0.011814597062766552 0.024500001221895218 0.02770181931555271
v 0.007996770553290844 0.024500001221895218 0.029034936800599098
v 0.007899578660726547 0.024866025894880295 0.02868201769888401
v 0.007996770553290844 0.024500001221895218 0.029034936800599098
v 0.003985721152275801 0.024866025894880295 0.0294817928224802
v 0.003985721152275801 0.024866025894880295 0.0294817928224802
v 0.007996770553290844 0.024500001221895218 0.029034936800599098
v 0.004034759011119604 0.024500001221895218 0.02984454669058323
v 0.003985721152275801 0.024866025894880295 0.0294817928224802
v 0.004034759011119604 0.024500001221895218 0.02984454669058323
v -1.1874362604302746e-11 0.024866025894880295 0.02975001372396946
v -1.1874362604302746e-11 0.024866025894880295 0.02975001372396946
v 0.004034759011119604 0.024500001221895218 0.02984454669058323
v -1.1874362604302746e-11 0.024500001221895218 0.030116045847535133
v -1.1874362604302746e-11 0.024866025894880295 0.02975001372396946
v -1.1874362604302746e-11 0.024500001221895218 0.030116045847535133
v -0.003985721152275801 0.024866025894880295 0.0294817928224802
v -0.003985721152275801 0.024866025894880295 0.0294817928224802
v -1.1874362604302746e-11 0.024500001221895218 0.030116045847535133
v -0.004034759011119604 0.024500001221895218 0.02984454669058323
v -0.003985721152275801 0.024866025894880295 0.0294817928224802
v -0.004034759011119604 0.024500001221895218 0.02984454669058323
v -0.007899579592049122 0.024866025894880295 0.02868201769888401
v -0.007899579592049122 0.024866025894880295 0.02868201769888401
v -0.004034759011119604 0.024500001221895218 0.02984454669058323
v -0.007996770553290844 0.024500001221895218 0.029034936800599098
v -0.007899579592049122 0.024866025894880295 0.02868201769888401
v -0.007996770553290844 0.024500001221895218 0.029034936800599098
v -0.011671005748212337 0.024866025894880295 0.02736511267721653
v -0.011671005748212337 0.024866025894880295 0.02736511267721653
v -0.007996770553290844 0.024500001221895218 0.029034936800599098
v -0.011814597994089127 0.024500001221895218 0.02770181931555271
v -0.011671005748212337 0.024866025894880295 0.02736511267721653
v -0.011814597994089127 0.024500001221895218 0.02770181931555271
v -0.01523200049996376 0.024866025894880295 0.025554800406098366
v -0.01523200049996376 0.024866025894880295 0.025554800406098366
v -0.011814597994089127 0.024500001221895218 0.02770181931555271
v -0.01541940588504076 0.024500001221895218 0.02586921490728855
v 0.015419404953718185 0.024500001221895218 0.02586921490728855
v 0.01544902566820383 0.024382684379816055 0.025918925181031227
v 0.011814597062766552 0.024500001221895218 0.02770181931555271
v 0.011814597062766552 0.024500001221895218 0.02770181931555271
v 0.01544902566820383 0.024382684379816055 0.025918925181031227
v 0.011867156252264977 0.024000000208616257 0.027825022116303444
v 0.011814597062766552 0.024500001221895218 0.02770181931555271
v 0.011867156252264977 0.024000000208616257 0.027825022116303444
v 0.007996770553290844 0.024500001221895218 0.029034936800599098
v 0.007996770553290844 0.024500001221895218 0.029034936800599098
v 0.011867156252264977 0.024000000208616257 0.027825022116303444
v 0.008032344281673431 0.024000000208616257 0.02916410006582737
v 0.007996770553290844 0.024500001221895218 0.029034936800599098
v 0.008032344281673431 0.024000000208616257 0.02916410006582737
v 0.004034759011119604 0.024500001221895218 0.02984454669058323
v 0.004034759011119604 0.024500001221895218 0.02984454669058323
v 0.008032344281673431 0.024000000208616257 0.02916410006582737
v 0.004052707925438881 0.024000000208616257 0.029977286234498024
v 0.004034759011119604 0.024500001221895218 0.02984454669058323
v 0.004052707925438881 0.024000000208616257 0.029977286234498024
v -1.1874362604302746e-11 0.024500001221895218 0.030116045847535133
v -1.1874362604302746e-11 0.024500001221895218 0.030116045847535133
v 0.004052707925438881 0.024000000208616257 0.029977286234498024
v -1.1874362604302746e-11 0.024000000208616257 0.030249977484345436
v -1.1874362604302746e-11 0.024500001221895218 0.030116045847535133
v -1.1874362604302746e-11 0.024000000208616257 0.030249977484345436
v -0.004034759011119604 0.024500001221895218 0.02984454669058323
v -0.004034759011119604 0.024500001221895218 0.02984454669058323
v -1.1874362604302746e-11 0.024000000208616257 0.030249977484345436
v -0.004052707925438881 0.024000000208616257 0.029977286234498024
v -0.004034759011119604 0.024500001221895218 0.02984454669058323
v -0.004052707925438881 0.024000000208616257 0.029977286234498024
v -0.007996770553290844 0.024500001221895218 0.029034936800599098
v -0.007996770553290844 0.024500001221895218 0.029034936800599098
v -0.004052707925438881 0.024000000208616257 0.029977286234498024
v -0.008032345212996006 0.024000000208616257 0.02916410006582737
v -0.007996770553290844 0.024500001221895218 0.029034936800599098
v -0.008032345212996006 0.024000000208616257 0.02916410006582737
v -0.011814597994089127 0.024500001221895218 0.02770181931555271
v -0.011814597994089127 0.024500001221895218 0.02770181931555271
v -0.008032345212996006 0.024000000208616257 0.02916410006582737
v -0.011867157183587551 0.024000000208616257 0.027825022116303444
v -0.011814597994089127 0.024500001221895218 0.02770181931555271
v -0.011867157183587551 0.024000000208616257 0.027825022116303444
v -0.01541940588504076 0.024500001221895218 0.02586921490728855
v -0.01541940588504076 0.024500001221895218 0.02586921490728855
v -0.011867157183587551 0.024000000208616257 0.027825022116303444
v -0.01548799965530634 0.024000000208616257 0.02598431147634983
v -0.01675407588481903 0.024500001221895218 0.02599635161459446
v -0.016999999061226845 0.024879293516278267 0.02569361962378025
v -0.016451600939035416 0.024866025894880295 0.02541288174688816
v -0.016999999061226845 0.024879293516278267 0.02569361962378025
v -0.01675407588481903 0.024500001221895218 0.02599635161459446
v -0.016999999061226845 0.0248566847294569 0.025746608152985573
v -0.016999999061226845 0.024910643696784973 0.02561124600470066
v -0.016999999061226845 0.02500000037252903 0.02511122263967991
v -0.016602134332060814 0.02500000037252903 0.02493610419332981
v -0.016999999061226845 0.024000000208616257 0.026843274012207985
v -0.016999999061226845 0.02400447241961956 0.02683880366384983
v -0.016912410035729408 0.024000000208616257 0.026434028521180153
v -0.016912410035729408 0.024000000208616257 0.026434028521180153
v -0.016999999061226845 0.02400447241961956 0.02683880366384983
v -0.016999999061226845 0.0244558397680521 0.02636166848242283
v -0.016912410035729408 0.024000000208616257 0.026434028521180153
v -0.016999999061226845 0.0244558397680521 0.02636166848242283
v -0.01675407588481903 0.024500001221895218 0.02599635161459446
v -0.01675407588481903 0.024500001221895218 0.02599635161459446
v -0.016999999061226845 0.0244558397680521 0.02636166848242283
v -0.016999999061226845 0.02447187900543213 0.026342594996094704
v -0.01675407588481903 0.024500001221895218 0.02599635161459446
v -0.016999999061226845 0.02447187900543213 0.026342594996094704
v -0.016999999061226845 0.0248566847294569 0.025746608152985573
v -0.014976000413298607 0.02500000037252903 0.025125348940491676
v -0.01523200049996376 0.024866025894880295 0.025554800406098366
v -0.01576881669461727 0.02500000037252903 0.02485671080648899
v -0.01576881669461727 0.02500000037252903 0.02485671080648899
v -0.01523200049996376 0.024866025894880295 0.025554800406098366
v -0.01582661271095276 0.024866025894880295 0.025353336706757545
v -0.01576881669461727 0.02500000037252903 0.02485671080648899
v -0.01582661271095276 0.024866025894880295 0.025353336706757545
v -0.016602134332060814 0.02500000037252903 0.02493610419332981
v -0.016602134332060814 0.02500000037252903 0.02493610419332981
v -0.01582661271095276 0.024866025894880295 0.025353336706757545
v -0.016451600939035416 0.024866025894880295 0.02541288174688816
v -0.016602134332060814 0.02500000037252903 0.02493610419332981
v -0.016451600939035416 0.024866025894880295 0.02541288174688816
v -0.016999999061226845 0.024910643696784973 0.02561124600470066
v -0.016999999061226845 0.024910643696784973 0.02561124600470066
v -0.016451600939035416 0.024866025894880295 0.02541288174688816
v -0.016999999061226845 0.024879293516278267 0.02569361962378025
v -0.01523200049996376 0.024866025894880295 0.025554800406098366
v -0.01541940588504076 0.024500001221895218 0.02586921490728855
v -0.01582661271095276 0.024866025894880295 0.025353336706757545
v -0.01582661271095276 0.024866025894880295 0.025353336706757545
v -0.01541940588504076 0.024500001221895218 0.02586921490728855
v -0.01586892269551754 0.024500001221895218 0.02571692503988743
v -0.01582661271095276 0.024866025894880295 0.025353336706757545
v -0.01586892269551754 0.024500001221895218 0.02571692503988743
v -0.016451600939035416 0.024866025894880295 0.02541288174688816
v -0.016451600939035416 0.024866025894880295 0.02541288174688816
v -0.01586892269551754 0.024500001221895218 0.02571692503988743
v -0.016341401264071465 0.024500001221895218 0.025761926546692848
v -0.016451600939035416 0.024866025894880295 0.02541288174688816
v -0.016341401264071465 0.024500001221895218 0.025761926546692848
v -0.01675407588481903 0.024500001221895218 0.02599635161459446
v -0.01541940588504076 0.024500001221895218 0.02586921490728855
v -0.01548799965530634 0.024000000208616257 0.02598431147634983
v -0.01586892269551754 0.024500001221895218 0.02571692503988743
v -0.01586892269551754 0.024500001221895218 0.02571692503988743
v -0.01548799965530634 0.024000000208616257 0.02598431147634983
v -0.015884408727288246 0.024000000208616257 0.025850022211670876
v -0.01586892269551754 0.024500001221895218 0.02571692503988743
v -0.015884408727288246 0.024000000208616257 0.025850022211670876
v -0.016341401264071465 0.024500001221895218 0.025761926546692848
v -0.016341401264071465 0.024500001221895218 0.025761926546692848
v -0.015884408727288246 0.024000000208616257 0.025850022211670876
v -0.016301067546010017 0.024000000208616257 0.025889718905091286
v -0.016341401264071465 0.024500001221895218 0.025761926546692848
v -0.016301067546010017 0.024000000208616257 0.025889718905091286
v -0.01675407588481903 0.024500001221895218 0.02599635161459446
v -0.01675407588481903 0.024500001221895218 0.02599635161459446
v -0.016301067546010017 0.024000000208616257 0.025889718905091286
v -0.016664983704686165 0.024000000208616257 0.02609642781317234
v -0.01675407588481903 0.024500001221895218 0.02599635161459446
v -0.016664983704686165 0.024000000208616257 0.02609642781317234
v -0.016912410035729408 0.024000000208616257 0.026434028521180153
v 0.016664985567331314 -0.02499999850988388 0.02609642781317234
v 0.01667063497006893 -0.02499999850988388 0.02610149420797825
v 0.016721682623028755 -0.02538268268108368 0.026045048609375954
v 0.016301067546010017 -0.02499999850988388 0.025889718905091286
v 0.016305889934301376 -0.02499999850988388 0.02589120902121067
v 0.016329172998666763 -0.02538268268108368 0.025818729773163795
v 0.017000000923871994 -0.02587372623383999 0.02570709027349949
v 0.016867058351635933 -0.025707105174660683 0.02588423527777195
v 0.017000000923871994 -0.025672506541013718 0.026076877489686012
v 0.016611777245998383 -0.025999998673796654 0.024939144030213356
v 0.016494719311594963 -0.025923877954483032 0.02530350722372532
v 0.017000000923871994 -0.025999998673796654 0.02511122263967991
v 0.017000000923871994 -0.025999998673796654 0.02511122263967991
v 0.016494719311594963 -0.025923877954483032 0.02530350722372532
v 0.017000000923871994 -0.025910641998052597 0.02561124600470066
v 0.017000000923871994 -0.02499999850988388 0.026843274012207985
v 0.017000000923871994 -0.025004470720887184 0.02683880366384983
v 0.016916505992412567 -0.02499999850988388 0.02644326724112034
v 0.016916505992412567 -0.02499999850988388 0.02644326724112034
v 0.017000000923871994 -0.025004470720887184 0.02683880366384983
v 0.017000000923871994 -0.025342721492052078 0.02649005688726902
v 0.016916505992412567 -0.02499999850988388 0.02644326724112034
v 0.017000000923871994 -0.025342721492052078 0.02649005688726902
v 0.016912410035729408 -0.02499999850988388 0.026434028521180153
v 0.01544902566820383 -0.02538268268108368 0.025918925181031227
v 0.01548799965530634 -0.02499999850988388 0.02598431147634983
v 0.01587831601500511 -0.02538268268108368 0.025774085894227028
v 0.01587831601500511 -0.02538268268108368 0.025774085894227028
v 0.01548799965530634 -0.02499999850988388 0.02598431147634983
v 0.015884408727288246 -0.02499999850988388 0.025850022211670876
v 0.01587831601500511 -0.02538268268108368 0.025774085894227028
v 0.015884408727288246 -0.02499999850988388 0.025850022211670876
v 0.015886923298239708 -0.02499999850988388 0.025849724188447
v 0.016301067546010017 -0.02499999850988388 0.025889718905091286
v 0.016329172998666763 -0.02538268268108368 0.025818729773163795
v 0.015886923298239708 -0.02499999850988388 0.025849724188447
v 0.017000000923871994 -0.025672506541013718 0.026076877489686012
v 0.016867058351635933 -0.025707105174660683 0.02588423527777195
v 0.017000000923871994 -0.025460712611675262 0.026355886831879616
v 0.017000000923871994 -0.025460712611675262 0.026355886831879616
v 0.016867058351635933 -0.025707105174660683 0.02588423527777195
v 0.016721682623028755 -0.02538268268108368 0.026045048609375954
v 0.017000000923871994 -0.025460712611675262 0.026355886831879616
v 0.016721682623028755 -0.02538268268108368 0.026045048609375954
v 0.017000000923871994 -0.025342721492052078 0.02649005688726902
v 0.017000000923871994 -0.025342721492052078 0.02649005688726902
v 0.016721682623028755 -0.02538268268108368 0.026045048609375954
v 0.01667063497006893 -0.02499999850988388 0.02610149420797825
v 0.017000000923871994 -0.025342721492052078 0.02649005688726902
v 0.01667063497006893 -0.02499999850988388 0.02610149420797825
v 0.016912410035729408 -0.02499999850988388 0.026434028521180153
v 0.01544902566820383 -0.02538268268108368 0.025918925181031227
v 0.01587831601500511 -0.02538268268108368 0.025774085894227028
v 0.015419404953718185 -0.025499999523162842 0.02586921490728855
v 0.015419404953718185 -0.025499999523162842 0.02586921490728855
v 0.01587831601500511 -0.02538268268108368 0.025774085894227028
v 0.015853803604841232 -0.025707105174660683 0.025558674708008766
v 0.015419404953718185 -0.025499999523162842 0.02586921490728855
v 0.015853803604841232 -0.025707105174660683 0.025558674708008766
v 0.015338038094341755 -0.025707105174660683 0.025732720270752907
v 0.017000000923871994 -0.025910641998052597 0.02561124600470066
v 0.016494719311594963 -0.025923877954483032 0.02530350722372532
v 0.017000000923871994 -0.02587372623383999 0.02570709027349949
v 0.017000000923871994 -0.02587372623383999 0.02570709027349949
v 0.016494719311594963 -0.025923877954483032 0.02530350722372532
v 0.016395481303334236 -0.025707105174660683 0.025612378492951393
v 0.017000000923871994 -0.02587372623383999 0.02570709027349949
v 0.016395481303334236 -0.025707105174660683 0.025612378492951393
v 0.016867058351635933 -0.025707105174660683 0.02588423527777195
v 0.016867058351635933 -0.025707105174660683 0.02588423527777195
v 0.016395481303334236 -0.025707105174660683 0.025612378492951393
v 0.016329172998666763 -0.02538268268108368 0.025818729773163795
v 0.016867058351635933 -0.025707105174660683 0.02588423527777195
v 0.016329172998666763 -0.02538268268108368 0.025818729773163795
v 0.016721682623028755 -0.02538268268108368 0.026045048609375954
v 0.016721682623028755 -0.02538268268108368 0.026045048609375954
v 0.016329172998666763 -0.02538268268108368 0.025818729773163795
v 0.016305889934301376 -0.02499999850988388 0.02589120902121067
v 0.016721682623028755 -0.02538268268108368 0.026045048609375954
v 0.016305889934301376 -0.02499999850988388 0.02589120902121067
v 0.016664985567331314 -0.02499999850988388 0.02609642781317234
v 0.015338038094341755 -0.025707105174660683 0.025732720270752907
v 0.015853803604841232 -0.025707105174660683 0.025558674708008766
v 0.015231999568641186 -0.02586602419614792 0.025554800406098366
v 0.015231999568641186 -0.02586602419614792 0.025554800406098366
v 0.015853803604841232 -0.025707105174660683 0.025558674708008766
v 0.01581711694598198 -0.025923877954483032 0.025236332789063454
v 0.015231999568641186 -0.02586602419614792 0.025554800406098366
v 0.01581711694598198 -0.025923877954483032 0.025236332789063454
v 0.01517193391919136 -0.025923877954483032 0.025454068556427956
v 0.01517193391919136 -0.025923877954483032 0.025454068556427956
v 0.01581711694598198 -0.025923877954483032 0.025236332789063454
v 0.015773843973875046 -0.025999998673796654 0.024856114760041237
v 0.01517193391919136 -0.025923877954483032 0.025454068556427956
v 0.015773843973875046 -0.025999998673796654 0.024856114760041237
v 0.014975999481976032 -0.025999998673796654 0.025125348940491676
v 0.015886923298239708 -0.02499999850988388 0.025849724188447
v 0.016329172998666763 -0.02538268268108368 0.025818729773163795
v 0.01587831601500511 -0.02538268268108368 0.025774085894227028
v 0.01587831601500511 -0.02538268268108368 0.025774085894227028
v 0.016329172998666763 -0.02538268268108368 0.025818729773163795
v 0.016395481303334236 -0.025707105174660683 0.025612378492951393
v 0.01587831601500511 -0.02538268268108368 0.025774085894227028
v 0.016395481303334236 -0.025707105174660683 0.025612378492951393
v 0.015853803604841232 -0.025707105174660683 0.025558674708008766
v 0.015853803604841232 -0.025707105174660683 0.025558674708008766
v 0.016395481303334236 -0.025707105174660683 0.025612378492951393
v 0.016494719311594963 -0.025923877954483032 0.02530350722372532
v 0.015853803604841232 -0.025707105174660683 0.025558674708008766
v 0.016494719311594963 -0.025923877954483032 0.02530350722372532
v 0.01581711694598198 -0.025923877954483032 0.025236332789063454
v 0.01581711694598198 -0.025923877954483032 0.025236332789063454
v 0.016494719311594963 -0.025923877954483032 0.02530350722372532
v 0.016611777245998383 -0.025999998673796654 0.024939144030213356
v 0.01581711694598198 -0.025923877954483032 0.025236332789063454
v 0.016611777245998383 -0.025999998673796654 0.024939144030213356
v 0.015773843973875046 -0.025999998673796654 0.024856114760041237
v 0.01517193391919136 -0.025923877954483032 0.025454068556427956
v 0.014975999481976032 -0.025999998673796654 0.025125348940491676
v 0.01147485338151455 -0.025999998673796654 0.026905203238129616
v 0.015338038094341755 -0.025707105174660683 0.025732720270752907
v 0.015231999568641186 -0.02586602419614792 0.025554800406098366
v 0.011671004816889763 -0.02586602419614792 0.02736511267721653
v 0.01544902566820383 -0.02538268268108368 0.025918925181031227
v 0.015419404953718185 -0.025499999523162842 0.02586921490728855
v 0.011814597062766552 -0.025499999523162842 0.02770181931555271
v 0.01548799965530634 -0.02499999850988388 0.02598431147634983
v 0.01544902566820383 -0.02538268268108368 0.025918925181031227
v 0.011867156252264977 -0.02499999850988388 0.027825022116303444
v 0.011867156252264977 -0.02499999850988388 0.027825022116303444
v 0.01544902566820383 -0.02538268268108368 0.025918925181031227
v 0.011814597062766552 -0.025499999523162842 0.02770181931555271
v 0.011867156252264977 -0.02499999850988388 0.027825022116303444
v 0.011814597062766552 -0.025499999523162842 0.02770181931555271
v 0.008032344281673431 -0.02499999850988388 0.02916410006582737
v 0.008032344281673431 -0.02499999850988388 0.02916410006582737
v 0.011814597062766552 -0.025499999523162842 0.02770181931555271
v 0.007996770553290844 -0.025499999523162842 0.029034936800599098
v 0.008032344281673431 -0.02499999850988388 0.02916410006582737
v 0.007996770553290844 -0.025499999523162842 0.029034936800599098
v 0.004052707925438881 -0.02499999850988388 0.029977286234498024
v 0.004052707925438881 -0.02499999850988388 0.029977286234498024
v 0.007996770553290844 -0.025499999523162842 0.029034936800599098
v 0.004034759011119604 -0.025499999523162842 0.02984454669058323
v 0.004052707925438881 -0.02499999850988388 0.029977286234498024
v 0.004034759011119604 -0.025499999523162842 0.02984454669058323
v -1.1874362604302746e-11 -0.02499999850988388 0.030249977484345436
v -1.1874362604302746e-11 -0.02499999850988388 0.030249977484345436
v 0.004034759011119604 -0.025499999523162842 0.02984454669058323
v -1.1874362604302746e-11 -0.025499999523162842 0.030116045847535133
v -1.1874362604302746e-11 -0.02499999850988388 0.030249977484345436
v -1.1874362604302746e-11 -0.025499999523162842 0.030116045847535133
v -0.004052707925438881 -0.02499999850988388 0.029977286234498024
v -0.004052707925438881 -0.02499999850988388 0.029977286234498024
v -1.1874362604302746e-11 -0.025499999523162842 0.030116045847535133
v -0.004034759011119604 -0.025499999523162842 0.02984454669058323
v -0.004052707925438881 -0.02499999850988388 0.029977286234498024
v -0.004034759011119604 -0.025499999523162842 0.02984454669058323
v -0.008032345212996006 -0.02499999850988388 0.02916410006582737
v -0.008032345212996006 -0.02499999850988388 0.02916410006582737
v -0.004034759011119604 -0.025499999523162842 0.02984454669058323
v -0.007996770553290844 -0.025499999523162842 0.029034936800599098
v -0.008032345212996006 -0.02499999850988388 0.02916410006582737
v -0.007996770553290844 -0.025499999523162842 0.029034936800599098
v -0.011867157183587551 -0.02499999850988388 0.027825022116303444
v -0.011867157183587551 -0.02499999850988388 0.027825022116303444
v -0.007996770553290844 -0.025499999523162842 0.029034936800599098
v -0.011814597994089127 -0.025499999523162842 0.02770181931555271
v -0.011867157183587551 -0.02499999850988388 0.027825022116303444
v -0.011814597994089127 -0.025499999523162842 0.02770181931555271
v -0.01548799965530634 -0.02499999850988388 0.02598431147634983
v -0.01548799965530634 -0.02499999850988388 0.02598431147634983
v -0.011814597994089127 -0.025499999523162842 0.02770181931555271
v -0.01541940588504076 -0.025499999523162842 0.02586921490728855
v 0.015419404953718185 -0.025499999523162842 0.02586921490728855
v 0.015338038094341755 -0.025707105174660683 0.025732720270752907
v 0.011814597062766552 -0.025499999523162842 0.02770181931555271
v 0.011814597062766552 -0.025499999523162842 0.02770181931555271
v 0.015338038094341755 -0.025707105174660683 0.025732720270752907
v 0.011671004816889763 -0.02586602419614792 0.02736511267721653
v 0.011814597062766552 -0.025499999523162842 0.02770181931555271
v 0.011671004816889763 -0.02586602419614792 0.02736511267721653
v 0.007996770553290844 -0.025499999523162842 0.029034936800599098
v 0.007996770553290844 -0.025499999523162842 0.029034936800599098
v 0.011671004816889763 -0.02586602419614792 0.02736511267721653
v 0.007899578660726547 -0.02586602419614792 0.02868201769888401
v 0.007996770553290844 -0.025499999523162842 0.029034936800599098
v 0.007899578660726547 -0.02586602419614792 0.02868201769888401
v 0.004034759011119604 -0.025499999523162842 0.02984454669058323
v 0.004034759011119604 -0.025499999523162842 0.02984454669058323
v 0.007899578660726547 -0.02586602419614792 0.02868201769888401
v 0.003985721152275801 -0.02586602419614792 0.0294817928224802
v 0.004034759011119604 -0.025499999523162842 0.02984454669058323
v 0.003985721152275801 -0.02586602419614792 0.0294817928224802
v -1.1874362604302746e-11 -0.025499999523162842 0.030116045847535133
v -1.1874362604302746e-11 -0.025499999523162842 0.030116045847535133
v 0.003985721152275801 -0.02586602419614792 0.0294817928224802
v -1.1874362604302746e-11 -0.02586602419614792 0.02975001372396946
v -1.1874362604302746e-11 -0.025499999523162842 0.030116045847535133
v -1.1874362604302746e-11 -0.02586602419614792 0.02975001372396946
v -0.004034759011119604 -0.025499999523162842 0.02984454669058323
v -0.004034759011119604 -0.025499999523162842 0.02984454669058323
v -1.1874362604302746e-11 -0.02586602419614792 0.02975001372396946
v -0.003985721152275801 -0.02586602419614792 0.0294817928224802
v -0.004034759011119604 -0.025499999523162842 0.02984454669058323
v -0.003985721152275801 -0.02586602419614792 0.0294817928224802
v -0.007996770553290844 -0.025499999523162842 0.029034936800599098
v -0.007996770553290844 -0.025499999523162842 0.029034936800599098
v -0.003985721152275801 -0.02586602419614792 0.0294817928224802
v -0.007899579592049122 -0.02586602419614792 0.02868201769888401
v -0.007996770553290844 -0.025499999523162842 0.029034936800599098
v -0.007899579592049122 -0.02586602419614792 0.02868201769888401
v -0.011814597994089127 -0.025499999523162842 0.02770181931555271
v -0.011814597994089127 -0.025499999523162842 0.02770181931555271
v -0.007899579592049122 -0.02586602419614792 0.02868201769888401
v -0.011671005748212337 -0.02586602419614792 0.02736511267721653
v -0.011814597994089127 -0.025499999523162842 0.02770181931555271
v -0.011671005748212337 -0.02586602419614792 0.02736511267721653
v -0.01541940588504076 -0.025499999523162842 0.02586921490728855
v -0.01541940588504076 -0.025499999523162842 0.02586921490728855
v -0.011671005748212337 -0.02586602419614792 0.02736511267721653
v -0.01523200049996376 -0.02586602419614792 0.025554800406098366
v 0.015231999568641186 -0.02586602419614792 0.025554800406098366
v 0.01517193391919136 -0.025923877954483032 0.025454068556427956
v 0.011671004816889763 -0.02586602419614792 0.02736511267721653
v 0.011671004816889763 -0.02586602419614792 0.02736511267721653
v 0.01517193391919136 -0.025923877954483032 0.025454068556427956
v 0.01147485338151455 -0.025999998673796654 0.026905203238129616
v 0.011671004816889763 -0.02586602419614792 0.02736511267721653
v 0.01147485338151455 -0.025999998673796654 0.026905203238129616
v 0.007899578660726547 -0.02586602419614792 0.02868201769888401
v 0.007899578660726547 -0.02586602419614792 0.02868201769888401
v 0.01147485338151455 -0.025999998673796654 0.026905203238129616
v 0.007766813039779663 -0.025999998673796654 0.028199994936585426
v 0.007899578660726547 -0.02586602419614792 0.02868201769888401
v 0.007766813039779663 -0.025999998673796654 0.028199994936585426
v 0.003985721152275801 -0.02586602419614792 0.0294817928224802
v 0.003985721152275801 -0.02586602419614792 0.0294817928224802
v 0.007766813039779663 -0.025999998673796654 0.028199994936585426
v 0.0039187343791127205 -0.025999998673796654 0.02898629941046238
v 0.003985721152275801 -0.02586602419614792 0.0294817928224802
v 0.0039187343791127205 -0.025999998673796654 0.02898629941046238
v -1.1874362604302746e-11 -0.02586602419614792 0.02975001372396946
v -1.1874362604302746e-11 -0.02586602419614792 0.02975001372396946
v 0.0039187343791127205 -0.025999998673796654 0.02898629941046238
v -1.1874362604302746e-11 -0.025999998673796654 0.029249990358948708
v -1.1874362604302746e-11 -0.02586602419614792 0.02975001372396946
v -1.1874362604302746e-11 -0.025999998673796654 0.029249990358948708
v -0.003985721152275801 -0.02586602419614792 0.0294817928224802
v -0.003985721152275801 -0.02586602419614792 0.0294817928224802
v -1.1874362604302746e-11 -0.025999998673796654 0.029249990358948708
v -0.0039187343791127205 -0.025999998673796654 0.02898629941046238
v -0.003985721152275801 -0.02586602419614792 0.0294817928224802
v -0.0039187343791127205 -0.025999998673796654 0.02898629941046238
v -0.007899579592049122 -0.02586602419614792 0.02868201769888401
v -0.007899579592049122 -0.02586602419614792 0.02868201769888401
v -0.0039187343791127205 -0.025999998673796654 0.02898629941046238
v -0.007766812574118376 -0.025999998673796654 0.028199994936585426
v -0.007899579592049122 -0.02586602419614792 0.02868201769888401
v -0.007766812574118376 -0.025999998673796654 0.028199994936585426
v -0.011671005748212337 -0.02586602419614792 0.02736511267721653
v -0.011671005748212337 -0.02586602419614792 0.02736511267721653
v -0.007766812574118376 -0.025999998673796654 0.028199994936585426
v -0.011474854312837124 -0.025999998673796654 0.026905203238129616
v -0.011671005748212337 -0.02586602419614792 0.02736511267721653
v -0.011474854312837124 -0.025999998673796654 0.026905203238129616
v -0.01523200049996376 -0.02586602419614792 0.025554800406098366
v -0.01523200049996376 -0.02586602419614792 0.025554800406098366
v -0.011474854312837124 -0.025999998673796654 0.026905203238129616
v -0.014976000413298607 -0.025999998673796654 0.025125348940491676
v -0.016664983704686165 -0.02499999850988388 0.02609642781317234
v -0.016301067546010017 -0.02499999850988388 0.025889718905091286
v -0.016341401264071465 -0.025499999523162842 0.025761926546692848
v -0.016999999061226845 -0.02587929181754589 0.02569361962378025
v -0.016999999061226845 -0.025856683030724525 0.025746608152985573
v -0.01675407588481903 -0.025499999523162842 0.02599635161459446
v -0.01675407588481903 -0.025499999523162842 0.02599635161459446
v -0.016999999061226845 -0.025856683030724525 0.025746608152985573
v -0.016999999061226845 -0.025471877306699753 0.026342594996094704
v -0.01675407588481903 -0.025499999523162842 0.02599635161459446
v -0.016999999061226845 -0.025471877306699753 0.026342594996094704
v -0.016999999061226845 -0.025455838069319725 0.02636166848242283
v -0.016602134332060814 -0.025999998673796654 0.02493610419332981
v -0.016999999061226845 -0.025999998673796654 0.02511122263967991
v -0.016999999061226845 -0.025910641998052597 0.02561124600470066
v -0.014976000413298607 -0.025999998673796654 0.025125348940491676
v -0.01576881669461727 -0.025999998673796654 0.02485671080648899
v -0.01582661271095276 -0.02586602419614792 0.025353336706757545
v -0.014976000413298607 -0.025999998673796654 0.025125348940491676
v -0.01582661271095276 -0.02586602419614792 0.025353336706757545
v -0.01523200049996376 -0.02586602419614792 0.025554800406098366
v -0.01523200049996376 -0.02586602419614792 0.025554800406098366
v -0.01582661271095276 -0.02586602419614792 0.025353336706757545
v -0.01586892269551754 -0.025499999523162842 0.02571692503988743
v -0.01523200049996376 -0.02586602419614792 0.025554800406098366
v -0.01586892269551754 -0.025499999523162842 0.02571692503988743
v -0.01541940588504076 -0.025499999523162842 0.02586921490728855
v -0.01541940588504076 -0.025499999523162842 0.02586921490728855
v -0.01586892269551754 -0.025499999523162842 0.02571692503988743
v -0.015884408727288246 -0.02499999850988388 0.025850022211670876
v -0.01541940588504076 -0.025499999523162842 0.02586921490728855
v -0.015884408727288246 -0.02499999850988388 0.025850022211670876
v -0.01548799965530634 -0.02499999850988388 0.02598431147634983
v -0.01576881669461727 -0.025999998673796654 0.02485671080648899
v -0.016602134332060814 -0.025999998673796654 0.02493610419332981
v -0.016451600939035416 -0.02586602419614792 0.02541288174688816
v -0.01576881669461727 -0.025999998673796654 0.02485671080648899
v -0.016451600939035416 -0.02586602419614792 0.02541288174688816
v -0.01582661271095276 -0.02586602419614792 0.025353336706757545
v -0.01582661271095276 -0.02586602419614792 0.025353336706757545
v -0.016451600939035416 -0.02586602419614792 0.02541288174688816
v -0.016341401264071465 -0.025499999523162842 0.025761926546692848
v -0.01582661271095276 -0.02586602419614792 0.025353336706757545
v -0.016341401264071465 -0.025499999523162842 0.025761926546692848
v -0.01586892269551754 -0.025499999523162842 0.02571692503988743
v -0.01586892269551754 -0.025499999523162842 0.02571692503988743
v -0.016341401264071465 -0.025499999523162842 0.025761926546692848
v -0.016301067546010017 -0.02499999850988388 0.025889718905091286
v -0.01586892269551754 -0.025499999523162842 0.02571692503988743
v -0.016301067546010017 -0.02499999850988388 0.025889718905091286
v -0.015884408727288246 -0.02499999850988388 0.025850022211670876
v -0.016602134332060814 -0.025999998673796654 0.02493610419332981
v -0.016999999061226845 -0.025910641998052597 0.02561124600470066
v -0.016451600939035416 -0.02586602419614792 0.02541288174688816
v -0.016451600939035416 -0.02586602419614792 0.02541288174688816
v -0.016999999061226845 -0.025910641998052597 0.02561124600470066
v -0.016999999061226845 -0.02587929181754589 0.02569361962378025
v -0.016451600939035416 -0.02586602419614792 0.02541288174688816
v -0.016999999061226845 -0.02587929181754589 0.02569361962378025
v -0.016341401264071465 -0.025499999523162842 0.025761926546692848
v -0.016341401264071465 -0.025499999523162842 0.025761926546692848
v -0.016999999061226845 -0.02587929181754589 0.02569361962378025
v -0.01675407588481903 -0.025499999523162842 0.02599635161459446
v -0.016341401264071465 -0.025499999523162842 0.025761926546692848
v -0.01675407588481903 -0.025499999523162842 0.02599635161459446
v -0.016664983704686165 -0.02499999850988388 0.02609642781317234
v -0.016664983704686165 -0.02499999850988388 0.02609642781317234
v -0.01675407588481903 -0.025499999523162842 0.02599635161459446
v -0.016999999061226845 -0.025455838069319725 0.02636166848242283
v -0.016664983704686165 -0.02499999850988388 0.02609642781317234
v -0.016999999061226845 -0.025455838069319725 0.02636166848242283
v -0.016912410035729408 -0.02499999850988388 0.026434028521180153
v -0.016912410035729408 -0.02499999850988388 0.026434028521180153
v -0.016999999061226845 -0.025455838069319725 0.02636166848242283
v -0.016999999061226845 -0.025004470720887184 0.02683880366384983
v -0.016912410035729408 -0.02499999850988388 0.026434028521180153
v -0.016999999061226845 -0.025004470720887184 0.02683880366384983
v -0.016999999061226845 -0.02499999850988388 0.026843274012207985
v 0.017000000923871994 0.03150000050663948 0.029850685968995094
v 0.017000000923871994 0.02500000037252903 0.029850685968995094
v 0.017859958112239838 0.03150000050663948 0.025793636217713356
v 0.017859958112239838 0.03150000050663948 0.025793636217713356
v 0.017000000923871994 0.02500000037252903 0.029850685968995094
v 0.017859958112239838 0.02500000037252903 0.025793636217713356
v 0.017859958112239838 0.03150000050663948 0.025793636217713356
v 0.017859958112239838 0.02500000037252903 0.025793636217713356
v 0.020291926339268684 0.03150000050663948 0.022434378042817116
v 0.020291926339268684 0.03150000050663948 0.022434378042817116
v 0.017859958112239838 0.02500000037252903 0.025793636217713356
v 0.020291926339268684 0.02500000037252903 0.022434378042817116
v 0.017000000923871994 -0.025999998673796654 0.029850685968995094
v 0.017000000923871994 -0.0325000025331974 0.029850685968995094
v 0.017859958112239838 -0.025999998673796654 0.025793636217713356
v 0.017859958112239838 -0.025999998673796654 0.025793636217713356
v 0.017000000923871994 -0.0325000025331974 0.029850685968995094
v 0.017859958112239838 -0.0325000025331974 0.025793636217713356
v 0.017859958112239838 -0.025999998673796654 0.025793636217713356
v 0.017859958112239838 -0.0325000025331974 0.025793636217713356
v 0.020291926339268684 -0.025999998673796654 0.022434378042817116
v 0.020291926339268684 -0.025999998673796654 0.022434378042817116
v 0.017859958112239838 -0.0325000025331974 0.025793636217713356
v 0.020291926339268684 -0.0325000025331974 0.022434378042817116
v -0.020291924476623535 -0.025999998673796654 0.022434378042817116
v -0.020291924476623535 -0.0325000025331974 0.022434378042817116
v -0.017859958112239838 -0.025999998673796654 0.025793636217713356
v -0.017859958112239838 -0.025999998673796654 0.025793636217713356
v -0.020291924476623535 -0.0325000025331974 0.022434378042817116
v -0.017859958112239838 -0.0325000025331974 0.025793636217713356
v -0.017859958112239838 -0.025999998673796654 0.025793636217713356
v -0.017859958112239838 -0.0325000025331974 0.025793636217713356
v -0.016999999061226845 -0.025999998673796654 0.029850685968995094
v -0.016999999061226845 -0.025999998673796654 0.029850685968995094
v -0.017859958112239838 -0.0325000025331974 0.025793636217713356
v -0.016999999061226845 -0.0325000025331974 0.029850685968995094
v -0.020291924476623535 0.03150000050663948 0.022434378042817116
v -0.020291924476623535 0.02500000037252903 0.022434378042817116
v -0.017859958112239838 0.03150000050663948 0.025793636217713356
v -0.017859958112239838 0.03150000050663948 0.025793636217713356
v -0.020291924476623535 0.02500000037252903 0.022434378042817116
v -0.017859958112239838 0.02500000037252903 0.025793636217713356
v -0.017859958112239838 0.03150000050663948 0.025793636217713356
v -0.017859958112239838 0.02500000037252903 0.025793636217713356
v -0.016999999061226845 0.03150000050663948 0.029850685968995094
v -0.016999999061226845 0.03150000050663948 0.029850685968995094
v -0.017859958112239838 0.02500000037252903 0.025793636217713356
v -0.016999999061226845 0.02500000037252903 0.029850685968995094
f 1 2 3
f 4 5 6
f 7 8 9
f 10 11 12
f 13 14 15
f 16 17 18
f 19 20 21
f 22 23 24
f 25 26 27
f 28 29 30
f 31 32 33
f 34 35 36
f 37 38 39
f 40 41 42
f 43 44 45
f 46 47 48
f 49 50 51
f 52 53 54
f 55 56 57
f 58 59 60
f 61 62 63
f 64 65 66
f 67 68 69
f 70 71 72
f 73 74 75
f 76 77 78
f 79 80 81
f 82 83 84
f 85 86 87
f 88 89 90
f 91 92 93
f 94 95 96
f 97 98 99
f 100 101 102
f 103 104 105
f 106 107 108
f 109 110 111
f 112 113 114
f 115 116 117
f 118 119 120
f 121 122 123
f 124 125 126
f 127 128 129
f 130 131 132
f 133 134 135
f 136 137 138
f 139 140 141
f 142 143 144
f 145 146 147
f 148 149 150
f 151 152 153
f 154 155 156
f 157 158 159
f 160 161 162
f 163 164 165
f 166 167 168
f 169 170 171
f 172 173 174
f 175 176 177
f 178 179 180
f 181 182 183
f 184 185 186
f 187 188 189
f 190 191 192
f 193 194 195
f 196 197 198
f 199 200 201
f 202 203 204
f 205 206 207
f 208 209 210
f 211 212 213
f 214 215 216
f 217 218 219
f 220 221 222
f 223 224 225
f 226 227 228
f 229 230 231
f 232 233 234
f 235 236 237
f 238 239 240
f 241 242 243
f 244 245 246
f 247 248 249
f 250 251 252
f 253 254 255
f 256 257 258
f 259 260 261
f 262 263 264
f 265 266 267
f 268 269 270
f 271 272 273
f 274 275 276
f 277 278 279
f 280 281 282
f 283 284 285
f 286 287 288
f 289 290 291
f 292 293 294
f 295 296 297
f 298 299 300
f 301 302 303
f 304 305 306
f 307 308 309
f 310 311 312
f 313 314 315
f 316 317 318
f 319 320 321
f 322 323 324
f 325 326 327
f 328 329 330
f 331 332 333
f 334 335 336
f 337 338 339
f 340 341 342
f 343 344 345
f 346 347 348
f 349 350 351
f 352 353 354
f 355 356 357
f 358 359 360
f 361 362 363
f 364 365 366
f 367 368 369
f 370 371 372
f 373 374 375
f 376 377 378
f 379 380 381
f 382 383 384
f 385 386 387
f 388 389 390
f 391 392 393
f 394 395 396
f 397 398 399
f 400 401 402
f 403 404 405
f 406 407 408
f 409 410 411
f 412 413 414
f 415 416 417
f 418 419 420
f 421 422 423
f 424 425 426
f 427 428 429
f 430 431 432
f 433 434 435
f 436 437 438
f 439 440 441
f 442 443 444
f 445 446 447
f 448 449 450
f 451 452 453
f 454 455 456
f 457 458 459
f 460 461 462
f 463 464 465
f 466 467 468
f 469 470 471
f 472 473 474
f 475 476 477
f 478 479 480
f 481 482 483
f 484 485 486
f 487 488 489
f 490 491 492
f 493 494 495
f 496 497 498
f 499 500 501
f 502 503 504
f 505 506 507
f 508 509 510
f 511 512 513
f 514 515 516
f 517 518 519
f 520 521 522
f 523 524 525
f 526 527 528
f 529 530 531
f 532 533 534
f 535 536 537
f 538 539 540
f 541 542 543
f 544 545 546
f 547 548 549
f 550 551 552
f 553 554 555
f 556 557 558
f 559 560 561
f 562 563 564
f 565 566 567
f 568 569 570
f 571 572 573
f 574 575 576
f 577 578 579
f 580 581 582
f 583 584 585
f 586 587 588
f 589 590 591
f 592 593 594
f 595 596 597
f 598 599 600
f 601 602 603
f 604 605 606
f 607 608 609
f 610 611 612
f 613 614 615
f 616 617 618
f 619 620 621
f 622 623 624
f 625 626 627
f 628 629 630
f 631 632 633
f 634 635 636
f 637 638 639
f 640 641 642
f 643 644 645
f 646 647 648
f 649 650 651
f 652 653 654
f 655 656 657
f 658 659 660
f 661 662 663
f 664 665 666
f 667 668 669
f 670 671 672
f 673 674 675
f 676 677 678
f 679 680 681
f 682 683 684
f 685 686 687
f 688 689 690
f 691 692 693
f 694 695 696
f 697 698 699
f 700 701 702
f 703 704 705
f 706 707 708
f 709 710 711
f 712 713 714
f 715 716 717
f 718 719 720
f 721 722 723
f 724 725 726
f 727 728 729
f 730 731 732
f 733 734 735
f 736 737 738
f 739 740 741
f 742 743 744
f 745 746 747
f 748 749 750
f 751 752 753
f 754 755 756
f 757 758 759
f 760 761 762
f 763 764 765
f 766 767 768
f 769 770 771
f 772 773 774
f 775 776 777
f 778 779 780
f 781 782 783
f 784 785 786
f 787 788 789
f 790 791 792
f 793 794 795
f 796 797 798
f 799 800 801
f 802 803 804
f 805 806 807
f 808 809 810
f 811 812 813
f 814 815 816
f 817 818 819
f 820 821 822
f 823 824 825
f 826 827 828
f 829 830 831
f 832 833 834
f 835 836 837
f 838 839 840
f 841 842 843
f 844 845 846
f 847 848 849
f 850 851 852
f 853 854 855
f 856 857 858
f 859 860 861
f 862 863 864
f 865 866 867
f 868 869 870
f 871 872 873
f 874 875 876
f 877 878 879
f 880 881 882
f 883 884 885
f 886 887 888
f 889 890 891
f 892 893 894
f 895 896 897
f 898 899 900
f 901 902 903
f 904 905 906
f 907 908 909
f 910 911 912
f 913 914 915
f 916 917 918
f 919 920 921
f 922 923 924
f 925 926 927
f 928 929 930
f 931 932 933
f 934 935 936
f 937 938 939
f 940 941 942
f 943 944 945
f 946 947 948
f 949 950 951
f 952 953 954
f 955 956 957
f 958 959 960
f 961 962 963
f 964 965 966
f 967 968 969
f 970 971 972
f 973 974 975
f 976 977 978
f 979 980 981
f 982 983 984
f 985 986 987
f 988 989 990
f 991 992 993
f 994 995 996
f 997 998 999
f 1000 1001 1002
f 1003 1004 1005
f 1006 1007 1008
f 1009 1010 1011
f 1012 1013 1014
f 1015 1016 1017
f 1018 1019 1020
f 1021 1022 1023
f 1024 1025 1026
f 1027 1028 1029
f 1030 1031 1032
f 1033 1034 1035
f 1036 1037 1038
f 1039 1040 1041
f 1042 1043 1044
f 1045 1046 1047
f 1048 1049 1050
f 1051 1052 1053
f 1054 1055 1056
f 1057 1058 1059
f 1060 1061 1062
f 1063 1064 1065
f 1066 1067 1068
f 1069 1070 1071
f 1072 1073 1074
f 1075 1076 1077
f 1078 1079 1080
f 1081 1082 1083
f 1084 1085 1086
f 1087 1088 1089
f 1090 1091 1092
f 1093 1094 1095
f 1096 1097 1098
f 1099 1100 1101
f 1102 1103 1104
f 1105 1106 1107
f 1108 1109 1110
f 1111 1112 1113
f 1114 1115 1116
f 1117 1118 1119
f 1120 1121 1122
f 1123 1124 1125
f 1126 1127 1128
f 1129 1130 1131
f 1132 1133 1134
f 1135 1136 1137
f 1138 1139 1140
f 1141 1142 1143
f 1144 1145 1146
f 1147 1148 1149
f 1150 1151 1152
f 1153 1154 1155
f 1156 1157 1158
f 1159 1160 1161
f 1162 1163 1164
f 1165 1166 1167
f 1168 1169 1170
f 1171 1172 1173
f 1174 1175 1176
f 1177 1178 1179
f 1180 1181 1182
f 1183 1184 1185
f 1186 1187 1188
f 1189 1190 1191
f 1192 1193 1194
f 1195 1196 1197
f 1198 1199 1200
f 1201 1202 1203
f 1204 1205 1206
f 1207 1208 1209
f 1210 1211 1212
f 1213 1214 1215
f 1216 1217 1218
f 1219 1220 1221
f 1222 1223 1224
f 1225 1226 1227
f 1228 1229 1230
f 1231 1232 1233
f 1234 1235 1236
f 1237 1238 1239
f 1240 1241 1242
f 1243 1244 1245
f 1246 1247 1248
f 1249 1250 1251
f 1252 1253 1254
f 1255 1256 1257
f 1258 1259 1260
f 1261 1262 1263
f 1264 1265 1266
f 1267 1268 1269
f 1270 1271 1272
f 1273 1274 1275
f 1276 1277 1278
f 1279 1280 1281
f 1282 1283 1284
f 1285 1286 1287
f 1288 1289 1290
f 1291 1292 1293
f 1294 1295 1296
f 1297 1298 1299
f 1300 1301 1302
f 1303 1304 1305
f 1306 1307 1308
f 1309 1310 1311
f 1312 1313 1314
f 1315 1316 1317
f 1318 1319 1320
f 1321 1322 1323
f 1324 1325 1326
f 1327 1328 1329
f 1330 1331 1332
f 1333 1334 1335
f 1336 1337 1338
f 1339 1340 1341
f 1342 1343 1344
f 1345 1346 1347
f 1348 1349 1350
f 1351 1352 1353
f 1354 1355 1356
f 1357 1358 1359
f 1360 1361 1362
f 1363 1364 1365
f 1366 1367 1368
f 1369 1370 1371
f 1372 1373 1374
f 1375 1376 1377
f 1378 1379 1380
f 1381 1382 1383
f 1384 1385 1386
f 1387 1388 1389
f 1390 1391 1392
f 1393 1394 1395
f 1396 1397 1398
f 1399 1400 1401
f 1402 1403 1404
f 1405 1406 1407
f 1408 1409 1410
f 1411 1412 1413
f 1414 1415 1416
f 1417 1418 1419
f 1420 1421 1422
f 1423 1424 1425
f 1426 1427 1428
f 1429 1430 1431
f 1432 1433 1434
f 1435 1436 1437
f 1438 1439 1440
f 1441 1442 1443
f 1444 1445 1446
f 1447 1448 1449
f 1450 1451 1452
f 1453 1454 1455
f 1456 1457 1458
f 1459 1460 1461
f 1462 1463 1464
f 1465 1466 1467
f 1468 1469 1470
f 1471 1472 1473
f 1474 1475 1476
f 1477 1478 1479
f 1480 1481 1482
f 1483 1484 1485
f 1486 1487 1488
f 1489 1490 1491
f 1492 1493 1494
f 1495 1496 1497
f 1498 1499 1500
f 1501 1502 1503
f 1504 1505 1506
f 1507 1508 1509
f 1510 1511 1512
f 1513 1514 1515
f 1516 1517 1518
f 1519 1520 1521
f 1522 1523 1524
f 1525 1526 1527
f 1528 1529 1530
f 1531 1532 1533
f 1534 1535 1536
f 1537 1538 1539
f 1540 1541 1542
f 1543 1544 1545
f 1546 1547 1548
f 1549 1550 1551
f 1552 1553 1554
f 1555 1556 1557
f 1558 1559 1560
f 1561 1562 1563
f 1564 1565 1566
f 1567 1568 1569
f 1570 1571 1572
f 1573 1574 1575
f 1576 1577 1578
f 1579 1580 1581
f 1582 1583 1584
f 1585 1586 1587
f 1588 1589 1590
f 1591 1592 1593
f 1594 1595 1596
f 1597 1598 1599
f 1600 1601 1602
f 1603 1604 1605
f 1606 1607 1608
f 1609 1610 1611
f 1612 1613 1614
f 1615 1616 1617
f 1618 1619 1620
f 1621 1622 1623
f 1624 1625 1626
f 1627 1628 1629
f 1630 1631 1632
f 1633 1634 1635
f 1636 1637 1638
f 1639 1640 1641
f 1642 1643 1644
f 1645 1646 1647
f 1648 1649 1650
f 1651 1652 1653
f 1654 1655 1656
f 1657 1658 1659
f 1660 1661 1662
f 1663 1664 1665
f 1666 1667 1668
f 1669 1670 1671
f 1672 1673 1674
f 1675 1676 1677
f 1678 1679 1680
f 1681 1682 1683
f 1684 1685 1686
f 1687 1688 1689
f 1690 1691 1692
f 1693 1694 1695
f 1696 1697 1698
f 1699 1700 1701
f 1702 1703 1704
f 1705 1706 1707
f 1708 1709 1710
f 1711 1712 1713
f 1714 1715 1716
f 1717 1718 1719
f 1720 1721 1722
f 1723 1724 1725
f 1726 1727 1728
f 1729 1730 1731
f 1732 1733 1734
f 1735 1736 1737
f 1738 1739 1740
f 1741 1742 1743
f 1744 1745 1746
f 1747 1748 1749
f 1750 1751 1752
f 1753 1754 1755
f 1756 1757 1758
f 1759 1760 1761
f 1762 1763 1764
f 1765 1766 1767
f 1768 1769 1770
f 1771 1772 1773
f 1774 1775 1776
f 1777 1778 1779
f 1780 1781 1782
f 1783 1784 1785
f 1786 1787 1788
f 1789 1790 1791
f 1792 1793 1794
f 1795 1796 1797
f 1798 1799 1800
f 1801 1802 1803
f 1804 1805 1806
f 1807 1808 1809
f 1810 1811 1812
f 1813 1814 1815
f 1816 1817 1818
f 1819 1820 1821
f 1822 1823 1824
f 1825 1826 1827
f 1828 1829 1830
f 1831 1832 1833
f 1834 1835 1836
f 1837 1838 1839
f 1840 1841 1842
f 1843 1844 1845
f 1846 1847 1848
f 1849 1850 1851
f 1852 1853 1854
f 1855 1856 1857
f 1858 1859 1860
f 1861 1862 1863
f 1864 1865 1866
f 1867 1868 1869
f 1870 1871 1872
f 1873 1874 1875
f 1876 1877 1878
f 1879 1880 1881
f 1882 1883 1884
f 1885 1886 1887
f 1888 1889 1890
f 1891 1892 1893
f 1894 1895 1896
f 1897 1898 1899
f 1900 1901 1902
f 1903 1904 1905
f 1906 1907 1908
f 1909 1910 1911
f 1912 1913 1914
f 1915 1916 1917
f 1918 1919 1920
f 1921 1922 1923
f 1924 1925 1926
f 1927 1928 1929
f 1930 1931 1932
f 1933 1934 1935
f 1936 1937 1938
f 1939 1940 1941
f 1942 1943 1944
f 1945 1946 1947
f 1948 1949 1950
f 1951 1952 1953
f 1954 1955 1956
f 1957 1958 1959
f 1960 1961 1962
f 1963 1964 1965
f 1966 1967 1968
f 1969 1970 1971
f 1972 1973 1974
f 1975 1976 1977
f 1978 1979 1980
f 1981 1982 1983
f 1984 1985 1986
f 1987 1988 1989
f 1990 1991 1992
f 1993 1994 1995
f 1996 1997 1998
f 1999 2000 2001
f 2002 2003 2004
f 2005 2006 2007
f 2008 2009 2010
f 2011 2012 2013
f 2014 2015 2016
f 2017 2018 2019
f 2020 2021 2022
f 2023 2024 2025
f 2026 2027 2028
f 2029 2030 2031
f 2032 2033 2034
f 2035 2036 2037
f 2038 2039 2040
f 2041 2042 2043
f 2044 2045 2046
f 2047 2048 2049
f 2050 2051 2052
f 2053 2054 2055
f 2056 2057 2058
f 2059 2060 2061
f 2062 2063 2064
f 2065 2066 2067
f 2068 2069 2070
f 2071 2072 2073
f 2074 2075 2076
f 2077 2078 2079
f 2080 2081 2082
f 2083 2084 2085
f 2086 2087 2088
f 2089 2090 2091
f 2092 2093 2094
f 2095 2096 2097
f 2098 2099 2100
f 2101 2102 2103
f 2104 2105 2106
f 2107 2108 2109
f 2110 2111 2112
f 2113 2114 2115
f 2116 2117 2118
f 2119 2120 2121
f 2122 2123 2124
f 2125 2126 2127
f 2128 2129 2130
f 2131 2132 2133
f 2134 2135 2136
f 2137 2138 2139
f 2140 2141 2142
f 2143 2144 2145
f 2146 2147 2148
f 2149 2150 2151
f 2152 2153 2154
f 2155 2156 2157
f 2158 2159 2160
f 2161 2162 2163
f 2164 2165 2166
f 2167 2168 2169
f 2170 2171 2172
f 2173 2174 2175
f 2176 2177 2178
f 2179 2180 2181
f 2182 2183 2184
f 2185 2186 2187
f 2188 2189 2190
f 2191 2192 2193
f 2194 2195 2196
f 2197 2198 2199
f 2200 2201 2202
f 2203 2204 2205
f 2206 2207 2208
f 2209 2210 2211
f 2212 2213 2214
f 2215 2216 2217
f 2218 2219 2220
f 2221 2222 2223
f 2224 2225 2226
f 2227 2228 2229
f 2230 2231 2232
f 2233 2234 2235
f 2236 2237 2238
f 2239 2240 2241
f 2242 2243 2244
f 2245 2246 2247
f 2248 2249 2250
f 2251 2252 2253
f 2254 2255 2256
f 2257 2258 2259
f 2260 2261 2262
f 2263 2264 2265
f 2266 2267 2268
f 2269 2270 2271
f 2272 2273 2274
f 2275 2276 2277
f 2278 2279 2280
f 2281 2282 2283
f 2284 2285 2286
f 2287 2288 2289
f 2290 2291 2292
f 2293 2294 2295
f 2296 2297 2298
f 2299 2300 2301
f 2302 2303 2304
f 2305 2306 2307
f 2308 2309 2310
f 2311 2312 2313
f 2314 2315 2316
f 2317 2318 2319
f 2320 2321 2322
f 2323 2324 2325
f 2326 2327 2328
f 2329 2330 2331
f 2332 2333 2334
f 2335 2336 2337
f 2338 2339 2340
f 2341 2342 2343
f 2344 2345 2346
f 2347 2348 2349
f 2350 2351 2352
f 2353 2354 2355
f 2356 2357 2358
f 2359 2360 2361
f 2362 2363 2364
f 2365 2366 2367
f 2368 2369 2370
f 2371 2372 2373
f 2374 2375 2376
f 2377 2378 2379
f 2380 2381 2382
f 2383 2384 2385
f 2386 2387 2388
f 2389 2390 2391
f 2392 2393 2394
f 2395 2396 2397
f 2398 2399 2400
f 2401 2402 2403
f 2404 2405 2406
f 2407 2408 2409
f 2410 2411 2412
f 2413 2414 2415
f 2416 2417 2418
f 2419 2420 2421
f 2422 2423 2424
f 2425 2426 2427
f 2428 2429 2430
f 2431 2432 2433
f 2434 2435 2436
f 2437 2438 2439
f 2440 2441 2442
f 2443 2444 2445
f 2446 2447 2448
f 2449 2450 2451
f 2452 2453 2454
f 2455 2456 2457
f 2458 2459 2460
f 2461 2462 2463
f 2464 2465 2466
f 2467 2468 2469
f 2470 2471 2472
f 2473 2474 2475
f 2476 2477 2478
f 2479 2480 2481
f 2482 2483 2484
f 2485 2486 2487
f 2488 2489 2490
f 2491 2492 2493
f 2494 2495 2496
f 2497 2498 2499
f 2500 2501 2502
f 2503 2504 2505
f 2506 2507 2508
f 2509 2510 2511
f 2512 2513 2514
f 2515 2516 2517
f 2518 2519 2520
f 2521 2522 2523
f 2524 2525 2526
f 2527 2528 2529
f 2530 2531 2532
f 2533 2534 2535
f 2536 2537 2538
f 2539 2540 2541
f 2542 2543 2544
f 2545 2546 2547
f 2548 2549 2550
f 2551 2552 2553
f 2554 2555 2556
f 2557 2558 2559
f 2560 2561 2562
f 2563 2564 2565
f 2566 2567 2568
f 2569 2570 2571
f 2572 2573 2574
f 2575 2576 2577
f 2578 2579 2580
f 2581 2582 2583
f 2584 2585 2586
f 2587 2588 2589
f 2590 2591 2592
f 2593 2594 2595
f 2596 2597 2598
f 2599 2600 2601
f 2602 2603 2604
f 2605 2606 2607
f 2608 2609 2610
f 2611 2612 2613
f 2614 2615 2616
f 2617 2618 2619
f 2620 2621 2622
f 2623 2624 2625
f 2626 2627 2628
f 2629 2630 2631
f 2632 2633 2634
f 2635 2636 2637
f 2638 2639 2640
f 2641 2642 2643
f 2644 2645 2646
f 2647 2648 2649
f 2650 2651 2652
f 2653 2654 2655
f 2656 2657 2658
f 2659 2660 2661
f 2662 2663 2664
f 2665 2666 2667
f 2668 2669 2670
f 2671 2672 2673
f 2674 2675 2676
f 2677 2678 2679
f 2680 2681 2682
f 2683 2684 2685
f 2686 2687 2688
f 2689 2690 2691
f 2692 2693 2694
f 2695 2696 2697
f 2698 2699 2700
f 2701 2702 2703
f 2704 2705 2706
f 2707 2708 2709
f 2710 2711 2712
f 2713 2714 2715
f 2716 2717 2718
f 2719 2720 2721
f 2722 2723 2724
f 2725 2726 2727
f 2728 2729 2730
f 2731 2732 2733
f 2734 2735 2736
f 2737 2738 2739
f 2740 2741 2742
f 2743 2744 2745
f 2746 2747 2748
f 2749 2750 2751
f 2752 2753 2754
f 2755 2756 2757
f 2758 2759 2760
f 2761 2762 2763
f 2764 2765 2766
f 2767 2768 2769
f 2770 2771 2772
f 2773 2774 2775
f 2776 2777 2778
f 2779 2780 2781
f 2782 2783 2784
f 2785 2786 2787
f 2788 2789 2790
f 2791 2792 2793
f 2794 2795 2796
f 2797 2798 2799
f 2800 2801 2802
f 2803 2804 2805
f 2806 2807 2808
f 2809 2810 2811
f 2812 2813 2814
f 2815 2816 2817
f 2818 2819 2820
f 2821 2822 2823
f 2824 2825 2826
f 2827 2828 2829
f 2830 2831 2832
f 2833 2834 2835
f 2836 2837 2838
f 2839 2840 2841
f 2842 2843 2844
f 2845 2846 2847
f 2848 2849 2850
f 2851 2852 2853
f 2854 2855 2856
f 2857 2858 2859
f 2860 2861 2862
f 2863 2864 2865
f 2866 2867 2868
f 2869 2870 2871
f 2872 2873 2874
f 2875 2876 2877
f 2878 2879 2880
f 2881 2882 2883
f 2884 2885 2886
f 2887 2888 2889
f 2890 2891 2892
f 2893 2894 2895
f 2896 2897 2898
f 2899 2900 2901
f 2902 2903 2904
f 2905 2906 2907
f 2908 2909 2910
f 2911 2912 2913
f 2914 2915 2916
f 2917 2918 2919
f 2920 2921 2922
f 2923 2924 2925
f 2926 2927 2928
f 2929 2930 2931
f 2932 2933 2934
f 2935 2936 2937
f 2938 2939 2940
f 2941 2942 2943
f 2944 2945 2946
f 2947 2948 2949
f 2950 2951 2952
f 2953 2954 2955
f 2956 2957 2958
f 2959 2960 2961
f 2962 2963 2964
f 2965 2966 2967
f 2968 2969 2970
f 2971 2972 2973
f 2974 2975 2976
f 2977 2978 2979
f 2980 2981 2982
f 2983 2984 2985
f 2986 2987 2988
f 2989 2990 2991
f 2992 2993 2994
f 2995 2996 2997
f 2998 2999 3000
f 3001 3002 3003
f 3004 3005 3006
f 3007 3008 3009
f 3010 3011 3012
f 3013 3014 3015
f 3016 3017 3018
f 3019 3020 3021
f 3022 3023 3024
f 3025 3026 3027
f 3028 3029 3030
f 3031 3032 3033
f 3034 3035 3036
f 3037 3038 3039
f 3040 3041 3042
f 3043 3044 3045
f 3046 3047 3048
f 3049 3050 3051
f 3052 3053 3054
f 3055 3056 3057
f 3058 3059 3060
f 3061 3062 3063
f 3064 3065 3066
f 3067 3068 3069
f 3070 3071 3072
f 3073 3074 3075
f 3076 3077 3078
f 3079 3080 3081
f 3082 3083 3084
f 3085 3086 3087
f 3088 3089 3090
f 3091 3092 3093
f 3094 3095 3096
f 3097 3098 3099
f 3100 3101 3102
f 3103 3104 3105
f 3106 3107 3108
f 3109 3110 3111
f 3112 3113 3114
f 3115 3116 3117
f 3118 3119 3120
f 3121 3122 3123
f 3124 3125 3126
f 3127 3128 3129
f 3130 3131 3132
f 3133 3134 3135
f 3136 3137 3138
f 3139 3140 3141
f 3142 3143 3144
f 3145 3146 3147
f 3148 3149 3150
f 3151 3152 3153
f 3154 3155 3156
f 3157 3158 3159
f 3160 3161 3162
f 3163 3164 3165
f 3166 3167 3168
f 3169 3170 3171
f 3172 3173 3174
f 3175 3176 3177
f 3178 3179 3180
f 3181 3182 3183
f 3184 3185 3186
f 3187 3188 3189
f 3190 3191 3192
f 3193 3194 3195
f 3196 3197 3198
f 3199 3200 3201
f 3202 3203 3204
f 3205 3206 3207
f 3208 3209 3210
f 3211 3212 3213
f 3214 3215 3216
f 3217 3218 3219
f 3220 3221 3222
f 3223 3224 3225
f 3226 3227 3228
f 3229 3230 3231
f 3232 3233 3234
f 3235 3236 3237
f 3238 3239 3240
f 3241 3242 3243
f 3244 3245 3246
f 3247 3248 3249
f 3250 3251 3252
f 3253 3254 3255
f 3256 3257 3258
f 3259 3260 3261
f 3262 3263 3264
f 3265 3266 3267
f 3268 3269 3270
f 3271 3272 3273
f 3274 3275 3276
f 3277 3278 3279
f 3280 3281 3282
f 3283 3284 3285
f 3286 3287 3288
f 3289 3290 3291
f 3292 3293 3294
f 3295 3296 3297
f 3298 3299 3300
f 3301 3302 3303
f 3304 3305 3306
f 3307 3308 3309
f 3310 3311 3312
f 3313 3314 3315
f 3316 3317 3318
f 3319 3320 3321
f 3322 3323 3324
f 3325 3326 3327
f 3328 3329 3330
f 3331 3332 3333
f 3334 3335 3336
f 3337 3338 3339
f 3340 3341 3342
f 3343 3344 3345
f 3346 3347 3348
f 3349 3350 3351
f 3352 3353 3354
f 3355 3356 3357
f 3358 3359 3360
f 3361 3362 3363
f 3364 3365 3366
f 3367 3368 3369
f 3370 3371 3372
f 3373 3374 3375
f 3376 3377 3378
f 3379 3380 3381
f 3382 3383 3384
f 3385 3386 3387
f 3388 3389 3390
f 3391 3392 3393
f 3394 3395 3396
f 3397 3398 3399
f 3400 3401 3402
f 3403 3404 3405
f 3406 3407 3408
f 3409 3410 3411
f 3412 3413 3414
f 3415 3416 3417
f 3418 3419 3420
f 3421 3422 3423
f 3424 3425 3426
f 3427 3428 3429
f 3430 3431 3432
f 3433 3434 3435
f 3436 3437 3438
f 3439 3440 3441
f 3442 3443 3444
f 3445 3446 3447
f 3448 3449 3450
f 3451 3452 3453
f 3454 3455 3456
f 3457 3458 3459
f 3460 3461 3462
f 3463 3464 3465
f 3466 3467 3468
f 3469 3470 3471
f 3472 3473 3474
f 3475 3476 3477
f 3478 3479 3480
f 3481 3482 3483
f 3484 3485 3486
f 3487 3488 3489
f 3490 3491 3492
f 3493 3494 3495
f 3496 3497 3498
f 3499 3500 3501
f 3502 3503 3504
f 3505 3506 3507
f 3508 3509 3510
f 3511 3512 3513
f 3514 3515 3516
f 3517 3518 3519
f 3520 3521 3522
f 3523 3524 3525
f 3526 3527 3528
f 3529 3530 3531
f 3532 3533 3534
f 3535 3536 3537
f 3538 3539 3540
f 3541 3542 3543
f 3544 3545 3546
f 3547 3548 3549
f 3550 3551 3552
f 3553 3554 3555
f 3556 3557 3558
f 3559 3560 3561
f 3562 3563 3564
f 3565 3566 3567
f 3568 3569 3570
f 3571 3572 3573
f 3574 3575 3576
f 3577 3578 3579
f 3580 3581 3582
f 3583 3584 3585
f 3586 3587 3588
f 3589 3590 3591
f 3592 3593 3594
f 3595 3596 3597
f 3598 3599 3600
f 3601 3602 3603
f 3604 3605 3606
f 3607 3608 3609
f 3610 3611 3612
f 3613 3614 3615
f 3616 3617 3618
f 3619 3620 3621
f 3622 3623 3624
f 3625 3626 3627
f 3628 3629 3630
f 3631 3632 3633
f 3634 3635 3636
f 3637 3638 3639
f 3640 3641 3642
f 3643 3644 3645
f 3646 3647 3648
f 3649 3650 3651
f 3652 3653 3654
f 3655 3656 3657
f 3658 3659 3660
f 3661 3662 3663
f 3664 3665 3666
f 3667 3668 3669
f 3670 3671 3672
f 3673 3674 3675
f 3676 3677 3678
f 3679 3680 3681
f 3682 3683 3684
f 3685 3686 3687
f 3688 3689 3690
f 3691 3692 3693
f 3694 3695 3696
f 3697 3698 3699
f 3700 3701 3702
f 3703 3704 3705
f 3706 3707 3708
f 3709 3710 3711
f 3712 3713 3714
f 3715 3716 3717
f 3718 3719 3720
f 3721 3722 3723
f 3724 3725 3726
f 3727 3728 3729
f 3730 3731 3732
f 3733 3734 3735
f 3736 3737 3738
f 3739 3740 3741
f 3742 3743 3744
f 3745 3746 3747
f 3748 3749 3750
f 3751 3752 3753
f 3754 3755 3756
f 3757 3758 3759
f 3760 3761 3762
f 3763 3764 3765
f 3766 3767 3768
f 3769 3770 3771
f 3772 3773 3774
f 3775 3776 3777
f 3778 3779 3780
f 3781 3782 3783
f 3784 3785 3786
f 3787 3788 3789
f 3790 3791 3792
f 3793 3794 3795
f 3796 3797 3798
f 3799 3800 3801
f 3802 3803 3804
f 3805 3806 3807
f 3808 3809 3810
f 3811 3812 3813
f 3814 3815 3816
f 3817 3818 3819
f 3820 3821 3822
f 3823 3824 3825
f 3826 3827 3828
f 3829 3830 3831
f 3832 3833 3834
f 3835 3836 3837
f 3838 3839 3840
f 3841 3842 3843
f 3844 3845 3846
f 3847 3848 3849
f 3850 3851 3852
f 3853 3854 3855
f 3856 3857 3858
f 3859 3860 3861
f 3862 3863 3864
f 3865 3866 3867
f 3868 3869 3870
f 3871 3872 3873
f 3874 3875 3876
f 3877 3878 3879
f 3880 3881 3882
f 3883 3884 3885
f 3886 3887 3888
f 3889 3890 3891
f 3892 3893 3894
f 3895 3896 3897
f 3898 3899 3900
f 3901 3902 3903
f 3904 3905 3906
f 3907 3908 3909
f 3910 3911 3912
f 3913 3914 3915
f 3916 3917 3918
f 3919 3920 3921
f 3922 3923 3924
f 3925 3926 3927
f 3928 3929 3930
f 3931 3932 3933
f 3934 3935 3936
f 3937 3938 3939
f 3940 3941 3942
f 3943 3944 3945
f 3946 3947 3948
f 3949 3950 3951
f 3952 3953 3954
f 3955 3956 3957
f 3958 3959 3960
f 3961 3962 3963
f 3964 3965 3966
f 3967 3968 3969
f 3970 3971 3972
f 3973 3974 3975
f 3976 3977 3978
f 3979 3980 3981
f 3982 3983 3984
f 3985 3986 3987
f 3988 3989 3990
f 3991 3992 3993
f 3994 3995 3996
f 3997 3998 3999
f 4000 4001 4002
f 4003 4004 4005
f 4006 4007 4008
f 4009 4010 4011
f 4012 4013 4014
f 4015 4016 4017
f 4018 4019 4020
f 4021 4022 4023
f 4024 4025 4026
f 4027 4028 4029
f 4030 4031 4032
f 4033 4034 4035
f 4036 4037 4038
f 4039 4040 4041
f 4042 4043 4044
f 4045 4046 4047
f 4048 4049 4050
f 4051 4052 4053
f 4054 4055 4056
f 4057 4058 4059
f 4060 4061 4062
f 4063 4064 4065
f 4066 4067 4068
f 4069 4070 4071
f 4072 4073 4074
f 4075 4076 4077
f 4078 4079 4080
f 4081 4082 4083
f 4084 4085 4086
f 4087 4088 4089
f 4090 4091 4092
f 4093 4094 4095
f 4096 4097 4098
f 4099 4100 4101
f 4102 4103 4104
f 4105 4106 4107
f 4108 4109 4110
f 4111 4112 4113
f 4114 4115 4116
f 4117 4118 4119
f 4120 4121 4122
f 4123 4124 4125
f 4126 4127 4128
f 4129 4130 4131
f 4132 4133 4134
f 4135 4136 4137
f 4138 4139 4140
f 4141 4142 4143
f 4144 4145 4146
f 4147 4148 4149
f 4150 4151 4152
f 4153 4154 4155
f 4156 4157 4158
f 4159 4160 4161
f 4162 4163 4164
f 4165 4166 4167
f 4168 4169 4170
f 4171 4172 4173
f 4174 4175 4176
f 4177 4178 4179
f 4180 4181 4182
f 4183 4184 4185
f 4186 4187 4188
f 4189 4190 4191
f 4192 4193 4194
f 4195 4196 4197
f 4198 4199 4200
f 4201 4202 4203
f 4204 4205 4206
f 4207 4208 4209
f 4210 4211 4212
f 4213 4214 4215
f 4216 4217 4218
f 4219 4220 4221
f 4222 4223 4224
f 4225 4226 4227
f 4228 4229 4230
f 4231 4232 4233
f 4234 4235 4236
f 4237 4238 4239
f 4240 4241 4242
f 4243 4244 4245
f 4246 4247 4248
f 4249 4250 4251
f 4252 4253 4254
f 4255 4256 4257
f 4258 4259 4260
f 4261 4262 4263
f 4264 4265 4266
f 4267 4268 4269
f 4270 4271 4272
f 4273 4274 4275
f 4276 4277 4278
f 4279 4280 4281
f 4282 4283 4284
f 4285 4286 4287
f 4288 4289 4290
f 4291 4292 4293
f 4294 4295 4296
f 4297 4298 4299
f 4300 4301 4302
f 4303 4304 4305
f 4306 4307 4308
f 4309 4310 4311
f 4312 4313 4314
f 4315 4316 4317
f 4318 4319 4320
f 4321 4322 4323
f 4324 4325 4326
f 4327 4328 4329
f 4330 4331 4332
f 4333 4334 4335
f 4336 4337 4338
f 4339 4340 4341
f 4342 4343 4344
f 4345 4346 4347
f 4348 4349 4350
f 4351 4352 4353
f 4354 4355 4356
f 4357 4358 4359
f 4360 4361 4362
f 4363 4364 4365
f 4366 4367 4368
f 4369 4370 4371
f 4372 4373 4374
f 4375 4376 4377
f 4378 4379 4380
f 4381 4382 4383
f 4384 4385 4386
f 4387 4388 4389
f 4390 4391 4392
f 4393 4394 4395
f 4396 4397 4398
f 4399 4400 4401
f 4402 4403 4404
f 4405 4406 4407
f 4408 4409 4410
f 4411 4412 4413
f 4414 4415 4416
f 4417 4418 4419
f 4420 4421 4422
f 4423 4424 4425
f 4426 4427 4428
f 4429 4430 4431
f 4432 4433 4434
f 4435 4436 4437
f 4438 4439 4440
f 4441 4442 4443
f 4444 4445 4446
f 4447 4448 4449
f 4450 4451 4452
f 4453 4454 4455
f 4456 4457 4458
f 4459 4460 4461
f 4462 4463 4464
f 4465 4466 4467
f 4468 4469 4470
f 4471 4472 4473
f 4474 4475 4476
f 4477 4478 4479
f 4480 4481 4482
f 4483 4484 4485
f 4486 4487 4488
f 4489 4490 4491
f 4492 4493 4494
f 4495 4496 4497
f 4498 4499 4500
f 4501 4502 4503
f 4504 4505 4506
f 4507 4508 4509
f 4510 4511 4512
f 4513 4514 4515
f 4516 4517 4518
f 4519 4520 4521
f 4522 4523 4524
f 4525 4526 4527
f 4528 4529 4530
f 4531 4532 4533
f 4534 4535 4536
f 4537 4538 4539
f 4540 4541 4542
f 4543 4544 4545
f 4546 4547 4548
f 4549 4550 4551
f 4552 4553 4554
f 4555 4556 4557
f 4558 4559 4560
f 4561 4562 4563
f 4564 4565 4566
f 4567 4568 4569
f 4570 4571 4572
f 4573 4574 4575
f 4576 4577 4578
f 4579 4580 4581
f 4582 4583 4584
f 4585 4586 4587
f 4588 4589 4590
f 4591 4592 4593
f 4594 4595 4596
f 4597 4598 4599
f 4600 4601 4602
f 4603 4604 4605
f 4606 4607 4608
f 4609 4610 4611
f 4612 4613 4614
f 4615 4616 4617
f 4618 4619 4620
f 4621 4622 4623
f 4624 4625 4626
f 4627 4628 4629
f 4630 4631 4632
f 4633 4634 4635
f 4636 4637 4638
f 4639 4640 4641
f 4642 4643 4644
f 4645 4646 4647
f 4648 4649 4650
f 4651 4652 4653
f 4654 4655 4656
f 4657 4658 4659
f 4660 4661 4662
f 4663 4664 4665
f 4666 4667 4668
f 4669 4670 4671
f 4672 4673 4674
f 4675 4676 4677
f 4678 4679 4680
f 4681 4682 4683
f 4684 4685 4686
f 4687 4688 4689
f 4690 4691 4692
f 4693 4694 4695
f 4696 4697 4698
f 4699 4700 4701
f 4702 4703 4704
f 4705 4706 4707
f 4708 4709 4710
f 4711 4712 4713
f 4714 4715 4716
f 4717 4718 4719
f 4720 4721 4722
f 4723 4724 4725
f 4726 4727 4728
f 4729 4730 4731
f 4732 4733 4734
f 4735 4736 4737
f 4738 4739 4740
f 4741 4742 4743
f 4744 4745 4746
f 4747 4748 4749
f 4750 4751 4752
f 4753 4754 4755
f 4756 4757 4758
f 4759 4760 4761
f 4762 4763 4764
f 4765 4766 4767
f 4768 4769 4770
f 4771 4772 4773
f 4774 4775 4776
f 4777 4778 4779
f 4780 4781 4782
f 4783 4784 4785
f 4786 4787 4788
f 4789 4790 4791
f 4792 4793 4794
f 4795 4796 4797
f 4798 4799 4800
f 4801 4802 4803
f 4804 4805 4806
f 4807 4808 4809
f 4810 4811 4812
f 4813 4814 4815
f 4816 4817 4818
f 4819 4820 4821
f 4822 4823 4824
f 4825 4826 4827
f 4828 4829 4830
f 4831 4832 4833
f 4834 4835 4836
f 4837 4838 4839
f 4840 4841 4842
f 4843 4844 4845
f 4846 4847 4848
f 4849 4850 4851
f 4852 4853 4854
f 4855 4856 4857
f 4858 4859 4860
f 4861 4862 4863
f 4864 4865 4866
f 4867 4868 4869
f 4870 4871 4872
f 4873 4874 4875
f 4876 4877 4878
f 4879 4880 4881
f 4882 4883 4884
f 4885 4886 4887
f 4888 4889 4890
f 4891 4892 4893
f 4894 4895 4896
f 4897 4898 4899
f 4900 4901 4902
f 4903 4904 4905
f 4906 4907 4908
f 4909 4910 4911
f 4912 4913 4914
f 4915 4916 4917
f 4918 4919 4920
f 4921 4922 4923
f 4924 4925 4926
f 4927 4928 4929
f 4930 4931 4932
f 4933 4934 4935
f 4936 4937 4938
f 4939 4940 4941
f 4942 4943 4944
f 4945 4946 4947
f 4948 4949 4950
f 4951 4952 4953
f 4954 4955 4956
f 4957 4958 4959
f 4960 4961 4962
f 4963 4964 4965
f 4966 4967 4968
f 4969 4970 4971
f 4972 4973 4974
f 4975 4976 4977
f 4978 4979 4980
f 4981 4982 4983
f 4984 4985 4986
f 4987 4988 4989
f 4990 4991 4992
f 4993 4994 4995
f 4996 4997 4998
f 4999 5000 5001
f 5002 5003 5004
f 5005 5006 5007
f 5008 5009 5010
f 5011 5012 5013
f 5014 5015 5016
f 5017 5018 5019
f 5020 5021 5022
f 5023 5024 5025
f 5026 5027 5028
f 5029 5030 5031
f 5032 5033 5034
f 5035 5036 5037
f 5038 5039 5040
f 5041 5042 5043
f 5044 5045 5046
f 5047 5048 5049
f 5050 5051 5052
f 5053 5054 5055
f 5056 5057 5058
f 5059 5060 5061
f 5062 5063 5064
f 5065 5066 5067
f 5068 5069 5070
f 5071 5072 5073
f 5074 5075 5076
f 5077 5078 5079
f 5080 5081 5082
f 5083 5084 5085
f 5086 5087 5088
f 5089 5090 5091
f 5092 5093 5094
f 5095 5096 5097
f 5098 5099 5100
f 5101 5102 5103
f 5104 5105 5106
f 5107 5108 5109
f 5110 5111 5112
f 5113 5114 5115
f 5116 5117 5118
f 5119 5120 5121
f 5122 5123 5124
f 5125 5126 5127
f 5128 5129 5130
f 5131 5132 5133
f 5134 5135 5136
f 5137 5138 5139
f 5140 5141 5142
f 5143 5144 5145
f 5146 5147 5148
f 5149 5150 5151
f 5152 5153 5154
f 5155 5156 5157
f 5158 5159 5160
f 5161 5162 5163
f 5164 5165 5166
f 5167 5168 5169
f 5170 5171 5172
f 5173 5174 5175
f 5176 5177 5178
f 5179 5180 5181
f 5182 5183 5184
f 5185 5186 5187
f 5188 5189 5190
f 5191 5192 5193
f 5194 5195 5196
f 5197 5198 5199
f 5200 5201 5202
f 5203 5204 5205
f 5206 5207 5208
f 5209 5210 5211
f 5212 5213 5214
f 5215 5216 5217
f 5218 5219 5220
f 5221 5222 5223
f 5224 5225 5226
f 5227 5228 5229
f 5230 5231 5232
f 5233 5234 5235
f 5236 5237 5238
f 5239 5240 5241
f 5242 5243 5244
f 5245 5246 5247
f 5248 5249 5250
f 5251 5252 5253
f 5254 5255 5256
f 5257 5258 5259
f 5260 5261 5262
f 5263 5264 5265
f 5266 5267 5268
f 5269 5270 5271
f 5272 5273 5274
f 5275 5276 5277
f 5278 5279 5280
f 5281 5282 5283
f 5284 5285 5286
f 5287 5288 5289
f 5290 5291 5292
f 5293 5294 5295
f 5296 5297 5298
f 5299 5300 5301
f 5302 5303 5304
f 5305 5306 5307
f 5308 5309 5310
f 5311 5312 5313
f 5314 5315 5316
f 5317 5318 5319
f 5320 5321 5322
f 5323 5324 5325
f 5326 5327 5328
f 5329 5330 5331
f 5332 5333 5334
f 5335 5336 5337
f 5338 5339 5340
f 5341 5342 5343
f 5344 5345 5346
f 5347 5348 5349
f 5350 5351 5352
f 5353 5354 5355
f 5356 5357 5358
f 5359 5360 5361
f 5362 5363 5364
f 5365 5366 5367
f 5368 5369 5370
f 5371 5372 5373
f 5374 5375 5376
f 5377 5378 5379
f 5380 5381 5382
f 5383 5384 5385
f 5386 5387 5388
f 5389 5390 5391
f 5392 5393 5394
f 5395 5396 5397
f 5398 5399 5400
f 5401 5402 5403
f 5404 5405 5406
f 5407 5408 5409
f 5410 5411 5412
f 5413 5414 5415
f 5416 5417 5418
f 5419 5420 5421
f 5422 5423 5424
f 5425 5426 5427
f 5428 5429 5430
f 5431 5432 5433
f 5434 5435 5436
f 5437 5438 5439
f 5440 5441 5442
f 5443 5444 5445
f 5446 5447 5448
f 5449 5450 5451
f 5452 5453 5454
f 5455 5456 5457
f 5458 5459 5460
f 5461 5462 5463
f 5464 5465 5466
f 5467 5468 5469
f 5470 5471 5472
f 5473 5474 5475
f 5476 5477 5478
f 5479 5480 5481
f 5482 5483 5484
f 5485 5486 5487
f 5488 5489 5490
f 5491 5492 5493
f 5494 5495 5496
f 5497 5498 5499
f 5500 5501 5502
f 5503 5504 5505
f 5506 5507 5508
f 5509 5510 5511
f 5512 5513 5514
f 5515 5516 5517
f 5518 5519 5520
f 5521 5522 5523
f 5524 5525 5526
f 5527 5528 5529
f 5530 5531 5532
f 5533 5534 5535
f 5536 5537 5538
f 5539 5540 5541
f 5542 5543 5544
f 5545 5546 5547
f 5548 5549 5550
f 5551 5552 5553
f 5554 5555 5556
f 5557 5558 5559
f 5560 5561 5562
f 5563 5564 5565
f 5566 5567 5568
f 5569 5570 5571
f 5572 5573 5574
f 5575 5576 5577
f 5578 5579 5580
f 5581 5582 5583
f 5584 5585 5586
f 5587 5588 5589
f 5590 5591 5592
f 5593 5594 5595
f 5596 5597 5598
f 5599 5600 5601
f 5602 5603 5604
f 5605 5606 5607
f 5608 5609 5610
f 5611 5612 5613
f 5614 5615 5616
f 5617 5618 5619
f 5620 5621 5622
f 5623 5624 5625
f 5626 5627 5628
f 5629 5630 5631
f 5632 5633 5634
f 5635 5636 5637
f 5638 5639 5640
f 5641 5642 5643
f 5644 5645 5646
f 5647 5648 5649
f 5650 5651 5652
f 5653 5654 5655
f 5656 5657 5658
f 5659 5660 5661
f 5662 5663 5664
f 5665 5666 5667
f 5668 5669 5670
f 5671 5672 5673
f 5674 5675 5676
f 5677 5678 5679
f 5680 5681 5682
f 5683 5684 5685
f 5686 5687 5688
f 5689 5690 5691
f 5692 5693 5694
f 5695 5696 5697
f 5698 5699 5700
f 5701 5702 5703
f 5704 5705 5706
f 5707 5708 5709
f 5710 5711 5712
f 5713 5714 5715
f 5716 5717 5718
f 5719 5720 5721
f 5722 5723 5724
f 5725 5726 5727
f 5728 5729 5730
f 5731 5732 5733
f 5734 5735 5736
f 5737 5738 5739
f 5740 5741 5742
f 5743 5744 5745
f 5746 5747 5748
f 5749 5750 5751
f 5752 5753 5754
f 5755 5756 5757
f 5758 5759 5760
f 5761 5762 5763
f 5764 5765 5766
f 5767 5768 5769
f 5770 5771 5772
f 5773 5774 5775
f 5776 5777 5778
f 5779 5780 5781
f 5782 5783 5784
f 5785 5786 5787
f 5788 5789 5790
f 5791 5792 5793
f 5794 5795 5796
f 5797 5798 5799
f 5800 5801 5802
f 5803 5804 5805
f 5806 5807 5808
f 5809 5810 5811
f 5812 5813 5814
f 5815 5816 5817
f 5818 5819 5820
f 5821 5822 5823
f 5824 5825 5826
f 5827 5828 5829
f 5830 5831 5832
f 5833 5834 5835
f 5836 5837 5838
f 5839 5840 5841
f 5842 5843 5844
f 5845 5846 5847
f 5848 5849 5850
f 5851 5852 5853
f 5854 5855 5856
f 5857 5858 5859
f 5860 5861 5862
f 5863 5864 5865
f 5866 5867 5868
f 5869 5870 5871
f 5872 5873 5874
f 5875 5876 5877
f 5878 5879 5880
f 5881 5882 5883
f 5884 5885 5886
f 5887 5888 5889
f 5890 5891 5892
f 5893 5894 5895
f 5896 5897 5898
f 5899 5900 5901
f 5902 5903 5904
f 5905 5906 5907
f 5908 5909 5910
f 5911 5912 5913
f 5914 5915 5916
f 5917 5918 5919
f 5920 5921 5922
f 5923 5924 5925
f 5926 5927 5928
f 5929 5930 5931
f 5932 5933 5934
f 5935 5936 5937
f 5938 5939 5940
f 5941 5942 5943
f 5944 5945 5946
f 5947 5948 5949
f 5950 5951 5952
f 5953 5954 5955
f 5956 5957 5958
f 5959 5960 5961
f 5962 5963 5964
f 5965 5966 5967
f 5968 5969 5970
f 5971 5972 5973
f 5974 5975 5976
f 5977 5978 5979
f 5980 5981 5982
f 5983 5984 5985
f 5986 5987 5988
f 5989 5990 5991
f 5992 5993 5994
f 5995 5996 5997
f 5998 5999 6000
f 6001 6002 6003
f 6004 6005 6006
f 6007 6008 6009
f 6010 6011 6012
f 6013 6014 6015
f 6016 6017 6018
f 6019 6020 6021
f 6022 6023 6024
f 6025 6026 6027
f 6028 6029 6030
f 6031 6032 6033
f 6034 6035 6036
f 6037 6038 6039
f 6040 6041 6042
f 6043 6044 6045
f 6046 6047 6048
f 6049 6050 6051
f 6052 6053 6054
f 6055 6056 6057
f 6058 6059 6060
f 6061 6062 6063
f 6064 6065 6066
f 6067 6068 6069
f 6070 6071 6072
f 6073 6074 6075
f 6076 6077 6078
f 6079 6080 6081
f 6082 6083 6084
f 6085 6086 6087
f 6088 6089 6090
f 6091 6092 6093
f 6094 6095 6096
f 6097 6098 6099
f 6100 6101 6102
f 6103 6104 6105
f 6106 6107 6108
f 6109 6110 6111
f 6112 6113 6114
f 6115 6116 6117
f 6118 6119 6120
f 6121 6122 6123
f 6124 6125 6126
f 6127 6128 6129
f 6130 6131 6132
f 6133 6134 6135
f 6136 6137 6138
f 6139 6140 6141
f 6142 6143 6144
f 6145 6146 6147
f 6148 6149 6150
f 6151 6152 6153
f 6154 6155 6156
f 6157 6158 6159
f 6160 6161 6162
f 6163 6164 6165
f 6166 6167 6168
f 6169 6170 6171
f 6172 6173 6174
f 6175 6176 6177
f 6178 6179 6180
f 6181 6182 6183
f 6184 6185 6186
f 6187 6188 6189
f 6190 6191 6192
f 6193 6194 6195
f 6196 6197 6198
f 6199 6200 6201
f 6202 6203 6204
f 6205 6206 6207
f 6208 6209 6210
f 6211 6212 6213
f 6214 6215 6216
f 6217 6218 6219
f 6220 6221 6222
f 6223 6224 6225
f 6226 6227 6228
f 6229 6230 6231
f 6232 6233 6234
f 6235 6236 6237
f 6238 6239 6240
f 6241 6242 6243
f 6244 6245 6246
f 6247 6248 6249
f 6250 6251 6252
f 6253 6254 6255
f 6256 6257 6258
f 6259 6260 6261
f 6262 6263 6264
f 6265 6266 6267
f 6268 6269 6270
f 6271 6272 6273
f 6274 6275 6276
f 6277 6278 6279
f 6280 6281 6282
f 6283 6284 6285
f 6286 6287 6288
f 6289 6290 6291
f 6292 6293 6294
f 6295 6296 6297
f 6298 6299 6300
f 6301 6302 6303
f 6304 6305 6306
f 6307 6308 6309
f 6310 6311 6312
f 6313 6314 6315
f 6316 6317 6318
f 6319 6320 6321
f 6322 6323 6324
f 6325 6326 6327
f 6328 6329 6330
f 6331 6332 6333
f 6334 6335 6336
f 6337 6338 6339
f 6340 6341 6342
f 6343 6344 6345
f 6346 6347 6348
f 6349 6350 6351
f 6352 6353 6354
f 6355 6356 6357
f 6358 6359 6360
f 6361 6362 6363
f 6364 6365 6366
f 6367 6368 6369
f 6370 6371 6372
f 6373 6374 6375
f 6376 6377 6378
f 6379 6380 6381
f 6382 6383 6384
f 6385 6386 6387
f 6388 6389 6390
f 6391 6392 6393
f 6394 6395 6396
f 6397 6398 6399
f 6400 6401 6402
f 6403 6404 6405
f 6406 6407 6408
f 6409 6410 6411
f 6412 6413 6414
f 6415 6416 6417
f 6418 6419 6420
f 6421 6422 6423
f 6424 6425 6426
f 6427 6428 6429
f 6430 6431 6432
f 6433 6434 6435
f 6436 6437 6438
f 6439 6440 6441
f 6442 6443 6444
f 6445 6446 6447
f 6448 6449 6450
f 6451 6452 6453
f 6454 6455 6456
f 6457 6458 6459
f 6460 6461 6462
f 6463 6464 6465
f 6466 6467 6468
f 6469 6470 6471
f 6472 6473 6474
f 6475 6476 6477
f 6478 6479 6480
f 6481 6482 6483
f 6484 6485 6486
f 6487 6488 6489
f 6490 6491 6492
f 6493 6494 6495
f 6496 6497 6498
f 6499 6500 6501
f 6502 6503 6504
f 6505 6506 6507
f 6508 6509 6510
f 6511 6512 6513
f 6514 6515 6516
f 6517 6518 6519
f 6520 6521 6522
f 6523 6524 6525
f 6526 6527 6528
f 6529 6530 6531
f 6532 6533 6534
f 6535 6536 6537
f 6538 6539 6540
f 6541 6542 6543
f 6544 6545 6546
f 6547 6548 6549
f 6550 6551 6552
f 6553 6554 6555
f 6556 6557 6558
f 6559 6560 6561
f 6562 6563 6564
f 6565 6566 6567
f 6568 6569 6570
f 6571 6572 6573
f 6574 6575 6576
f 6577 6578 6579
f 6580 6581 6582
f 6583 6584 6585
f 6586 6587 6588
f 6589 6590 6591
f 6592 6593 6594
f 6595 6596 6597
f 6598 6599 6600
f 6601 6602 6603
f 6604 6605 6606
f 6607 6608 6609
f 6610 6611 6612
f 6613 6614 6615
f 6616 6617 6618
f 6619 6620 6621
f 6622 6623 6624
f 6625 6626 6627
f 6628 6629 6630
f 6631 6632 6633
f 6634 6635 6636
f 6637 6638 6639
f 6640 6641 6642
f 6643 6644 6645
f 6646 6647 6648
f 6649 6650 6651
f 6652 6653 6654
f 6655 6656 6657
f 6658 6659 6660
f 6661 6662 6663
f 6664 6665 6666
f 6667 6668 6669
f 6670 6671 6672
f 6673 6674 6675
f 6676 6677 6678
f 6679 6680 6681
f 6682 6683 6684
f 6685 6686 6687
f 6688 6689 6690
f 6691 6692 6693
f 6694 6695 6696
f 6697 6698 6699
f 6700 6701 6702
f 6703 6704 6705
f 6706 6707 6708
f 6709 6710 6711
f 6712 6713 6714
f 6715 6716 6717
f 6718 6719 6720
f 6721 6722 6723
f 6724 6725 6726
f 6727 6728 6729
f 6730 6731 6732
f 6733 6734 6735
f 6736 6737 6738
f 6739 6740 6741
f 6742 6743 6744
f 6745 6746 6747
f 6748 6749 6750
f 6751 6752 6753
f 6754 6755 6756
f 6757 6758 6759
f 6760 6761 6762
f 6763 6764 6765
f 6766 6767 6768
f 6769 6770 6771
f 6772 6773 6774
f 6775 6776 6777
f 6778 6779 6780
f 6781 6782 6783
f 6784 6785 6786
f 6787 6788 6789
f 6790 6791 6792
f 6793 6794 6795
f 6796 6797 6798
f 6799 6800 6801
f 6802 6803 6804
f 6805 6806 6807
f 6808 6809 6810
f 6811 6812 6813
f 6814 6815 6816
f 6817 6818 6819
f 6820 6821 6822
f 6823 6824 6825
f 6826 6827 6828
f 6829 6830 6831
f 6832 6833 6834
f 6835 6836 6837
f 6838 6839 6840
f 6841 6842 6843
f 6844 6845 6846
f 6847 6848 6849
f 6850 6851 6852
f 6853 6854 6855
f 6856 6857 6858
f 6859 6860 6861
f 6862 6863 6864
f 6865 6866 6867
f 6868 6869 6870
f 6871 6872 6873
f 6874 6875 6876
f 6877 6878 6879
f 6880 6881 6882
f 6883 6884 6885
f 6886 6887 6888
f 6889 6890 6891
f 6892 6893 6894
f 6895 6896 6897
f 6898 6899 6900
f 6901 6902 6903
f 6904 6905 6906
f 6907 6908 6909
f 6910 6911 6912
f 6913 6914 6915
f 6916 6917 6918
f 6919 6920 6921
f 6922 6923 6924
f 6925 6926 6927
f 6928 6929 6930
f 6931 6932 6933
f 6934 6935 6936
f 6937 6938 6939
f 6940 6941 6942
f 6943 6944 6945
f 6946 6947 6948
f 6949 6950 6951
f 6952 6953 6954
f 6955 6956 6957
f 6958 6959 6960
f 6961 6962 6963
f 6964 6965 6966
f 6967 6968 6969
f 6970 6971 6972
f 6973 6974 6975
f 6976 6977 6978
f 6979 6980 6981
f 6982 6983 6984
f 6985 6986 6987
f 6988 6989 6990
f 6991 6992 6993
f 6994 6995 6996
f 6997 6998 6999
f 7000 7001 7002
f 7003 7004 7005
f 7006 7007 7008
f 7009 7010 7011
f 7012 7013 7014
f 7015 7016 7017
f 7018 7019 7020
f 7021 7022 7023
f 7024 7025 7026
f 7027 7028 7029
f 7030 7031 7032
f 7033 7034 7035
f 7036 7037 7038
f 7039 7040 7041
f 7042 7043 7044
f 7045 7046 7047
f 7048 7049 7050
f 7051 7052 7053
f 7054 7055 7056
f 7057 7058 7059
f 7060 7061 7062
f 7063 7064 7065
f 7066 7067 7068
f 7069 7070 7071
f 7072 7073 7074
f 7075 7076 7077
f 7078 7079 7080
f 7081 7082 7083
f 7084 7085 7086
f 7087 7088 7089
f 7090 7091 7092
f 7093 7094 7095
f 7096 7097 7098
f 7099 7100 7101
f 7102 7103 7104
f 7105 7106 7107
f 7108 7109 7110
f 7111 7112 7113
f 7114 7115 7116
f 7117 7118 7119
f 7120 7121 7122
f 7123 7124 7125
f 7126 7127 7128
f 7129 7130 7131
f 7132 7133 7134
f 7135 7136 7137
f 7138 7139 7140
f 7141 7142 7143
f 7144 7145 7146
f 7147 7148 7149
f 7150 7151 7152
f 7153 7154 7155
f 7156 7157 7158
f 7159 7160 7161
f 7162 7163 7164
f 7165 7166 7167
f 7168 7169 7170
f 7171 7172 7173
f 7174 7175 7176
f 7177 7178 7179
f 7180 7181 7182
f 7183 7184 7185
f 7186 7187 7188
f 7189 7190 7191
f 7192 7193 7194
f 7195 7196 7197
f 7198 7199 7200
f 7201 7202 7203
f 7204 7205 7206
f 7207 7208 7209
f 7210 7211 7212
f 7213 7214 7215
f 7216 7217 7218
f 7219 7220 7221
f 7222 7223 7224
f 7225 7226 7227
f 7228 7229 7230
f 7231 7232 7233
f 7234 7235 7236
f 7237 7238 7239
f 7240 7241 7242
f 7243 7244 7245
f 7246 7247 7248
f 7249 7250 7251
f 7252 7253 7254
f 7255 7256 7257
f 7258 7259 7260
f 7261 7262 7263
f 7264 7265 7266
f 7267 7268 7269
f 7270 7271 7272
f 7273 7274 7275
f 7276 7277 7278
f 7279 7280 7281
f 7282 7283 7284
f 7285 7286 7287
f 7288 7289 7290
f 7291 7292 7293
f 7294 7295 7296
f 7297 7298 7299
f 7300 7301 7302
f 7303 7304 7305
f 7306 7307 7308
f 7309 7310 7311
f 7312 7313 7314
f 7315 7316 7317
f 7318 7319 7320
f 7321 7322 7323
f 7324 7325 7326
f 7327 7328 7329
f 7330 7331 7332
f 7333 7334 7335
f 7336 7337 7338
f 7339 7340 7341
f 7342 7343 7344
f 7345 7346 7347
f 7348 7349 7350
f 7351 7352 7353
f 7354 7355 7356
f 7357 7358 7359
f 7360 7361 7362
f 7363 7364 7365
f 7366 7367 7368
f 7369 7370 7371
f 7372 7373 7374
f 7375 7376 7377
f 7378 7379 7380
f 7381 7382 7383
f 7384 7385 7386
f 7387 7388 7389
f 7390 7391 7392
f 7393 7394 7395
f 7396 7397 7398
f 7399 7400 7401
f 7402 7403 7404
f 7405 7406 7407
f 7408 7409 7410
f 7411 7412 7413
f 7414 7415 7416
f 7417 7418 7419
f 7420 7421 7422
f 7423 7424 7425
f 7426 7427 7428
f 7429 7430 7431
f 7432 7433 7434
f 7435 7436 7437
f 7438 7439 7440
f 7441 7442 7443
f 7444 7445 7446
f 7447 7448 7449
f 7450 7451 7452
f 7453 7454 7455
f 7456 7457 7458
f 7459 7460 7461
f 7462 7463 7464
f 7465 7466 7467
f 7468 7469 7470
f 7471 7472 7473
f 7474 7475 7476
f 7477 7478 7479
f 7480 7481 7482
f 7483 7484 7485
f 7486 7487 7488
f 7489 7490 7491
f 7492 7493 7494
f 7495 7496 7497
f 7498 7499 7500
f 7501 7502 7503
f 7504 7505 7506
f 7507 7508 7509
f 7510 7511 7512
f 7513 7514 7515
f 7516 7517 7518
f 7519 7520 7521
f 7522 7523 7524
f 7525 7526 7527
f 7528 7529 7530
f 7531 7532 7533
f 7534 7535 7536
f 7537 7538 7539
f 7540 7541 7542
f 7543 7544 7545
f 7546 7547 7548
f 7549 7550 7551
f 7552 7553 7554
f 7555 7556 7557
f 7558 7559 7560
f 7561 7562 7563
f 7564 7565 7566
f 7567 7568 7569
f 7570 7571 7572
f 7573 7574 7575
f 7576 7577 7578
f 7579 7580 7581
f 7582 7583 7584
f 7585 7586 7587
f 7588 7589 7590
f 7591 7592 7593
f 7594 7595 7596
f 7597 7598 7599
f 7600 7601 7602
f 7603 7604 7605
f 7606 7607 7608
f 7609 7610 7611
f 7612 7613 7614
f 7615 7616 7617
f 7618 7619 7620
f 7621 7622 7623
f 7624 7625 7626
f 7627 7628 7629
f 7630 7631 7632
f 7633 7634 7635
f 7636 7637 7638
f 7639 7640 7641
f 7642 7643 7644
f 7645 7646 7647
f 7648 7649 7650
f 7651 7652 7653
f 7654 7655 7656
f 7657 7658 7659
f 7660 7661 7662
f 7663 7664 7665
f 7666 7667 7668
f 7669 7670 7671
f 7672 7673 7674
f 7675 7676 7677
f 7678 7679 7680
f 7681 7682 7683
f 7684 7685 7686
f 7687 7688 7689
f 7690 7691 7692
f 7693 7694 7695
f 7696 7697 7698
f 7699 7700 7701
f 7702 7703 7704
f 7705 7706 7707
f 7708 7709 7710
f 7711 7712 7713
f 7714 7715 7716
f 7717 7718 7719
f 7720 7721 7722
f 7723 7724 7725
f 7726 7727 7728
f 7729 7730 7731
f 7732 7733 7734
f 7735 7736 7737
f 7738 7739 7740
f 7741 7742 7743
f 7744 7745 7746
f 7747 7748 7749
f 7750 7751 7752
f 7753 7754 7755
f 7756 7757 7758
f 7759 7760 7761
f 7762 7763 7764
f 7765 7766 7767
f 7768 7769 7770
f 7771 7772 7773
f 7774 7775 7776
f 7777 7778 7779
f 7780 7781 7782
f 7783 7784 7785
f 7786 7787 7788
f 7789 7790 7791
f 7792 7793 7794
f 7795 7796 7797
f 7798 7799 7800
f 7801 7802 7803
f 7804 7805 7806
f 7807 7808 7809
f 7810 7811 7812
f 7813 7814 7815
f 7816 7817 7818
f 7819 7820 7821
f 7822 7823 7824
f 7825 7826 7827
f 7828 7829 7830
f 7831 7832 7833
f 7834 7835 7836
f 7837 7838 7839
f 7840 7841 7842
f 7843 7844 7845
f 7846 7847 7848
f 7849 7850 7851
f 7852 7853 7854
f 7855 7856 7857
f 7858 7859 7860
f 7861 7862 7863
f 7864 7865 7866
f 7867 7868 7869
f 7870 7871 7872
f 7873 7874 7875
f 7876 7877 7878
f 7879 7880 7881
f 7882 7883 7884
f 7885 7886 7887
f 7888 7889 7890
f 7891 7892 7893
f 7894 7895 7896
f 7897 7898 7899
f 7900 7901 7902
f 7903 7904 7905
f 7906 7907 7908
f 7909 7910 7911
f 7912 7913 7914
f 7915 7916 7917
f 7918 7919 7920
f 7921 7922 7923
f 7924 7925 7926
f 7927 7928 7929
f 7930 7931 7932
f 7933 7934 7935
f 7936 7937 7938
f 7939 7940 7941
f 7942 7943 7944
f 7945 7946 7947
f 7948 7949 7950
f 7951 7952 7953
f 7954 7955 7956
f 7957 7958 7959
f 7960 7961 7962
f 7963 7964 7965
f 7966 7967 7968
f 7969 7970 7971
f 7972 7973 7974
f 7975 7976 7977
f 7978 7979 7980
f 7981 7982 7983
f 7984 7985 7986
f 7987 7988 7989
f 7990 7991 7992
f 7993 7994 7995
f 7996 7997 7998
f 7999 8000 8001
f 8002 8003 8004
f 8005 8006 8007
f 8008 8009 8010
f 8011 8012 8013
f 8014 8015 8016
f 8017 8018 8019
f 8020 8021 8022
f 8023 8024 8025
f 8026 8027 8028
f 8029 8030 8031
f 8032 8033 8034
f 8035 8036 8037
f 8038 8039 8040
f 8041 8042 8043
f 8044 8045 8046
f 8047 8048 8049
f 8050 8051 8052
f 8053 8054 8055
f 8056 8057 8058
f 8059 8060 8061
f 8062 8063 8064
f 8065 8066 8067
f 8068 8069 8070
f 8071 8072 8073
f 8074 8075 8076
f 8077 8078 8079
f 8080 8081 8082
f 8083 8084 8085
f 8086 8087 8088
f 8089 8090 8091
f 8092 8093 8094
f 8095 8096 8097
f 8098 8099 8100
f 8101 8102 8103
f 8104 8105 8106
f 8107 8108 8109
f 8110 8111 8112
f 8113 8114 8115
f 8116 8117 8118
f 8119 8120 8121
f 8122 8123 8124
f 8125 8126 8127
f 8128 8129 8130
f 8131 8132 8133
f 8134 8135 8136
f 8137 8138 8139
f 8140 8141 8142
f 8143 8144 8145
f 8146 8147 8148
f 8149 8150 8151
f 8152 8153 8154
f 8155 8156 8157
f 8158 8159 8160
f 8161 8162 8163
f 8164 8165 8166
f 8167 8168 8169
f 8170 8171 8172
f 8173 8174 8175
f 8176 8177 8178
f 8179 8180 8181
f 8182 8183 8184
f 8185 8186 8187
f 8188 8189 8190
f 8191 8192 8193
f 8194 8195 8196
f 8197 8198 8199
f 8200 8201 8202
f 8203 8204 8205
f 8206 8207 8208
f 8209 8210 8211
f 8212 8213 8214
f 8215 8216 8217
f 8218 8219 8220
f 8221 8222 8223
f 8224 8225 8226
f 8227 8228 8229
f 8230 8231 8232
f 8233 8234 8235
f 8236 8237 8238
f 8239 8240 8241
f 8242 8243 8244
f 8245 8246 8247
f 8248 8249 8250
f 8251 8252 8253
f 8254 8255 8256
f 8257 8258 8259
f 8260 8261 8262
f 8263 8264 8265
f 8266 8267 8268
f 8269 8270 8271
f 8272 8273 8274
f 8275 8276 8277
f 8278 8279 8280
f 8281 8282 8283
f 8284 8285 8286
f 8287 8288 8289
f 8290 8291 8292
f 8293 8294 8295
f 8296 8297 8298
f 8299 8300 8301
f 8302 8303 8304
f 8305 8306 8307
f 8308 8309 8310
f 8311 8312 8313
f 8314 8315 8316
f 8317 8318 8319
f 8320 8321 8322
f 8323 8324 8325
f 8326 8327 8328
f 8329 8330 8331
f 8332 8333 8334
f 8335 8336 8337
f 8338 8339 8340
f 8341 8342 8343
f 8344 8345 8346
f 8347 8348 8349
f 8350 8351 8352
f 8353 8354 8355
f 8356 8357 8358
f 8359 8360 8361
f 8362 8363 8364
f 8365 8366 8367
f 8368 8369 8370
f 8371 8372 8373
f 8374 8375 8376
f 8377 8378 8379
f 8380 8381 8382
f 8383 8384 8385
f 8386 8387 8388
f 8389 8390 8391
f 8392 8393 8394
f 8395 8396 8397
f 8398 8399 8400
f 8401 8402 8403
f 8404 8405 8406
f 8407 8408 8409
f 8410 8411 8412
f 8413 8414 8415
f 8416 8417 8418
f 8419 8420 8421
f 8422 8423 8424
f 8425 8426 8427
f 8428 8429 8430
f 8431 8432 8433
f 8434 8435 8436
f 8437 8438 8439
f 8440 8441 8442
f 8443 8444 8445
f 8446 8447 8448
f 8449 8450 8451
f 8452 8453 8454
f 8455 8456 8457
f 8458 8459 8460
f 8461 8462 8463
f 8464 8465 8466
f 8467 8468 8469
f 8470 8471 8472
f 8473 8474 8475
f 8476 8477 8478
f 8479 8480 8481
f 8482 8483 8484
f 8485 8486 8487
f 8488 8489 8490
f 8491 8492 8493
f 8494 8495 8496
f 8497 8498 8499
f 8500 8501 8502
f 8503 8504 8505
f 8506 8507 8508
f 8509 8510 8511
f 8512 8513 8514
f 8515 8516 8517
f 8518 8519 8520
f 8521 8522 8523
f 8524 8525 8526
f 8527 8528 8529
f 8530 8531 8532
f 8533 8534 8535
f 8536 8537 8538
f 8539 8540 8541
f 8542 8543 8544
f 8545 8546 8547
f 8548 8549 8550
f 8551 8552 8553
f 8554 8555 8556
f 8557 8558 8559
f 8560 8561 8562
f 8563 8564 8565
f 8566 8567 8568
f 8569 8570 8571
f 8572 8573 8574
f 8575 8576 8577
f 8578 8579 8580
f 8581 8582 8583
f 8584 8585 8586
f 8587 8588 8589
f 8590 8591 8592
f 8593 8594 8595
f 8596 8597 8598
f 8599 8600 8601
f 8602 8603 8604
f 8605 8606 8607
f 8608 8609 8610
f 8611 8612 8613
f 8614 8615 8616
f 8617 8618 8619
f 8620 8621 8622
f 8623 8624 8625
f 8626 8627 8628
f 8629 8630 8631
f 8632 8633 8634
f 8635 8636 8637
f 8638 8639 8640
f 8641 8642 8643
f 8644 8645 8646
f 8647 8648 8649
f 8650 8651 8652
f 8653 8654 8655
f 8656 8657 8658
f 8659 8660 8661
f 8662 8663 8664
f 8665 8666 8667
f 8668 8669 8670
f 8671 8672 8673
f 8674 8675 8676
f 8677 8678 8679
f 8680 8681 8682
f 8683 8684 8685
f 8686 8687 8688
f 8689 8690 8691
f 8692 8693 8694
f 8695 8696 8697
f 8698 8699 8700
f 8701 8702 8703
f 8704 8705 8706
f 8707 8708 8709
f 8710 8711 8712
f 8713 8714 8715
f 8716 8717 8718
f 8719 8720 8721
f 8722 8723 8724
f 8725 8726 8727
f 8728 8729 8730
f 8731 8732 8733
f 8734 8735 8736
f 8737 8738 8739
f 8740 8741 8742
f 8743 8744 8745
f 8746 8747 8748
f 8749 8750 8751
f 8752 8753 8754
f 8755 8756 8757
f 8758 8759 8760
f 8761 8762 8763
f 8764 8765 8766
f 8767 8768 8769
f 8770 8771 8772
f 8773 8774 8775
f 8776 8777 8778
f 8779 8780 8781
f 8782 8783 8784
f 8785 8786 8787
f 8788 8789 8790
f 8791 8792 8793
f 8794 8795 8796
f 8797 8798 8799
f 8800 8801 8802
f 8803 8804 8805
f 8806 8807 8808
f 8809 8810 8811
f 8812 8813 8814
f 8815 8816 8817
f 8818 8819 8820
f 8821 8822 8823
f 8824 8825 8826
f 8827 8828 8829
f 8830 8831 8832
f 8833 8834 8835
f 8836 8837 8838
f 8839 8840 8841
f 8842 8843 8844
f 8845 8846 8847
f 8848 8849 8850
f 8851 8852 8853
f 8854 8855 8856
f 8857 8858 8859
f 8860 8861 8862
f 8863 8864 8865
f 8866 8867 8868
f 8869 8870 8871
f 8872 8873 8874
f 8875 8876 8877
f 8878 8879 8880
f 8881 8882 8883
f 8884 8885 8886
f 8887 8888 8889
f 8890 8891 8892
f 8893 8894 8895
f 8896 8897 8898
f 8899 8900 8901
f 8902 8903 8904
f 8905 8906 8907
f 8908 8909 8910
f 8911 8912 8913
f 8914 8915 8916
f 8917 8918 8919
f 8920 8921 8922
f 8923 8924 8925
f 8926 8927 8928
f 8929 8930 8931
f 8932 8933 8934
f 8935 8936 8937
f 8938 8939 8940
f 8941 8942 8943
f 8944 8945 8946
f 8947 8948 8949
f 8950 8951 8952
f 8953 8954 8955
f 8956 8957 8958
f 8959 8960 8961
f 8962 8963 8964
f 8965 8966 8967
f 8968 8969 8970
f 8971 8972 8973
f 8974 8975 8976
f 8977 8978 8979
f 8980 8981 8982
f 8983 8984 8985
f 8986 8987 8988
f 8989 8990 8991
f 8992 8993 8994
f 8995 8996 8997
f 8998 8999 9000
f 9001 9002 9003
f 9004 9005 9006
f 9007 9008 9009
f 9010 9011 9012
f 9013 9014 9015
f 9016 9017 9018
f 9019 9020 9021
f 9022 9023 9024
f 9025 9026 9027
f 9028 9029 9030
f 9031 9032 9033
f 9034 9035 9036
f 9037 9038 9039
f 9040 9041 9042
f 9043 9044 9045
f 9046 9047 9048
f 9049 9050 9051
f 9052 9053 9054
f 9055 9056 9057
f 9058 9059 9060
f 9061 9062 9063
f 9064 9065 9066
f 9067 9068 9069
f 9070 9071 9072
f 9073 9074 9075
f 9076 9077 9078
f 9079 9080 9081
f 9082 9083 9084
f 9085 9086 9087
f 9088 9089 9090
f 9091 9092 9093
f 9094 9095 9096
f 9097 9098 9099
f 9100 9101 9102
f 9103 9104 9105
f 9106 9107 9108
f 9109 9110 9111
f 9112 9113 9114
f 9115 9116 9117
f 9118 9119 9120
f 9121 9122 9123
f 9124 9125 9126
f 9127 9128 9129
f 9130 9131 9132
f 9133 9134 9135
f 9136 9137 9138
f 9139 9140 9141
f 9142 9143 9144
f 9145 9146 9147
f 9148 9149 9150
f 9151 9152 9153
f 9154 9155 9156
f 9157 9158 9159
f 9160 9161 9162
f 9163 9164 9165
f 9166 9167 9168
f 9169 9170 9171
f 9172 9173 9174
f 9175 9176 9177
f 9178 9179 9180
f 9181 9182 9183
f 9184 9185 9186
f 9187 9188 9189
f 9190 9191 9192
f 9193 9194 9195
f 9196 9197 9198
f 9199 9200 9201
f 9202 9203 9204
f 9205 9206 9207
f 9208 9209 9210
f 9211 9212 9213
f 9214 9215 9216
f 9217 9218 9219
f 9220 9221 9222
f 9223 9224 9225
f 9226 9227 9228
f 9229 9230 9231
f 9232 9233 9234
f 9235 9236 9237
f 9238 9239 9240
f 9241 9242 9243
f 9244 9245 9246
f 9247 9248 9249
f 9250 9251 9252
f 9253 9254 9255
f 9256 9257 9258
f 9259 9260 9261
f 9262 9263 9264
f 9265 9266 9267
f 9268 9269 9270
f 9271 9272 9273
f 9274 9275 9276
f 9277 9278 9279
f 9280 9281 9282
f 9283 9284 9285
f 9286 9287 9288
f 9289 9290 9291
f 9292 9293 9294
f 9295 9296 9297
f 9298 9299 9300
f 9301 9302 9303
f 9304 9305 9306
f 9307 9308 9309
f 9310 9311 9312
f 9313 9314 9315
f 9316 9317 9318
f 9319 9320 9321
f 9322 9323 9324
f 9325 9326 9327
f 9328 9329 9330
f 9331 9332 9333
f 9334 9335 9336
f 9337 9338 9339
f 9340 9341 9342
f 9343 9344 9345
f 9346 9347 9348
f 9349 9350 9351
f 9352 9353 9354
f 9355 9356 9357
f 9358 9359 9360
f 9361 9362 9363
f 9364 9365 9366
f 9367 9368 9369
f 9370 9371 9372
f 9373 9374 9375
f 9376 9377 9378
f 9379 9380 9381
f 9382 9383 9384
f 9385 9386 9387
f 9388 9389 9390
f 9391 9392 9393
f 9394 9395 9396
f 9397 9398 9399
f 9400 9401 9402
f 9403 9404 9405
f 9406 9407 9408
f 9409 9410 9411
f 9412 9413 9414
f 9415 9416 9417
f 9418 9419 9420
f 9421 9422 9423
f 9424 9425 9426
f 9427 9428 9429
f 9430 9431 9432
f 9433 9434 9435
f 9436 9437 9438
f 9439 9440 9441
f 9442 9443 9444
f 9445 9446 9447
f 9448 9449 9450
f 9451 9452 9453
f 9454 9455 9456
f 9457 9458 9459
f 9460 9461 9462
f 9463 9464 9465
f 9466 9467 9468
f 9469 9470 9471
f 9472 9473 9474
f 9475 9476 9477
f 9478 9479 9480
f 9481 9482 9483
f 9484 9485 9486
f 9487 9488 9489
f 9490 9491 9492
f 9493 9494 9495
f 9496 9497 9498
f 9499 9500 9501
f 9502 9503 9504
f 9505 9506 9507
f 9508 9509 9510
f 9511 9512 9513
f 9514 9515 9516
f 9517 9518 9519
f 9520 9521 9522
f 9523 9524 9525
f 9526 9527 9528
f 9529 9530 9531
f 9532 9533 9534
f 9535 9536 9537
f 9538 9539 9540
f 9541 9542 9543
f 9544 9545 9546
f 9547 9548 9549
f 9550 9551 9552
f 9553 9554 9555
f 9556 9557 9558
f 9559 9560 9561
f 9562 9563 9564
f 9565 9566 9567
f 9568 9569 9570
f 9571 9572 9573
f 9574 9575 9576
f 9577 9578 9579
f 9580 9581 9582
f 9583 9584 9585
f 9586 9587 9588
f 9589 9590 9591
f 9592 9593 9594
f 9595 9596 9597
f 9598 9599 9600
f 9601 9602 9603
f 9604 9605 9606
f 9607 9608 9609
f 9610 9611 9612
f 9613 9614 9615
f 9616 9617 9618
f 9619 9620 9621
f 9622 9623 9624
f 9625 9626 9627
f 9628 9629 9630
f 9631 9632 9633
f 9634 9635 9636
f 9637 9638 9639
f 9640 9641 9642
f 9643 9644 9645
f 9646 9647 9648
f 9649 9650 9651
f 9652 9653 9654
f 9655 9656 9657
f 9658 9659 9660
f 9661 9662 9663
f 9664 9665 9666
f 9667 9668 9669
f 9670 9671 9672
f 9673 9674 9675
f 9676 9677 9678
f 9679 9680 9681
f 9682 9683 9684
f 9685 9686 9687
f 9688 9689 9690
f 9691 9692 9693
f 9694 9695 9696
f 9697 9698 9699
f 9700 9701 9702
f 9703 9704 9705
f 9706 9707 9708
f 9709 9710 9711
f 9712 9713 9714
f 9715 9716 9717
f 9718 9719 9720
f 9721 9722 9723
f 9724 9725 9726
f 9727 9728 9729
f 9730 9731 9732
f 9733 9734 9735
f 9736 9737 9738
f 9739 9740 9741
f 9742 9743 9744
f 9745 9746 9747
f 9748 9749 9750
f 9751 9752 9753
f 9754 9755 9756
f 9757 9758 9759
f 9760 9761 9762
f 9763 9764 9765
f 9766 9767 9768
f 9769 9770 9771
f 9772 9773 9774
f 9775 9776 9777
f 9778 9779 9780
f 9781 9782 9783
f 9784 9785 9786
f 9787 9788 9789
f 9790 9791 9792
f 9793 9794 9795
f 9796 9797 9798
f 9799 9800 9801
f 9802 9803 9804
f 9805 9806 9807
f 9808 9809 9810
f 9811 9812 9813
f 9814 9815 9816
f 9817 9818 9819
f 9820 9821 9822
f 9823 9824 9825
f 9826 9827 9828
f 9829 9830 9831
f 9832 9833 9834
f 9835 9836 9837
f 9838 9839 9840
f 9841 9842 9843
f 9844 9845 9846
f 9847 9848 9849
f 9850 9851 9852
f 9853 9854 9855
f 9856 9857 9858
f 9859 9860 9861
f 9862 9863 9864
f 9865 9866 9867
f 9868 9869 9870
f 9871 9872 9873
f 9874 9875 9876
f 9877 9878 9879
f 9880 9881 9882
f 9883 9884 9885
f 9886 9887 9888
f 9889 9890 9891
f 9892 9893 9894
f 9895 9896 9897
f 9898 9899 9900
f 9901 9902 9903
f 9904 9905 9906
f 9907 9908 9909
f 9910 9911 9912
f 9913 9914 9915
f 9916 9917 9918
f 9919 9920 9921
f 9922 9923 9924
f 9925 9926 9927
f 9928 9929 9930
f 9931 9932 9933
f 9934 9935 9936
f 9937 9938 9939
f 9940 9941 9942
f 9943 9944 9945
f 9946 9947 9948
f 9949 9950 9951
f 9952 9953 9954
f 9955 9956 9957
f 9958 9959 9960
f 9961 9962 9963
f 9964 9965 9966
f 9967 9968 9969
f 9970 9971 9972
f 9973 9974 9975
f 9976 9977 9978
f 9979 9980 9981
f 9982 9983 9984
f 9985 9986 9987
f 9988 9989 9990
f 9991 9992 9993
f 9994 9995 9996
f 9997 9998 9999
f 10000 10001 10002
f 10003 10004 10005
f 10006 10007 10008
f 10009 10010 10011
f 10012 10013 10014
f 10015 10016 10017
f 10018 10019 10020
f 10021 10022 10023
f 10024 10025 10026
f 10027 10028 10029
f 10030 10031 10032
f 10033 10034 10035
f 10036 10037 10038
f 10039 10040 10041
f 10042 10043 10044
f 10045 10046 10047
f 10048 10049 10050
f 10051 10052 10053
f 10054 10055 10056
f 10057 10058 10059
f 10060 10061 10062
f 10063 10064 10065
f 10066 10067 10068
f 10069 10070 10071
f 10072 10073 10074
f 10075 10076 10077
f 10078 10079 10080
f 10081 10082 10083
f 10084 10085 10086
f 10087 10088 10089
f 10090 10091 10092
f 10093 10094 10095
f 10096 10097 10098
f 10099 10100 10101
f 10102 10103 10104
f 10105 10106 10107
f 10108 10109 10110
f 10111 10112 10113
f 10114 10115 10116
f 10117 10118 10119
f 10120 10121 10122
f 10123 10124 10125
f 10126 10127 10128
f 10129 10130 10131
f 10132 10133 10134
f 10135 10136 10137
f 10138 10139 10140
f 10141 10142 10143
f 10144 10145 10146
f 10147 10148 10149
f 10150 10151 10152
f 10153 10154 10155
f 10156 10157 10158
f 10159 10160 10161
f 10162 10163 10164
f 10165 10166 10167
f 10168 10169 10170
f 10171 10172 10173
f 10174 10175 10176
f 10177 10178 10179
f 10180 10181 10182
f 10183 10184 10185
f 10186 10187 10188
f 10189 10190 10191
f 10192 10193 10194
f 10195 10196 10197
f 10198 10199 10200
f 10201 10202 10203
f 10204 10205 10206
f 10207 10208 10209
f 10210 10211 10212
f 10213 10214 10215
f 10216 10217 10218
f 10219 10220 10221
f 10222 10223 10224
f 10225 10226 10227
f 10228 10229 10230
f 10231 10232 10233
f 10234 10235 10236
f 10237 10238 10239
f 10240 10241 10242
f 10243 10244 10245
f 10246 10247 10248
f 10249 10250 10251
f 10252 10253 10254
f 10255 10256 10257
f 10258 10259 10260
f 10261 10262 10263
f 10264 10265 10266
f 10267 10268 10269
f 10270 10271 10272
f 10273 10274 10275
f 10276 10277 10278
f 10279 10280 10281
f 10282 10283 10284
f 10285 10286 10287
f 10288 10289 10290
f 10291 10292 10293
f 10294 10295 10296
f 10297 10298 10299
f 10300 10301 10302
f 10303 10304 10305
f 10306 10307 10308
f 10309 10310 10311
f 10312 10313 10314
f 10315 10316 10317
f 10318 10319 10320
f 10321 10322 10323
f 10324 10325 10326
f 10327 10328 10329
f 10330 10331 10332
f 10333 10334 10335
f 10336 10337 10338
f 10339 10340 10341
f 10342 10343 10344
f 10345 10346 10347
f 10348 10349 10350
f 10351 10352 10353
f 10354 10355 10356
f 10357 10358 10359
f 10360 10361 10362
f 10363 10364 10365
f 10366 10367 10368
f 10369 10370 10371
f 10372 10373 10374
f 10375 10376 10377
f 10378 10379 10380
f 10381 10382 10383
f 10384 10385 10386
f 10387 10388 10389
f 10390 10391 10392
f 10393 10394 10395
f 10396 10397 10398
f 10399 10400 10401
f 10402 10403 10404
f 10405 10406 10407
f 10408 10409 10410
f 10411 10412 10413
f 10414 10415 10416
f 10417 10418 10419
f 10420 10421 10422
f 10423 10424 10425
f 10426 10427 10428
f 10429 10430 10431
f 10432 10433 10434
f 10435 10436 10437
f 10438 10439 10440
f 10441 10442 10443
f 10444 10445 10446
f 10447 10448 10449
f 10450 10451 10452
f 10453 10454 10455
f 10456 10457 10458
f 10459 10460 10461
f 10462 10463 10464
f 10465 10466 10467
f 10468 10469 10470
f 10471 10472 10473
f 10474 10475 10476
f 10477 10478 10479
f 10480 10481 10482
f 10483 10484 10485
f 10486 10487 10488
f 10489 10490 10491
f 10492 10493 10494
f 10495 10496 10497
f 10498 10499 10500
f 10501 10502 10503
f 10504 10505 10506
f 10507 10508 10509
f 10510 10511 10512
f 10513 10514 10515
f 10516 10517 10518
f 10519 10520 10521
f 10522 10523 10524
f 10525 10526 10527
f 10528 10529 10530
f 10531 10532 10533
f 10534 10535 10536
f 10537 10538 10539
f 10540 10541 10542
f 10543 10544 10545
f 10546 10547 10548
f 10549 10550 10551
f 10552 10553 10554
f 10555 10556 10557
f 10558 10559 10560
f 10561 10562 10563
f 10564 10565 10566
f 10567 10568 10569
f 10570 10571 10572
f 10573 10574 10575
f 10576 10577 10578
f 10579 10580 10581
f 10582 10583 10584
f 10585 10586 10587
f 10588 10589 10590
f 10591 10592 10593
f 10594 10595 10596
f 10597 10598 10599
f 10600 10601 10602
f 10603 10604 10605
f 10606 10607 10608
f 10609 10610 10611
f 10612 10613 10614
f 10615 10616 10617
f 10618 10619 10620
f 10621 10622 10623
f 10624 10625 10626
f 10627 10628 10629
f 10630 10631 10632
f 10633 10634 10635
f 10636 10637 10638
f 10639 10640 10641
f 10642 10643 10644
f 10645 10646 10647
f 10648 10649 10650
f 10651 10652 10653
f 10654 10655 10656
f 10657 10658 10659
f 10660 10661 10662
f 10663 10664 10665
f 10666 10667 10668
f 10669 10670 10671
f 10672 10673 10674
f 10675 10676 10677
f 10678 10679 10680
f 10681 10682 10683
f 10684 10685 10686
f 10687 10688 10689
f 10690 10691 10692
f 10693 10694 10695
f 10696 10697 10698
f 10699 10700 10701
f 10702 10703 10704
f 10705 10706 10707
f 10708 10709 10710
f 10711 10712 10713
f 10714 10715 10716
f 10717 10718 10719
f 10720 10721 10722
f 10723 10724 10725
f 10726 10727 10728
f 10729 10730 10731
f 10732 10733 10734
f 10735 10736 10737
f 10738 10739 10740
f 10741 10742 10743
f 10744 10745 10746
f 10747 10748 10749
f 10750 10751 10752
f 10753 10754 10755
f 10756 10757 10758
f 10759 10760 10761
f 10762 10763 10764
f 10765 10766 10767
f 10768 10769 10770
f 10771 10772 10773
f 10774 10775 10776
f 10777 10778 10779
f 10780 10781 10782
f 10783 10784 10785
f 10786 10787 10788
f 10789 10790 10791
f 10792 10793 10794
f 10795 10796 10797
f 10798 10799 10800
f 10801 10802 10803
f 10804 10805 10806
f 10807 10808 10809
f 10810 10811 10812
f 10813 10814 10815
f 10816 10817 10818
f 10819 10820 10821
f 10822 10823 10824
f 10825 10826 10827
f 10828 10829 10830
f 10831 10832 10833
f 10834 10835 10836
f 10837 10838 10839
f 10840 10841 10842
f 10843 10844 10845
f 10846 10847 10848
f 10849 10850 10851
f 10852 10853 10854
f 10855 10856 10857
f 10858 10859 10860
f 10861 10862 10863
f 10864 10865 10866
f 10867 10868 10869
f 10870 10871 10872
f 10873 10874 10875
f 10876 10877 10878
f 10879 10880 10881
f 10882 10883 10884
f 10885 10886 10887
f 10888 10889 10890
f 10891 10892 10893
f 10894 10895 10896
f 10897 10898 10899
f 10900 10901 10902
f 10903 10904 10905
f 10906 10907 10908
f 10909 10910 10911
f 10912 10913 10914
f 10915 10916 10917
f 10918 10919 10920
f 10921 10922 10923
f 10924 10925 10926
f 10927 10928 10929
f 10930 10931 10932
f 10933 10934 10935
f 10936 10937 10938
f 10939 10940 10941
f 10942 10943 10944
f 10945 10946 10947
f 10948 10949 10950
f 10951 10952 10953
f 10954 10955 10956
f 10957 10958 10959
f 10960 10961 10962
f 10963 10964 10965
f 10966 10967 10968
f 10969 10970 10971
f 10972 10973 10974
f 10975 10976 10977
f 10978 10979 10980
f 10981 10982 10983
f 10984 10985 10986
f 10987 10988 10989
f 10990 10991 10992
f 10993 10994 10995
f 10996 10997 10998
f 10999 11000 11001
f 11002 11003 11004
f 11005 11006 11007
f 11008 11009 11010
f 11011 11012 11013
f 11014 11015 11016
f 11017 11018 11019
f 11020 11021 11022
f 11023 11024 11025
f 11026 11027 11028
f 11029 11030 11031
f 11032 11033 11034
f 11035 11036 11037
f 11038 11039 11040
f 11041 11042 11043
f 11044 11045 11046
f 11047 11048 11049
f 11050 11051 11052
f 11053 11054 11055
f 11056 11057 11058
f 11059 11060 11061
f 11062 11063 11064
f 11065 11066 11067
f 11068 11069 11070
f 11071 11072 11073
f 11074 11075 11076
f 11077 11078 11079
f 11080 11081 11082
f 11083 11084 11085
f 11086 11087 11088
f 11089 11090 11091
f 11092 11093 11094
f 11095 11096 11097
f 11098 11099 11100
f 11101 11102 11103
f 11104 11105 11106
f 11107 11108 11109
f 11110 11111 11112
f 11113 11114 11115
f 11116 11117 11118
f 11119 11120 11121
f 11122 11123 11124
f 11125 11126 11127
f 11128 11129 11130
f 11131 11132 11133
f 11134 11135 11136
f 11137 11138 11139
f 11140 11141 11142
f 11143 11144 11145
f 11146 11147 11148
f 11149 11150 11151
f 11152 11153 11154
f 11155 11156 11157
f 11158 11159 11160
f 11161 11162 11163
f 11164 11165 11166
f 11167 11168 11169
f 11170 11171 11172
f 11173 11174 11175
f 11176 11177 11178
f 11179 11180 11181
f 11182 11183 11184
f 11185 11186 11187
f 11188 11189 11190
f 11191 11192 11193
f 11194 11195 11196
f 11197 11198 11199
f 11200 11201 11202
f 11203 11204 11205
f 11206 11207 11208
f 11209 11210 11211
f 11212 11213 11214
f 11215 11216 11217
f 11218 11219 11220
f 11221 11222 11223
f 11224 11225 11226
f 11227 11228 11229
f 11230 11231 11232
f 11233 11234 11235
f 11236 11237 11238
f 11239 11240 11241
f 11242 11243 11244
f 11245 11246 11247
f 11248 11249 11250
f 11251 11252 11253
f 11254 11255 11256
f 11257 11258 11259
f 11260 11261 11262
f 11263 11264 11265
f 11266 11267 11268
f 11269 11270 11271
f 11272 11273 11274
f 11275 11276 11277
f 11278 11279 11280
f 11281 11282 11283
f 11284 11285 11286
f 11287 11288 11289
f 11290 11291 11292
f 11293 11294 11295
f 11296 11297 11298
f 11299 11300 11301
f 11302 11303 11304
f 11305 11306 11307
f 11308 11309 11310
f 11311 11312 11313
f 11314 11315 11316
f 11317 11318 11319
f 11320 11321 11322
f 11323 11324 11325
f 11326 11327 11328
f 11329 11330 11331
f 11332 11333 11334
f 11335 11336 11337
f 11338 11339 11340
f 11341 11342 11343
f 11344 11345 11346
f 11347 11348 11349
f 11350 11351 11352
f 11353 11354 11355
f 11356 11357 11358
f 11359 11360 11361
f 11362 11363 11364
f 11365 11366 11367
f 11368 11369 11370
f 11371 11372 11373
f 11374 11375 11376
f 11377 11378 11379
f 11380 11381 11382
f 11383 11384 11385
f 11386 11387 11388
f 11389 11390 11391
f 11392 11393 11394
f 11395 11396 11397
f 11398 11399 11400
f 11401 11402 11403
f 11404 11405 11406
f 11407 11408 11409
f 11410 11411 11412
f 11413 11414 11415
f 11416 11417 11418
f 11419 11420 11421
f 11422 11423 11424
f 11425 11426 11427
f 11428 11429 11430
f 11431 11432 11433
f 11434 11435 11436
f 11437 11438 11439
f 11440 11441 11442
f 11443 11444 11445
f 11446 11447 11448
f 11449 11450 11451
f 11452 11453 11454
f 11455 11456 11457
f 11458 11459 11460
f 11461 11462 11463
f 11464 11465 11466
f 11467 11468 11469
f 11470 11471 11472
f 11473 11474 11475
f 11476 11477 11478
f 11479 11480 11481
f 11482 11483 11484
f 11485 11486 11487
f 11488 11489 11490
f 11491 11492 11493
f 11494 11495 11496
f 11497 11498 11499
f 11500 11501 11502
f 11503 11504 11505
f 11506 11507 11508
f 11509 11510 11511
f 11512 11513 11514
f 11515 11516 11517
f 11518 11519 11520
f 11521 11522 11523
f 11524 11525 11526
f 11527 11528 11529
f 11530 11531 11532
f 11533 11534 11535
f 11536 11537 11538
f 11539 11540 11541
f 11542 11543 11544
f 11545 11546 11547
f 11548 11549 11550
f 11551 11552 11553
f 11554 11555 11556
f 11557 11558 11559
f 11560 11561 11562
f 11563 11564 11565
f 11566 11567 11568
f 11569 11570 11571
f 11572 11573 11574
f 11575 11576 11577
f 11578 11579 11580
f 11581 11582 11583
f 11584 11585 11586
f 11587 11588 11589
f 11590 11591 11592
f 11593 11594 11595
f 11596 11597 11598
f 11599 11600 11601
f 11602 11603 11604
f 11605 11606 11607
f 11608 11609 11610
f 11611 11612 11613
f 11614 11615 11616
f 11617 11618 11619
f 11620 11621 11622
f 11623 11624 11625
f 11626 11627 11628
f 11629 11630 11631
f 11632 11633 11634
f 11635 11636 11637
f 11638 11639 11640
f 11641 11642 11643
f 11644 11645 11646
f 11647 11648 11649
f 11650 11651 11652
f 11653 11654 11655
f 11656 11657 11658
f 11659 11660 11661
f 11662 11663 11664
f 11665 11666 11667
f 11668 11669 11670
f 11671 11672 11673
f 11674 11675 11676
f 11677 11678 11679
f 11680 11681 11682
f 11683 11684 11685
f 11686 11687 11688
f 11689 11690 11691
f 11692 11693 11694
f 11695 11696 11697
f 11698 11699 11700
f 11701 11702 11703
f 11704 11705 11706
f 11707 11708 11709
f 11710 11711 11712
f 11713 11714 11715
f 11716 11717 11718
f 11719 11720 11721
f 11722 11723 11724
f 11725 11726 11727
f 11728 11729 11730
f 11731 11732 11733
f 11734 11735 11736
f 11737 11738 11739
f 11740 11741 11742
f 11743 11744 11745
f 11746 11747 11748
f 11749 11750 11751
f 11752 11753 11754
f 11755 11756 11757
f 11758 11759 11760
f 11761 11762 11763
f 11764 11765 11766
f 11767 11768 11769
f 11770 11771 11772
f 11773 11774 11775
f 11776 11777 11778
f 11779 11780 11781
f 11782 11783 11784
f 11785 11786 11787
f 11788 11789 11790
f 11791 11792 11793
f 11794 11795 11796
f 11797 11798 11799
f 11800 11801 11802
f 11803 11804 11805
f 11806 11807 11808
f 11809 11810 11811
f 11812 11813 11814
f 11815 11816 11817
f 11818 11819 11820
f 11821 11822 11823
f 11824 11825 11826
f 11827 11828 11829
f 11830 11831 11832
f 11833 11834 11835
f 11836 11837 11838
f 11839 11840 11841
f 11842 11843 11844
f 11845 11846 11847
f 11848 11849 11850
f 11851 11852 11853
f 11854 11855 11856
f 11857 11858 11859
f 11860 11861 11862
f 11863 11864 11865
f 11866 11867 11868
f 11869 11870 11871
f 11872 11873 11874
f 11875 11876 11877
f 11878 11879 11880
f 11881 11882 11883
f 11884 11885 11886
f 11887 11888 11889
f 11890 11891 11892
f 11893 11894 11895
f 11896 11897 11898
f 11899 11900 11901
f 11902 11903 11904
f 11905 11906 11907
f 11908 11909 11910
f 11911 11912 11913
f 11914 11915 11916
f 11917 11918 11919
f 11920 11921 11922
f 11923 11924 11925
f 11926 11927 11928
f 11929 11930 11931
f 11932 11933 11934
f 11935 11936 11937
f 11938 11939 11940
f 11941 11942 11943
f 11944 11945 11946
f 11947 11948 11949
f 11950 11951 11952
f 11953 11954 11955
f 11956 11957 11958
f 11959 11960 11961
f 11962 11963 11964
f 11965 11966 11967
f 11968 11969 11970
f 11971 11972 11973
f 11974 11975 11976
f 11977 11978 11979
f 11980 11981 11982
f 11983 11984 11985
f 11986 11987 11988
f 11989 11990 11991
f 11992 11993 11994
f 11995 11996 11997
f 11998 11999 12000
f 12001 12002 12003
f 12004 12005 12006
f 12007 12008 12009
f 12010 12011 12012
f 12013 12014 12015
f 12016 12017 12018
f 12019 12020 12021
f 12022 12023 12024
f 12025 12026 12027
f 12028 12029 12030
f 12031 12032 12033
f 12034 12035 12036
f 12037 12038 12039
f 12040 12041 12042
f 12043 12044 12045
f 12046 12047 12048
f 12049 12050 12051
f 12052 12053 12054
f 12055 12056 12057
f 12058 12059 12060
f 12061 12062 12063
f 12064 12065 12066
f 12067 12068 12069
f 12070 12071 12072
f 12073 12074 12075
f 12076 12077 12078
f 12079 12080 12081
f 12082 12083 12084
f 12085 12086 12087
f 12088 12089 12090
f 12091 12092 12093
f 12094 12095 12096
f 12097 12098 12099
f 12100 12101 12102
f 12103 12104 12105
f 12106 12107 12108
f 12109 12110 12111
f 12112 12113 12114
f 12115 12116 12117
f 12118 12119 12120
f 12121 12122 12123
f 12124 12125 12126
f 12127 12128 12129
f 12130 12131 12132
f 12133 12134 12135
f 12136 12137 12138
f 12139 12140 12141
f 12142 12143 12144
f 12145 12146 12147
f 12148 12149 12150
f 12151 12152 12153
f 12154 12155 12156
f 12157 12158 12159
f 12160 12161 12162
f 12163 12164 12165
f 12166 12167 12168
f 12169 12170 12171
f 12172 12173 12174
f 12175 12176 12177
f 12178 12179 12180
f 12181 12182 12183
f 12184 12185 12186
f 12187 12188 12189
f 12190 12191 12192
f 12193 12194 12195
f 12196 12197 12198
f 12199 12200 12201
f 12202 12203 12204
f 12205 12206 12207
f 12208 12209 12210
f 12211 12212 12213
f 12214 12215 12216
f 12217 12218 12219
f 12220 12221 12222
f 12223 12224 12225
f 12226 12227 12228
f 12229 12230 12231
f 12232 12233 12234
f 12235 12236 12237
f 12238 12239 12240
f 12241 12242 12243
f 12244 12245 12246
f 12247 12248 12249
f 12250 12251 12252
f 12253 12254 12255
f 12256 12257 12258
f 12259 12260 12261
f 12262 12263 12264
f 12265 12266 12267
f 12268 12269 12270
f 12271 12272 12273
f 12274 12275 12276
f 12277 12278 12279
f 12280 12281 12282
f 12283 12284 12285
f 12286 12287 12288
f 12289 12290 12291
f 12292 12293 12294
f 12295 12296 12297
f 12298 12299 12300
f 12301 12302 12303
f 12304 12305 12306
f 12307 12308 12309
f 12310 12311 12312
f 12313 12314 12315
f 12316 12317 12318
f 12319 12320 12321
f 12322 12323 12324
f 12325 12326 12327
f 12328 12329 12330
f 12331 12332 12333
f 12334 12335 12336
f 12337 12338 12339
f 12340 12341 12342
f 12343 12344 12345
f 12346 12347 12348
f 12349 12350 12351
f 12352 12353 12354
f 12355 12356 12357
f 12358 12359 12360
f 12361 12362 12363
f 12364 12365 12366
f 12367 12368 12369
f 12370 12371 12372
f 12373 12374 12375
f 12376 12377 12378
f 12379 12380 12381
f 12382 12383 12384
f 12385 12386 12387
f 12388 12389 12390
f 12391 12392 12393
f 12394 12395 12396
f 12397 12398 12399
f 12400 12401 12402
f 12403 12404 12405
f 12406 12407 12408
f 12409 12410 12411
f 12412 12413 12414
f 12415 12416 12417
f 12418 12419 12420
f 12421 12422 12423
f 12424 12425 12426
f 12427 12428 12429
f 12430 12431 12432
f 12433 12434 12435
f 12436 12437 12438
f 12439 12440 12441
f 12442 12443 12444
f 12445 12446 12447
f 12448 12449 12450
f 12451 12452 12453
f 12454 12455 12456
f 12457 12458 12459
f 12460 12461 12462
f 12463 12464 12465
f 12466 12467 12468
f 12469 12470 12471
f 12472 12473 12474
f 12475 12476 12477
f 12478 12479 12480
f 12481 12482 12483
f 12484 12485 12486
f 12487 12488 12489
f 12490 12491 12492
f 12493 12494 12495
f 12496 12497 12498
f 12499 12500 12501
f 12502 12503 12504
f 12505 12506 12507
f 12508 12509 12510
f 12511 12512 12513
f 12514 12515 12516
f 12517 12518 12519
f 12520 12521 12522
f 12523 12524 12525
f 12526 12527 12528
f 12529 12530 12531
f 12532 12533 12534
f 12535 12536 12537
f 12538 12539 12540
f 12541 12542 12543
f 12544 12545 12546
f 12547 12548 12549
f 12550 12551 12552
f 12553 12554 12555
f 12556 12557 12558
f 12559 12560 12561
f 12562 12563 12564
f 12565 12566 12567
f 12568 12569 12570
f 12571 12572 12573
f 12574 12575 12576
f 12577 12578 12579
f 12580 12581 12582
f 12583 12584 12585
f 12586 12587 12588
f 12589 12590 12591
f 12592 12593 12594
f 12595 12596 12597
f 12598 12599 12600
f 12601 12602 12603
f 12604 12605 12606
f 12607 12608 12609
f 12610 12611 12612
f 12613 12614 12615
f 12616 12617 12618
f 12619 12620 12621
f 12622 12623 12624
f 12625 12626 12627
f 12628 12629 12630
f 12631 12632 12633
f 12634 12635 12636
f 12637 12638 12639
f 12640 12641 12642
f 12643 12644 12645
f 12646 12647 12648
f 12649 12650 12651
f 12652 12653 12654
f 12655 12656 12657
f 12658 12659 12660
f 12661 12662 12663
f 12664 12665 12666
f 12667 12668 12669
f 12670 12671 12672
f 12673 12674 12675
f 12676 12677 12678
f 12679 12680 12681
f 12682 12683 12684
f 12685 12686 12687
f 12688 12689 12690
f 12691 12692 12693
f 12694 12695 12696
f 12697 12698 12699
f 12700 12701 12702
f 12703 12704 12705
f 12706 12707 12708
f 12709 12710 12711
f 12712 12713 12714
f 12715 12716 12717
f 12718 12719 12720
f 12721 12722 12723
f 12724 12725 12726
f 12727 12728 12729
f 12730 12731 12732
f 12733 12734 12735
f 12736 12737 12738
f 12739 12740 12741
f 12742 12743 12744
f 12745 12746 12747
f 12748 12749 12750
f 12751 12752 12753
f 12754 12755 12756
f 12757 12758 12759
f 12760 12761 12762
f 12763 12764 12765
f 12766 12767 12768
f 12769 12770 12771
f 12772 12773 12774
f 12775 12776 12777
f 12778 12779 12780
f 12781 12782 12783
f 12784 12785 12786
f 12787 12788 12789
f 12790 12791 12792
f 12793 12794 12795
f 12796 12797 12798
f 12799 12800 12801
f 12802 12803 12804
f 12805 12806 12807
f 12808 12809 12810
f 12811 12812 12813
f 12814 12815 12816
f 12817 12818 12819
f 12820 12821 12822
f 12823 12824 12825
f 12826 12827 12828
f 12829 12830 12831
f 12832 12833 12834
f 12835 12836 12837
f 12838 12839 12840
f 12841 12842 12843
f 12844 12845 12846
f 12847 12848 12849
f 12850 12851 12852
f 12853 12854 12855
f 12856 12857 12858
f 12859 12860 12861
f 12862 12863 12864
f 12865 12866 12867
f 12868 12869 12870
f 12871 12872 12873
f 12874 12875 12876
f 12877 12878 12879
f 12880 12881 12882
f 12883 12884 12885
f 12886 12887 12888
f 12889 12890 12891
f 12892 12893 12894
f 12895 12896 12897
f 12898 12899 12900
f 12901 12902 12903
f 12904 12905 12906
f 12907 12908 12909
f 12910 12911 12912
f 12913 12914 12915
f 12916 12917 12918
f 12919 12920 12921
f 12922 12923 12924
f 12925 12926 12927
f 12928 12929 12930
f 12931 12932 12933
f 12934 12935 12936
f 12937 12938 12939
f 12940 12941 12942
f 12943 12944 12945
f 12946 12947 12948
f 12949 12950 12951
f 12952 12953 12954
f 12955 12956 12957
f 12958 12959 12960
f 12961 12962 12963
f 12964 12965 12966
f 12967 12968 12969
f 12970 12971 12972
f 12973 12974 12975
f 12976 12977 12978
f 12979 12980 12981
f 12982 12983 12984
f 12985 12986 12987
f 12988 12989 12990
f 12991 12992 12993
f 12994 12995 12996
f 12997 12998 12999
f 13000 13001 13002
f 13003 13004 13005
f 13006 13007 13008
f 13009 13010 13011
f 13012 13013 13014
f 13015 13016 13017
f 13018 13019 13020
f 13021 13022 13023
f 13024 13025 13026
f 13027 13028 13029
f 13030 13031 13032
f 13033 13034 13035
f 13036 13037 13038
f 13039 13040 13041
f 13042 13043 13044
f 13045 13046 13047
f 13048 13049 13050
f 13051 13052 13053
f 13054 13055 13056
f 13057 13058 13059
f 13060 13061 13062
f 13063 13064 13065
f 13066 13067 13068
f 13069 13070 13071
f 13072 13073 13074
f 13075 13076 13077
f 13078 13079 13080
f 13081 13082 13083
f 13084 13085 13086
f 13087 13088 13089
f 13090 13091 13092
f 13093 13094 13095
f 13096 13097 13098
f 13099 13100 13101
f 13102 13103 13104
f 13105 13106 13107
f 13108 13109 13110
f 13111 13112 13113
f 13114 13115 13116
f 13117 13118 13119
f 13120 13121 13122
f 13123 13124 13125
f 13126 13127 13128
f 13129 13130 13131
f 13132 13133 13134
f 13135 13136 13137
f 13138 13139 13140
f 13141 13142 13143
f 13144 13145 13146
f 13147 13148 13149
f 13150 13151 13152
f 13153 13154 13155
f 13156 13157 13158
f 13159 13160 13161
f 13162 13163 13164
f 13165 13166 13167
f 13168 13169 13170
f 13171 13172 13173
f 13174 13175 13176
f 13177 13178 13179
f 13180 13181 13182
f 13183 13184 13185
f 13186 13187 13188
f 13189 13190 13191
f 13192 13193 13194
f 13195 13196 13197
f 13198 13199 13200
f 13201 13202 13203
f 13204 13205 13206
f 13207 13208 13209
f 13210 13211 13212
f 13213 13214 13215
f 13216 13217 13218
f 13219 13220 13221
f 13222 13223 13224
f 13225 13226 13227
f 13228 13229 13230
f 13231 13232 13233
f 13234 13235 13236
f 13237 13238 13239
f 13240 13241 13242
f 13243 13244 13245
f 13246 13247 13248
f 13249 13250 13251
f 13252 13253 13254
f 13255 13256 13257
f 13258 13259 13260
f 13261 13262 13263
f 13264 13265 13266
f 13267 13268 13269
f 13270 13271 13272
f 13273 13274 13275
f 13276 13277 13278
f 13279 13280 13281
f 13282 13283 13284
f 13285 13286 13287
f 13288 13289 13290
f 13291 13292 13293
f 13294 13295 13296
f 13297 13298 13299
f 13300 13301 13302
f 13303 13304 13305
f 13306 13307 13308
f 13309 13310 13311
f 13312 13313 13314
f 13315 13316 13317
f 13318 13319 13320
f 13321 13322 13323
f 13324 13325 13326
f 13327 13328 13329
f 13330 13331 13332
f 13333 13334 13335
f 13336 13337 13338
f 13339 13340 13341
f 13342 13343 13344
f 13345 13346 13347
f 13348 13349 13350
f 13351 13352 13353
f 13354 13355 13356
f 13357 13358 13359
f 13360 13361 13362
f 13363 13364 13365
f 13366 13367 13368
f 13369 13370 13371
f 13372 13373 13374
f 13375 13376 13377
f 13378 13379 13380
f 13381 13382 13383
f 13384 13385 13386
f 13387 13388 13389
f 13390 13391 13392
f 13393 13394 13395
f 13396 13397 13398
f 13399 13400 13401
f 13402 13403 13404
f 13405 13406 13407
f 13408 13409 13410
f 13411 13412 13413
f 13414 13415 13416
f 13417 13418 13419
f 13420 13421 13422
f 13423 13424 13425
f 13426 13427 13428
f 13429 13430 13431
f 13432 13433 13434
f 13435 13436 13437
f 13438 13439 13440
f 13441 13442 13443
f 13444 13445 13446
f 13447 13448 13449
f 13450 13451 13452
f 13453 13454 13455
f 13456 13457 13458
f 13459 13460 13461
f 13462 13463 13464
f 13465 13466 13467
f 13468 13469 13470
f 13471 13472 13473
f 13474 13475 13476
f 13477 13478 13479
f 13480 13481 13482
f 13483 13484 13485
f 13486 13487 13488
f 13489 13490 13491
f 13492 13493 13494
f 13495 13496 13497
f 13498 13499 13500
f 13501 13502 13503
f 13504 13505 13506
f 13507 13508 13509
f 13510 13511 13512
f 13513 13514 13515
f 13516 13517 13518
f 13519 13520 13521
f 13522 13523 13524
f 13525 13526 13527
f 13528 13529 13530
f 13531 13532 13533
f 13534 13535 13536
f 13537 13538 13539
f 13540 13541 13542
f 13543 13544 13545
f 13546 13547 13548
f 13549 13550 13551
f 13552 13553 13554
f 13555 13556 13557
f 13558 13559 13560
f 13561 13562 13563
f 13564 13565 13566
f 13567 13568 13569
f 13570 13571 13572
f 13573 13574 13575
f 13576 13577 13578
f 13579 13580 13581
f 13582 13583 13584
f 13585 13586 13587
f 13588 13589 13590
f 13591 13592 13593
f 13594 13595 13596
f 13597 13598 13599
f 13600 13601 13602
f 13603 13604 13605
f 13606 13607 13608
f 13609 13610 13611
f 13612 13613 13614
f 13615 13616 13617
f 13618 13619 13620
f 13621 13622 13623
f 13624 13625 13626
f 13627 13628 13629
f 13630 13631 13632
f 13633 13634 13635
f 13636 13637 13638
f 13639 13640 13641
f 13642 13643 13644
f 13645 13646 13647
f 13648 13649 13650
f 13651 13652 13653
f 13654 13655 13656
f 13657 13658 13659
f 13660 13661 13662
f 13663 13664 13665
f 13666 13667 13668
f 13669 13670 13671
f 13672 13673 13674
f 13675 13676 13677
f 13678 13679 13680
f 13681 13682 13683
f 13684 13685 13686
f 13687 13688 13689
f 13690 13691 13692
f 13693 13694 13695
f 13696 13697 13698
f 13699 13700 13701
f 13702 13703 13704
f 13705 13706 13707
f 13708 13709 13710
f 13711 13712 13713
f 13714 13715 13716
f 13717 13718 13719
f 13720 13721 13722
f 13723 13724 13725
f 13726 13727 13728
f 13729 13730 13731
f 13732 13733 13734
f 13735 13736 13737
f 13738 13739 13740
f 13741 13742 13743
f 13744 13745 13746
f 13747 13748 13749
f 13750 13751 13752
f 13753 13754 13755
f 13756 13757 13758
f 13759 13760 13761
f 13762 13763 13764
f 13765 13766 13767
f 13768 13769 13770
f 13771 13772 13773
f 13774 13775 13776
f 13777 13778 13779
f 13780 13781 13782
f 13783 13784 13785
f 13786 13787 13788
f 13789 13790 13791
f 13792 13793 13794
f 13795 13796 13797
f 13798 13799 13800
f 13801 13802 13803
f 13804 13805 13806
f 13807 13808 13809
f 13810 13811 13812
f 13813 13814 13815
f 13816 13817 13818
f 13819 13820 13821
f 13822 13823 13824
f 13825 13826 13827
f 13828 13829 13830
f 13831 13832 13833
f 13834 13835 13836
f 13837 13838 13839
f 13840 13841 13842
f 13843 13844 13845
f 13846 13847 13848
f 13849 13850 13851
f 13852 13853 13854
f 13855 13856 13857
f 13858 13859 13860
f 13861 13862 13863
f 13864 13865 13866
f 13867 13868 13869
f 13870 13871 13872
f 13873 13874 13875
f 13876 13877 13878
f 13879 13880 13881
f 13882 13883 13884
f 13885 13886 13887
f 13888 13889 13890
f 13891 13892 13893
f 13894 13895 13896
f 13897 13898 13899
f 13900 13901 13902
f 13903 13904 13905
f 13906 13907 13908
f 13909 13910 13911
f 13912 13913 13914
f 13915 13916 13917
f 13918 13919 13920
f 13921 13922 13923
f 13924 13925 13926
f 13927 13928 13929
f 13930 13931 13932
f 13933 13934 13935
f 13936 13937 13938
f 13939 13940 13941
f 13942 13943 13944
f 13945 13946 13947
f 13948 13949 13950
f 13951 13952 13953
f 13954 13955 13956
f 13957 13958 13959
f 13960 13961 13962
f 13963 13964 13965
f 13966 13967 13968
f 13969 13970 13971
f 13972 13973 13974
f 13975 13976 13977
f 13978 13979 13980
f 13981 13982 13983
f 13984 13985 13986
f 13987 13988 13989
f 13990 13991 13992
f 13993 13994 13995
f 13996 13997 13998
f 13999 14000 14001
f 14002 14003 14004
f 14005 14006 14007
f 14008 14009 14010
f 14011 14012 14013
f 14014 14015 14016
f 14017 14018 14019
f 14020 14021 14022
f 14023 14024 14025
f 14026 14027 14028
f 14029 14030 14031
f 14032 14033 14034
f 14035 14036 14037
f 14038 14039 14040
f 14041 14042 14043
f 14044 14045 14046
f 14047 14048 14049
f 14050 14051 14052
f 14053 14054 14055
f 14056 14057 14058
f 14059 14060 14061
f 14062 14063 14064
f 14065 14066 14067
f 14068 14069 14070
f 14071 14072 14073
f 14074 14075 14076
f 14077 14078 14079
f 14080 14081 14082
f 14083 14084 14085
f 14086 14087 14088
f 14089 14090 14091
f 14092 14093 14094
f 14095 14096 14097
f 14098 14099 14100
f 14101 14102 14103
f 14104 14105 14106
f 14107 14108 14109
f 14110 14111 14112
f 14113 14114 14115
f 14116 14117 14118
f 14119 14120 14121
f 14122 14123 14124
f 14125 14126 14127
f 14128 14129 14130
f 14131 14132 14133
f 14134 14135 14136
f 14137 14138 14139
f 14140 14141 14142
f 14143 14144 14145
f 14146 14147 14148
f 14149 14150 14151
f 14152 14153 14154
f 14155 14156 14157
f 14158 14159 14160
f 14161 14162 14163
f 14164 14165 14166
f 14167 14168 14169
f 14170 14171 14172
f 14173 14174 14175
f 14176 14177 14178
f 14179 14180 14181
f 14182 14183 14184
f 14185 14186 14187
f 14188 14189 14190
f 14191 14192 14193
f 14194 14195 14196
f 14197 14198 14199
f 14200 14201 14202
f 14203 14204 14205
f 14206 14207 14208
f 14209 14210 14211
f 14212 14213 14214
f 14215 14216 14217
f 14218 14219 14220
f 14221 14222 14223
f 14224 14225 14226
