mtllib Hip_Yaw_Left_visuals.mtl
v 0.03808554634451866 0.025750000029802322 -0.14133866131305695
v 0.039000000804662704 0.025750000029802322 -0.1340000033378601
v 0.038484834134578705 0.025750000029802322 -0.13052113354206085
v 0.038484834134578705 0.025750000029802322 -0.13052113354206085
v 0.039000000804662704 0.025750000029802322 -0.1340000033378601
v 0.03811041638255119 0.025750000029802322 -0.12433020770549774
v 0.038484834134578705 0.025750000029802322 -0.13052113354206085
v 0.03811041638255119 0.025750000029802322 -0.12433020770549774
v 0.03666127100586891 0.025750000029802322 -0.11985094845294952
v 0.03666127100586891 0.025750000029802322 -0.11985094845294952
v 0.03811041638255119 0.025750000029802322 -0.12433020770549774
v 0.03547151759266853 0.025750000029802322 -0.11498502641916275
v 0.03666127100586891 0.025750000029802322 -0.11985094845294952
v 0.03547151759266853 0.025750000029802322 -0.11498502641916275
v 0.03269209712743759 0.025750000029802322 -0.10977999866008759
v 0.03269209712743759 0.025750000029802322 -0.10977999866008759
v 0.03547151759266853 0.025750000029802322 -0.11498502641916275
v 0.0311718937009573 0.025750000029802322 -0.10627816617488861
v 0.03269209712743759 0.025750000029802322 -0.10977999866008759
v 0.0311718937009573 0.025750000029802322 -0.10627816617488861
v 0.026745406910777092 0.025750000029802322 -0.10073482245206833
v 0.026745406910777092 0.025750000029802322 -0.10073482245206833
v 0.0311718937009573 0.025750000029802322 -0.10627816617488861
v 0.025355881080031395 0.025750000029802322 -0.09850191324949265
v 0.026745406910777092 0.025750000029802322 -0.10073482245206833
v 0.025355881080031395 0.025750000029802322 -0.09850191324949265
v 0.019073059782385826 0.025750000029802322 -0.09309849888086319
v 0.019073059782385826 0.025750000029802322 -0.09309849888086319
v 0.025355881080031395 0.025750000029802322 -0.09850191324949265
v 0.018218720331788063 0.025750000029802322 -0.09191729873418808
v 0.019073059782385826 0.025750000029802322 -0.09309849888086319
v 0.018218720331788063 0.025750000029802322 -0.09191729873418808
v 0.009999999776482582 0.025750000029802322 -0.08719444274902344
v 0.009999999776482582 0.025750000029802322 -0.08719444274902344
v 0.018218720331788063 0.025750000029802322 -0.09191729873418808
v 0.009999999776482582 0.025750000029802322 -0.08674537390470505
v -0.039977338165044785 0.025750000029802322 -0.08665606379508972
v -0.040156248956918716 0.025750000029802322 -0.08675753325223923
v -0.039977338165044785 0.025750000029802322 -0.08826228976249695
v -0.039977338165044785 0.025750000029802322 -0.08826228976249695
v -0.040156248956918716 0.025750000029802322 -0.08675753325223923
v -0.041456736624240875 0.025750000029802322 -0.08750131726264954
v -0.039977338165044785 0.025750000029802322 -0.08826228976249695
v -0.041456736624240875 0.025750000029802322 -0.08750131726264954
v -0.04605630040168762 0.025750000029802322 -0.09229684621095657
v -0.04605630040168762 0.025750000029802322 -0.09229684621095657
v -0.041456736624240875 0.025750000029802322 -0.08750131726264954
v -0.05014187470078468 0.025750000029802322 -0.0938781276345253
v -0.04605630040168762 0.025750000029802322 -0.09229684621095657
v -0.05014187470078468 0.025750000029802322 -0.0938781276345253
v -0.053914278745651245 0.025750000029802322 -0.09974201023578644
v -0.053914278745651245 0.025750000029802322 -0.09974201023578644
v -0.05014187470078468 0.025750000029802322 -0.0938781276345253
v -0.05738808959722519 0.025750000029802322 -0.10185232013463974
v -0.053914278745651245 0.025750000029802322 -0.09974201023578644
v -0.05738808959722519 0.025750000029802322 -0.10185232013463974
v -0.06008180230855942 0.025750000029802322 -0.10863807052373886
v -0.06008180230855942 0.025750000029802322 -0.10863807052373886
v -0.05738808959722519 0.025750000029802322 -0.10185232013463974
v -0.0629068911075592 0.025750000029802322 -0.11110641062259674
v -0.06008180230855942 0.025750000029802322 -0.10863807052373886
v -0.0629068911075592 0.025750000029802322 -0.11110641062259674
v -0.06429766118526459 0.025750000029802322 -0.1186082735657692
v -0.06429766118526459 0.025750000029802322 -0.1186082735657692
v -0.0629068911075592 0.025750000029802322 -0.11110641062259674
v -0.06647854298353195 0.025750000029802322 -0.12127197533845901
v -0.06429766118526459 0.025750000029802322 -0.1186082735657692
v -0.06647854298353195 0.025750000029802322 -0.12127197533845901
v -0.06638330221176147 0.025750000029802322 -0.1292303502559662
v -0.06638330221176147 0.025750000029802322 -0.1292303502559662
v -0.06647854298353195 0.025750000029802322 -0.12127197533845901
v -0.06796085834503174 0.025750000029802322 -0.13194428384304047
v -0.06638330221176147 0.025750000029802322 -0.1292303502559662
v -0.06796085834503174 0.025750000029802322 -0.13194428384304047
v -0.06625039875507355 0.025750000029802322 -0.14005441963672638
v -0.06625039875507355 0.025750000029802322 -0.14005441963672638
v -0.06796085834503174 0.025750000029802322 -0.13194428384304047
v -0.06729481369256973 0.025750000029802322 -0.14269843697547913
v -0.06625039875507355 0.025750000029802322 -0.14005441963672638
v -0.06729481369256973 0.025750000029802322 -0.14269843697547913
v -0.06390457600355148 0.025750000029802322 -0.15062208473682404
v -0.06390457600355148 0.025750000029802322 -0.15062208473682404
v -0.06729481369256973 0.025750000029802322 -0.14269843697547913
v -0.06450693309307098 0.025750000029802322 -0.15310627222061157
v -0.06390457600355148 0.025750000029802322 -0.15062208473682404
v -0.06450693309307098 0.025750000029802322 -0.15310627222061157
v -0.059445179998874664 0.025750000029802322 -0.16048575937747955
v -0.059445179998874664 0.025750000029802322 -0.16048575937747955
v -0.06450693309307098 0.025750000029802322 -0.15310627222061157
v -0.059708207845687866 0.025750000029802322 -0.16275343298912048
v -0.059445179998874664 0.025750000029802322 -0.16048575937747955
v -0.059708207845687866 0.025750000029802322 -0.16275343298912048
v -0.05306108668446541 0.025750000029802322 -0.1692277044057846
v -0.05306108668446541 0.025750000029802322 -0.1692277044057846
v -0.059708207845687866 0.025750000029802322 -0.16275343298912048
v -0.0530896931886673 0.025750000029802322 -0.17125581204891205
v -0.05306108668446541 0.025750000029802322 -0.1692277044057846
v -0.0530896931886673 0.025750000029802322 -0.17125581204891205
v -0.04502267390489578 0.025750000029802322 -0.17647768557071686
v -0.04502267390489578 0.025750000029802322 -0.17647768557071686
v -0.0530896931886673 0.025750000029802322 -0.17125581204891205
v -0.044914890080690384 0.025750000029802322 -0.17827492952346802
v -0.04502267390489578 0.025750000029802322 -0.17647768557071686
v -0.044914890080690384 0.025750000029802322 -0.17827492952346802
v -0.03567038103938103 0.025750000029802322 -0.18192864954471588
v -0.03567038103938103 0.025750000029802322 -0.18192864954471588
v -0.044914890080690384 0.025750000029802322 -0.17827492952346802
v -0.03550926595926285 0.025750000029802322 -0.18353131413459778
v -0.03567038103938103 0.025750000029802322 -0.18192864954471588
v -0.03550926595926285 0.025750000029802322 -0.18353131413459778
v -0.025400297716259956 0.025750000029802322 -0.1853497177362442
v -0.025400297716259956 0.025750000029802322 -0.1853497177362442
v -0.03550926595926285 0.025750000029802322 -0.18353131413459778
v -0.02524728886783123 0.025750000029802322 -0.18681570887565613
v -0.025400297716259956 0.025750000029802322 -0.1853497177362442
v -0.02524728886783123 0.025750000029802322 -0.18681570887565613
v -0.014647389762103558 0.025750000029802322 -0.18659602105617523
v -0.014647389762103558 0.025750000029802322 -0.18659602105617523
v -0.02524728886783123 0.025750000029802322 -0.18681570887565613
v -0.014537520706653595 0.025750000029802322 -0.18799732625484467
v -0.014647389762103558 0.025750000029802322 -0.18659602105617523
v -0.014537520706653595 0.025750000029802322 -0.18799732625484467
v -0.003867062274366617 0.025750000029802322 -0.18561476469039917
v -0.003867062274366617 0.025750000029802322 -0.18561476469039917
v -0.014537520706653595 0.025750000029802322 -0.18799732625484467
v -0.003806352149695158 0.025750000029802322 -0.1870291382074356
v -0.003867062274366617 0.025750000029802322 -0.18561476469039917
v -0.003806352149695158 0.025750000029802322 -0.1870291382074356
v 0.006484112236648798 0.025750000029802322 -0.18244750797748566
v 0.006484112236648798 0.025750000029802322 -0.18244750797748566
v -0.003806352149695158 0.025750000029802322 -0.1870291382074356
v 0.006518975365906954 0.025750000029802322 -0.18394969403743744
v 0.006484112236648798 0.025750000029802322 -0.18244750797748566
v 0.006518975365906954 0.025750000029802322 -0.18394969403743744
v 0.01596773974597454 0.025750000029802322 -0.1772284060716629
v 0.01596773974597454 0.025750000029802322 -0.1772284060716629
v 0.006518975365906954 0.025750000029802322 -0.18394969403743744
v 0.01602737419307232 0.025750000029802322 -0.17888158559799194
v 0.01596773974597454 0.025750000029802322 -0.1772284060716629
v 0.01602737419307232 0.025750000029802322 -0.17888158559799194
v 0.024182168766856194 0.025750000029802322 -0.17017847299575806
v 0.024182168766856194 0.025750000029802322 -0.17017847299575806
v 0.01602737419307232 0.025750000029802322 -0.17888158559799194
v 0.02434028871357441 0.025750000029802322 -0.1720266044139862
v 0.024182168766856194 0.025750000029802322 -0.17017847299575806
v 0.02434028871357441 0.025750000029802322 -0.1720266044139862
v 0.030779501423239708 0.025750000029802322 -0.16159631311893463
v 0.030779501423239708 0.025750000029802322 -0.16159631311893463
v 0.02434028871357441 0.025750000029802322 -0.1720266044139862
v 0.031126750633120537 0.025750000029802322 -0.16365765035152435
v 0.030779501423239708 0.025750000029802322 -0.16159631311893463
v 0.031126750633120537 0.025750000029802322 -0.16365765035152435
v 0.0354803241789341 0.025750000029802322 -0.15184538066387177
v 0.0354803241789341 0.025750000029802322 -0.15184538066387177
v 0.031126750633120537 0.025750000029802322 -0.16365765035152435
v 0.036116573959589005 0.025750000029802322 -0.1541079431772232
v 0.0354803241789341 0.025750000029802322 -0.15184538066387177
v 0.036116573959589005 0.025750000029802322 -0.1541079431772232
v 0.03808554634451866 0.025750000029802322 -0.14133866131305695
v 0.03808554634451866 0.025750000029802322 -0.14133866131305695
v 0.036116573959589005 0.025750000029802322 -0.1541079431772232
v 0.03911109268665314 0.025750000029802322 -0.1437576562166214
v 0.03808554634451866 0.025750000029802322 -0.14133866131305695
v 0.03911109268665314 0.025750000029802322 -0.1437576562166214
v 0.039000000804662704 0.025750000029802322 -0.1340000033378601
v 0.039000000804662704 0.025750000029802322 -0.1340000033378601
v 0.03911109268665314 0.025750000029802322 -0.1437576562166214
v 0.04000000283122063 0.025750000029802322 -0.1340000033378601
v -0.040156248956918716 0.030744917690753937 -0.08675753325223923
v -0.040156248956918716 0.025750000029802322 -0.08675753325223923
v -0.040137577801942825 0.03073514625430107 -0.0867471694946289
v -0.040137577801942825 0.03073514625430107 -0.0867471694946289
v -0.040156248956918716 0.025750000029802322 -0.08675753325223923
v -0.039977338165044785 0.025750000029802322 -0.08665606379508972
v -0.038484394550323486 0.025080835446715355 -0.08559489995241165
v -0.03715957701206207 0.028940977528691292 -0.08421600610017776
v -0.03915931284427643 0.0255750585347414 -0.08612596988677979
v -0.03915931284427643 0.0255750585347414 -0.08612596988677979
v -0.03715957701206207 0.028940977528691292 -0.08421600610017776
v -0.038339320570230484 0.02971797063946724 -0.08546784520149231
v -0.03915931284427643 0.0255750585347414 -0.08612596988677979
v -0.038339320570230484 0.02971797063946724 -0.08546784520149231
v -0.039977338165044785 0.025750000029802322 -0.08665606379508972
v -0.039977338165044785 0.025750000029802322 -0.08665606379508972
v -0.038339320570230484 0.02971797063946724 -0.08546784520149231
v -0.03971409425139427 0.030509602278470993 -0.0864977017045021
v -0.039977338165044785 0.025750000029802322 -0.08665606379508972
v -0.03971409425139427 0.030509602278470993 -0.0864977017045021
v -0.040137577801942825 0.03073514625430107 -0.0867471694946289
v -0.03807065635919571 0.024353794753551483 -0.08521893620491028
v -0.03798684850335121 0.023944810032844543 -0.08513744175434113
v -0.03697547689080238 0.024760128930211067 -0.08397609740495682
v -0.03697547689080238 0.024760128930211067 -0.08397609740495682
v -0.03798684850335121 0.023944810032844543 -0.08513744175434113
v -0.03799047693610191 0.023521125316619873 -0.08514101058244705
v -0.03697547689080238 0.024760128930211067 -0.08397609740495682
v -0.03799047693610191 0.023521125316619873 -0.08514101058244705
v -0.03825788199901581 0.02272849529981613 -0.08539430797100067
v -0.03596530109643936 0.02620585821568966 -0.08229544758796692
v -0.03715957701206207 0.028940977528691292 -0.08421600610017776
v -0.03697547689080238 0.024760128930211067 -0.08397609740495682
v -0.03697547689080238 0.024760128930211067 -0.08397609740495682
v -0.03715957701206207 0.028940977528691292 -0.08421600610017776
v -0.038484394550323486 0.025080835446715355 -0.08559489995241165
v -0.03697547689080238 0.024760128930211067 -0.08397609740495682
v -0.038484394550323486 0.025080835446715355 -0.08559489995241165
v -0.03807065635919571 0.024353794753551483 -0.08521893620491028
v -0.03523827716708183 0.02717561088502407 -0.08017890155315399
v -0.035567909479141235 0.027589980512857437 -0.08133093267679214
v -0.03596530109643936 0.02620585821568966 -0.08229544758796692
v -0.03596530109643936 0.02620585821568966 -0.08229544758796692
v -0.035567909479141235 0.027589980512857437 -0.08133093267679214
v -0.036266155540943146 0.02825269103050232 -0.08287924528121948
v -0.03596530109643936 0.02620585821568966 -0.08229544758796692
v -0.036266155540943146 0.02825269103050232 -0.08287924528121948
v -0.03715957701206207 0.028940977528691292 -0.08421600610017776
v -0.03596632182598114 -0.026204459369182587 -0.08229759335517883
v -0.03697547689080238 -0.024760127067565918 -0.08397609740495682
v -0.03715957701206207 -0.02894097939133644 -0.08421600610017776
v -0.03715957701206207 -0.02894097939133644 -0.08421600610017776
v -0.036266155540943146 -0.02825269103050232 -0.08287924528121948
v -0.03596632182598114 -0.026204459369182587 -0.08229759335517883
v -0.03596632182598114 -0.026204459369182587 -0.08229759335517883
v -0.036266155540943146 -0.02825269103050232 -0.08287924528121948
v -0.035567909479141235 -0.027589980512857437 -0.08133093267679214
v -0.03596632182598114 -0.026204459369182587 -0.08229759335517883
v -0.035567909479141235 -0.027589980512857437 -0.08133093267679214
v -0.03523827716708183 -0.02717561274766922 -0.08017890155315399
v -0.03697547689080238 -0.024760127067565918 -0.08397609740495682
v -0.03825788199901581 -0.02272849529981613 -0.08539430797100067
v -0.03799047693610191 -0.023521125316619873 -0.08514101058244705
v -0.03799047693610191 -0.023521125316619873 -0.08514101058244705
v -0.03798690438270569 -0.023945394903421402 -0.0851375013589859
v -0.03697547689080238 -0.024760127067565918 -0.08397609740495682
v -0.03697547689080238 -0.024760127067565918 -0.08397609740495682
v -0.03798690438270569 -0.023945394903421402 -0.0851375013589859
v -0.03807065635919571 -0.024353794753551483 -0.08521893620491028
v -0.03697547689080238 -0.024760127067565918 -0.08397609740495682
v -0.03807065635919571 -0.024353794753551483 -0.08521893620491028
v -0.03715957701206207 -0.02894097939133644 -0.08421600610017776
v -0.03715957701206207 -0.02894097939133644 -0.08421600610017776
v -0.03807065635919571 -0.024353794753551483 -0.08521893620491028
v -0.038484394550323486 -0.025080837309360504 -0.08559489995241165
v -0.03715957701206207 -0.02894097939133644 -0.08421600610017776
v -0.038484394550323486 -0.025080837309360504 -0.08559489995241165
v -0.038339320570230484 -0.02971797063946724 -0.08546784520149231
v -0.038339320570230484 -0.02971797063946724 -0.08546784520149231
v -0.038484394550323486 -0.025080837309360504 -0.08559489995241165
v -0.03915931284427643 -0.025575056672096252 -0.08612596988677979
v -0.038339320570230484 -0.02971797063946724 -0.08546784520149231
v -0.03915931284427643 -0.025575056672096252 -0.08612596988677979
v -0.03971409425139427 -0.030509602278470993 -0.0864977017045021
v -0.03971409425139427 -0.030509602278470993 -0.0864977017045021
v -0.03915931284427643 -0.025575056672096252 -0.08612596988677979
v -0.039977338165044785 -0.025750000029802322 -0.08665606379508972
v -0.03971409425139427 -0.030509602278470993 -0.0864977017045021
v -0.039977338165044785 -0.025750000029802322 -0.08665606379508972
v -0.040137577801942825 -0.03073514625430107 -0.0867471694946289
v -0.040137577801942825 -0.03073514625430107 -0.0867471694946289
v -0.039977338165044785 -0.025750000029802322 -0.08665606379508972
v -0.040156248956918716 -0.025750000029802322 -0.08675753325223923
v -0.040137577801942825 -0.03073514625430107 -0.0867471694946289
v -0.040156248956918716 -0.025750000029802322 -0.08675753325223923
v -0.040156248956918716 -0.030744917690753937 -0.08675753325223923
v 0.019073059782385826 -0.025750000029802322 -0.09309849888086319
v 0.009999999776482582 -0.025750000029802322 -0.08719444274902344
v 0.009999999776482582 -0.025750000029802322 -0.08674537390470505
v 0.009999999776482582 -0.025750000029802322 -0.08674537390470505
v 0.018218720331788063 -0.025750000029802322 -0.09191729873418808
v 0.019073059782385826 -0.025750000029802322 -0.09309849888086319
v 0.019073059782385826 -0.025750000029802322 -0.09309849888086319
v 0.018218720331788063 -0.025750000029802322 -0.09191729873418808
v 0.025355881080031395 -0.025750000029802322 -0.09850191324949265
v 0.019073059782385826 -0.025750000029802322 -0.09309849888086319
v 0.025355881080031395 -0.025750000029802322 -0.09850191324949265
v 0.026745406910777092 -0.025750000029802322 -0.10073482245206833
v 0.026745406910777092 -0.025750000029802322 -0.10073482245206833
v 0.025355881080031395 -0.025750000029802322 -0.09850191324949265
v 0.0311718937009573 -0.025750000029802322 -0.10627816617488861
v 0.026745406910777092 -0.025750000029802322 -0.10073482245206833
v 0.0311718937009573 -0.025750000029802322 -0.10627816617488861
v 0.03269209712743759 -0.025750000029802322 -0.10977999866008759
v 0.03269209712743759 -0.025750000029802322 -0.10977999866008759
v 0.0311718937009573 -0.025750000029802322 -0.10627816617488861
v 0.03547151759266853 -0.025750000029802322 -0.11498502641916275
v 0.03269209712743759 -0.025750000029802322 -0.10977999866008759
v 0.03547151759266853 -0.025750000029802322 -0.11498502641916275
v 0.03666127100586891 -0.025750000029802322 -0.11985094845294952
v 0.03666127100586891 -0.025750000029802322 -0.11985094845294952
v 0.03547151759266853 -0.025750000029802322 -0.11498502641916275
v 0.03811041638255119 -0.025750000029802322 -0.12433020770549774
v 0.03666127100586891 -0.025750000029802322 -0.11985094845294952
v 0.03811041638255119 -0.025750000029802322 -0.12433020770549774
v 0.038484834134578705 -0.025750000029802322 -0.13052113354206085
v 0.038484834134578705 -0.025750000029802322 -0.13052113354206085
v 0.03811041638255119 -0.025750000029802322 -0.12433020770549774
v 0.039000000804662704 -0.025750000029802322 -0.1340000033378601
v 0.038484834134578705 -0.025750000029802322 -0.13052113354206085
v 0.039000000804662704 -0.025750000029802322 -0.1340000033378601
v 0.03808554634451866 -0.025750000029802322 -0.14133866131305695
v -0.06429766118526459 -0.025750000029802322 -0.1186082735657692
v -0.0629068911075592 -0.025750000029802322 -0.11110641062259674
v -0.06008180230855942 -0.025750000029802322 -0.10863807052373886
v -0.06008180230855942 -0.025750000029802322 -0.10863807052373886
v -0.0629068911075592 -0.025750000029802322 -0.11110641062259674
v -0.05738808959722519 -0.025750000029802322 -0.10185232013463974
v -0.06008180230855942 -0.025750000029802322 -0.10863807052373886
v -0.05738808959722519 -0.025750000029802322 -0.10185232013463974
v -0.053914278745651245 -0.025750000029802322 -0.09974201023578644
v -0.053914278745651245 -0.025750000029802322 -0.09974201023578644
v -0.05738808959722519 -0.025750000029802322 -0.10185232013463974
v -0.05014187470078468 -0.025750000029802322 -0.0938781276345253
v -0.053914278745651245 -0.025750000029802322 -0.09974201023578644
v -0.05014187470078468 -0.025750000029802322 -0.0938781276345253
v -0.04605630040168762 -0.025750000029802322 -0.09229684621095657
v -0.04605630040168762 -0.025750000029802322 -0.09229684621095657
v -0.05014187470078468 -0.025750000029802322 -0.0938781276345253
v -0.041456736624240875 -0.025750000029802322 -0.08750131726264954
v -0.04605630040168762 -0.025750000029802322 -0.09229684621095657
v -0.041456736624240875 -0.025750000029802322 -0.08750131726264954
v -0.039977338165044785 -0.025750000029802322 -0.08826228976249695
v -0.039977338165044785 -0.025750000029802322 -0.08826228976249695
v -0.041456736624240875 -0.025750000029802322 -0.08750131726264954
v -0.040156248956918716 -0.025750000029802322 -0.08675753325223923
v -0.039977338165044785 -0.025750000029802322 -0.08826228976249695
v -0.040156248956918716 -0.025750000029802322 -0.08675753325223923
v -0.039977338165044785 -0.025750000029802322 -0.08665606379508972
v 0.039000000804662704 -0.025750000029802322 -0.1340000033378601
v 0.04000000283122063 -0.025750000029802322 -0.1340000033378601
v 0.03808554634451866 -0.025750000029802322 -0.14133866131305695
v 0.03808554634451866 -0.025750000029802322 -0.14133866131305695
v 0.04000000283122063 -0.025750000029802322 -0.1340000033378601
v 0.03911109268665314 -0.025750000029802322 -0.1437576562166214
v 0.03808554634451866 -0.025750000029802322 -0.14133866131305695
v 0.03911109268665314 -0.025750000029802322 -0.1437576562166214
v 0.0354803241789341 -0.025750000029802322 -0.15184538066387177
v 0.0354803241789341 -0.025750000029802322 -0.15184538066387177
v 0.03911109268665314 -0.025750000029802322 -0.1437576562166214
v 0.036116573959589005 -0.025750000029802322 -0.1541079431772232
v 0.0354803241789341 -0.025750000029802322 -0.15184538066387177
v 0.036116573959589005 -0.025750000029802322 -0.1541079431772232
v 0.030779501423239708 -0.025750000029802322 -0.16159631311893463
v 0.030779501423239708 -0.025750000029802322 -0.16159631311893463
v 0.036116573959589005 -0.025750000029802322 -0.1541079431772232
v 0.031126750633120537 -0.025750000029802322 -0.16365765035152435
v 0.030779501423239708 -0.025750000029802322 -0.16159631311893463
v 0.031126750633120537 -0.025750000029802322 -0.16365765035152435
v 0.024182168766856194 -0.025750000029802322 -0.17017847299575806
v 0.024182168766856194 -0.025750000029802322 -0.17017847299575806
v 0.031126750633120537 -0.025750000029802322 -0.16365765035152435
v 0.02434028871357441 -0.025750000029802322 -0.1720266044139862
v 0.024182168766856194 -0.025750000029802322 -0.17017847299575806
v 0.02434028871357441 -0.025750000029802322 -0.1720266044139862
v 0.01596773974597454 -0.025750000029802322 -0.1772284060716629
v 0.01596773974597454 -0.025750000029802322 -0.1772284060716629
v 0.02434028871357441 -0.025750000029802322 -0.1720266044139862
v 0.01602737419307232 -0.025750000029802322 -0.17888158559799194
v 0.01596773974597454 -0.025750000029802322 -0.1772284060716629
v 0.01602737419307232 -0.025750000029802322 -0.17888158559799194
v 0.006484112236648798 -0.025750000029802322 -0.18244750797748566
v 0.006484112236648798 -0.025750000029802322 -0.18244750797748566
v 0.01602737419307232 -0.025750000029802322 -0.17888158559799194
v 0.006518975365906954 -0.025750000029802322 -0.18394969403743744
v 0.006484112236648798 -0.025750000029802322 -0.18244750797748566
v 0.006518975365906954 -0.025750000029802322 -0.18394969403743744
v -0.003867062274366617 -0.025750000029802322 -0.18561476469039917
v -0.003867062274366617 -0.025750000029802322 -0.18561476469039917
v 0.006518975365906954 -0.025750000029802322 -0.18394969403743744
v -0.003806352149695158 -0.025750000029802322 -0.1870291382074356
v -0.003867062274366617 -0.025750000029802322 -0.18561476469039917
v -0.003806352149695158 -0.025750000029802322 -0.1870291382074356
v -0.014647389762103558 -0.025750000029802322 -0.18659602105617523
v -0.014647389762103558 -0.025750000029802322 -0.18659602105617523
v -0.003806352149695158 -0.025750000029802322 -0.1870291382074356
v -0.014537520706653595 -0.025750000029802322 -0.18799732625484467
v -0.014647389762103558 -0.025750000029802322 -0.18659602105617523
v -0.014537520706653595 -0.025750000029802322 -0.18799732625484467
v -0.025400297716259956 -0.025750000029802322 -0.1853497177362442
v -0.025400297716259956 -0.025750000029802322 -0.1853497177362442
v -0.014537520706653595 -0.025750000029802322 -0.18799732625484467
v -0.02524728886783123 -0.025750000029802322 -0.18681570887565613
v -0.025400297716259956 -0.025750000029802322 -0.1853497177362442
v -0.02524728886783123 -0.025750000029802322 -0.18681570887565613
v -0.03567038103938103 -0.025750000029802322 -0.18192864954471588
v -0.03567038103938103 -0.025750000029802322 -0.18192864954471588
v -0.02524728886783123 -0.025750000029802322 -0.18681570887565613
v -0.03550926595926285 -0.025750000029802322 -0.18353131413459778
v -0.03567038103938103 -0.025750000029802322 -0.18192864954471588
v -0.03550926595926285 -0.025750000029802322 -0.18353131413459778
v -0.04502267390489578 -0.025750000029802322 -0.17647768557071686
v -0.04502267390489578 -0.025750000029802322 -0.17647768557071686
v -0.03550926595926285 -0.025750000029802322 -0.18353131413459778
v -0.044914890080690384 -0.025750000029802322 -0.17827492952346802
v -0.04502267390489578 -0.025750000029802322 -0.17647768557071686
v -0.044914890080690384 -0.025750000029802322 -0.17827492952346802
v -0.05306108668446541 -0.025750000029802322 -0.1692277044057846
v -0.05306108668446541 -0.025750000029802322 -0.1692277044057846
v -0.044914890080690384 -0.025750000029802322 -0.17827492952346802
v -0.0530896931886673 -0.025750000029802322 -0.17125581204891205
v -0.05306108668446541 -0.025750000029802322 -0.1692277044057846
v -0.0530896931886673 -0.025750000029802322 -0.17125581204891205
v -0.059445179998874664 -0.025750000029802322 -0.16048575937747955
v -0.059445179998874664 -0.025750000029802322 -0.16048575937747955
v -0.0530896931886673 -0.025750000029802322 -0.17125581204891205
v -0.059708207845687866 -0.025750000029802322 -0.16275343298912048
v -0.059445179998874664 -0.025750000029802322 -0.16048575937747955
v -0.059708207845687866 -0.025750000029802322 -0.16275343298912048
v -0.06390457600355148 -0.025750000029802322 -0.15062208473682404
v -0.06390457600355148 -0.025750000029802322 -0.15062208473682404
v -0.059708207845687866 -0.025750000029802322 -0.16275343298912048
v -0.06450693309307098 -0.025750000029802322 -0.15310627222061157
v -0.06390457600355148 -0.025750000029802322 -0.15062208473682404
v -0.06450693309307098 -0.025750000029802322 -0.15310627222061157
v -0.06625039875507355 -0.025750000029802322 -0.14005441963672638
v -0.06625039875507355 -0.025750000029802322 -0.14005441963672638
v -0.06450693309307098 -0.025750000029802322 -0.15310627222061157
v -0.06729481369256973 -0.025750000029802322 -0.14269843697547913
v -0.06625039875507355 -0.025750000029802322 -0.14005441963672638
v -0.06729481369256973 -0.025750000029802322 -0.14269843697547913
v -0.06638330221176147 -0.025750000029802322 -0.1292303502559662
v -0.06638330221176147 -0.025750000029802322 -0.1292303502559662
v -0.06729481369256973 -0.025750000029802322 -0.14269843697547913
v -0.06796085834503174 -0.025750000029802322 -0.13194428384304047
v -0.06638330221176147 -0.025750000029802322 -0.1292303502559662
v -0.06796085834503174 -0.025750000029802322 -0.13194428384304047
v -0.06429766118526459 -0.025750000029802322 -0.1186082735657692
v -0.06429766118526459 -0.025750000029802322 -0.1186082735657692
v -0.06796085834503174 -0.025750000029802322 -0.13194428384304047
v -0.06647854298353195 -0.025750000029802322 -0.12127197533845901
v -0.06429766118526459 -0.025750000029802322 -0.1186082735657692
v -0.06647854298353195 -0.025750000029802322 -0.12127197533845901
v -0.0629068911075592 -0.025750000029802322 -0.11110641062259674
v -0.04280023276805878 -0.015344470739364624 -0.08998515456914902
v -0.043345704674720764 -0.013617049902677536 -0.09034693986177444
v -0.04605630040168762 -0.025750000029802322 -0.09229684621095657
v -0.03915931284427643 -0.025575056672096252 -0.08780726790428162
v -0.03834351524710655 -0.02490352839231491 -0.08737218379974365
v -0.039977338165044785 -0.025750000029802322 -0.08826228976249695
v -0.039977338165044785 -0.025750000029802322 -0.08826228976249695
v -0.03834351524710655 -0.02490352839231491 -0.08737218379974365
v -0.039195675402879715 -0.023450620472431183 -0.08782708644866943
v -0.039977338165044785 -0.025750000029802322 -0.08826228976249695
v -0.039195675402879715 -0.023450620472431183 -0.08782708644866943
v -0.04605630040168762 -0.025750000029802322 -0.09229684621095657
v -0.04605630040168762 -0.025750000029802322 -0.09229684621095657
v -0.039195675402879715 -0.023450620472431183 -0.08782708644866943
v -0.04119221866130829 -0.019473128020763397 -0.08897397667169571
v -0.04605630040168762 -0.025750000029802322 -0.09229684621095657
v -0.04119221866130829 -0.019473128020763397 -0.08897397667169571
v -0.04280023276805878 -0.015344470739364624 -0.08998515456914902
v -0.043345704674720764 -0.013617049902677536 -0.09034693986177444
v -0.04435732960700989 -0.009536463767290115 -0.09104429930448532
v -0.04605630040168762 -0.025750000029802322 -0.09229684621095657
v -0.04605630040168762 -0.025750000029802322 -0.09229684621095657
v -0.04435732960700989 -0.009536463767290115 -0.09104429930448532
v -0.0450034998357296 -0.00542600080370903 -0.09150832146406174
v -0.04605630040168762 -0.025750000029802322 -0.09229684621095657
v -0.0450034998357296 -0.00542600080370903 -0.09150832146406174
v -0.04529280215501785 -0.0012704115360975266 -0.09172092378139496
v -0.04529280215501785 -0.0012704115360975266 -0.09172092378139496
v -0.04526590183377266 0.0020515751093626022 -0.09170102328062057
v -0.04605630040168762 0.025750000029802322 -0.09229684621095657
v -0.04605630040168762 0.025750000029802322 -0.09229684621095657
v -0.04526590183377266 0.0020515751093626022 -0.09170102328062057
v -0.04492273926734924 0.006097320467233658 -0.09144951403141022
v -0.04492273926734924 0.006097320467233658 -0.09144951403141022
v -0.044724587351083755 0.007489904761314392 -0.09130620956420898
v -0.04605630040168762 0.025750000029802322 -0.09229684621095657
v -0.04605630040168762 0.025750000029802322 -0.09229684621095657
v -0.044724587351083755 0.007489904761314392 -0.09130620956420898
v -0.04390943795442581 0.01153457909822464 -0.09073124080896378
v -0.04605630040168762 0.025750000029802322 -0.09229684621095657
v -0.04390943795442581 0.01153457909822464 -0.09073124080896378
v -0.04274679720401764 0.015502233058214188 -0.08995024114847183
v -0.04033951088786125 0.02128780446946621 -0.08846990019083023
v -0.03834351524710655 0.02490353025496006 -0.08737218379974365
v -0.03915931284427643 0.0255750585347414 -0.08780726790428162
v -0.04274679720401764 0.015502233058214188 -0.08995024114847183
v -0.041229818016290665 0.019388269633054733 -0.08899670094251633
v -0.04605630040168762 0.025750000029802322 -0.09229684621095657
v -0.04605630040168762 0.025750000029802322 -0.09229684621095657
v -0.041229818016290665 0.019388269633054733 -0.08899670094251633
v -0.04033951088786125 0.02128780446946621 -0.08846990019083023
v -0.04605630040168762 0.025750000029802322 -0.09229684621095657
v -0.04033951088786125 0.02128780446946621 -0.08846990019083023
v -0.039977338165044785 0.025750000029802322 -0.08826228976249695
v -0.039977338165044785 0.025750000029802322 -0.08826228976249695
v -0.04033951088786125 0.02128780446946621 -0.08846990019083023
v -0.03915931284427643 0.0255750585347414 -0.08780726790428162
v -0.04529280215501785 -0.0012704115360975266 -0.09172092378139496
v -0.04605630040168762 0.025750000029802322 -0.09229684621095657
v -0.04605630040168762 -0.025750000029802322 -0.09229684621095657
v -0.04605630040168762 -0.025750000029802322 -0.09229684621095657
v -0.04605630040168762 0.025750000029802322 -0.09229684621095657
v -0.053914278745651245 0.025750000029802322 -0.09974201023578644
v -0.04605630040168762 -0.025750000029802322 -0.09229684621095657
v -0.053914278745651245 0.025750000029802322 -0.09974201023578644
v -0.053914278745651245 -0.025750000029802322 -0.09974201023578644
v -0.053914278745651245 -0.025750000029802322 -0.09974201023578644
v -0.053914278745651245 0.025750000029802322 -0.09974201023578644
v -0.06008180230855942 0.025750000029802322 -0.10863807052373886
v -0.053914278745651245 -0.025750000029802322 -0.09974201023578644
v -0.06008180230855942 0.025750000029802322 -0.10863807052373886
v -0.06008180230855942 -0.025750000029802322 -0.10863807052373886
v -0.06008180230855942 -0.025750000029802322 -0.10863807052373886
v -0.06008180230855942 0.025750000029802322 -0.10863807052373886
v -0.06429766118526459 0.025750000029802322 -0.1186082735657692
v -0.06008180230855942 -0.025750000029802322 -0.10863807052373886
v -0.06429766118526459 0.025750000029802322 -0.1186082735657692
v -0.06429766118526459 -0.025750000029802322 -0.1186082735657692
v -0.06429766118526459 -0.025750000029802322 -0.1186082735657692
v -0.06429766118526459 0.025750000029802322 -0.1186082735657692
v -0.06638330221176147 0.025750000029802322 -0.1292303502559662
v -0.06429766118526459 -0.025750000029802322 -0.1186082735657692
v -0.06638330221176147 0.025750000029802322 -0.1292303502559662
v -0.06638330221176147 -0.025750000029802322 -0.1292303502559662
v -0.06638330221176147 -0.025750000029802322 -0.1292303502559662
v -0.06638330221176147 0.025750000029802322 -0.1292303502559662
v -0.06625039875507355 0.025750000029802322 -0.14005441963672638
v -0.06638330221176147 -0.025750000029802322 -0.1292303502559662
v -0.06625039875507355 0.025750000029802322 -0.14005441963672638
v -0.06625039875507355 -0.025750000029802322 -0.14005441963672638
v -0.06625039875507355 -0.025750000029802322 -0.14005441963672638
v -0.06625039875507355 0.025750000029802322 -0.14005441963672638
v -0.06390457600355148 0.025750000029802322 -0.15062208473682404
v -0.06625039875507355 -0.025750000029802322 -0.14005441963672638
v -0.06390457600355148 0.025750000029802322 -0.15062208473682404
v -0.06390457600355148 -0.025750000029802322 -0.15062208473682404
v -0.06390457600355148 -0.025750000029802322 -0.15062208473682404
v -0.06390457600355148 0.025750000029802322 -0.15062208473682404
v -0.059445179998874664 0.025750000029802322 -0.16048575937747955
v -0.06390457600355148 -0.025750000029802322 -0.15062208473682404
v -0.059445179998874664 0.025750000029802322 -0.16048575937747955
v -0.059445179998874664 -0.025750000029802322 -0.16048575937747955
v -0.059445179998874664 -0.025750000029802322 -0.16048575937747955
v -0.059445179998874664 0.025750000029802322 -0.16048575937747955
v -0.05306108668446541 0.025750000029802322 -0.1692277044057846
v -0.059445179998874664 -0.025750000029802322 -0.16048575937747955
v -0.05306108668446541 0.025750000029802322 -0.1692277044057846
v -0.05306108668446541 -0.025750000029802322 -0.1692277044057846
v -0.05306108668446541 -0.025750000029802322 -0.1692277044057846
v -0.05306108668446541 0.025750000029802322 -0.1692277044057846
v -0.04502267390489578 0.025750000029802322 -0.17647768557071686
v -0.05306108668446541 -0.025750000029802322 -0.1692277044057846
v -0.04502267390489578 0.025750000029802322 -0.17647768557071686
v -0.04502267390489578 -0.025750000029802322 -0.17647768557071686
v -0.04502267390489578 -0.025750000029802322 -0.17647768557071686
v -0.04502267390489578 0.025750000029802322 -0.17647768557071686
v -0.03567038103938103 0.025750000029802322 -0.18192864954471588
v -0.04502267390489578 -0.025750000029802322 -0.17647768557071686
v -0.03567038103938103 0.025750000029802322 -0.18192864954471588
v -0.03567038103938103 -0.025750000029802322 -0.18192864954471588
v -0.03567038103938103 -0.025750000029802322 -0.18192864954471588
v -0.03567038103938103 0.025750000029802322 -0.18192864954471588
v -0.025400297716259956 0.025750000029802322 -0.1853497177362442
v -0.03567038103938103 -0.025750000029802322 -0.18192864954471588
v -0.025400297716259956 0.025750000029802322 -0.1853497177362442
v -0.025400297716259956 -0.025750000029802322 -0.1853497177362442
v -0.025400297716259956 -0.025750000029802322 -0.1853497177362442
v -0.025400297716259956 0.025750000029802322 -0.1853497177362442
v -0.014647389762103558 0.025750000029802322 -0.18659602105617523
v -0.025400297716259956 -0.025750000029802322 -0.1853497177362442
v -0.014647389762103558 0.025750000029802322 -0.18659602105617523
v -0.014647389762103558 -0.025750000029802322 -0.18659602105617523
v -0.014647389762103558 -0.025750000029802322 -0.18659602105617523
v -0.014647389762103558 0.025750000029802322 -0.18659602105617523
v -0.003867062274366617 0.025750000029802322 -0.18561476469039917
v -0.014647389762103558 -0.025750000029802322 -0.18659602105617523
v -0.003867062274366617 0.025750000029802322 -0.18561476469039917
v -0.003867062274366617 -0.025750000029802322 -0.18561476469039917
v -0.003867062274366617 -0.025750000029802322 -0.18561476469039917
v -0.003867062274366617 0.025750000029802322 -0.18561476469039917
v 0.006484112236648798 0.025750000029802322 -0.18244750797748566
v -0.003867062274366617 -0.025750000029802322 -0.18561476469039917
v 0.006484112236648798 0.025750000029802322 -0.18244750797748566
v 0.006484112236648798 -0.025750000029802322 -0.18244750797748566
v 0.006484112236648798 -0.025750000029802322 -0.18244750797748566
v 0.006484112236648798 0.025750000029802322 -0.18244750797748566
v 0.01596773974597454 0.025750000029802322 -0.1772284060716629
v 0.006484112236648798 -0.025750000029802322 -0.18244750797748566
v 0.01596773974597454 0.025750000029802322 -0.1772284060716629
v 0.01596773974597454 -0.025750000029802322 -0.1772284060716629
v 0.01596773974597454 -0.025750000029802322 -0.1772284060716629
v 0.01596773974597454 0.025750000029802322 -0.1772284060716629
v 0.024182168766856194 0.025750000029802322 -0.17017847299575806
v 0.01596773974597454 -0.025750000029802322 -0.1772284060716629
v 0.024182168766856194 0.025750000029802322 -0.17017847299575806
v 0.024182168766856194 -0.025750000029802322 -0.17017847299575806
v 0.024182168766856194 -0.025750000029802322 -0.17017847299575806
v 0.024182168766856194 0.025750000029802322 -0.17017847299575806
v 0.030779501423239708 0.025750000029802322 -0.16159631311893463
v 0.024182168766856194 -0.025750000029802322 -0.17017847299575806
v 0.030779501423239708 0.025750000029802322 -0.16159631311893463
v 0.030779501423239708 -0.025750000029802322 -0.16159631311893463
v 0.030779501423239708 -0.025750000029802322 -0.16159631311893463
v 0.030779501423239708 0.025750000029802322 -0.16159631311893463
v 0.0354803241789341 0.025750000029802322 -0.15184538066387177
v 0.030779501423239708 -0.025750000029802322 -0.16159631311893463
v 0.0354803241789341 0.025750000029802322 -0.15184538066387177
v 0.0354803241789341 -0.025750000029802322 -0.15184538066387177
v 0.0354803241789341 -0.025750000029802322 -0.15184538066387177
v 0.0354803241789341 0.025750000029802322 -0.15184538066387177
v 0.03808554634451866 0.025750000029802322 -0.14133866131305695
v 0.0354803241789341 -0.025750000029802322 -0.15184538066387177
v 0.03808554634451866 0.025750000029802322 -0.14133866131305695
v 0.03808554634451866 -0.025750000029802322 -0.14133866131305695
v 0.03808554634451866 -0.025750000029802322 -0.14133866131305695
v 0.03808554634451866 0.025750000029802322 -0.14133866131305695
v 0.038484834134578705 0.025750000029802322 -0.13052113354206085
v 0.03808554634451866 -0.025750000029802322 -0.14133866131305695
v 0.038484834134578705 0.025750000029802322 -0.13052113354206085
v 0.038484834134578705 -0.025750000029802322 -0.13052113354206085
v 0.038484834134578705 -0.025750000029802322 -0.13052113354206085
v 0.038484834134578705 0.025750000029802322 -0.13052113354206085
v 0.03666127100586891 0.025750000029802322 -0.11985094845294952
v 0.038484834134578705 -0.025750000029802322 -0.13052113354206085
v 0.03666127100586891 0.025750000029802322 -0.11985094845294952
v 0.03666127100586891 -0.025750000029802322 -0.11985094845294952
v 0.03666127100586891 -0.025750000029802322 -0.11985094845294952
v 0.03666127100586891 0.025750000029802322 -0.11985094845294952
v 0.03269209712743759 0.025750000029802322 -0.10977999866008759
v 0.03666127100586891 -0.025750000029802322 -0.11985094845294952
v 0.03269209712743759 0.025750000029802322 -0.10977999866008759
v 0.03269209712743759 -0.025750000029802322 -0.10977999866008759
v 0.03269209712743759 -0.025750000029802322 -0.10977999866008759
v 0.03269209712743759 0.025750000029802322 -0.10977999866008759
v 0.026745406910777092 0.025750000029802322 -0.10073482245206833
v 0.03269209712743759 -0.025750000029802322 -0.10977999866008759
v 0.026745406910777092 0.025750000029802322 -0.10073482245206833
v 0.026745406910777092 -0.025750000029802322 -0.10073482245206833
v 0.026745406910777092 -0.025750000029802322 -0.10073482245206833
v 0.026745406910777092 0.025750000029802322 -0.10073482245206833
v 0.019073059782385826 0.025750000029802322 -0.09309849888086319
v 0.026745406910777092 -0.025750000029802322 -0.10073482245206833
v 0.019073059782385826 0.025750000029802322 -0.09309849888086319
v 0.019073059782385826 -0.025750000029802322 -0.09309849888086319
v 0.019073059782385826 -0.025750000029802322 -0.09309849888086319
v 0.019073059782385826 0.025750000029802322 -0.09309849888086319
v 0.009999999776482582 0.025750000029802322 -0.08719444274902344
v 0.019073059782385826 -0.025750000029802322 -0.09309849888086319
v 0.009999999776482582 0.025750000029802322 -0.08719444274902344
v 0.009999999776482582 -0.025750000029802322 -0.08719444274902344
v 0.03820101171731949 -0.04219910129904747 -0.1340000033378601
v 0.037922412157058716 -0.04230493679642677 -0.1340000033378601
v 0.03781701624393463 -0.04226457700133324 -0.13879448175430298
v 0.03781701624393463 -0.04226457700133324 -0.13879448175430298
v 0.037922412157058716 -0.04230493679642677 -0.1340000033378601
v 0.03700000047683716 -0.04244999960064888 -0.1340000033378601
v 0.039344534277915955 -0.04132230952382088 -0.1340000033378601
v 0.03915557265281677 -0.04153650626540184 -0.1340000033378601
v 0.0388953797519207 -0.041571322828531265 -0.13889425992965698
v 0.0388953797519207 -0.041571322828531265 -0.13889425992965698
v 0.03915557265281677 -0.04153650626540184 -0.1340000033378601
v 0.03894755616784096 -0.04173224791884422 -0.1340000033378601
v 0.0388953797519207 -0.041571322828531265 -0.13889425992965698
v 0.03894755616784096 -0.04173224791884422 -0.1340000033378601
v 0.03846795856952667 -0.04206660017371178 -0.1340000033378601
v 0.039879653602838516 -0.040290672332048416 -0.1340000033378601
v 0.03978903591632843 -0.040555115789175034 -0.1340000033378601
v 0.03958568349480629 -0.040488351136446 -0.1389581263065338
v 0.03958568349480629 -0.040488351136446 -0.1389581263065338
v 0.03978903591632843 -0.040555115789175034 -0.1340000033378601
v 0.03967525064945221 -0.04081062600016594 -0.1340000033378601
v 0.036116573959589005 -0.03945000097155571 -0.1541079431772232
v 0.03679994121193886 -0.03945000097155571 -0.1523130089044571
v 0.03662550449371338 -0.040488351136446 -0.15225012600421906
v 0.03662550449371338 -0.040488351136446 -0.15225012600421906
v 0.03679994121193886 -0.03945000097155571 -0.1523130089044571
v 0.03870872035622597 -0.03945000097155571 -0.14573843777179718
v 0.03662550449371338 -0.040488351136446 -0.15225012600421906
v 0.03870872035622597 -0.03945000097155571 -0.14573843777179718
v 0.038527727127075195 -0.040488351136446 -0.14569813013076782
v 0.038527727127075195 -0.040488351136446 -0.14569813013076782
v 0.03870872035622597 -0.03945000097155571 -0.14573843777179718
v 0.03911109268665314 -0.03945000097155571 -0.1437576562166214
v 0.038527727127075195 -0.040488351136446 -0.14569813013076782
v 0.03911109268665314 -0.03945000097155571 -0.1437576562166214
v 0.03958568349480629 -0.040488351136446 -0.1389581263065338
v 0.03958568349480629 -0.040488351136446 -0.1389581263065338
v 0.03911109268665314 -0.03945000097155571 -0.1437576562166214
v 0.03977032005786896 -0.03945000097155571 -0.13897521793842316
v 0.03958568349480629 -0.040488351136446 -0.1389581263065338
v 0.03977032005786896 -0.03945000097155571 -0.13897521793842316
v 0.039879653602838516 -0.040290672332048416 -0.1340000033378601
v 0.039879653602838516 -0.040290672332048416 -0.1340000033378601
v 0.03977032005786896 -0.03945000097155571 -0.13897521793842316
v 0.03999968618154526 -0.039449598640203476 -0.1340000033378601
v 0.03042362816631794 -0.040488351136446 -0.1643735021352768
v 0.027588801458477974 -0.04087826982140541 -0.16787369549274445
v 0.027696071192622185 -0.04008553549647331 -0.16820655763149261
v 0.036116573959589005 -0.03945000097155571 -0.1541079431772232
v 0.03662550449371338 -0.040488351136446 -0.15225012600421906
v 0.03407466784119606 -0.03945000097155571 -0.15859322249889374
v 0.03407466784119606 -0.03945000097155571 -0.15859322249889374
v 0.03662550449371338 -0.040488351136446 -0.15225012600421906
v 0.03390958905220032 -0.040488351136446 -0.1585087776184082
v 0.03407466784119606 -0.03945000097155571 -0.15859322249889374
v 0.03390958905220032 -0.040488351136446 -0.1585087776184082
v 0.031126750633120537 -0.03945000097155571 -0.16365765035152435
v 0.031126750633120537 -0.03945000097155571 -0.16365765035152435
v 0.03390958905220032 -0.040488351136446 -0.1585087776184082
v 0.03042362816631794 -0.040488351136446 -0.1643735021352768
v 0.031126750633120537 -0.03945000097155571 -0.16365765035152435
v 0.03042362816631794 -0.040488351136446 -0.1643735021352768
v 0.03057669661939144 -0.03945000097155571 -0.1644781529903412
v 0.03057669661939144 -0.03945000097155571 -0.1644781529903412
v 0.03042362816631794 -0.040488351136446 -0.1643735021352768
v 0.027696071192622185 -0.04008553549647331 -0.16820655763149261
v 0.03057669661939144 -0.03945000097155571 -0.1644781529903412
v 0.027696071192622185 -0.04008553549647331 -0.16820655763149261
v 0.02772088162600994 -0.03945000097155571 -0.1682836413383484
v 0.02985135279595852 -0.041571322828531265 -0.16398222744464874
v 0.027379879727959633 -0.041622091084718704 -0.1672273576259613
v 0.027588801458477974 -0.04087826982140541 -0.16787369549274445
v 0.028100213035941124 -0.04244999960064888 -0.16278493404388428
v 0.026606285944581032 -0.04244999960064888 -0.16485659778118134
v 0.027043888345360756 -0.042215269058942795 -0.16619332134723663
v 0.03700000047683716 -0.04244999960064888 -0.1340000033378601
v 0.03678308054804802 -0.04244999960064888 -0.13869881629943848
v 0.03781701624393463 -0.04226457700133324 -0.13879448175430298
v 0.03781701624393463 -0.04226457700133324 -0.13879448175430298
v 0.03678308054804802 -0.04244999960064888 -0.13869881629943848
v 0.03578045591711998 -0.04244999960064888 -0.14508630335330963
v 0.03781701624393463 -0.04226457700133324 -0.13879448175430298
v 0.03578045591711998 -0.04244999960064888 -0.14508630335330963
v 0.03679398074746132 -0.04226457700133324 -0.14531202614307404
v 0.03679398074746132 -0.04226457700133324 -0.14531202614307404
v 0.03578045591711998 -0.04244999960064888 -0.14508630335330963
v 0.033977724611759186 -0.04244999960064888 -0.15129561722278595
v 0.03679398074746132 -0.04226457700133324 -0.14531202614307404
v 0.033977724611759186 -0.04244999960064888 -0.15129561722278595
v 0.03495454043149948 -0.04226457700133324 -0.15164774656295776
v 0.03495454043149948 -0.04226457700133324 -0.15164774656295776
v 0.033977724611759186 -0.04244999960064888 -0.15129561722278595
v 0.03140385076403618 -0.04244999960064888 -0.15722693502902985
v 0.03495454043149948 -0.04226457700133324 -0.15164774656295776
v 0.03140385076403618 -0.04244999960064888 -0.15722693502902985
v 0.03232826665043831 -0.04226457700133324 -0.1576998233795166
v 0.03232826665043831 -0.04226457700133324 -0.1576998233795166
v 0.03140385076403618 -0.04244999960064888 -0.15722693502902985
v 0.028100213035941124 -0.04244999960064888 -0.16278493404388428
v 0.03232826665043831 -0.04226457700133324 -0.1576998233795166
v 0.028100213035941124 -0.04244999960064888 -0.16278493404388428
v 0.028957365080714226 -0.04226457700133324 -0.1633709818124771
v 0.028957365080714226 -0.04226457700133324 -0.1633709818124771
v 0.028100213035941124 -0.04244999960064888 -0.16278493404388428
v 0.027043888345360756 -0.042215269058942795 -0.16619332134723663
v 0.028957365080714226 -0.04226457700133324 -0.1633709818124771
v 0.027043888345360756 -0.042215269058942795 -0.16619332134723663
v 0.027379879727959633 -0.041622091084718704 -0.1672273576259613
v 0.027379879727959633 -0.041622091084718704 -0.1672273576259613
v 0.02985135279595852 -0.041571322828531265 -0.16398222744464874
v 0.028957365080714226 -0.04226457700133324 -0.1633709818124771
v 0.028957365080714226 -0.04226457700133324 -0.1633709818124771
v 0.02985135279595852 -0.041571322828531265 -0.16398222744464874
v 0.03329240530729294 -0.041571322828531265 -0.15819305181503296
v 0.028957365080714226 -0.04226457700133324 -0.1633709818124771
v 0.03329240530729294 -0.041571322828531265 -0.15819305181503296
v 0.03232826665043831 -0.04226457700133324 -0.1576998233795166
v 0.03232826665043831 -0.04226457700133324 -0.1576998233795166
v 0.03329240530729294 -0.041571322828531265 -0.15819305181503296
v 0.035973332822322845 -0.041571322828531265 -0.15201501548290253
v 0.03232826665043831 -0.04226457700133324 -0.1576998233795166
v 0.035973332822322845 -0.041571322828531265 -0.15201501548290253
v 0.03495454043149948 -0.04226457700133324 -0.15164774656295776
v 0.03495454043149948 -0.04226457700133324 -0.15164774656295776
v 0.035973332822322845 -0.041571322828531265 -0.15201501548290253
v 0.03785105049610138 -0.041571322828531265 -0.14554743468761444
v 0.03495454043149948 -0.04226457700133324 -0.15164774656295776
v 0.03785105049610138 -0.041571322828531265 -0.14554743468761444
v 0.03679398074746132 -0.04226457700133324 -0.14531202614307404
v 0.03679398074746132 -0.04226457700133324 -0.14531202614307404
v 0.03785105049610138 -0.041571322828531265 -0.14554743468761444
v 0.0388953797519207 -0.041571322828531265 -0.13889425992965698
v 0.03679398074746132 -0.04226457700133324 -0.14531202614307404
v 0.0388953797519207 -0.041571322828531265 -0.13889425992965698
v 0.03781701624393463 -0.04226457700133324 -0.13879448175430298
v 0.03781701624393463 -0.04226457700133324 -0.13879448175430298
v 0.0388953797519207 -0.041571322828531265 -0.13889425992965698
v 0.03846795856952667 -0.04206660017371178 -0.1340000033378601
v 0.03781701624393463 -0.04226457700133324 -0.13879448175430298
v 0.03846795856952667 -0.04206660017371178 -0.1340000033378601
v 0.03820101171731949 -0.04219910129904747 -0.1340000033378601
v 0.027588801458477974 -0.04087826982140541 -0.16787369549274445
v 0.03042362816631794 -0.040488351136446 -0.1643735021352768
v 0.02985135279595852 -0.041571322828531265 -0.16398222744464874
v 0.02985135279595852 -0.041571322828531265 -0.16398222744464874
v 0.03042362816631794 -0.040488351136446 -0.1643735021352768
v 0.03390958905220032 -0.040488351136446 -0.1585087776184082
v 0.02985135279595852 -0.041571322828531265 -0.16398222744464874
v 0.03390958905220032 -0.040488351136446 -0.1585087776184082
v 0.03329240530729294 -0.041571322828531265 -0.15819305181503296
v 0.03329240530729294 -0.041571322828531265 -0.15819305181503296
v 0.03390958905220032 -0.040488351136446 -0.1585087776184082
v 0.03662550449371338 -0.040488351136446 -0.15225012600421906
v 0.03329240530729294 -0.041571322828531265 -0.15819305181503296
v 0.03662550449371338 -0.040488351136446 -0.15225012600421906
v 0.035973332822322845 -0.041571322828531265 -0.15201501548290253
v 0.035973332822322845 -0.041571322828531265 -0.15201501548290253
v 0.03662550449371338 -0.040488351136446 -0.15225012600421906
v 0.038527727127075195 -0.040488351136446 -0.14569813013076782
v 0.035973332822322845 -0.041571322828531265 -0.15201501548290253
v 0.038527727127075195 -0.040488351136446 -0.14569813013076782
v 0.03785105049610138 -0.041571322828531265 -0.14554743468761444
v 0.03785105049610138 -0.041571322828531265 -0.14554743468761444
v 0.038527727127075195 -0.040488351136446 -0.14569813013076782
v 0.03958568349480629 -0.040488351136446 -0.1389581263065338
v 0.03785105049610138 -0.041571322828531265 -0.14554743468761444
v 0.03958568349480629 -0.040488351136446 -0.1389581263065338
v 0.0388953797519207 -0.041571322828531265 -0.13889425992965698
v 0.0388953797519207 -0.041571322828531265 -0.13889425992965698
v 0.03958568349480629 -0.040488351136446 -0.1389581263065338
v 0.03967525064945221 -0.04081062600016594 -0.1340000033378601
v 0.0388953797519207 -0.041571322828531265 -0.13889425992965698
v 0.03967525064945221 -0.04081062600016594 -0.1340000033378601
v 0.039344534277915955 -0.04132230952382088 -0.1340000033378601
v 0.02434028871357441 -0.025750000029802322 -0.1720266044139862
v 0.031126750633120537 -0.025750000029802322 -0.16365765035152435
v 0.02772088162600994 -0.034949999302625656 -0.1682836413383484
v 0.02772088162600994 -0.034949999302625656 -0.1682836413383484
v 0.031126750633120537 -0.025750000029802322 -0.16365765035152435
v 0.03057669661939144 -0.03945000097155571 -0.1644781529903412
v 0.02772088162600994 -0.034949999302625656 -0.1682836413383484
v 0.03057669661939144 -0.03945000097155571 -0.1644781529903412
v 0.02772088162600994 -0.03945000097155571 -0.1682836413383484
v 0.03911109268665314 -0.025750000029802322 -0.1437576562166214
v 0.04000000283122063 -0.025750000029802322 -0.1340000033378601
v 0.04000000283122063 -0.030267607420682907 -0.1340000033378601
v 0.03911109268665314 -0.025750000029802322 -0.1437576562166214
v 0.04000000283122063 -0.030267607420682907 -0.1340000033378601
v 0.03911109268665314 -0.03945000097155571 -0.1437576562166214
v 0.03911109268665314 -0.03945000097155571 -0.1437576562166214
v 0.04000000283122063 -0.030267607420682907 -0.1340000033378601
v 0.04000000283122063 -0.034804295748472214 -0.1340000033378601
v 0.03911109268665314 -0.03945000097155571 -0.1437576562166214
v 0.04000000283122063 -0.034804295748472214 -0.1340000033378601
v 0.03977032005786896 -0.03945000097155571 -0.13897521793842316
v 0.03977032005786896 -0.03945000097155571 -0.13897521793842316
v 0.04000000283122063 -0.034804295748472214 -0.1340000033378601
v 0.04000000283122063 -0.039379965513944626 -0.1340000033378601
v 0.03977032005786896 -0.03945000097155571 -0.13897521793842316
v 0.04000000283122063 -0.039379965513944626 -0.1340000033378601
v 0.03999968618154526 -0.039449598640203476 -0.1340000033378601
v -0.040156248956918716 -0.030744917690753937 -0.08675753325223923
v -0.040156248956918716 -0.025750000029802322 -0.08675753325223923
v -0.041456736624240875 -0.025750000029802322 -0.08750131726264954
v -0.041456736624240875 -0.034949999302625656 -0.08750131726264954
v -0.03748059272766113 -0.034949999302625656 -0.08537221699953079
v -0.03909057751297951 -0.03251655772328377 -0.08618302643299103
v -0.03909057751297951 -0.03251655772328377 -0.08618302643299103
v -0.03748059272766113 -0.034949999302625656 -0.08537221699953079
v -0.03662616014480591 -0.03611493855714798 -0.08496882021427155
v -0.03662616014480591 -0.03611493855714798 -0.08496882021427155
v -0.03748059272766113 -0.034949999302625656 -0.08537221699953079
v -0.03748059272766113 -0.03945000097155571 -0.08537221699953079
v -0.03662616014480591 -0.03611493855714798 -0.08496882021427155
v -0.03748059272766113 -0.03945000097155571 -0.08537221699953079
v -0.03391460329294205 -0.03945000097155571 -0.08380629122257233
v -0.03909057751297951 -0.03251655772328377 -0.08618302643299103
v -0.040156248956918716 -0.030744917690753937 -0.08675753325223923
v -0.041456736624240875 -0.034949999302625656 -0.08750131726264954
v -0.041456736624240875 -0.034949999302625656 -0.08750131726264954
v -0.040156248956918716 -0.030744917690753937 -0.08675753325223923
v -0.041456736624240875 -0.025750000029802322 -0.08750131726264954
v -0.041456736624240875 -0.034949999302625656 -0.08750131726264954
v -0.041456736624240875 -0.025750000029802322 -0.08750131726264954
v -0.045786477625370026 -0.034949999302625656 -0.09034659713506699
v -0.045786477625370026 -0.034949999302625656 -0.09034659713506699
v -0.041456736624240875 -0.025750000029802322 -0.08750131726264954
v -0.05014187470078468 -0.025750000029802322 -0.0938781276345253
v -0.045786477625370026 -0.034949999302625656 -0.09034659713506699
v -0.05014187470078468 -0.025750000029802322 -0.0938781276345253
v -0.05014187470078468 -0.034949999302625656 -0.0938781276345253
v -0.05014187470078468 -0.034949999302625656 -0.0938781276345253
v -0.05014187470078468 -0.025750000029802322 -0.0938781276345253
v -0.053861066699028015 -0.034949999302625656 -0.09757068008184433
v -0.053861066699028015 -0.034949999302625656 -0.09757068008184433
v -0.05014187470078468 -0.025750000029802322 -0.0938781276345253
v -0.05738808959722519 -0.025750000029802322 -0.10185232013463974
v -0.053861066699028015 -0.034949999302625656 -0.09757068008184433
v -0.05738808959722519 -0.025750000029802322 -0.10185232013463974
v -0.05738808959722519 -0.034949999302625656 -0.10185232013463974
v -0.05738808959722519 -0.034949999302625656 -0.10185232013463974
v -0.05738808959722519 -0.025750000029802322 -0.10185232013463974
v -0.06033100560307503 -0.034949999302625656 -0.10626126080751419
v -0.06033100560307503 -0.034949999302625656 -0.10626126080751419
v -0.05738808959722519 -0.025750000029802322 -0.10185232013463974
v -0.0629068911075592 -0.025750000029802322 -0.11110641062259674
v -0.06033100560307503 -0.034949999302625656 -0.10626126080751419
v -0.0629068911075592 -0.025750000029802322 -0.11110641062259674
v -0.0629068911075592 -0.034949999302625656 -0.11110641062259674
v -0.06796085834503174 -0.025750000029802322 -0.13194428384304047
v -0.06749022752046585 -0.034949999302625656 -0.1265975683927536
v -0.06647854298353195 -0.025750000029802322 -0.12127197533845901
v -0.06647854298353195 -0.025750000029802322 -0.12127197533845901
v -0.06749022752046585 -0.034949999302625656 -0.1265975683927536
v -0.06647854298353195 -0.034949999302625656 -0.12127197533845901
v -0.06647854298353195 -0.025750000029802322 -0.12127197533845901
v -0.06647854298353195 -0.034949999302625656 -0.12127197533845901
v -0.0629068911075592 -0.025750000029802322 -0.11110641062259674
v -0.0629068911075592 -0.025750000029802322 -0.11110641062259674
v -0.06647854298353195 -0.034949999302625656 -0.12127197533845901
v -0.0649358481168747 -0.034949999302625656 -0.11606848984956741
v -0.0629068911075592 -0.025750000029802322 -0.11110641062259674
v -0.0649358481168747 -0.034949999302625656 -0.11606848984956741
v -0.0629068911075592 -0.034949999302625656 -0.11110641062259674
v -0.06729481369256973 -0.025750000029802322 -0.14269843697547913
v -0.06789129972457886 -0.034949999302625656 -0.13742463290691376
v -0.06796085834503174 -0.025750000029802322 -0.13194428384304047
v -0.06796085834503174 -0.025750000029802322 -0.13194428384304047
v -0.06789129972457886 -0.034949999302625656 -0.13742463290691376
v -0.06796085834503174 -0.034949999302625656 -0.13194428384304047
v -0.06796085834503174 -0.025750000029802322 -0.13194428384304047
v -0.06796085834503174 -0.034949999302625656 -0.13194428384304047
v -0.06749022752046585 -0.034949999302625656 -0.1265975683927536
v -0.06450693309307098 -0.025750000029802322 -0.15310627222061157
v -0.06612292677164078 -0.034949999302625656 -0.14811384677886963
v -0.06729481369256973 -0.025750000029802322 -0.14269843697547913
v -0.06729481369256973 -0.025750000029802322 -0.14269843697547913
v -0.06612292677164078 -0.034949999302625656 -0.14811384677886963
v -0.06729481369256973 -0.034949999302625656 -0.14269843697547913
v -0.06729481369256973 -0.025750000029802322 -0.14269843697547913
v -0.06729481369256973 -0.034949999302625656 -0.14269843697547913
v -0.06789129972457886 -0.034949999302625656 -0.13742463290691376
v -0.059708207845687866 -0.025750000029802322 -0.16275343298912048
v -0.06225629523396492 -0.034949999302625656 -0.15823489427566528
v -0.06450693309307098 -0.025750000029802322 -0.15310627222061157
v -0.06450693309307098 -0.025750000029802322 -0.15310627222061157
v -0.06225629523396492 -0.034949999302625656 -0.15823489427566528
v -0.06450693309307098 -0.034949999302625656 -0.15310627222061157
v -0.06450693309307098 -0.025750000029802322 -0.15310627222061157
v -0.06450693309307098 -0.034949999302625656 -0.15310627222061157
v -0.06612292677164078 -0.034949999302625656 -0.14811384677886963
v -0.0530896931886673 -0.025750000029802322 -0.17125581204891205
v -0.05644706264138222 -0.034949999302625656 -0.16738033294677734
v -0.059708207845687866 -0.025750000029802322 -0.16275343298912048
v -0.059708207845687866 -0.025750000029802322 -0.16275343298912048
v -0.05644706264138222 -0.034949999302625656 -0.16738033294677734
v -0.059708207845687866 -0.034949999302625656 -0.16275343298912048
v -0.059708207845687866 -0.025750000029802322 -0.16275343298912048
v -0.059708207845687866 -0.034949999302625656 -0.16275343298912048
v -0.06225629523396492 -0.034949999302625656 -0.15823489427566528
v -0.044914890080690384 -0.025750000029802322 -0.17827492952346802
v -0.048929084092378616 -0.034949999302625656 -0.1751820296049118
v -0.0530896931886673 -0.025750000029802322 -0.17125581204891205
v -0.0530896931886673 -0.025750000029802322 -0.17125581204891205
v -0.048929084092378616 -0.034949999302625656 -0.1751820296049118
v -0.0530896931886673 -0.034949999302625656 -0.17125581204891205
v -0.0530896931886673 -0.025750000029802322 -0.17125581204891205
v -0.0530896931886673 -0.034949999302625656 -0.17125581204891205
v -0.05644706264138222 -0.034949999302625656 -0.16738033294677734
v -0.03550926595926285 -0.025750000029802322 -0.18353131413459778
v -0.04000500217080116 -0.034949999302625656 -0.18132589757442474
v -0.044914890080690384 -0.025750000029802322 -0.17827492952346802
v -0.044914890080690384 -0.025750000029802322 -0.17827492952346802
v -0.04000500217080116 -0.034949999302625656 -0.18132589757442474
v -0.044914890080690384 -0.034949999302625656 -0.17827492952346802
v -0.044914890080690384 -0.025750000029802322 -0.17827492952346802
v -0.044914890080690384 -0.034949999302625656 -0.17827492952346802
v -0.048929084092378616 -0.034949999302625656 -0.1751820296049118
v -0.02524728886783123 -0.025750000029802322 -0.18681570887565613
v -0.03003406524658203 -0.034949999302625656 -0.18556460738182068
v -0.03550926595926285 -0.025750000029802322 -0.18353131413459778
v -0.03550926595926285 -0.025750000029802322 -0.18353131413459778
v -0.03003406524658203 -0.034949999302625656 -0.18556460738182068
v -0.03550926595926285 -0.034949999302625656 -0.18353131413459778
v -0.03550926595926285 -0.025750000029802322 -0.18353131413459778
v -0.03550926595926285 -0.034949999302625656 -0.18353131413459778
v -0.04000500217080116 -0.034949999302625656 -0.18132589757442474
v -0.014537520706653595 -0.025750000029802322 -0.18799732625484467
v -0.01941766031086445 -0.034949999302625656 -0.18772754073143005
v -0.02524728886783123 -0.025750000029802322 -0.18681570887565613
v -0.02524728886783123 -0.025750000029802322 -0.18681570887565613
v -0.01941766031086445 -0.034949999302625656 -0.18772754073143005
v -0.02524728886783123 -0.034949999302625656 -0.18681570887565613
v -0.02524728886783123 -0.025750000029802322 -0.18681570887565613
v -0.02524728886783123 -0.034949999302625656 -0.18681570887565613
v -0.03003406524658203 -0.034949999302625656 -0.18556460738182068
v -0.003806352149695158 -0.025750000029802322 -0.1870291382074356
v -0.00858316384255886 -0.034949999302625656 -0.18772763013839722
v -0.014537520706653595 -0.025750000029802322 -0.18799732625484467
v -0.014537520706653595 -0.025750000029802322 -0.18799732625484467
v -0.00858316384255886 -0.034949999302625656 -0.18772763013839722
v -0.014537520706653595 -0.034949999302625656 -0.18799732625484467
v -0.014537520706653595 -0.025750000029802322 -0.18799732625484467
v -0.014537520706653595 -0.034949999302625656 -0.18799732625484467
v -0.01941766031086445 -0.034949999302625656 -0.18772754073143005
v 0.006518975365906954 -0.025750000029802322 -0.18394969403743744
v 0.002033273223787546 -0.034949999302625656 -0.18556486070156097
v -0.003806352149695158 -0.025750000029802322 -0.1870291382074356
v -0.003806352149695158 -0.025750000029802322 -0.1870291382074356
v 0.002033273223787546 -0.034949999302625656 -0.18556486070156097
v -0.003806352149695158 -0.034949999302625656 -0.1870291382074356
v -0.003806352149695158 -0.025750000029802322 -0.1870291382074356
v -0.003806352149695158 -0.034949999302625656 -0.1870291382074356
v -0.00858316384255886 -0.034949999302625656 -0.18772763013839722
v 0.01602737419307232 -0.025750000029802322 -0.17888158559799194
v 0.012004276737570763 -0.034949999302625656 -0.18132628500461578
v 0.006518975365906954 -0.025750000029802322 -0.18394969403743744
v 0.006518975365906954 -0.025750000029802322 -0.18394969403743744
v 0.012004276737570763 -0.034949999302625656 -0.18132628500461578
v 0.006518975365906954 -0.034949999302625656 -0.18394969403743744
v 0.006518975365906954 -0.025750000029802322 -0.18394969403743744
v 0.006518975365906954 -0.034949999302625656 -0.18394969403743744
v 0.002033273223787546 -0.034949999302625656 -0.18556486070156097
v 0.02772088162600994 -0.034949999302625656 -0.1682836413383484
v 0.02434028871357441 -0.034949999302625656 -0.1720266044139862
v 0.02434028871357441 -0.025750000029802322 -0.1720266044139862
v 0.02434028871357441 -0.025750000029802322 -0.1720266044139862
v 0.02434028871357441 -0.034949999302625656 -0.1720266044139862
v 0.020928451791405678 -0.034949999302625656 -0.17518256604671478
v 0.02434028871357441 -0.025750000029802322 -0.1720266044139862
v 0.020928451791405678 -0.034949999302625656 -0.17518256604671478
v 0.01602737419307232 -0.025750000029802322 -0.17888158559799194
v 0.01602737419307232 -0.025750000029802322 -0.17888158559799194
v 0.020928451791405678 -0.034949999302625656 -0.17518256604671478
v 0.01602737419307232 -0.034949999302625656 -0.17888158559799194
v 0.01602737419307232 -0.025750000029802322 -0.17888158559799194
v 0.01602737419307232 -0.034949999302625656 -0.17888158559799194
v 0.012004276737570763 -0.034949999302625656 -0.18132628500461578
v 0.036116573959589005 -0.025750000029802322 -0.1541079431772232
v 0.03407466784119606 -0.03945000097155571 -0.15859322249889374
v 0.031126750633120537 -0.025750000029802322 -0.16365765035152435
v 0.031126750633120537 -0.025750000029802322 -0.16365765035152435
v 0.03407466784119606 -0.03945000097155571 -0.15859322249889374
v 0.031126750633120537 -0.03945000097155571 -0.16365765035152435
v 0.031126750633120537 -0.025750000029802322 -0.16365765035152435
v 0.031126750633120537 -0.03945000097155571 -0.16365765035152435
v 0.03057669661939144 -0.03945000097155571 -0.1644781529903412
v 0.03911109268665314 -0.03945000097155571 -0.1437576562166214
v 0.03870872035622597 -0.03945000097155571 -0.14573843777179718
v 0.03911109268665314 -0.025750000029802322 -0.1437576562166214
v 0.03911109268665314 -0.025750000029802322 -0.1437576562166214
v 0.03870872035622597 -0.03945000097155571 -0.14573843777179718
v 0.03679994121193886 -0.03945000097155571 -0.1523130089044571
v 0.03911109268665314 -0.025750000029802322 -0.1437576562166214
v 0.03679994121193886 -0.03945000097155571 -0.1523130089044571
v 0.036116573959589005 -0.025750000029802322 -0.1541079431772232
v 0.036116573959589005 -0.025750000029802322 -0.1541079431772232
v 0.03679994121193886 -0.03945000097155571 -0.1523130089044571
v 0.036116573959589005 -0.03945000097155571 -0.1541079431772232
v 0.036116573959589005 -0.025750000029802322 -0.1541079431772232
v 0.036116573959589005 -0.03945000097155571 -0.1541079431772232
v 0.03407466784119606 -0.03945000097155571 -0.15859322249889374
v -0.030696319416165352 -0.04244999960064888 -0.08581045269966125
v -0.03441295027732849 -0.04244999960064888 -0.08726338297128677
v -0.024464482441544533 -0.04244999960064888 -0.09229275584220886
v 0.014096817001700401 -0.04244999960064888 -0.08686404675245285
v 0.01335100457072258 -0.04244999960064888 -0.08100000023841858
v 0.013350935652852058 -0.04244999960064888 -0.08300000429153442
v -0.030696319416165352 -0.04244999960064888 -0.08581045269966125
v -0.024464482441544533 -0.04244999960064888 -0.09229275584220886
v -0.02580532804131508 -0.04244999960064888 -0.08438514173030853
v -0.013350936584174633 -0.04244999960064888 -0.08300000429153442
v -0.024464482441544533 -0.04244999960064888 -0.09229275584220886
v -0.019608603790402412 -0.04244999960064888 -0.09136734157800674
v -0.01410746667534113 -0.04244999960064888 -0.08237166702747345
v -0.014408119022846222 -0.04244999960064888 -0.08271382749080658
v -0.013350936584174633 -0.04244999960064888 -0.08300000429153442
v -0.013350936584174633 -0.04244999960064888 -0.08300000429153442
v -0.014408119022846222 -0.04244999960064888 -0.08271382749080658
v -0.014588827267289162 -0.04244999960064888 -0.082865871489048
v 0.02896689437329769 -0.04244999960064888 -0.11309879273176193
v 0.020614756271243095 -0.04244999960064888 -0.10070998966693878
v 0.01980043761432171 -0.04244999960064888 -0.10741936415433884
v -0.013583309948444366 -0.04244999960064888 -0.08129465579986572
v -0.013637145049870014 -0.04244999960064888 -0.08145824819803238
v -0.013350936584174633 -0.04244999960064888 -0.08300000429153442
v -0.013350936584174633 -0.04244999960064888 -0.08300000429153442
v -0.013637145049870014 -0.04244999960064888 -0.08145824819803238
v -0.013680445961654186 -0.04244999960064888 -0.0815758928656578
v -0.013350936584174633 -0.04244999960064888 -0.08300000429153442
v -0.013680445961654186 -0.04244999960064888 -0.0815758928656578
v -0.01410746667534113 -0.04244999960064888 -0.08237166702747345
v -0.013350936584174633 -0.04244999960064888 -0.07962074875831604
v -0.013367042876780033 -0.04244999960064888 -0.08009009063243866
v -0.013350936584174633 -0.04244999960064888 -0.08300000429153442
v -0.013350936584174633 -0.04244999960064888 -0.08300000429153442
v -0.013367042876780033 -0.04244999960064888 -0.08009009063243866
v -0.01338884700089693 -0.04244999960064888 -0.08033308386802673
v -0.013350936584174633 -0.04244999960064888 -0.08300000429153442
v -0.01338884700089693 -0.04244999960064888 -0.08033308386802673
v -0.013583309948444366 -0.04244999960064888 -0.08129465579986572
v -0.014588827267289162 -0.04244999960064888 -0.082865871489048
v -0.014789522625505924 -0.04244999960064888 -0.0829966813325882
v -0.013350936584174633 -0.04244999960064888 -0.08300000429153442
v -0.013350936584174633 -0.04244999960064888 -0.08300000429153442
v -0.014789522625505924 -0.04244999960064888 -0.0829966813325882
v -0.01480700820684433 -0.04244999960064888 -0.08300638943910599
v -0.013350936584174633 -0.04244999960064888 -0.08300000429153442
v -0.01480700820684433 -0.04244999960064888 -0.08300638943910599
v -0.024464482441544533 -0.04244999960064888 -0.09229275584220886
v -0.024464482441544533 -0.04244999960064888 -0.09229275584220886
v -0.01480700820684433 -0.04244999960064888 -0.08300638943910599
v -0.02079654112458229 -0.04244999960064888 -0.08345489948987961
v -0.024464482441544533 -0.04244999960064888 -0.09229275584220886
v -0.02079654112458229 -0.04244999960064888 -0.08345489948987961
v -0.02580532804131508 -0.04244999960064888 -0.08438514173030853
v 0.016144029796123505 -0.04244999960064888 -0.09264948219060898
v 0.012849003076553345 -0.04244999960064888 -0.10041233897209167
v 0.020614756271243095 -0.04244999960064888 -0.10070998966693878
v 0.020614756271243095 -0.04244999960064888 -0.10070998966693878
v 0.012849003076553345 -0.04244999960064888 -0.10041233897209167
v 0.016526436433196068 -0.04244999960064888 -0.10371573269367218
v 0.020614756271243095 -0.04244999960064888 -0.10070998966693878
v 0.016526436433196068 -0.04244999960064888 -0.10371573269367218
v 0.01980043761432171 -0.04244999960064888 -0.10741936415433884
v -0.019608603790402412 -0.04244999960064888 -0.09136734157800674
v -0.01467860210686922 -0.04244999960064888 -0.0910053551197052
v -0.013350936584174633 -0.04244999960064888 -0.08300000429153442
v -0.013350936584174633 -0.04244999960064888 -0.08300000429153442
v -0.01467860210686922 -0.04244999960064888 -0.0910053551197052
v -0.009739632718265057 -0.04244999960064888 -0.09121157974004745
v -0.013350936584174633 -0.04244999960064888 -0.08300000429153442
v -0.009739632718265057 -0.04244999960064888 -0.09121157974004745
v 0.013350935652852058 -0.04244999960064888 -0.08300000429153442
v 0.013350935652852058 -0.04244999960064888 -0.08300000429153442
v -0.009739632718265057 -0.04244999960064888 -0.09121157974004745
v -0.0048569669015705585 -0.04244999960064888 -0.09198328107595444
v 0.014367107301950455 -0.04244999960064888 -0.08787290751934052
v 0.004482936579734087 -0.04244999960064888 -0.09517499804496765
v 0.016144029796123505 -0.04244999960064888 -0.09264948219060898
v 0.016144029796123505 -0.04244999960064888 -0.09264948219060898
v 0.004482936579734087 -0.04244999960064888 -0.09517499804496765
v 0.008816739544272423 -0.04244999960064888 -0.0975528284907341
v 0.016144029796123505 -0.04244999960064888 -0.09264948219060898
v 0.008816739544272423 -0.04244999960064888 -0.0975528284907341
v 0.012849003076553345 -0.04244999960064888 -0.10041233897209167
v -0.0048569669015705585 -0.04244999960064888 -0.09198328107595444
v -9.51341717154719e-05 -0.04244999960064888 -0.09331026673316956
v 0.013350935652852058 -0.04244999960064888 -0.08300000429153442
v 0.013350935652852058 -0.04244999960064888 -0.08300000429153442
v -9.51341717154719e-05 -0.04244999960064888 -0.09331026673316956
v 0.004482936579734087 -0.04244999960064888 -0.09517499804496765
v 0.013350935652852058 -0.04244999960064888 -0.08300000429153442
v 0.004482936579734087 -0.04244999960064888 -0.09517499804496765
v 0.014096817001700401 -0.04244999960064888 -0.08686404675245285
v 0.014096817001700401 -0.04244999960064888 -0.08686404675245285
v 0.004482936579734087 -0.04244999960064888 -0.09517499804496765
v 0.014367107301950455 -0.04244999960064888 -0.08787290751934052
v 0.01980043761432171 -0.04244999960064888 -0.10741936415433884
v 0.02262774296104908 -0.04244999960064888 -0.11147427558898926
v 0.02896689437329769 -0.04244999960064888 -0.11309879273176193
v 0.02896689437329769 -0.04244999960064888 -0.11309879273176193
v 0.02262774296104908 -0.04244999960064888 -0.11147427558898926
v 0.02497098408639431 -0.04244999960064888 -0.11582687497138977
v 0.02896689437329769 -0.04244999960064888 -0.11309879273176193
v 0.02497098408639431 -0.04244999960064888 -0.11582687497138977
v 0.03362236171960831 -0.04244999960064888 -0.12110588699579239
v 0.03362236171960831 -0.04244999960064888 -0.12110588699579239
v 0.02497098408639431 -0.04244999960064888 -0.11582687497138977
v 0.026799192652106285 -0.04244999960064888 -0.12041965126991272
v 0.03362236171960831 -0.04244999960064888 -0.12110588699579239
v 0.026799192652106285 -0.04244999960064888 -0.12041965126991272
v 0.03525341674685478 -0.04244999960064888 -0.12490095943212509
v 0.03525341674685478 -0.04244999960064888 -0.12490095943212509
v 0.026799192652106285 -0.04244999960064888 -0.12041965126991272
v 0.02808821015059948 -0.04244999960064888 -0.12519191205501556
v 0.03525341674685478 -0.04244999960064888 -0.12490095943212509
v 0.02808821015059948 -0.04244999960064888 -0.12519191205501556
v 0.036740489304065704 -0.04244999960064888 -0.13057295978069305
v 0.036740489304065704 -0.04244999960064888 -0.13057295978069305
v 0.02808821015059948 -0.04244999960064888 -0.12519191205501556
v 0.028821000829339027 -0.04244999960064888 -0.13008056581020355
v 0.036740489304065704 -0.04244999960064888 -0.13057295978069305
v 0.028821000829339027 -0.04244999960064888 -0.13008056581020355
v 0.03700000047683716 -0.04244999960064888 -0.1340000033378601
v 0.03700000047683716 -0.04244999960064888 -0.1340000033378601
v 0.028821000829339027 -0.04244999960064888 -0.13008056581020355
v 0.02898787520825863 -0.04244999960064888 -0.13502101600170135
v 0.03700000047683716 -0.04244999960064888 -0.1340000033378601
v 0.02898787520825863 -0.04244999960064888 -0.13502101600170135
v 0.03678308054804802 -0.04244999960064888 -0.13869881629943848
v 0.03678308054804802 -0.04244999960064888 -0.13869881629943848
v 0.02898787520825863 -0.04244999960064888 -0.13502101600170135
v 0.02858663536608219 -0.04244999960064888 -0.13994798064231873
v 0.03678308054804802 -0.04244999960064888 -0.13869881629943848
v 0.02858663536608219 -0.04244999960064888 -0.13994798064231873
v 0.03578045591711998 -0.04244999960064888 -0.14508630335330963
v 0.03578045591711998 -0.04244999960064888 -0.14508630335330963
v 0.02858663536608219 -0.04244999960064888 -0.13994798064231873
v 0.027622578665614128 -0.04244999960064888 -0.14479634165763855
v 0.03578045591711998 -0.04244999960064888 -0.14508630335330963
v 0.027622578665614128 -0.04244999960064888 -0.14479634165763855
v 0.033977724611759186 -0.04244999960064888 -0.15129561722278595
v 0.033977724611759186 -0.04244999960064888 -0.15129561722278595
v 0.027622578665614128 -0.04244999960064888 -0.14479634165763855
v 0.026108449324965477 -0.04244999960064888 -0.1495020091533661
v 0.033977724611759186 -0.04244999960064888 -0.15129561722278595
v 0.026108449324965477 -0.04244999960064888 -0.1495020091533661
v 0.03140385076403618 -0.04244999960064888 -0.15722693502902985
v 0.03140385076403618 -0.04244999960064888 -0.15722693502902985
v 0.026108449324965477 -0.04244999960064888 -0.1495020091533661
v 0.024064255878329277 -0.04244999960064888 -0.1540028154850006
v 0.03140385076403618 -0.04244999960064888 -0.15722693502902985
v 0.024064255878329277 -0.04244999960064888 -0.1540028154850006
v 0.028100213035941124 -0.04244999960064888 -0.16278493404388428
v 0.028100213035941124 -0.04244999960064888 -0.16278493404388428
v 0.024064255878329277 -0.04244999960064888 -0.1540028154850006
v 0.026606285944581032 -0.04244999960064888 -0.16485659778118134
v -0.014408119022846222 0.04244999960064888 -0.08271382749080658
v -0.01410746667534113 0.04244999960064888 -0.08237166702747345
v -0.013350936584174633 0.04244999960064888 -0.08300000429153442
v -0.03441295027732849 0.04244999960064888 -0.08726338297128677
v -0.030696319416165352 0.04244999960064888 -0.08581045269966125
v -0.024464482441544533 0.04244999960064888 -0.09229275584220886
v -0.024464482441544533 0.04244999960064888 -0.09229275584220886
v -0.030696319416165352 0.04244999960064888 -0.08581045269966125
v -0.02580532804131508 0.04244999960064888 -0.08438514173030853
v -0.014408119022846222 0.04244999960064888 -0.08271382749080658
v -0.013350936584174633 0.04244999960064888 -0.08300000429153442
v -0.014588827267289162 0.04244999960064888 -0.082865871489048
v -0.01410746667534113 0.04244999960064888 -0.08237166702747345
v -0.013680445961654186 0.04244999960064888 -0.0815758928656578
v -0.013350936584174633 0.04244999960064888 -0.08300000429153442
v -0.013350936584174633 0.04244999960064888 -0.08300000429153442
v -0.013680445961654186 0.04244999960064888 -0.0815758928656578
v -0.013637145049870014 0.04244999960064888 -0.08145824819803238
v -0.013350936584174633 0.04244999960064888 -0.08300000429153442
v -0.013637145049870014 0.04244999960064888 -0.08145824819803238
v -0.013583309948444366 0.04244999960064888 -0.08129465579986572
v -0.024464482441544533 0.04244999960064888 -0.09229275584220886
v -0.013350936584174633 0.04244999960064888 -0.08300000429153442
v -0.019608603790402412 0.04244999960064888 -0.09136734157800674
v -0.019608603790402412 0.04244999960064888 -0.09136734157800674
v -0.013350936584174633 0.04244999960064888 -0.08300000429153442
v -0.01467860210686922 0.04244999960064888 -0.0910053551197052
v 0.02896689437329769 0.04244999960064888 -0.11309879273176193
v 0.03362236171960831 0.04244999960064888 -0.12110588699579239
v 0.026799192652106285 0.04244999960064888 -0.12041965126991272
v -0.02580532804131508 0.04244999960064888 -0.08438514173030853
v -0.02079654112458229 0.04244999960064888 -0.08345489948987961
v -0.024464482441544533 0.04244999960064888 -0.09229275584220886
v -0.024464482441544533 0.04244999960064888 -0.09229275584220886
v -0.02079654112458229 0.04244999960064888 -0.08345489948987961
v -0.01480700820684433 0.04244999960064888 -0.08300638943910599
v -0.024464482441544533 0.04244999960064888 -0.09229275584220886
v -0.01480700820684433 0.04244999960064888 -0.08300638943910599
v -0.013350936584174633 0.04244999960064888 -0.08300000429153442
v -0.013350936584174633 0.04244999960064888 -0.08300000429153442
v -0.01480700820684433 0.04244999960064888 -0.08300638943910599
v -0.014789522625505924 0.04244999960064888 -0.0829966813325882
v -0.013350936584174633 0.04244999960064888 -0.08300000429153442
v -0.014789522625505924 0.04244999960064888 -0.0829966813325882
v -0.014588827267289162 0.04244999960064888 -0.082865871489048
v -0.013583309948444366 0.04244999960064888 -0.08129465579986572
v -0.01338884700089693 0.04244999960064888 -0.08033308386802673
v -0.013350936584174633 0.04244999960064888 -0.08300000429153442
v -0.013350936584174633 0.04244999960064888 -0.08300000429153442
v -0.01338884700089693 0.04244999960064888 -0.08033308386802673
v -0.013367042876780033 0.04244999960064888 -0.08009009063243866
v -0.013350936584174633 0.04244999960064888 -0.08300000429153442
v -0.013367042876780033 0.04244999960064888 -0.08009009063243866
v -0.013350936584174633 0.04244999960064888 -0.07962074875831604
v 0.004482936579734087 0.04244999960064888 -0.09517499804496765
v -9.51341717154719e-05 0.04244999960064888 -0.09331026673316956
v 0.013350935652852058 0.04244999960064888 -0.08300000429153442
v 0.013350935652852058 0.04244999960064888 -0.08300000429153442
v -9.51341717154719e-05 0.04244999960064888 -0.09331026673316956
v -0.0048569669015705585 0.04244999960064888 -0.09198328107595444
v 0.013350935652852058 0.04244999960064888 -0.08300000429153442
v -0.0048569669015705585 0.04244999960064888 -0.09198328107595444
v -0.013350936584174633 0.04244999960064888 -0.08300000429153442
v -0.013350936584174633 0.04244999960064888 -0.08300000429153442
v -0.0048569669015705585 0.04244999960064888 -0.09198328107595444
v -0.009739632718265057 0.04244999960064888 -0.09121157974004745
v -0.013350936584174633 0.04244999960064888 -0.08300000429153442
v -0.009739632718265057 0.04244999960064888 -0.09121157974004745
v -0.01467860210686922 0.04244999960064888 -0.0910053551197052
v 0.016144029796123505 0.04244999960064888 -0.09264948219060898
v 0.020614756271243095 0.04244999960064888 -0.10070998966693878
v 0.016526436433196068 0.04244999960064888 -0.10371573269367218
v 0.026108449324965477 0.04244999960064888 -0.1495020091533661
v 0.03140385076403618 0.04244999960064888 -0.15722693502902985
v 0.024064255878329277 0.04244999960064888 -0.1540028154850006
v 0.024064255878329277 0.04244999960064888 -0.1540028154850006
v 0.03140385076403618 0.04244999960064888 -0.15722693502902985
v 0.028100213035941124 0.04244999960064888 -0.16278493404388428
v 0.024064255878329277 0.04244999960064888 -0.1540028154850006
v 0.028100213035941124 0.04244999960064888 -0.16278493404388428
v 0.026606285944581032 0.04244999960064888 -0.16485659778118134
v 0.026799192652106285 0.04244999960064888 -0.12041965126991272
v 0.03362236171960831 0.04244999960064888 -0.12110588699579239
v 0.02808821015059948 0.04244999960064888 -0.12519191205501556
v 0.02808821015059948 0.04244999960064888 -0.12519191205501556
v 0.03362236171960831 0.04244999960064888 -0.12110588699579239
v 0.03525341674685478 0.04244999960064888 -0.12490095943212509
v 0.02808821015059948 0.04244999960064888 -0.12519191205501556
v 0.03525341674685478 0.04244999960064888 -0.12490095943212509
v 0.028821000829339027 0.04244999960064888 -0.13008056581020355
v 0.028821000829339027 0.04244999960064888 -0.13008056581020355
v 0.03525341674685478 0.04244999960064888 -0.12490095943212509
v 0.036740489304065704 0.04244999960064888 -0.13057295978069305
v 0.028821000829339027 0.04244999960064888 -0.13008056581020355
v 0.036740489304065704 0.04244999960064888 -0.13057295978069305
v 0.02898787520825863 0.04244999960064888 -0.13502101600170135
v 0.02898787520825863 0.04244999960064888 -0.13502101600170135
v 0.036740489304065704 0.04244999960064888 -0.13057295978069305
v 0.03700000047683716 0.04244999960064888 -0.1340000033378601
v 0.02898787520825863 0.04244999960064888 -0.13502101600170135
v 0.03700000047683716 0.04244999960064888 -0.1340000033378601
v 0.02858663536608219 0.04244999960064888 -0.13994798064231873
v 0.02858663536608219 0.04244999960064888 -0.13994798064231873
v 0.03700000047683716 0.04244999960064888 -0.1340000033378601
v 0.03678308054804802 0.04244999960064888 -0.13869881629943848
v 0.02858663536608219 0.04244999960064888 -0.13994798064231873
v 0.03678308054804802 0.04244999960064888 -0.13869881629943848
v 0.027622578665614128 0.04244999960064888 -0.14479634165763855
v 0.027622578665614128 0.04244999960064888 -0.14479634165763855
v 0.03678308054804802 0.04244999960064888 -0.13869881629943848
v 0.03578045591711998 0.04244999960064888 -0.14508630335330963
v 0.027622578665614128 0.04244999960064888 -0.14479634165763855
v 0.03578045591711998 0.04244999960064888 -0.14508630335330963
v 0.026108449324965477 0.04244999960064888 -0.1495020091533661
v 0.026108449324965477 0.04244999960064888 -0.1495020091533661
v 0.03578045591711998 0.04244999960064888 -0.14508630335330963
v 0.033977724611759186 0.04244999960064888 -0.15129561722278595
v 0.026108449324965477 0.04244999960064888 -0.1495020091533661
v 0.033977724611759186 0.04244999960064888 -0.15129561722278595
v 0.03140385076403618 0.04244999960064888 -0.15722693502902985
v 0.026799192652106285 0.04244999960064888 -0.12041965126991272
v 0.02497098408639431 0.04244999960064888 -0.11582687497138977
v 0.02896689437329769 0.04244999960064888 -0.11309879273176193
v 0.02896689437329769 0.04244999960064888 -0.11309879273176193
v 0.02497098408639431 0.04244999960064888 -0.11582687497138977
v 0.02262774296104908 0.04244999960064888 -0.11147427558898926
v 0.02896689437329769 0.04244999960064888 -0.11309879273176193
v 0.02262774296104908 0.04244999960064888 -0.11147427558898926
v 0.020614756271243095 0.04244999960064888 -0.10070998966693878
v 0.020614756271243095 0.04244999960064888 -0.10070998966693878
v 0.02262774296104908 0.04244999960064888 -0.11147427558898926
v 0.01980043761432171 0.04244999960064888 -0.10741936415433884
v 0.020614756271243095 0.04244999960064888 -0.10070998966693878
v 0.01980043761432171 0.04244999960064888 -0.10741936415433884
v 0.016526436433196068 0.04244999960064888 -0.10371573269367218
v 0.016526436433196068 0.04244999960064888 -0.10371573269367218
v 0.012849003076553345 0.04244999960064888 -0.10041233897209167
v 0.016144029796123505 0.04244999960064888 -0.09264948219060898
v 0.016144029796123505 0.04244999960064888 -0.09264948219060898
v 0.012849003076553345 0.04244999960064888 -0.10041233897209167
v 0.008816739544272423 0.04244999960064888 -0.0975528284907341
v 0.016144029796123505 0.04244999960064888 -0.09264948219060898
v 0.008816739544272423 0.04244999960064888 -0.0975528284907341
v 0.014367107301950455 0.04244999960064888 -0.08787290751934052
v 0.014367107301950455 0.04244999960064888 -0.08787290751934052
v 0.008816739544272423 0.04244999960064888 -0.0975528284907341
v 0.004482936579734087 0.04244999960064888 -0.09517499804496765
v 0.014367107301950455 0.04244999960064888 -0.08787290751934052
v 0.004482936579734087 0.04244999960064888 -0.09517499804496765
v 0.014096817001700401 0.04244999960064888 -0.08686404675245285
v 0.014096817001700401 0.04244999960064888 -0.08686404675245285
v 0.004482936579734087 0.04244999960064888 -0.09517499804496765
v 0.013350935652852058 0.04244999960064888 -0.08300000429153442
v 0.014096817001700401 0.04244999960064888 -0.08686404675245285
v 0.013350935652852058 0.04244999960064888 -0.08300000429153442
v 0.013350935652852058 0.04244999960064888 -0.08100000023841858
v 0.04000000283122063 0.030267607420682907 -0.1340000033378601
v 0.04000000283122063 0.025750000029802322 -0.1340000033378601
v 0.03911109268665314 0.025750000029802322 -0.1437576562166214
v -0.03391460329294205 0.03945000097155571 -0.08380629122257233
v -0.03748059272766113 0.03945000097155571 -0.08537221699953079
v -0.03662616014480591 0.03611493855714798 -0.08496882021427155
v -0.03662616014480591 0.03611493855714798 -0.08496882021427155
v -0.03748059272766113 0.03945000097155571 -0.08537221699953079
v -0.03748059272766113 0.034949999302625656 -0.08537221699953079
v -0.03662616014480591 0.03611493855714798 -0.08496882021427155
v -0.03748059272766113 0.034949999302625656 -0.08537221699953079
v -0.03909057751297951 0.03251655772328377 -0.08618302643299103
v -0.03909057751297951 0.03251655772328377 -0.08618302643299103
v -0.03748059272766113 0.034949999302625656 -0.08537221699953079
v -0.041456736624240875 0.034949999302625656 -0.08750131726264954
v -0.03909057751297951 0.03251655772328377 -0.08618302643299103
v -0.041456736624240875 0.034949999302625656 -0.08750131726264954
v -0.040156248956918716 0.030744917690753937 -0.08675753325223923
v 0.04000000283122063 0.030267607420682907 -0.1340000033378601
v 0.03911109268665314 0.025750000029802322 -0.1437576562166214
v 0.04000000283122063 0.034804295748472214 -0.1340000033378601
v 0.02772088162600994 0.03945000097155571 -0.1682836413383484
v 0.03057669661939144 0.03945000097155571 -0.1644781529903412
v 0.031126750633120537 0.025750000029802322 -0.16365765035152435
v 0.01602737419307232 0.025750000029802322 -0.17888158559799194
v 0.020928451791405678 0.034949999302625656 -0.17518256604671478
v 0.02434028871357441 0.025750000029802322 -0.1720266044139862
v 0.02434028871357441 0.025750000029802322 -0.1720266044139862
v 0.020928451791405678 0.034949999302625656 -0.17518256604671478
v 0.02434028871357441 0.034949999302625656 -0.1720266044139862
v 0.02434028871357441 0.025750000029802322 -0.1720266044139862
v 0.02434028871357441 0.034949999302625656 -0.1720266044139862
v 0.031126750633120537 0.025750000029802322 -0.16365765035152435
v 0.031126750633120537 0.025750000029802322 -0.16365765035152435
v 0.02434028871357441 0.034949999302625656 -0.1720266044139862
v 0.02772088162600994 0.034949999302625656 -0.1682836413383484
v 0.031126750633120537 0.025750000029802322 -0.16365765035152435
v 0.02772088162600994 0.034949999302625656 -0.1682836413383484
v 0.02772088162600994 0.03945000097155571 -0.1682836413383484
v 0.006518975365906954 0.025750000029802322 -0.18394969403743744
v 0.012004276737570763 0.034949999302625656 -0.18132628500461578
v 0.01602737419307232 0.025750000029802322 -0.17888158559799194
v 0.01602737419307232 0.025750000029802322 -0.17888158559799194
v 0.012004276737570763 0.034949999302625656 -0.18132628500461578
v 0.01602737419307232 0.034949999302625656 -0.17888158559799194
v 0.01602737419307232 0.025750000029802322 -0.17888158559799194
v 0.01602737419307232 0.034949999302625656 -0.17888158559799194
v 0.020928451791405678 0.034949999302625656 -0.17518256604671478
v -0.003806352149695158 0.025750000029802322 -0.1870291382074356
v 0.002033273223787546 0.034949999302625656 -0.18556486070156097
v 0.006518975365906954 0.025750000029802322 -0.18394969403743744
v 0.006518975365906954 0.025750000029802322 -0.18394969403743744
v 0.002033273223787546 0.034949999302625656 -0.18556486070156097
v 0.006518975365906954 0.034949999302625656 -0.18394969403743744
v 0.006518975365906954 0.025750000029802322 -0.18394969403743744
v 0.006518975365906954 0.034949999302625656 -0.18394969403743744
v 0.012004276737570763 0.034949999302625656 -0.18132628500461578
v -0.014537520706653595 0.025750000029802322 -0.18799732625484467
v -0.00858316384255886 0.034949999302625656 -0.18772763013839722
v -0.003806352149695158 0.025750000029802322 -0.1870291382074356
v -0.003806352149695158 0.025750000029802322 -0.1870291382074356
v -0.00858316384255886 0.034949999302625656 -0.18772763013839722
v -0.003806352149695158 0.034949999302625656 -0.1870291382074356
v -0.003806352149695158 0.025750000029802322 -0.1870291382074356
v -0.003806352149695158 0.034949999302625656 -0.1870291382074356
v 0.002033273223787546 0.034949999302625656 -0.18556486070156097
v -0.02524728886783123 0.025750000029802322 -0.18681570887565613
v -0.01941766031086445 0.034949999302625656 -0.18772754073143005
v -0.014537520706653595 0.025750000029802322 -0.18799732625484467
v -0.014537520706653595 0.025750000029802322 -0.18799732625484467
v -0.01941766031086445 0.034949999302625656 -0.18772754073143005
v -0.014537520706653595 0.034949999302625656 -0.18799732625484467
v -0.014537520706653595 0.025750000029802322 -0.18799732625484467
v -0.014537520706653595 0.034949999302625656 -0.18799732625484467
v -0.00858316384255886 0.034949999302625656 -0.18772763013839722
v -0.03550926595926285 0.025750000029802322 -0.18353131413459778
v -0.03003406524658203 0.034949999302625656 -0.18556460738182068
v -0.02524728886783123 0.025750000029802322 -0.18681570887565613
v -0.02524728886783123 0.025750000029802322 -0.18681570887565613
v -0.03003406524658203 0.034949999302625656 -0.18556460738182068
v -0.02524728886783123 0.034949999302625656 -0.18681570887565613
v -0.02524728886783123 0.025750000029802322 -0.18681570887565613
v -0.02524728886783123 0.034949999302625656 -0.18681570887565613
v -0.01941766031086445 0.034949999302625656 -0.18772754073143005
v -0.044914890080690384 0.025750000029802322 -0.17827492952346802
v -0.04000500217080116 0.034949999302625656 -0.18132589757442474
v -0.03550926595926285 0.025750000029802322 -0.18353131413459778
v -0.03550926595926285 0.025750000029802322 -0.18353131413459778
v -0.04000500217080116 0.034949999302625656 -0.18132589757442474
v -0.03550926595926285 0.034949999302625656 -0.18353131413459778
v -0.03550926595926285 0.025750000029802322 -0.18353131413459778
v -0.03550926595926285 0.034949999302625656 -0.18353131413459778
v -0.03003406524658203 0.034949999302625656 -0.18556460738182068
v -0.0530896931886673 0.025750000029802322 -0.17125581204891205
v -0.048929084092378616 0.034949999302625656 -0.1751820296049118
v -0.044914890080690384 0.025750000029802322 -0.17827492952346802
v -0.044914890080690384 0.025750000029802322 -0.17827492952346802
v -0.048929084092378616 0.034949999302625656 -0.1751820296049118
v -0.044914890080690384 0.034949999302625656 -0.17827492952346802
v -0.044914890080690384 0.025750000029802322 -0.17827492952346802
v -0.044914890080690384 0.034949999302625656 -0.17827492952346802
v -0.04000500217080116 0.034949999302625656 -0.18132589757442474
v -0.059708207845687866 0.025750000029802322 -0.16275343298912048
v -0.05644706264138222 0.034949999302625656 -0.16738033294677734
v -0.0530896931886673 0.025750000029802322 -0.17125581204891205
v -0.0530896931886673 0.025750000029802322 -0.17125581204891205
v -0.05644706264138222 0.034949999302625656 -0.16738033294677734
v -0.0530896931886673 0.034949999302625656 -0.17125581204891205
v -0.0530896931886673 0.025750000029802322 -0.17125581204891205
v -0.0530896931886673 0.034949999302625656 -0.17125581204891205
v -0.048929084092378616 0.034949999302625656 -0.1751820296049118
v -0.06450693309307098 0.025750000029802322 -0.15310627222061157
v -0.06225629523396492 0.034949999302625656 -0.15823489427566528
v -0.059708207845687866 0.025750000029802322 -0.16275343298912048
v -0.059708207845687866 0.025750000029802322 -0.16275343298912048
v -0.06225629523396492 0.034949999302625656 -0.15823489427566528
v -0.059708207845687866 0.034949999302625656 -0.16275343298912048
v -0.059708207845687866 0.025750000029802322 -0.16275343298912048
v -0.059708207845687866 0.034949999302625656 -0.16275343298912048
v -0.05644706264138222 0.034949999302625656 -0.16738033294677734
v -0.06729481369256973 0.025750000029802322 -0.14269843697547913
v -0.06612292677164078 0.034949999302625656 -0.14811384677886963
v -0.06450693309307098 0.025750000029802322 -0.15310627222061157
v -0.06450693309307098 0.025750000029802322 -0.15310627222061157
v -0.06612292677164078 0.034949999302625656 -0.14811384677886963
v -0.06450693309307098 0.034949999302625656 -0.15310627222061157
v -0.06450693309307098 0.025750000029802322 -0.15310627222061157
v -0.06450693309307098 0.034949999302625656 -0.15310627222061157
v -0.06225629523396492 0.034949999302625656 -0.15823489427566528
v -0.06749022752046585 0.034949999302625656 -0.1265975683927536
v -0.06796085834503174 0.034949999302625656 -0.13194428384304047
v -0.06796085834503174 0.025750000029802322 -0.13194428384304047
v -0.06796085834503174 0.025750000029802322 -0.13194428384304047
v -0.06796085834503174 0.034949999302625656 -0.13194428384304047
v -0.06789129972457886 0.034949999302625656 -0.13742463290691376
v -0.06796085834503174 0.025750000029802322 -0.13194428384304047
v -0.06789129972457886 0.034949999302625656 -0.13742463290691376
v -0.06729481369256973 0.025750000029802322 -0.14269843697547913
v -0.06729481369256973 0.025750000029802322 -0.14269843697547913
v -0.06789129972457886 0.034949999302625656 -0.13742463290691376
v -0.06729481369256973 0.034949999302625656 -0.14269843697547913
v -0.06729481369256973 0.025750000029802322 -0.14269843697547913
v -0.06729481369256973 0.034949999302625656 -0.14269843697547913
v -0.06612292677164078 0.034949999302625656 -0.14811384677886963
v -0.06749022752046585 0.034949999302625656 -0.1265975683927536
v -0.06796085834503174 0.025750000029802322 -0.13194428384304047
v -0.06647854298353195 0.034949999302625656 -0.12127197533845901
v -0.06647854298353195 0.034949999302625656 -0.12127197533845901
v -0.06796085834503174 0.025750000029802322 -0.13194428384304047
v -0.06647854298353195 0.025750000029802322 -0.12127197533845901
v -0.06647854298353195 0.034949999302625656 -0.12127197533845901
v -0.06647854298353195 0.025750000029802322 -0.12127197533845901
v -0.0649358481168747 0.034949999302625656 -0.11606848984956741
v -0.0649358481168747 0.034949999302625656 -0.11606848984956741
v -0.06647854298353195 0.025750000029802322 -0.12127197533845901
v -0.0629068911075592 0.025750000029802322 -0.11110641062259674
v -0.0649358481168747 0.034949999302625656 -0.11606848984956741
v -0.0629068911075592 0.025750000029802322 -0.11110641062259674
v -0.0629068911075592 0.034949999302625656 -0.11110641062259674
v -0.0629068911075592 0.034949999302625656 -0.11110641062259674
v -0.0629068911075592 0.025750000029802322 -0.11110641062259674
v -0.06033100560307503 0.034949999302625656 -0.10626126080751419
v -0.06033100560307503 0.034949999302625656 -0.10626126080751419
v -0.0629068911075592 0.025750000029802322 -0.11110641062259674
v -0.05738808959722519 0.025750000029802322 -0.10185232013463974
v -0.06033100560307503 0.034949999302625656 -0.10626126080751419
v -0.05738808959722519 0.025750000029802322 -0.10185232013463974
v -0.05738808959722519 0.034949999302625656 -0.10185232013463974
v -0.05738808959722519 0.034949999302625656 -0.10185232013463974
v -0.05738808959722519 0.025750000029802322 -0.10185232013463974
v -0.053861066699028015 0.034949999302625656 -0.09757068008184433
v -0.053861066699028015 0.034949999302625656 -0.09757068008184433
v -0.05738808959722519 0.025750000029802322 -0.10185232013463974
v -0.05014187470078468 0.025750000029802322 -0.0938781276345253
v -0.053861066699028015 0.034949999302625656 -0.09757068008184433
v -0.05014187470078468 0.025750000029802322 -0.0938781276345253
v -0.05014187470078468 0.034949999302625656 -0.0938781276345253
v -0.05014187470078468 0.034949999302625656 -0.0938781276345253
v -0.05014187470078468 0.025750000029802322 -0.0938781276345253
v -0.045786477625370026 0.034949999302625656 -0.09034659713506699
v -0.045786477625370026 0.034949999302625656 -0.09034659713506699
v -0.05014187470078468 0.025750000029802322 -0.0938781276345253
v -0.041456736624240875 0.025750000029802322 -0.08750131726264954
v -0.045786477625370026 0.034949999302625656 -0.09034659713506699
v -0.041456736624240875 0.025750000029802322 -0.08750131726264954
v -0.041456736624240875 0.034949999302625656 -0.08750131726264954
v -0.041456736624240875 0.034949999302625656 -0.08750131726264954
v -0.041456736624240875 0.025750000029802322 -0.08750131726264954
v -0.040156248956918716 0.025750000029802322 -0.08675753325223923
v -0.041456736624240875 0.034949999302625656 -0.08750131726264954
v -0.040156248956918716 0.025750000029802322 -0.08675753325223923
v -0.040156248956918716 0.030744917690753937 -0.08675753325223923
v 0.03999968618154526 0.039449598640203476 -0.1340000033378601
v 0.04000000283122063 0.03937996178865433 -0.1340000033378601
v 0.03977032005786896 0.03945000097155571 -0.13897521793842316
v 0.03977032005786896 0.03945000097155571 -0.13897521793842316
v 0.04000000283122063 0.03937996178865433 -0.1340000033378601
v 0.04000000283122063 0.034804295748472214 -0.1340000033378601
v 0.03977032005786896 0.03945000097155571 -0.13897521793842316
v 0.04000000283122063 0.034804295748472214 -0.1340000033378601
v 0.03911109268665314 0.03945000097155571 -0.1437576562166214
v 0.03911109268665314 0.03945000097155571 -0.1437576562166214
v 0.04000000283122063 0.034804295748472214 -0.1340000033378601
v 0.03911109268665314 0.025750000029802322 -0.1437576562166214
v 0.03911109268665314 0.03945000097155571 -0.1437576562166214
v 0.03911109268665314 0.025750000029802322 -0.1437576562166214
v 0.03870872035622597 0.03945000097155571 -0.14573843777179718
v 0.03870872035622597 0.03945000097155571 -0.14573843777179718
v 0.03911109268665314 0.025750000029802322 -0.1437576562166214
v 0.036116573959589005 0.025750000029802322 -0.1541079431772232
v 0.03870872035622597 0.03945000097155571 -0.14573843777179718
v 0.036116573959589005 0.025750000029802322 -0.1541079431772232
v 0.03679994121193886 0.03945000097155571 -0.1523130089044571
v 0.03057669661939144 0.03945000097155571 -0.1644781529903412
v 0.031126750633120537 0.03945000097155571 -0.16365765035152435
v 0.031126750633120537 0.025750000029802322 -0.16365765035152435
v 0.031126750633120537 0.025750000029802322 -0.16365765035152435
v 0.031126750633120537 0.03945000097155571 -0.16365765035152435
v 0.03407466784119606 0.03945000097155571 -0.15859322249889374
v 0.031126750633120537 0.025750000029802322 -0.16365765035152435
v 0.03407466784119606 0.03945000097155571 -0.15859322249889374
v 0.036116573959589005 0.025750000029802322 -0.1541079431772232
v 0.036116573959589005 0.025750000029802322 -0.1541079431772232
v 0.03407466784119606 0.03945000097155571 -0.15859322249889374
v 0.036116573959589005 0.03945000097155571 -0.1541079431772232
v 0.036116573959589005 0.025750000029802322 -0.1541079431772232
v 0.036116573959589005 0.03945000097155571 -0.1541079431772232
v 0.03679994121193886 0.03945000097155571 -0.1523130089044571
v -0.019458673894405365 0.04204753041267395 -0.08178360760211945
v -0.020996438339352608 0.042048074305057526 -0.0819682851433754
v -0.021318495273590088 0.041836682707071304 -0.08169186860322952
v -0.016917675733566284 0.04228799045085907 -0.08210943639278412
v -0.016741326078772545 0.04230276495218277 -0.0821441188454628
v -0.02079654112458229 0.04244999960064888 -0.08345489948987961
v -0.016917675733566284 0.04228799045085907 -0.08210943639278412
v -0.02079654112458229 0.04244999960064888 -0.08345489948987961
v -0.01829073391854763 0.04216459020972252 -0.08189928531646729
v -0.016741326078772545 0.04230276495218277 -0.0821441188454628
v -0.0159135852009058 0.04236894100904465 -0.08234278112649918
v -0.02079654112458229 0.04244999960064888 -0.08345489948987961
v -0.02079654112458229 0.04244999960064888 -0.08345489948987961
v -0.0159135852009058 0.04236894100904465 -0.08234278112649918
v -0.015413772314786911 0.042406413704156876 -0.08250989764928818
v -0.02079654112458229 0.04244999960064888 -0.08345489948987961
v -0.015413772314786911 0.042406413704156876 -0.08250989764928818
v -0.01504505518823862 0.042432915419340134 -0.08269095420837402
v -0.014813180081546307 0.04244938865303993 -0.08294589072465897
v -0.01480700820684433 0.04244999960064888 -0.08300638943910599
v -0.014847913756966591 0.04244683310389519 -0.08286922425031662
v -0.014847913756966591 0.04244683310389519 -0.08286922425031662
v -0.01480700820684433 0.04244999960064888 -0.08300638943910599
v -0.02079654112458229 0.04244999960064888 -0.08345489948987961
v -0.014847913756966591 0.04244683310389519 -0.08286922425031662
v -0.02079654112458229 0.04244999960064888 -0.08345489948987961
v -0.014914607629179955 0.042442113161087036 -0.08279076963663101
v -0.014914607629179955 0.042442113161087036 -0.08279076963663101
v -0.02079654112458229 0.04244999960064888 -0.08345489948987961
v -0.01504505518823862 0.042432915419340134 -0.08269095420837402
v -0.021318495273590088 0.041836682707071304 -0.08169186860322952
v -0.020996438339352608 0.042048074305057526 -0.0819682851433754
v -0.023248426616191864 0.04158380255103111 -0.08170270174741745
v -0.023248426616191864 0.04158380255103111 -0.08170270174741745
v -0.020996438339352608 0.042048074305057526 -0.0819682851433754
v -0.02615254372358322 0.042048074305057526 -0.08292587846517563
v -0.023248426616191864 0.04158380255103111 -0.08170270174741745
v -0.02615254372358322 0.042048074305057526 -0.08292587846517563
v -0.024821648374199867 0.041349999606609344 -0.08178804069757462
v -0.024821648374199867 0.041349999606609344 -0.08178804069757462
v -0.02615254372358322 0.042048074305057526 -0.08292587846517563
v -0.026869498193264008 0.041005756705999374 -0.08200391381978989
v -0.026869498193264008 0.041005756705999374 -0.08200391381978989
v -0.02615254372358322 0.042048074305057526 -0.08292587846517563
v -0.0311873871833086 0.042048074305057526 -0.08439310640096664
v -0.026869498193264008 0.041005756705999374 -0.08200391381978989
v -0.0311873871833086 0.042048074305057526 -0.08439310640096664
v -0.03154687210917473 0.040950000286102295 -0.08335554599761963
v -0.03223296254873276 0.039873577654361725 -0.08320321142673492
v -0.030472876504063606 0.040282703936100006 -0.08269768953323364
v -0.03154687210917473 0.040950000286102295 -0.08335554599761963
v -0.03154687210917473 0.040950000286102295 -0.08335554599761963
v -0.030472876504063606 0.040282703936100006 -0.08269768953323364
v -0.028847649693489075 0.040627844631671906 -0.08233193308115005
v -0.03154687210917473 0.040950000286102295 -0.08335554599761963
v -0.028847649693489075 0.040627844631671906 -0.08233193308115005
v -0.026869498193264008 0.041005756705999374 -0.08200391381978989
v -0.03154687210917473 0.040950000286102295 -0.08335554599761963
v -0.037071406841278076 0.040952008217573166 -0.08562294393777847
v -0.03223296254873276 0.039873577654361725 -0.08320321142673492
v -0.03223296254873276 0.039873577654361725 -0.08320321142673492
v -0.037071406841278076 0.040952008217573166 -0.08562294393777847
v -0.03711334615945816 0.04087826609611511 -0.08559722453355789
v -0.03223296254873276 0.039873577654361725 -0.08320321142673492
v -0.03711334615945816 0.04087826609611511 -0.08559722453355789
v -0.03391460329294205 0.03945000097155571 -0.08380629122257233
v -0.03391460329294205 0.03945000097155571 -0.08380629122257233
v -0.03711334615945816 0.04087826609611511 -0.08559722453355789
v -0.037411533296108246 0.04008553549647331 -0.08541449904441833
v -0.03391460329294205 0.03945000097155571 -0.08380629122257233
v -0.037411533296108246 0.04008553549647331 -0.08541449904441833
v -0.03748059272766113 0.03945000097155571 -0.08537221699953079
v -0.03441295027732849 0.04244999960064888 -0.08726338297128677
v -0.035608816891908646 0.042215269058942795 -0.08652295917272568
v -0.0311873871833086 0.042048074305057526 -0.08439310640096664
v -0.0311873871833086 0.042048074305057526 -0.08439310640096664
v -0.035608816891908646 0.042215269058942795 -0.08652295917272568
v -0.03594651445746422 0.04205194115638733 -0.0863146185874939
v -0.0311873871833086 0.042048074305057526 -0.08439310640096664
v -0.03594651445746422 0.04205194115638733 -0.0863146185874939
v -0.03154687210917473 0.040950000286102295 -0.08335554599761963
v -0.03154687210917473 0.040950000286102295 -0.08335554599761963
v -0.03594651445746422 0.04205194115638733 -0.0863146185874939
v -0.03653448075056076 0.041622091084718704 -0.08595264703035355
v -0.03154687210917473 0.040950000286102295 -0.08335554599761963
v -0.03653448075056076 0.041622091084718704 -0.08595264703035355
v -0.037071406841278076 0.040952008217573166 -0.08562294393777847
v -0.03441295027732849 0.04244999960064888 -0.08726338297128677
v -0.0311873871833086 0.042048074305057526 -0.08439310640096664
v -0.030696319416165352 0.04244999960064888 -0.08581045269966125
v -0.030696319416165352 0.04244999960064888 -0.08581045269966125
v -0.0311873871833086 0.042048074305057526 -0.08439310640096664
v -0.02615254372358322 0.042048074305057526 -0.08292587846517563
v -0.030696319416165352 0.04244999960064888 -0.08581045269966125
v -0.02615254372358322 0.042048074305057526 -0.08292587846517563
v -0.02580532804131508 0.04244999960064888 -0.08438514173030853
v -0.02580532804131508 0.04244999960064888 -0.08438514173030853
v -0.02615254372358322 0.042048074305057526 -0.08292587846517563
v -0.020996438339352608 0.042048074305057526 -0.0819682851433754
v -0.02580532804131508 0.04244999960064888 -0.08438514173030853
v -0.020996438339352608 0.042048074305057526 -0.0819682851433754
v -0.02079654112458229 0.04244999960064888 -0.08345489948987961
v -0.02079654112458229 0.04244999960064888 -0.08345489948987961
v -0.020996438339352608 0.042048074305057526 -0.0819682851433754
v -0.019458673894405365 0.04204753041267395 -0.08178360760211945
v -0.02079654112458229 0.04244999960064888 -0.08345489948987961
v -0.019458673894405365 0.04204753041267395 -0.08178360760211945
v -0.01829073391854763 0.04216459020972252 -0.08189928531646729
v 0.039878152310848236 0.04029630497097969 -0.13398505747318268
v 0.039879653602838516 0.040290672332048416 -0.1340000033378601
v 0.03987456485629082 0.04030841216444969 -0.13397343456745148
v 0.03987456485629082 0.04030841216444969 -0.13397343456745148
v 0.039879653602838516 0.040290672332048416 -0.1340000033378601
v 0.039789021015167236 0.04055515676736832 -0.1340000033378601
v 0.03987456485629082 0.04030841216444969 -0.13397343456745148
v 0.039789021015167236 0.04055515676736832 -0.1340000033378601
v 0.03985900804400444 0.040358852595090866 -0.13394805788993835
v 0.03985900804400444 0.040358852595090866 -0.13394805788993835
v 0.039789021015167236 0.04055515676736832 -0.1340000033378601
v 0.03979019448161125 0.040552109479904175 -0.13391277194023132
v 0.03967525064945221 0.04081062600016594 -0.1340000033378601
v 0.03968081995844841 0.04079655185341835 -0.1339758187532425
v 0.039789021015167236 0.04055515676736832 -0.1340000033378601
v 0.039789021015167236 0.04055515676736832 -0.1340000033378601
v 0.03968081995844841 0.04079655185341835 -0.1339758187532425
v 0.03970814868807793 0.040740691125392914 -0.1339452862739563
v 0.039789021015167236 0.04055515676736832 -0.1340000033378601
v 0.03970814868807793 0.040740691125392914 -0.1339452862739563
v 0.03979019448161125 0.040552109479904175 -0.13391277194023132
v 0.03933978080749512 0.04132761061191559 -0.13398262858390808
v 0.039344534277915955 0.04132230952382088 -0.1340000033378601
v 0.039330098778009415 0.041339609771966934 -0.13396897912025452
v 0.039330098778009415 0.041339609771966934 -0.13396897912025452
v 0.039344534277915955 0.04132230952382088 -0.1340000033378601
v 0.03915557265281677 0.04153650626540184 -0.1340000033378601
v 0.039330098778009415 0.041339609771966934 -0.13396897912025452
v 0.03915557265281677 0.04153650626540184 -0.1340000033378601
v 0.03928694501519203 0.04139160364866257 -0.13393759727478027
v 0.03928694501519203 0.04139160364866257 -0.13393759727478027
v 0.03915557265281677 0.04153650626540184 -0.1340000033378601
v 0.03914186358451843 0.041550539433956146 -0.1339021474123001
v 0.03894755616784096 0.041732244193553925 -0.1340000033378601
v 0.038962189108133316 0.04171931743621826 -0.13396857678890228
v 0.03915557265281677 0.04153650626540184 -0.1340000033378601
v 0.03915557265281677 0.04153650626540184 -0.1340000033378601
v 0.038962189108133316 0.04171931743621826 -0.13396857678890228
v 0.03897660970687866 0.041706763207912445 -0.13395582139492035
v 0.03915557265281677 0.04153650626540184 -0.1340000033378601
v 0.03897660970687866 0.041706763207912445 -0.13395582139492035
v 0.03914186358451843 0.041550539433956146 -0.1339021474123001
v -0.040093112736940384 -0.019307825714349747 -0.000500005146022886
v -0.03825788199901581 -0.02272849529981613 -0.08539430797100067
v -0.03697547689080238 -0.024760127067565918 -0.08397609740495682
v -0.04254918918013573 -0.01303136721253395 -0.08868712931871414
v -0.04200732707977295 -0.014684490859508514 -0.0883115902543068
v -0.04338429123163223 -0.009902182966470718 -0.000500005146022886
v -0.04338429123163223 -0.009902182966470718 -0.000500005146022886
v -0.04200732707977295 -0.014684490859508514 -0.0883115902543068
v -0.04040996730327606 -0.018635574728250504 -0.08726195991039276
v -0.04338429123163223 -0.009902182966470718 -0.000500005146022886
v -0.04040996730327606 -0.018635574728250504 -0.08726195991039276
v -0.040093112736940384 -0.019307825714349747 -0.000500005146022886
v -0.040093112736940384 -0.019307825714349747 -0.000500005146022886
v -0.04040996730327606 -0.018635574728250504 -0.08726195991039276
v -0.04009225219488144 -0.019309617578983307 -0.08706305921077728
v -0.040093112736940384 -0.019307825714349747 -0.000500005146022886
v -0.04009225219488144 -0.019309617578983307 -0.08706305921077728
v -0.03825788199901581 -0.02272849529981613 -0.08539430797100067
v -0.03825788199901581 -0.02272849529981613 -0.08539430797100067
v -0.04009225219488144 -0.019309617578983307 -0.08706305921077728
v -0.03842664510011673 -0.022441990673542023 -0.08607146143913269
v -0.03825788199901581 -0.02272849529981613 -0.08539430797100067
v -0.03842664510011673 -0.022441990673542023 -0.08607146143913269
v -0.03825788199901581 -0.02272849529981613 -0.08597565442323685
v -0.04448338970541954 -0.0012157708406448364 -0.09011334925889969
v -0.044196002185344696 -0.005192624405026436 -0.0898926630616188
v -0.04450000077486038 -2.980225788373758e-11 -0.000500005146022886
v -0.04450000077486038 -2.980225788373758e-11 -0.000500005146022886
v -0.044196002185344696 -0.005192624405026436 -0.0898926630616188
v -0.04355411231517792 -0.009126294404268265 -0.08941099792718887
v -0.04450000077486038 -2.980225788373758e-11 -0.000500005146022886
v -0.04355411231517792 -0.009126294404268265 -0.08941099792718887
v -0.04338429123163223 -0.009902182966470718 -0.000500005146022886
v -0.04338429123163223 -0.009902182966470718 -0.000500005146022886
v -0.04355411231517792 -0.009126294404268265 -0.08941099792718887
v -0.043383605778217316 -0.009905185550451279 -0.08928561955690384
v -0.04338429123163223 -0.009902182966470718 -0.000500005146022886
v -0.043383605778217316 -0.009905185550451279 -0.08928561955690384
v -0.04254918918013573 -0.01303136721253395 -0.08868712931871414
v -0.04338429123163223 0.00990218110382557 -0.000500005146022886
v -0.04338351637125015 0.009905582293868065 -0.08928555250167847
v -0.04450000077486038 -2.980225788373758e-11 -0.000500005146022886
v -0.04450000077486038 -2.980225788373758e-11 -0.000500005146022886
v -0.04338351637125015 0.009905582293868065 -0.08928555250167847
v -0.04391893744468689 0.007167758420109749 -0.08968287706375122
v -0.04450000077486038 -2.980225788373758e-11 -0.000500005146022886
v -0.04391893744468689 0.007167758420109749 -0.08968287706375122
v -0.04411577805876732 0.0058350712060928345 -0.08983162045478821
v -0.04411577805876732 0.0058350712060928345 -0.08983162045478821
v -0.04445666819810867 0.001963334158062935 -0.09009269624948502
v -0.04450000077486038 -2.980225788373758e-11 -0.000500005146022886
v -0.04450000077486038 -2.980225788373758e-11 -0.000500005146022886
v -0.04445666819810867 0.001963334158062935 -0.09009269624948502
v -0.04450000077486038 1.3408065058229113e-07 -0.09012620151042938
v -0.04450000077486038 -2.980225788373758e-11 -0.000500005146022886
v -0.04450000077486038 1.3408065058229113e-07 -0.09012620151042938
v -0.04448338970541954 -0.0012157708406448364 -0.09011334925889969
v -0.04009275883436203 0.019308561459183693 -0.08706337958574295
v -0.04044731706380844 0.018554365262389183 -0.08728554844856262
v -0.04338429123163223 0.00990218110382557 -0.000500005146022886
v -0.04044731706380844 0.018554365262389183 -0.08728554844856262
v -0.041954245418310165 0.014835470356047153 -0.08827534317970276
v -0.04338429123163223 0.00990218110382557 -0.000500005146022886
v -0.04338429123163223 0.00990218110382557 -0.000500005146022886
v -0.041954245418310165 0.014835470356047153 -0.08827534317970276
v -0.043109189718961716 0.011038468219339848 -0.08908604085445404
v -0.04338429123163223 0.00990218110382557 -0.000500005146022886
v -0.043109189718961716 0.011038468219339848 -0.08908604085445404
v -0.04338351637125015 0.009905582293868065 -0.08928555250167847
v -0.034791499376297 0.02774529531598091 -0.000500005146022886
v -0.03479078412055969 0.02774619311094284 -0.07823559641838074
v -0.040093112736940384 0.019307825714349747 -0.000500005146022886
v -0.040093112736940384 0.019307825714349747 -0.000500005146022886
v -0.03479078412055969 0.02774619311094284 -0.07823559641838074
v -0.03523827716708183 0.02717561088502407 -0.08017890155315399
v -0.03523827716708183 0.02717561088502407 -0.08017890155315399
v -0.03596530109643936 0.02620585821568966 -0.08229544758796692
v -0.040093112736940384 0.019307825714349747 -0.000500005146022886
v -0.040093112736940384 0.019307825714349747 -0.000500005146022886
v -0.03596530109643936 0.02620585821568966 -0.08229544758796692
v -0.03697547689080238 0.024760128930211067 -0.08397609740495682
v -0.040093112736940384 0.019307825714349747 -0.000500005146022886
v -0.03697547689080238 0.024760128930211067 -0.08397609740495682
v -0.03825788199901581 0.02272849529981613 -0.08539430797100067
v -0.04338429123163223 0.00990218110382557 -0.000500005146022886
v -0.040093112736940384 0.019307825714349747 -0.000500005146022886
v -0.04009275883436203 0.019308561459183693 -0.08706337958574295
v -0.04009275883436203 0.019308561459183693 -0.08706337958574295
v -0.040093112736940384 0.019307825714349747 -0.000500005146022886
v -0.03825788199901581 0.02272849529981613 -0.08539430797100067
v -0.04009275883436203 0.019308561459183693 -0.08706337958574295
v -0.03825788199901581 0.02272849529981613 -0.08539430797100067
v -0.039562903344631195 0.02037219889461994 -0.086738720536232
v -0.039562903344631195 0.02037219889461994 -0.086738720536232
v -0.03825788199901581 0.02272849529981613 -0.08539430797100067
v -0.03825788199901581 0.02272849529981613 -0.08597565442323685
v -0.03431325405836105 0.028334619477391243 -0.07646175473928452
v -0.034791499376297 0.02774529531598091 -0.000500005146022886
v -0.03332697972655296 0.029488343745470047 -0.0758889690041542
v -0.03332697972655296 0.029488343745470047 -0.0758889690041542
v -0.034791499376297 0.02774529531598091 -0.000500005146022886
v -0.030702954158186913 0.03221146762371063 -0.07451116293668747
v -0.03431325405836105 0.028334619477391243 -0.07646175473928452
v -0.03431963548064232 0.028326889500021935 -0.07648086547851562
v -0.034791499376297 0.02774529531598091 -0.000500005146022886
v -0.034791499376297 0.02774529531598091 -0.000500005146022886
v -0.03431963548064232 0.028326889500021935 -0.07648086547851562
v -0.034683242440223694 0.027880508452653885 -0.07777014374732971
v -0.034791499376297 0.02774529531598091 -0.000500005146022886
v -0.034683242440223694 0.027880508452653885 -0.07777014374732971
v -0.03479078412055969 0.02774619311094284 -0.07823559641838074
v -0.01998213492333889 0.039761342108249664 -0.0747808888554573
v -0.02154962718486786 0.038934092968702316 -0.07421029359102249
v -0.019307825714349747 0.040093112736940384 -0.000500005146022886
v -0.019307825714349747 0.040093112736940384 -0.000500005146022886
v -0.02154962718486786 0.038934092968702316 -0.07421029359102249
v -0.02361666038632393 0.0377160869538784 -0.07370410114526749
v -0.019307825714349747 0.040093112736940384 -0.000500005146022886
v -0.02361666038632393 0.0377160869538784 -0.07370410114526749
v -0.02774529531598091 0.034791499376297 -0.000500005146022886
v -0.02774529531598091 0.034791499376297 -0.000500005146022886
v -0.02361666038632393 0.0377160869538784 -0.07370410114526749
v -0.02562854252755642 0.03637894615530968 -0.0734926387667656
v -0.02562854252755642 0.03637894615530968 -0.0734926387667656
v -0.02727968618273735 0.03515776991844177 -0.07355060428380966
v -0.02774529531598091 0.034791499376297 -0.000500005146022886
v -0.02774529531598091 0.034791499376297 -0.000500005146022886
v -0.02727968618273735 0.03515776991844177 -0.07355060428380966
v -0.027748459950089455 0.03478897735476494 -0.07360973209142685
v -0.02774529531598091 0.034791499376297 -0.000500005146022886
v -0.027748459950089455 0.03478897735476494 -0.07360973209142685
v -0.034791499376297 0.02774529531598091 -0.000500005146022886
v -0.034791499376297 0.02774529531598091 -0.000500005146022886
v -0.027748459950089455 0.03478897735476494 -0.07360973209142685
v -0.029049497097730637 0.033710189163684845 -0.07388544827699661
v -0.034791499376297 0.02774529531598091 -0.000500005146022886
v -0.029049497097730637 0.033710189163684845 -0.07388544827699661
v -0.030702954158186913 0.03221146762371063 -0.07451116293668747
v -0.012856868095695972 0.04260224103927612 -0.08223463594913483
v -0.013193276710808277 0.04249926283955574 -0.08255883306264877
v -0.013350936584174633 0.04244999960064888 -0.07962074875831604
v -0.013350936584174633 0.04244999960064888 -0.07962074875831604
v -0.013193276710808277 0.04249926283955574 -0.08255883306264877
v -0.013307174667716026 0.04246373847126961 -0.08276598155498505
v -0.013350936584174633 0.04244999960064888 -0.07962074875831604
v -0.013307174667716026 0.04246373847126961 -0.08276598155498505
v -0.013350936584174633 0.04244999960064888 -0.08300000429153442
v -0.013350936584174633 0.04244999960064888 -0.07962074875831604
v -0.013802901841700077 0.042305197566747665 -0.07905412465333939
v -0.009902182035148144 0.04338429123163223 -0.000500005146022886
v -0.009902182035148144 0.04338429123163223 -0.000500005146022886
v -0.013802901841700077 0.042305197566747665 -0.07905412465333939
v -0.013962111435830593 0.04225292056798935 -0.07887279987335205
v -0.009902182035148144 0.04338429123163223 -0.000500005146022886
v -0.013962111435830593 0.04225292056798935 -0.07887279987335205
v -0.015219926834106445 0.041816309094429016 -0.07765664160251617
v -0.015219926834106445 0.041816309094429016 -0.07765664160251617
v -0.016313018277287483 0.04140211641788483 -0.07680757343769073
v -0.009902182035148144 0.04338429123163223 -0.000500005146022886
v -0.009902182035148144 0.04338429123163223 -0.000500005146022886
v -0.016313018277287483 0.04140211641788483 -0.07680757343769073
v -0.018092313781380653 0.04065609723329544 -0.0756915882229805
v -0.009902182035148144 0.04338429123163223 -0.000500005146022886
v -0.018092313781380653 0.04065609723329544 -0.0756915882229805
v -0.019307825714349747 0.040093112736940384 -0.000500005146022886
v -0.019307825714349747 0.040093112736940384 -0.000500005146022886
v -0.018092313781380653 0.04065609723329544 -0.0756915882229805
v -0.019297394901514053 0.04009813442826271 -0.07508159428834915
v -0.019307825714349747 0.040093112736940384 -0.000500005146022886
v -0.019297394901514053 0.04009813442826271 -0.07508159428834915
v -0.01998213492333889 0.039761342108249664 -0.0747808888554573
v -0.005308909807354212 0.0441821850836277 -0.08101801574230194
v -0.008098464459180832 0.0437568835914135 -0.081123948097229
v -0.009902182035148144 0.04338429123163223 -0.000500005146022886
v -0.009902182035148144 0.04338429123163223 -0.000500005146022886
v -0.008098464459180832 0.0437568835914135 -0.081123948097229
v -0.009902182035148144 0.04338429123163223 -0.08130759000778198
v -0.009902182035148144 0.04338429123163223 -0.000500005146022886
v -0.009902182035148144 0.04338429123163223 -0.08130759000778198
v -0.013350936584174633 0.04244999960064888 -0.07962074875831604
v -0.013350936584174633 0.04244999960064888 -0.07962074875831604
v -0.009902182035148144 0.04338429123163223 -0.08130759000778198
v -0.011321267113089561 0.04303578659892082 -0.08158578723669052
v -0.013350936584174633 0.04244999960064888 -0.07962074875831604
v -0.011321267113089561 0.04303578659892082 -0.08158578723669052
v -0.012856868095695972 0.04260224103927612 -0.08223463594913483
v -0.005308909807354212 0.0441821850836277 -0.08101801574230194
v -0.009902182035148144 0.04338429123163223 -0.000500005146022886
v -0.0021089096553623676 0.044449999928474426 -0.08100000023841858
v -0.0021089096553623676 0.044449999928474426 -0.08100000023841858
v -0.009902182035148144 0.04338429123163223 -0.000500005146022886
v 4.3213368994265977e-10 0.04450000077486038 -0.000500005146022886
v -0.0021089096553623676 0.044449999928474426 -0.08100000023841858
v 4.3213368994265977e-10 0.04450000077486038 -0.000500005146022886
v 4.3213368994265977e-10 0.04450000077486038 -0.08100000023841858
v 0.00990218110382557 0.04338429123163223 -0.000500005146022886
v 0.00847955234348774 0.04368463158607483 -0.08115224540233612
v 0.005309999454766512 0.044182054698467255 -0.08101803064346313
v 0.00990218110382557 0.04338429123163223 -0.000500005146022886
v 0.005309999454766512 0.044182054698467255 -0.08101803064346313
v 4.3213368994265977e-10 0.04450000077486038 -0.000500005146022886
v 4.3213368994265977e-10 0.04450000077486038 -0.000500005146022886
v 0.005309999454766512 0.044182054698467255 -0.08101803064346313
v 0.0021089096553623676 0.044449999928474426 -0.08100000023841858
v 4.3213368994265977e-10 0.04450000077486038 -0.000500005146022886
v 0.0021089096553623676 0.044449999928474426 -0.08100000023841858
v 4.3213368994265977e-10 0.04450000077486038 -0.08100000023841858
v 0.013350935652852058 0.04244999960064888 -0.08300000429153442
v 0.01330692507326603 0.042463816702365875 -0.08276531845331192
v 0.013350935652852058 0.04244999960064888 -0.08100000023841858
v 0.013350935652852058 0.04244999960064888 -0.08100000023841858
v 0.01330692507326603 0.042463816702365875 -0.08276531845331192
v 0.013118065893650055 0.04252253845334053 -0.0824662446975708
v 0.012856867164373398 0.04260224103927612 -0.08223463594913483
v 0.011321267113089561 0.04303578659892082 -0.08158578723669052
v 0.00990218110382557 0.04338429123163223 -0.000500005146022886
v 0.00990218110382557 0.04338429123163223 -0.000500005146022886
v 0.011321267113089561 0.04303578659892082 -0.08158578723669052
v 0.009910829365253448 0.04338231682777405 -0.08130883425474167
v 0.00990218110382557 0.04338429123163223 -0.000500005146022886
v 0.009910829365253448 0.04338231682777405 -0.08130883425474167
v 0.00847955234348774 0.04368463158607483 -0.08115224540233612
v 0.013118065893650055 0.04252253845334053 -0.0824662446975708
v 0.012856867164373398 0.04260224103927612 -0.08223463594913483
v 0.013350935652852058 0.04244999960064888 -0.08100000023841858
v 0.013350935652852058 0.04244999960064888 -0.08100000023841858
v 0.012856867164373398 0.04260224103927612 -0.08223463594913483
v 0.00990218110382557 0.04338429123163223 -0.000500005146022886
v 0.013350935652852058 0.04244999960064888 -0.08100000023841858
v 0.00990218110382557 0.04338429123163223 -0.000500005146022886
v 0.019307827576994896 0.040093112736940384 -0.08100000023841858
v 0.019307827576994896 0.040093112736940384 -0.08100000023841858
v 0.00990218110382557 0.04338429123163223 -0.000500005146022886
v 0.019307827576994896 0.040093112736940384 -0.000500005146022886
v 0.019307827576994896 0.040093112736940384 -0.08100000023841858
v 0.019307827576994896 0.040093112736940384 -0.000500005146022886
v 0.025995055213570595 0.03611795976758003 -0.08100000023841858
v 0.025995055213570595 0.03611795976758003 -0.08100000023841858
v 0.019307827576994896 0.040093112736940384 -0.000500005146022886
v 0.02774529717862606 0.034791499376297 -0.000500005146022886
v 0.025995055213570595 0.03611795976758003 -0.08100000023841858
v 0.02774529717862606 0.034791499376297 -0.000500005146022886
v 0.02774529717862606 0.034791499376297 -0.08100000023841858
v 0.02774529717862606 0.034791499376297 -0.08100000023841858
v 0.02774529717862606 0.034791499376297 -0.000500005146022886
v 0.03156162425875664 0.03137059137225151 -0.08100000023841858
v 0.03156162425875664 0.03137059137225151 -0.08100000023841858
v 0.02774529717862606 0.034791499376297 -0.000500005146022886
v 0.034791503101587296 0.02774529531598091 -0.000500005146022886
v 0.03156162425875664 0.03137059137225151 -0.08100000023841858
v 0.034791503101587296 0.02774529531598091 -0.000500005146022886
v 0.034791503101587296 0.02774529531598091 -0.08100000023841858
v 0.034791503101587296 0.02774529531598091 -0.08100000023841858
v 0.034791503101587296 0.02774529531598091 -0.000500005146022886
v 0.03629307821393013 0.025750000029802322 -0.08100000023841858
v 0.03629307821393013 0.025750000029802322 -0.08100000023841858
v 0.034791503101587296 0.02774529531598091 -0.000500005146022886
v 0.04009311646223068 0.019307825714349747 -0.000500005146022886
v 0.03629307821393013 0.025750000029802322 -0.08100000023841858
v 0.04009311646223068 0.019307825714349747 -0.000500005146022886
v 0.04009311646223068 0.019307825714349747 -0.08100000023841858
v 0.04009311646223068 0.019307825714349747 -0.08100000023841858
v 0.04009311646223068 0.019307825714349747 -0.000500005146022886
v 0.04239865764975548 0.013513105921447277 -0.08100000023841858
v 0.04239865764975548 0.013513105921447277 -0.08100000023841858
v 0.04009311646223068 0.019307825714349747 -0.000500005146022886
v 0.04338429495692253 0.00990218110382557 -0.000500005146022886
v 0.04239865764975548 0.013513105921447277 -0.08100000023841858
v 0.04338429495692253 0.00990218110382557 -0.000500005146022886
v 0.04338429495692253 0.00990218110382557 -0.08100000023841858
v 0.04338429495692253 0.00990218110382557 -0.08100000023841858
v 0.04338429495692253 0.00990218110382557 -0.000500005146022886
v 0.04397151246666908 0.006837841123342514 -0.08100000023841858
v 0.04397151246666908 0.006837841123342514 -0.08100000023841858
v 0.04338429495692253 0.00990218110382557 -0.000500005146022886
v 0.04450000077486038 -2.980227176152539e-11 -0.000500005146022886
v 0.04397151246666908 0.006837841123342514 -0.08100000023841858
v 0.04450000077486038 -2.980227176152539e-11 -0.000500005146022886
v 0.04450000077486038 -2.980225788373758e-11 -0.08100000023841858
v 0.04450000077486038 -2.980225788373758e-11 -0.08100000023841858
v 0.04450000077486038 -2.980227176152539e-11 -0.000500005146022886
v 0.04397151246666908 -0.006837841123342514 -0.08100000023841858
v 0.04397151246666908 -0.006837841123342514 -0.08100000023841858
v 0.04450000077486038 -2.980227176152539e-11 -0.000500005146022886
v 0.04338429495692253 -0.009902182966470718 -0.000500005146022886
v 0.04397151246666908 -0.006837841123342514 -0.08100000023841858
v 0.04338429495692253 -0.009902182966470718 -0.000500005146022886
v 0.04338429495692253 -0.009902182966470718 -0.08100000023841858
v 0.04338429495692253 -0.009902182966470718 -0.08100000023841858
v 0.04338429495692253 -0.009902182966470718 -0.000500005146022886
v 0.04239865764975548 -0.013513106852769852 -0.08100000023841858
v 0.04239865764975548 -0.013513106852769852 -0.08100000023841858
v 0.04338429495692253 -0.009902182966470718 -0.000500005146022886
v 0.04009311646223068 -0.019307825714349747 -0.000500005146022886
v 0.04239865764975548 -0.013513106852769852 -0.08100000023841858
v 0.04009311646223068 -0.019307825714349747 -0.000500005146022886
v 0.04009311646223068 -0.019307825714349747 -0.08100000023841858
v 0.04009311646223068 -0.019307825714349747 -0.08100000023841858
v 0.04009311646223068 -0.019307825714349747 -0.000500005146022886
v 0.03629307821393013 -0.025750000029802322 -0.08100000023841858
v 0.03629307821393013 -0.025750000029802322 -0.08100000023841858
v 0.04009311646223068 -0.019307825714349747 -0.000500005146022886
v 0.034791503101587296 -0.02774529531598091 -0.000500005146022886
v 0.03629307821393013 -0.025750000029802322 -0.08100000023841858
v 0.034791503101587296 -0.02774529531598091 -0.000500005146022886
v 0.034791503101587296 -0.02774529531598091 -0.08100000023841858
v 0.034791503101587296 -0.02774529531598091 -0.08100000023841858
v 0.034791503101587296 -0.02774529531598091 -0.000500005146022886
v 0.03156162425875664 -0.03137059137225151 -0.08100000023841858
v 0.03156162425875664 -0.03137059137225151 -0.08100000023841858
v 0.034791503101587296 -0.02774529531598091 -0.000500005146022886
v 0.02774529717862606 -0.034791499376297 -0.000500005146022886
v 0.03156162425875664 -0.03137059137225151 -0.08100000023841858
v 0.02774529717862606 -0.034791499376297 -0.000500005146022886
v 0.02774529717862606 -0.034791499376297 -0.08100000023841858
v 0.02774529717862606 -0.034791499376297 -0.08100000023841858
v 0.02774529717862606 -0.034791499376297 -0.000500005146022886
v 0.025995055213570595 -0.03611795976758003 -0.08100000023841858
v 0.025995055213570595 -0.03611795976758003 -0.08100000023841858
v 0.02774529717862606 -0.034791499376297 -0.000500005146022886
v 0.019307827576994896 -0.040093112736940384 -0.000500005146022886
v 0.025995055213570595 -0.03611795976758003 -0.08100000023841858
v 0.019307827576994896 -0.040093112736940384 -0.000500005146022886
v 0.019307827576994896 -0.040093112736940384 -0.08100000023841858
v 0.011321267113089561 -0.04303578659892082 -0.08158578723669052
v 0.012856867164373398 -0.042602237313985825 -0.08223463594913483
v 0.01335100457072258 -0.04244999960064888 -0.08100000023841858
v 0.012856867164373398 -0.042602237313985825 -0.08223463594913483
v 0.013193275779485703 -0.04249926283955574 -0.08255883306264877
v 0.01335100457072258 -0.04244999960064888 -0.08100000023841858
v 0.01335100457072258 -0.04244999960064888 -0.08100000023841858
v 0.013193275779485703 -0.04249926283955574 -0.08255883306264877
v 0.013307174667716026 -0.04246373847126961 -0.08276598155498505
v 0.01335100457072258 -0.04244999960064888 -0.08100000023841858
v 0.013307174667716026 -0.04246373847126961 -0.08276598155498505
v 0.013350935652852058 -0.04244999960064888 -0.08300000429153442
v 0.019307827576994896 -0.040093112736940384 -0.08100000023841858
v 0.019307827576994896 -0.040093112736940384 -0.000500005146022886
v 0.01335100457072258 -0.04244999960064888 -0.08100000023841858
v 0.01335100457072258 -0.04244999960064888 -0.08100000023841858
v 0.019307827576994896 -0.040093112736940384 -0.000500005146022886
v 0.00990218110382557 -0.04338429495692253 -0.000500005146022886
v 0.01335100457072258 -0.04244999960064888 -0.08100000023841858
v 0.00990218110382557 -0.04338429495692253 -0.000500005146022886
v 0.011321267113089561 -0.04303578659892082 -0.08158578723669052
v 0.005308909807354212 -0.0441821850836277 -0.08101801574230194
v 0.008098464459180832 -0.0437568835914135 -0.081123948097229
v 0.00990218110382557 -0.04338429495692253 -0.000500005146022886
v 0.00990218110382557 -0.04338429495692253 -0.000500005146022886
v 0.008098464459180832 -0.0437568835914135 -0.081123948097229
v 0.00990218110382557 -0.04338429495692253 -0.08130759000778198
v 0.00990218110382557 -0.04338429495692253 -0.000500005146022886
v 0.00990218110382557 -0.04338429495692253 -0.08130759000778198
v 0.011321267113089561 -0.04303578659892082 -0.08158578723669052
v 0.005308909807354212 -0.0441821850836277 -0.08101801574230194
v 0.00990218110382557 -0.04338429495692253 -0.000500005146022886
v 0.0021089096553623676 -0.044450003653764725 -0.08100000023841858
v 0.0021089096553623676 -0.044450003653764725 -0.08100000023841858
v 0.00990218110382557 -0.04338429495692253 -0.000500005146022886
v 4.3213368994265977e-10 -0.044499997049570084 -0.000500005146022886
v 0.0021089096553623676 -0.044450003653764725 -0.08100000023841858
v 4.3213368994265977e-10 -0.044499997049570084 -0.000500005146022886
v 4.3213368994265977e-10 -0.044499997049570084 -0.08100000023841858
v -0.009910830296576023 -0.043382320553064346 -0.08130883425474167
v -0.008479553274810314 -0.04368463531136513 -0.08115224540233612
v -0.009902182035148144 -0.04338429495692253 -0.000500005146022886
v -0.009902182035148144 -0.04338429495692253 -0.000500005146022886
v -0.008479553274810314 -0.04368463531136513 -0.08115224540233612
v -0.005309999454766512 -0.044182050973176956 -0.08101803064346313
v -0.009902182035148144 -0.04338429495692253 -0.000500005146022886
v -0.005309999454766512 -0.044182050973176956 -0.08101803064346313
v 4.3213368994265977e-10 -0.044499997049570084 -0.000500005146022886
v 4.3213368994265977e-10 -0.044499997049570084 -0.000500005146022886
v -0.005309999454766512 -0.044182050973176956 -0.08101803064346313
v -0.0021089096553623676 -0.044450003653764725 -0.08100000023841858
v 4.3213368994265977e-10 -0.044499997049570084 -0.000500005146022886
v -0.0021089096553623676 -0.044450003653764725 -0.08100000023841858
v 4.3213368994265977e-10 -0.044499997049570084 -0.08100000023841858
v -0.016313018277287483 -0.041402120143175125 -0.07680757343769073
v -0.015219926834106445 -0.041816312819719315 -0.07765664160251617
v -0.009902182035148144 -0.04338429495692253 -0.000500005146022886
v -0.009902182035148144 -0.04338429495692253 -0.000500005146022886
v -0.015219926834106445 -0.041816312819719315 -0.07765664160251617
v -0.013962111435830593 -0.04225292429327965 -0.07887279987335205
v -0.009902182035148144 -0.04338429495692253 -0.000500005146022886
v -0.013962111435830593 -0.04225292429327965 -0.07887279987335205
v -0.009910830296576023 -0.043382320553064346 -0.08130883425474167
v -0.013350936584174633 -0.04244999960064888 -0.08300000429153442
v -0.01330692507326603 -0.042463820427656174 -0.08276531845331192
v -0.013350936584174633 -0.04244999960064888 -0.07962074875831604
v -0.013350936584174633 -0.04244999960064888 -0.07962074875831604
v -0.01330692507326603 -0.042463820427656174 -0.08276531845331192
v -0.013118065893650055 -0.04252253845334053 -0.0824662446975708
v -0.013350936584174633 -0.04244999960064888 -0.07962074875831604
v -0.013118065893650055 -0.04252253845334053 -0.0824662446975708
v -0.012856868095695972 -0.042602237313985825 -0.08223463594913483
v -0.013962111435830593 -0.04225292429327965 -0.07887279987335205
v -0.013802901841700077 -0.042305197566747665 -0.07905412465333939
v -0.009910830296576023 -0.043382320553064346 -0.08130883425474167
v -0.009910830296576023 -0.043382320553064346 -0.08130883425474167
v -0.013802901841700077 -0.042305197566747665 -0.07905412465333939
v -0.013350936584174633 -0.04244999960064888 -0.07962074875831604
v -0.009910830296576023 -0.043382320553064346 -0.08130883425474167
v -0.013350936584174633 -0.04244999960064888 -0.07962074875831604
v -0.011321267113089561 -0.04303578659892082 -0.08158578723669052
v -0.011321267113089561 -0.04303578659892082 -0.08158578723669052
v -0.013350936584174633 -0.04244999960064888 -0.07962074875831604
v -0.012856868095695972 -0.042602237313985825 -0.08223463594913483
v -0.02727968618273735 -0.03515776991844177 -0.07355060428380966
v -0.02562854252755642 -0.03637894615530968 -0.0734926387667656
v -0.02774529531598091 -0.034791499376297 -0.000500005146022886
v -0.02774529531598091 -0.034791499376297 -0.000500005146022886
v -0.02562854252755642 -0.03637894615530968 -0.0734926387667656
v -0.019307825714349747 -0.040093112736940384 -0.000500005146022886
v -0.019307825714349747 -0.040093112736940384 -0.000500005146022886
v -0.02562854252755642 -0.03637894615530968 -0.0734926387667656
v -0.02361666038632393 -0.0377160869538784 -0.07370410114526749
v -0.019307825714349747 -0.040093112736940384 -0.000500005146022886
v -0.02361666038632393 -0.0377160869538784 -0.07370410114526749
v -0.02154962718486786 -0.038934092968702316 -0.07421029359102249
v -0.02154962718486786 -0.038934092968702316 -0.07421029359102249
v -0.01998213492333889 -0.039761338382959366 -0.0747808888554573
v -0.019307825714349747 -0.040093112736940384 -0.000500005146022886
v -0.019307825714349747 -0.040093112736940384 -0.000500005146022886
v -0.01998213492333889 -0.039761338382959366 -0.0747808888554573
v -0.019297394901514053 -0.04009813442826271 -0.07508159428834915
v -0.019307825714349747 -0.040093112736940384 -0.000500005146022886
v -0.019297394901514053 -0.04009813442826271 -0.07508159428834915
v -0.009902182035148144 -0.04338429495692253 -0.000500005146022886
v -0.009902182035148144 -0.04338429495692253 -0.000500005146022886
v -0.019297394901514053 -0.04009813442826271 -0.07508159428834915
v -0.018092313781380653 -0.04065609350800514 -0.0756915882229805
v -0.009902182035148144 -0.04338429495692253 -0.000500005146022886
v -0.018092313781380653 -0.04065609350800514 -0.0756915882229805
v -0.016313018277287483 -0.041402120143175125 -0.07680757343769073
v -0.03697547689080238 -0.024760127067565918 -0.08397609740495682
v -0.03596632182598114 -0.026204459369182587 -0.08229759335517883
v -0.040093112736940384 -0.019307825714349747 -0.000500005146022886
v -0.040093112736940384 -0.019307825714349747 -0.000500005146022886
v -0.03596632182598114 -0.026204459369182587 -0.08229759335517883
v -0.03523827716708183 -0.02717561274766922 -0.08017890155315399
v -0.040093112736940384 -0.019307825714349747 -0.000500005146022886
v -0.03523827716708183 -0.02717561274766922 -0.08017890155315399
v -0.034791499376297 -0.02774529531598091 -0.000500005146022886
v -0.034791499376297 -0.02774529531598091 -0.000500005146022886
v -0.03523827716708183 -0.02717561274766922 -0.08017890155315399
v -0.03479078412055969 -0.02774619311094284 -0.07823559641838074
v -0.034791499376297 -0.02774529531598091 -0.000500005146022886
v -0.03479078412055969 -0.02774619311094284 -0.07823559641838074
v -0.034683242440223694 -0.027880508452653885 -0.07777014374732971
v -0.034683242440223694 -0.027880508452653885 -0.07777014374732971
v -0.03431963548064232 -0.028326887637376785 -0.07648086547851562
v -0.034791499376297 -0.02774529531598091 -0.000500005146022886
v -0.034791499376297 -0.02774529531598091 -0.000500005146022886
v -0.03431963548064232 -0.028326887637376785 -0.07648086547851562
v -0.03431325405836105 -0.028334621340036392 -0.07646175473928452
v -0.034791499376297 -0.02774529531598091 -0.000500005146022886
v -0.03431325405836105 -0.028334621340036392 -0.07646175473928452
v -0.03332697972655296 -0.029488343745470047 -0.0758889690041542
v -0.03332697972655296 -0.029488343745470047 -0.0758889690041542
v -0.030702954158186913 -0.03221146762371063 -0.07451116293668747
v -0.034791499376297 -0.02774529531598091 -0.000500005146022886
v -0.034791499376297 -0.02774529531598091 -0.000500005146022886
v -0.030702954158186913 -0.03221146762371063 -0.07451116293668747
v -0.029049497097730637 -0.033710189163684845 -0.07388544827699661
v -0.034791499376297 -0.02774529531598091 -0.000500005146022886
v -0.029049497097730637 -0.033710189163684845 -0.07388544827699661
v -0.02774529531598091 -0.034791499376297 -0.000500005146022886
v -0.02774529531598091 -0.034791499376297 -0.000500005146022886
v -0.029049497097730637 -0.033710189163684845 -0.07388544827699661
v -0.027748459950089455 -0.03478897735476494 -0.07360973209142685
v -0.02774529531598091 -0.034791499376297 -0.000500005146022886
v -0.027748459950089455 -0.03478897735476494 -0.07360973209142685
v -0.02727968618273735 -0.03515776991844177 -0.07355060428380966
v 0.03845839574933052 0.04207165539264679 -0.13397277891635895
v 0.03846795856952667 0.04206659644842148 -0.1340000033378601
v 0.038431473076343536 0.04208644479513168 -0.1339457929134369
v 0.038431473076343536 0.04208644479513168 -0.1339457929134369
v 0.03846795856952667 0.04206659644842148 -0.1340000033378601
v 0.03820101171731949 0.04219910129904747 -0.1340000033378601
v 0.038431473076343536 0.04208644479513168 -0.1339457929134369
v 0.03820101171731949 0.04219910129904747 -0.1340000033378601
v 0.03831685334444046 0.0421455055475235 -0.13388711214065552
v 0.03831685334444046 0.0421455055475235 -0.13388711214065552
v 0.03820101171731949 0.04219910129904747 -0.1340000033378601
v 0.03813980892300606 0.042225003242492676 -0.13385827839374542
v 0.03820101171731949 0.04219910129904747 -0.1340000033378601
v 0.037922412157058716 0.042304933071136475 -0.1340000033378601
v 0.037927061319351196 0.042303163558244705 -0.1339741051197052
v 0.037927061319351196 0.042303163558244705 -0.1339741051197052
v 0.03794142231345177 0.04229845479130745 -0.13394837081432343
v 0.03820101171731949 0.04219910129904747 -0.1340000033378601
v 0.03820101171731949 0.04219910129904747 -0.1340000033378601
v 0.03794142231345177 0.04229845479130745 -0.13394837081432343
v 0.038030438125133514 0.042267460376024246 -0.13388490676879883
v 0.03820101171731949 0.04219910129904747 -0.1340000033378601
v 0.038030438125133514 0.042267460376024246 -0.13388490676879883
v 0.03813980892300606 0.042225003242492676 -0.13385827839374542
v 0.03967525064945221 0.04081062600016594 -0.1340000033378601
v 0.039789021015167236 0.04055515676736832 -0.1340000033378601
v 0.03958568349480629 0.040488351136446 -0.1389581263065338
v 0.039879653602838516 0.040290672332048416 -0.1340000033378601
v 0.03999968618154526 0.039449598640203476 -0.1340000033378601
v 0.03977032005786896 0.03945000097155571 -0.13897521793842316
v 0.03894755616784096 0.041732244193553925 -0.1340000033378601
v 0.03915557265281677 0.04153650626540184 -0.1340000033378601
v 0.0388953797519207 0.04157131910324097 -0.13889425992965698
v 0.0388953797519207 0.04157131910324097 -0.13889425992965698
v 0.03915557265281677 0.04153650626540184 -0.1340000033378601
v 0.039344534277915955 0.04132230952382088 -0.1340000033378601
v 0.0388953797519207 0.04157131910324097 -0.13889425992965698
v 0.039344534277915955 0.04132230952382088 -0.1340000033378601
v 0.03967525064945221 0.04081062600016594 -0.1340000033378601
v 0.037922412157058716 0.042304933071136475 -0.1340000033378601
v 0.03820101171731949 0.04219910129904747 -0.1340000033378601
v 0.03781701624393463 0.04226457327604294 -0.13879448175430298
v 0.03781701624393463 0.04226457327604294 -0.13879448175430298
v 0.03820101171731949 0.04219910129904747 -0.1340000033378601
v 0.03846795856952667 0.04206659644842148 -0.1340000033378601
v 0.03678308054804802 0.04244999960064888 -0.13869881629943848
v 0.03700000047683716 0.04244999960064888 -0.1340000033378601
v 0.037922412157058716 0.042304933071136475 -0.1340000033378601
v 0.037922412157058716 0.042304933071136475 -0.1340000033378601
v 0.03781701624393463 0.04226457327604294 -0.13879448175430298
v 0.03678308054804802 0.04244999960064888 -0.13869881629943848
v 0.03678308054804802 0.04244999960064888 -0.13869881629943848
v 0.03781701624393463 0.04226457327604294 -0.13879448175430298
v 0.03679398074746132 0.04226457327604294 -0.14531202614307404
v 0.03678308054804802 0.04244999960064888 -0.13869881629943848
v 0.03679398074746132 0.04226457327604294 -0.14531202614307404
v 0.03578045591711998 0.04244999960064888 -0.14508630335330963
v 0.03578045591711998 0.04244999960064888 -0.14508630335330963
v 0.03679398074746132 0.04226457327604294 -0.14531202614307404
v 0.03495454043149948 0.04226457327604294 -0.15164774656295776
v 0.03578045591711998 0.04244999960064888 -0.14508630335330963
v 0.03495454043149948 0.04226457327604294 -0.15164774656295776
v 0.033977724611759186 0.04244999960064888 -0.15129561722278595
v 0.033977724611759186 0.04244999960064888 -0.15129561722278595
v 0.03495454043149948 0.04226457327604294 -0.15164774656295776
v 0.03232826665043831 0.04226457327604294 -0.1576998233795166
v 0.033977724611759186 0.04244999960064888 -0.15129561722278595
v 0.03232826665043831 0.04226457327604294 -0.1576998233795166
v 0.03140385076403618 0.04244999960064888 -0.15722693502902985
v 0.03140385076403618 0.04244999960064888 -0.15722693502902985
v 0.03232826665043831 0.04226457327604294 -0.1576998233795166
v 0.028957365080714226 0.04226457327604294 -0.1633709818124771
v 0.03140385076403618 0.04244999960064888 -0.15722693502902985
v 0.028957365080714226 0.04226457327604294 -0.1633709818124771
v 0.028100213035941124 0.04244999960064888 -0.16278493404388428
v 0.02985135279595852 0.04157131910324097 -0.16398222744464874
v 0.02736310102045536 0.041664544492959976 -0.1671755611896515
v 0.027013426646590233 0.0422481931746006 -0.1660999059677124
v 0.03042362816631794 0.040488351136446 -0.1643735021352768
v 0.027676882222294807 0.040292445570230484 -0.16814696788787842
v 0.027555325999855995 0.04103556647896767 -0.16776995360851288
v 0.02772088162600994 0.03945000097155571 -0.1682836413383484
v 0.027676882222294807 0.040292445570230484 -0.16814696788787842
v 0.03057669661939144 0.03945000097155571 -0.1644781529903412
v 0.03057669661939144 0.03945000097155571 -0.1644781529903412
v 0.027676882222294807 0.040292445570230484 -0.16814696788787842
v 0.03042362816631794 0.040488351136446 -0.1643735021352768
v 0.03057669661939144 0.03945000097155571 -0.1644781529903412
v 0.03042362816631794 0.040488351136446 -0.1643735021352768
v 0.031126750633120537 0.03945000097155571 -0.16365765035152435
v 0.031126750633120537 0.03945000097155571 -0.16365765035152435
v 0.03042362816631794 0.040488351136446 -0.1643735021352768
v 0.03407466784119606 0.03945000097155571 -0.15859322249889374
v 0.03407466784119606 0.03945000097155571 -0.15859322249889374
v 0.03042362816631794 0.040488351136446 -0.1643735021352768
v 0.03390958905220032 0.040488351136446 -0.1585087776184082
v 0.03407466784119606 0.03945000097155571 -0.15859322249889374
v 0.03390958905220032 0.040488351136446 -0.1585087776184082
v 0.036116573959589005 0.03945000097155571 -0.1541079431772232
v 0.036116573959589005 0.03945000097155571 -0.1541079431772232
v 0.03390958905220032 0.040488351136446 -0.1585087776184082
v 0.03662550449371338 0.040488351136446 -0.15225012600421906
v 0.036116573959589005 0.03945000097155571 -0.1541079431772232
v 0.03662550449371338 0.040488351136446 -0.15225012600421906
v 0.03679994121193886 0.03945000097155571 -0.1523130089044571
v 0.03679994121193886 0.03945000097155571 -0.1523130089044571
v 0.03662550449371338 0.040488351136446 -0.15225012600421906
v 0.038527727127075195 0.040488351136446 -0.14569813013076782
v 0.03679994121193886 0.03945000097155571 -0.1523130089044571
v 0.038527727127075195 0.040488351136446 -0.14569813013076782
v 0.03870872035622597 0.03945000097155571 -0.14573843777179718
v 0.039789021015167236 0.04055515676736832 -0.1340000033378601
v 0.039879653602838516 0.040290672332048416 -0.1340000033378601
v 0.03958568349480629 0.040488351136446 -0.1389581263065338
v 0.03958568349480629 0.040488351136446 -0.1389581263065338
v 0.039879653602838516 0.040290672332048416 -0.1340000033378601
v 0.03977032005786896 0.03945000097155571 -0.13897521793842316
v 0.03958568349480629 0.040488351136446 -0.1389581263065338
v 0.03977032005786896 0.03945000097155571 -0.13897521793842316
v 0.038527727127075195 0.040488351136446 -0.14569813013076782
v 0.038527727127075195 0.040488351136446 -0.14569813013076782
v 0.03977032005786896 0.03945000097155571 -0.13897521793842316
v 0.03911109268665314 0.03945000097155571 -0.1437576562166214
v 0.038527727127075195 0.040488351136446 -0.14569813013076782
v 0.03911109268665314 0.03945000097155571 -0.1437576562166214
v 0.03870872035622597 0.03945000097155571 -0.14573843777179718
v 0.026606285944581032 0.04244999960064888 -0.16485659778118134
v 0.028100213035941124 0.04244999960064888 -0.16278493404388428
v 0.027013426646590233 0.0422481931746006 -0.1660999059677124
v 0.027013426646590233 0.0422481931746006 -0.1660999059677124
v 0.028100213035941124 0.04244999960064888 -0.16278493404388428
v 0.028957365080714226 0.04226457327604294 -0.1633709818124771
v 0.027013426646590233 0.0422481931746006 -0.1660999059677124
v 0.028957365080714226 0.04226457327604294 -0.1633709818124771
v 0.02985135279595852 0.04157131910324097 -0.16398222744464874
v 0.02985135279595852 0.04157131910324097 -0.16398222744464874
v 0.028957365080714226 0.04226457327604294 -0.1633709818124771
v 0.03232826665043831 0.04226457327604294 -0.1576998233795166
v 0.02985135279595852 0.04157131910324097 -0.16398222744464874
v 0.03232826665043831 0.04226457327604294 -0.1576998233795166
v 0.03329240530729294 0.04157131910324097 -0.15819305181503296
v 0.03329240530729294 0.04157131910324097 -0.15819305181503296
v 0.03232826665043831 0.04226457327604294 -0.1576998233795166
v 0.03495454043149948 0.04226457327604294 -0.15164774656295776
v 0.03329240530729294 0.04157131910324097 -0.15819305181503296
v 0.03495454043149948 0.04226457327604294 -0.15164774656295776
v 0.035973332822322845 0.04157131910324097 -0.15201501548290253
v 0.035973332822322845 0.04157131910324097 -0.15201501548290253
v 0.03495454043149948 0.04226457327604294 -0.15164774656295776
v 0.03679398074746132 0.04226457327604294 -0.14531202614307404
v 0.035973332822322845 0.04157131910324097 -0.15201501548290253
v 0.03679398074746132 0.04226457327604294 -0.14531202614307404
v 0.03785105049610138 0.04157131910324097 -0.14554743468761444
v 0.03785105049610138 0.04157131910324097 -0.14554743468761444
v 0.03679398074746132 0.04226457327604294 -0.14531202614307404
v 0.03781701624393463 0.04226457327604294 -0.13879448175430298
v 0.03785105049610138 0.04157131910324097 -0.14554743468761444
v 0.03781701624393463 0.04226457327604294 -0.13879448175430298
v 0.0388953797519207 0.04157131910324097 -0.13889425992965698
v 0.0388953797519207 0.04157131910324097 -0.13889425992965698
v 0.03781701624393463 0.04226457327604294 -0.13879448175430298
v 0.03846795856952667 0.04206659644842148 -0.1340000033378601
v 0.0388953797519207 0.04157131910324097 -0.13889425992965698
v 0.03846795856952667 0.04206659644842148 -0.1340000033378601
v 0.03894755616784096 0.041732244193553925 -0.1340000033378601
v 0.03967525064945221 0.04081062600016594 -0.1340000033378601
v 0.03958568349480629 0.040488351136446 -0.1389581263065338
v 0.0388953797519207 0.04157131910324097 -0.13889425992965698
v 0.0388953797519207 0.04157131910324097 -0.13889425992965698
v 0.03958568349480629 0.040488351136446 -0.1389581263065338
v 0.038527727127075195 0.040488351136446 -0.14569813013076782
v 0.0388953797519207 0.04157131910324097 -0.13889425992965698
v 0.038527727127075195 0.040488351136446 -0.14569813013076782
v 0.03785105049610138 0.04157131910324097 -0.14554743468761444
v 0.03785105049610138 0.04157131910324097 -0.14554743468761444
v 0.038527727127075195 0.040488351136446 -0.14569813013076782
v 0.03662550449371338 0.040488351136446 -0.15225012600421906
v 0.03785105049610138 0.04157131910324097 -0.14554743468761444
v 0.03662550449371338 0.040488351136446 -0.15225012600421906
v 0.035973332822322845 0.04157131910324097 -0.15201501548290253
v 0.035973332822322845 0.04157131910324097 -0.15201501548290253
v 0.03662550449371338 0.040488351136446 -0.15225012600421906
v 0.03390958905220032 0.040488351136446 -0.1585087776184082
v 0.035973332822322845 0.04157131910324097 -0.15201501548290253
v 0.03390958905220032 0.040488351136446 -0.1585087776184082
v 0.03329240530729294 0.04157131910324097 -0.15819305181503296
v 0.03329240530729294 0.04157131910324097 -0.15819305181503296
v 0.03390958905220032 0.040488351136446 -0.1585087776184082
v 0.03042362816631794 0.040488351136446 -0.1643735021352768
v 0.03329240530729294 0.04157131910324097 -0.15819305181503296
v 0.03042362816631794 0.040488351136446 -0.1643735021352768
v 0.02985135279595852 0.04157131910324097 -0.16398222744464874
v 0.02985135279595852 0.04157131910324097 -0.16398222744464874
v 0.03042362816631794 0.040488351136446 -0.1643735021352768
v 0.027555325999855995 0.04103556647896767 -0.16776995360851288
v 0.02985135279595852 0.04157131910324097 -0.16398222744464874
v 0.027555325999855995 0.04103556647896767 -0.16776995360851288
v 0.02736310102045536 0.041664544492959976 -0.1671755611896515
v 0.02774529717862606 0.034791499376297 -0.08100000023841858
v 0.03156162425875664 0.03137059137225151 -0.08100000023841858
v 0.031950902193784714 0.03134124353528023 -0.08765705674886703
v 0.034791503101587296 0.02774529531598091 -0.08100000023841858
v 0.03629307821393013 0.025750000029802322 -0.08100000023841858
v 0.036452360451221466 0.025750000029802322 -0.08763137459754944
v 0.03956180065870285 0.04052141308784485 -0.1305568665266037
v 0.038918185979127884 0.04151810705661774 -0.13054537773132324
v 0.038203056901693344 0.041511282324790955 -0.12714749574661255
v 0.03985900804400444 0.040358852595090866 -0.13394805788993835
v 0.03979019448161125 0.040552109479904175 -0.13391277194023132
v 0.03956180065870285 0.04052141308784485 -0.1305568665266037
v 0.038030438125133514 0.042267460376024246 -0.13388490676879883
v 0.03794142231345177 0.04229845479130745 -0.13394837081432343
v 0.036740489304065704 0.04244999960064888 -0.13057295978069305
v 0.036740489304065704 0.04244999960064888 -0.13057295978069305
v 0.03794142231345177 0.04229845479130745 -0.13394837081432343
v 0.03700000047683716 0.04244999960064888 -0.1340000033378601
v 0.03700000047683716 0.04244999960064888 -0.1340000033378601
v 0.03794142231345177 0.04229845479130745 -0.13394837081432343
v 0.037927061319351196 0.042303163558244705 -0.1339741051197052
v 0.03700000047683716 0.04244999960064888 -0.1340000033378601
v 0.037927061319351196 0.042303163558244705 -0.1339741051197052
v 0.037922412157058716 0.042304933071136475 -0.1340000033378601
v 0.03894755616784096 0.041732244193553925 -0.1340000033378601
v 0.03846795856952667 0.04206659644842148 -0.1340000033378601
v 0.038962189108133316 0.04171931743621826 -0.13396857678890228
v 0.038962189108133316 0.04171931743621826 -0.13396857678890228
v 0.03846795856952667 0.04206659644842148 -0.1340000033378601
v 0.03845839574933052 0.04207165539264679 -0.13397277891635895
v 0.03845839574933052 0.04207165539264679 -0.13397277891635895
v 0.038431473076343536 0.04208644479513168 -0.1339457929134369
v 0.038918185979127884 0.04151810705661774 -0.13054537773132324
v 0.038918185979127884 0.04151810705661774 -0.13054537773132324
v 0.038431473076343536 0.04208644479513168 -0.1339457929134369
v 0.03831685334444046 0.0421455055475235 -0.13388711214065552
v 0.03956180065870285 0.04052141308784485 -0.1305568665266037
v 0.03979019448161125 0.040552109479904175 -0.13391277194023132
v 0.038918185979127884 0.04151810705661774 -0.13054537773132324
v 0.038918185979127884 0.04151810705661774 -0.13054537773132324
v 0.03979019448161125 0.040552109479904175 -0.13391277194023132
v 0.03970814868807793 0.040740691125392914 -0.1339452862739563
v 0.038918185979127884 0.04151810705661774 -0.13054537773132324
v 0.03970814868807793 0.040740691125392914 -0.1339452862739563
v 0.03968081995844841 0.04079655185341835 -0.1339758187532425
v 0.03967525064945221 0.04081062600016594 -0.1340000033378601
v 0.039344534277915955 0.04132230952382088 -0.1340000033378601
v 0.03968081995844841 0.04079655185341835 -0.1339758187532425
v 0.03968081995844841 0.04079655185341835 -0.1339758187532425
v 0.039344534277915955 0.04132230952382088 -0.1340000033378601
v 0.03933978080749512 0.04132761061191559 -0.13398262858390808
v 0.03968081995844841 0.04079655185341835 -0.1339758187532425
v 0.03933978080749512 0.04132761061191559 -0.13398262858390808
v 0.038918185979127884 0.04151810705661774 -0.13054537773132324
v 0.038918185979127884 0.04151810705661774 -0.13054537773132324
v 0.03933978080749512 0.04132761061191559 -0.13398262858390808
v 0.039330098778009415 0.041339609771966934 -0.13396897912025452
v 0.039330098778009415 0.041339609771966934 -0.13396897912025452
v 0.03928694501519203 0.04139160364866257 -0.13393759727478027
v 0.038918185979127884 0.04151810705661774 -0.13054537773132324
v 0.038918185979127884 0.04151810705661774 -0.13054537773132324
v 0.03928694501519203 0.04139160364866257 -0.13393759727478027
v 0.03914186358451843 0.041550539433956146 -0.1339021474123001
v 0.038918185979127884 0.04151810705661774 -0.13054537773132324
v 0.03914186358451843 0.041550539433956146 -0.1339021474123001
v 0.03845839574933052 0.04207165539264679 -0.13397277891635895
v 0.03845839574933052 0.04207165539264679 -0.13397277891635895
v 0.03914186358451843 0.041550539433956146 -0.1339021474123001
v 0.03897660970687866 0.041706763207912445 -0.13395582139492035
v 0.03845839574933052 0.04207165539264679 -0.13397277891635895
v 0.03897660970687866 0.041706763207912445 -0.13395582139492035
v 0.038962189108133316 0.04171931743621826 -0.13396857678890228
v 0.039879653602838516 0.040290672332048416 -0.1340000033378601
v 0.039878152310848236 0.04029630497097969 -0.13398505747318268
v 0.03999968618154526 0.039449598640203476 -0.1340000033378601
v 0.03999968618154526 0.039449598640203476 -0.1340000033378601
v 0.039878152310848236 0.04029630497097969 -0.13398505747318268
v 0.04000000283122063 0.03937996178865433 -0.1340000033378601
v 0.039878152310848236 0.04029630497097969 -0.13398505747318268
v 0.03987456485629082 0.04030841216444969 -0.13397343456745148
v 0.03977624326944351 0.03938544914126396 -0.13057266175746918
v 0.034635357558727264 0.03327060490846634 -0.10747845470905304
v 0.037502091377973557 0.030658096075057983 -0.11408375203609467
v 0.03665813058614731 0.03299650549888611 -0.11406560242176056
v 0.03665813058614731 0.03299650549888611 -0.11406560242176056
v 0.037502091377973557 0.030658096075057983 -0.11408375203609467
v 0.038787003606557846 0.030454104766249657 -0.12070326507091522
v 0.03665813058614731 0.03299650549888611 -0.11406560242176056
v 0.038787003606557846 0.030454104766249657 -0.12070326507091522
v 0.038371045142412186 0.032754965126514435 -0.12067503482103348
v 0.038787003606557846 0.030454104766249657 -0.12070326507091522
v 0.03967063128948212 0.030316723510622978 -0.12734009325504303
v 0.0394277460873127 0.034862272441387177 -0.1272834837436676
v 0.038371045142412186 0.032754965126514435 -0.12067503482103348
v 0.038787003606557846 0.030454104766249657 -0.12070326507091522
v 0.03876683488488197 0.03493092581629753 -0.1239539310336113
v 0.03876683488488197 0.03493092581629753 -0.1239539310336113
v 0.038787003606557846 0.030454104766249657 -0.12070326507091522
v 0.0394277460873127 0.034862272441387177 -0.1272834837436676
v 0.03876683488488197 0.03493092581629753 -0.1239539310336113
v 0.0394277460873127 0.034862272441387177 -0.1272834837436676
v 0.03914230316877365 0.039401229470968246 -0.12719088792800903
v 0.03056350164115429 0.03576907515525818 -0.10092546045780182
v 0.034635357558727264 0.03327060490846634 -0.10747845470905304
v 0.03316780924797058 0.035523489117622375 -0.10748161375522614
v 0.03316780924797058 0.035523489117622375 -0.10748161375522614
v 0.034635357558727264 0.03327060490846634 -0.10747845470905304
v 0.03665813058614731 0.03299650549888611 -0.11406560242176056
v 0.03316780924797058 0.035523489117622375 -0.10748161375522614
v 0.03665813058614731 0.03299650549888611 -0.11406560242176056
v 0.035721685737371445 0.03525683283805847 -0.11404513567686081
v 0.035721685737371445 0.03525683283805847 -0.11404513567686081
v 0.03665813058614731 0.03299650549888611 -0.11406560242176056
v 0.038371045142412186 0.032754965126514435 -0.12067503482103348
v 0.035721685737371445 0.03525683283805847 -0.11404513567686081
v 0.038371045142412186 0.032754965126514435 -0.12067503482103348
v 0.03790545091032982 0.03502213582396507 -0.12063933163881302
v 0.03790545091032982 0.03502213582396507 -0.12063933163881302
v 0.038371045142412186 0.032754965126514435 -0.12067503482103348
v 0.03876683488488197 0.03493092581629753 -0.1239539310336113
v 0.04000000283122063 0.025750000029802322 -0.1340000033378601
v 0.04000000283122063 0.030267607420682907 -0.1340000033378601
v 0.03984073922038078 0.025750000029802322 -0.12736862897872925
v 0.03984073922038078 0.025750000029802322 -0.12736862897872925
v 0.04000000283122063 0.030267607420682907 -0.1340000033378601
v 0.03967063128948212 0.030316723510622978 -0.12734009325504303
v 0.03984073922038078 0.025750000029802322 -0.12736862897872925
v 0.03967063128948212 0.030316723510622978 -0.12734009325504303
v 0.0395376943051815 0.025750000029802322 -0.12228816747665405
v 0.0395376943051815 0.025750000029802322 -0.12228816747665405
v 0.03967063128948212 0.030316723510622978 -0.12734009325504303
v 0.038787003606557846 0.030454104766249657 -0.12070326507091522
v 0.0395376943051815 0.025750000029802322 -0.12228816747665405
v 0.038787003606557846 0.030454104766249657 -0.12070326507091522
v 0.03942100331187248 0.025750000029802322 -0.12074271589517593
v 0.035649530589580536 0.04148760810494423 -0.12048932164907455
v 0.030842283740639687 0.04211309179663658 -0.11395353823900223
v 0.03203592449426651 0.04145508632063866 -0.11396090686321259
v 0.03203592449426651 0.04145508632063866 -0.11396090686321259
v 0.030842283740639687 0.04211309179663658 -0.11395353823900223
v 0.026579657569527626 0.04205916076898575 -0.10749946534633636
v 0.03203592449426651 0.04145508632063866 -0.11396090686321259
v 0.026579657569527626 0.04205916076898575 -0.10749946534633636
v 0.027887968346476555 0.04141754284501076 -0.10749799013137817
v 0.029954565688967705 0.03964415565133095 -0.10749310255050659
v 0.03366006910800934 0.0395461805164814 -0.11398804932832718
v 0.03299291431903839 0.04056069627404213 -0.11397223174571991
v 0.03299291431903839 0.04056069627404213 -0.11397223174571991
v 0.03366006910800934 0.0395461805164814 -0.11398804932832718
v 0.03687598928809166 0.03945993259549141 -0.12053730338811874
v 0.03299291431903839 0.04056069627404213 -0.11397223174571991
v 0.03687598928809166 0.03945993259549141 -0.12053730338811874
v 0.03644401207566261 0.04053892567753792 -0.12050948292016983
v 0.03644401207566261 0.04053892567753792 -0.12050948292016983
v 0.03687598928809166 0.03945993259549141 -0.12053730338811874
v 0.038879942148923874 0.0405249297618866 -0.1271657645702362
v 0.026230154559016228 0.03973422944545746 -0.10100091993808746
v 0.029954565688967705 0.03964415565133095 -0.10749310255050659
v 0.027887968346476555 0.04141754284501076 -0.10749799013137817
v 0.027887968346476555 0.04141754284501076 -0.10749799013137817
v 0.029954565688967705 0.03964415565133095 -0.10749310255050659
v 0.03299291431903839 0.04056069627404213 -0.11397223174571991
v 0.027887968346476555 0.04141754284501076 -0.10749799013137817
v 0.03299291431903839 0.04056069627404213 -0.11397223174571991
v 0.03203592449426651 0.04145508632063866 -0.11396090686321259
v 0.03203592449426651 0.04145508632063866 -0.11396090686321259
v 0.03299291431903839 0.04056069627404213 -0.11397223174571991
v 0.03644401207566261 0.04053892567753792 -0.12050948292016983
v 0.03203592449426651 0.04145508632063866 -0.11396090686321259
v 0.03644401207566261 0.04053892567753792 -0.12050948292016983
v 0.035649530589580536 0.04148760810494423 -0.12048932164907455
v 0.035649530589580536 0.04148760810494423 -0.12048932164907455
v 0.03644401207566261 0.04053892567753792 -0.12050948292016983
v 0.038879942148923874 0.0405249297618866 -0.1271657645702362
v 0.0345594547688961 0.04216007888317108 -0.12047615647315979
v 0.038203056901693344 0.041511282324790955 -0.12714749574661255
v 0.03718802332878113 0.042193491011857986 -0.12713554501533508
v 0.03718802332878113 0.042193491011857986 -0.12713554501533508
v 0.038203056901693344 0.041511282324790955 -0.12714749574661255
v 0.038918185979127884 0.04151810705661774 -0.13054537773132324
v 0.03718802332878113 0.042193491011857986 -0.12713554501533508
v 0.038918185979127884 0.04151810705661774 -0.13054537773132324
v 0.0379243940114975 0.0422029048204422 -0.13053785264492035
v 0.0379243940114975 0.0422029048204422 -0.13053785264492035
v 0.038918185979127884 0.04151810705661774 -0.13054537773132324
v 0.03831685334444046 0.0421455055475235 -0.13388711214065552
v 0.0379243940114975 0.0422029048204422 -0.13053785264492035
v 0.03831685334444046 0.0421455055475235 -0.13388711214065552
v 0.03813980892300606 0.042225003242492676 -0.13385827839374542
v 0.02896689437329769 0.04244999960064888 -0.11309879273176193
v 0.0345594547688961 0.04216007888317108 -0.12047615647315979
v 0.03362236171960831 0.04244999960064888 -0.12110588699579239
v 0.03362236171960831 0.04244999960064888 -0.12110588699579239
v 0.0345594547688961 0.04216007888317108 -0.12047615647315979
v 0.03718802332878113 0.042193491011857986 -0.12713554501533508
v 0.03362236171960831 0.04244999960064888 -0.12110588699579239
v 0.03718802332878113 0.042193491011857986 -0.12713554501533508
v 0.03525341674685478 0.04244999960064888 -0.12490095943212509
v 0.03525341674685478 0.04244999960064888 -0.12490095943212509
v 0.03718802332878113 0.042193491011857986 -0.12713554501533508
v 0.0379243940114975 0.0422029048204422 -0.13053785264492035
v 0.03525341674685478 0.04244999960064888 -0.12490095943212509
v 0.0379243940114975 0.0422029048204422 -0.13053785264492035
v 0.036740489304065704 0.04244999960064888 -0.13057295978069305
v 0.036740489304065704 0.04244999960064888 -0.13057295978069305
v 0.0379243940114975 0.0422029048204422 -0.13053785264492035
v 0.03813980892300606 0.042225003242492676 -0.13385827839374542
v 0.036740489304065704 0.04244999960064888 -0.13057295978069305
v 0.03813980892300606 0.042225003242492676 -0.13385827839374542
v 0.038030438125133514 0.042267460376024246 -0.13388490676879883
v 0.039878152310848236 0.04029630497097969 -0.13398505747318268
v 0.03977624326944351 0.03938544914126396 -0.13057266175746918
v 0.04000000283122063 0.03937996178865433 -0.1340000033378601
v 0.04000000283122063 0.03937996178865433 -0.1340000033378601
v 0.03977624326944351 0.03938544914126396 -0.13057266175746918
v 0.039851538836956024 0.034819260239601135 -0.13063091039657593
v 0.04000000283122063 0.03937996178865433 -0.1340000033378601
v 0.039851538836956024 0.034819260239601135 -0.13063091039657593
v 0.04000000283122063 0.034804295748472214 -0.1340000033378601
v 0.03914230316877365 0.039401229470968246 -0.12719088792800903
v 0.03815635293722153 0.03942643105983734 -0.12384791672229767
v 0.03876683488488197 0.03493092581629753 -0.1239539310336113
v 0.03876683488488197 0.03493092581629753 -0.1239539310336113
v 0.03815635293722153 0.03942643105983734 -0.12384791672229767
v 0.037402838468551636 0.03725660964846611 -0.12059298902750015
v 0.03876683488488197 0.03493092581629753 -0.1239539310336113
v 0.037402838468551636 0.03725660964846611 -0.12059298902750015
v 0.03790545091032982 0.03502213582396507 -0.12063933163881302
v 0.03790545091032982 0.03502213582396507 -0.12063933163881302
v 0.037402838468551636 0.03725660964846611 -0.12059298902750015
v 0.034714847803115845 0.037439554929733276 -0.11401934176683426
v 0.03790545091032982 0.03502213582396507 -0.12063933163881302
v 0.034714847803115845 0.037439554929733276 -0.11401934176683426
v 0.035721685737371445 0.03525683283805847 -0.11404513567686081
v 0.035721685737371445 0.03525683283805847 -0.11404513567686081
v 0.034714847803115845 0.037439554929733276 -0.11401934176683426
v 0.03159794956445694 0.03764759376645088 -0.10748707503080368
v 0.035721685737371445 0.03525683283805847 -0.11404513567686081
v 0.03159794956445694 0.03764759376645088 -0.10748707503080368
v 0.03316780924797058 0.035523489117622375 -0.10748161375522614
v 0.03316780924797058 0.035523489117622375 -0.10748161375522614
v 0.03159794956445694 0.03764759376645088 -0.10748707503080368
v 0.028445592150092125 0.037840817123651505 -0.10095997899770737
v 0.03316780924797058 0.035523489117622375 -0.10748161375522614
v 0.028445592150092125 0.037840817123651505 -0.10095997899770737
v 0.03056350164115429 0.03576907515525818 -0.10092546045780182
v 0.028262177482247353 0.035959552973508835 -0.09434662759304047
v 0.02297014184296131 0.039803896099328995 -0.09445743262767792
v 0.02662055380642414 0.03607754781842232 -0.08771397918462753
v 0.02662055380642414 0.03607754781842232 -0.08771397918462753
v 0.02297014184296131 0.039803896099328995 -0.09445743262767792
v 0.020659087225794792 0.03984690085053444 -0.08780816942453384
v 0.02662055380642414 0.03607754781842232 -0.08771397918462753
v 0.020659087225794792 0.03984690085053444 -0.08780816942453384
v 0.026158681139349937 0.036107584834098816 -0.08436863869428635
v 0.026158681139349937 0.036107584834098816 -0.08436863869428635
v 0.020659087225794792 0.03984690085053444 -0.08780816942453384
v 0.02001086063683033 0.039857812225818634 -0.08442717790603638
v 0.01682215929031372 0.0413038395345211 -0.08445458114147186
v 0.02001086063683033 0.039857812225818634 -0.08442717790603638
v 0.01754145510494709 0.0413120873272419 -0.08785223215818405
v 0.01754145510494709 0.0413120873272419 -0.08785223215818405
v 0.02001086063683033 0.039857812225818634 -0.08442717790603638
v 0.020659087225794792 0.03984690085053444 -0.08780816942453384
v 0.01754145510494709 0.0413120873272419 -0.08785223215818405
v 0.020659087225794792 0.03984690085053444 -0.08780816942453384
v 0.02010803110897541 0.04134033992886543 -0.09450913965702057
v 0.02010803110897541 0.04134033992886543 -0.09450913965702057
v 0.020659087225794792 0.03984690085053444 -0.08780816942453384
v 0.02297014184296131 0.039803896099328995 -0.09445743262767792
v 0.02010803110897541 0.04134033992886543 -0.09450913965702057
v 0.02297014184296131 0.039803896099328995 -0.09445743262767792
v 0.023734496906399727 0.04137769713997841 -0.10103587806224823
v 0.023734496906399727 0.04137769713997841 -0.10103587806224823
v 0.020614756271243095 0.04244999960064888 -0.10070998966693878
v 0.02010803110897541 0.04134033992886543 -0.09450913965702057
v 0.02010803110897541 0.04134033992886543 -0.09450913965702057
v 0.020614756271243095 0.04244999960064888 -0.10070998966693878
v 0.016144029796123505 0.04244999960064888 -0.09264948219060898
v 0.02010803110897541 0.04134033992886543 -0.09450913965702057
v 0.016144029796123505 0.04244999960064888 -0.09264948219060898
v 0.01754145510494709 0.0413120873272419 -0.08785223215818405
v 0.01754145510494709 0.0413120873272419 -0.08785223215818405
v 0.016144029796123505 0.04244999960064888 -0.09264948219060898
v 0.014367107301950455 0.04244999960064888 -0.08787290751934052
v 0.01754145510494709 0.0413120873272419 -0.08785223215818405
v 0.014367107301950455 0.04244999960064888 -0.08787290751934052
v 0.01682215929031372 0.0413038395345211 -0.08445458114147186
v 0.01682215929031372 0.0413038395345211 -0.08445458114147186
v 0.014367107301950455 0.04244999960064888 -0.08787290751934052
v 0.014096817001700401 0.04244999960064888 -0.08686404675245285
v 0.036452360451221466 0.025750000029802322 -0.08763137459754944
v 0.03687228634953499 0.025750000029802322 -0.09425728768110275
v 0.03503357619047165 0.028593556955456734 -0.09426461160182953
v 0.03503357619047165 0.028593556955456734 -0.09426461160182953
v 0.03687228634953499 0.025750000029802322 -0.09425728768110275
v 0.036998450756073 0.025750000029802322 -0.09580253809690475
v 0.03503357619047165 0.028593556955456734 -0.09426461160182953
v 0.036998450756073 0.025750000029802322 -0.09580253809690475
v 0.036032404750585556 0.028504392132163048 -0.10087652504444122
v 0.0388270728290081 0.025750000029802322 -0.11412044614553452
v 0.0371515266597271 0.028381329029798508 -0.10748592764139175
v 0.03814654052257538 0.025750000029802322 -0.10750000178813934
v 0.03814654052257538 0.025750000029802322 -0.10750000178813934
v 0.0371515266597271 0.028381329029798508 -0.10748592764139175
v 0.036032404750585556 0.028504392132163048 -0.10087652504444122
v 0.03814654052257538 0.025750000029802322 -0.10750000178813934
v 0.036032404750585556 0.028504392132163048 -0.10087652504444122
v 0.03746597096323967 0.025750000029802322 -0.10087954998016357
v 0.03746597096323967 0.025750000029802322 -0.10087954998016357
v 0.036032404750585556 0.028504392132163048 -0.10087652504444122
v 0.036998450756073 0.025750000029802322 -0.09580253809690475
v 0.0371515266597271 0.028381329029798508 -0.10748592764139175
v 0.03438592329621315 0.031096715480089188 -0.10088316351175308
v 0.036032404750585556 0.028504392132163048 -0.10087652504444122
v 0.036032404750585556 0.028504392132163048 -0.10087652504444122
v 0.03438592329621315 0.031096715480089188 -0.10088316351175308
v 0.032968826591968536 0.0312509648501873 -0.09428093582391739
v 0.036032404750585556 0.028504392132163048 -0.10087652504444122
v 0.032968826591968536 0.0312509648501873 -0.09428093582391739
v 0.03503357619047165 0.028593556955456734 -0.09426461160182953
v 0.03503357619047165 0.028593556955456734 -0.09426461160182953
v 0.032968826591968536 0.0312509648501873 -0.09428093582391739
v 0.031950902193784714 0.03134124353528023 -0.08765705674886703
v 0.03503357619047165 0.028593556955456734 -0.09426461160182953
v 0.031950902193784714 0.03134124353528023 -0.08765705674886703
v 0.036452360451221466 0.025750000029802322 -0.08763137459754944
v 0.036452360451221466 0.025750000029802322 -0.08763137459754944
v 0.031950902193784714 0.03134124353528023 -0.08765705674886703
v 0.03156162425875664 0.03137059137225151 -0.08100000023841858
v 0.036452360451221466 0.025750000029802322 -0.08763137459754944
v 0.03156162425875664 0.03137059137225151 -0.08100000023841858
v 0.034791503101587296 0.02774529531598091 -0.08100000023841858
v 0.014096817001700401 0.04244999960064888 -0.08686404675245285
v 0.013350935652852058 0.04244999960064888 -0.08100000023841858
v 0.01682215929031372 0.0413038395345211 -0.08445458114147186
v 0.01682215929031372 0.0413038395345211 -0.08445458114147186
v 0.013350935652852058 0.04244999960064888 -0.08100000023841858
v 0.019307827576994896 0.040093112736940384 -0.08100000023841858
v 0.01682215929031372 0.0413038395345211 -0.08445458114147186
v 0.019307827576994896 0.040093112736940384 -0.08100000023841858
v 0.02001086063683033 0.039857812225818634 -0.08442717790603638
v 0.02001086063683033 0.039857812225818634 -0.08442717790603638
v 0.019307827576994896 0.040093112736940384 -0.08100000023841858
v 0.025995055213570595 0.03611795976758003 -0.08100000023841858
v 0.02001086063683033 0.039857812225818634 -0.08442717790603638
v 0.025995055213570595 0.03611795976758003 -0.08100000023841858
v 0.026158681139349937 0.036107584834098816 -0.08436863869428635
v 0.026158681139349937 0.036107584834098816 -0.08436863869428635
v 0.025995055213570595 0.03611795976758003 -0.08100000023841858
v 0.02774529717862606 0.034791499376297 -0.08100000023841858
v 0.026158681139349937 0.036107584834098816 -0.08436863869428635
v 0.02774529717862606 0.034791499376297 -0.08100000023841858
v 0.02662055380642414 0.03607754781842232 -0.08771397918462753
v 0.02662055380642414 0.03607754781842232 -0.08771397918462753
v 0.02774529717862606 0.034791499376297 -0.08100000023841858
v 0.031950902193784714 0.03134124353528023 -0.08765705674886703
v 0.02662055380642414 0.03607754781842232 -0.08771397918462753
v 0.031950902193784714 0.03134124353528023 -0.08765705674886703
v 0.028262177482247353 0.035959552973508835 -0.09434662759304047
v 0.028262177482247353 0.035959552973508835 -0.09434662759304047
v 0.031950902193784714 0.03134124353528023 -0.08765705674886703
v 0.032968826591968536 0.0312509648501873 -0.09428093582391739
v 0.028262177482247353 0.035959552973508835 -0.09434662759304047
v 0.032968826591968536 0.0312509648501873 -0.09428093582391739
v 0.03255348652601242 0.033520009368658066 -0.10089993476867676
v 0.03255348652601242 0.033520009368658066 -0.10089993476867676
v 0.032968826591968536 0.0312509648501873 -0.09428093582391739
v 0.03438592329621315 0.031096715480089188 -0.10088316351175308
v 0.03255348652601242 0.033520009368658066 -0.10089993476867676
v 0.03438592329621315 0.031096715480089188 -0.10088316351175308
v 0.03597237542271614 0.030889257788658142 -0.10747931897640228
v 0.03597237542271614 0.030889257788658142 -0.10747931897640228
v 0.03438592329621315 0.031096715480089188 -0.10088316351175308
v 0.0371515266597271 0.028381329029798508 -0.10748592764139175
v 0.03597237542271614 0.030889257788658142 -0.10747931897640228
v 0.0371515266597271 0.028381329029798508 -0.10748592764139175
v 0.038232024759054184 0.028242135420441628 -0.11410096287727356
v 0.038232024759054184 0.028242135420441628 -0.11410096287727356
v 0.0371515266597271 0.028381329029798508 -0.10748592764139175
v 0.0388270728290081 0.025750000029802322 -0.11412044614553452
v 0.038232024759054184 0.028242135420441628 -0.11410096287727356
v 0.0388270728290081 0.025750000029802322 -0.11412044614553452
v 0.03942100331187248 0.025750000029802322 -0.12074271589517593
v 0.04000000283122063 0.030267607420682907 -0.1340000033378601
v 0.04000000283122063 0.034804295748472214 -0.1340000033378601
v 0.03967063128948212 0.030316723510622978 -0.12734009325504303
v 0.03967063128948212 0.030316723510622978 -0.12734009325504303
v 0.04000000283122063 0.034804295748472214 -0.1340000033378601
v 0.039851538836956024 0.034819260239601135 -0.13063091039657593
v 0.03967063128948212 0.030316723510622978 -0.12734009325504303
v 0.039851538836956024 0.034819260239601135 -0.13063091039657593
v 0.0394277460873127 0.034862272441387177 -0.1272834837436676
v 0.0394277460873127 0.034862272441387177 -0.1272834837436676
v 0.039851538836956024 0.034819260239601135 -0.13063091039657593
v 0.03977624326944351 0.03938544914126396 -0.13057266175746918
v 0.0394277460873127 0.034862272441387177 -0.1272834837436676
v 0.03977624326944351 0.03938544914126396 -0.13057266175746918
v 0.03914230316877365 0.039401229470968246 -0.12719088792800903
v 0.03914230316877365 0.039401229470968246 -0.12719088792800903
v 0.03977624326944351 0.03938544914126396 -0.13057266175746918
v 0.038879942148923874 0.0405249297618866 -0.1271657645702362
v 0.03914230316877365 0.039401229470968246 -0.12719088792800903
v 0.038879942148923874 0.0405249297618866 -0.1271657645702362
v 0.03815635293722153 0.03942643105983734 -0.12384791672229767
v 0.03815635293722153 0.03942643105983734 -0.12384791672229767
v 0.038879942148923874 0.0405249297618866 -0.1271657645702362
v 0.03687598928809166 0.03945993259549141 -0.12053730338811874
v 0.03815635293722153 0.03942643105983734 -0.12384791672229767
v 0.03687598928809166 0.03945993259549141 -0.12053730338811874
v 0.037402838468551636 0.03725660964846611 -0.12059298902750015
v 0.037402838468551636 0.03725660964846611 -0.12059298902750015
v 0.03687598928809166 0.03945993259549141 -0.12053730338811874
v 0.03366006910800934 0.0395461805164814 -0.11398804932832718
v 0.037402838468551636 0.03725660964846611 -0.12059298902750015
v 0.03366006910800934 0.0395461805164814 -0.11398804932832718
v 0.034714847803115845 0.037439554929733276 -0.11401934176683426
v 0.034714847803115845 0.037439554929733276 -0.11401934176683426
v 0.03366006910800934 0.0395461805164814 -0.11398804932832718
v 0.029954565688967705 0.03964415565133095 -0.10749310255050659
v 0.034714847803115845 0.037439554929733276 -0.11401934176683426
v 0.029954565688967705 0.03964415565133095 -0.10749310255050659
v 0.03159794956445694 0.03764759376645088 -0.10748707503080368
v 0.03159794956445694 0.03764759376645088 -0.10748707503080368
v 0.029954565688967705 0.03964415565133095 -0.10749310255050659
v 0.026230154559016228 0.03973422944545746 -0.10100091993808746
v 0.03159794956445694 0.03764759376645088 -0.10748707503080368
v 0.026230154559016228 0.03973422944545746 -0.10100091993808746
v 0.028445592150092125 0.037840817123651505 -0.10095997899770737
v 0.03987456485629082 0.04030841216444969 -0.13397343456745148
v 0.03985900804400444 0.040358852595090866 -0.13394805788993835
v 0.03977624326944351 0.03938544914126396 -0.13057266175746918
v 0.03977624326944351 0.03938544914126396 -0.13057266175746918
v 0.03985900804400444 0.040358852595090866 -0.13394805788993835
v 0.03956180065870285 0.04052141308784485 -0.1305568665266037
v 0.03977624326944351 0.03938544914126396 -0.13057266175746918
v 0.03956180065870285 0.04052141308784485 -0.1305568665266037
v 0.038879942148923874 0.0405249297618866 -0.1271657645702362
v 0.038879942148923874 0.0405249297618866 -0.1271657645702362
v 0.03956180065870285 0.04052141308784485 -0.1305568665266037
v 0.038203056901693344 0.041511282324790955 -0.12714749574661255
v 0.038879942148923874 0.0405249297618866 -0.1271657645702362
v 0.038203056901693344 0.041511282324790955 -0.12714749574661255
v 0.035649530589580536 0.04148760810494423 -0.12048932164907455
v 0.035649530589580536 0.04148760810494423 -0.12048932164907455
v 0.038203056901693344 0.041511282324790955 -0.12714749574661255
v 0.0345594547688961 0.04216007888317108 -0.12047615647315979
v 0.035649530589580536 0.04148760810494423 -0.12048932164907455
v 0.0345594547688961 0.04216007888317108 -0.12047615647315979
v 0.030842283740639687 0.04211309179663658 -0.11395353823900223
v 0.030842283740639687 0.04211309179663658 -0.11395353823900223
v 0.0345594547688961 0.04216007888317108 -0.12047615647315979
v 0.02896689437329769 0.04244999960064888 -0.11309879273176193
v 0.030842283740639687 0.04211309179663658 -0.11395353823900223
v 0.02896689437329769 0.04244999960064888 -0.11309879273176193
v 0.026579657569527626 0.04205916076898575 -0.10749946534633636
v 0.026579657569527626 0.04205916076898575 -0.10749946534633636
v 0.02896689437329769 0.04244999960064888 -0.11309879273176193
v 0.020614756271243095 0.04244999960064888 -0.10070998966693878
v 0.026579657569527626 0.04205916076898575 -0.10749946534633636
v 0.020614756271243095 0.04244999960064888 -0.10070998966693878
v 0.027887968346476555 0.04141754284501076 -0.10749799013137817
v 0.027887968346476555 0.04141754284501076 -0.10749799013137817
v 0.020614756271243095 0.04244999960064888 -0.10070998966693878
v 0.023734496906399727 0.04137769713997841 -0.10103587806224823
v 0.027887968346476555 0.04141754284501076 -0.10749799013137817
v 0.023734496906399727 0.04137769713997841 -0.10103587806224823
v 0.026230154559016228 0.03973422944545746 -0.10100091993808746
v 0.026230154559016228 0.03973422944545746 -0.10100091993808746
v 0.023734496906399727 0.04137769713997841 -0.10103587806224823
v 0.02297014184296131 0.039803896099328995 -0.09445743262767792
v 0.026230154559016228 0.03973422944545746 -0.10100091993808746
v 0.02297014184296131 0.039803896099328995 -0.09445743262767792
v 0.028445592150092125 0.037840817123651505 -0.10095997899770737
v 0.028445592150092125 0.037840817123651505 -0.10095997899770737
v 0.02297014184296131 0.039803896099328995 -0.09445743262767792
v 0.028262177482247353 0.035959552973508835 -0.09434662759304047
v 0.028445592150092125 0.037840817123651505 -0.10095997899770737
v 0.028262177482247353 0.035959552973508835 -0.09434662759304047
v 0.03056350164115429 0.03576907515525818 -0.10092546045780182
v 0.03056350164115429 0.03576907515525818 -0.10092546045780182
v 0.028262177482247353 0.035959552973508835 -0.09434662759304047
v 0.03255348652601242 0.033520009368658066 -0.10089993476867676
v 0.03056350164115429 0.03576907515525818 -0.10092546045780182
v 0.03255348652601242 0.033520009368658066 -0.10089993476867676
v 0.034635357558727264 0.03327060490846634 -0.10747845470905304
v 0.034635357558727264 0.03327060490846634 -0.10747845470905304
v 0.03255348652601242 0.033520009368658066 -0.10089993476867676
v 0.03597237542271614 0.030889257788658142 -0.10747931897640228
v 0.034635357558727264 0.03327060490846634 -0.10747845470905304
v 0.03597237542271614 0.030889257788658142 -0.10747931897640228
v 0.037502091377973557 0.030658096075057983 -0.11408375203609467
v 0.037502091377973557 0.030658096075057983 -0.11408375203609467
v 0.03597237542271614 0.030889257788658142 -0.10747931897640228
v 0.038232024759054184 0.028242135420441628 -0.11410096287727356
v 0.037502091377973557 0.030658096075057983 -0.11408375203609467
v 0.038232024759054184 0.028242135420441628 -0.11410096287727356
v 0.038787003606557846 0.030454104766249657 -0.12070326507091522
v 0.038787003606557846 0.030454104766249657 -0.12070326507091522
v 0.038232024759054184 0.028242135420441628 -0.11410096287727356
v 0.03942100331187248 0.025750000029802322 -0.12074271589517593
v -0.03435057774186134 0.03328697755932808 -0.08297406136989594
v -0.03662616014480591 0.03611493855714798 -0.08496882021427155
v -0.03909057751297951 0.03251655772328377 -0.08618302643299103
v -0.038201142102479935 0.030153095722198486 -0.0853922963142395
v -0.03690977767109871 0.029709739610552788 -0.08408082276582718
v -0.036833230406045914 0.030034922063350677 -0.08412360399961472
v -0.036833230406045914 0.030034922063350677 -0.08412360399961472
v -0.03690977767109871 0.029709739610552788 -0.08408082276582718
v -0.03591262176632881 0.029319435358047485 -0.08268973231315613
v -0.03431325405836105 0.028334619477391243 -0.07646175473928452
v -0.03332697972655296 0.029488343745470047 -0.0758889690041542
v -0.03437725827097893 0.028360920026898384 -0.07768325507640839
v -0.03437725827097893 0.028360920026898384 -0.07768325507640839
v -0.03332697972655296 0.029488343745470047 -0.0758889690041542
v -0.033184152096509933 0.03094414249062538 -0.07976388186216354
v -0.03437725827097893 0.028360920026898384 -0.07768325507640839
v -0.033184152096509933 0.03094414249062538 -0.07976388186216354
v -0.03458968922495842 0.028618698939681053 -0.07938362658023834
v -0.039683375507593155 0.030608655884861946 -0.08648074418306351
v -0.03909057751297951 0.03251655772328377 -0.08618302643299103
v -0.04013631492853165 0.030739251524209976 -0.0867464691400528
v -0.04013631492853165 0.030739251524209976 -0.0867464691400528
v -0.03909057751297951 0.03251655772328377 -0.08618302643299103
v -0.040156248956918716 0.030744917690753937 -0.08675753325223923
v -0.039683375507593155 0.030608655884861946 -0.08648074418306351
v -0.038201142102479935 0.030153095722198486 -0.0853922963142395
v -0.03909057751297951 0.03251655772328377 -0.08618302643299103
v -0.03909057751297951 0.03251655772328377 -0.08618302643299103
v -0.038201142102479935 0.030153095722198486 -0.0853922963142395
v -0.036833230406045914 0.030034922063350677 -0.08412360399961472
v -0.03909057751297951 0.03251655772328377 -0.08618302643299103
v -0.036833230406045914 0.030034922063350677 -0.08412360399961472
v -0.03435057774186134 0.03328697755932808 -0.08297406136989594
v -0.03435057774186134 0.03328697755932808 -0.08297406136989594
v -0.036833230406045914 0.030034922063350677 -0.08412360399961472
v -0.03591262176632881 0.029319435358047485 -0.08268973231315613
v -0.03435057774186134 0.03328697755932808 -0.08297406136989594
v -0.03591262176632881 0.029319435358047485 -0.08268973231315613
v -0.033184152096509933 0.03094414249062538 -0.07976388186216354
v -0.033184152096509933 0.03094414249062538 -0.07976388186216354
v -0.03591262176632881 0.029319435358047485 -0.08268973231315613
v -0.03511066362261772 0.028944872319698334 -0.08108814805746078
v -0.033184152096509933 0.03094414249062538 -0.07976388186216354
v -0.03511066362261772 0.028944872319698334 -0.08108814805746078
v -0.03458968922495842 0.028618698939681053 -0.07938362658023834
v -0.03391460329294205 0.03945000097155571 -0.08380629122257233
v -0.03662616014480591 0.03611493855714798 -0.08496882021427155
v -0.03164902701973915 0.036276526749134064 -0.08189257234334946
v -0.03164902701973915 0.036276526749134064 -0.08189257234334946
v -0.03662616014480591 0.03611493855714798 -0.08496882021427155
v -0.03435057774186134 0.03328697755932808 -0.08297406136989594
v -0.03164902701973915 0.036276526749134064 -0.08189257234334946
v -0.03435057774186134 0.03328697755932808 -0.08297406136989594
v -0.030506635084748268 0.033701762557029724 -0.07858627289533615
v -0.030506635084748268 0.033701762557029724 -0.07858627289533615
v -0.03435057774186134 0.03328697755932808 -0.08297406136989594
v -0.033184152096509933 0.03094414249062538 -0.07976388186216354
v -0.030506635084748268 0.033701762557029724 -0.07858627289533615
v -0.033184152096509933 0.03094414249062538 -0.07976388186216354
v -0.030702954158186913 0.03221146762371063 -0.07451116293668747
v -0.030702954158186913 0.03221146762371063 -0.07451116293668747
v -0.033184152096509933 0.03094414249062538 -0.07976388186216354
v -0.03332697972655296 0.029488343745470047 -0.0758889690041542
v -0.01480700820684433 0.04244999960064888 -0.08300638943910599
v -0.014813180081546307 0.04244938865303993 -0.08294589072465897
v -0.014789522625505924 0.04244999960064888 -0.0829966813325882
v -0.014789522625505924 0.04244999960064888 -0.0829966813325882
v -0.014813180081546307 0.04244938865303993 -0.08294589072465897
v -0.014588827267289162 0.04244999960064888 -0.082865871489048
v -0.014813180081546307 0.04244938865303993 -0.08294589072465897
v -0.014847913756966591 0.04244683310389519 -0.08286922425031662
v -0.014588827267289162 0.04244999960064888 -0.082865871489048
v -0.014588827267289162 0.04244999960064888 -0.082865871489048
v -0.014847913756966591 0.04244683310389519 -0.08286922425031662
v -0.014914607629179955 0.042442113161087036 -0.08279076963663101
v -0.014588827267289162 0.04244999960064888 -0.082865871489048
v -0.014914607629179955 0.042442113161087036 -0.08279076963663101
v -0.014408119022846222 0.04244999960064888 -0.08271382749080658
v -0.014408119022846222 0.04244999960064888 -0.08271382749080658
v -0.014914607629179955 0.042442113161087036 -0.08279076963663101
v -0.01504505518823862 0.042432915419340134 -0.08269095420837402
v -0.014408119022846222 0.04244999960064888 -0.08271382749080658
v -0.01504505518823862 0.042432915419340134 -0.08269095420837402
v -0.01410746667534113 0.04244999960064888 -0.08237166702747345
v -0.014942748472094536 0.04227748513221741 -0.081593357026577
v -0.013637145049870014 0.04244999960064888 -0.08145824819803238
v -0.014468042179942131 0.04237639531493187 -0.0819554552435875
v -0.014468042179942131 0.04237639531493187 -0.0819554552435875
v -0.013637145049870014 0.04244999960064888 -0.08145824819803238
v -0.013680445961654186 0.04244999960064888 -0.0815758928656578
v -0.014468042179942131 0.04237639531493187 -0.0819554552435875
v -0.013680445961654186 0.04244999960064888 -0.0815758928656578
v -0.014118475839495659 0.04244682937860489 -0.08234167098999023
v -0.014118475839495659 0.04244682937860489 -0.08234167098999023
v -0.013680445961654186 0.04244999960064888 -0.0815758928656578
v -0.01410746667534113 0.04244999960064888 -0.08237166702747345
v -0.014744874089956284 0.04210558161139488 -0.08011288940906525
v -0.013367042876780033 0.04244999960064888 -0.08009009063243866
v -0.0139878885820508 0.042334575206041336 -0.08082037419080734
v -0.0139878885820508 0.042334575206041336 -0.08082037419080734
v -0.013367042876780033 0.04244999960064888 -0.08009009063243866
v -0.01338884700089693 0.04244999960064888 -0.08033308386802673
v -0.0139878885820508 0.042334575206041336 -0.08082037419080734
v -0.01338884700089693 0.04244999960064888 -0.08033308386802673
v -0.013583309948444366 0.04244999960064888 -0.08129465579986572
v -0.01901455596089363 0.04054737091064453 -0.07784798741340637
v -0.016313018277287483 0.04140211641788483 -0.07680757343769073
v -0.017267201095819473 0.04124128818511963 -0.0785587802529335
v -0.017267201095819473 0.04124128818511963 -0.0785587802529335
v -0.016313018277287483 0.04140211641788483 -0.07680757343769073
v -0.015219926834106445 0.041816309094429016 -0.07765664160251617
v -0.017267201095819473 0.04124128818511963 -0.0785587802529335
v -0.015219926834106445 0.041816309094429016 -0.07765664160251617
v -0.01617731899023056 0.04163417965173721 -0.07913186401128769
v -0.01617731899023056 0.04163417965173721 -0.07913186401128769
v -0.015219926834106445 0.041816309094429016 -0.07765664160251617
v -0.013962111435830593 0.04225292056798935 -0.07887279987335205
v -0.01617731899023056 0.04163417965173721 -0.07913186401128769
v -0.013962111435830593 0.04225292056798935 -0.07887279987335205
v -0.014906972646713257 0.04205475375056267 -0.07998357713222504
v -0.014906972646713257 0.04205475375056267 -0.07998357713222504
v -0.013962111435830593 0.04225292056798935 -0.07887279987335205
v -0.013802901841700077 0.042305197566747665 -0.07905412465333939
v -0.014906972646713257 0.04205475375056267 -0.07998357713222504
v -0.013802901841700077 0.042305197566747665 -0.07905412465333939
v -0.014744874089956284 0.04210558161139488 -0.08011288940906525
v -0.014744874089956284 0.04210558161139488 -0.08011288940906525
v -0.013802901841700077 0.042305197566747665 -0.07905412465333939
v -0.013350936584174633 0.04244999960064888 -0.07962074875831604
v -0.014744874089956284 0.04210558161139488 -0.08011288940906525
v -0.013350936584174633 0.04244999960064888 -0.07962074875831604
v -0.013367042876780033 0.04244999960064888 -0.08009009063243866
v -0.01410746667534113 0.04244999960064888 -0.08237166702747345
v -0.01504505518823862 0.042432915419340134 -0.08269095420837402
v -0.014118475839495659 0.04244682937860489 -0.08234167098999023
v -0.014118475839495659 0.04244682937860489 -0.08234167098999023
v -0.01504505518823862 0.042432915419340134 -0.08269095420837402
v -0.015413772314786911 0.042406413704156876 -0.08250989764928818
v -0.014118475839495659 0.04244682937860489 -0.08234167098999023
v -0.015413772314786911 0.042406413704156876 -0.08250989764928818
v -0.014468042179942131 0.04237639531493187 -0.0819554552435875
v -0.014468042179942131 0.04237639531493187 -0.0819554552435875
v -0.015413772314786911 0.042406413704156876 -0.08250989764928818
v -0.0159135852009058 0.04236894100904465 -0.08234278112649918
v -0.014468042179942131 0.04237639531493187 -0.0819554552435875
v -0.0159135852009058 0.04236894100904465 -0.08234278112649918
v -0.014942748472094536 0.04227748513221741 -0.081593357026577
v -0.014942748472094536 0.04227748513221741 -0.081593357026577
v -0.0159135852009058 0.04236894100904465 -0.08234278112649918
v -0.016741326078772545 0.04230276495218277 -0.0821441188454628
v -0.014942748472094536 0.04227748513221741 -0.081593357026577
v -0.016741326078772545 0.04230276495218277 -0.0821441188454628
v -0.015731081366539 0.04210476577281952 -0.08114996552467346
v -0.015731081366539 0.04210476577281952 -0.08114996552467346
v -0.016741326078772545 0.04230276495218277 -0.0821441188454628
v -0.016917675733566284 0.04228799045085907 -0.08210943639278412
v -0.015731081366539 0.04210476577281952 -0.08114996552467346
v -0.016917675733566284 0.04228799045085907 -0.08210943639278412
v -0.015899324789643288 0.042066529393196106 -0.08107030391693115
v -0.015899324789643288 0.042066529393196106 -0.08107030391693115
v -0.016917675733566284 0.04228799045085907 -0.08210943639278412
v -0.01829073391854763 0.04216459020972252 -0.08189928531646729
v -0.015899324789643288 0.042066529393196106 -0.08107030391693115
v -0.01829073391854763 0.04216459020972252 -0.08189928531646729
v -0.01721169985830784 0.041751496493816376 -0.08056096732616425
v -0.01721169985830784 0.041751496493816376 -0.08056096732616425
v -0.01829073391854763 0.04216459020972252 -0.08189928531646729
v -0.019458673894405365 0.04204753041267395 -0.08178360760211945
v -0.01721169985830784 0.041751496493816376 -0.08056096732616425
v -0.019458673894405365 0.04204753041267395 -0.08178360760211945
v -0.018329933285713196 0.0414593331515789 -0.08023989200592041
v -0.018329933285713196 0.0414593331515789 -0.08023989200592041
v -0.019458673894405365 0.04204753041267395 -0.08178360760211945
v -0.021318495273590088 0.041836682707071304 -0.08169186860322952
v -0.018329933285713196 0.0414593331515789 -0.08023989200592041
v -0.021318495273590088 0.041836682707071304 -0.08169186860322952
v -0.020110080018639565 0.04094826802611351 -0.07988552749156952
v -0.020110080018639565 0.04094826802611351 -0.07988552749156952
v -0.021318495273590088 0.041836682707071304 -0.08169186860322952
v -0.023248426616191864 0.04158380255103111 -0.08170270174741745
v -0.020110080018639565 0.04094826802611351 -0.07988552749156952
v -0.023248426616191864 0.04158380255103111 -0.08170270174741745
v -0.021950697526335716 0.040359266102313995 -0.0796932652592659
v -0.021950697526335716 0.040359266102313995 -0.0796932652592659
v -0.023248426616191864 0.04158380255103111 -0.08170270174741745
v -0.024821648374199867 0.041349999606609344 -0.08178804069757462
v -0.021950697526335716 0.040359266102313995 -0.0796932652592659
v -0.024821648374199867 0.041349999606609344 -0.08178804069757462
v -0.02344105951488018 0.039836544543504715 -0.0796617642045021
v -0.02344105951488018 0.039836544543504715 -0.0796617642045021
v -0.024821648374199867 0.041349999606609344 -0.08178804069757462
v -0.026869498193264008 0.041005756705999374 -0.08200391381978989
v -0.02344105951488018 0.039836544543504715 -0.0796617642045021
v -0.026869498193264008 0.041005756705999374 -0.08200391381978989
v -0.02536003664135933 0.039103053510189056 -0.07979114353656769
v -0.02536003664135933 0.039103053510189056 -0.07979114353656769
v -0.026869498193264008 0.041005756705999374 -0.08200391381978989
v -0.028847649693489075 0.040627844631671906 -0.08233193308115005
v -0.02536003664135933 0.039103053510189056 -0.07979114353656769
v -0.028847649693489075 0.040627844631671906 -0.08233193308115005
v -0.02718259207904339 0.038344983011484146 -0.08010812848806381
v -0.013583309948444366 0.04244999960064888 -0.08129465579986572
v -0.013637145049870014 0.04244999960064888 -0.08145824819803238
v -0.0139878885820508 0.042334575206041336 -0.08082037419080734
v -0.0139878885820508 0.042334575206041336 -0.08082037419080734
v -0.013637145049870014 0.04244999960064888 -0.08145824819803238
v -0.014942748472094536 0.04227748513221741 -0.081593357026577
v -0.0139878885820508 0.042334575206041336 -0.08082037419080734
v -0.014942748472094536 0.04227748513221741 -0.081593357026577
v -0.014744874089956284 0.04210558161139488 -0.08011288940906525
v -0.014744874089956284 0.04210558161139488 -0.08011288940906525
v -0.014942748472094536 0.04227748513221741 -0.081593357026577
v -0.015731081366539 0.04210476577281952 -0.08114996552467346
v -0.014744874089956284 0.04210558161139488 -0.08011288940906525
v -0.015731081366539 0.04210476577281952 -0.08114996552467346
v -0.014906972646713257 0.04205475375056267 -0.07998357713222504
v -0.014906972646713257 0.04205475375056267 -0.07998357713222504
v -0.015731081366539 0.04210476577281952 -0.08114996552467346
v -0.015899324789643288 0.042066529393196106 -0.08107030391693115
v -0.014906972646713257 0.04205475375056267 -0.07998357713222504
v -0.015899324789643288 0.042066529393196106 -0.08107030391693115
v -0.01617731899023056 0.04163417965173721 -0.07913186401128769
v -0.01617731899023056 0.04163417965173721 -0.07913186401128769
v -0.015899324789643288 0.042066529393196106 -0.08107030391693115
v -0.01721169985830784 0.041751496493816376 -0.08056096732616425
v -0.01617731899023056 0.04163417965173721 -0.07913186401128769
v -0.01721169985830784 0.041751496493816376 -0.08056096732616425
v -0.017267201095819473 0.04124128818511963 -0.0785587802529335
v -0.017267201095819473 0.04124128818511963 -0.0785587802529335
v -0.01721169985830784 0.041751496493816376 -0.08056096732616425
v -0.018329933285713196 0.0414593331515789 -0.08023989200592041
v -0.017267201095819473 0.04124128818511963 -0.0785587802529335
v -0.018329933285713196 0.0414593331515789 -0.08023989200592041
v -0.01901455596089363 0.04054737091064453 -0.07784798741340637
v -0.01901455596089363 0.04054737091064453 -0.07784798741340637
v -0.018329933285713196 0.0414593331515789 -0.08023989200592041
v -0.020110080018639565 0.04094826802611351 -0.07988552749156952
v -0.01901455596089363 0.04054737091064453 -0.07784798741340637
v -0.020110080018639565 0.04094826802611351 -0.07988552749156952
v -0.02083507925271988 0.0397367961704731 -0.07732908427715302
v -0.02083507925271988 0.0397367961704731 -0.07732908427715302
v -0.020110080018639565 0.04094826802611351 -0.07988552749156952
v -0.021950697526335716 0.040359266102313995 -0.0796932652592659
v -0.02083507925271988 0.0397367961704731 -0.07732908427715302
v -0.021950697526335716 0.040359266102313995 -0.0796932652592659
v -0.02231774479150772 0.03900713846087456 -0.07706025242805481
v -0.02231774479150772 0.03900713846087456 -0.07706025242805481
v -0.021950697526335716 0.040359266102313995 -0.0796932652592659
v -0.02344105951488018 0.039836544543504715 -0.0796617642045021
v -0.02231774479150772 0.03900713846087456 -0.07706025242805481
v -0.02344105951488018 0.039836544543504715 -0.0796617642045021
v -0.024235283955931664 0.0379655659198761 -0.07692126929759979
v -0.024235283955931664 0.0379655659198761 -0.07692126929759979
v -0.02344105951488018 0.039836544543504715 -0.0796617642045021
v -0.02536003664135933 0.039103053510189056 -0.07979114353656769
v -0.024235283955931664 0.0379655659198761 -0.07692126929759979
v -0.02536003664135933 0.039103053510189056 -0.07979114353656769
v -0.026061227545142174 0.03686489537358284 -0.07702899724245071
v -0.026061227545142174 0.03686489537358284 -0.07702899724245071
v -0.02536003664135933 0.039103053510189056 -0.07979114353656769
v -0.02718259207904339 0.038344983011484146 -0.08010812848806381
v -0.026061227545142174 0.03686489537358284 -0.07702899724245071
v -0.02718259207904339 0.038344983011484146 -0.08010812848806381
v -0.02753114327788353 0.035897113382816315 -0.07731301337480545
v -0.027748459950089455 0.03478897735476494 -0.07360973209142685
v -0.02727968618273735 0.03515776991844177 -0.07355060428380966
v -0.02753114327788353 0.035897113382816315 -0.07731301337480545
v -0.02753114327788353 0.035897113382816315 -0.07731301337480545
v -0.02727968618273735 0.03515776991844177 -0.07355060428380966
v -0.02562854252755642 0.03637894615530968 -0.0734926387667656
v -0.02753114327788353 0.035897113382816315 -0.07731301337480545
v -0.02562854252755642 0.03637894615530968 -0.0734926387667656
v -0.026061227545142174 0.03686489537358284 -0.07702899724245071
v -0.026061227545142174 0.03686489537358284 -0.07702899724245071
v -0.02562854252755642 0.03637894615530968 -0.0734926387667656
v -0.02361666038632393 0.0377160869538784 -0.07370410114526749
v -0.026061227545142174 0.03686489537358284 -0.07702899724245071
v -0.02361666038632393 0.0377160869538784 -0.07370410114526749
v -0.024235283955931664 0.0379655659198761 -0.07692126929759979
v -0.024235283955931664 0.0379655659198761 -0.07692126929759979
v -0.02361666038632393 0.0377160869538784 -0.07370410114526749
v -0.02154962718486786 0.038934092968702316 -0.07421029359102249
v -0.024235283955931664 0.0379655659198761 -0.07692126929759979
v -0.02154962718486786 0.038934092968702316 -0.07421029359102249
v -0.02231774479150772 0.03900713846087456 -0.07706025242805481
v -0.02231774479150772 0.03900713846087456 -0.07706025242805481
v -0.02154962718486786 0.038934092968702316 -0.07421029359102249
v -0.01998213492333889 0.039761342108249664 -0.0747808888554573
v -0.02231774479150772 0.03900713846087456 -0.07706025242805481
v -0.01998213492333889 0.039761342108249664 -0.0747808888554573
v -0.02083507925271988 0.0397367961704731 -0.07732908427715302
v -0.02083507925271988 0.0397367961704731 -0.07732908427715302
v -0.01998213492333889 0.039761342108249664 -0.0747808888554573
v -0.019297394901514053 0.04009813442826271 -0.07508159428834915
v -0.02083507925271988 0.0397367961704731 -0.07732908427715302
v -0.019297394901514053 0.04009813442826271 -0.07508159428834915
v -0.01901455596089363 0.04054737091064453 -0.07784798741340637
v -0.01901455596089363 0.04054737091064453 -0.07784798741340637
v -0.019297394901514053 0.04009813442826271 -0.07508159428834915
v -0.018092313781380653 0.04065609723329544 -0.0756915882229805
v -0.01901455596089363 0.04054737091064453 -0.07784798741340637
v -0.018092313781380653 0.04065609723329544 -0.0756915882229805
v -0.016313018277287483 0.04140211641788483 -0.07680757343769073
v -0.030472876504063606 0.040282703936100006 -0.08269768953323364
v -0.03223296254873276 0.039873577654361725 -0.08320321142673492
v -0.028650641441345215 0.03769385814666748 -0.08051987737417221
v -0.028650641441345215 0.03769385814666748 -0.08051987737417221
v -0.03223296254873276 0.039873577654361725 -0.08320321142673492
v -0.03020455129444599 0.03697093203663826 -0.08113224804401398
v -0.028650641441345215 0.03769385814666748 -0.08051987737417221
v -0.03020455129444599 0.03697093203663826 -0.08113224804401398
v -0.029080331325531006 0.03479437157511711 -0.07784174382686615
v -0.029049497097730637 0.033710189163684845 -0.07388544827699661
v -0.027748459950089455 0.03478897735476494 -0.07360973209142685
v -0.029080331325531006 0.03479437157511711 -0.07784174382686615
v -0.029080331325531006 0.03479437157511711 -0.07784174382686615
v -0.027748459950089455 0.03478897735476494 -0.07360973209142685
v -0.02753114327788353 0.035897113382816315 -0.07731301337480545
v -0.029080331325531006 0.03479437157511711 -0.07784174382686615
v -0.02753114327788353 0.035897113382816315 -0.07731301337480545
v -0.028650641441345215 0.03769385814666748 -0.08051987737417221
v -0.028650641441345215 0.03769385814666748 -0.08051987737417221
v -0.02753114327788353 0.035897113382816315 -0.07731301337480545
v -0.02718259207904339 0.038344983011484146 -0.08010812848806381
v -0.028650641441345215 0.03769385814666748 -0.08051987737417221
v -0.02718259207904339 0.038344983011484146 -0.08010812848806381
v -0.030472876504063606 0.040282703936100006 -0.08269768953323364
v -0.030472876504063606 0.040282703936100006 -0.08269768953323364
v -0.02718259207904339 0.038344983011484146 -0.08010812848806381
v -0.028847649693489075 0.040627844631671906 -0.08233193308115005
v -0.030702954158186913 0.03221146762371063 -0.07451116293668747
v -0.029049497097730637 0.033710189163684845 -0.07388544827699661
v -0.030506635084748268 0.033701762557029724 -0.07858627289533615
v -0.030506635084748268 0.033701762557029724 -0.07858627289533615
v -0.029049497097730637 0.033710189163684845 -0.07388544827699661
v -0.029080331325531006 0.03479437157511711 -0.07784174382686615
v -0.030506635084748268 0.033701762557029724 -0.07858627289533615
v -0.029080331325531006 0.03479437157511711 -0.07784174382686615
v -0.03164902701973915 0.036276526749134064 -0.08189257234334946
v -0.03164902701973915 0.036276526749134064 -0.08189257234334946
v -0.029080331325531006 0.03479437157511711 -0.07784174382686615
v -0.03020455129444599 0.03697093203663826 -0.08113224804401398
v -0.03164902701973915 0.036276526749134064 -0.08189257234334946
v -0.03020455129444599 0.03697093203663826 -0.08113224804401398
v -0.03391460329294205 0.03945000097155571 -0.08380629122257233
v -0.03391460329294205 0.03945000097155571 -0.08380629122257233
v -0.03020455129444599 0.03697093203663826 -0.08113224804401398
v -0.03223296254873276 0.039873577654361725 -0.08320321142673492
v -0.03431325405836105 0.028334619477391243 -0.07646175473928452
v -0.03437725827097893 0.028360920026898384 -0.07768325507640839
v -0.03431963548064232 0.028326889500021935 -0.07648086547851562
v -0.03431963548064232 0.028326889500021935 -0.07648086547851562
v -0.03437725827097893 0.028360920026898384 -0.07768325507640839
v -0.034683242440223694 0.027880508452653885 -0.07777014374732971
v -0.040156248956918716 0.030744917690753937 -0.08675753325223923
v -0.040137577801942825 0.03073514625430107 -0.0867471694946289
v -0.04013694450259209 0.030737198889255524 -0.08674681931734085
v -0.04013694450259209 0.030737198889255524 -0.08674681931734085
v -0.040137577801942825 0.03073514625430107 -0.0867471694946289
v -0.03971409425139427 0.030509602278470993 -0.0864977017045021
v -0.04013694450259209 0.030737198889255524 -0.08674681931734085
v -0.03971409425139427 0.030509602278470993 -0.0864977017045021
v -0.03969897702336311 0.03055913746356964 -0.08648882806301117
v -0.03969897702336311 0.03055913746356964 -0.08648882806301117
v -0.03971409425139427 0.030509602278470993 -0.0864977017045021
v -0.038339320570230484 0.02971797063946724 -0.08546784520149231
v -0.03969897702336311 0.03055913746356964 -0.08648882806301117
v -0.038339320570230484 0.02971797063946724 -0.08546784520149231
v -0.03827599436044693 0.029936183243989944 -0.08542327582836151
v -0.03827599436044693 0.029936183243989944 -0.08542327582836151
v -0.038339320570230484 0.02971797063946724 -0.08546784520149231
v -0.03715957701206207 0.028940977528691292 -0.08421600610017776
v -0.03827599436044693 0.029936183243989944 -0.08542327582836151
v -0.03715957701206207 0.028940977528691292 -0.08421600610017776
v -0.03705574944615364 0.029328996315598488 -0.08413015305995941
v -0.03705574944615364 0.029328996315598488 -0.08413015305995941
v -0.03715957701206207 0.028940977528691292 -0.08421600610017776
v -0.036266155540943146 0.02825269103050232 -0.08287924528121948
v -0.03705574944615364 0.029328996315598488 -0.08413015305995941
v -0.036266155540943146 0.02825269103050232 -0.08287924528121948
v -0.03613469749689102 0.02879595384001732 -0.08275564014911652
v -0.03613469749689102 0.02879595384001732 -0.08275564014911652
v -0.036266155540943146 0.02825269103050232 -0.08287924528121948
v -0.035567909479141235 0.027589980512857437 -0.08133093267679214
v -0.03613469749689102 0.02879595384001732 -0.08275564014911652
v -0.035567909479141235 0.027589980512857437 -0.08133093267679214
v -0.035418786108493805 0.028288133442401886 -0.08117536455392838
v -0.035418786108493805 0.028288133442401886 -0.08117536455392838
v -0.035567909479141235 0.027589980512857437 -0.08133093267679214
v -0.03523827716708183 0.02717561088502407 -0.08017890155315399
v -0.035418786108493805 0.028288133442401886 -0.08117536455392838
v -0.03523827716708183 0.02717561088502407 -0.08017890155315399
v -0.03498233109712601 0.027851199731230736 -0.07950007915496826
v -0.03498233109712601 0.027851199731230736 -0.07950007915496826
v -0.03523827716708183 0.02717561088502407 -0.08017890155315399
v -0.03479078412055969 0.02774619311094284 -0.07823559641838074
v -0.034683242440223694 0.027880508452653885 -0.07777014374732971
v -0.03437725827097893 0.028360920026898384 -0.07768325507640839
v -0.03479078412055969 0.02774619311094284 -0.07823559641838074
v -0.03479078412055969 0.02774619311094284 -0.07823559641838074
v -0.03437725827097893 0.028360920026898384 -0.07768325507640839
v -0.03458968922495842 0.028618698939681053 -0.07938362658023834
v -0.03479078412055969 0.02774619311094284 -0.07823559641838074
v -0.03458968922495842 0.028618698939681053 -0.07938362658023834
v -0.03498233109712601 0.027851199731230736 -0.07950007915496826
v -0.03498233109712601 0.027851199731230736 -0.07950007915496826
v -0.03458968922495842 0.028618698939681053 -0.07938362658023834
v -0.03511066362261772 0.028944872319698334 -0.08108814805746078
v -0.03498233109712601 0.027851199731230736 -0.07950007915496826
v -0.03511066362261772 0.028944872319698334 -0.08108814805746078
v -0.035418786108493805 0.028288133442401886 -0.08117536455392838
v -0.035418786108493805 0.028288133442401886 -0.08117536455392838
v -0.03511066362261772 0.028944872319698334 -0.08108814805746078
v -0.03591262176632881 0.029319435358047485 -0.08268973231315613
v -0.035418786108493805 0.028288133442401886 -0.08117536455392838
v -0.03591262176632881 0.029319435358047485 -0.08268973231315613
v -0.03613469749689102 0.02879595384001732 -0.08275564014911652
v -0.03613469749689102 0.02879595384001732 -0.08275564014911652
v -0.03591262176632881 0.029319435358047485 -0.08268973231315613
v -0.03690977767109871 0.029709739610552788 -0.08408082276582718
v -0.03613469749689102 0.02879595384001732 -0.08275564014911652
v -0.03690977767109871 0.029709739610552788 -0.08408082276582718
v -0.03705574944615364 0.029328996315598488 -0.08413015305995941
v -0.03705574944615364 0.029328996315598488 -0.08413015305995941
v -0.03690977767109871 0.029709739610552788 -0.08408082276582718
v -0.038201142102479935 0.030153095722198486 -0.0853922963142395
v -0.03705574944615364 0.029328996315598488 -0.08413015305995941
v -0.038201142102479935 0.030153095722198486 -0.0853922963142395
v -0.03827599436044693 0.029936183243989944 -0.08542327582836151
v -0.03827599436044693 0.029936183243989944 -0.08542327582836151
v -0.038201142102479935 0.030153095722198486 -0.0853922963142395
v -0.039683375507593155 0.030608655884861946 -0.08648074418306351
v -0.03827599436044693 0.029936183243989944 -0.08542327582836151
v -0.039683375507593155 0.030608655884861946 -0.08648074418306351
v -0.03969897702336311 0.03055913746356964 -0.08648882806301117
v -0.03969897702336311 0.03055913746356964 -0.08648882806301117
v -0.039683375507593155 0.030608655884861946 -0.08648074418306351
v -0.04013631492853165 0.030739251524209976 -0.0867464691400528
v -0.03969897702336311 0.03055913746356964 -0.08648882806301117
v -0.04013631492853165 0.030739251524209976 -0.0867464691400528
v -0.04013694450259209 0.030737198889255524 -0.08674681931734085
v -0.04013694450259209 0.030737198889255524 -0.08674681931734085
v -0.04013631492853165 0.030739251524209976 -0.0867464691400528
v -0.040156248956918716 0.030744917690753937 -0.08675753325223923
v 4.3213368994265977e-10 -0.044499997049570084 -0.08100000023841858
v -0.0021089096553623676 -0.044450003653764725 -0.08100000023841858
v 0.0021089096553623676 -0.044450003653764725 -0.08100000023841858
v -0.035418786108493805 -0.028288133442401886 -0.08117536455392838
v -0.03498233109712601 -0.027851197868585587 -0.07950007915496826
v -0.03523827716708183 -0.02717561274766922 -0.08017890155315399
v -0.03437725827097893 -0.028360921889543533 -0.07768325507640839
v -0.034683242440223694 -0.027880508452653885 -0.07777014374732971
v -0.03458968922495842 -0.028618700802326202 -0.07938362658023834
v -0.03458968922495842 -0.028618700802326202 -0.07938362658023834
v -0.034683242440223694 -0.027880508452653885 -0.07777014374732971
v -0.03479078412055969 -0.02774619311094284 -0.07823559641838074
v -0.040156248956918716 -0.030744917690753937 -0.08675753325223923
v -0.04013694450259209 -0.030737198889255524 -0.08674681931734085
v -0.040137577801942825 -0.03073514625430107 -0.0867471694946289
v -0.040137577801942825 -0.03073514625430107 -0.0867471694946289
v -0.04013694450259209 -0.030737198889255524 -0.08674681931734085
v -0.03969897702336311 -0.03055913746356964 -0.08648882806301117
v -0.040137577801942825 -0.03073514625430107 -0.0867471694946289
v -0.03969897702336311 -0.03055913746356964 -0.08648882806301117
v -0.03971409425139427 -0.030509602278470993 -0.0864977017045021
v -0.03971409425139427 -0.030509602278470993 -0.0864977017045021
v -0.03969897702336311 -0.03055913746356964 -0.08648882806301117
v -0.03827599436044693 -0.029936183243989944 -0.08542327582836151
v -0.03971409425139427 -0.030509602278470993 -0.0864977017045021
v -0.03827599436044693 -0.029936183243989944 -0.08542327582836151
v -0.038339320570230484 -0.02971797063946724 -0.08546784520149231
v -0.038339320570230484 -0.02971797063946724 -0.08546784520149231
v -0.03827599436044693 -0.029936183243989944 -0.08542327582836151
v -0.03705574944615364 -0.02932899445295334 -0.08413015305995941
v -0.038339320570230484 -0.02971797063946724 -0.08546784520149231
v -0.03705574944615364 -0.02932899445295334 -0.08413015305995941
v -0.03715957701206207 -0.02894097939133644 -0.08421600610017776
v -0.03715957701206207 -0.02894097939133644 -0.08421600610017776
v -0.03705574944615364 -0.02932899445295334 -0.08413015305995941
v -0.03613469749689102 -0.02879595384001732 -0.08275564014911652
v -0.03715957701206207 -0.02894097939133644 -0.08421600610017776
v -0.03613469749689102 -0.02879595384001732 -0.08275564014911652
v -0.036266155540943146 -0.02825269103050232 -0.08287924528121948
v -0.036266155540943146 -0.02825269103050232 -0.08287924528121948
v -0.03613469749689102 -0.02879595384001732 -0.08275564014911652
v -0.035418786108493805 -0.028288133442401886 -0.08117536455392838
v -0.036266155540943146 -0.02825269103050232 -0.08287924528121948
v -0.035418786108493805 -0.028288133442401886 -0.08117536455392838
v -0.035567909479141235 -0.027589980512857437 -0.08133093267679214
v -0.035567909479141235 -0.027589980512857437 -0.08133093267679214
v -0.035418786108493805 -0.028288133442401886 -0.08117536455392838
v -0.03523827716708183 -0.02717561274766922 -0.08017890155315399
v -0.040156248956918716 -0.030744917690753937 -0.08675753325223923
v -0.04013631492853165 -0.030739251524209976 -0.0867464691400528
v -0.04013694450259209 -0.030737198889255524 -0.08674681931734085
v -0.04013694450259209 -0.030737198889255524 -0.08674681931734085
v -0.04013631492853165 -0.030739251524209976 -0.0867464691400528
v -0.039683375507593155 -0.030608657747507095 -0.08648074418306351
v -0.04013694450259209 -0.030737198889255524 -0.08674681931734085
v -0.039683375507593155 -0.030608657747507095 -0.08648074418306351
v -0.03969897702336311 -0.03055913746356964 -0.08648882806301117
v -0.03969897702336311 -0.03055913746356964 -0.08648882806301117
v -0.039683375507593155 -0.030608657747507095 -0.08648074418306351
v -0.038201142102479935 -0.030153095722198486 -0.0853922963142395
v -0.03969897702336311 -0.03055913746356964 -0.08648882806301117
v -0.038201142102479935 -0.030153095722198486 -0.0853922963142395
v -0.03827599436044693 -0.029936183243989944 -0.08542327582836151
v -0.03827599436044693 -0.029936183243989944 -0.08542327582836151
v -0.038201142102479935 -0.030153095722198486 -0.0853922963142395
v -0.03690977767109871 -0.02970973774790764 -0.08408082276582718
v -0.03827599436044693 -0.029936183243989944 -0.08542327582836151
v -0.03690977767109871 -0.02970973774790764 -0.08408082276582718
v -0.03705574944615364 -0.02932899445295334 -0.08413015305995941
v -0.03705574944615364 -0.02932899445295334 -0.08413015305995941
v -0.03690977767109871 -0.02970973774790764 -0.08408082276582718
v -0.03591262176632881 -0.029319435358047485 -0.08268973231315613
v -0.03705574944615364 -0.02932899445295334 -0.08413015305995941
v -0.03591262176632881 -0.029319435358047485 -0.08268973231315613
v -0.03613469749689102 -0.02879595384001732 -0.08275564014911652
v -0.03613469749689102 -0.02879595384001732 -0.08275564014911652
v -0.03591262176632881 -0.029319435358047485 -0.08268973231315613
v -0.03511066362261772 -0.028944872319698334 -0.08108814805746078
v -0.03613469749689102 -0.02879595384001732 -0.08275564014911652
v -0.03511066362261772 -0.028944872319698334 -0.08108814805746078
v -0.035418786108493805 -0.028288133442401886 -0.08117536455392838
v -0.035418786108493805 -0.028288133442401886 -0.08117536455392838
v -0.03511066362261772 -0.028944872319698334 -0.08108814805746078
v -0.03458968922495842 -0.028618700802326202 -0.07938362658023834
v -0.035418786108493805 -0.028288133442401886 -0.08117536455392838
v -0.03458968922495842 -0.028618700802326202 -0.07938362658023834
v -0.03498233109712601 -0.027851197868585587 -0.07950007915496826
v -0.03498233109712601 -0.027851197868585587 -0.07950007915496826
v -0.03458968922495842 -0.028618700802326202 -0.07938362658023834
v -0.03479078412055969 -0.02774619311094284 -0.07823559641838074
v -0.03498233109712601 -0.027851197868585587 -0.07950007915496826
v -0.03479078412055969 -0.02774619311094284 -0.07823559641838074
v -0.03523827716708183 -0.02717561274766922 -0.08017890155315399
v -0.034683242440223694 -0.027880508452653885 -0.07777014374732971
v -0.03437725827097893 -0.028360921889543533 -0.07768325507640839
v -0.03431963548064232 -0.028326887637376785 -0.07648086547851562
v -0.03431963548064232 -0.028326887637376785 -0.07648086547851562
v -0.03437725827097893 -0.028360921889543533 -0.07768325507640839
v -0.03431325405836105 -0.028334621340036392 -0.07646175473928452
v -0.030506635084748268 -0.033701762557029724 -0.07858627289533615
v -0.03164902701973915 -0.036276526749134064 -0.08189257234334946
v -0.03020455129444599 -0.03697093203663826 -0.08113224804401398
v -0.013367042876780033 -0.04244999960064888 -0.08009009063243866
v -0.013350936584174633 -0.04244999960064888 -0.07962074875831604
v -0.013802901841700077 -0.042305197566747665 -0.07905412465333939
v -0.013637145049870014 -0.04244999960064888 -0.08145824819803238
v -0.013583309948444366 -0.04244999960064888 -0.08129465579986572
v -0.0139878885820508 -0.042334575206041336 -0.08082037419080734
v -0.0139878885820508 -0.042334575206041336 -0.08082037419080734
v -0.013583309948444366 -0.04244999960064888 -0.08129465579986572
v -0.01338884700089693 -0.04244999960064888 -0.08033308386802673
v -0.0139878885820508 -0.042334575206041336 -0.08082037419080734
v -0.01338884700089693 -0.04244999960064888 -0.08033308386802673
v -0.014744874089956284 -0.04210558161139488 -0.08011288940906525
v -0.014744874089956284 -0.04210558161139488 -0.08011288940906525
v -0.01338884700089693 -0.04244999960064888 -0.08033308386802673
v -0.013367042876780033 -0.04244999960064888 -0.08009009063243866
v -0.01504505518823862 -0.042432915419340134 -0.08269095420837402
v -0.014914607629179955 -0.04244210943579674 -0.08279076963663101
v -0.014408119022846222 -0.04244999960064888 -0.08271382749080658
v -0.014408119022846222 -0.04244999960064888 -0.08271382749080658
v -0.014914607629179955 -0.04244210943579674 -0.08279076963663101
v -0.014847913756966591 -0.04244683310389519 -0.08286922425031662
v -0.014408119022846222 -0.04244999960064888 -0.08271382749080658
v -0.014847913756966591 -0.04244683310389519 -0.08286922425031662
v -0.014588827267289162 -0.04244999960064888 -0.082865871489048
v -0.014588827267289162 -0.04244999960064888 -0.082865871489048
v -0.014847913756966591 -0.04244683310389519 -0.08286922425031662
v -0.014813180081546307 -0.04244938865303993 -0.08294589072465897
v -0.014588827267289162 -0.04244999960064888 -0.082865871489048
v -0.014813180081546307 -0.04244938865303993 -0.08294589072465897
v -0.014789522625505924 -0.04244999960064888 -0.0829966813325882
v -0.014789522625505924 -0.04244999960064888 -0.0829966813325882
v -0.014813180081546307 -0.04244938865303993 -0.08294589072465897
v -0.01480700820684433 -0.04244999960064888 -0.08300638943910599
v -0.013367042876780033 -0.04244999960064888 -0.08009009063243866
v -0.013802901841700077 -0.042305197566747665 -0.07905412465333939
v -0.014744874089956284 -0.04210558161139488 -0.08011288940906525
v -0.014744874089956284 -0.04210558161139488 -0.08011288940906525
v -0.013802901841700077 -0.042305197566747665 -0.07905412465333939
v -0.013962111435830593 -0.04225292429327965 -0.07887279987335205
v -0.014744874089956284 -0.04210558161139488 -0.08011288940906525
v -0.013962111435830593 -0.04225292429327965 -0.07887279987335205
v -0.014906972646713257 -0.04205475375056267 -0.07998357713222504
v -0.014906972646713257 -0.04205475375056267 -0.07998357713222504
v -0.013962111435830593 -0.04225292429327965 -0.07887279987335205
v -0.015219926834106445 -0.041816312819719315 -0.07765664160251617
v -0.014906972646713257 -0.04205475375056267 -0.07998357713222504
v -0.015219926834106445 -0.041816312819719315 -0.07765664160251617
v -0.01617731899023056 -0.04163418337702751 -0.07913186401128769
v -0.01617731899023056 -0.04163418337702751 -0.07913186401128769
v -0.015219926834106445 -0.041816312819719315 -0.07765664160251617
v -0.016313018277287483 -0.041402120143175125 -0.07680757343769073
v -0.01617731899023056 -0.04163418337702751 -0.07913186401128769
v -0.016313018277287483 -0.041402120143175125 -0.07680757343769073
v -0.017267201095819473 -0.04124128445982933 -0.0785587802529335
v -0.017267201095819473 -0.04124128445982933 -0.0785587802529335
v -0.016313018277287483 -0.041402120143175125 -0.07680757343769073
v -0.018092313781380653 -0.04065609350800514 -0.0756915882229805
v -0.017267201095819473 -0.04124128445982933 -0.0785587802529335
v -0.018092313781380653 -0.04065609350800514 -0.0756915882229805
v -0.01901455596089363 -0.04054737463593483 -0.07784798741340637
v -0.01901455596089363 -0.04054737463593483 -0.07784798741340637
v -0.018092313781380653 -0.04065609350800514 -0.0756915882229805
v -0.019297394901514053 -0.04009813442826271 -0.07508159428834915
v -0.01901455596089363 -0.04054737463593483 -0.07784798741340637
v -0.019297394901514053 -0.04009813442826271 -0.07508159428834915
v -0.02083507925271988 -0.0397367961704731 -0.07732908427715302
v -0.019297394901514053 -0.04009813442826271 -0.07508159428834915
v -0.01998213492333889 -0.039761338382959366 -0.0747808888554573
v -0.02083507925271988 -0.0397367961704731 -0.07732908427715302
v -0.02083507925271988 -0.0397367961704731 -0.07732908427715302
v -0.01998213492333889 -0.039761338382959366 -0.0747808888554573
v -0.02154962718486786 -0.038934092968702316 -0.07421029359102249
v -0.02083507925271988 -0.0397367961704731 -0.07732908427715302
v -0.02154962718486786 -0.038934092968702316 -0.07421029359102249
v -0.02231774479150772 -0.03900713846087456 -0.07706025242805481
v -0.02231774479150772 -0.03900713846087456 -0.07706025242805481
v -0.02154962718486786 -0.038934092968702316 -0.07421029359102249
v -0.02361666038632393 -0.0377160869538784 -0.07370410114526749
v -0.02231774479150772 -0.03900713846087456 -0.07706025242805481
v -0.02361666038632393 -0.0377160869538784 -0.07370410114526749
v -0.024235283955931664 -0.0379655621945858 -0.07692126929759979
v -0.024235283955931664 -0.0379655621945858 -0.07692126929759979
v -0.02361666038632393 -0.0377160869538784 -0.07370410114526749
v -0.02562854252755642 -0.03637894615530968 -0.0734926387667656
v -0.024235283955931664 -0.0379655621945858 -0.07692126929759979
v -0.02562854252755642 -0.03637894615530968 -0.0734926387667656
v -0.026061227545142174 -0.03686489537358284 -0.07702899724245071
v -0.026061227545142174 -0.03686489537358284 -0.07702899724245071
v -0.02562854252755642 -0.03637894615530968 -0.0734926387667656
v -0.02727968618273735 -0.03515776991844177 -0.07355060428380966
v -0.026061227545142174 -0.03686489537358284 -0.07702899724245071
v -0.02727968618273735 -0.03515776991844177 -0.07355060428380966
v -0.02753114327788353 -0.035897113382816315 -0.07731301337480545
v -0.02753114327788353 -0.035897113382816315 -0.07731301337480545
v -0.02727968618273735 -0.03515776991844177 -0.07355060428380966
v -0.027748459950089455 -0.03478897735476494 -0.07360973209142685
v -0.02753114327788353 -0.035897113382816315 -0.07731301337480545
v -0.027748459950089455 -0.03478897735476494 -0.07360973209142685
v -0.029080331325531006 -0.03479437530040741 -0.07784174382686615
v -0.029080331325531006 -0.03479437530040741 -0.07784174382686615
v -0.027748459950089455 -0.03478897735476494 -0.07360973209142685
v -0.029049497097730637 -0.033710189163684845 -0.07388544827699661
v -0.029080331325531006 -0.03479437530040741 -0.07784174382686615
v -0.029049497097730637 -0.033710189163684845 -0.07388544827699661
v -0.030702954158186913 -0.03221146762371063 -0.07451116293668747
v -0.030702954158186913 -0.03221146762371063 -0.07451116293668747
v -0.030506635084748268 -0.033701762557029724 -0.07858627289533615
v -0.029080331325531006 -0.03479437530040741 -0.07784174382686615
v -0.029080331325531006 -0.03479437530040741 -0.07784174382686615
v -0.030506635084748268 -0.033701762557029724 -0.07858627289533615
v -0.03020455129444599 -0.03697093203663826 -0.08113224804401398
v -0.029080331325531006 -0.03479437530040741 -0.07784174382686615
v -0.03020455129444599 -0.03697093203663826 -0.08113224804401398
v -0.02753114327788353 -0.035897113382816315 -0.07731301337480545
v -0.02753114327788353 -0.035897113382816315 -0.07731301337480545
v -0.03020455129444599 -0.03697093203663826 -0.08113224804401398
v -0.028650641441345215 -0.03769385442137718 -0.08051987737417221
v -0.02753114327788353 -0.035897113382816315 -0.07731301337480545
v -0.028650641441345215 -0.03769385442137718 -0.08051987737417221
v -0.026061227545142174 -0.03686489537358284 -0.07702899724245071
v -0.026061227545142174 -0.03686489537358284 -0.07702899724245071
v -0.028650641441345215 -0.03769385442137718 -0.08051987737417221
v -0.02718259207904339 -0.038344983011484146 -0.08010812848806381
v -0.026061227545142174 -0.03686489537358284 -0.07702899724245071
v -0.02718259207904339 -0.038344983011484146 -0.08010812848806381
v -0.024235283955931664 -0.0379655621945858 -0.07692126929759979
v -0.024235283955931664 -0.0379655621945858 -0.07692126929759979
v -0.02718259207904339 -0.038344983011484146 -0.08010812848806381
v -0.02536003664135933 -0.03910304978489876 -0.07979114353656769
v -0.024235283955931664 -0.0379655621945858 -0.07692126929759979
v -0.02536003664135933 -0.03910304978489876 -0.07979114353656769
v -0.02231774479150772 -0.03900713846087456 -0.07706025242805481
v -0.02231774479150772 -0.03900713846087456 -0.07706025242805481
v -0.02536003664135933 -0.03910304978489876 -0.07979114353656769
v -0.02344105951488018 -0.039836544543504715 -0.0796617642045021
v -0.02231774479150772 -0.03900713846087456 -0.07706025242805481
v -0.02344105951488018 -0.039836544543504715 -0.0796617642045021
v -0.02083507925271988 -0.0397367961704731 -0.07732908427715302
v -0.02083507925271988 -0.0397367961704731 -0.07732908427715302
v -0.02344105951488018 -0.039836544543504715 -0.0796617642045021
v -0.021950697526335716 -0.0403592623770237 -0.0796932652592659
v -0.02083507925271988 -0.0397367961704731 -0.07732908427715302
v -0.021950697526335716 -0.0403592623770237 -0.0796932652592659
v -0.01901455596089363 -0.04054737463593483 -0.07784798741340637
v -0.01901455596089363 -0.04054737463593483 -0.07784798741340637
v -0.021950697526335716 -0.0403592623770237 -0.0796932652592659
v -0.020110080018639565 -0.04094826802611351 -0.07988552749156952
v -0.01901455596089363 -0.04054737463593483 -0.07784798741340637
v -0.020110080018639565 -0.04094826802611351 -0.07988552749156952
v -0.017267201095819473 -0.04124128445982933 -0.0785587802529335
v -0.017267201095819473 -0.04124128445982933 -0.0785587802529335
v -0.020110080018639565 -0.04094826802611351 -0.07988552749156952
v -0.018329933285713196 -0.0414593331515789 -0.08023989200592041
v -0.017267201095819473 -0.04124128445982933 -0.0785587802529335
v -0.018329933285713196 -0.0414593331515789 -0.08023989200592041
v -0.01617731899023056 -0.04163418337702751 -0.07913186401128769
v -0.01617731899023056 -0.04163418337702751 -0.07913186401128769
v -0.018329933285713196 -0.0414593331515789 -0.08023989200592041
v -0.01721169985830784 -0.041751500219106674 -0.08056096732616425
v -0.01617731899023056 -0.04163418337702751 -0.07913186401128769
v -0.01721169985830784 -0.041751500219106674 -0.08056096732616425
v -0.014906972646713257 -0.04205475375056267 -0.07998357713222504
v -0.014906972646713257 -0.04205475375056267 -0.07998357713222504
v -0.01721169985830784 -0.041751500219106674 -0.08056096732616425
v -0.015899324789643288 -0.04206652566790581 -0.08107030391693115
v -0.014906972646713257 -0.04205475375056267 -0.07998357713222504
v -0.015899324789643288 -0.04206652566790581 -0.08107030391693115
v -0.014744874089956284 -0.04210558161139488 -0.08011288940906525
v -0.014744874089956284 -0.04210558161139488 -0.08011288940906525
v -0.015899324789643288 -0.04206652566790581 -0.08107030391693115
v -0.015731081366539 -0.04210476204752922 -0.08114996552467346
v -0.014744874089956284 -0.04210558161139488 -0.08011288940906525
v -0.015731081366539 -0.04210476204752922 -0.08114996552467346
v -0.0139878885820508 -0.042334575206041336 -0.08082037419080734
v -0.0139878885820508 -0.042334575206041336 -0.08082037419080734
v -0.015731081366539 -0.04210476204752922 -0.08114996552467346
v -0.014942748472094536 -0.04227748140692711 -0.081593357026577
v -0.0139878885820508 -0.042334575206041336 -0.08082037419080734
v -0.014942748472094536 -0.04227748140692711 -0.081593357026577
v -0.013637145049870014 -0.04244999960064888 -0.08145824819803238
v -0.013637145049870014 -0.04244999960064888 -0.08145824819803238
v -0.014942748472094536 -0.04227748140692711 -0.081593357026577
v -0.014468042179942131 -0.04237639531493187 -0.0819554552435875
v -0.013637145049870014 -0.04244999960064888 -0.08145824819803238
v -0.014468042179942131 -0.04237639531493187 -0.0819554552435875
v -0.013680445961654186 -0.04244999960064888 -0.0815758928656578
v -0.013680445961654186 -0.04244999960064888 -0.0815758928656578
v -0.014468042179942131 -0.04237639531493187 -0.0819554552435875
v -0.014118475839495659 -0.04244683310389519 -0.08234167098999023
v -0.013680445961654186 -0.04244999960064888 -0.0815758928656578
v -0.014118475839495659 -0.04244683310389519 -0.08234167098999023
v -0.01410746667534113 -0.04244999960064888 -0.08237166702747345
v -0.01410746667534113 -0.04244999960064888 -0.08237166702747345
v -0.014118475839495659 -0.04244683310389519 -0.08234167098999023
v -0.014408119022846222 -0.04244999960064888 -0.08271382749080658
v -0.014408119022846222 -0.04244999960064888 -0.08271382749080658
v -0.014118475839495659 -0.04244683310389519 -0.08234167098999023
v -0.01504505518823862 -0.042432915419340134 -0.08269095420837402
v -0.01504505518823862 -0.042432915419340134 -0.08269095420837402
v -0.014118475839495659 -0.04244683310389519 -0.08234167098999023
v -0.014468042179942131 -0.04237639531493187 -0.0819554552435875
v -0.01504505518823862 -0.042432915419340134 -0.08269095420837402
v -0.014468042179942131 -0.04237639531493187 -0.0819554552435875
v -0.015413772314786911 -0.042406413704156876 -0.08250989764928818
v -0.015413772314786911 -0.042406413704156876 -0.08250989764928818
v -0.014468042179942131 -0.04237639531493187 -0.0819554552435875
v -0.014942748472094536 -0.04227748140692711 -0.081593357026577
v -0.015413772314786911 -0.042406413704156876 -0.08250989764928818
v -0.014942748472094536 -0.04227748140692711 -0.081593357026577
v -0.0159135852009058 -0.042368944734334946 -0.08234278112649918
v -0.0159135852009058 -0.042368944734334946 -0.08234278112649918
v -0.014942748472094536 -0.04227748140692711 -0.081593357026577
v -0.015731081366539 -0.04210476204752922 -0.08114996552467346
v -0.0159135852009058 -0.042368944734334946 -0.08234278112649918
v -0.015731081366539 -0.04210476204752922 -0.08114996552467346
v -0.016741326078772545 -0.04230276867747307 -0.0821441188454628
v -0.016741326078772545 -0.04230276867747307 -0.0821441188454628
v -0.015731081366539 -0.04210476204752922 -0.08114996552467346
v -0.015899324789643288 -0.04206652566790581 -0.08107030391693115
v -0.016741326078772545 -0.04230276867747307 -0.0821441188454628
v -0.015899324789643288 -0.04206652566790581 -0.08107030391693115
v -0.016917675733566284 -0.04228799417614937 -0.08210943639278412
v -0.016917675733566284 -0.04228799417614937 -0.08210943639278412
v -0.015899324789643288 -0.04206652566790581 -0.08107030391693115
v -0.01721169985830784 -0.041751500219106674 -0.08056096732616425
v -0.016917675733566284 -0.04228799417614937 -0.08210943639278412
v -0.01721169985830784 -0.041751500219106674 -0.08056096732616425
v -0.01829073391854763 -0.04216459020972252 -0.08189928531646729
v -0.01829073391854763 -0.04216459020972252 -0.08189928531646729
v -0.01721169985830784 -0.041751500219106674 -0.08056096732616425
v -0.018329933285713196 -0.0414593331515789 -0.08023989200592041
v -0.01829073391854763 -0.04216459020972252 -0.08189928531646729
v -0.018329933285713196 -0.0414593331515789 -0.08023989200592041
v -0.019458673894405365 -0.04204753413796425 -0.08178360760211945
v -0.019458673894405365 -0.04204753413796425 -0.08178360760211945
v -0.018329933285713196 -0.0414593331515789 -0.08023989200592041
v -0.020110080018639565 -0.04094826802611351 -0.07988552749156952
v -0.019458673894405365 -0.04204753413796425 -0.08178360760211945
v -0.020110080018639565 -0.04094826802611351 -0.07988552749156952
v -0.021318495273590088 -0.041836682707071304 -0.08169186860322952
v -0.021318495273590088 -0.041836682707071304 -0.08169186860322952
v -0.020110080018639565 -0.04094826802611351 -0.07988552749156952
v -0.021950697526335716 -0.0403592623770237 -0.0796932652592659
v -0.021318495273590088 -0.041836682707071304 -0.08169186860322952
v -0.021950697526335716 -0.0403592623770237 -0.0796932652592659
v -0.023248426616191864 -0.04158380255103111 -0.08170270174741745
v -0.023248426616191864 -0.04158380255103111 -0.08170270174741745
v -0.021950697526335716 -0.0403592623770237 -0.0796932652592659
v -0.02344105951488018 -0.039836544543504715 -0.0796617642045021
v -0.023248426616191864 -0.04158380255103111 -0.08170270174741745
v -0.02344105951488018 -0.039836544543504715 -0.0796617642045021
v -0.024821648374199867 -0.041349995881319046 -0.08178804069757462
v -0.024821648374199867 -0.041349995881319046 -0.08178804069757462
v -0.02344105951488018 -0.039836544543504715 -0.0796617642045021
v -0.02536003664135933 -0.03910304978489876 -0.07979114353656769
v -0.024821648374199867 -0.041349995881319046 -0.08178804069757462
v -0.02536003664135933 -0.03910304978489876 -0.07979114353656769
v -0.026869498193264008 -0.041005756705999374 -0.08200391381978989
v -0.026869498193264008 -0.041005756705999374 -0.08200391381978989
v -0.02536003664135933 -0.03910304978489876 -0.07979114353656769
v -0.02718259207904339 -0.038344983011484146 -0.08010812848806381
v -0.026869498193264008 -0.041005756705999374 -0.08200391381978989
v -0.02718259207904339 -0.038344983011484146 -0.08010812848806381
v -0.028847649693489075 -0.04062784090638161 -0.08233193308115005
v -0.028847649693489075 -0.04062784090638161 -0.08233193308115005
v -0.02718259207904339 -0.038344983011484146 -0.08010812848806381
v -0.028650641441345215 -0.03769385442137718 -0.08051987737417221
v -0.028847649693489075 -0.04062784090638161 -0.08233193308115005
v -0.028650641441345215 -0.03769385442137718 -0.08051987737417221
v -0.030472876504063606 -0.040282707661390305 -0.08269768953323364
v -0.030472876504063606 -0.040282707661390305 -0.08269768953323364
v -0.028650641441345215 -0.03769385442137718 -0.08051987737417221
v -0.03020455129444599 -0.03697093203663826 -0.08113224804401398
v -0.030472876504063606 -0.040282707661390305 -0.08269768953323364
v -0.03020455129444599 -0.03697093203663826 -0.08113224804401398
v -0.03223296254873276 -0.03987358137965202 -0.08320321142673492
v -0.03223296254873276 -0.03987358137965202 -0.08320321142673492
v -0.03020455129444599 -0.03697093203663826 -0.08113224804401398
v -0.03164902701973915 -0.036276526749134064 -0.08189257234334946
v -0.03223296254873276 -0.03987358137965202 -0.08320321142673492
v -0.03164902701973915 -0.036276526749134064 -0.08189257234334946
v -0.03391460329294205 -0.03945000097155571 -0.08380629122257233
v -0.03458968922495842 -0.028618700802326202 -0.07938362658023834
v -0.03511066362261772 -0.028944872319698334 -0.08108814805746078
v -0.033184152096509933 -0.03094414249062538 -0.07976388186216354
v -0.038201142102479935 -0.030153095722198486 -0.0853922963142395
v -0.03909057751297951 -0.03251655772328377 -0.08618302643299103
v -0.03690977767109871 -0.02970973774790764 -0.08408082276582718
v -0.03690977767109871 -0.02970973774790764 -0.08408082276582718
v -0.03909057751297951 -0.03251655772328377 -0.08618302643299103
v -0.036833230406045914 -0.030034922063350677 -0.08412360399961472
v -0.03690977767109871 -0.02970973774790764 -0.08408082276582718
v -0.036833230406045914 -0.030034922063350677 -0.08412360399961472
v -0.03591262176632881 -0.029319435358047485 -0.08268973231315613
v -0.038201142102479935 -0.030153095722198486 -0.0853922963142395
v -0.039683375507593155 -0.030608657747507095 -0.08648074418306351
v -0.03909057751297951 -0.03251655772328377 -0.08618302643299103
v -0.03909057751297951 -0.03251655772328377 -0.08618302643299103
v -0.039683375507593155 -0.030608657747507095 -0.08648074418306351
v -0.04013631492853165 -0.030739251524209976 -0.0867464691400528
v -0.03909057751297951 -0.03251655772328377 -0.08618302643299103
v -0.04013631492853165 -0.030739251524209976 -0.0867464691400528
v -0.040156248956918716 -0.030744917690753937 -0.08675753325223923
v -0.033184152096509933 -0.03094414249062538 -0.07976388186216354
v -0.03511066362261772 -0.028944872319698334 -0.08108814805746078
v -0.03435057774186134 -0.03328697755932808 -0.08297406136989594
v -0.03332697972655296 -0.029488343745470047 -0.0758889690041542
v -0.03431325405836105 -0.028334621340036392 -0.07646175473928452
v -0.033184152096509933 -0.03094414249062538 -0.07976388186216354
v -0.033184152096509933 -0.03094414249062538 -0.07976388186216354
v -0.03431325405836105 -0.028334621340036392 -0.07646175473928452
v -0.03437725827097893 -0.028360921889543533 -0.07768325507640839
v -0.033184152096509933 -0.03094414249062538 -0.07976388186216354
v -0.03437725827097893 -0.028360921889543533 -0.07768325507640839
v -0.03458968922495842 -0.028618700802326202 -0.07938362658023834
v -0.03511066362261772 -0.028944872319698334 -0.08108814805746078
v -0.03591262176632881 -0.029319435358047485 -0.08268973231315613
v -0.03435057774186134 -0.03328697755932808 -0.08297406136989594
v -0.03435057774186134 -0.03328697755932808 -0.08297406136989594
v -0.03591262176632881 -0.029319435358047485 -0.08268973231315613
v -0.036833230406045914 -0.030034922063350677 -0.08412360399961472
v -0.03435057774186134 -0.03328697755932808 -0.08297406136989594
v -0.036833230406045914 -0.030034922063350677 -0.08412360399961472
v -0.03662616014480591 -0.03611493855714798 -0.08496882021427155
v -0.03662616014480591 -0.03611493855714798 -0.08496882021427155
v -0.036833230406045914 -0.030034922063350677 -0.08412360399961472
v -0.03909057751297951 -0.03251655772328377 -0.08618302643299103
v -0.030702954158186913 -0.03221146762371063 -0.07451116293668747
v -0.03332697972655296 -0.029488343745470047 -0.0758889690041542
v -0.030506635084748268 -0.033701762557029724 -0.07858627289533615
v -0.030506635084748268 -0.033701762557029724 -0.07858627289533615
v -0.03332697972655296 -0.029488343745470047 -0.0758889690041542
v -0.033184152096509933 -0.03094414249062538 -0.07976388186216354
v -0.030506635084748268 -0.033701762557029724 -0.07858627289533615
v -0.033184152096509933 -0.03094414249062538 -0.07976388186216354
v -0.03164902701973915 -0.036276526749134064 -0.08189257234334946
v -0.03164902701973915 -0.036276526749134064 -0.08189257234334946
v -0.033184152096509933 -0.03094414249062538 -0.07976388186216354
v -0.03435057774186134 -0.03328697755932808 -0.08297406136989594
v -0.03164902701973915 -0.036276526749134064 -0.08189257234334946
v -0.03435057774186134 -0.03328697755932808 -0.08297406136989594
v -0.03391460329294205 -0.03945000097155571 -0.08380629122257233
v -0.03391460329294205 -0.03945000097155571 -0.08380629122257233
v -0.03435057774186134 -0.03328697755932808 -0.08297406136989594
v -0.03662616014480591 -0.03611493855714798 -0.08496882021427155
v 0.020659087225794792 -0.03984690085053444 -0.08780816942453384
v 0.02297014184296131 -0.039803896099328995 -0.09445743262767792
v 0.028262177482247353 -0.035959552973508835 -0.09434662759304047
v 0.03977624326944351 -0.03938544914126396 -0.13057266175746918
v 0.04000000283122063 -0.039379965513944626 -0.1340000033378601
v 0.04000000283122063 -0.034804295748472214 -0.1340000033378601
v 0.026579657569527626 -0.04205915704369545 -0.10749946534633636
v 0.02896689437329769 -0.04244999960064888 -0.11309879273176193
v 0.030842283740639687 -0.04211309179663658 -0.11395353823900223
v 0.037402838468551636 -0.03725660964846611 -0.12059298902750015
v 0.03790545091032982 -0.03502213582396507 -0.12063933163881302
v 0.035721685737371445 -0.03525683283805847 -0.11404513567686081
v 0.03953752666711807 -0.025750000029802322 -0.12228851765394211
v 0.03942079469561577 -0.025750000029802322 -0.12074273079633713
v 0.038787003606557846 -0.030454106628894806 -0.12070326507091522
v 0.039330098778009415 -0.041339609771966934 -0.13396897912025452
v 0.038918185979127884 -0.041518110781908035 -0.13054537773132324
v 0.03928694501519203 -0.04139159992337227 -0.13393759727478027
v 0.03928694501519203 -0.04139159992337227 -0.13393759727478027
v 0.038918185979127884 -0.041518110781908035 -0.13054537773132324
v 0.03914186358451843 -0.04155053570866585 -0.1339021474123001
v 0.039344534277915955 -0.04132230952382088 -0.1340000033378601
v 0.03967525064945221 -0.04081062600016594 -0.1340000033378601
v 0.03933978080749512 -0.04132761433720589 -0.13398262858390808
v 0.03933978080749512 -0.04132761433720589 -0.13398262858390808
v 0.03967525064945221 -0.04081062600016594 -0.1340000033378601
v 0.03968081995844841 -0.04079655185341835 -0.1339758187532425
v 0.03933978080749512 -0.04132761433720589 -0.13398262858390808
v 0.03968081995844841 -0.04079655185341835 -0.1339758187532425
v 0.039330098778009415 -0.041339609771966934 -0.13396897912025452
v 0.03846795856952667 -0.04206660017371178 -0.1340000033378601
v 0.03894755616784096 -0.04173224791884422 -0.1340000033378601
v 0.03845839574933052 -0.04207165166735649 -0.13397277891635895
v 0.03845839574933052 -0.04207165166735649 -0.13397277891635895
v 0.03894755616784096 -0.04173224791884422 -0.1340000033378601
v 0.038962189108133316 -0.04171932116150856 -0.13396857678890228
v 0.038918185979127884 -0.041518110781908035 -0.13054537773132324
v 0.038431473076343536 -0.04208644852042198 -0.1339457929134369
v 0.03914186358451843 -0.04155053570866585 -0.1339021474123001
v 0.03914186358451843 -0.04155053570866585 -0.1339021474123001
v 0.038431473076343536 -0.04208644852042198 -0.1339457929134369
v 0.03845839574933052 -0.04207165166735649 -0.13397277891635895
v 0.03914186358451843 -0.04155053570866585 -0.1339021474123001
v 0.03845839574933052 -0.04207165166735649 -0.13397277891635895
v 0.03897660970687866 -0.041706766933202744 -0.13395582139492035
v 0.03897660970687866 -0.041706766933202744 -0.13395582139492035
v 0.03845839574933052 -0.04207165166735649 -0.13397277891635895
v 0.038962189108133316 -0.04171932116150856 -0.13396857678890228
v 0.03700000047683716 -0.04244999960064888 -0.1340000033378601
v 0.037922412157058716 -0.04230493679642677 -0.1340000033378601
v 0.037927061319351196 -0.042303163558244705 -0.1339741051197052
v 0.03700000047683716 -0.04244999960064888 -0.1340000033378601
v 0.037927061319351196 -0.042303163558244705 -0.1339741051197052
v 0.036740489304065704 -0.04244999960064888 -0.13057295978069305
v 0.037927061319351196 -0.042303163558244705 -0.1339741051197052
v 0.03794142231345177 -0.04229845479130745 -0.13394837081432343
v 0.036740489304065704 -0.04244999960064888 -0.13057295978069305
v 0.036740489304065704 -0.04244999960064888 -0.13057295978069305
v 0.03794142231345177 -0.04229845479130745 -0.13394837081432343
v 0.038030438125133514 -0.042267460376024246 -0.13388490676879883
v 0.036740489304065704 -0.04244999960064888 -0.13057295978069305
v 0.038030438125133514 -0.042267460376024246 -0.13388490676879883
v 0.0379243940114975 -0.0422029085457325 -0.13053785264492035
v 0.0379243940114975 -0.0422029085457325 -0.13053785264492035
v 0.038030438125133514 -0.042267460376024246 -0.13388490676879883
v 0.03813980892300606 -0.042225006967782974 -0.13385827839374542
v 0.0379243940114975 -0.0422029085457325 -0.13053785264492035
v 0.03813980892300606 -0.042225006967782974 -0.13385827839374542
v 0.038918185979127884 -0.041518110781908035 -0.13054537773132324
v 0.038918185979127884 -0.041518110781908035 -0.13054537773132324
v 0.03813980892300606 -0.042225006967782974 -0.13385827839374542
v 0.03831685334444046 -0.0421455092728138 -0.13388711214065552
v 0.038918185979127884 -0.041518110781908035 -0.13054537773132324
v 0.03831685334444046 -0.0421455092728138 -0.13388711214065552
v 0.038431473076343536 -0.04208644852042198 -0.1339457929134369
v 0.039330098778009415 -0.041339609771966934 -0.13396897912025452
v 0.03968081995844841 -0.04079655185341835 -0.1339758187532425
v 0.038918185979127884 -0.041518110781908035 -0.13054537773132324
v 0.038918185979127884 -0.041518110781908035 -0.13054537773132324
v 0.03968081995844841 -0.04079655185341835 -0.1339758187532425
v 0.03970814868807793 -0.040740687400102615 -0.1339452862739563
v 0.038918185979127884 -0.041518110781908035 -0.13054537773132324
v 0.03970814868807793 -0.040740687400102615 -0.1339452862739563
v 0.03956180065870285 -0.04052141681313515 -0.1305568665266037
v 0.03956180065870285 -0.04052141681313515 -0.1305568665266037
v 0.03970814868807793 -0.040740687400102615 -0.1339452862739563
v 0.03979019448161125 -0.040552105754613876 -0.13391277194023132
v 0.03956180065870285 -0.04052141681313515 -0.1305568665266037
v 0.03979019448161125 -0.040552105754613876 -0.13391277194023132
v 0.03977624326944351 -0.03938544914126396 -0.13057266175746918
v 0.03979019448161125 -0.040552105754613876 -0.13391277194023132
v 0.03985900804400444 -0.040358852595090866 -0.13394805788993835
v 0.03977624326944351 -0.03938544914126396 -0.13057266175746918
v 0.03977624326944351 -0.03938544914126396 -0.13057266175746918
v 0.03985900804400444 -0.040358852595090866 -0.13394805788993835
v 0.03987456485629082 -0.04030841216444969 -0.13397343456745148
v 0.03977624326944351 -0.03938544914126396 -0.13057266175746918
v 0.03987456485629082 -0.04030841216444969 -0.13397343456745148
v 0.04000000283122063 -0.039379965513944626 -0.1340000033378601
v 0.04000000283122063 -0.039379965513944626 -0.1340000033378601
v 0.03987456485629082 -0.04030841216444969 -0.13397343456745148
v 0.039878152310848236 -0.04029630497097969 -0.13398505747318268
v 0.04000000283122063 -0.039379965513944626 -0.1340000033378601
v 0.039878152310848236 -0.04029630497097969 -0.13398505747318268
v 0.03999968618154526 -0.039449598640203476 -0.1340000033378601
v 0.03999968618154526 -0.039449598640203476 -0.1340000033378601
v 0.039878152310848236 -0.04029630497097969 -0.13398505747318268
v 0.039879653602838516 -0.040290672332048416 -0.1340000033378601
v 0.04000000283122063 -0.025750000029802322 -0.1340000033378601
v 0.03984072059392929 -0.025750000029802322 -0.12736862897872925
v 0.03967063128948212 -0.03031672164797783 -0.12734009325504303
v 0.026579657569527626 -0.04205915704369545 -0.10749946534633636
v 0.030842283740639687 -0.04211309179663658 -0.11395353823900223
v 0.027887968346476555 -0.04141754284501076 -0.10749799013137817
v 0.027887968346476555 -0.04141754284501076 -0.10749799013137817
v 0.030842283740639687 -0.04211309179663658 -0.11395353823900223
v 0.03203592449426651 -0.04145508632063866 -0.11396090686321259
v 0.027887968346476555 -0.04141754284501076 -0.10749799013137817
v 0.03203592449426651 -0.04145508632063866 -0.11396090686321259
v 0.03299291431903839 -0.04056069627404213 -0.11397223174571991
v 0.03687598928809166 -0.03945993259549141 -0.12053730338811874
v 0.037402838468551636 -0.03725660964846611 -0.12059298902750015
v 0.034714847803115845 -0.03743955120444298 -0.11401934176683426
v 0.03790545091032982 -0.03502213582396507 -0.12063933163881302
v 0.03815635293722153 -0.03942643478512764 -0.12384791672229767
v 0.03876683488488197 -0.03493092581629753 -0.1239539310336113
v 0.03876683488488197 -0.03493092581629753 -0.1239539310336113
v 0.03815635293722153 -0.03942643478512764 -0.12384791672229767
v 0.0394277460873127 -0.034862272441387177 -0.1272834837436676
v 0.03876683488488197 -0.03493092581629753 -0.1239539310336113
v 0.0394277460873127 -0.034862272441387177 -0.1272834837436676
v 0.03967063128948212 -0.03031672164797783 -0.12734009325504303
v 0.03525341674685478 -0.04244999960064888 -0.12490095943212509
v 0.036740489304065704 -0.04244999960064888 -0.13057295978069305
v 0.03718802332878113 -0.042193491011857986 -0.12713554501533508
v 0.03718802332878113 -0.042193491011857986 -0.12713554501533508
v 0.036740489304065704 -0.04244999960064888 -0.13057295978069305
v 0.0379243940114975 -0.0422029085457325 -0.13053785264492035
v 0.03718802332878113 -0.042193491011857986 -0.12713554501533508
v 0.0379243940114975 -0.0422029085457325 -0.13053785264492035
v 0.038203056901693344 -0.04151128605008125 -0.12714749574661255
v 0.038203056901693344 -0.04151128605008125 -0.12714749574661255
v 0.0379243940114975 -0.0422029085457325 -0.13053785264492035
v 0.038918185979127884 -0.041518110781908035 -0.13054537773132324
v 0.038203056901693344 -0.04151128605008125 -0.12714749574661255
v 0.038918185979127884 -0.041518110781908035 -0.13054537773132324
v 0.038879942148923874 -0.040524933487176895 -0.1271657645702362
v 0.038879942148923874 -0.040524933487176895 -0.1271657645702362
v 0.038918185979127884 -0.041518110781908035 -0.13054537773132324
v 0.03956180065870285 -0.04052141681313515 -0.1305568665266037
v 0.038879942148923874 -0.040524933487176895 -0.1271657645702362
v 0.03956180065870285 -0.04052141681313515 -0.1305568665266037
v 0.03914230316877365 -0.039401229470968246 -0.12719088792800903
v 0.03914230316877365 -0.039401229470968246 -0.12719088792800903
v 0.03956180065870285 -0.04052141681313515 -0.1305568665266037
v 0.03977624326944351 -0.03938544914126396 -0.13057266175746918
v 0.03914230316877365 -0.039401229470968246 -0.12719088792800903
v 0.03977624326944351 -0.03938544914126396 -0.13057266175746918
v 0.039851538836956024 -0.034819260239601135 -0.13063091039657593
v 0.039851538836956024 -0.034819260239601135 -0.13063091039657593
v 0.03977624326944351 -0.03938544914126396 -0.13057266175746918
v 0.04000000283122063 -0.034804295748472214 -0.1340000033378601
v 0.039851538836956024 -0.034819260239601135 -0.13063091039657593
v 0.04000000283122063 -0.034804295748472214 -0.1340000033378601
v 0.04000000283122063 -0.030267607420682907 -0.1340000033378601
v 0.02896689437329769 -0.04244999960064888 -0.11309879273176193
v 0.03362236171960831 -0.04244999960064888 -0.12110588699579239
v 0.030842283740639687 -0.04211309179663658 -0.11395353823900223
v 0.030842283740639687 -0.04211309179663658 -0.11395353823900223
v 0.03362236171960831 -0.04244999960064888 -0.12110588699579239
v 0.0345594547688961 -0.04216007515788078 -0.12047615647315979
v 0.030842283740639687 -0.04211309179663658 -0.11395353823900223
v 0.0345594547688961 -0.04216007515788078 -0.12047615647315979
v 0.03203592449426651 -0.04145508632063866 -0.11396090686321259
v 0.03203592449426651 -0.04145508632063866 -0.11396090686321259
v 0.0345594547688961 -0.04216007515788078 -0.12047615647315979
v 0.035649530589580536 -0.04148760810494423 -0.12048932164907455
v 0.03203592449426651 -0.04145508632063866 -0.11396090686321259
v 0.035649530589580536 -0.04148760810494423 -0.12048932164907455
v 0.03299291431903839 -0.04056069627404213 -0.11397223174571991
v 0.03299291431903839 -0.04056069627404213 -0.11397223174571991
v 0.035649530589580536 -0.04148760810494423 -0.12048932164907455
v 0.03644401207566261 -0.04053892567753792 -0.12050948292016983
v 0.019307827576994896 -0.040093112736940384 -0.08100000023841858
v 0.02001086063683033 -0.03985781595110893 -0.08442717790603638
v 0.026158681139349937 -0.036107584834098816 -0.08436863869428635
v 0.026158681139349937 -0.036107584834098816 -0.08436863869428635
v 0.02001086063683033 -0.03985781595110893 -0.08442717790603638
v 0.02662055380642414 -0.03607754781842232 -0.08771397918462753
v 0.037402838468551636 -0.03725660964846611 -0.12059298902750015
v 0.035721685737371445 -0.03525683283805847 -0.11404513567686081
v 0.034714847803115845 -0.03743955120444298 -0.11401934176683426
v 0.034714847803115845 -0.03743955120444298 -0.11401934176683426
v 0.035721685737371445 -0.03525683283805847 -0.11404513567686081
v 0.03316780924797058 -0.035523489117622375 -0.10748161375522614
v 0.034714847803115845 -0.03743955120444298 -0.11401934176683426
v 0.03316780924797058 -0.035523489117622375 -0.10748161375522614
v 0.03159794956445694 -0.03764759376645088 -0.10748707503080368
v 0.03159794956445694 -0.03764759376645088 -0.10748707503080368
v 0.03316780924797058 -0.035523489117622375 -0.10748161375522614
v 0.03056350164115429 -0.03576907515525818 -0.10092546045780182
v 0.03159794956445694 -0.03764759376645088 -0.10748707503080368
v 0.03056350164115429 -0.03576907515525818 -0.10092546045780182
v 0.028445592150092125 -0.037840817123651505 -0.10095997899770737
v 0.02010803110897541 -0.04134033992886543 -0.09450913965702057
v 0.02297014184296131 -0.039803896099328995 -0.09445743262767792
v 0.01754145510494709 -0.0413120873272419 -0.08785223215818405
v 0.01754145510494709 -0.0413120873272419 -0.08785223215818405
v 0.02297014184296131 -0.039803896099328995 -0.09445743262767792
v 0.020659087225794792 -0.03984690085053444 -0.08780816942453384
v 0.01754145510494709 -0.0413120873272419 -0.08785223215818405
v 0.020659087225794792 -0.03984690085053444 -0.08780816942453384
v 0.01682215929031372 -0.0413038395345211 -0.08445458114147186
v 0.029954565688967705 -0.03964415565133095 -0.10749310255050659
v 0.026230154559016228 -0.03973423317074776 -0.10100091993808746
v 0.023734496906399727 -0.04137769713997841 -0.10103587806224823
v 0.016144029796123505 -0.04244999960064888 -0.09264948219060898
v 0.02010803110897541 -0.04134033992886543 -0.09450913965702057
v 0.014367107301950455 -0.04244999960064888 -0.08787290751934052
v 0.014367107301950455 -0.04244999960064888 -0.08787290751934052
v 0.02010803110897541 -0.04134033992886543 -0.09450913965702057
v 0.01754145510494709 -0.0413120873272419 -0.08785223215818405
v 0.014367107301950455 -0.04244999960064888 -0.08787290751934052
v 0.01754145510494709 -0.0413120873272419 -0.08785223215818405
v 0.014096817001700401 -0.04244999960064888 -0.08686404675245285
v 0.014096817001700401 -0.04244999960064888 -0.08686404675245285
v 0.01754145510494709 -0.0413120873272419 -0.08785223215818405
v 0.01682215929031372 -0.0413038395345211 -0.08445458114147186
v 0.014096817001700401 -0.04244999960064888 -0.08686404675245285
v 0.01682215929031372 -0.0413038395345211 -0.08445458114147186
v 0.01335100457072258 -0.04244999960064888 -0.08100000023841858
v 0.01335100457072258 -0.04244999960064888 -0.08100000023841858
v 0.01682215929031372 -0.0413038395345211 -0.08445458114147186
v 0.019307827576994896 -0.040093112736940384 -0.08100000023841858
v 0.03687598928809166 -0.03945993259549141 -0.12053730338811874
v 0.034714847803115845 -0.03743955120444298 -0.11401934176683426
v 0.03366006910800934 -0.0395461805164814 -0.11398804932832718
v 0.03366006910800934 -0.0395461805164814 -0.11398804932832718
v 0.034714847803115845 -0.03743955120444298 -0.11401934176683426
v 0.03159794956445694 -0.03764759376645088 -0.10748707503080368
v 0.03366006910800934 -0.0395461805164814 -0.11398804932832718
v 0.03159794956445694 -0.03764759376645088 -0.10748707503080368
v 0.029954565688967705 -0.03964415565133095 -0.10749310255050659
v 0.029954565688967705 -0.03964415565133095 -0.10749310255050659
v 0.03159794956445694 -0.03764759376645088 -0.10748707503080368
v 0.028445592150092125 -0.037840817123651505 -0.10095997899770737
v 0.029954565688967705 -0.03964415565133095 -0.10749310255050659
v 0.028445592150092125 -0.037840817123651505 -0.10095997899770737
v 0.026230154559016228 -0.03973423317074776 -0.10100091993808746
v 0.03156162425875664 -0.03137059137225151 -0.08100000023841858
v 0.031950902193784714 -0.03134124353528023 -0.08765705674886703
v 0.034791503101587296 -0.02774529531598091 -0.08100000023841858
v 0.034791503101587296 -0.02774529531598091 -0.08100000023841858
v 0.031950902193784714 -0.03134124353528023 -0.08765705674886703
v 0.036452360451221466 -0.025750000029802322 -0.08763137459754944
v 0.034791503101587296 -0.02774529531598091 -0.08100000023841858
v 0.036452360451221466 -0.025750000029802322 -0.08763137459754944
v 0.03629307821393013 -0.025750000029802322 -0.08100000023841858
v 0.02662055380642414 -0.03607754781842232 -0.08771397918462753
v 0.02774529717862606 -0.034791499376297 -0.08100000023841858
v 0.026158681139349937 -0.036107584834098816 -0.08436863869428635
v 0.026158681139349937 -0.036107584834098816 -0.08436863869428635
v 0.02774529717862606 -0.034791499376297 -0.08100000023841858
v 0.025995055213570595 -0.03611795976758003 -0.08100000023841858
v 0.026158681139349937 -0.036107584834098816 -0.08436863869428635
v 0.025995055213570595 -0.03611795976758003 -0.08100000023841858
v 0.019307827576994896 -0.040093112736940384 -0.08100000023841858
v 0.019307827576994896 -0.040093112736940384 -0.08100000023841858
v 0.01682215929031372 -0.0413038395345211 -0.08445458114147186
v 0.02001086063683033 -0.03985781595110893 -0.08442717790603638
v 0.02001086063683033 -0.03985781595110893 -0.08442717790603638
v 0.01682215929031372 -0.0413038395345211 -0.08445458114147186
v 0.020659087225794792 -0.03984690085053444 -0.08780816942453384
v 0.02001086063683033 -0.03985781595110893 -0.08442717790603638
v 0.020659087225794792 -0.03984690085053444 -0.08780816942453384
v 0.02662055380642414 -0.03607754781842232 -0.08771397918462753
v 0.02662055380642414 -0.03607754781842232 -0.08771397918462753
v 0.020659087225794792 -0.03984690085053444 -0.08780816942453384
v 0.028262177482247353 -0.035959552973508835 -0.09434662759304047
v 0.02662055380642414 -0.03607754781842232 -0.08771397918462753
v 0.028262177482247353 -0.035959552973508835 -0.09434662759304047
v 0.032968826591968536 -0.0312509648501873 -0.09428093582391739
v 0.032968826591968536 -0.0312509648501873 -0.09428093582391739
v 0.028262177482247353 -0.035959552973508835 -0.09434662759304047
v 0.03255348652601242 -0.033520009368658066 -0.10089993476867676
v 0.032968826591968536 -0.0312509648501873 -0.09428093582391739
v 0.03255348652601242 -0.033520009368658066 -0.10089993476867676
v 0.03438592329621315 -0.031096715480089188 -0.10088316351175308
v 0.03438592329621315 -0.031096715480089188 -0.10088316351175308
v 0.03255348652601242 -0.033520009368658066 -0.10089993476867676
v 0.034635357558727264 -0.03327060490846634 -0.10747845470905304
v 0.03438592329621315 -0.031096715480089188 -0.10088316351175308
v 0.034635357558727264 -0.03327060490846634 -0.10747845470905304
v 0.03597237542271614 -0.030889257788658142 -0.10747931897640228
v 0.03597237542271614 -0.030889257788658142 -0.10747931897640228
v 0.034635357558727264 -0.03327060490846634 -0.10747845470905304
v 0.03665813058614731 -0.03299650549888611 -0.11406560242176056
v 0.03597237542271614 -0.030889257788658142 -0.10747931897640228
v 0.03665813058614731 -0.03299650549888611 -0.11406560242176056
v 0.037502091377973557 -0.030658096075057983 -0.11408375203609467
v 0.037502091377973557 -0.030658096075057983 -0.11408375203609467
v 0.03665813058614731 -0.03299650549888611 -0.11406560242176056
v 0.038371045142412186 -0.032754965126514435 -0.12067503482103348
v 0.037502091377973557 -0.030658096075057983 -0.11408375203609467
v 0.038371045142412186 -0.032754965126514435 -0.12067503482103348
v 0.038787003606557846 -0.030454106628894806 -0.12070326507091522
v 0.038787003606557846 -0.030454106628894806 -0.12070326507091522
v 0.03942079469561577 -0.025750000029802322 -0.12074273079633713
v 0.038232024759054184 -0.02824213355779648 -0.11410096287727356
v 0.038787003606557846 -0.030454106628894806 -0.12070326507091522
v 0.038232024759054184 -0.02824213355779648 -0.11410096287727356
v 0.037502091377973557 -0.030658096075057983 -0.11408375203609467
v 0.037502091377973557 -0.030658096075057983 -0.11408375203609467
v 0.038232024759054184 -0.02824213355779648 -0.11410096287727356
v 0.0371515266597271 -0.028381329029798508 -0.10748592764139175
v 0.037502091377973557 -0.030658096075057983 -0.11408375203609467
v 0.0371515266597271 -0.028381329029798508 -0.10748592764139175
v 0.03597237542271614 -0.030889257788658142 -0.10747931897640228
v 0.03597237542271614 -0.030889257788658142 -0.10747931897640228
v 0.0371515266597271 -0.028381329029798508 -0.10748592764139175
v 0.036032404750585556 -0.0285043902695179 -0.10087652504444122
v 0.03597237542271614 -0.030889257788658142 -0.10747931897640228
v 0.036032404750585556 -0.0285043902695179 -0.10087652504444122
v 0.03438592329621315 -0.031096715480089188 -0.10088316351175308
v 0.03438592329621315 -0.031096715480089188 -0.10088316351175308
v 0.036032404750585556 -0.0285043902695179 -0.10087652504444122
v 0.03503357619047165 -0.028593558818101883 -0.09426461160182953
v 0.03438592329621315 -0.031096715480089188 -0.10088316351175308
v 0.03503357619047165 -0.028593558818101883 -0.09426461160182953
v 0.032968826591968536 -0.0312509648501873 -0.09428093582391739
v 0.03942079469561577 -0.025750000029802322 -0.12074273079633713
v 0.03882710635662079 -0.025750000029802322 -0.11412044614553452
v 0.038232024759054184 -0.02824213355779648 -0.11410096287727356
v 0.038232024759054184 -0.02824213355779648 -0.11410096287727356
v 0.03882710635662079 -0.025750000029802322 -0.11412044614553452
v 0.03814654052257538 -0.025750000029802322 -0.10750000178813934
v 0.038232024759054184 -0.02824213355779648 -0.11410096287727356
v 0.03814654052257538 -0.025750000029802322 -0.10750000178813934
v 0.0371515266597271 -0.028381329029798508 -0.10748592764139175
v 0.0371515266597271 -0.028381329029798508 -0.10748592764139175
v 0.03814654052257538 -0.025750000029802322 -0.10750000178813934
v 0.03746597096323967 -0.025750000029802322 -0.10087954998016357
v 0.0371515266597271 -0.028381329029798508 -0.10748592764139175
v 0.03746597096323967 -0.025750000029802322 -0.10087954998016357
v 0.036032404750585556 -0.0285043902695179 -0.10087652504444122
v 0.036032404750585556 -0.0285043902695179 -0.10087652504444122
v 0.03746597096323967 -0.025750000029802322 -0.10087954998016357
v 0.03699847683310509 -0.025750000029802322 -0.09580288827419281
v 0.036032404750585556 -0.0285043902695179 -0.10087652504444122
v 0.03699847683310509 -0.025750000029802322 -0.09580288827419281
v 0.03503357619047165 -0.028593558818101883 -0.09426461160182953
v 0.03503357619047165 -0.028593558818101883 -0.09426461160182953
v 0.03699847683310509 -0.025750000029802322 -0.09580288827419281
v 0.036452360451221466 -0.025750000029802322 -0.08763137459754944
v 0.03503357619047165 -0.028593558818101883 -0.09426461160182953
v 0.036452360451221466 -0.025750000029802322 -0.08763137459754944
v 0.032968826591968536 -0.0312509648501873 -0.09428093582391739
v 0.032968826591968536 -0.0312509648501873 -0.09428093582391739
v 0.036452360451221466 -0.025750000029802322 -0.08763137459754944
v 0.031950902193784714 -0.03134124353528023 -0.08765705674886703
v 0.032968826591968536 -0.0312509648501873 -0.09428093582391739
v 0.031950902193784714 -0.03134124353528023 -0.08765705674886703
v 0.02662055380642414 -0.03607754781842232 -0.08771397918462753
v 0.02662055380642414 -0.03607754781842232 -0.08771397918462753
v 0.031950902193784714 -0.03134124353528023 -0.08765705674886703
v 0.03156162425875664 -0.03137059137225151 -0.08100000023841858
v 0.02662055380642414 -0.03607754781842232 -0.08771397918462753
v 0.03156162425875664 -0.03137059137225151 -0.08100000023841858
v 0.02774529717862606 -0.034791499376297 -0.08100000023841858
v 0.03362236171960831 -0.04244999960064888 -0.12110588699579239
v 0.03525341674685478 -0.04244999960064888 -0.12490095943212509
v 0.0345594547688961 -0.04216007515788078 -0.12047615647315979
v 0.0345594547688961 -0.04216007515788078 -0.12047615647315979
v 0.03525341674685478 -0.04244999960064888 -0.12490095943212509
v 0.03718802332878113 -0.042193491011857986 -0.12713554501533508
v 0.0345594547688961 -0.04216007515788078 -0.12047615647315979
v 0.03718802332878113 -0.042193491011857986 -0.12713554501533508
v 0.035649530589580536 -0.04148760810494423 -0.12048932164907455
v 0.035649530589580536 -0.04148760810494423 -0.12048932164907455
v 0.03718802332878113 -0.042193491011857986 -0.12713554501533508
v 0.038203056901693344 -0.04151128605008125 -0.12714749574661255
v 0.035649530589580536 -0.04148760810494423 -0.12048932164907455
v 0.038203056901693344 -0.04151128605008125 -0.12714749574661255
v 0.03644401207566261 -0.04053892567753792 -0.12050948292016983
v 0.03644401207566261 -0.04053892567753792 -0.12050948292016983
v 0.038203056901693344 -0.04151128605008125 -0.12714749574661255
v 0.038879942148923874 -0.040524933487176895 -0.1271657645702362
v 0.03644401207566261 -0.04053892567753792 -0.12050948292016983
v 0.038879942148923874 -0.040524933487176895 -0.1271657645702362
v 0.03815635293722153 -0.03942643478512764 -0.12384791672229767
v 0.03815635293722153 -0.03942643478512764 -0.12384791672229767
v 0.038879942148923874 -0.040524933487176895 -0.1271657645702362
v 0.03914230316877365 -0.039401229470968246 -0.12719088792800903
v 0.03815635293722153 -0.03942643478512764 -0.12384791672229767
v 0.03914230316877365 -0.039401229470968246 -0.12719088792800903
v 0.0394277460873127 -0.034862272441387177 -0.1272834837436676
v 0.0394277460873127 -0.034862272441387177 -0.1272834837436676
v 0.03914230316877365 -0.039401229470968246 -0.12719088792800903
v 0.039851538836956024 -0.034819260239601135 -0.13063091039657593
v 0.0394277460873127 -0.034862272441387177 -0.1272834837436676
v 0.039851538836956024 -0.034819260239601135 -0.13063091039657593
v 0.03967063128948212 -0.03031672164797783 -0.12734009325504303
v 0.03967063128948212 -0.03031672164797783 -0.12734009325504303
v 0.039851538836956024 -0.034819260239601135 -0.13063091039657593
v 0.04000000283122063 -0.030267607420682907 -0.1340000033378601
v 0.03967063128948212 -0.03031672164797783 -0.12734009325504303
v 0.04000000283122063 -0.030267607420682907 -0.1340000033378601
v 0.04000000283122063 -0.025750000029802322 -0.1340000033378601
v 0.03790545091032982 -0.03502213582396507 -0.12063933163881302
v 0.037402838468551636 -0.03725660964846611 -0.12059298902750015
v 0.03815635293722153 -0.03942643478512764 -0.12384791672229767
v 0.03815635293722153 -0.03942643478512764 -0.12384791672229767
v 0.037402838468551636 -0.03725660964846611 -0.12059298902750015
v 0.03687598928809166 -0.03945993259549141 -0.12053730338811874
v 0.03815635293722153 -0.03942643478512764 -0.12384791672229767
v 0.03687598928809166 -0.03945993259549141 -0.12053730338811874
v 0.03644401207566261 -0.04053892567753792 -0.12050948292016983
v 0.03644401207566261 -0.04053892567753792 -0.12050948292016983
v 0.03687598928809166 -0.03945993259549141 -0.12053730338811874
v 0.03366006910800934 -0.0395461805164814 -0.11398804932832718
v 0.03644401207566261 -0.04053892567753792 -0.12050948292016983
v 0.03366006910800934 -0.0395461805164814 -0.11398804932832718
v 0.03299291431903839 -0.04056069627404213 -0.11397223174571991
v 0.03299291431903839 -0.04056069627404213 -0.11397223174571991
v 0.03366006910800934 -0.0395461805164814 -0.11398804932832718
v 0.029954565688967705 -0.03964415565133095 -0.10749310255050659
v 0.03299291431903839 -0.04056069627404213 -0.11397223174571991
v 0.029954565688967705 -0.03964415565133095 -0.10749310255050659
v 0.027887968346476555 -0.04141754284501076 -0.10749799013137817
v 0.027887968346476555 -0.04141754284501076 -0.10749799013137817
v 0.029954565688967705 -0.03964415565133095 -0.10749310255050659
v 0.023734496906399727 -0.04137769713997841 -0.10103587806224823
v 0.027887968346476555 -0.04141754284501076 -0.10749799013137817
v 0.023734496906399727 -0.04137769713997841 -0.10103587806224823
v 0.026579657569527626 -0.04205915704369545 -0.10749946534633636
v 0.026579657569527626 -0.04205915704369545 -0.10749946534633636
v 0.023734496906399727 -0.04137769713997841 -0.10103587806224823
v 0.020614756271243095 -0.04244999960064888 -0.10070998966693878
v 0.026579657569527626 -0.04205915704369545 -0.10749946534633636
v 0.020614756271243095 -0.04244999960064888 -0.10070998966693878
v 0.02896689437329769 -0.04244999960064888 -0.11309879273176193
v 0.03984072059392929 -0.025750000029802322 -0.12736862897872925
v 0.03953752666711807 -0.025750000029802322 -0.12228851765394211
v 0.03967063128948212 -0.03031672164797783 -0.12734009325504303
v 0.03967063128948212 -0.03031672164797783 -0.12734009325504303
v 0.03953752666711807 -0.025750000029802322 -0.12228851765394211
v 0.038787003606557846 -0.030454106628894806 -0.12070326507091522
v 0.03967063128948212 -0.03031672164797783 -0.12734009325504303
v 0.038787003606557846 -0.030454106628894806 -0.12070326507091522
v 0.03876683488488197 -0.03493092581629753 -0.1239539310336113
v 0.03876683488488197 -0.03493092581629753 -0.1239539310336113
v 0.038787003606557846 -0.030454106628894806 -0.12070326507091522
v 0.038371045142412186 -0.032754965126514435 -0.12067503482103348
v 0.03876683488488197 -0.03493092581629753 -0.1239539310336113
v 0.038371045142412186 -0.032754965126514435 -0.12067503482103348
v 0.03790545091032982 -0.03502213582396507 -0.12063933163881302
v 0.03790545091032982 -0.03502213582396507 -0.12063933163881302
v 0.038371045142412186 -0.032754965126514435 -0.12067503482103348
v 0.03665813058614731 -0.03299650549888611 -0.11406560242176056
v 0.03790545091032982 -0.03502213582396507 -0.12063933163881302
v 0.03665813058614731 -0.03299650549888611 -0.11406560242176056
v 0.035721685737371445 -0.03525683283805847 -0.11404513567686081
v 0.035721685737371445 -0.03525683283805847 -0.11404513567686081
v 0.03665813058614731 -0.03299650549888611 -0.11406560242176056
v 0.034635357558727264 -0.03327060490846634 -0.10747845470905304
v 0.035721685737371445 -0.03525683283805847 -0.11404513567686081
v 0.034635357558727264 -0.03327060490846634 -0.10747845470905304
v 0.03316780924797058 -0.035523489117622375 -0.10748161375522614
v 0.03316780924797058 -0.035523489117622375 -0.10748161375522614
v 0.034635357558727264 -0.03327060490846634 -0.10747845470905304
v 0.03255348652601242 -0.033520009368658066 -0.10089993476867676
v 0.03316780924797058 -0.035523489117622375 -0.10748161375522614
v 0.03255348652601242 -0.033520009368658066 -0.10089993476867676
v 0.03056350164115429 -0.03576907515525818 -0.10092546045780182
v 0.03056350164115429 -0.03576907515525818 -0.10092546045780182
v 0.03255348652601242 -0.033520009368658066 -0.10089993476867676
v 0.028262177482247353 -0.035959552973508835 -0.09434662759304047
v 0.03056350164115429 -0.03576907515525818 -0.10092546045780182
v 0.028262177482247353 -0.035959552973508835 -0.09434662759304047
v 0.028445592150092125 -0.037840817123651505 -0.10095997899770737
v 0.028445592150092125 -0.037840817123651505 -0.10095997899770737
v 0.028262177482247353 -0.035959552973508835 -0.09434662759304047
v 0.02297014184296131 -0.039803896099328995 -0.09445743262767792
v 0.028445592150092125 -0.037840817123651505 -0.10095997899770737
v 0.02297014184296131 -0.039803896099328995 -0.09445743262767792
v 0.026230154559016228 -0.03973423317074776 -0.10100091993808746
v 0.026230154559016228 -0.03973423317074776 -0.10100091993808746
v 0.02297014184296131 -0.039803896099328995 -0.09445743262767792
v 0.02010803110897541 -0.04134033992886543 -0.09450913965702057
v 0.026230154559016228 -0.03973423317074776 -0.10100091993808746
v 0.02010803110897541 -0.04134033992886543 -0.09450913965702057
v 0.023734496906399727 -0.04137769713997841 -0.10103587806224823
v 0.023734496906399727 -0.04137769713997841 -0.10103587806224823
v 0.02010803110897541 -0.04134033992886543 -0.09450913965702057
v 0.016144029796123505 -0.04244999960064888 -0.09264948219060898
v 0.023734496906399727 -0.04137769713997841 -0.10103587806224823
v 0.016144029796123505 -0.04244999960064888 -0.09264948219060898
v 0.020614756271243095 -0.04244999960064888 -0.10070998966693878
v -0.03154687210917473 -0.040949996560811996 -0.08335554599761963
v -0.026869498193264008 -0.041005756705999374 -0.08200391381978989
v -0.028847649693489075 -0.04062784090638161 -0.08233193308115005
v -0.028847649693489075 -0.04062784090638161 -0.08233193308115005
v -0.030472876504063606 -0.040282707661390305 -0.08269768953323364
v -0.03154687210917473 -0.040949996560811996 -0.08335554599761963
v -0.03154687210917473 -0.040949996560811996 -0.08335554599761963
v -0.030472876504063606 -0.040282707661390305 -0.08269768953323364
v -0.03223296254873276 -0.03987358137965202 -0.08320321142673492
v -0.03154687210917473 -0.040949996560811996 -0.08335554599761963
v -0.03223296254873276 -0.03987358137965202 -0.08320321142673492
v -0.03391460329294205 -0.03945000097155571 -0.08380629122257233
v -0.023248426616191864 -0.04158380255103111 -0.08170270174741745
v -0.02615254372358322 -0.042048078030347824 -0.08292587846517563
v -0.021318495273590088 -0.041836682707071304 -0.08169186860322952
v -0.021318495273590088 -0.041836682707071304 -0.08169186860322952
v -0.02615254372358322 -0.042048078030347824 -0.08292587846517563
v -0.020996438339352608 -0.042048078030347824 -0.0819682851433754
v -0.021318495273590088 -0.041836682707071304 -0.08169186860322952
v -0.020996438339352608 -0.042048078030347824 -0.0819682851433754
v -0.019458673894405365 -0.04204753413796425 -0.08178360760211945
v -0.0159135852009058 -0.042368944734334946 -0.08234278112649918
v -0.016741326078772545 -0.04230276867747307 -0.0821441188454628
v -0.02079654112458229 -0.04244999960064888 -0.08345489948987961
v -0.014914607629179955 -0.04244210943579674 -0.08279076963663101
v -0.01504505518823862 -0.042432915419340134 -0.08269095420837402
v -0.02079654112458229 -0.04244999960064888 -0.08345489948987961
v -0.02079654112458229 -0.04244999960064888 -0.08345489948987961
v -0.01504505518823862 -0.042432915419340134 -0.08269095420837402
v -0.015413772314786911 -0.042406413704156876 -0.08250989764928818
v -0.02079654112458229 -0.04244999960064888 -0.08345489948987961
v -0.015413772314786911 -0.042406413704156876 -0.08250989764928818
v -0.0159135852009058 -0.042368944734334946 -0.08234278112649918
v -0.01480700820684433 -0.04244999960064888 -0.08300638943910599
v -0.014813180081546307 -0.04244938865303993 -0.08294589072465897
v -0.02079654112458229 -0.04244999960064888 -0.08345489948987961
v -0.02079654112458229 -0.04244999960064888 -0.08345489948987961
v -0.014813180081546307 -0.04244938865303993 -0.08294589072465897
v -0.014847913756966591 -0.04244683310389519 -0.08286922425031662
v -0.02079654112458229 -0.04244999960064888 -0.08345489948987961
v -0.014847913756966591 -0.04244683310389519 -0.08286922425031662
v -0.014914607629179955 -0.04244210943579674 -0.08279076963663101
v -0.016741326078772545 -0.04230276867747307 -0.0821441188454628
v -0.016917675733566284 -0.04228799417614937 -0.08210943639278412
v -0.02079654112458229 -0.04244999960064888 -0.08345489948987961
v -0.02079654112458229 -0.04244999960064888 -0.08345489948987961
v -0.016917675733566284 -0.04228799417614937 -0.08210943639278412
v -0.01829073391854763 -0.04216459020972252 -0.08189928531646729
v -0.02079654112458229 -0.04244999960064888 -0.08345489948987961
v -0.01829073391854763 -0.04216459020972252 -0.08189928531646729
v -0.019458673894405365 -0.04204753413796425 -0.08178360760211945
v -0.03648810833692551 -0.041664544492959976 -0.08598116040229797
v -0.03594570234417915 -0.04205239936709404 -0.08631511777639389
v -0.0311873871833086 -0.042048078030347824 -0.08439310640096664
v -0.0311873871833086 -0.042048078030347824 -0.08439310640096664
v -0.03594570234417915 -0.04205239936709404 -0.08631511777639389
v -0.03552521765232086 -0.0422481931746006 -0.08657458424568176
v -0.03748059272766113 -0.03945000097155571 -0.08537221699953079
v -0.03735814243555069 -0.040292445570230484 -0.08544719964265823
v -0.03391460329294205 -0.03945000097155571 -0.08380629122257233
v -0.03391460329294205 -0.03945000097155571 -0.08380629122257233
v -0.03735814243555069 -0.040292445570230484 -0.08544719964265823
v -0.037071701139211655 -0.04095150902867317 -0.08562276512384415
v -0.03391460329294205 -0.03945000097155571 -0.08380629122257233
v -0.037071701139211655 -0.04095150902867317 -0.08562276512384415
v -0.03154687210917473 -0.040949996560811996 -0.08335554599761963
v -0.03154687210917473 -0.040949996560811996 -0.08335554599761963
v -0.037071701139211655 -0.04095150902867317 -0.08562276512384415
v -0.037020426243543625 -0.04103556647896767 -0.08565421402454376
v -0.037020426243543625 -0.04103556647896767 -0.08565421402454376
v -0.03648810833692551 -0.041664544492959976 -0.08598116040229797
v -0.03154687210917473 -0.040949996560811996 -0.08335554599761963
v -0.03154687210917473 -0.040949996560811996 -0.08335554599761963
v -0.03648810833692551 -0.041664544492959976 -0.08598116040229797
v -0.0311873871833086 -0.042048078030347824 -0.08439310640096664
v -0.03154687210917473 -0.040949996560811996 -0.08335554599761963
v -0.0311873871833086 -0.042048078030347824 -0.08439310640096664
v -0.026869498193264008 -0.041005756705999374 -0.08200391381978989
v -0.026869498193264008 -0.041005756705999374 -0.08200391381978989
v -0.0311873871833086 -0.042048078030347824 -0.08439310640096664
v -0.02615254372358322 -0.042048078030347824 -0.08292587846517563
v -0.026869498193264008 -0.041005756705999374 -0.08200391381978989
v -0.02615254372358322 -0.042048078030347824 -0.08292587846517563
v -0.024821648374199867 -0.041349995881319046 -0.08178804069757462
v -0.024821648374199867 -0.041349995881319046 -0.08178804069757462
v -0.02615254372358322 -0.042048078030347824 -0.08292587846517563
v -0.023248426616191864 -0.04158380255103111 -0.08170270174741745
v -0.019458673894405365 -0.04204753413796425 -0.08178360760211945
v -0.020996438339352608 -0.042048078030347824 -0.0819682851433754
v -0.02079654112458229 -0.04244999960064888 -0.08345489948987961
v -0.02079654112458229 -0.04244999960064888 -0.08345489948987961
v -0.020996438339352608 -0.042048078030347824 -0.0819682851433754
v -0.02615254372358322 -0.042048078030347824 -0.08292587846517563
v -0.02079654112458229 -0.04244999960064888 -0.08345489948987961
v -0.02615254372358322 -0.042048078030347824 -0.08292587846517563
v -0.02580532804131508 -0.04244999960064888 -0.08438514173030853
v -0.02580532804131508 -0.04244999960064888 -0.08438514173030853
v -0.02615254372358322 -0.042048078030347824 -0.08292587846517563
v -0.0311873871833086 -0.042048078030347824 -0.08439310640096664
v -0.02580532804131508 -0.04244999960064888 -0.08438514173030853
v -0.0311873871833086 -0.042048078030347824 -0.08439310640096664
v -0.030696319416165352 -0.04244999960064888 -0.08581045269966125
v -0.030696319416165352 -0.04244999960064888 -0.08581045269966125
v -0.0311873871833086 -0.042048078030347824 -0.08439310640096664
v -0.03552521765232086 -0.0422481931746006 -0.08657458424568176
v -0.030696319416165352 -0.04244999960064888 -0.08581045269966125
v -0.03552521765232086 -0.0422481931746006 -0.08657458424568176
v -0.03441295027732849 -0.04244999960064888 -0.08726338297128677
v 0.037927061319351196 -0.042303163558244705 -0.1339741051197052
v 0.037922412157058716 -0.04230493679642677 -0.1340000033378601
v 0.03820101171731949 -0.04219910129904747 -0.1340000033378601
v 0.03794142231345177 -0.04229845479130745 -0.13394837081432343
v 0.037927061319351196 -0.042303163558244705 -0.1339741051197052
v 0.038030438125133514 -0.042267460376024246 -0.13388490676879883
v 0.038030438125133514 -0.042267460376024246 -0.13388490676879883
v 0.037927061319351196 -0.042303163558244705 -0.1339741051197052
v 0.03820101171731949 -0.04219910129904747 -0.1340000033378601
v 0.038030438125133514 -0.042267460376024246 -0.13388490676879883
v 0.03820101171731949 -0.04219910129904747 -0.1340000033378601
v 0.03813980892300606 -0.042225006967782974 -0.13385827839374542
v 0.03813980892300606 -0.042225006967782974 -0.13385827839374542
v 0.03820101171731949 -0.04219910129904747 -0.1340000033378601
v 0.03831685334444046 -0.0421455092728138 -0.13388711214065552
v 0.03846795856952667 -0.04206660017371178 -0.1340000033378601
v 0.03845839574933052 -0.04207165166735649 -0.13397277891635895
v 0.03820101171731949 -0.04219910129904747 -0.1340000033378601
v 0.03820101171731949 -0.04219910129904747 -0.1340000033378601
v 0.03845839574933052 -0.04207165166735649 -0.13397277891635895
v 0.038431473076343536 -0.04208644852042198 -0.1339457929134369
v 0.03820101171731949 -0.04219910129904747 -0.1340000033378601
v 0.038431473076343536 -0.04208644852042198 -0.1339457929134369
v 0.03831685334444046 -0.0421455092728138 -0.13388711214065552
v 0.038962189108133316 -0.04171932116150856 -0.13396857678890228
v 0.03894755616784096 -0.04173224791884422 -0.1340000033378601
v 0.03897660970687866 -0.041706766933202744 -0.13395582139492035
v 0.03897660970687866 -0.041706766933202744 -0.13395582139492035
v 0.03894755616784096 -0.04173224791884422 -0.1340000033378601
v 0.03915557265281677 -0.04153650626540184 -0.1340000033378601
v 0.03897660970687866 -0.041706766933202744 -0.13395582139492035
v 0.03915557265281677 -0.04153650626540184 -0.1340000033378601
v 0.03914186358451843 -0.04155053570866585 -0.1339021474123001
v 0.03914186358451843 -0.04155053570866585 -0.1339021474123001
v 0.03915557265281677 -0.04153650626540184 -0.1340000033378601
v 0.03928694501519203 -0.04139159992337227 -0.13393759727478027
v 0.039344534277915955 -0.04132230952382088 -0.1340000033378601
v 0.03933978080749512 -0.04132761433720589 -0.13398262858390808
v 0.03915557265281677 -0.04153650626540184 -0.1340000033378601
v 0.03915557265281677 -0.04153650626540184 -0.1340000033378601
v 0.03933978080749512 -0.04132761433720589 -0.13398262858390808
v 0.039330098778009415 -0.041339609771966934 -0.13396897912025452
v 0.03915557265281677 -0.04153650626540184 -0.1340000033378601
v 0.039330098778009415 -0.041339609771966934 -0.13396897912025452
v 0.03928694501519203 -0.04139159992337227 -0.13393759727478027
v 0.03968081995844841 -0.04079655185341835 -0.1339758187532425
v 0.03967525064945221 -0.04081062600016594 -0.1340000033378601
v 0.03970814868807793 -0.040740687400102615 -0.1339452862739563
v 0.03970814868807793 -0.040740687400102615 -0.1339452862739563
v 0.03967525064945221 -0.04081062600016594 -0.1340000033378601
v 0.03978903591632843 -0.040555115789175034 -0.1340000033378601
v 0.03970814868807793 -0.040740687400102615 -0.1339452862739563
v 0.03978903591632843 -0.040555115789175034 -0.1340000033378601
v 0.03979019448161125 -0.040552105754613876 -0.13391277194023132
v 0.03979019448161125 -0.040552105754613876 -0.13391277194023132
v 0.03978903591632843 -0.040555115789175034 -0.1340000033378601
v 0.03985900804400444 -0.040358852595090866 -0.13394805788993835
v 0.039879653602838516 -0.040290672332048416 -0.1340000033378601
v 0.039878152310848236 -0.04029630497097969 -0.13398505747318268
v 0.03978903591632843 -0.040555115789175034 -0.1340000033378601
v 0.03978903591632843 -0.040555115789175034 -0.1340000033378601
v 0.039878152310848236 -0.04029630497097969 -0.13398505747318268
v 0.03987456485629082 -0.04030841216444969 -0.13397343456745148
v 0.03978903591632843 -0.040555115789175034 -0.1340000033378601
v 0.03987456485629082 -0.04030841216444969 -0.13397343456745148
v 0.03985900804400444 -0.040358852595090866 -0.13394805788993835
v 0.04000000283122063 -0.019312500953674316 -0.1340000033378601
v 0.04000000283122063 -0.025750000029802322 -0.1340000033378601
v 0.039000000804662704 -0.025750000029802322 -0.1340000033378601
v 0.04000000283122063 0.025750000029802322 -0.1340000033378601
v 0.04000000283122063 0.012875000014901161 -0.1340000033378601
v 0.039000000804662704 0.025750000029802322 -0.1340000033378601
v 0.039000000804662704 0.025750000029802322 -0.1340000033378601
v 0.04000000283122063 0.012875000014901161 -0.1340000033378601
v 0.04000000283122063 -2.980225788373758e-11 -0.1340000033378601
v 0.039000000804662704 0.025750000029802322 -0.1340000033378601
v 0.04000000283122063 -2.980225788373758e-11 -0.1340000033378601
v 0.039000000804662704 -0.025750000029802322 -0.1340000033378601
v 0.039000000804662704 -0.025750000029802322 -0.1340000033378601
v 0.04000000283122063 -2.980225788373758e-11 -0.1340000033378601
v 0.04000000283122063 -0.012874998152256012 -0.1340000033378601
v 0.039000000804662704 -0.025750000029802322 -0.1340000033378601
v 0.04000000283122063 -0.012874998152256012 -0.1340000033378601
v 0.04000000283122063 -0.019312500953674316 -0.1340000033378601
v 0.009999999776482582 -0.025750000029802322 -0.08674537390470505
v 0.009999999776482582 0.025750000029802322 -0.08674537390470505
v 0.018218720331788063 -0.025750000029802322 -0.09191729873418808
v 0.018218720331788063 -0.025750000029802322 -0.09191729873418808
v 0.009999999776482582 0.025750000029802322 -0.08674537390470505
v 0.018218720331788063 0.025750000029802322 -0.09191729873418808
v 0.018218720331788063 -0.025750000029802322 -0.09191729873418808
v 0.018218720331788063 0.025750000029802322 -0.09191729873418808
v 0.025355881080031395 -0.025750000029802322 -0.09850191324949265
v 0.025355881080031395 -0.025750000029802322 -0.09850191324949265
v 0.018218720331788063 0.025750000029802322 -0.09191729873418808
v 0.025355881080031395 0.025750000029802322 -0.09850191324949265
v 0.025355881080031395 -0.025750000029802322 -0.09850191324949265
v 0.025355881080031395 0.025750000029802322 -0.09850191324949265
v 0.0311718937009573 -0.025750000029802322 -0.10627816617488861
v 0.0311718937009573 -0.025750000029802322 -0.10627816617488861
v 0.025355881080031395 0.025750000029802322 -0.09850191324949265
v 0.0311718937009573 0.025750000029802322 -0.10627816617488861
v 0.0311718937009573 -0.025750000029802322 -0.10627816617488861
v 0.0311718937009573 0.025750000029802322 -0.10627816617488861
v 0.03547151759266853 -0.025750000029802322 -0.11498502641916275
v 0.03547151759266853 -0.025750000029802322 -0.11498502641916275
v 0.0311718937009573 0.025750000029802322 -0.10627816617488861
v 0.03547151759266853 0.025750000029802322 -0.11498502641916275
v 0.03547151759266853 -0.025750000029802322 -0.11498502641916275
v 0.03547151759266853 0.025750000029802322 -0.11498502641916275
v 0.03811041638255119 -0.025750000029802322 -0.12433020770549774
v 0.03811041638255119 -0.025750000029802322 -0.12433020770549774
v 0.03547151759266853 0.025750000029802322 -0.11498502641916275
v 0.03811041638255119 0.025750000029802322 -0.12433020770549774
v 0.03811041638255119 -0.025750000029802322 -0.12433020770549774
v 0.03811041638255119 0.025750000029802322 -0.12433020770549774
v 0.039000000804662704 -0.025750000029802322 -0.1340000033378601
v 0.039000000804662704 -0.025750000029802322 -0.1340000033378601
v 0.03811041638255119 0.025750000029802322 -0.12433020770549774
v 0.039000000804662704 0.025750000029802322 -0.1340000033378601
v 0.03984073922038078 0.025750000029802322 -0.12736862897872925
v 0.0395376943051815 0.025750000029802322 -0.12228816747665405
v 0.04010309651494026 0.012902428396046162 -0.127372145652771
v 0.042714592069387436 0.006711136549711227 -0.1008797436952591
v 0.04335058107972145 0.0067752450704574585 -0.09425758570432663
v 0.04379729554057121 -2.980225788373758e-11 -0.09426072984933853
v 0.03984072059392929 -0.025750000029802322 -0.12736862897872925
v 0.04000000283122063 -0.025750000029802322 -0.1340000033378601
v 0.04000000283122063 -0.019312500953674316 -0.1340000033378601
v 0.03984072059392929 -0.025750000029802322 -0.12736862897872925
v 0.04000000283122063 -0.019312500953674316 -0.1340000033378601
v 0.03953752666711807 -0.025750000029802322 -0.12228851765394211
v 0.03997158259153366 -0.019399143755435944 -0.12074635177850723
v 0.040374889969825745 -0.012974739074707031 -0.12074673175811768
v 0.03994245082139969 -0.019487954676151276 -0.11412271857261658
v 0.03994245082139969 -0.019487954676151276 -0.11412271857261658
v 0.040374889969825745 -0.012974739074707031 -0.12074673175811768
v 0.04119964316487312 -0.013194162398576736 -0.10750000178813934
v 0.03994245082139969 -0.019487954676151276 -0.11412271857261658
v 0.04119964316487312 -0.013194162398576736 -0.10750000178813934
v 0.039909057319164276 -0.019589759409427643 -0.10750000178813934
v 0.039909057319164276 -0.019589759409427643 -0.10750000178813934
v 0.04119964316487312 -0.013194162398576736 -0.10750000178813934
v 0.039875663816928864 -0.01969156786799431 -0.10087727755308151
v 0.04070320352911949 -2.980225788373758e-11 -0.12073927372694016
v 0.04225024953484535 -2.980225788373758e-11 -0.10750000178813934
v 0.040620479732751846 -0.0065000467002391815 -0.12074241787195206
v 0.040620479732751846 -0.0065000467002391815 -0.12074241787195206
v 0.04225024953484535 -2.980225788373758e-11 -0.10750000178813934
v 0.04198553040623665 -0.006637644022703171 -0.10750000178813934
v 0.04198553040623665 0.00663764588534832 -0.10750000178813934
v 0.040620479732751846 0.006500044837594032 -0.12074241787195206
v 0.040374889969825745 0.012974738143384457 -0.12074673175811768
v 0.04010309651494026 0.012902428396046162 -0.127372145652771
v 0.0395376943051815 0.025750000029802322 -0.12228816747665405
v 0.03997158259153366 0.019399143755435944 -0.12074635177850723
v 0.042714592069387436 0.006711136549711227 -0.1008797436952591
v 0.04379729554057121 -2.980225788373758e-11 -0.09426072984933853
v 0.04198553040623665 0.00663764588534832 -0.10750000178813934
v 0.04239865764975548 0.013513105921447277 -0.08100000023841858
v 0.04338429495692253 0.00990218110382557 -0.08100000023841858
v 0.042296186089515686 0.013485897332429886 -0.08762786537408829
v 0.042296186089515686 0.013485897332429886 -0.08762786537408829
v 0.04338429495692253 0.00990218110382557 -0.08100000023841858
v 0.04380042850971222 0.006820591166615486 -0.08763163536787033
v 0.042296186089515686 0.013485897332429886 -0.08762786537408829
v 0.04380042850971222 0.006820591166615486 -0.08763163536787033
v 0.0420243926346302 0.013413586653769016 -0.09425327181816101
v 0.039875663816928864 0.01969156786799431 -0.10087727755308151
v 0.036998450756073 0.025750000029802322 -0.09580253809690475
v 0.03984653577208519 0.01978037692606449 -0.09425365179777145
v 0.03984653577208519 0.01978037692606449 -0.09425365179777145
v 0.036998450756073 0.025750000029802322 -0.09580253809690475
v 0.03687228634953499 0.025750000029802322 -0.09425728768110275
v 0.03984653577208519 0.01978037692606449 -0.09425365179777145
v 0.03687228634953499 0.025750000029802322 -0.09425728768110275
v 0.0398259311914444 0.019843194633722305 -0.08762819319963455
v 0.0398259311914444 0.019843194633722305 -0.08762819319963455
v 0.03687228634953499 0.025750000029802322 -0.09425728768110275
v 0.036452360451221466 0.025750000029802322 -0.08763137459754944
v 0.0398259311914444 0.019843194633722305 -0.08762819319963455
v 0.036452360451221466 0.025750000029802322 -0.08763137459754944
v 0.04009311646223068 0.019307825714349747 -0.08100000023841858
v 0.04009311646223068 0.019307825714349747 -0.08100000023841858
v 0.036452360451221466 0.025750000029802322 -0.08763137459754944
v 0.03629307821393013 0.025750000029802322 -0.08100000023841858
v 0.040374889969825745 0.012974738143384457 -0.12074673175811768
v 0.04075914993882179 0.013076970353722572 -0.11412295699119568
v 0.04198553040623665 0.00663764588534832 -0.10750000178813934
v 0.04198553040623665 0.00663764588534832 -0.10750000178813934
v 0.04075914993882179 0.013076970353722572 -0.11412295699119568
v 0.04119964316487312 0.013194162398576736 -0.10750000178813934
v 0.04198553040623665 0.00663764588534832 -0.10750000178813934
v 0.04119964316487312 0.013194162398576736 -0.10750000178813934
v 0.042714592069387436 0.006711136549711227 -0.1008797436952591
v 0.042714592069387436 0.006711136549711227 -0.1008797436952591
v 0.04119964316487312 0.013194162398576736 -0.10750000178813934
v 0.041640136390924454 0.013311355374753475 -0.10087704658508301
v 0.042714592069387436 0.006711136549711227 -0.1008797436952591
v 0.041640136390924454 0.013311355374753475 -0.10087704658508301
v 0.04335058107972145 0.0067752450704574585 -0.09425758570432663
v 0.04335058107972145 0.0067752450704574585 -0.09425758570432663
v 0.041640136390924454 0.013311355374753475 -0.10087704658508301
v 0.0420243926346302 0.013413586653769016 -0.09425327181816101
v 0.04009311646223068 -0.019307825714349747 -0.08100000023841858
v 0.03629307821393013 -0.025750000029802322 -0.08100000023841858
v 0.036452360451221466 -0.025750000029802322 -0.08763137459754944
v 0.04009311646223068 -0.019307825714349747 -0.08100000023841858
v 0.036452360451221466 -0.025750000029802322 -0.08763137459754944
v 0.03984653577208519 -0.01978037878870964 -0.09425365179777145
v 0.04239865764975548 -0.013513106852769852 -0.08100000023841858
v 0.042296186089515686 -0.013485897332429886 -0.08762786537408829
v 0.04338429495692253 -0.009902182966470718 -0.08100000023841858
v 0.04338429495692253 -0.009902182966470718 -0.08100000023841858
v 0.042296186089515686 -0.013485897332429886 -0.08762786537408829
v 0.04380042850971222 -0.006820589303970337 -0.08763163536787033
v 0.04338429495692253 -0.009902182966470718 -0.08100000023841858
v 0.04380042850971222 -0.006820589303970337 -0.08763163536787033
v 0.04397151246666908 -0.006837841123342514 -0.08100000023841858
v 0.04397151246666908 -0.006837841123342514 -0.08100000023841858
v 0.04380042850971222 -0.006820589303970337 -0.08763163536787033
v 0.04430712014436722 -2.980225788373758e-11 -0.08763439208269119
v 0.04397151246666908 -0.006837841123342514 -0.08100000023841858
v 0.04430712014436722 -2.980225788373758e-11 -0.08763439208269119
v 0.04450000077486038 -2.980225788373758e-11 -0.08100000023841858
v 0.04450000077486038 -2.980225788373758e-11 -0.08100000023841858
v 0.04430712014436722 -2.980225788373758e-11 -0.08763439208269119
v 0.04380042850971222 0.006820591166615486 -0.08763163536787033
v 0.04450000077486038 -2.980225788373758e-11 -0.08100000023841858
v 0.04380042850971222 0.006820591166615486 -0.08763163536787033
v 0.04397151246666908 0.006837841123342514 -0.08100000023841858
v 0.04397151246666908 0.006837841123342514 -0.08100000023841858
v 0.04380042850971222 0.006820591166615486 -0.08763163536787033
v 0.04338429495692253 0.00990218110382557 -0.08100000023841858
v 0.03942079469561577 -0.025750000029802322 -0.12074273079633713
v 0.03997158259153366 -0.019399143755435944 -0.12074635177850723
v 0.03882710635662079 -0.025750000029802322 -0.11412044614553452
v 0.03882710635662079 -0.025750000029802322 -0.11412044614553452
v 0.03997158259153366 -0.019399143755435944 -0.12074635177850723
v 0.03994245082139969 -0.019487954676151276 -0.11412271857261658
v 0.03882710635662079 -0.025750000029802322 -0.11412044614553452
v 0.03994245082139969 -0.019487954676151276 -0.11412271857261658
v 0.03814654052257538 -0.025750000029802322 -0.10750000178813934
v 0.03814654052257538 -0.025750000029802322 -0.10750000178813934
v 0.03994245082139969 -0.019487954676151276 -0.11412271857261658
v 0.039909057319164276 -0.019589759409427643 -0.10750000178813934
v 0.03814654052257538 -0.025750000029802322 -0.10750000178813934
v 0.039909057319164276 -0.019589759409427643 -0.10750000178813934
v 0.03746597096323967 -0.025750000029802322 -0.10087954998016357
v 0.03746597096323967 -0.025750000029802322 -0.10087954998016357
v 0.039909057319164276 -0.019589759409427643 -0.10750000178813934
v 0.039875663816928864 -0.01969156786799431 -0.10087727755308151
v 0.03746597096323967 -0.025750000029802322 -0.10087954998016357
v 0.039875663816928864 -0.01969156786799431 -0.10087727755308151
v 0.03699847683310509 -0.025750000029802322 -0.09580288827419281
v 0.036452360451221466 -0.025750000029802322 -0.08763137459754944
v 0.03699847683310509 -0.025750000029802322 -0.09580288827419281
v 0.03984653577208519 -0.01978037878870964 -0.09425365179777145
v 0.03984653577208519 -0.01978037878870964 -0.09425365179777145
v 0.03699847683310509 -0.025750000029802322 -0.09580288827419281
v 0.039875663816928864 -0.01969156786799431 -0.10087727755308151
v 0.03984653577208519 -0.01978037878870964 -0.09425365179777145
v 0.039875663816928864 -0.01969156786799431 -0.10087727755308151
v 0.041640136390924454 -0.01331135630607605 -0.10087704658508301
v 0.041640136390924454 -0.01331135630607605 -0.10087704658508301
v 0.039875663816928864 -0.01969156786799431 -0.10087727755308151
v 0.04119964316487312 -0.013194162398576736 -0.10750000178813934
v 0.041640136390924454 -0.01331135630607605 -0.10087704658508301
v 0.04119964316487312 -0.013194162398576736 -0.10750000178813934
v 0.04198553040623665 -0.006637644022703171 -0.10750000178813934
v 0.04198553040623665 -0.006637644022703171 -0.10750000178813934
v 0.04119964316487312 -0.013194162398576736 -0.10750000178813934
v 0.040374889969825745 -0.012974739074707031 -0.12074673175811768
v 0.04198553040623665 -0.006637644022703171 -0.10750000178813934
v 0.040374889969825745 -0.012974739074707031 -0.12074673175811768
v 0.040620479732751846 -0.0065000467002391815 -0.12074241787195206
v 0.0420243926346302 0.013413586653769016 -0.09425327181816101
v 0.04380042850971222 0.006820591166615486 -0.08763163536787033
v 0.04335058107972145 0.0067752450704574585 -0.09425758570432663
v 0.04335058107972145 0.0067752450704574585 -0.09425758570432663
v 0.04380042850971222 0.006820591166615486 -0.08763163536787033
v 0.04430712014436722 -2.980225788373758e-11 -0.08763439208269119
v 0.04335058107972145 0.0067752450704574585 -0.09425758570432663
v 0.04430712014436722 -2.980225788373758e-11 -0.08763439208269119
v 0.04379729554057121 -2.980225788373758e-11 -0.09426072984933853
v 0.04379729554057121 -2.980225788373758e-11 -0.09426072984933853
v 0.04430712014436722 -2.980225788373758e-11 -0.08763439208269119
v 0.04380042850971222 -0.006820589303970337 -0.08763163536787033
v 0.04379729554057121 -2.980225788373758e-11 -0.09426072984933853
v 0.04380042850971222 -0.006820589303970337 -0.08763163536787033
v 0.04335058107972145 -0.0067752450704574585 -0.09425758570432663
v 0.04335058107972145 -0.0067752450704574585 -0.09425758570432663
v 0.04380042850971222 -0.006820589303970337 -0.08763163536787033
v 0.042296186089515686 -0.013485897332429886 -0.08762786537408829
v 0.04335058107972145 -0.0067752450704574585 -0.09425758570432663
v 0.042296186089515686 -0.013485897332429886 -0.08762786537408829
v 0.0420243926346302 -0.013413585722446442 -0.09425327181816101
v 0.03942079469561577 -0.025750000029802322 -0.12074273079633713
v 0.03953752666711807 -0.025750000029802322 -0.12228851765394211
v 0.03997158259153366 -0.019399143755435944 -0.12074635177850723
v 0.03997158259153366 -0.019399143755435944 -0.12074635177850723
v 0.03953752666711807 -0.025750000029802322 -0.12228851765394211
v 0.04000000283122063 -0.019312500953674316 -0.1340000033378601
v 0.03997158259153366 -0.019399143755435944 -0.12074635177850723
v 0.04000000283122063 -0.019312500953674316 -0.1340000033378601
v 0.040374889969825745 -0.012974739074707031 -0.12074673175811768
v 0.040374889969825745 -0.012974739074707031 -0.12074673175811768
v 0.04000000283122063 -0.019312500953674316 -0.1340000033378601
v 0.04000000283122063 -0.012874998152256012 -0.1340000033378601
v 0.040374889969825745 -0.012974739074707031 -0.12074673175811768
v 0.04000000283122063 -0.012874998152256012 -0.1340000033378601
v 0.040620479732751846 -0.0065000467002391815 -0.12074241787195206
v 0.040620479732751846 -0.0065000467002391815 -0.12074241787195206
v 0.04000000283122063 -0.012874998152256012 -0.1340000033378601
v 0.04000000283122063 -2.980225788373758e-11 -0.1340000033378601
v 0.040620479732751846 -0.0065000467002391815 -0.12074241787195206
v 0.04000000283122063 -2.980225788373758e-11 -0.1340000033378601
v 0.04070320352911949 -2.980225788373758e-11 -0.12073927372694016
v 0.04070320352911949 -2.980225788373758e-11 -0.12073927372694016
v 0.04000000283122063 -2.980225788373758e-11 -0.1340000033378601
v 0.04000000283122063 0.012875000014901161 -0.1340000033378601
v 0.04070320352911949 -2.980225788373758e-11 -0.12073927372694016
v 0.04000000283122063 0.012875000014901161 -0.1340000033378601
v 0.04010309651494026 0.012902428396046162 -0.127372145652771
v 0.04010309651494026 0.012902428396046162 -0.127372145652771
v 0.04000000283122063 0.012875000014901161 -0.1340000033378601
v 0.04000000283122063 0.025750000029802322 -0.1340000033378601
v 0.04010309651494026 0.012902428396046162 -0.127372145652771
v 0.04000000283122063 0.025750000029802322 -0.1340000033378601
v 0.03984073922038078 0.025750000029802322 -0.12736862897872925
v 0.0395376943051815 0.025750000029802322 -0.12228816747665405
v 0.03942100331187248 0.025750000029802322 -0.12074271589517593
v 0.03997158259153366 0.019399143755435944 -0.12074635177850723
v 0.03997158259153366 0.019399143755435944 -0.12074635177850723
v 0.03942100331187248 0.025750000029802322 -0.12074271589517593
v 0.03994245082139969 0.019487954676151276 -0.11412271857261658
v 0.03994245082139969 0.019487954676151276 -0.11412271857261658
v 0.03942100331187248 0.025750000029802322 -0.12074271589517593
v 0.0388270728290081 0.025750000029802322 -0.11412044614553452
v 0.03994245082139969 0.019487954676151276 -0.11412271857261658
v 0.0388270728290081 0.025750000029802322 -0.11412044614553452
v 0.039909057319164276 0.019589761272072792 -0.10750000178813934
v 0.039909057319164276 0.019589761272072792 -0.10750000178813934
v 0.0388270728290081 0.025750000029802322 -0.11412044614553452
v 0.03814654052257538 0.025750000029802322 -0.10750000178813934
v 0.039909057319164276 0.019589761272072792 -0.10750000178813934
v 0.03814654052257538 0.025750000029802322 -0.10750000178813934
v 0.039875663816928864 0.01969156786799431 -0.10087727755308151
v 0.039875663816928864 0.01969156786799431 -0.10087727755308151
v 0.03814654052257538 0.025750000029802322 -0.10750000178813934
v 0.03746597096323967 0.025750000029802322 -0.10087954998016357
v 0.039875663816928864 0.01969156786799431 -0.10087727755308151
v 0.03746597096323967 0.025750000029802322 -0.10087954998016357
v 0.036998450756073 0.025750000029802322 -0.09580253809690475
v 0.04009311646223068 0.019307825714349747 -0.08100000023841858
v 0.04239865764975548 0.013513105921447277 -0.08100000023841858
v 0.0398259311914444 0.019843194633722305 -0.08762819319963455
v 0.0398259311914444 0.019843194633722305 -0.08762819319963455
v 0.04239865764975548 0.013513105921447277 -0.08100000023841858
v 0.042296186089515686 0.013485897332429886 -0.08762786537408829
v 0.0398259311914444 0.019843194633722305 -0.08762819319963455
v 0.042296186089515686 0.013485897332429886 -0.08762786537408829
v 0.03984653577208519 0.01978037692606449 -0.09425365179777145
v 0.03984653577208519 0.01978037692606449 -0.09425365179777145
v 0.042296186089515686 0.013485897332429886 -0.08762786537408829
v 0.0420243926346302 0.013413586653769016 -0.09425327181816101
v 0.03984653577208519 0.01978037692606449 -0.09425365179777145
v 0.0420243926346302 0.013413586653769016 -0.09425327181816101
v 0.039875663816928864 0.01969156786799431 -0.10087727755308151
v 0.039875663816928864 0.01969156786799431 -0.10087727755308151
v 0.0420243926346302 0.013413586653769016 -0.09425327181816101
v 0.041640136390924454 0.013311355374753475 -0.10087704658508301
v 0.039875663816928864 0.01969156786799431 -0.10087727755308151
v 0.041640136390924454 0.013311355374753475 -0.10087704658508301
v 0.039909057319164276 0.019589761272072792 -0.10750000178813934
v 0.039909057319164276 0.019589761272072792 -0.10750000178813934
v 0.041640136390924454 0.013311355374753475 -0.10087704658508301
v 0.04119964316487312 0.013194162398576736 -0.10750000178813934
v 0.039909057319164276 0.019589761272072792 -0.10750000178813934
v 0.04119964316487312 0.013194162398576736 -0.10750000178813934
v 0.03994245082139969 0.019487954676151276 -0.11412271857261658
v 0.03994245082139969 0.019487954676151276 -0.11412271857261658
v 0.04119964316487312 0.013194162398576736 -0.10750000178813934
v 0.04075914993882179 0.013076970353722572 -0.11412295699119568
v 0.03994245082139969 0.019487954676151276 -0.11412271857261658
v 0.04075914993882179 0.013076970353722572 -0.11412295699119568
v 0.03997158259153366 0.019399143755435944 -0.12074635177850723
v 0.03997158259153366 0.019399143755435944 -0.12074635177850723
v 0.04075914993882179 0.013076970353722572 -0.11412295699119568
v 0.040374889969825745 0.012974738143384457 -0.12074673175811768
v 0.03997158259153366 0.019399143755435944 -0.12074635177850723
v 0.040374889969825745 0.012974738143384457 -0.12074673175811768
v 0.04010309651494026 0.012902428396046162 -0.127372145652771
v 0.04010309651494026 0.012902428396046162 -0.127372145652771
v 0.040374889969825745 0.012974738143384457 -0.12074673175811768
v 0.040620479732751846 0.006500044837594032 -0.12074241787195206
v 0.04010309651494026 0.012902428396046162 -0.127372145652771
v 0.040620479732751846 0.006500044837594032 -0.12074241787195206
v 0.04070320352911949 -2.980225788373758e-11 -0.12073927372694016
v 0.04070320352911949 -2.980225788373758e-11 -0.12073927372694016
v 0.040620479732751846 0.006500044837594032 -0.12074241787195206
v 0.04198553040623665 0.00663764588534832 -0.10750000178813934
v 0.04070320352911949 -2.980225788373758e-11 -0.12073927372694016
v 0.04198553040623665 0.00663764588534832 -0.10750000178813934
v 0.04225024953484535 -2.980225788373758e-11 -0.10750000178813934
v 0.04225024953484535 -2.980225788373758e-11 -0.10750000178813934
v 0.04198553040623665 0.00663764588534832 -0.10750000178813934
v 0.04379729554057121 -2.980225788373758e-11 -0.09426072984933853
v 0.04225024953484535 -2.980225788373758e-11 -0.10750000178813934
v 0.04379729554057121 -2.980225788373758e-11 -0.09426072984933853
v 0.04198553040623665 -0.006637644022703171 -0.10750000178813934
v 0.04198553040623665 -0.006637644022703171 -0.10750000178813934
v 0.04379729554057121 -2.980225788373758e-11 -0.09426072984933853
v 0.04335058107972145 -0.0067752450704574585 -0.09425758570432663
v 0.04198553040623665 -0.006637644022703171 -0.10750000178813934
v 0.04335058107972145 -0.0067752450704574585 -0.09425758570432663
v 0.041640136390924454 -0.01331135630607605 -0.10087704658508301
v 0.041640136390924454 -0.01331135630607605 -0.10087704658508301
v 0.04335058107972145 -0.0067752450704574585 -0.09425758570432663
v 0.0420243926346302 -0.013413585722446442 -0.09425327181816101
v 0.041640136390924454 -0.01331135630607605 -0.10087704658508301
v 0.0420243926346302 -0.013413585722446442 -0.09425327181816101
v 0.03984653577208519 -0.01978037878870964 -0.09425365179777145
v 0.03984653577208519 -0.01978037878870964 -0.09425365179777145
v 0.0420243926346302 -0.013413585722446442 -0.09425327181816101
v 0.042296186089515686 -0.013485897332429886 -0.08762786537408829
v 0.03984653577208519 -0.01978037878870964 -0.09425365179777145
v 0.042296186089515686 -0.013485897332429886 -0.08762786537408829
v 0.04009311646223068 -0.019307825714349747 -0.08100000023841858
v 0.04009311646223068 -0.019307825714349747 -0.08100000023841858
v 0.042296186089515686 -0.013485897332429886 -0.08762786537408829
v 0.04239865764975548 -0.013513106852769852 -0.08100000023841858
v 4.3213368994265977e-10 0.04450000077486038 -0.08100000023841858
v 0.0021089096553623676 0.044449999928474426 -0.08100000023841858
v -0.0021089096553623676 0.044449999928474426 -0.08100000023841858
v -0.018202882260084152 0.013225167989730835 3.3378602104505717e-09
v -0.03964262828230858 0.019090883433818817 3.3378602104505717e-09
v -0.021398771554231644 0.006952881813049316 3.3378602104505717e-09
v -0.021398771554231644 0.006952881813049316 3.3378602104505717e-09
v -0.03964262828230858 0.019090883433818817 3.3378602104505717e-09
v -0.042896825820207596 0.009790921583771706 3.3378602104505717e-09
v -0.021398771554231644 0.006952881813049316 3.3378602104505717e-09
v -0.042896825820207596 0.009790921583771706 3.3378602104505717e-09
v -0.02250000089406967 -2.980225788373758e-11 3.3378602104505717e-09
v -0.02250000089406967 -2.980225788373758e-11 3.3378602104505717e-09
v -0.042896825820207596 0.009790921583771706 3.3378602104505717e-09
v -0.04399999976158142 -2.980225788373758e-11 3.3378602104505717e-09
v -0.02250000089406967 -2.980225788373758e-11 3.3378602104505717e-09
v -0.04399999976158142 -2.980225788373758e-11 3.3378602104505717e-09
v -0.021398771554231644 -0.006952881813049316 3.3378602104505717e-09
v 0.018202880397439003 -0.013225167989730835 3.3378602104505717e-09
v 0.03964263200759888 -0.019090883433818817 3.3378602104505717e-09
v 0.021398769691586494 -0.006952881813049316 3.3378602104505717e-09
v 0.021398769691586494 -0.006952881813049316 3.3378602104505717e-09
v 0.03964263200759888 -0.019090883433818817 3.3378602104505717e-09
v 0.042896829545497894 -0.009790919721126556 3.3378602104505717e-09
v 0.021398769691586494 -0.006952881813049316 3.3378602104505717e-09
v 0.042896829545497894 -0.009790919721126556 3.3378602104505717e-09
v 0.022499999031424522 -2.980227176152539e-11 3.3378602104505717e-09
v 0.022499999031424522 -2.980227176152539e-11 3.3378602104505717e-09
v 0.042896829545497894 -0.009790919721126556 3.3378602104505717e-09
v 0.04399999976158142 -2.980227176152539e-11 3.3378602104505717e-09
v 0.022499999031424522 -2.980227176152539e-11 3.3378602104505717e-09
v 0.04399999976158142 -2.980227176152539e-11 3.3378602104505717e-09
v 0.021398769691586494 0.006952881813049316 3.3378602104505717e-09
v -0.04399999976158142 -2.980225788373758e-11 3.3378602104505717e-09
v -0.042896825820207596 -0.009790919721126556 3.3378602104505717e-09
v -0.021398771554231644 -0.006952881813049316 3.3378602104505717e-09
v -0.021398771554231644 -0.006952881813049316 3.3378602104505717e-09
v -0.042896825820207596 -0.009790919721126556 3.3378602104505717e-09
v -0.03964262828230858 -0.019090883433818817 3.3378602104505717e-09
v -0.021398771554231644 -0.006952881813049316 3.3378602104505717e-09
v -0.03964262828230858 -0.019090883433818817 3.3378602104505717e-09
v -0.018202882260084152 -0.013225167989730835 3.3378602104505717e-09
v -0.018202882260084152 -0.013225167989730835 3.3378602104505717e-09
v -0.03964262828230858 -0.019090883433818817 3.3378602104505717e-09
v -0.034400586038827896 -0.027433551847934723 3.3378602104505717e-09
v -0.018202882260084152 -0.013225167989730835 3.3378602104505717e-09
v -0.034400586038827896 -0.027433551847934723 3.3378602104505717e-09
v -0.013225167989730835 -0.018202882260084152 3.3378602104505717e-09
v 0.013225167989730835 0.018202882260084152 3.3378602104505717e-09
v 0.019090885296463966 0.03964262828230858 3.3378602104505717e-09
v 0.006952882278710604 0.021398771554231644 3.3378602104505717e-09
v 0.006952882278710604 0.021398771554231644 3.3378602104505717e-09
v 0.019090885296463966 0.03964262828230858 3.3378602104505717e-09
v 0.009790921583771706 0.042896825820207596 3.3378602104505717e-09
v 0.006952882278710604 0.021398771554231644 3.3378602104505717e-09
v 0.009790921583771706 0.042896825820207596 3.3378602104505717e-09
v 4.3213368994265977e-10 0.022499999031424522 3.3378602104505717e-09
v 4.3213368994265977e-10 0.022499999031424522 3.3378602104505717e-09
v 0.009790921583771706 0.042896825820207596 3.3378602104505717e-09
v 4.3213368994265977e-10 0.04399999976158142 3.3378602104505717e-09
v 4.3213368994265977e-10 0.022499999031424522 3.3378602104505717e-09
v 4.3213368994265977e-10 0.04399999976158142 3.3378602104505717e-09
v -0.006952882278710604 0.021398771554231644 3.3378602104505717e-09
v 0.006952882278710604 -0.021398771554231644 3.3378602104505717e-09
v 0.019090885296463966 -0.03964262828230858 3.3378602104505717e-09
v 0.013225167989730835 -0.018202882260084152 3.3378602104505717e-09
v 0.013225167989730835 -0.018202882260084152 3.3378602104505717e-09
v 0.019090885296463966 -0.03964262828230858 3.3378602104505717e-09
v 0.027433549985289574 -0.034400586038827896 3.3378602104505717e-09
v 0.013225167989730835 -0.018202882260084152 3.3378602104505717e-09
v 0.027433549985289574 -0.034400586038827896 3.3378602104505717e-09
v 0.018202880397439003 -0.013225167989730835 3.3378602104505717e-09
v 0.018202880397439003 -0.013225167989730835 3.3378602104505717e-09
v 0.027433549985289574 -0.034400586038827896 3.3378602104505717e-09
v 0.034400586038827896 -0.027433551847934723 3.3378602104505717e-09
v 0.018202880397439003 -0.013225167989730835 3.3378602104505717e-09
v 0.034400586038827896 -0.027433551847934723 3.3378602104505717e-09
v 0.03964263200759888 -0.019090883433818817 3.3378602104505717e-09
v -0.034400586038827896 -0.027433551847934723 3.3378602104505717e-09
v -0.027433551847934723 -0.034400586038827896 3.3378602104505717e-09
v -0.013225167989730835 -0.018202882260084152 3.3378602104505717e-09
v -0.013225167989730835 -0.018202882260084152 3.3378602104505717e-09
v -0.027433551847934723 -0.034400586038827896 3.3378602104505717e-09
v -0.019090885296463966 -0.03964262828230858 3.3378602104505717e-09
v -0.013225167989730835 -0.018202882260084152 3.3378602104505717e-09
v -0.019090885296463966 -0.03964262828230858 3.3378602104505717e-09
v -0.006952882278710604 -0.021398771554231644 3.3378602104505717e-09
v -0.006952882278710604 -0.021398771554231644 3.3378602104505717e-09
v -0.019090885296463966 -0.03964262828230858 3.3378602104505717e-09
v -0.009790921583771706 -0.042896825820207596 3.3378602104505717e-09
v -0.006952882278710604 -0.021398771554231644 3.3378602104505717e-09
v -0.009790921583771706 -0.042896825820207596 3.3378602104505717e-09
v 4.3213368994265977e-10 -0.02250000089406967 3.3378602104505717e-09
v 4.3213368994265977e-10 -0.02250000089406967 3.3378602104505717e-09
v -0.009790921583771706 -0.042896825820207596 3.3378602104505717e-09
v 4.3213368994265977e-10 -0.04400000348687172 3.3378602104505717e-09
v 4.3213368994265977e-10 -0.02250000089406967 3.3378602104505717e-09
v 4.3213368994265977e-10 -0.04400000348687172 3.3378602104505717e-09
v 0.006952882278710604 -0.021398771554231644 3.3378602104505717e-09
v 0.006952882278710604 -0.021398771554231644 3.3378602104505717e-09
v 4.3213368994265977e-10 -0.04400000348687172 3.3378602104505717e-09
v 0.009790921583771706 -0.042896825820207596 3.3378602104505717e-09
v 0.006952882278710604 -0.021398771554231644 3.3378602104505717e-09
v 0.009790921583771706 -0.042896825820207596 3.3378602104505717e-09
v 0.019090885296463966 -0.03964262828230858 3.3378602104505717e-09
v 4.3213368994265977e-10 0.04399999976158142 3.3378602104505717e-09
v -0.009790921583771706 0.042896825820207596 3.3378602104505717e-09
v -0.006952882278710604 0.021398771554231644 3.3378602104505717e-09
v -0.006952882278710604 0.021398771554231644 3.3378602104505717e-09
v -0.009790921583771706 0.042896825820207596 3.3378602104505717e-09
v -0.019090885296463966 0.03964262828230858 3.3378602104505717e-09
v -0.006952882278710604 0.021398771554231644 3.3378602104505717e-09
v -0.019090885296463966 0.03964262828230858 3.3378602104505717e-09
v -0.013225167989730835 0.018202882260084152 3.3378602104505717e-09
v -0.013225167989730835 0.018202882260084152 3.3378602104505717e-09
v -0.019090885296463966 0.03964262828230858 3.3378602104505717e-09
v -0.027433551847934723 0.034400586038827896 3.3378602104505717e-09
v -0.013225167989730835 0.018202882260084152 3.3378602104505717e-09
v -0.027433551847934723 0.034400586038827896 3.3378602104505717e-09
v -0.018202882260084152 0.013225167989730835 3.3378602104505717e-09
v -0.018202882260084152 0.013225167989730835 3.3378602104505717e-09
v -0.027433551847934723 0.034400586038827896 3.3378602104505717e-09
v -0.034400586038827896 0.027433551847934723 3.3378602104505717e-09
v -0.018202882260084152 0.013225167989730835 3.3378602104505717e-09
v -0.034400586038827896 0.027433551847934723 3.3378602104505717e-09
v -0.03964262828230858 0.019090883433818817 3.3378602104505717e-09
v 0.04399999976158142 -2.980227176152539e-11 3.3378602104505717e-09
v 0.042896829545497894 0.009790921583771706 3.3378602104505717e-09
v 0.021398769691586494 0.006952881813049316 3.3378602104505717e-09
v 0.021398769691586494 0.006952881813049316 3.3378602104505717e-09
v 0.042896829545497894 0.009790921583771706 3.3378602104505717e-09
v 0.03964263200759888 0.019090883433818817 3.3378602104505717e-09
v 0.021398769691586494 0.006952881813049316 3.3378602104505717e-09
v 0.03964263200759888 0.019090883433818817 3.3378602104505717e-09
v 0.018202880397439003 0.013225167989730835 3.3378602104505717e-09
v 0.018202880397439003 0.013225167989730835 3.3378602104505717e-09
v 0.03964263200759888 0.019090883433818817 3.3378602104505717e-09
v 0.034400586038827896 0.027433551847934723 3.3378602104505717e-09
v 0.018202880397439003 0.013225167989730835 3.3378602104505717e-09
v 0.034400586038827896 0.027433551847934723 3.3378602104505717e-09
v 0.013225167989730835 0.018202882260084152 3.3378602104505717e-09
v 0.013225167989730835 0.018202882260084152 3.3378602104505717e-09
v 0.034400586038827896 0.027433551847934723 3.3378602104505717e-09
v 0.027433549985289574 0.034400586038827896 3.3378602104505717e-09
v 0.013225167989730835 0.018202882260084152 3.3378602104505717e-09
v 0.027433549985289574 0.034400586038827896 3.3378602104505717e-09
v 0.019090885296463966 0.03964262828230858 3.3378602104505717e-09
v 0.022499999031424522 -2.980227176152539e-11 3.3378602104505717e-09
v 0.021398769691586494 -0.006952881813049316 0.003999996464699507
v 0.021398769691586494 -0.006952881813049316 3.3378602104505717e-09
v 0.021398769691586494 -0.006952881813049316 3.3378602104505717e-09
v 0.021398769691586494 -0.006952881813049316 0.003999996464699507
v 0.018202880397439003 -0.013225167989730835 0.003999996464699507
v 0.021398769691586494 -0.006952881813049316 3.3378602104505717e-09
v 0.018202880397439003 -0.013225167989730835 0.003999996464699507
v 0.018202880397439003 -0.013225167989730835 3.3378602104505717e-09
v 0.018202880397439003 -0.013225167989730835 3.3378602104505717e-09
v 0.018202880397439003 -0.013225167989730835 0.003999996464699507
v 0.013225167989730835 -0.018202882260084152 0.003999996464699507
v 0.018202880397439003 -0.013225167989730835 3.3378602104505717e-09
v 0.013225167989730835 -0.018202882260084152 0.003999996464699507
v 0.013225167989730835 -0.018202882260084152 3.3378602104505717e-09
v 0.013225167989730835 -0.018202882260084152 3.3378602104505717e-09
v 0.013225167989730835 -0.018202882260084152 0.003999996464699507
v 0.006952882278710604 -0.021398771554231644 0.003999996464699507
v 0.013225167989730835 -0.018202882260084152 3.3378602104505717e-09
v 0.006952882278710604 -0.021398771554231644 0.003999996464699507
v 0.006952882278710604 -0.021398771554231644 3.3378602104505717e-09
v 0.006952882278710604 -0.021398771554231644 3.3378602104505717e-09
v 0.006952882278710604 -0.021398771554231644 0.003999996464699507
v 4.3213368994265977e-10 -0.02250000089406967 0.003999996464699507
v 0.006952882278710604 -0.021398771554231644 3.3378602104505717e-09
v 4.3213368994265977e-10 -0.02250000089406967 0.003999996464699507
v 4.3213368994265977e-10 -0.02250000089406967 3.3378602104505717e-09
v 4.3213368994265977e-10 -0.02250000089406967 3.3378602104505717e-09
v 4.3213368994265977e-10 -0.02250000089406967 0.003999996464699507
v -0.006952882278710604 -0.021398771554231644 0.003999996464699507
v 4.3213368994265977e-10 -0.02250000089406967 3.3378602104505717e-09
v -0.006952882278710604 -0.021398771554231644 0.003999996464699507
v -0.006952882278710604 -0.021398771554231644 3.3378602104505717e-09
v -0.006952882278710604 -0.021398771554231644 3.3378602104505717e-09
v -0.006952882278710604 -0.021398771554231644 0.003999996464699507
v -0.013225167989730835 -0.018202882260084152 0.003999996464699507
v -0.006952882278710604 -0.021398771554231644 3.3378602104505717e-09
v -0.013225167989730835 -0.018202882260084152 0.003999996464699507
v -0.013225167989730835 -0.018202882260084152 3.3378602104505717e-09
v -0.013225167989730835 -0.018202882260084152 3.3378602104505717e-09
v -0.013225167989730835 -0.018202882260084152 0.003999996464699507
v -0.018202882260084152 -0.013225167989730835 0.003999996464699507
v -0.013225167989730835 -0.018202882260084152 3.3378602104505717e-09
v -0.018202882260084152 -0.013225167989730835 0.003999996464699507
v -0.018202882260084152 -0.013225167989730835 3.3378602104505717e-09
v -0.018202882260084152 -0.013225167989730835 3.3378602104505717e-09
v -0.018202882260084152 -0.013225167989730835 0.003999996464699507
v -0.021398771554231644 -0.006952881813049316 0.003999996464699507
v -0.018202882260084152 -0.013225167989730835 3.3378602104505717e-09
v -0.021398771554231644 -0.006952881813049316 0.003999996464699507
v -0.021398771554231644 -0.006952881813049316 3.3378602104505717e-09
v -0.021398771554231644 -0.006952881813049316 3.3378602104505717e-09
v -0.021398771554231644 -0.006952881813049316 0.003999996464699507
v -0.02250000089406967 -2.980225788373758e-11 0.003999996464699507
v -0.021398771554231644 -0.006952881813049316 3.3378602104505717e-09
v -0.02250000089406967 -2.980225788373758e-11 0.003999996464699507
v -0.02250000089406967 -2.980225788373758e-11 3.3378602104505717e-09
v -0.02250000089406967 -2.980225788373758e-11 3.3378602104505717e-09
v -0.02250000089406967 -2.980225788373758e-11 0.003999996464699507
v -0.021398771554231644 0.006952881813049316 0.003999996464699507
v -0.02250000089406967 -2.980225788373758e-11 3.3378602104505717e-09
v -0.021398771554231644 0.006952881813049316 0.003999996464699507
v -0.021398771554231644 0.006952881813049316 3.3378602104505717e-09
v -0.021398771554231644 0.006952881813049316 3.3378602104505717e-09
v -0.021398771554231644 0.006952881813049316 0.003999996464699507
v -0.018202882260084152 0.013225167989730835 0.003999996464699507
v -0.021398771554231644 0.006952881813049316 3.3378602104505717e-09
v -0.018202882260084152 0.013225167989730835 0.003999996464699507
v -0.018202882260084152 0.013225167989730835 3.3378602104505717e-09
v -0.018202882260084152 0.013225167989730835 3.3378602104505717e-09
v -0.018202882260084152 0.013225167989730835 0.003999996464699507
v -0.013225167989730835 0.018202882260084152 0.003999996464699507
v -0.018202882260084152 0.013225167989730835 3.3378602104505717e-09
v -0.013225167989730835 0.018202882260084152 0.003999996464699507
v -0.013225167989730835 0.018202882260084152 3.3378602104505717e-09
v -0.013225167989730835 0.018202882260084152 3.3378602104505717e-09
v -0.013225167989730835 0.018202882260084152 0.003999996464699507
v -0.006952882278710604 0.021398771554231644 0.003999996464699507
v -0.013225167989730835 0.018202882260084152 3.3378602104505717e-09
v -0.006952882278710604 0.021398771554231644 0.003999996464699507
v -0.006952882278710604 0.021398771554231644 3.3378602104505717e-09
v -0.006952882278710604 0.021398771554231644 3.3378602104505717e-09
v -0.006952882278710604 0.021398771554231644 0.003999996464699507
v 4.3213368994265977e-10 0.022499999031424522 0.003999996464699507
v -0.006952882278710604 0.021398771554231644 3.3378602104505717e-09
v 4.3213368994265977e-10 0.022499999031424522 0.003999996464699507
v 4.3213368994265977e-10 0.022499999031424522 3.3378602104505717e-09
v 4.3213368994265977e-10 0.022499999031424522 3.3378602104505717e-09
v 4.3213368994265977e-10 0.022499999031424522 0.003999996464699507
v 0.006952882278710604 0.021398771554231644 0.003999996464699507
v 4.3213368994265977e-10 0.022499999031424522 3.3378602104505717e-09
v 0.006952882278710604 0.021398771554231644 0.003999996464699507
v 0.006952882278710604 0.021398771554231644 3.3378602104505717e-09
v 0.006952882278710604 0.021398771554231644 3.3378602104505717e-09
v 0.006952882278710604 0.021398771554231644 0.003999996464699507
v 0.013225167989730835 0.018202882260084152 0.003999996464699507
v 0.006952882278710604 0.021398771554231644 3.3378602104505717e-09
v 0.013225167989730835 0.018202882260084152 0.003999996464699507
v 0.013225167989730835 0.018202882260084152 3.3378602104505717e-09
v 0.013225167989730835 0.018202882260084152 3.3378602104505717e-09
v 0.013225167989730835 0.018202882260084152 0.003999996464699507
v 0.018202880397439003 0.013225167989730835 0.003999996464699507
v 0.013225167989730835 0.018202882260084152 3.3378602104505717e-09
v 0.018202880397439003 0.013225167989730835 0.003999996464699507
v 0.018202880397439003 0.013225167989730835 3.3378602104505717e-09
v 0.018202880397439003 0.013225167989730835 3.3378602104505717e-09
v 0.018202880397439003 0.013225167989730835 0.003999996464699507
v 0.021398769691586494 0.006952881813049316 0.003999996464699507
v 0.018202880397439003 0.013225167989730835 3.3378602104505717e-09
v 0.021398769691586494 0.006952881813049316 0.003999996464699507
v 0.021398769691586494 0.006952881813049316 3.3378602104505717e-09
v 0.021398769691586494 0.006952881813049316 3.3378602104505717e-09
v 0.021398769691586494 0.006952881813049316 0.003999996464699507
v 0.022499999031424522 -2.980227176152539e-11 0.003999996464699507
v 0.021398769691586494 0.006952881813049316 3.3378602104505717e-09
v 0.022499999031424522 -2.980227176152539e-11 0.003999996464699507
v 0.022499999031424522 -2.980227176152539e-11 3.3378602104505717e-09
v 0.022499999031424522 -2.980227176152539e-11 3.3378602104505717e-09
v 0.022499999031424522 -2.980227176152539e-11 0.003999996464699507
v 0.021398769691586494 -0.006952881813049316 0.003999996464699507
v -0.02250000089406967 -2.980225788373758e-11 0.003999996464699507
v -0.021398771554231644 -0.006952881813049316 0.003999996464699507
v 4.3213368994265977e-10 -2.980227176152539e-11 0.003999996464699507
v -0.02250000089406967 -2.980225788373758e-11 0.003999996464699507
v 4.3213368994265977e-10 -2.980227176152539e-11 0.003999996464699507
v -0.021398771554231644 0.006952881813049316 0.003999996464699507
v -0.006952882278710604 0.021398771554231644 0.003999996464699507
v -0.013225167989730835 0.018202882260084152 0.003999996464699507
v 4.3213368994265977e-10 -2.980227176152539e-11 0.003999996464699507
v 4.3213368994265977e-10 -2.980227176152539e-11 0.003999996464699507
v -0.013225167989730835 0.018202882260084152 0.003999996464699507
v -0.018202882260084152 0.013225167989730835 0.003999996464699507
v 4.3213368994265977e-10 -2.980227176152539e-11 0.003999996464699507
v -0.018202882260084152 0.013225167989730835 0.003999996464699507
v -0.021398771554231644 0.006952881813049316 0.003999996464699507
v 0.013225167989730835 0.018202882260084152 0.003999996464699507
v 0.006952882278710604 0.021398771554231644 0.003999996464699507
v 4.3213368994265977e-10 -2.980227176152539e-11 0.003999996464699507
v 4.3213368994265977e-10 -2.980227176152539e-11 0.003999996464699507
v 0.006952882278710604 0.021398771554231644 0.003999996464699507
v 4.3213368994265977e-10 0.022499999031424522 0.003999996464699507
v 4.3213368994265977e-10 -2.980227176152539e-11 0.003999996464699507
v 4.3213368994265977e-10 0.022499999031424522 0.003999996464699507
v -0.006952882278710604 0.021398771554231644 0.003999996464699507
v 0.022499999031424522 -2.980227176152539e-11 0.003999996464699507
v 0.021398769691586494 0.006952881813049316 0.003999996464699507
v 4.3213368994265977e-10 -2.980227176152539e-11 0.003999996464699507
v 4.3213368994265977e-10 -2.980227176152539e-11 0.003999996464699507
v 0.021398769691586494 0.006952881813049316 0.003999996464699507
v 0.018202880397439003 0.013225167989730835 0.003999996464699507
v 4.3213368994265977e-10 -2.980227176152539e-11 0.003999996464699507
v 0.018202880397439003 0.013225167989730835 0.003999996464699507
v 0.013225167989730835 0.018202882260084152 0.003999996464699507
v 0.013225167989730835 -0.018202882260084152 0.003999996464699507
v 0.018202880397439003 -0.013225167989730835 0.003999996464699507
v 4.3213368994265977e-10 -2.980227176152539e-11 0.003999996464699507
v 4.3213368994265977e-10 -2.980227176152539e-11 0.003999996464699507
v 0.018202880397439003 -0.013225167989730835 0.003999996464699507
v 0.021398769691586494 -0.006952881813049316 0.003999996464699507
v 4.3213368994265977e-10 -2.980227176152539e-11 0.003999996464699507
v 0.021398769691586494 -0.006952881813049316 0.003999996464699507
v 0.022499999031424522 -2.980227176152539e-11 0.003999996464699507
v -0.006952882278710604 -0.021398771554231644 0.003999996464699507
v 4.3213368994265977e-10 -0.02250000089406967 0.003999996464699507
v 4.3213368994265977e-10 -2.980227176152539e-11 0.003999996464699507
v 4.3213368994265977e-10 -2.980227176152539e-11 0.003999996464699507
v 4.3213368994265977e-10 -0.02250000089406967 0.003999996464699507
v 0.006952882278710604 -0.021398771554231644 0.003999996464699507
v 4.3213368994265977e-10 -2.980227176152539e-11 0.003999996464699507
v 0.006952882278710604 -0.021398771554231644 0.003999996464699507
v 0.013225167989730835 -0.018202882260084152 0.003999996464699507
v -0.021398771554231644 -0.006952881813049316 0.003999996464699507
v -0.018202882260084152 -0.013225167989730835 0.003999996464699507
v 4.3213368994265977e-10 -2.980227176152539e-11 0.003999996464699507
v 4.3213368994265977e-10 -2.980227176152539e-11 0.003999996464699507
v -0.018202882260084152 -0.013225167989730835 0.003999996464699507
v -0.013225167989730835 -0.018202882260084152 0.003999996464699507
v 4.3213368994265977e-10 -2.980227176152539e-11 0.003999996464699507
v -0.013225167989730835 -0.018202882260084152 0.003999996464699507
v -0.006952882278710604 -0.021398771554231644 0.003999996464699507
v -0.02434280328452587 0.03545000031590462 -0.09277772158384323
v -0.02434280328452587 0.04194999858736992 -0.09277772158384323
v -0.01954338699579239 0.04194999858736992 -0.09186307340860367
v -0.02434280328452587 0.03545000031590462 -0.09277772158384323
v -0.01954338699579239 0.04194999858736992 -0.09186307340860367
v -0.014670711942017078 0.03545000031590462 -0.09150529652833939
v -0.01954338699579239 0.04194999858736992 -0.09186307340860367
v -0.014670711942017078 0.04194999858736992 -0.09150529652833939
v -0.014670711942017078 0.03545000031590462 -0.09150529652833939
v -0.014670711942017078 0.03545000031590462 -0.09150529652833939
v -0.014670711942017078 0.04194999858736992 -0.09150529652833939
v -0.009789172559976578 0.04194999858736992 -0.09170911461114883
v -0.014670711942017078 0.03545000031590462 -0.09150529652833939
v -0.009789172559976578 0.04194999858736992 -0.09170911461114883
v -0.0049632820300757885 0.03545000031590462 -0.09247184544801712
v -0.009789172559976578 0.04194999858736992 -0.09170911461114883
v -0.0049632820300757885 0.04194999858736992 -0.09247184544801712
v -0.0049632820300757885 0.03545000031590462 -0.09247184544801712
v -0.0049632820300757885 0.03545000031590462 -0.09247184544801712
v -0.0049632820300757885 0.04194999858736992 -0.09247184544801712
v -0.00025681828265078366 0.04194999858736992 -0.09378340095281601
v -0.0049632820300757885 0.03545000031590462 -0.09247184544801712
v -0.00025681828265078366 0.04194999858736992 -0.09378340095281601
v 0.0042680189944803715 0.03545000031590462 -0.09562645107507706
v 0.0042680189944803715 0.03545000031590462 -0.09562645107507706
v -0.00025681828265078366 0.04194999858736992 -0.09378340095281601
v 0.0042680189944803715 0.04194999858736992 -0.09562645107507706
v 0.0042680189944803715 0.03545000031590462 -0.09562645107507706
v 0.0042680189944803715 0.04194999858736992 -0.09562645107507706
v 0.012536805123090744 0.03545000031590462 -0.10080289095640182
v 0.012536805123090744 0.03545000031590462 -0.10080289095640182
v 0.0042680189944803715 0.04194999858736992 -0.09562645107507706
v 0.008551428094506264 0.04194999858736992 -0.09797663241624832
v 0.008551428094506264 0.04194999858736992 -0.09797663241624832
v 0.012536805123090744 0.04194999858736992 -0.10080289095640182
v 0.012536805123090744 0.03545000031590462 -0.10080289095640182
v 0.012536805123090744 0.03545000031590462 -0.10080289095640182
v 0.012536805123090744 0.04194999858736992 -0.10080289095640182
v 0.016171477735042572 0.04194999858736992 -0.10406787693500519
v 0.012536805123090744 0.03545000031590462 -0.10080289095640182
v 0.016171477735042572 0.04194999858736992 -0.10406787693500519
v 0.01940741203725338 0.03545000031590462 -0.10772843658924103
v 0.01940741203725338 0.03545000031590462 -0.10772843658924103
v 0.016171477735042572 0.04194999858736992 -0.10406787693500519
v 0.01940741203725338 0.04194999858736992 -0.10772843658924103
v 0.01940741203725338 0.03545000031590462 -0.10772843658924103
v 0.01940741203725338 0.04194999858736992 -0.10772843658924103
v 0.024517832323908806 0.03545000031590462 -0.11603819578886032
v 0.024517832323908806 0.03545000031590462 -0.11603819578886032
v 0.01940741203725338 0.04194999858736992 -0.10772843658924103
v 0.022201837971806526 0.04194999858736992 -0.11173620074987411
v 0.022201837971806526 0.04194999858736992 -0.11173620074987411
v 0.024517832323908806 0.04194999858736992 -0.11603819578886032
v 0.024517832323908806 0.03545000031590462 -0.11603819578886032
v 0.024517832323908806 0.03545000031590462 -0.11603819578886032
v 0.024517832323908806 0.04194999858736992 -0.11603819578886032
v 0.026324784383177757 0.04194999858736992 -0.12057756632566452
v 0.024517832323908806 0.03545000031590462 -0.11603819578886032
v 0.026324784383177757 0.04194999858736992 -0.12057756632566452
v 0.02759881131350994 0.03545000031590462 -0.12529432773590088
v 0.026324784383177757 0.04194999858736992 -0.12057756632566452
v 0.02759881131350994 0.04194999858736992 -0.12529432773590088
v 0.02759881131350994 0.03545000031590462 -0.12529432773590088
v 0.02759881131350994 0.03545000031590462 -0.12529432773590088
v 0.02759881131350994 0.04194999858736992 -0.12529432773590088
v 0.028323082253336906 0.04194999858736992 -0.13012613356113434
v 0.02759881131350994 0.03545000031590462 -0.12529432773590088
v 0.028323082253336906 0.04194999858736992 -0.13012613356113434
v 0.02848801575601101 0.03545000031590462 -0.13500913977622986
v 0.028323082253336906 0.04194999858736992 -0.13012613356113434
v 0.02848801575601101 0.04194999858736992 -0.13500913977622986
v 0.02848801575601101 0.03545000031590462 -0.13500913977622986
v 0.02848801575601101 0.03545000031590462 -0.13500913977622986
v 0.02848801575601101 0.04194999858736992 -0.13500913977622986
v 0.028091439977288246 0.04194999858736992 -0.13987880945205688
v 0.02848801575601101 0.03545000031590462 -0.13500913977622986
v 0.028091439977288246 0.04194999858736992 -0.13987880945205688
v 0.027138596400618553 0.03545000031590462 -0.14467079937458038
v 0.02362164668738842 0.04194999858736992 -0.15377022325992584
v 0.02362164668738842 0.03545000031590462 -0.15377022325992584
v 0.025642072781920433 0.04194999858736992 -0.1493217498064041
v 0.025642072781920433 0.04194999858736992 -0.1493217498064041
v 0.02362164668738842 0.03545000031590462 -0.15377022325992584
v 0.027138596400618553 0.03545000031590462 -0.14467079937458038
v 0.025642072781920433 0.04194999858736992 -0.1493217498064041
v 0.027138596400618553 0.03545000031590462 -0.14467079937458038
v 0.027138596400618553 0.04194999858736992 -0.14467079937458038
v 0.027138596400618553 0.04194999858736992 -0.14467079937458038
v 0.027138596400618553 0.03545000031590462 -0.14467079937458038
v 0.028091439977288246 0.04194999858736992 -0.13987880945205688
v -0.034638531506061554 0.04194999858736992 -0.08770960569381714
v -0.024690065532922745 0.04194999858736992 -0.09273897111415863
v -0.024690065532922745 0.03545000031590462 -0.09273897111415863
v -0.034638531506061554 0.04194999858736992 -0.08770960569381714
v -0.024690065532922745 0.03545000031590462 -0.09273897111415863
v -0.03575408458709717 0.04175439104437828 -0.08714564889669418
v -0.03748876601457596 0.03545000031590462 -0.08626869320869446
v -0.03748876601457596 0.03945000097155571 -0.08626869320869446
v -0.024690065532922745 0.03545000031590462 -0.09273897111415863
v -0.024690065532922745 0.03545000031590462 -0.09273897111415863
v -0.03748876601457596 0.03945000097155571 -0.08626869320869446
v -0.03742499276995659 0.039979614317417145 -0.08630093187093735
v -0.03742499276995659 0.039979614317417145 -0.08630093187093735
v -0.03714945539832115 0.040640223771333694 -0.08644022792577744
v -0.024690065532922745 0.03545000031590462 -0.09273897111415863
v -0.024690065532922745 0.03545000031590462 -0.09273897111415863
v -0.03714945539832115 0.040640223771333694 -0.08644022792577744
v -0.03661361709237099 0.04126007482409477 -0.08671111613512039
v -0.024690065532922745 0.03545000031590462 -0.09273897111415863
v -0.03661361709237099 0.04126007482409477 -0.08671111613512039
v -0.03575408458709717 0.04175439104437828 -0.08714564889669418
v 0.026739096269011497 0.040771305561065674 -0.16761629283428192
v 0.02611946128308773 0.04194999858736992 -0.16497060656547546
v 0.026613151654601097 0.041295453906059265 -0.16707853972911835
v 0.026613151654601097 0.041295453906059265 -0.16707853972911835
v 0.02611946128308773 0.04194999858736992 -0.16497060656547546
v 0.02638462744653225 0.04178182780742645 -0.1661028116941452
v 0.023577431216835976 0.03545000031590462 -0.15411682426929474
v 0.023577431216835976 0.04194999858736992 -0.15411682426929474
v 0.026847751811146736 0.03545000031590462 -0.16808021068572998
v 0.026847751811146736 0.03545000031590462 -0.16808021068572998
v 0.023577431216835976 0.04194999858736992 -0.15411682426929474
v 0.02611946128308773 0.04194999858736992 -0.16497060656547546
v 0.026847751811146736 0.03545000031590462 -0.16808021068572998
v 0.02611946128308773 0.04194999858736992 -0.16497060656547546
v 0.026847751811146736 0.03945000097155571 -0.16808021068572998
v 0.026847751811146736 0.03945000097155571 -0.16808021068572998
v 0.02611946128308773 0.04194999858736992 -0.16497060656547546
v 0.026739096269011497 0.040771305561065674 -0.16761629283428192
v 0.026847751811146736 0.03945000097155571 -0.16808021068572998
v 0.026739096269011497 0.040771305561065674 -0.16761629283428192
v 0.026818858459591866 0.040152035653591156 -0.16795684397220612
v 0.020605040714144707 0.03545000031590462 -0.17480124533176422
v 0.011763496324419975 0.03545000031590462 -0.1808880865573883
v 0.0018848166801035404 0.03545000031590462 -0.1850873976945877
v -0.04549216106534004 0.03545000031590462 -0.0907507985830307
v -0.03771241754293442 0.03545000031590462 -0.08604198694229126
v -0.03765879198908806 0.03545000031590462 -0.08612823486328125
v -0.06564030796289444 0.03545000031590462 -0.14798316359519958
v -0.06739230453968048 0.03545000031590462 -0.13739292323589325
v 0.023568274453282356 0.03545000031590462 -0.15393953025341034
v -0.03748876601457596 0.03545000031590462 -0.08626869320869446
v -0.024690065532922745 0.03545000031590462 -0.09273897111415863
v -0.06739230453968048 0.03545000031590462 -0.13739292323589325
v -0.06739230453968048 0.03545000031590462 -0.13739292323589325
v -0.024690065532922745 0.03545000031590462 -0.09273897111415863
v -0.02451992966234684 0.03545000031590462 -0.0927896723151207
v -0.06739230453968048 0.03545000031590462 -0.13739292323589325
v -0.02451992966234684 0.03545000031590462 -0.0927896723151207
v 0.023568274453282356 0.03545000031590462 -0.15393953025341034
v 0.023568274453282356 0.03545000031590462 -0.15393953025341034
v -0.02451992966234684 0.03545000031590462 -0.0927896723151207
v -0.02434280328452587 0.03545000031590462 -0.09277772158384323
v 0.023568274453282356 0.03545000031590462 -0.15393953025341034
v -0.02434280328452587 0.03545000031590462 -0.09277772158384323
v 0.02362164668738842 0.03545000031590462 -0.15377022325992584
v -0.03976421430706978 0.03545000031590462 -0.18088768422603607
v 0.023577431216835976 0.03545000031590462 -0.15411682426929474
v -0.02988560125231743 0.03545000031590462 -0.1850871592760086
v -0.02988560125231743 0.03545000031590462 -0.1850871592760086
v 0.023577431216835976 0.03545000031590462 -0.15411682426929474
v 0.026847751811146736 0.03545000031590462 -0.16808021068572998
v -0.02988560125231743 0.03545000031590462 -0.1850871592760086
v 0.026847751811146736 0.03545000031590462 -0.16808021068572998
v -0.01936749741435051 0.03545000031590462 -0.18723006546497345
v -0.03976421430706978 0.03545000031590462 -0.18088768422603607
v -0.04860566556453705 0.03545000031590462 -0.17480070888996124
v 0.023577431216835976 0.03545000031590462 -0.15411682426929474
v 0.023577431216835976 0.03545000031590462 -0.15411682426929474
v -0.04860566556453705 0.03545000031590462 -0.17480070888996124
v -0.05605403333902359 0.03545000031590462 -0.16707125306129456
v 0.023577431216835976 0.03545000031590462 -0.15411682426929474
v -0.05605403333902359 0.03545000031590462 -0.16707125306129456
v 0.023568274453282356 0.03545000031590462 -0.15393953025341034
v 0.023568274453282356 0.03545000031590462 -0.15393953025341034
v -0.05605403333902359 0.03545000031590462 -0.16707125306129456
v -0.0618094764649868 0.03545000031590462 -0.15801049768924713
v 0.023568274453282356 0.03545000031590462 -0.15393953025341034
v -0.0618094764649868 0.03545000031590462 -0.15801049768924713
v -0.06564030796289444 0.03545000031590462 -0.14798316359519958
v 0.027015333995223045 0.03545000031590462 -0.16835100948810577
v 0.020605040714144707 0.03545000031590462 -0.17480124533176422
v 0.02694416232407093 0.03545000031590462 -0.16827857494354248
v 0.02694416232407093 0.03545000031590462 -0.16827857494354248
v 0.020605040714144707 0.03545000031590462 -0.17480124533176422
v 0.0018848166801035404 0.03545000031590462 -0.1850873976945877
v 0.02694416232407093 0.03545000031590462 -0.16827857494354248
v 0.0018848166801035404 0.03545000031590462 -0.1850873976945877
v 0.026847751811146736 0.03545000031590462 -0.16808021068572998
v 0.026847751811146736 0.03545000031590462 -0.16808021068572998
v 0.0018848166801035404 0.03545000031590462 -0.1850873976945877
v -0.008633319288492203 0.03545000031590462 -0.1872301548719406
v 0.026847751811146736 0.03545000031590462 -0.16808021068572998
v -0.008633319288492203 0.03545000031590462 -0.1872301548719406
v -0.01936749741435051 0.03545000031590462 -0.18723006546497345
v -0.0534919798374176 0.03545000031590462 -0.09790799021720886
v -0.04549216106534004 0.03545000031590462 -0.0907507985830307
v -0.05990201607346535 0.03545000031590462 -0.10651809722185135
v -0.05990201607346535 0.03545000031590462 -0.10651809722185135
v -0.04549216106534004 0.03545000031590462 -0.0907507985830307
v -0.03765879198908806 0.03545000031590462 -0.08612823486328125
v -0.05990201607346535 0.03545000031590462 -0.10651809722185135
v -0.03765879198908806 0.03545000031590462 -0.08612823486328125
v -0.06446422636508942 0.03545000031590462 -0.11623452603816986
v -0.06446422636508942 0.03545000031590462 -0.11623452603816986
v -0.03765879198908806 0.03545000031590462 -0.08612823486328125
v -0.03748876601457596 0.03545000031590462 -0.08626869320869446
v -0.06446422636508942 0.03545000031590462 -0.11623452603816986
v -0.03748876601457596 0.03545000031590462 -0.08626869320869446
v -0.06699494272470474 0.03545000031590462 -0.1266661137342453
v -0.06699494272470474 0.03545000031590462 -0.1266661137342453
v -0.03748876601457596 0.03545000031590462 -0.08626869320869446
v -0.06739230453968048 0.03545000031590462 -0.13739292323589325
v 0.02759881131350994 0.03545000031590462 -0.12529432773590088
v 0.02848801575601101 0.03545000031590462 -0.13500913977622986
v -0.02434280328452587 0.03545000031590462 -0.09277772158384323
v -0.02434280328452587 0.03545000031590462 -0.09277772158384323
v 0.02848801575601101 0.03545000031590462 -0.13500913977622986
v 0.027138596400618553 0.03545000031590462 -0.14467079937458038
v -0.02434280328452587 0.03545000031590462 -0.09277772158384323
v 0.027138596400618553 0.03545000031590462 -0.14467079937458038
v 0.02362164668738842 0.03545000031590462 -0.15377022325992584
v -0.02434280328452587 0.03545000031590462 -0.09277772158384323
v -0.014670711942017078 0.03545000031590462 -0.09150529652833939
v 0.02759881131350994 0.03545000031590462 -0.12529432773590088
v 0.02759881131350994 0.03545000031590462 -0.12529432773590088
v -0.014670711942017078 0.03545000031590462 -0.09150529652833939
v -0.0049632820300757885 0.03545000031590462 -0.09247184544801712
v 0.02759881131350994 0.03545000031590462 -0.12529432773590088
v -0.0049632820300757885 0.03545000031590462 -0.09247184544801712
v 0.0042680189944803715 0.03545000031590462 -0.09562645107507706
v 0.0042680189944803715 0.03545000031590462 -0.09562645107507706
v 0.012536805123090744 0.03545000031590462 -0.10080289095640182
v 0.02759881131350994 0.03545000031590462 -0.12529432773590088
v 0.02759881131350994 0.03545000031590462 -0.12529432773590088
v 0.012536805123090744 0.03545000031590462 -0.10080289095640182
v 0.01940741203725338 0.03545000031590462 -0.10772843658924103
v 0.02759881131350994 0.03545000031590462 -0.12529432773590088
v 0.01940741203725338 0.03545000031590462 -0.10772843658924103
v 0.024517832323908806 0.03545000031590462 -0.11603819578886032
v 0.02362164668738842 -0.03545000031590462 -0.15377022325992584
v 0.02362164668738842 -0.04194999858736992 -0.15377022325992584
v 0.027138596400618553 -0.03545000031590462 -0.14467079937458038
v 0.027138596400618553 -0.03545000031590462 -0.14467079937458038
v 0.02362164668738842 -0.04194999858736992 -0.15377022325992584
v 0.025642072781920433 -0.04194999858736992 -0.1493217498064041
v 0.025642072781920433 -0.04194999858736992 -0.1493217498064041
v 0.027138596400618553 -0.04194999858736992 -0.14467079937458038
v 0.027138596400618553 -0.03545000031590462 -0.14467079937458038
v 0.027138596400618553 -0.03545000031590462 -0.14467079937458038
v 0.027138596400618553 -0.04194999858736992 -0.14467079937458038
v 0.028091439977288246 -0.04194999858736992 -0.13987880945205688
v 0.027138596400618553 -0.03545000031590462 -0.14467079937458038
v 0.028091439977288246 -0.04194999858736992 -0.13987880945205688
v 0.02848801575601101 -0.03545000031590462 -0.13500913977622986
v 0.02848801575601101 -0.03545000031590462 -0.13500913977622986
v 0.028091439977288246 -0.04194999858736992 -0.13987880945205688
v 0.02848801575601101 -0.04194999858736992 -0.13500913977622986
v 0.02848801575601101 -0.03545000031590462 -0.13500913977622986
v 0.02848801575601101 -0.04194999858736992 -0.13500913977622986
v 0.02759881131350994 -0.03545000031590462 -0.12529432773590088
v 0.02759881131350994 -0.03545000031590462 -0.12529432773590088
v 0.02848801575601101 -0.04194999858736992 -0.13500913977622986
v 0.028323082253336906 -0.04194999858736992 -0.13012613356113434
v 0.028323082253336906 -0.04194999858736992 -0.13012613356113434
v 0.02759881131350994 -0.04194999858736992 -0.12529432773590088
v 0.02759881131350994 -0.03545000031590462 -0.12529432773590088
v 0.02759881131350994 -0.03545000031590462 -0.12529432773590088
v 0.02759881131350994 -0.04194999858736992 -0.12529432773590088
v 0.026324784383177757 -0.04194999858736992 -0.12057756632566452
v 0.02759881131350994 -0.03545000031590462 -0.12529432773590088
v 0.026324784383177757 -0.04194999858736992 -0.12057756632566452
v 0.024517832323908806 -0.03545000031590462 -0.11603819578886032
v 0.024517832323908806 -0.03545000031590462 -0.11603819578886032
v 0.026324784383177757 -0.04194999858736992 -0.12057756632566452
v 0.024517832323908806 -0.04194999858736992 -0.11603819578886032
v 0.024517832323908806 -0.03545000031590462 -0.11603819578886032
v 0.024517832323908806 -0.04194999858736992 -0.11603819578886032
v 0.01940741203725338 -0.03545000031590462 -0.10772843658924103
v 0.01940741203725338 -0.03545000031590462 -0.10772843658924103
v 0.024517832323908806 -0.04194999858736992 -0.11603819578886032
v 0.022201837971806526 -0.04194999858736992 -0.11173620074987411
v 0.022201837971806526 -0.04194999858736992 -0.11173620074987411
v 0.01940741203725338 -0.04194999858736992 -0.10772843658924103
v 0.01940741203725338 -0.03545000031590462 -0.10772843658924103
v 0.01940741203725338 -0.03545000031590462 -0.10772843658924103
v 0.01940741203725338 -0.04194999858736992 -0.10772843658924103
v 0.016171477735042572 -0.04194999858736992 -0.10406787693500519
v 0.01940741203725338 -0.03545000031590462 -0.10772843658924103
v 0.016171477735042572 -0.04194999858736992 -0.10406787693500519
v 0.012536805123090744 -0.03545000031590462 -0.10080289095640182
v 0.012536805123090744 -0.03545000031590462 -0.10080289095640182
v 0.016171477735042572 -0.04194999858736992 -0.10406787693500519
v 0.012536805123090744 -0.04194999858736992 -0.10080289095640182
v 0.012536805123090744 -0.03545000031590462 -0.10080289095640182
v 0.012536805123090744 -0.04194999858736992 -0.10080289095640182
v 0.0042680189944803715 -0.03545000031590462 -0.09562645107507706
v 0.012536805123090744 -0.04194999858736992 -0.10080289095640182
v 0.008551428094506264 -0.04194999858736992 -0.09797663241624832
v 0.0042680189944803715 -0.03545000031590462 -0.09562645107507706
v 0.0042680189944803715 -0.03545000031590462 -0.09562645107507706
v 0.008551428094506264 -0.04194999858736992 -0.09797663241624832
v 0.0042680189944803715 -0.04194999858736992 -0.09562645107507706
v 0.0042680189944803715 -0.03545000031590462 -0.09562645107507706
v 0.0042680189944803715 -0.04194999858736992 -0.09562645107507706
v -0.0049632820300757885 -0.03545000031590462 -0.09247184544801712
v -0.0049632820300757885 -0.03545000031590462 -0.09247184544801712
v 0.0042680189944803715 -0.04194999858736992 -0.09562645107507706
v -0.00025681828265078366 -0.04194999858736992 -0.09378340095281601
v -0.00025681828265078366 -0.04194999858736992 -0.09378340095281601
v -0.0049632820300757885 -0.04194999858736992 -0.09247184544801712
v -0.0049632820300757885 -0.03545000031590462 -0.09247184544801712
v -0.0049632820300757885 -0.03545000031590462 -0.09247184544801712
v -0.0049632820300757885 -0.04194999858736992 -0.09247184544801712
v -0.009789172559976578 -0.04194999858736992 -0.09170911461114883
v -0.0049632820300757885 -0.03545000031590462 -0.09247184544801712
v -0.009789172559976578 -0.04194999858736992 -0.09170911461114883
v -0.014670711942017078 -0.03545000031590462 -0.09150529652833939
v -0.02434280328452587 -0.04194999858736992 -0.09277772158384323
v -0.02434280328452587 -0.03545000031590462 -0.09277772158384323
v -0.01954338699579239 -0.04194999858736992 -0.09186307340860367
v -0.01954338699579239 -0.04194999858736992 -0.09186307340860367
v -0.02434280328452587 -0.03545000031590462 -0.09277772158384323
v -0.014670711942017078 -0.03545000031590462 -0.09150529652833939
v -0.01954338699579239 -0.04194999858736992 -0.09186307340860367
v -0.014670711942017078 -0.03545000031590462 -0.09150529652833939
v -0.014670711942017078 -0.04194999858736992 -0.09150529652833939
v -0.014670711942017078 -0.04194999858736992 -0.09150529652833939
v -0.014670711942017078 -0.03545000031590462 -0.09150529652833939
v -0.009789172559976578 -0.04194999858736992 -0.09170911461114883
v 0.02611946128308773 -0.04194999858736992 -0.16497060656547546
v 0.023577431216835976 -0.04194999858736992 -0.15411682426929474
v 0.023577431216835976 -0.03545000031590462 -0.15411682426929474
v 0.02611946128308773 -0.04194999858736992 -0.16497060656547546
v 0.023577431216835976 -0.03545000031590462 -0.15411682426929474
v 0.026404505595564842 -0.04175439104437828 -0.16618767380714417
v 0.026847751811146736 -0.03545000031590462 -0.16808021068572998
v 0.026847751811146736 -0.03945000097155571 -0.16808021068572998
v 0.023577431216835976 -0.03545000031590462 -0.15411682426929474
v 0.023577431216835976 -0.03545000031590462 -0.15411682426929474
v 0.026847751811146736 -0.03945000097155571 -0.16808021068572998
v 0.026831457391381264 -0.03997961804270744 -0.1680106371641159
v 0.026831457391381264 -0.03997961804270744 -0.1680106371641159
v 0.026761053130030632 -0.040640223771333694 -0.16771003603935242
v 0.023577431216835976 -0.03545000031590462 -0.15411682426929474
v 0.023577431216835976 -0.03545000031590462 -0.15411682426929474
v 0.026761053130030632 -0.040640223771333694 -0.16771003603935242
v 0.026624133810400963 -0.04126007482409477 -0.16712543368339539
v 0.023577431216835976 -0.03545000031590462 -0.15411682426929474
v 0.026624133810400963 -0.04126007482409477 -0.16712543368339539
v 0.026404505595564842 -0.04175439104437828 -0.16618767380714417
v -0.03706353157758713 -0.040771301835775375 -0.0864836648106575
v -0.034638531506061554 -0.04194999858736992 -0.08770960569381714
v -0.03657063469290733 -0.041295457631349564 -0.08673284202814102
v -0.03657063469290733 -0.041295457631349564 -0.08673284202814102
v -0.034638531506061554 -0.04194999858736992 -0.08770960569381714
v -0.03567628934979439 -0.04178183153271675 -0.08718497306108475
v -0.024690065532922745 -0.03545000031590462 -0.09273897111415863
v -0.024690065532922745 -0.04194999858736992 -0.09273897111415863
v -0.03748876601457596 -0.03545000031590462 -0.08626869320869446
v -0.03748876601457596 -0.03545000031590462 -0.08626869320869446
v -0.024690065532922745 -0.04194999858736992 -0.09273897111415863
v -0.034638531506061554 -0.04194999858736992 -0.08770960569381714
v -0.03748876601457596 -0.03545000031590462 -0.08626869320869446
v -0.034638531506061554 -0.04194999858736992 -0.08770960569381714
v -0.03748876601457596 -0.03945000097155571 -0.08626869320869446
v -0.03748876601457596 -0.03945000097155571 -0.08626869320869446
v -0.034638531506061554 -0.04194999858736992 -0.08770960569381714
v -0.03706353157758713 -0.040771301835775375 -0.0864836648106575
v -0.03748876601457596 -0.03945000097155571 -0.08626869320869446
v -0.03706353157758713 -0.040771301835775375 -0.0864836648106575
v -0.03737568482756615 -0.040152039378881454 -0.08632586151361465
v -0.04549216106534004 -0.03545000031590462 -0.0907507985830307
v -0.0534919798374176 -0.03545000031590462 -0.09790799021720886
v -0.05990201607346535 -0.03545000031590462 -0.10651809722185135
v 0.020605040714144707 -0.03545000031590462 -0.17480124533176422
v 0.027015333995223045 -0.03545000031590462 -0.16835100948810577
v 0.02694416232407093 -0.03545000031590462 -0.16827857494354248
v -0.02434280328452587 -0.03545000031590462 -0.09277772158384323
v -0.02451992966234684 -0.03545000031590462 -0.0927896723151207
v -0.06739230453968048 -0.03545000031590462 -0.13739292323589325
v -0.02451992966234684 -0.03545000031590462 -0.0927896723151207
v -0.024690065532922745 -0.03545000031590462 -0.09273897111415863
v -0.06739230453968048 -0.03545000031590462 -0.13739292323589325
v -0.06739230453968048 -0.03545000031590462 -0.13739292323589325
v -0.024690065532922745 -0.03545000031590462 -0.09273897111415863
v -0.03748876601457596 -0.03545000031590462 -0.08626869320869446
v -0.06739230453968048 -0.03545000031590462 -0.13739292323589325
v -0.03748876601457596 -0.03545000031590462 -0.08626869320869446
v -0.06699494272470474 -0.03545000031590462 -0.1266661137342453
v 0.011763496324419975 -0.03545000031590462 -0.1808880865573883
v 0.020605040714144707 -0.03545000031590462 -0.17480124533176422
v 0.0018848166801035404 -0.03545000031590462 -0.1850873976945877
v 0.0018848166801035404 -0.03545000031590462 -0.1850873976945877
v 0.020605040714144707 -0.03545000031590462 -0.17480124533176422
v 0.02694416232407093 -0.03545000031590462 -0.16827857494354248
v 0.0018848166801035404 -0.03545000031590462 -0.1850873976945877
v 0.02694416232407093 -0.03545000031590462 -0.16827857494354248
v -0.008633319288492203 -0.03545000031590462 -0.1872301548719406
v -0.008633319288492203 -0.03545000031590462 -0.1872301548719406
v 0.02694416232407093 -0.03545000031590462 -0.16827857494354248
v 0.026847751811146736 -0.03545000031590462 -0.16808021068572998
v -0.008633319288492203 -0.03545000031590462 -0.1872301548719406
v 0.026847751811146736 -0.03545000031590462 -0.16808021068572998
v -0.01936749741435051 -0.03545000031590462 -0.18723006546497345
v 0.0042680189944803715 -0.03545000031590462 -0.09562645107507706
v -0.0049632820300757885 -0.03545000031590462 -0.09247184544801712
v 0.02362164668738842 -0.03545000031590462 -0.15377022325992584
v -0.03771241754293442 -0.03545000031590462 -0.08604198694229126
v -0.04549216106534004 -0.03545000031590462 -0.0907507985830307
v -0.03765879198908806 -0.03545000031590462 -0.08612823486328125
v -0.03765879198908806 -0.03545000031590462 -0.08612823486328125
v -0.04549216106534004 -0.03545000031590462 -0.0907507985830307
v -0.05990201607346535 -0.03545000031590462 -0.10651809722185135
v -0.03765879198908806 -0.03545000031590462 -0.08612823486328125
v -0.05990201607346535 -0.03545000031590462 -0.10651809722185135
v -0.03748876601457596 -0.03545000031590462 -0.08626869320869446
v -0.03748876601457596 -0.03545000031590462 -0.08626869320869446
v -0.05990201607346535 -0.03545000031590462 -0.10651809722185135
v -0.06446422636508942 -0.03545000031590462 -0.11623452603816986
v -0.03748876601457596 -0.03545000031590462 -0.08626869320869446
v -0.06446422636508942 -0.03545000031590462 -0.11623452603816986
v -0.06699494272470474 -0.03545000031590462 -0.1266661137342453
v -0.05605403333902359 -0.03545000031590462 -0.16707125306129456
v -0.04860566556453705 -0.03545000031590462 -0.17480070888996124
v 0.023577431216835976 -0.03545000031590462 -0.15411682426929474
v 0.023577431216835976 -0.03545000031590462 -0.15411682426929474
v -0.04860566556453705 -0.03545000031590462 -0.17480070888996124
v -0.03976421430706978 -0.03545000031590462 -0.18088768422603607
v 0.023577431216835976 -0.03545000031590462 -0.15411682426929474
v -0.03976421430706978 -0.03545000031590462 -0.18088768422603607
v 0.026847751811146736 -0.03545000031590462 -0.16808021068572998
v 0.026847751811146736 -0.03545000031590462 -0.16808021068572998
v -0.03976421430706978 -0.03545000031590462 -0.18088768422603607
v -0.02988560125231743 -0.03545000031590462 -0.1850871592760086
v 0.026847751811146736 -0.03545000031590462 -0.16808021068572998
v -0.02988560125231743 -0.03545000031590462 -0.1850871592760086
v -0.01936749741435051 -0.03545000031590462 -0.18723006546497345
v -0.05605403333902359 -0.03545000031590462 -0.16707125306129456
v 0.023577431216835976 -0.03545000031590462 -0.15411682426929474
v -0.0618094764649868 -0.03545000031590462 -0.15801049768924713
v -0.0618094764649868 -0.03545000031590462 -0.15801049768924713
v 0.023577431216835976 -0.03545000031590462 -0.15411682426929474
v 0.023568274453282356 -0.03545000031590462 -0.15393953025341034
v -0.0618094764649868 -0.03545000031590462 -0.15801049768924713
v 0.023568274453282356 -0.03545000031590462 -0.15393953025341034
v -0.06564030796289444 -0.03545000031590462 -0.14798316359519958
v -0.0049632820300757885 -0.03545000031590462 -0.09247184544801712
v -0.014670711942017078 -0.03545000031590462 -0.09150529652833939
v 0.02362164668738842 -0.03545000031590462 -0.15377022325992584
v 0.02362164668738842 -0.03545000031590462 -0.15377022325992584
v -0.014670711942017078 -0.03545000031590462 -0.09150529652833939
v -0.02434280328452587 -0.03545000031590462 -0.09277772158384323
v 0.02362164668738842 -0.03545000031590462 -0.15377022325992584
v -0.02434280328452587 -0.03545000031590462 -0.09277772158384323
v 0.023568274453282356 -0.03545000031590462 -0.15393953025341034
v 0.023568274453282356 -0.03545000031590462 -0.15393953025341034
v -0.02434280328452587 -0.03545000031590462 -0.09277772158384323
v -0.06739230453968048 -0.03545000031590462 -0.13739292323589325
v 0.023568274453282356 -0.03545000031590462 -0.15393953025341034
v -0.06739230453968048 -0.03545000031590462 -0.13739292323589325
v -0.06564030796289444 -0.03545000031590462 -0.14798316359519958
v 0.027138596400618553 -0.03545000031590462 -0.14467079937458038
v 0.02848801575601101 -0.03545000031590462 -0.13500913977622986
v 0.02362164668738842 -0.03545000031590462 -0.15377022325992584
v 0.02362164668738842 -0.03545000031590462 -0.15377022325992584
v 0.02848801575601101 -0.03545000031590462 -0.13500913977622986
v 0.02759881131350994 -0.03545000031590462 -0.12529432773590088
v 0.02362164668738842 -0.03545000031590462 -0.15377022325992584
v 0.02759881131350994 -0.03545000031590462 -0.12529432773590088
v 0.024517832323908806 -0.03545000031590462 -0.11603819578886032
v 0.024517832323908806 -0.03545000031590462 -0.11603819578886032
v 0.01940741203725338 -0.03545000031590462 -0.10772843658924103
v 0.02362164668738842 -0.03545000031590462 -0.15377022325992584
v 0.02362164668738842 -0.03545000031590462 -0.15377022325992584
v 0.01940741203725338 -0.03545000031590462 -0.10772843658924103
v 0.012536805123090744 -0.03545000031590462 -0.10080289095640182
v 0.02362164668738842 -0.03545000031590462 -0.15377022325992584
v 0.012536805123090744 -0.03545000031590462 -0.10080289095640182
v 0.0042680189944803715 -0.03545000031590462 -0.09562645107507706
v 0.02694416232407093 0.03945000097155571 -0.16827857494354248
v 0.027116527780890465 0.03945000097155571 -0.16841614246368408
v 0.027015333995223045 0.03545000031590462 -0.16835100948810577
v 0.027015333995223045 0.03545000031590462 -0.16835100948810577
v 0.027116527780890465 0.03945000097155571 -0.16841614246368408
v 0.027116527780890465 0.035330601036548615 -0.16841614246368408
v 0.027116527780890465 0.035330601036548615 -0.16841614246368408
v 0.027116527780890465 0.03945000097155571 -0.16841614246368408
v 0.027331313118338585 0.03945000097155571 -0.16846619546413422
v 0.027116527780890465 0.035330601036548615 -0.16841614246368408
v 0.027331313118338585 0.03945000097155571 -0.16846619546413422
v 0.027331313118338585 0.035133685916662216 -0.16846619546413422
v 0.027331313118338585 0.035133685916662216 -0.16846619546413422
v 0.027331313118338585 0.03945000097155571 -0.16846619546413422
v 0.027546735480427742 0.03945000097155571 -0.16841895878314972
v 0.027331313118338585 0.035133685916662216 -0.16846619546413422
v 0.027546735480427742 0.03945000097155571 -0.16841895878314972
v 0.027546735480427742 0.03499820828437805 -0.16841895878314972
v 0.027546735480427742 0.03499820828437805 -0.16841895878314972
v 0.027546735480427742 0.03945000097155571 -0.16841895878314972
v 0.02763957716524601 0.034962695091962814 -0.16836240887641907
v 0.02763957716524601 0.034962695091962814 -0.16836240887641907
v 0.027546735480427742 0.03945000097155571 -0.16841895878314972
v 0.02772088162600994 0.03945000097155571 -0.1682836413383484
v 0.02763957716524601 0.034962695091962814 -0.16836240887641907
v 0.02772088162600994 0.03945000097155571 -0.1682836413383484
v 0.02772088162600994 0.034949999302625656 -0.1682836413383484
v 0.027015333995223045 0.03545000031590462 -0.16835100948810577
v 0.02694416232407093 0.03545000031590462 -0.16827857494354248
v 0.02694416232407093 0.03945000097155571 -0.16827857494354248
v 0.02694416232407093 0.03945000097155571 -0.16827857494354248
v 0.02694416232407093 0.03545000031590462 -0.16827857494354248
v 0.026847751811146736 0.03545000031590462 -0.16808021068572998
v 0.02694416232407093 0.03945000097155571 -0.16827857494354248
v 0.026847751811146736 0.03545000031590462 -0.16808021068572998
v 0.026847751811146736 0.03945000097155571 -0.16808021068572998
v 0.026427367702126503 0.04195034131407738 -0.1661449521780014
v 0.02638462744653225 0.04178182780742645 -0.1661028116941452
v 0.02611946128308773 0.04194999858736992 -0.16497060656547546
v 0.026606285944581032 0.04244999960064888 -0.16485659778118134
v 0.027013426646590233 0.0422481931746006 -0.1660999059677124
v 0.026455851271748543 0.042425528168678284 -0.1648918241262436
v 0.026455851271748543 0.042425528168678284 -0.1648918241262436
v 0.027013426646590233 0.0422481931746006 -0.1660999059677124
v 0.02684001810848713 0.042256392538547516 -0.16614305973052979
v 0.026455851271748543 0.042425528168678284 -0.1648918241262436
v 0.02684001810848713 0.042256392538547516 -0.16614305973052979
v 0.026320138946175575 0.042354509234428406 -0.16492360830307007
v 0.026320138946175575 0.042354509234428406 -0.16492360830307007
v 0.02684001810848713 0.042256392538547516 -0.16614305973052979
v 0.026670629158616066 0.04220384731888771 -0.16616645455360413
v 0.026320138946175575 0.042354509234428406 -0.16492360830307007
v 0.026670629158616066 0.04220384731888771 -0.16616645455360413
v 0.026212437078356743 0.04224389046430588 -0.16494883596897125
v 0.026212437078356743 0.04224389046430588 -0.16494883596897125
v 0.026670629158616066 0.04220384731888771 -0.16616645455360413
v 0.026526952162384987 0.04209728538990021 -0.16616712510585785
v 0.026212437078356743 0.04224389046430588 -0.16494883596897125
v 0.026526952162384987 0.04209728538990021 -0.16616712510585785
v 0.02615652047097683 0.04214134067296982 -0.16496193408966064
v 0.02615652047097683 0.04214134067296982 -0.16496193408966064
v 0.026526952162384987 0.04209728538990021 -0.16616712510585785
v 0.026427367702126503 0.04195034131407738 -0.1661449521780014
v 0.02615652047097683 0.04214134067296982 -0.16496193408966064
v 0.026427367702126503 0.04195034131407738 -0.1661449521780014
v 0.026143288239836693 0.042104508727788925 -0.16496503353118896
v 0.026143288239836693 0.042104508727788925 -0.16496503353118896
v 0.026427367702126503 0.04195034131407738 -0.1661449521780014
v 0.02611946128308773 0.04194999858736992 -0.16497060656547546
v 0.026613151654601097 0.041295453906059265 -0.16707853972911835
v 0.02638462744653225 0.04178182780742645 -0.1661028116941452
v 0.026677506044507027 0.041453517973423004 -0.16718024015426636
v 0.026677506044507027 0.041453517973423004 -0.16718024015426636
v 0.02638462744653225 0.04178182780742645 -0.1661028116941452
v 0.026427367702126503 0.04195034131407738 -0.1661449521780014
v 0.026677506044507027 0.041453517973423004 -0.16718024015426636
v 0.026427367702126503 0.04195034131407738 -0.1661449521780014
v 0.026808561757206917 0.041586630046367645 -0.16724787652492523
v 0.026808561757206917 0.041586630046367645 -0.16724787652492523
v 0.026427367702126503 0.04195034131407738 -0.1661449521780014
v 0.026526952162384987 0.04209728538990021 -0.16616712510585785
v 0.026808561757206917 0.041586630046367645 -0.16724787652492523
v 0.026526952162384987 0.04209728538990021 -0.16616712510585785
v 0.026985621079802513 0.041673772037029266 -0.16727077960968018
v 0.026985621079802513 0.041673772037029266 -0.16727077960968018
v 0.026526952162384987 0.04209728538990021 -0.16616712510585785
v 0.026670629158616066 0.04220384731888771 -0.16616645455360413
v 0.026985621079802513 0.041673772037029266 -0.16727077960968018
v 0.026670629158616066 0.04220384731888771 -0.16616645455360413
v 0.027180736884474754 0.04170118644833565 -0.16724534332752228
v 0.027180736884474754 0.04170118644833565 -0.16724534332752228
v 0.026670629158616066 0.04220384731888771 -0.16616645455360413
v 0.02684001810848713 0.042256392538547516 -0.16614305973052979
v 0.027180736884474754 0.04170118644833565 -0.16724534332752228
v 0.02684001810848713 0.042256392538547516 -0.16614305973052979
v 0.02736310102045536 0.041664544492959976 -0.1671755611896515
v 0.02736310102045536 0.041664544492959976 -0.1671755611896515
v 0.02684001810848713 0.042256392538547516 -0.16614305973052979
v 0.027013426646590233 0.0422481931746006 -0.1660999059677124
v 0.026739096269011497 0.040771305561065674 -0.16761629283428192
v 0.026613151654601097 0.041295453906059265 -0.16707853972911835
v 0.02681889198720455 0.04089835286140442 -0.1677633821964264
v 0.02681889198720455 0.04089835286140442 -0.1677633821964264
v 0.026613151654601097 0.041295453906059265 -0.16707853972911835
v 0.026677506044507027 0.041453517973423004 -0.16718024015426636
v 0.02681889198720455 0.04089835286140442 -0.1677633821964264
v 0.026677506044507027 0.041453517973423004 -0.16718024015426636
v 0.02697056345641613 0.041002966463565826 -0.1678643822669983
v 0.02697056345641613 0.041002966463565826 -0.1678643822669983
v 0.026677506044507027 0.041453517973423004 -0.16718024015426636
v 0.026808561757206917 0.041586630046367645 -0.16724787652492523
v 0.02697056345641613 0.041002966463565826 -0.1678643822669983
v 0.026808561757206917 0.041586630046367645 -0.16724787652492523
v 0.02716732956469059 0.041066672652959824 -0.1679014265537262
v 0.02716732956469059 0.041066672652959824 -0.1679014265537262
v 0.026808561757206917 0.041586630046367645 -0.16724787652492523
v 0.026985621079802513 0.041673772037029266 -0.16727077960968018
v 0.02716732956469059 0.041066672652959824 -0.1679014265537262
v 0.026985621079802513 0.041673772037029266 -0.16727077960968018
v 0.02737444080412388 0.04107821732759476 -0.1678679883480072
v 0.02737444080412388 0.04107821732759476 -0.1678679883480072
v 0.026985621079802513 0.041673772037029266 -0.16727077960968018
v 0.027180736884474754 0.04170118644833565 -0.16724534332752228
v 0.02737444080412388 0.04107821732759476 -0.1678679883480072
v 0.027180736884474754 0.04170118644833565 -0.16724534332752228
v 0.027555325999855995 0.04103556647896767 -0.16776995360851288
v 0.027555325999855995 0.04103556647896767 -0.16776995360851288
v 0.027180736884474754 0.04170118644833565 -0.16724534332752228
v 0.02736310102045536 0.041664544492959976 -0.1671755611896515
v 0.026818858459591866 0.040152035653591156 -0.16795684397220612
v 0.026739096269011497 0.040771305561065674 -0.16761629283428192
v 0.026910463348031044 0.040225550532341 -0.16814014315605164
v 0.026910463348031044 0.040225550532341 -0.16814014315605164
v 0.026739096269011497 0.040771305561065674 -0.16761629283428192
v 0.02681889198720455 0.04089835286140442 -0.1677633821964264
v 0.026910463348031044 0.040225550532341 -0.16814014315605164
v 0.02681889198720455 0.04089835286140442 -0.1677633821964264
v 0.027076995000243187 0.040285129100084305 -0.16826708614826202
v 0.027076995000243187 0.040285129100084305 -0.16826708614826202
v 0.02681889198720455 0.04089835286140442 -0.1677633821964264
v 0.02697056345641613 0.041002966463565826 -0.1678643822669983
v 0.027076995000243187 0.040285129100084305 -0.16826708614826202
v 0.02697056345641613 0.041002966463565826 -0.1678643822669983
v 0.02728688158094883 0.040319472551345825 -0.16831357777118683
v 0.02728688158094883 0.040319472551345825 -0.16831357777118683
v 0.02697056345641613 0.041002966463565826 -0.1678643822669983
v 0.02716732956469059 0.041066672652959824 -0.1679014265537262
v 0.02728688158094883 0.040319472551345825 -0.16831357777118683
v 0.02716732956469059 0.041066672652959824 -0.1679014265537262
v 0.0275003332644701 0.04032207652926445 -0.16827084124088287
v 0.0275003332644701 0.04032207652926445 -0.16827084124088287
v 0.02716732956469059 0.041066672652959824 -0.1679014265537262
v 0.02737444080412388 0.04107821732759476 -0.1678679883480072
v 0.0275003332644701 0.04032207652926445 -0.16827084124088287
v 0.02737444080412388 0.04107821732759476 -0.1678679883480072
v 0.027676882222294807 0.040292445570230484 -0.16814696788787842
v 0.027676882222294807 0.040292445570230484 -0.16814696788787842
v 0.02737444080412388 0.04107821732759476 -0.1678679883480072
v 0.027555325999855995 0.04103556647896767 -0.16776995360851288
v 0.026847751811146736 0.03945000097155571 -0.16808021068572998
v 0.026818858459591866 0.040152035653591156 -0.16795684397220612
v 0.02694416232407093 0.03945000097155571 -0.16827857494354248
v 0.02694416232407093 0.03945000097155571 -0.16827857494354248
v 0.026818858459591866 0.040152035653591156 -0.16795684397220612
v 0.026910463348031044 0.040225550532341 -0.16814014315605164
v 0.02694416232407093 0.03945000097155571 -0.16827857494354248
v 0.026910463348031044 0.040225550532341 -0.16814014315605164
v 0.027116527780890465 0.03945000097155571 -0.16841614246368408
v 0.027116527780890465 0.03945000097155571 -0.16841614246368408
v 0.026910463348031044 0.040225550532341 -0.16814014315605164
v 0.027076995000243187 0.040285129100084305 -0.16826708614826202
v 0.027116527780890465 0.03945000097155571 -0.16841614246368408
v 0.027076995000243187 0.040285129100084305 -0.16826708614826202
v 0.027331313118338585 0.03945000097155571 -0.16846619546413422
v 0.027331313118338585 0.03945000097155571 -0.16846619546413422
v 0.027076995000243187 0.040285129100084305 -0.16826708614826202
v 0.02728688158094883 0.040319472551345825 -0.16831357777118683
v 0.027331313118338585 0.03945000097155571 -0.16846619546413422
v 0.02728688158094883 0.040319472551345825 -0.16831357777118683
v 0.027546735480427742 0.03945000097155571 -0.16841895878314972
v 0.027546735480427742 0.03945000097155571 -0.16841895878314972
v 0.02728688158094883 0.040319472551345825 -0.16831357777118683
v 0.0275003332644701 0.04032207652926445 -0.16827084124088287
v 0.027546735480427742 0.03945000097155571 -0.16841895878314972
v 0.0275003332644701 0.04032207652926445 -0.16827084124088287
v 0.02772088162600994 0.03945000097155571 -0.1682836413383484
v 0.02772088162600994 0.03945000097155571 -0.1682836413383484
v 0.0275003332644701 0.04032207652926445 -0.16827084124088287
v 0.027676882222294807 0.040292445570230484 -0.16814696788787842
v 0.02362164668738842 0.03545000031590462 -0.15377022325992584
v 0.02362164668738842 0.04194999858736992 -0.15377022325992584
v 0.023568274453282356 0.04194999858736992 -0.15393953025341034
v 0.02362164668738842 0.03545000031590462 -0.15377022325992584
v 0.023568274453282356 0.04194999858736992 -0.15393953025341034
v 0.023568274453282356 0.03545000031590462 -0.15393953025341034
v 0.023568274453282356 0.03545000031590462 -0.15393953025341034
v 0.023568274453282356 0.04194999858736992 -0.15393953025341034
v 0.023577431216835976 0.04194999858736992 -0.15411682426929474
v 0.023568274453282356 0.03545000031590462 -0.15393953025341034
v 0.023577431216835976 0.04194999858736992 -0.15411682426929474
v 0.023577431216835976 0.03545000031590462 -0.15411682426929474
v 0.026143288239836693 0.042104508727788925 -0.16496503353118896
v 0.02611946128308773 0.04194999858736992 -0.16497060656547546
v 0.023577431216835976 0.04194999858736992 -0.15411682426929474
v 0.026143288239836693 0.042104508727788925 -0.16496503353118896
v 0.023577431216835976 0.04194999858736992 -0.15411682426929474
v 0.02615652047097683 0.04214134067296982 -0.16496193408966064
v 0.02615652047097683 0.04214134067296982 -0.16496193408966064
v 0.023577431216835976 0.04194999858736992 -0.15411682426929474
v 0.023642653599381447 0.0421999990940094 -0.15410155057907104
v 0.02615652047097683 0.04214134067296982 -0.16496193408966064
v 0.023642653599381447 0.0421999990940094 -0.15410155057907104
v 0.026212437078356743 0.04224389046430588 -0.16494883596897125
v 0.026212437078356743 0.04224389046430588 -0.16494883596897125
v 0.023642653599381447 0.0421999990940094 -0.15410155057907104
v 0.023720016703009605 0.042303550988435745 -0.15408343076705933
v 0.026212437078356743 0.04224389046430588 -0.16494883596897125
v 0.023720016703009605 0.042303550988435745 -0.15408343076705933
v 0.026320138946175575 0.042354509234428406 -0.16492360830307007
v 0.026320138946175575 0.042354509234428406 -0.16492360830307007
v 0.023720016703009605 0.042303550988435745 -0.15408343076705933
v 0.023820841684937477 0.04238301143050194 -0.15405981242656708
v 0.026320138946175575 0.042354509234428406 -0.16492360830307007
v 0.023820841684937477 0.04238301143050194 -0.15405981242656708
v 0.026455851271748543 0.042425528168678284 -0.1648918241262436
v 0.026455851271748543 0.042425528168678284 -0.1648918241262436
v 0.023820841684937477 0.04238301143050194 -0.15405981242656708
v 0.024064255878329277 0.04244999960064888 -0.1540028154850006
v 0.026455851271748543 0.042425528168678284 -0.1648918241262436
v 0.024064255878329277 0.04244999960064888 -0.1540028154850006
v 0.026606285944581032 0.04244999960064888 -0.16485659778118134
v 0.024064255878329277 0.04244999960064888 -0.1540028154850006
v 0.023820841684937477 0.04238301143050194 -0.15405981242656708
v 0.023816267028450966 0.04238301143050194 -0.15397116541862488
v 0.023816267028450966 0.04238301143050194 -0.15397116541862488
v 0.023820841684937477 0.04238301143050194 -0.15405981242656708
v 0.02363472618162632 0.0421999990940094 -0.15394800901412964
v 0.023568274453282356 0.04194999858736992 -0.15393953025341034
v 0.02362164668738842 0.04194999858736992 -0.15377022325992584
v 0.02363472618162632 0.0421999990940094 -0.15394800901412964
v 0.02363472618162632 0.0421999990940094 -0.15394800901412964
v 0.02362164668738842 0.04194999858736992 -0.15377022325992584
v 0.023680945858359337 0.0421999990940094 -0.15380138158798218
v 0.02363472618162632 0.0421999990940094 -0.15394800901412964
v 0.023680945858359337 0.0421999990940094 -0.15380138158798218
v 0.023816267028450966 0.04238301143050194 -0.15397116541862488
v 0.023816267028450966 0.04238301143050194 -0.15397116541862488
v 0.023680945858359337 0.0421999990940094 -0.15380138158798218
v 0.02384295128285885 0.04238301143050194 -0.15388651192188263
v 0.023816267028450966 0.04238301143050194 -0.15397116541862488
v 0.02384295128285885 0.04238301143050194 -0.15388651192188263
v 0.024064255878329277 0.04244999960064888 -0.1540028154850006
v 0.023820841684937477 0.04238301143050194 -0.15405981242656708
v 0.023720016703009605 0.042303550988435745 -0.15408343076705933
v 0.02363472618162632 0.0421999990940094 -0.15394800901412964
v 0.02363472618162632 0.0421999990940094 -0.15394800901412964
v 0.023720016703009605 0.042303550988435745 -0.15408343076705933
v 0.023642653599381447 0.0421999990940094 -0.15410155057907104
v 0.02363472618162632 0.0421999990940094 -0.15394800901412964
v 0.023642653599381447 0.0421999990940094 -0.15410155057907104
v 0.023568274453282356 0.04194999858736992 -0.15393953025341034
v 0.023568274453282356 0.04194999858736992 -0.15393953025341034
v 0.023642653599381447 0.0421999990940094 -0.15410155057907104
v 0.023577431216835976 0.04194999858736992 -0.15411682426929474
v -0.024690065532922745 0.03545000031590462 -0.09273897111415863
v -0.024690065532922745 0.04194999858736992 -0.09273897111415863
v -0.02451992966234684 0.04194999858736992 -0.0927896723151207
v -0.024690065532922745 0.03545000031590462 -0.09273897111415863
v -0.02451992966234684 0.04194999858736992 -0.0927896723151207
v -0.02451992966234684 0.03545000031590462 -0.0927896723151207
v -0.02451992966234684 0.03545000031590462 -0.0927896723151207
v -0.02451992966234684 0.04194999858736992 -0.0927896723151207
v -0.02434280328452587 0.04194999858736992 -0.09277772158384323
v -0.02451992966234684 0.03545000031590462 -0.0927896723151207
v -0.02434280328452587 0.04194999858736992 -0.09277772158384323
v -0.02434280328452587 0.03545000031590462 -0.09277772158384323
v 0.024064255878329277 0.04244999960064888 -0.1540028154850006
v 0.02384295128285885 0.04238301143050194 -0.15388651192188263
v 0.025875261053442955 0.04238301143050194 -0.1494118720293045
v 0.02384295128285885 0.04238301143050194 -0.15388651192188263
v 0.023680945858359337 0.0421999990940094 -0.15380138158798218
v 0.025704553350806236 0.0421999990940094 -0.14934590458869934
v 0.023680945858359337 0.0421999990940094 -0.15380138158798218
v 0.02362164668738842 0.04194999858736992 -0.15377022325992584
v 0.025642072781920433 0.04194999858736992 -0.1493217498064041
v 0.023680945858359337 0.0421999990940094 -0.15380138158798218
v 0.025642072781920433 0.04194999858736992 -0.1493217498064041
v 0.025704553350806236 0.0421999990940094 -0.14934590458869934
v 0.025704553350806236 0.0421999990940094 -0.14934590458869934
v 0.025642072781920433 0.04194999858736992 -0.1493217498064041
v 0.027138596400618553 0.04194999858736992 -0.14467079937458038
v 0.025704553350806236 0.0421999990940094 -0.14934590458869934
v 0.027138596400618553 0.04194999858736992 -0.14467079937458038
v 0.02720343880355358 0.0421999990940094 -0.14468760788440704
v 0.02720343880355358 0.0421999990940094 -0.14468760788440704
v 0.027138596400618553 0.04194999858736992 -0.14467079937458038
v 0.028091439977288246 0.04194999858736992 -0.13987880945205688
v 0.02720343880355358 0.0421999990940094 -0.14468760788440704
v 0.028091439977288246 0.04194999858736992 -0.13987880945205688
v 0.028157783672213554 0.0421999990940094 -0.13988807797431946
v 0.028157783672213554 0.0421999990940094 -0.13988807797431946
v 0.028091439977288246 0.04194999858736992 -0.13987880945205688
v 0.02848801575601101 0.04194999858736992 -0.13500913977622986
v 0.028157783672213554 0.0421999990940094 -0.13988807797431946
v 0.02848801575601101 0.04194999858736992 -0.13500913977622986
v 0.02855498529970646 0.0421999990940094 -0.1350107342004776
v 0.02855498529970646 0.0421999990940094 -0.1350107342004776
v 0.02848801575601101 0.04194999858736992 -0.13500913977622986
v 0.028323082253336906 0.04194999858736992 -0.13012613356113434
v 0.02855498529970646 0.0421999990940094 -0.1350107342004776
v 0.028323082253336906 0.04194999858736992 -0.13012613356113434
v 0.028389787301421165 0.0421999990940094 -0.13012002408504486
v 0.028389787301421165 0.0421999990940094 -0.13012002408504486
v 0.028323082253336906 0.04194999858736992 -0.13012613356113434
v 0.02759881131350994 0.04194999858736992 -0.12529432773590088
v 0.028389787301421165 0.0421999990940094 -0.13012002408504486
v 0.02759881131350994 0.04194999858736992 -0.12529432773590088
v 0.02766438014805317 0.0421999990940094 -0.12528060376644135
v 0.02766438014805317 0.0421999990940094 -0.12528060376644135
v 0.02759881131350994 0.04194999858736992 -0.12529432773590088
v 0.026324784383177757 0.04194999858736992 -0.12057756632566452
v 0.02766438014805317 0.0421999990940094 -0.12528060376644135
v 0.026324784383177757 0.04194999858736992 -0.12057756632566452
v 0.026388341560959816 0.0421999990940094 -0.12055640667676926
v 0.026388341560959816 0.0421999990940094 -0.12055640667676926
v 0.026324784383177757 0.04194999858736992 -0.12057756632566452
v 0.024517832323908806 0.04194999858736992 -0.11603819578886032
v 0.026388341560959816 0.0421999990940094 -0.12055640667676926
v 0.024517832323908806 0.04194999858736992 -0.11603819578886032
v 0.02457854337990284 0.0421999990940094 -0.11600988358259201
v 0.02457854337990284 0.0421999990940094 -0.11600988358259201
v 0.024517832323908806 0.04194999858736992 -0.11603819578886032
v 0.022201837971806526 0.04194999858736992 -0.11173620074987411
v 0.02457854337990284 0.0421999990940094 -0.11600988358259201
v 0.022201837971806526 0.04194999858736992 -0.11173620074987411
v 0.022258898243308067 0.0421999990940094 -0.1117011085152626
v 0.022258898243308067 0.0421999990940094 -0.1117011085152626
v 0.022201837971806526 0.04194999858736992 -0.11173620074987411
v 0.01940741203725338 0.04194999858736992 -0.10772843658924103
v 0.022258898243308067 0.0421999990940094 -0.1117011085152626
v 0.01940741203725338 0.04194999858736992 -0.10772843658924103
v 0.01946006529033184 0.0421999990940094 -0.10768703371286392
v 0.01946006529033184 0.0421999990940094 -0.10768703371286392
v 0.01940741203725338 0.04194999858736992 -0.10772843658924103
v 0.016171477735042572 0.04194999858736992 -0.10406787693500519
v 0.01946006529033184 0.0421999990940094 -0.10768703371286392
v 0.016171477735042572 0.04194999858736992 -0.10406787693500519
v 0.016219032928347588 0.0421999990940094 -0.10402069985866547
v 0.016219032928347588 0.0421999990940094 -0.10402069985866547
v 0.016171477735042572 0.04194999858736992 -0.10406787693500519
v 0.012536805123090744 0.04194999858736992 -0.10080289095640182
v 0.016219032928347588 0.0421999990940094 -0.10402069985866547
v 0.012536805123090744 0.04194999858736992 -0.10080289095640182
v 0.012578630819916725 0.0421999990940094 -0.10075057297945023
v 0.012578630819916725 0.0421999990940094 -0.10075057297945023
v 0.012536805123090744 0.04194999858736992 -0.10080289095640182
v 0.008551428094506264 0.04194999858736992 -0.09797663241624832
v 0.012578630819916725 0.0421999990940094 -0.10075057297945023
v 0.008551428094506264 0.04194999858736992 -0.09797663241624832
v 0.008586972951889038 0.0421999990940094 -0.09791985154151917
v 0.008586972951889038 0.0421999990940094 -0.09791985154151917
v 0.008551428094506264 0.04194999858736992 -0.09797663241624832
v 0.0042680189944803715 0.04194999858736992 -0.09562645107507706
v 0.008586972951889038 0.0421999990940094 -0.09791985154151917
v 0.0042680189944803715 0.04194999858736992 -0.09562645107507706
v 0.004296811763197184 0.0421999990940094 -0.09556596726179123
v 0.004296811763197184 0.0421999990940094 -0.09556596726179123
v 0.0042680189944803715 0.04194999858736992 -0.09562645107507706
v -0.00025681828265078366 0.04194999858736992 -0.09378340095281601
v 0.004296811763197184 0.0421999990940094 -0.09556596726179123
v -0.00025681828265078366 0.04194999858736992 -0.09378340095281601
v -0.00023515665088780224 0.0421999990940094 -0.09372001141309738
v -0.00023515665088780224 0.0421999990940094 -0.09372001141309738
v -0.00025681828265078366 0.04194999858736992 -0.09378340095281601
v -0.0049632820300757885 0.04194999858736992 -0.09247184544801712
v -0.00023515665088780224 0.0421999990940094 -0.09372001141309738
v -0.0049632820300757885 0.04194999858736992 -0.09247184544801712
v -0.004949038382619619 0.0421999990940094 -0.09240639209747314
v -0.004949038382619619 0.0421999990940094 -0.09240639209747314
v -0.0049632820300757885 0.04194999858736992 -0.09247184544801712
v -0.009789172559976578 0.04194999858736992 -0.09170911461114883
v -0.004949038382619619 0.0421999990940094 -0.09240639209747314
v -0.009789172559976578 0.04194999858736992 -0.09170911461114883
v -0.009782535023987293 0.0421999990940094 -0.09164246171712875
v -0.009782535023987293 0.0421999990940094 -0.09164246171712875
v -0.009789172559976578 0.04194999858736992 -0.09170911461114883
v -0.014670711942017078 0.04194999858736992 -0.09150529652833939
v -0.009782535023987293 0.0421999990940094 -0.09164246171712875
v -0.014670711942017078 0.04194999858736992 -0.09150529652833939
v -0.014671768993139267 0.0421999990940094 -0.09143831580877304
v -0.014671768993139267 0.0421999990940094 -0.09143831580877304
v -0.014670711942017078 0.04194999858736992 -0.09150529652833939
v -0.01954338699579239 0.04194999858736992 -0.09186307340860367
v -0.014671768993139267 0.0421999990940094 -0.09143831580877304
v -0.01954338699579239 0.04194999858736992 -0.09186307340860367
v -0.01955212466418743 0.0421999990940094 -0.09179665893316269
v -0.01955212466418743 0.0421999990940094 -0.09179665893316269
v -0.01954338699579239 0.04194999858736992 -0.09186307340860367
v -0.02434280328452587 0.04194999858736992 -0.09277772158384323
v -0.01955212466418743 0.0421999990940094 -0.09179665893316269
v -0.02434280328452587 0.04194999858736992 -0.09277772158384323
v -0.02435910515487194 0.0421999990940094 -0.09271274507045746
v 0.02384295128285885 0.04238301143050194 -0.15388651192188263
v 0.025704553350806236 0.0421999990940094 -0.14934590458869934
v 0.025875261053442955 0.04238301143050194 -0.1494118720293045
v 0.025875261053442955 0.04238301143050194 -0.1494118720293045
v 0.025704553350806236 0.0421999990940094 -0.14934590458869934
v 0.02720343880355358 0.0421999990940094 -0.14468760788440704
v 0.025875261053442955 0.04238301143050194 -0.1494118720293045
v 0.02720343880355358 0.0421999990940094 -0.14468760788440704
v 0.02738058753311634 0.04238301143050194 -0.14473356306552887
v 0.02738058753311634 0.04238301143050194 -0.14473356306552887
v 0.02720343880355358 0.0421999990940094 -0.14468760788440704
v 0.028157783672213554 0.0421999990940094 -0.13988807797431946
v 0.02738058753311634 0.04238301143050194 -0.14473356306552887
v 0.028157783672213554 0.0421999990940094 -0.13988807797431946
v 0.02833903767168522 0.04238301143050194 -0.1399133950471878
v 0.02833903767168522 0.04238301143050194 -0.1399133950471878
v 0.028157783672213554 0.0421999990940094 -0.13988807797431946
v 0.02855498529970646 0.0421999990940094 -0.1350107342004776
v 0.02833903767168522 0.04238301143050194 -0.1399133950471878
v 0.02855498529970646 0.0421999990940094 -0.1350107342004776
v 0.02873794548213482 0.04238301143050194 -0.1350150853395462
v 0.02873794548213482 0.04238301143050194 -0.1350150853395462
v 0.02855498529970646 0.0421999990940094 -0.1350107342004776
v 0.028389787301421165 0.0421999990940094 -0.13012002408504486
v 0.02873794548213482 0.04238301143050194 -0.1350150853395462
v 0.028389787301421165 0.0421999990940094 -0.13012002408504486
v 0.028572039678692818 0.04238301143050194 -0.13010334968566895
v 0.028572039678692818 0.04238301143050194 -0.13010334968566895
v 0.028389787301421165 0.0421999990940094 -0.13012002408504486
v 0.02766438014805317 0.0421999990940094 -0.12528060376644135
v 0.028572039678692818 0.04238301143050194 -0.13010334968566895
v 0.02766438014805317 0.0421999990940094 -0.12528060376644135
v 0.02784351073205471 0.04238301143050194 -0.12524311244487762
v 0.02784351073205471 0.04238301143050194 -0.12524311244487762
v 0.02766438014805317 0.0421999990940094 -0.12528060376644135
v 0.026388341560959816 0.0421999990940094 -0.12055640667676926
v 0.02784351073205471 0.04238301143050194 -0.12524311244487762
v 0.026388341560959816 0.0421999990940094 -0.12055640667676926
v 0.02656198851764202 0.04238301143050194 -0.12049861252307892
v 0.02656198851764202 0.04238301143050194 -0.12049861252307892
v 0.026388341560959816 0.0421999990940094 -0.12055640667676926
v 0.02457854337990284 0.0421999990940094 -0.11600988358259201
v 0.02656198851764202 0.04238301143050194 -0.12049861252307892
v 0.02457854337990284 0.0421999990940094 -0.11600988358259201
v 0.024744408205151558 0.04238301143050194 -0.11593253910541534
v 0.024744408205151558 0.04238301143050194 -0.11593253910541534
v 0.02457854337990284 0.0421999990940094 -0.11600988358259201
v 0.022258898243308067 0.0421999990940094 -0.1117011085152626
v 0.024744408205151558 0.04238301143050194 -0.11593253910541534
v 0.022258898243308067 0.0421999990940094 -0.1117011085152626
v 0.022414790466427803 0.04238301143050194 -0.11160523444414139
v 0.022414790466427803 0.04238301143050194 -0.11160523444414139
v 0.022258898243308067 0.0421999990940094 -0.1117011085152626
v 0.01946006529033184 0.0421999990940094 -0.10768703371286392
v 0.022414790466427803 0.04238301143050194 -0.11160523444414139
v 0.01946006529033184 0.0421999990940094 -0.10768703371286392
v 0.019603924825787544 0.04238301143050194 -0.10757390409708023
v 0.019603924825787544 0.04238301143050194 -0.10757390409708023
v 0.01946006529033184 0.0421999990940094 -0.10768703371286392
v 0.016219032928347588 0.0421999990940094 -0.10402069985866547
v 0.019603924825787544 0.04238301143050194 -0.10757390409708023
v 0.016219032928347588 0.0421999990940094 -0.10402069985866547
v 0.016348956152796745 0.04238301143050194 -0.10389180481433868
v 0.016348956152796745 0.04238301143050194 -0.10389180481433868
v 0.016219032928347588 0.0421999990940094 -0.10402069985866547
v 0.012578630819916725 0.0421999990940094 -0.10075057297945023
v 0.016348956152796745 0.04238301143050194 -0.10389180481433868
v 0.012578630819916725 0.0421999990940094 -0.10075057297945023
v 0.012692904099822044 0.04238301143050194 -0.10060761868953705
v 0.012692904099822044 0.04238301143050194 -0.10060761868953705
v 0.012578630819916725 0.0421999990940094 -0.10075057297945023
v 0.008586972951889038 0.0421999990940094 -0.09791985154151917
v 0.012692904099822044 0.04238301143050194 -0.10060761868953705
v 0.008586972951889038 0.0421999990940094 -0.09791985154151917
v 0.008684083819389343 0.04238301143050194 -0.09776473045349121
v 0.008684083819389343 0.04238301143050194 -0.09776473045349121
v 0.008586972951889038 0.0421999990940094 -0.09791985154151917
v 0.004296811763197184 0.0421999990940094 -0.09556596726179123
v 0.008684083819389343 0.04238301143050194 -0.09776473045349121
v 0.004296811763197184 0.0421999990940094 -0.09556596726179123
v 0.004375476855784655 0.04238301143050194 -0.09540072083473206
v 0.004375476855784655 0.04238301143050194 -0.09540072083473206
v 0.004296811763197184 0.0421999990940094 -0.09556596726179123
v -0.00023515665088780224 0.0421999990940094 -0.09372001141309738
v 0.004375476855784655 0.04238301143050194 -0.09540072083473206
v -0.00023515665088780224 0.0421999990940094 -0.09372001141309738
v -0.00017597575788386166 0.04238301143050194 -0.09354683011770248
v -0.00017597575788386166 0.04238301143050194 -0.09354683011770248
v -0.00023515665088780224 0.0421999990940094 -0.09372001141309738
v -0.004949038382619619 0.0421999990940094 -0.09240639209747314
v -0.00017597575788386166 0.04238301143050194 -0.09354683011770248
v -0.004949038382619619 0.0421999990940094 -0.09240639209747314
v -0.004910124000161886 0.04238301143050194 -0.09222756326198578
v -0.004910124000161886 0.04238301143050194 -0.09222756326198578
v -0.004949038382619619 0.0421999990940094 -0.09240639209747314
v -0.009782535023987293 0.0421999990940094 -0.09164246171712875
v -0.004910124000161886 0.04238301143050194 -0.09222756326198578
v -0.009782535023987293 0.0421999990940094 -0.09164246171712875
v -0.00976440217345953 0.04238301143050194 -0.09146034717559814
v -0.00976440217345953 0.04238301143050194 -0.09146034717559814
v -0.009782535023987293 0.0421999990940094 -0.09164246171712875
v -0.014671768993139267 0.0421999990940094 -0.09143831580877304
v -0.00976440217345953 0.04238301143050194 -0.09146034717559814
v -0.014671768993139267 0.0421999990940094 -0.09143831580877304
v -0.01467465702444315 0.04238301143050194 -0.091255322098732
v -0.01467465702444315 0.04238301143050194 -0.091255322098732
v -0.014671768993139267 0.0421999990940094 -0.09143831580877304
v -0.01955212466418743 0.0421999990940094 -0.09179665893316269
v -0.01467465702444315 0.04238301143050194 -0.091255322098732
v -0.01955212466418743 0.0421999990940094 -0.09179665893316269
v -0.019575996324419975 0.04238301143050194 -0.0916152074933052
v -0.019575996324419975 0.04238301143050194 -0.0916152074933052
v -0.01955212466418743 0.0421999990940094 -0.09179665893316269
v -0.02435910515487194 0.0421999990940094 -0.09271274507045746
v -0.019575996324419975 0.04238301143050194 -0.0916152074933052
v -0.02435910515487194 0.0421999990940094 -0.09271274507045746
v -0.024403642863035202 0.04238301143050194 -0.09253523498773575
v 0.024064255878329277 0.04244999960064888 -0.1540028154850006
v 0.025875261053442955 0.04238301143050194 -0.1494118720293045
v 0.026108449324965477 0.04244999960064888 -0.1495020091533661
v 0.026108449324965477 0.04244999960064888 -0.1495020091533661
v 0.025875261053442955 0.04238301143050194 -0.1494118720293045
v 0.02738058753311634 0.04238301143050194 -0.14473356306552887
v 0.026108449324965477 0.04244999960064888 -0.1495020091533661
v 0.02738058753311634 0.04238301143050194 -0.14473356306552887
v 0.027622578665614128 0.04244999960064888 -0.14479634165763855
v 0.027622578665614128 0.04244999960064888 -0.14479634165763855
v 0.02738058753311634 0.04238301143050194 -0.14473356306552887
v 0.02833903767168522 0.04238301143050194 -0.1399133950471878
v 0.027622578665614128 0.04244999960064888 -0.14479634165763855
v 0.02833903767168522 0.04238301143050194 -0.1399133950471878
v 0.02858663536608219 0.04244999960064888 -0.13994798064231873
v 0.02858663536608219 0.04244999960064888 -0.13994798064231873
v 0.02833903767168522 0.04238301143050194 -0.1399133950471878
v 0.02873794548213482 0.04238301143050194 -0.1350150853395462
v 0.02858663536608219 0.04244999960064888 -0.13994798064231873
v 0.02873794548213482 0.04238301143050194 -0.1350150853395462
v 0.02898787520825863 0.04244999960064888 -0.13502101600170135
v 0.02898787520825863 0.04244999960064888 -0.13502101600170135
v 0.02873794548213482 0.04238301143050194 -0.1350150853395462
v 0.028572039678692818 0.04238301143050194 -0.13010334968566895
v 0.02898787520825863 0.04244999960064888 -0.13502101600170135
v 0.028572039678692818 0.04238301143050194 -0.13010334968566895
v 0.028821000829339027 0.04244999960064888 -0.13008056581020355
v 0.028821000829339027 0.04244999960064888 -0.13008056581020355
v 0.028572039678692818 0.04238301143050194 -0.13010334968566895
v 0.02784351073205471 0.04238301143050194 -0.12524311244487762
v 0.028821000829339027 0.04244999960064888 -0.13008056581020355
v 0.02784351073205471 0.04238301143050194 -0.12524311244487762
v 0.02808821015059948 0.04244999960064888 -0.12519191205501556
v 0.02808821015059948 0.04244999960064888 -0.12519191205501556
v 0.02784351073205471 0.04238301143050194 -0.12524311244487762
v 0.02656198851764202 0.04238301143050194 -0.12049861252307892
v 0.02808821015059948 0.04244999960064888 -0.12519191205501556
v 0.02656198851764202 0.04238301143050194 -0.12049861252307892
v 0.026799192652106285 0.04244999960064888 -0.12041965126991272
v 0.026799192652106285 0.04244999960064888 -0.12041965126991272
v 0.02656198851764202 0.04238301143050194 -0.12049861252307892
v 0.024744408205151558 0.04238301143050194 -0.11593253910541534
v 0.026799192652106285 0.04244999960064888 -0.12041965126991272
v 0.024744408205151558 0.04238301143050194 -0.11593253910541534
v 0.02497098408639431 0.04244999960064888 -0.11582687497138977
v 0.02497098408639431 0.04244999960064888 -0.11582687497138977
v 0.024744408205151558 0.04238301143050194 -0.11593253910541534
v 0.022414790466427803 0.04238301143050194 -0.11160523444414139
v 0.02497098408639431 0.04244999960064888 -0.11582687497138977
v 0.022414790466427803 0.04238301143050194 -0.11160523444414139
v 0.02262774296104908 0.04244999960064888 -0.11147427558898926
v 0.02262774296104908 0.04244999960064888 -0.11147427558898926
v 0.022414790466427803 0.04238301143050194 -0.11160523444414139
v 0.019603924825787544 0.04238301143050194 -0.10757390409708023
v 0.02262774296104908 0.04244999960064888 -0.11147427558898926
v 0.019603924825787544 0.04238301143050194 -0.10757390409708023
v 0.01980043761432171 0.04244999960064888 -0.10741936415433884
v 0.01980043761432171 0.04244999960064888 -0.10741936415433884
v 0.019603924825787544 0.04238301143050194 -0.10757390409708023
v 0.016348956152796745 0.04238301143050194 -0.10389180481433868
v 0.01980043761432171 0.04244999960064888 -0.10741936415433884
v 0.016348956152796745 0.04238301143050194 -0.10389180481433868
v 0.016526436433196068 0.04244999960064888 -0.10371573269367218
v 0.016526436433196068 0.04244999960064888 -0.10371573269367218
v 0.016348956152796745 0.04238301143050194 -0.10389180481433868
v 0.012692904099822044 0.04238301143050194 -0.10060761868953705
v 0.016526436433196068 0.04244999960064888 -0.10371573269367218
v 0.012692904099822044 0.04238301143050194 -0.10060761868953705
v 0.012849003076553345 0.04244999960064888 -0.10041233897209167
v 0.012849003076553345 0.04244999960064888 -0.10041233897209167
v 0.012692904099822044 0.04238301143050194 -0.10060761868953705
v 0.008684083819389343 0.04238301143050194 -0.09776473045349121
v 0.012849003076553345 0.04244999960064888 -0.10041233897209167
v 0.008684083819389343 0.04238301143050194 -0.09776473045349121
v 0.008816739544272423 0.04244999960064888 -0.0975528284907341
v 0.008816739544272423 0.04244999960064888 -0.0975528284907341
v 0.008684083819389343 0.04238301143050194 -0.09776473045349121
v 0.004375476855784655 0.04238301143050194 -0.09540072083473206
v 0.008816739544272423 0.04244999960064888 -0.0975528284907341
v 0.004375476855784655 0.04238301143050194 -0.09540072083473206
v 0.004482936579734087 0.04244999960064888 -0.09517499804496765
v 0.004482936579734087 0.04244999960064888 -0.09517499804496765
v 0.004375476855784655 0.04238301143050194 -0.09540072083473206
v -0.00017597575788386166 0.04238301143050194 -0.09354683011770248
v 0.004482936579734087 0.04244999960064888 -0.09517499804496765
v -0.00017597575788386166 0.04238301143050194 -0.09354683011770248
v -9.51341717154719e-05 0.04244999960064888 -0.09331026673316956
v -9.51341717154719e-05 0.04244999960064888 -0.09331026673316956
v -0.00017597575788386166 0.04238301143050194 -0.09354683011770248
v -0.004910124000161886 0.04238301143050194 -0.09222756326198578
v -9.51341717154719e-05 0.04244999960064888 -0.09331026673316956
v -0.004910124000161886 0.04238301143050194 -0.09222756326198578
v -0.0048569669015705585 0.04244999960064888 -0.09198328107595444
v -0.0048569669015705585 0.04244999960064888 -0.09198328107595444
v -0.004910124000161886 0.04238301143050194 -0.09222756326198578
v -0.00976440217345953 0.04238301143050194 -0.09146034717559814
v -0.0048569669015705585 0.04244999960064888 -0.09198328107595444
v -0.00976440217345953 0.04238301143050194 -0.09146034717559814
v -0.009739632718265057 0.04244999960064888 -0.09121157974004745
v -0.009739632718265057 0.04244999960064888 -0.09121157974004745
v -0.00976440217345953 0.04238301143050194 -0.09146034717559814
v -0.01467465702444315 0.04238301143050194 -0.091255322098732
v -0.009739632718265057 0.04244999960064888 -0.09121157974004745
v -0.01467465702444315 0.04238301143050194 -0.091255322098732
v -0.01467860210686922 0.04244999960064888 -0.0910053551197052
v -0.01467860210686922 0.04244999960064888 -0.0910053551197052
v -0.01467465702444315 0.04238301143050194 -0.091255322098732
v -0.019575996324419975 0.04238301143050194 -0.0916152074933052
v -0.01467860210686922 0.04244999960064888 -0.0910053551197052
v -0.019575996324419975 0.04238301143050194 -0.0916152074933052
v -0.019608603790402412 0.04244999960064888 -0.09136734157800674
v -0.019608603790402412 0.04244999960064888 -0.09136734157800674
v -0.019575996324419975 0.04238301143050194 -0.0916152074933052
v -0.024403642863035202 0.04238301143050194 -0.09253523498773575
v -0.019608603790402412 0.04244999960064888 -0.09136734157800674
v -0.024403642863035202 0.04238301143050194 -0.09253523498773575
v -0.024464482441544533 0.04244999960064888 -0.09229275584220886
v -0.03748876601457596 0.03945000097155571 -0.08626869320869446
v -0.03748876601457596 0.03545000031590462 -0.08626869320869446
v -0.03765879198908806 0.03545000031590462 -0.08612823486328125
v -0.03771241754293442 0.03545000031590462 -0.08604198694229126
v -0.037751853466033936 0.035330601036548615 -0.0859282910823822
v -0.037751853466033936 0.03945000097155571 -0.0859282910823822
v -0.037751853466033936 0.03945000097155571 -0.0859282910823822
v -0.037751853466033936 0.035330601036548615 -0.0859282910823822
v -0.037749845534563065 0.035133685916662216 -0.08570776134729385
v -0.037751853466033936 0.03945000097155571 -0.0859282910823822
v -0.037749845534563065 0.035133685916662216 -0.08570776134729385
v -0.037749845534563065 0.03945000097155571 -0.08570776134729385
v -0.037749845534563065 0.03945000097155571 -0.08570776134729385
v -0.037749845534563065 0.035133685916662216 -0.08570776134729385
v -0.037653155624866486 0.03499820828437805 -0.08550954610109329
v -0.037749845534563065 0.03945000097155571 -0.08570776134729385
v -0.037653155624866486 0.03499820828437805 -0.08550954610109329
v -0.037653155624866486 0.03945000097155571 -0.08550954610109329
v -0.037653155624866486 0.03945000097155571 -0.08550954610109329
v -0.037653155624866486 0.03499820828437805 -0.08550954610109329
v -0.03757668286561966 0.03496280685067177 -0.08543296158313751
v -0.037653155624866486 0.03945000097155571 -0.08550954610109329
v -0.03757668286561966 0.03496280685067177 -0.08543296158313751
v -0.03748059272766113 0.03945000097155571 -0.08537221699953079
v -0.03748059272766113 0.03945000097155571 -0.08537221699953079
v -0.03757668286561966 0.03496280685067177 -0.08543296158313751
v -0.03748059272766113 0.034949999302625656 -0.08537221699953079
v -0.03771241754293442 0.03545000031590462 -0.08604198694229126
v -0.037751853466033936 0.03945000097155571 -0.0859282910823822
v -0.03765879198908806 0.03545000031590462 -0.08612823486328125
v -0.03765879198908806 0.03545000031590462 -0.08612823486328125
v -0.037751853466033936 0.03945000097155571 -0.0859282910823822
v -0.03765879198908806 0.03945000097155571 -0.08612823486328125
v -0.03765879198908806 0.03545000031590462 -0.08612823486328125
v -0.03765879198908806 0.03945000097155571 -0.08612823486328125
v -0.03748876601457596 0.03945000097155571 -0.08626869320869446
v -0.024577274918556213 0.04238301143050194 -0.09251586347818375
v -0.024492206051945686 0.04238301143050194 -0.09254121035337448
v -0.024659844115376472 0.0421999990940094 -0.09267918765544891
v -0.024659844115376472 0.0421999990940094 -0.09267918765544891
v -0.024492206051945686 0.04238301143050194 -0.09254121035337448
v -0.024512501433491707 0.0421999990940094 -0.09272309392690659
v -0.024659844115376472 0.0421999990940094 -0.09267918765544891
v -0.024512501433491707 0.0421999990940094 -0.09272309392690659
v -0.024690065532922745 0.04194999858736992 -0.09273897111415863
v -0.024690065532922745 0.04194999858736992 -0.09273897111415863
v -0.024512501433491707 0.0421999990940094 -0.09272309392690659
v -0.02451992966234684 0.04194999858736992 -0.0927896723151207
v -0.02434280328452587 0.04194999858736992 -0.09277772158384323
v -0.02451992966234684 0.04194999858736992 -0.0927896723151207
v -0.02435910515487194 0.0421999990940094 -0.09271274507045746
v -0.02435910515487194 0.0421999990940094 -0.09271274507045746
v -0.02451992966234684 0.04194999858736992 -0.0927896723151207
v -0.024512501433491707 0.0421999990940094 -0.09272309392690659
v -0.02435910515487194 0.0421999990940094 -0.09271274507045746
v -0.024512501433491707 0.0421999990940094 -0.09272309392690659
v -0.024403642863035202 0.04238301143050194 -0.09253523498773575
v -0.024403642863035202 0.04238301143050194 -0.09253523498773575
v -0.024512501433491707 0.0421999990940094 -0.09272309392690659
v -0.024492206051945686 0.04238301143050194 -0.09254121035337448
v -0.024403642863035202 0.04238301143050194 -0.09253523498773575
v -0.024492206051945686 0.04238301143050194 -0.09254121035337448
v -0.024464482441544533 0.04244999960064888 -0.09229275584220886
v -0.024577274918556213 0.04238301143050194 -0.09251586347818375
v -0.024464482441544533 0.04244999960064888 -0.09229275584220886
v -0.024492206051945686 0.04238301143050194 -0.09254121035337448
v -0.037653155624866486 0.03945000097155571 -0.08550954610109329
v -0.03748059272766113 0.03945000097155571 -0.08537221699953079
v -0.037411533296108246 0.04008553549647331 -0.08541449904441833
v -0.037749845534563065 0.03945000097155571 -0.08570776134729385
v -0.037653155624866486 0.03945000097155571 -0.08550954610109329
v -0.03757801279425621 0.040108826011419296 -0.08555476367473602
v -0.037751853466033936 0.03945000097155571 -0.0859282910823822
v -0.037749845534563065 0.03945000097155571 -0.08570776134729385
v -0.037671901285648346 0.04010733962059021 -0.08575253933668137
v -0.03765879198908806 0.03945000097155571 -0.08612823486328125
v -0.037751853466033936 0.03945000097155571 -0.0859282910823822
v -0.03767520189285278 0.040081366896629333 -0.08596990257501602
v -0.03748876601457596 0.03945000097155571 -0.08626869320869446
v -0.03765879198908806 0.03945000097155571 -0.08612823486328125
v -0.037587281316518784 0.04003588482737541 -0.0861651748418808
v -0.037653155624866486 0.03945000097155571 -0.08550954610109329
v -0.037411533296108246 0.04008553549647331 -0.08541449904441833
v -0.03757801279425621 0.040108826011419296 -0.08555476367473602
v -0.03757801279425621 0.040108826011419296 -0.08555476367473602
v -0.037411533296108246 0.04008553549647331 -0.08541449904441833
v -0.03711334615945816 0.04087826609611511 -0.08559722453355789
v -0.03757801279425621 0.040108826011419296 -0.08555476367473602
v -0.03711334615945816 0.04087826609611511 -0.08559722453355789
v -0.03725724294781685 0.0409197136759758 -0.08574753254652023
v -0.03725724294781685 0.0409197136759758 -0.08574753254652023
v -0.03711334615945816 0.04087826609611511 -0.08559722453355789
v -0.037071406841278076 0.040952008217573166 -0.08562294393777847
v -0.03725724294781685 0.0409197136759758 -0.08574753254652023
v -0.037071406841278076 0.040952008217573166 -0.08562294393777847
v -0.03664723411202431 0.04165976867079735 -0.08611303567886353
v -0.03664723411202431 0.04165976867079735 -0.08611303567886353
v -0.037071406841278076 0.040952008217573166 -0.08562294393777847
v -0.03653448075056076 0.041622091084718704 -0.08595264703035355
v -0.03664723411202431 0.04165976867079735 -0.08611303567886353
v -0.03653448075056076 0.041622091084718704 -0.08595264703035355
v -0.03569330647587776 0.04222613200545311 -0.08668218553066254
v -0.037749845534563065 0.03945000097155571 -0.08570776134729385
v -0.03757801279425621 0.040108826011419296 -0.08555476367473602
v -0.037671901285648346 0.04010733962059021 -0.08575253933668137
v -0.037671901285648346 0.04010733962059021 -0.08575253933668137
v -0.03757801279425621 0.040108826011419296 -0.08555476367473602
v -0.03725724294781685 0.0409197136759758 -0.08574753254652023
v -0.037671901285648346 0.04010733962059021 -0.08575253933668137
v -0.03725724294781685 0.0409197136759758 -0.08574753254652023
v -0.03734111413359642 0.040910832583904266 -0.08594221621751785
v -0.03734111413359642 0.040910832583904266 -0.08594221621751785
v -0.03725724294781685 0.0409197136759758 -0.08574753254652023
v -0.03664723411202431 0.04165976867079735 -0.08611303567886353
v -0.03734111413359642 0.040910832583904266 -0.08594221621751785
v -0.03664723411202431 0.04165976867079735 -0.08611303567886353
v -0.036718666553497314 0.0416337214410305 -0.08629763871431351
v -0.036718666553497314 0.0416337214410305 -0.08629763871431351
v -0.03664723411202431 0.04165976867079735 -0.08611303567886353
v -0.03569330647587776 0.04222613200545311 -0.08668218553066254
v -0.036718666553497314 0.0416337214410305 -0.08629763871431351
v -0.03569330647587776 0.04222613200545311 -0.08668218553066254
v -0.03575630113482475 0.04217546805739403 -0.08684365451335907
v -0.037751853466033936 0.03945000097155571 -0.0859282910823822
v -0.037671901285648346 0.04010733962059021 -0.08575253933668137
v -0.03767520189285278 0.040081366896629333 -0.08596990257501602
v -0.03767520189285278 0.040081366896629333 -0.08596990257501602
v -0.037671901285648346 0.04010733962059021 -0.08575253933668137
v -0.03734111413359642 0.040910832583904266 -0.08594221621751785
v -0.03767520189285278 0.040081366896629333 -0.08596990257501602
v -0.03734111413359642 0.040910832583904266 -0.08594221621751785
v -0.03734985366463661 0.04085322469472885 -0.08614623546600342
v -0.03734985366463661 0.04085322469472885 -0.08614623546600342
v -0.03734111413359642 0.040910832583904266 -0.08594221621751785
v -0.036718666553497314 0.0416337214410305 -0.08629763871431351
v -0.03734985366463661 0.04085322469472885 -0.08614623546600342
v -0.036718666553497314 0.0416337214410305 -0.08629763871431351
v -0.03673738241195679 0.04154810309410095 -0.08647701889276505
v -0.03673738241195679 0.04154810309410095 -0.08647701889276505
v -0.036718666553497314 0.0416337214410305 -0.08629763871431351
v -0.03575630113482475 0.04217546805739403 -0.08684365451335907
v -0.03673738241195679 0.04154810309410095 -0.08647701889276505
v -0.03575630113482475 0.04217546805739403 -0.08684365451335907
v -0.03578958287835121 0.04206987842917442 -0.08698631078004837
v -0.03653448075056076 0.041622091084718704 -0.08595264703035355
v -0.03594651445746422 0.04205194115638733 -0.0863146185874939
v -0.03569330647587776 0.04222613200545311 -0.08668218553066254
v -0.03569330647587776 0.04222613200545311 -0.08668218553066254
v -0.03594651445746422 0.04205194115638733 -0.0863146185874939
v -0.035608816891908646 0.042215269058942795 -0.08652295917272568
v -0.03569330647587776 0.04222613200545311 -0.08668218553066254
v -0.035608816891908646 0.042215269058942795 -0.08652295917272568
v -0.03441295027732849 0.04244999960064888 -0.08726338297128677
v -0.03441295027732849 0.04244999960064888 -0.08726338297128677
v -0.03448265790939331 0.042425528168678284 -0.08740127086639404
v -0.03569330647587776 0.04222613200545311 -0.08668218553066254
v -0.03569330647587776 0.04222613200545311 -0.08668218553066254
v -0.03448265790939331 0.042425528168678284 -0.08740127086639404
v -0.03452574089169502 0.04238301143050194 -0.08748649060726166
v -0.03569330647587776 0.04222613200545311 -0.08668218553066254
v -0.03452574089169502 0.04238301143050194 -0.08748649060726166
v -0.03575630113482475 0.04217546805739403 -0.08684365451335907
v -0.03575630113482475 0.04217546805739403 -0.08684365451335907
v -0.03452574089169502 0.04238301143050194 -0.08748649060726166
v -0.034545544534921646 0.042354509234428406 -0.08752566576004028
v -0.03575630113482475 0.04217546805739403 -0.08684365451335907
v -0.034545544534921646 0.042354509234428406 -0.08752566576004028
v -0.03578958287835121 0.04206987842917442 -0.08698631078004837
v -0.03578958287835121 0.04206987842917442 -0.08698631078004837
v -0.034545544534921646 0.042354509234428406 -0.08752566576004028
v -0.03459545224905014 0.04224389046430588 -0.08762438595294952
v -0.03578958287835121 0.04206987842917442 -0.08698631078004837
v -0.03459545224905014 0.04224389046430588 -0.08762438595294952
v -0.03460831195116043 0.0421999990940094 -0.08764982223510742
v -0.03765879198908806 0.03945000097155571 -0.08612823486328125
v -0.03767520189285278 0.040081366896629333 -0.08596990257501602
v -0.037587281316518784 0.04003588482737541 -0.0861651748418808
v -0.037587281316518784 0.04003588482737541 -0.0861651748418808
v -0.03767520189285278 0.040081366896629333 -0.08596990257501602
v -0.03734985366463661 0.04085322469472885 -0.08614623546600342
v -0.037587281316518784 0.04003588482737541 -0.0861651748418808
v -0.03734985366463661 0.04085322469472885 -0.08614623546600342
v -0.03728188946843147 0.04075726121664047 -0.0863228365778923
v -0.03728188946843147 0.04075726121664047 -0.0863228365778923
v -0.03734985366463661 0.04085322469472885 -0.08614623546600342
v -0.03673738241195679 0.04154810309410095 -0.08647701889276505
v -0.03728188946843147 0.04075726121664047 -0.0863228365778923
v -0.03673738241195679 0.04154810309410095 -0.08647701889276505
v -0.036700401455163956 0.04141656309366226 -0.08662258088588715
v -0.036700401455163956 0.04141656309366226 -0.08662258088588715
v -0.03673738241195679 0.04154810309410095 -0.08647701889276505
v -0.03578958287835121 0.04206987842917442 -0.08698631078004837
v -0.036700401455163956 0.04141656309366226 -0.08662258088588715
v -0.03578958287835121 0.04206987842917442 -0.08698631078004837
v -0.03578880801796913 0.04192313924431801 -0.08709155023097992
v -0.03578880801796913 0.04192313924431801 -0.08709155023097992
v -0.03578958287835121 0.04206987842917442 -0.08698631078004837
v -0.03460831195116043 0.0421999990940094 -0.08764982223510742
v -0.03578880801796913 0.04192313924431801 -0.08709155023097992
v -0.03460831195116043 0.0421999990940094 -0.08764982223510742
v -0.03462749347090721 0.042104508727788925 -0.08768776059150696
v -0.03748876601457596 0.03945000097155571 -0.08626869320869446
v -0.037587281316518784 0.04003588482737541 -0.0861651748418808
v -0.03742499276995659 0.039979614317417145 -0.08630093187093735
v -0.03742499276995659 0.039979614317417145 -0.08630093187093735
v -0.037587281316518784 0.04003588482737541 -0.0861651748418808
v -0.03728188946843147 0.04075726121664047 -0.0863228365778923
v -0.03742499276995659 0.039979614317417145 -0.08630093187093735
v -0.03728188946843147 0.04075726121664047 -0.0863228365778923
v -0.03714945539832115 0.040640223771333694 -0.08644022792577744
v -0.03714945539832115 0.040640223771333694 -0.08644022792577744
v -0.03728188946843147 0.04075726121664047 -0.0863228365778923
v -0.036700401455163956 0.04141656309366226 -0.08662258088588715
v -0.03714945539832115 0.040640223771333694 -0.08644022792577744
v -0.036700401455163956 0.04141656309366226 -0.08662258088588715
v -0.03661361709237099 0.04126007482409477 -0.08671111613512039
v -0.03661361709237099 0.04126007482409477 -0.08671111613512039
v -0.036700401455163956 0.04141656309366226 -0.08662258088588715
v -0.03578880801796913 0.04192313924431801 -0.08709155023097992
v -0.03661361709237099 0.04126007482409477 -0.08671111613512039
v -0.03578880801796913 0.04192313924431801 -0.08709155023097992
v -0.03575408458709717 0.04175439104437828 -0.08714564889669418
v -0.03575408458709717 0.04175439104437828 -0.08714564889669418
v -0.03578880801796913 0.04192313924431801 -0.08709155023097992
v -0.03462749347090721 0.042104508727788925 -0.08768776059150696
v -0.03575408458709717 0.04175439104437828 -0.08714564889669418
v -0.03462749347090721 0.042104508727788925 -0.08768776059150696
v -0.034638531506061554 0.04194999858736992 -0.08770960569381714
v -0.024690065532922745 0.04194999858736992 -0.09273897111415863
v -0.034638531506061554 0.04194999858736992 -0.08770960569381714
v -0.03462749347090721 0.042104508727788925 -0.08768776059150696
v -0.024690065532922745 0.04194999858736992 -0.09273897111415863
v -0.03462749347090721 0.042104508727788925 -0.08768776059150696
v -0.024659844115376472 0.0421999990940094 -0.09267918765544891
v -0.024659844115376472 0.0421999990940094 -0.09267918765544891
v -0.03462749347090721 0.042104508727788925 -0.08768776059150696
v -0.03460831195116043 0.0421999990940094 -0.08764982223510742
v -0.024659844115376472 0.0421999990940094 -0.09267918765544891
v -0.03460831195116043 0.0421999990940094 -0.08764982223510742
v -0.024577274918556213 0.04238301143050194 -0.09251586347818375
v -0.024577274918556213 0.04238301143050194 -0.09251586347818375
v -0.03460831195116043 0.0421999990940094 -0.08764982223510742
v -0.03459545224905014 0.04224389046430588 -0.08762438595294952
v -0.024577274918556213 0.04238301143050194 -0.09251586347818375
v -0.03459545224905014 0.04224389046430588 -0.08762438595294952
v -0.034545544534921646 0.042354509234428406 -0.08752566576004028
v -0.03441295027732849 0.04244999960064888 -0.08726338297128677
v -0.024464482441544533 0.04244999960064888 -0.09229275584220886
v -0.03448265790939331 0.042425528168678284 -0.08740127086639404
v -0.03448265790939331 0.042425528168678284 -0.08740127086639404
v -0.024464482441544533 0.04244999960064888 -0.09229275584220886
v -0.024577274918556213 0.04238301143050194 -0.09251586347818375
v -0.03448265790939331 0.042425528168678284 -0.08740127086639404
v -0.024577274918556213 0.04238301143050194 -0.09251586347818375
v -0.03452574089169502 0.04238301143050194 -0.08748649060726166
v -0.03452574089169502 0.04238301143050194 -0.08748649060726166
v -0.024577274918556213 0.04238301143050194 -0.09251586347818375
v -0.034545544534921646 0.042354509234428406 -0.08752566576004028
v -0.03765879198908806 -0.03945000097155571 -0.08612823486328125
v -0.037751853466033936 -0.03945000097155571 -0.0859282910823822
v -0.03771241754293442 -0.03545000031590462 -0.08604198694229126
v -0.03771241754293442 -0.03545000031590462 -0.08604198694229126
v -0.037751853466033936 -0.03945000097155571 -0.0859282910823822
v -0.037751853466033936 -0.035330601036548615 -0.0859282910823822
v -0.037751853466033936 -0.035330601036548615 -0.0859282910823822
v -0.037751853466033936 -0.03945000097155571 -0.0859282910823822
v -0.037749845534563065 -0.03945000097155571 -0.08570776134729385
v -0.037751853466033936 -0.035330601036548615 -0.0859282910823822
v -0.037749845534563065 -0.03945000097155571 -0.08570776134729385
v -0.037749845534563065 -0.035133685916662216 -0.08570776134729385
v -0.037749845534563065 -0.035133685916662216 -0.08570776134729385
v -0.037749845534563065 -0.03945000097155571 -0.08570776134729385
v -0.037653155624866486 -0.03945000097155571 -0.08550954610109329
v -0.037749845534563065 -0.035133685916662216 -0.08570776134729385
v -0.037653155624866486 -0.03945000097155571 -0.08550954610109329
v -0.037653155624866486 -0.03499820828437805 -0.08550954610109329
v -0.037653155624866486 -0.03499820828437805 -0.08550954610109329
v -0.037653155624866486 -0.03945000097155571 -0.08550954610109329
v -0.037576306611299515 -0.03496269881725311 -0.08543265610933304
v -0.037576306611299515 -0.03496269881725311 -0.08543265610933304
v -0.037653155624866486 -0.03945000097155571 -0.08550954610109329
v -0.03748059272766113 -0.03945000097155571 -0.08537221699953079
v -0.037576306611299515 -0.03496269881725311 -0.08543265610933304
v -0.03748059272766113 -0.03945000097155571 -0.08537221699953079
v -0.03748059272766113 -0.034949999302625656 -0.08537221699953079
v -0.03771241754293442 -0.03545000031590462 -0.08604198694229126
v -0.03765879198908806 -0.03545000031590462 -0.08612823486328125
v -0.03765879198908806 -0.03945000097155571 -0.08612823486328125
v -0.03765879198908806 -0.03945000097155571 -0.08612823486328125
v -0.03765879198908806 -0.03545000031590462 -0.08612823486328125
v -0.03748876601457596 -0.03545000031590462 -0.08626869320869446
v -0.03765879198908806 -0.03945000097155571 -0.08612823486328125
v -0.03748876601457596 -0.03545000031590462 -0.08626869320869446
v -0.03748876601457596 -0.03945000097155571 -0.08626869320869446
v -0.037071701139211655 -0.04095150902867317 -0.08562276512384415
v -0.03735814243555069 -0.040292445570230484 -0.08544719964265823
v -0.0375201590359211 -0.04032207652926445 -0.08558956533670425
v -0.03594570234417915 -0.04205239936709404 -0.08631511777639389
v -0.03648810833692551 -0.041664544492959976 -0.08598116040229797
v -0.036598917096853256 -0.04170118644833565 -0.08614193648099899
v -0.035707179456949234 -0.04195034131407738 -0.0871335044503212
v -0.03567628934979439 -0.04178183153271675 -0.08718497306108475
v -0.034638531506061554 -0.04194999858736992 -0.08770960569381714
v -0.03441295027732849 -0.04244999960064888 -0.08726338297128677
v -0.03552521765232086 -0.0422481931746006 -0.08657458424568176
v -0.03448265790939331 -0.04242553189396858 -0.08740127086639404
v -0.03448265790939331 -0.04242553189396858 -0.08740127086639404
v -0.03552521765232086 -0.0422481931746006 -0.08657458424568176
v -0.03560803830623627 -0.042256396263837814 -0.08673293143510818
v -0.03448265790939331 -0.04242553189396858 -0.08740127086639404
v -0.03560803830623627 -0.042256396263837814 -0.08673293143510818
v -0.03452574089169502 -0.04238301143050194 -0.08748649060726166
v -0.03452574089169502 -0.04238301143050194 -0.08748649060726166
v -0.03560803830623627 -0.042256396263837814 -0.08673293143510818
v -0.03567072004079819 -0.04220384731888771 -0.0868920236825943
v -0.034638531506061554 -0.04194999858736992 -0.08770960569381714
v -0.03462749347090721 -0.042104508727788925 -0.08768776059150696
v -0.035707179456949234 -0.04195034131407738 -0.0871335044503212
v -0.035707179456949234 -0.04195034131407738 -0.0871335044503212
v -0.03462749347090721 -0.042104508727788925 -0.08768776059150696
v -0.03460831195116043 -0.0422000028192997 -0.08764982223510742
v -0.035707179456949234 -0.04195034131407738 -0.0871335044503212
v -0.03460831195116043 -0.0422000028192997 -0.08764982223510742
v -0.035705238580703735 -0.042097289115190506 -0.08703149855136871
v -0.035705238580703735 -0.042097289115190506 -0.08703149855136871
v -0.03460831195116043 -0.0422000028192997 -0.08764982223510742
v -0.03459545224905014 -0.042243894189596176 -0.08762438595294952
v -0.035705238580703735 -0.042097289115190506 -0.08703149855136871
v -0.03459545224905014 -0.042243894189596176 -0.08762438595294952
v -0.03567072004079819 -0.04220384731888771 -0.0868920236825943
v -0.03567072004079819 -0.04220384731888771 -0.0868920236825943
v -0.03459545224905014 -0.042243894189596176 -0.08762438595294952
v -0.034545544534921646 -0.04235450550913811 -0.08752566576004028
v -0.03567072004079819 -0.04220384731888771 -0.0868920236825943
v -0.034545544534921646 -0.04235450550913811 -0.08752566576004028
v -0.03452574089169502 -0.04238301143050194 -0.08748649060726166
v -0.03657063469290733 -0.041295457631349564 -0.08673284202814102
v -0.03567628934979439 -0.04178183153271675 -0.08718497306108475
v -0.03665429353713989 -0.0414535216987133 -0.08664632588624954
v -0.03665429353713989 -0.0414535216987133 -0.08664632588624954
v -0.03567628934979439 -0.04178183153271675 -0.08718497306108475
v -0.035707179456949234 -0.04195034131407738 -0.0871335044503212
v -0.03665429353713989 -0.0414535216987133 -0.08664632588624954
v -0.035707179456949234 -0.04195034131407738 -0.0871335044503212
v -0.03668913245201111 -0.041586633771657944 -0.08650302141904831
v -0.03668913245201111 -0.041586633771657944 -0.08650302141904831
v -0.035707179456949234 -0.04195034131407738 -0.0871335044503212
v -0.035705238580703735 -0.042097289115190506 -0.08703149855136871
v -0.03668913245201111 -0.041586633771657944 -0.08650302141904831
v -0.035705238580703735 -0.042097289115190506 -0.08703149855136871
v -0.036669645458459854 -0.04167376831173897 -0.08632554858922958
v -0.036669645458459854 -0.04167376831173897 -0.08632554858922958
v -0.035705238580703735 -0.042097289115190506 -0.08703149855136871
v -0.03567072004079819 -0.04220384731888771 -0.0868920236825943
v -0.036669645458459854 -0.04167376831173897 -0.08632554858922958
v -0.03567072004079819 -0.04220384731888771 -0.0868920236825943
v -0.036598917096853256 -0.04170118644833565 -0.08614193648099899
v -0.036598917096853256 -0.04170118644833565 -0.08614193648099899
v -0.03567072004079819 -0.04220384731888771 -0.0868920236825943
v -0.03560803830623627 -0.042256396263837814 -0.08673293143510818
v -0.036598917096853256 -0.04170118644833565 -0.08614193648099899
v -0.03560803830623627 -0.042256396263837814 -0.08673293143510818
v -0.03594570234417915 -0.04205239936709404 -0.08631511777639389
v -0.03594570234417915 -0.04205239936709404 -0.08631511777639389
v -0.03560803830623627 -0.042256396263837814 -0.08673293143510818
v -0.03552521765232086 -0.0422481931746006 -0.08657458424568176
v -0.03706353157758713 -0.040771301835775375 -0.0864836648106575
v -0.03657063469290733 -0.041295457631349564 -0.08673284202814102
v -0.03718767315149307 -0.04089835658669472 -0.08637143671512604
v -0.03718767315149307 -0.04089835658669472 -0.08637143671512604
v -0.03657063469290733 -0.041295457631349564 -0.08673284202814102
v -0.03665429353713989 -0.0414535216987133 -0.08664632588624954
v -0.03718767315149307 -0.04089835658669472 -0.08637143671512604
v -0.03665429353713989 -0.0414535216987133 -0.08664632588624954
v -0.03725005313754082 -0.041002970188856125 -0.08620022982358932
v -0.03725005313754082 -0.041002970188856125 -0.08620022982358932
v -0.03665429353713989 -0.0414535216987133 -0.08664632588624954
v -0.03668913245201111 -0.041586633771657944 -0.08650302141904831
v -0.03725005313754082 -0.041002970188856125 -0.08620022982358932
v -0.03668913245201111 -0.041586633771657944 -0.08650302141904831
v -0.03723966330289841 -0.041066672652959824 -0.08600027859210968
v -0.03723966330289841 -0.041066672652959824 -0.08600027859210968
v -0.03668913245201111 -0.041586633771657944 -0.08650302141904831
v -0.036669645458459854 -0.04167376831173897 -0.08632554858922958
v -0.03723966330289841 -0.041066672652959824 -0.08600027859210968
v -0.036669645458459854 -0.04167376831173897 -0.08632554858922958
v -0.037158332765102386 -0.041078221052885056 -0.08580689132213593
v -0.037158332765102386 -0.041078221052885056 -0.08580689132213593
v -0.036669645458459854 -0.04167376831173897 -0.08632554858922958
v -0.036598917096853256 -0.04170118644833565 -0.08614193648099899
v -0.037158332765102386 -0.041078221052885056 -0.08580689132213593
v -0.036598917096853256 -0.04170118644833565 -0.08614193648099899
v -0.037020426243543625 -0.04103556647896767 -0.08565421402454376
v -0.037020426243543625 -0.04103556647896767 -0.08565421402454376
v -0.036598917096853256 -0.04170118644833565 -0.08614193648099899
v -0.03648810833692551 -0.041664544492959976 -0.08598116040229797
v -0.03737568482756615 -0.040152039378881454 -0.08632586151361465
v -0.03706353157758713 -0.040771301835775375 -0.0864836648106575
v -0.03753221780061722 -0.0402255542576313 -0.08619362115859985
v -0.03753221780061722 -0.0402255542576313 -0.08619362115859985
v -0.03706353157758713 -0.040771301835775375 -0.0864836648106575
v -0.03718767315149307 -0.04089835658669472 -0.08637143671512604
v -0.03753221780061722 -0.0402255542576313 -0.08619362115859985
v -0.03718767315149307 -0.04089835658669472 -0.08637143671512604
v -0.0376163087785244 -0.040285129100084305 -0.08600185066461563
v -0.0376163087785244 -0.040285129100084305 -0.08600185066461563
v -0.03718767315149307 -0.04089835658669472 -0.08637143671512604
v -0.03725005313754082 -0.041002970188856125 -0.08620022982358932
v -0.0376163087785244 -0.040285129100084305 -0.08600185066461563
v -0.03725005313754082 -0.041002970188856125 -0.08620022982358932
v -0.03761201724410057 -0.040319476276636124 -0.08578691631555557
v -0.03761201724410057 -0.040319476276636124 -0.08578691631555557
v -0.03725005313754082 -0.041002970188856125 -0.08620022982358932
v -0.03723966330289841 -0.041066672652959824 -0.08600027859210968
v -0.03761201724410057 -0.040319476276636124 -0.08578691631555557
v -0.03723966330289841 -0.041066672652959824 -0.08600027859210968
v -0.0375201590359211 -0.04032207652926445 -0.08558956533670425
v -0.0375201590359211 -0.04032207652926445 -0.08558956533670425
v -0.03723966330289841 -0.041066672652959824 -0.08600027859210968
v -0.037158332765102386 -0.041078221052885056 -0.08580689132213593
v -0.0375201590359211 -0.04032207652926445 -0.08558956533670425
v -0.037158332765102386 -0.041078221052885056 -0.08580689132213593
v -0.037071701139211655 -0.04095150902867317 -0.08562276512384415
v -0.037071701139211655 -0.04095150902867317 -0.08562276512384415
v -0.037158332765102386 -0.041078221052885056 -0.08580689132213593
v -0.037020426243543625 -0.04103556647896767 -0.08565421402454376
v -0.03748876601457596 -0.03945000097155571 -0.08626869320869446
v -0.03737568482756615 -0.040152039378881454 -0.08632586151361465
v -0.03765879198908806 -0.03945000097155571 -0.08612823486328125
v -0.03765879198908806 -0.03945000097155571 -0.08612823486328125
v -0.03737568482756615 -0.040152039378881454 -0.08632586151361465
v -0.03753221780061722 -0.0402255542576313 -0.08619362115859985
v -0.03765879198908806 -0.03945000097155571 -0.08612823486328125
v -0.03753221780061722 -0.0402255542576313 -0.08619362115859985
v -0.037751853466033936 -0.03945000097155571 -0.0859282910823822
v -0.037751853466033936 -0.03945000097155571 -0.0859282910823822
v -0.03753221780061722 -0.0402255542576313 -0.08619362115859985
v -0.0376163087785244 -0.040285129100084305 -0.08600185066461563
v -0.037751853466033936 -0.03945000097155571 -0.0859282910823822
v -0.0376163087785244 -0.040285129100084305 -0.08600185066461563
v -0.037749845534563065 -0.03945000097155571 -0.08570776134729385
v -0.037749845534563065 -0.03945000097155571 -0.08570776134729385
v -0.0376163087785244 -0.040285129100084305 -0.08600185066461563
v -0.03761201724410057 -0.040319476276636124 -0.08578691631555557
v -0.037749845534563065 -0.03945000097155571 -0.08570776134729385
v -0.03761201724410057 -0.040319476276636124 -0.08578691631555557
v -0.037653155624866486 -0.03945000097155571 -0.08550954610109329
v -0.037653155624866486 -0.03945000097155571 -0.08550954610109329
v -0.03761201724410057 -0.040319476276636124 -0.08578691631555557
v -0.0375201590359211 -0.04032207652926445 -0.08558956533670425
v -0.037653155624866486 -0.03945000097155571 -0.08550954610109329
v -0.0375201590359211 -0.04032207652926445 -0.08558956533670425
v -0.03748059272766113 -0.03945000097155571 -0.08537221699953079
v -0.03748059272766113 -0.03945000097155571 -0.08537221699953079
v -0.0375201590359211 -0.04032207652926445 -0.08558956533670425
v -0.03735814243555069 -0.040292445570230484 -0.08544719964265823
v -0.02434280328452587 -0.03545000031590462 -0.09277772158384323
v -0.02434280328452587 -0.04194999858736992 -0.09277772158384323
v -0.02451992966234684 -0.04194999858736992 -0.0927896723151207
v -0.02434280328452587 -0.03545000031590462 -0.09277772158384323
v -0.02451992966234684 -0.04194999858736992 -0.0927896723151207
v -0.02451992966234684 -0.03545000031590462 -0.0927896723151207
v -0.02451992966234684 -0.03545000031590462 -0.0927896723151207
v -0.02451992966234684 -0.04194999858736992 -0.0927896723151207
v -0.024690065532922745 -0.04194999858736992 -0.09273897111415863
v -0.02451992966234684 -0.03545000031590462 -0.0927896723151207
v -0.024690065532922745 -0.04194999858736992 -0.09273897111415863
v -0.024690065532922745 -0.03545000031590462 -0.09273897111415863
v -0.034638531506061554 -0.04194999858736992 -0.08770960569381714
v -0.024690065532922745 -0.04194999858736992 -0.09273897111415863
v -0.03462749347090721 -0.042104508727788925 -0.08768776059150696
v -0.03462749347090721 -0.042104508727788925 -0.08768776059150696
v -0.024690065532922745 -0.04194999858736992 -0.09273897111415863
v -0.024659844115376472 -0.0422000028192997 -0.09267918765544891
v -0.034545544534921646 -0.04235450550913811 -0.08752566576004028
v -0.03459545224905014 -0.042243894189596176 -0.08762438595294952
v -0.024659844115376472 -0.0422000028192997 -0.09267918765544891
v -0.024659844115376472 -0.0422000028192997 -0.09267918765544891
v -0.03459545224905014 -0.042243894189596176 -0.08762438595294952
v -0.03460831195116043 -0.0422000028192997 -0.08764982223510742
v -0.024659844115376472 -0.0422000028192997 -0.09267918765544891
v -0.03460831195116043 -0.0422000028192997 -0.08764982223510742
v -0.03462749347090721 -0.042104508727788925 -0.08768776059150696
v -0.034545544534921646 -0.04235450550913811 -0.08752566576004028
v -0.024659844115376472 -0.0422000028192997 -0.09267918765544891
v -0.03452574089169502 -0.04238301143050194 -0.08748649060726166
v -0.03452574089169502 -0.04238301143050194 -0.08748649060726166
v -0.024659844115376472 -0.0422000028192997 -0.09267918765544891
v -0.024577274918556213 -0.04238301143050194 -0.09251586347818375
v -0.03452574089169502 -0.04238301143050194 -0.08748649060726166
v -0.024577274918556213 -0.04238301143050194 -0.09251586347818375
v -0.03448265790939331 -0.04242553189396858 -0.08740127086639404
v -0.03448265790939331 -0.04242553189396858 -0.08740127086639404
v -0.024577274918556213 -0.04238301143050194 -0.09251586347818375
v -0.024464482441544533 -0.04244999960064888 -0.09229275584220886
v -0.03448265790939331 -0.04242553189396858 -0.08740127086639404
v -0.024464482441544533 -0.04244999960064888 -0.09229275584220886
v -0.03441295027732849 -0.04244999960064888 -0.08726338297128677
v -0.024403642863035202 -0.04238301143050194 -0.09253523498773575
v -0.024492206051945686 -0.04238301143050194 -0.09254121035337448
v -0.02435910515487194 -0.0422000028192997 -0.09271274507045746
v -0.02435910515487194 -0.0422000028192997 -0.09271274507045746
v -0.024492206051945686 -0.04238301143050194 -0.09254121035337448
v -0.024512501433491707 -0.0422000028192997 -0.09272309392690659
v -0.02435910515487194 -0.0422000028192997 -0.09271274507045746
v -0.024512501433491707 -0.0422000028192997 -0.09272309392690659
v -0.02434280328452587 -0.04194999858736992 -0.09277772158384323
v -0.02434280328452587 -0.04194999858736992 -0.09277772158384323
v -0.024512501433491707 -0.0422000028192997 -0.09272309392690659
v -0.02451992966234684 -0.04194999858736992 -0.0927896723151207
v -0.024690065532922745 -0.04194999858736992 -0.09273897111415863
v -0.02451992966234684 -0.04194999858736992 -0.0927896723151207
v -0.024659844115376472 -0.0422000028192997 -0.09267918765544891
v -0.024659844115376472 -0.0422000028192997 -0.09267918765544891
v -0.02451992966234684 -0.04194999858736992 -0.0927896723151207
v -0.024512501433491707 -0.0422000028192997 -0.09272309392690659
v -0.024659844115376472 -0.0422000028192997 -0.09267918765544891
v -0.024512501433491707 -0.0422000028192997 -0.09272309392690659
v -0.024577274918556213 -0.04238301143050194 -0.09251586347818375
v -0.024577274918556213 -0.04238301143050194 -0.09251586347818375
v -0.024512501433491707 -0.0422000028192997 -0.09272309392690659
v -0.024492206051945686 -0.04238301143050194 -0.09254121035337448
v -0.024577274918556213 -0.04238301143050194 -0.09251586347818375
v -0.024492206051945686 -0.04238301143050194 -0.09254121035337448
v -0.024464482441544533 -0.04244999960064888 -0.09229275584220886
v -0.024403642863035202 -0.04238301143050194 -0.09253523498773575
v -0.024464482441544533 -0.04244999960064888 -0.09229275584220886
v -0.024492206051945686 -0.04238301143050194 -0.09254121035337448
v 0.023577431216835976 -0.03545000031590462 -0.15411682426929474
v 0.023577431216835976 -0.04194999858736992 -0.15411682426929474
v 0.023568274453282356 -0.04194999858736992 -0.15393953025341034
v 0.023577431216835976 -0.03545000031590462 -0.15411682426929474
v 0.023568274453282356 -0.04194999858736992 -0.15393953025341034
v 0.023568274453282356 -0.03545000031590462 -0.15393953025341034
v 0.023568274453282356 -0.03545000031590462 -0.15393953025341034
v 0.023568274453282356 -0.04194999858736992 -0.15393953025341034
v 0.02362164668738842 -0.04194999858736992 -0.15377022325992584
v 0.023568274453282356 -0.03545000031590462 -0.15393953025341034
v 0.02362164668738842 -0.04194999858736992 -0.15377022325992584
v 0.02362164668738842 -0.03545000031590462 -0.15377022325992584
v -0.024464482441544533 -0.04244999960064888 -0.09229275584220886
v -0.024403642863035202 -0.04238301143050194 -0.09253523498773575
v -0.019575996324419975 -0.04238301143050194 -0.0916152074933052
v -0.024403642863035202 -0.04238301143050194 -0.09253523498773575
v -0.02435910515487194 -0.0422000028192997 -0.09271274507045746
v -0.01955212466418743 -0.0422000028192997 -0.09179665893316269
v -0.02435910515487194 -0.0422000028192997 -0.09271274507045746
v -0.02434280328452587 -0.04194999858736992 -0.09277772158384323
v -0.01954338699579239 -0.04194999858736992 -0.09186307340860367
v -0.02435910515487194 -0.0422000028192997 -0.09271274507045746
v -0.01954338699579239 -0.04194999858736992 -0.09186307340860367
v -0.01955212466418743 -0.0422000028192997 -0.09179665893316269
v -0.01955212466418743 -0.0422000028192997 -0.09179665893316269
v -0.01954338699579239 -0.04194999858736992 -0.09186307340860367
v -0.014670711942017078 -0.04194999858736992 -0.09150529652833939
v -0.01955212466418743 -0.0422000028192997 -0.09179665893316269
v -0.014670711942017078 -0.04194999858736992 -0.09150529652833939
v -0.014671768993139267 -0.0422000028192997 -0.09143831580877304
v -0.014671768993139267 -0.0422000028192997 -0.09143831580877304
v -0.014670711942017078 -0.04194999858736992 -0.09150529652833939
v -0.009789172559976578 -0.04194999858736992 -0.09170911461114883
v -0.014671768993139267 -0.0422000028192997 -0.09143831580877304
v -0.009789172559976578 -0.04194999858736992 -0.09170911461114883
v -0.009782535023987293 -0.0422000028192997 -0.09164246171712875
v -0.009782535023987293 -0.0422000028192997 -0.09164246171712875
v -0.009789172559976578 -0.04194999858736992 -0.09170911461114883
v -0.0049632820300757885 -0.04194999858736992 -0.09247184544801712
v -0.009782535023987293 -0.0422000028192997 -0.09164246171712875
v -0.0049632820300757885 -0.04194999858736992 -0.09247184544801712
v -0.004949038382619619 -0.0422000028192997 -0.09240639209747314
v -0.004949038382619619 -0.0422000028192997 -0.09240639209747314
v -0.0049632820300757885 -0.04194999858736992 -0.09247184544801712
v -0.00025681828265078366 -0.04194999858736992 -0.09378340095281601
v -0.004949038382619619 -0.0422000028192997 -0.09240639209747314
v -0.00025681828265078366 -0.04194999858736992 -0.09378340095281601
v -0.00023515665088780224 -0.0422000028192997 -0.09372001141309738
v -0.00023515665088780224 -0.0422000028192997 -0.09372001141309738
v -0.00025681828265078366 -0.04194999858736992 -0.09378340095281601
v 0.0042680189944803715 -0.04194999858736992 -0.09562645107507706
v -0.00023515665088780224 -0.0422000028192997 -0.09372001141309738
v 0.0042680189944803715 -0.04194999858736992 -0.09562645107507706
v 0.004296811763197184 -0.0422000028192997 -0.09556596726179123
v 0.004296811763197184 -0.0422000028192997 -0.09556596726179123
v 0.0042680189944803715 -0.04194999858736992 -0.09562645107507706
v 0.008551428094506264 -0.04194999858736992 -0.09797663241624832
v 0.004296811763197184 -0.0422000028192997 -0.09556596726179123
v 0.008551428094506264 -0.04194999858736992 -0.09797663241624832
v 0.008586972951889038 -0.0422000028192997 -0.09791985154151917
v 0.008586972951889038 -0.0422000028192997 -0.09791985154151917
v 0.008551428094506264 -0.04194999858736992 -0.09797663241624832
v 0.012536805123090744 -0.04194999858736992 -0.10080289095640182
v 0.008586972951889038 -0.0422000028192997 -0.09791985154151917
v 0.012536805123090744 -0.04194999858736992 -0.10080289095640182
v 0.012578630819916725 -0.0422000028192997 -0.10075057297945023
v 0.012578630819916725 -0.0422000028192997 -0.10075057297945023
v 0.012536805123090744 -0.04194999858736992 -0.10080289095640182
v 0.016171477735042572 -0.04194999858736992 -0.10406787693500519
v 0.012578630819916725 -0.0422000028192997 -0.10075057297945023
v 0.016171477735042572 -0.04194999858736992 -0.10406787693500519
v 0.016219032928347588 -0.0422000028192997 -0.10402069985866547
v 0.016219032928347588 -0.0422000028192997 -0.10402069985866547
v 0.016171477735042572 -0.04194999858736992 -0.10406787693500519
v 0.01940741203725338 -0.04194999858736992 -0.10772843658924103
v 0.016219032928347588 -0.0422000028192997 -0.10402069985866547
v 0.01940741203725338 -0.04194999858736992 -0.10772843658924103
v 0.01946006529033184 -0.0422000028192997 -0.10768703371286392
v 0.01946006529033184 -0.0422000028192997 -0.10768703371286392
v 0.01940741203725338 -0.04194999858736992 -0.10772843658924103
v 0.022201837971806526 -0.04194999858736992 -0.11173620074987411
v 0.01946006529033184 -0.0422000028192997 -0.10768703371286392
v 0.022201837971806526 -0.04194999858736992 -0.11173620074987411
v 0.022258898243308067 -0.0422000028192997 -0.1117011085152626
v 0.022258898243308067 -0.0422000028192997 -0.1117011085152626
v 0.022201837971806526 -0.04194999858736992 -0.11173620074987411
v 0.024517832323908806 -0.04194999858736992 -0.11603819578886032
v 0.022258898243308067 -0.0422000028192997 -0.1117011085152626
v 0.024517832323908806 -0.04194999858736992 -0.11603819578886032
v 0.02457854337990284 -0.0422000028192997 -0.11600988358259201
v 0.02457854337990284 -0.0422000028192997 -0.11600988358259201
v 0.024517832323908806 -0.04194999858736992 -0.11603819578886032
v 0.026324784383177757 -0.04194999858736992 -0.12057756632566452
v 0.02457854337990284 -0.0422000028192997 -0.11600988358259201
v 0.026324784383177757 -0.04194999858736992 -0.12057756632566452
v 0.026388341560959816 -0.0422000028192997 -0.12055640667676926
v 0.026388341560959816 -0.0422000028192997 -0.12055640667676926
v 0.026324784383177757 -0.04194999858736992 -0.12057756632566452
v 0.02759881131350994 -0.04194999858736992 -0.12529432773590088
v 0.026388341560959816 -0.0422000028192997 -0.12055640667676926
v 0.02759881131350994 -0.04194999858736992 -0.12529432773590088
v 0.02766438014805317 -0.0422000028192997 -0.12528060376644135
v 0.02766438014805317 -0.0422000028192997 -0.12528060376644135
v 0.02759881131350994 -0.04194999858736992 -0.12529432773590088
v 0.028323082253336906 -0.04194999858736992 -0.13012613356113434
v 0.02766438014805317 -0.0422000028192997 -0.12528060376644135
v 0.028323082253336906 -0.04194999858736992 -0.13012613356113434
v 0.028389787301421165 -0.0422000028192997 -0.13012002408504486
v 0.028389787301421165 -0.0422000028192997 -0.13012002408504486
v 0.028323082253336906 -0.04194999858736992 -0.13012613356113434
v 0.02848801575601101 -0.04194999858736992 -0.13500913977622986
v 0.028389787301421165 -0.0422000028192997 -0.13012002408504486
v 0.02848801575601101 -0.04194999858736992 -0.13500913977622986
v 0.02855498529970646 -0.0422000028192997 -0.1350107342004776
v 0.02855498529970646 -0.0422000028192997 -0.1350107342004776
v 0.02848801575601101 -0.04194999858736992 -0.13500913977622986
v 0.028091439977288246 -0.04194999858736992 -0.13987880945205688
v 0.02855498529970646 -0.0422000028192997 -0.1350107342004776
v 0.028091439977288246 -0.04194999858736992 -0.13987880945205688
v 0.028157783672213554 -0.0422000028192997 -0.13988807797431946
v 0.028157783672213554 -0.0422000028192997 -0.13988807797431946
v 0.028091439977288246 -0.04194999858736992 -0.13987880945205688
v 0.027138596400618553 -0.04194999858736992 -0.14467079937458038
v 0.028157783672213554 -0.0422000028192997 -0.13988807797431946
v 0.027138596400618553 -0.04194999858736992 -0.14467079937458038
v 0.02720343880355358 -0.0422000028192997 -0.14468760788440704
v 0.02720343880355358 -0.0422000028192997 -0.14468760788440704
v 0.027138596400618553 -0.04194999858736992 -0.14467079937458038
v 0.025642072781920433 -0.04194999858736992 -0.1493217498064041
v 0.02720343880355358 -0.0422000028192997 -0.14468760788440704
v 0.025642072781920433 -0.04194999858736992 -0.1493217498064041
v 0.025704553350806236 -0.0422000028192997 -0.14934590458869934
v 0.025704553350806236 -0.0422000028192997 -0.14934590458869934
v 0.025642072781920433 -0.04194999858736992 -0.1493217498064041
v 0.02362164668738842 -0.04194999858736992 -0.15377022325992584
v 0.025704553350806236 -0.0422000028192997 -0.14934590458869934
v 0.02362164668738842 -0.04194999858736992 -0.15377022325992584
v 0.023680945858359337 -0.0422000028192997 -0.15380138158798218
v -0.024403642863035202 -0.04238301143050194 -0.09253523498773575
v -0.01955212466418743 -0.0422000028192997 -0.09179665893316269
v -0.019575996324419975 -0.04238301143050194 -0.0916152074933052
v -0.019575996324419975 -0.04238301143050194 -0.0916152074933052
v -0.01955212466418743 -0.0422000028192997 -0.09179665893316269
v -0.014671768993139267 -0.0422000028192997 -0.09143831580877304
v -0.019575996324419975 -0.04238301143050194 -0.0916152074933052
v -0.014671768993139267 -0.0422000028192997 -0.09143831580877304
v -0.01467465702444315 -0.04238301143050194 -0.091255322098732
v -0.01467465702444315 -0.04238301143050194 -0.091255322098732
v -0.014671768993139267 -0.0422000028192997 -0.09143831580877304
v -0.009782535023987293 -0.0422000028192997 -0.09164246171712875
v -0.01467465702444315 -0.04238301143050194 -0.091255322098732
v -0.009782535023987293 -0.0422000028192997 -0.09164246171712875
v -0.00976440217345953 -0.04238301143050194 -0.09146034717559814
v -0.00976440217345953 -0.04238301143050194 -0.09146034717559814
v -0.009782535023987293 -0.0422000028192997 -0.09164246171712875
v -0.004949038382619619 -0.0422000028192997 -0.09240639209747314
v -0.00976440217345953 -0.04238301143050194 -0.09146034717559814
v -0.004949038382619619 -0.0422000028192997 -0.09240639209747314
v -0.004910124000161886 -0.04238301143050194 -0.09222756326198578
v -0.004910124000161886 -0.04238301143050194 -0.09222756326198578
v -0.004949038382619619 -0.0422000028192997 -0.09240639209747314
v -0.00023515665088780224 -0.0422000028192997 -0.09372001141309738
v -0.004910124000161886 -0.04238301143050194 -0.09222756326198578
v -0.00023515665088780224 -0.0422000028192997 -0.09372001141309738
v -0.00017597575788386166 -0.04238301143050194 -0.09354683011770248
v -0.00017597575788386166 -0.04238301143050194 -0.09354683011770248
v -0.00023515665088780224 -0.0422000028192997 -0.09372001141309738
v 0.004296811763197184 -0.0422000028192997 -0.09556596726179123
v -0.00017597575788386166 -0.04238301143050194 -0.09354683011770248
v 0.004296811763197184 -0.0422000028192997 -0.09556596726179123
v 0.004375476855784655 -0.04238301143050194 -0.09540072083473206
v 0.004375476855784655 -0.04238301143050194 -0.09540072083473206
v 0.004296811763197184 -0.0422000028192997 -0.09556596726179123
v 0.008586972951889038 -0.0422000028192997 -0.09791985154151917
v 0.004375476855784655 -0.04238301143050194 -0.09540072083473206
v 0.008586972951889038 -0.0422000028192997 -0.09791985154151917
v 0.008684083819389343 -0.04238301143050194 -0.09776473045349121
v 0.008684083819389343 -0.04238301143050194 -0.09776473045349121
v 0.008586972951889038 -0.0422000028192997 -0.09791985154151917
v 0.012578630819916725 -0.0422000028192997 -0.10075057297945023
v 0.008684083819389343 -0.04238301143050194 -0.09776473045349121
v 0.012578630819916725 -0.0422000028192997 -0.10075057297945023
v 0.012692904099822044 -0.04238301143050194 -0.10060761868953705
v 0.012692904099822044 -0.04238301143050194 -0.10060761868953705
v 0.012578630819916725 -0.0422000028192997 -0.10075057297945023
v 0.016219032928347588 -0.0422000028192997 -0.10402069985866547
v 0.012692904099822044 -0.04238301143050194 -0.10060761868953705
v 0.016219032928347588 -0.0422000028192997 -0.10402069985866547
v 0.016348956152796745 -0.04238301143050194 -0.10389180481433868
v 0.016348956152796745 -0.04238301143050194 -0.10389180481433868
v 0.016219032928347588 -0.0422000028192997 -0.10402069985866547
v 0.01946006529033184 -0.0422000028192997 -0.10768703371286392
v 0.016348956152796745 -0.04238301143050194 -0.10389180481433868
v 0.01946006529033184 -0.0422000028192997 -0.10768703371286392
v 0.019603924825787544 -0.04238301143050194 -0.10757390409708023
v 0.019603924825787544 -0.04238301143050194 -0.10757390409708023
v 0.01946006529033184 -0.0422000028192997 -0.10768703371286392
v 0.022258898243308067 -0.0422000028192997 -0.1117011085152626
v 0.019603924825787544 -0.04238301143050194 -0.10757390409708023
v 0.022258898243308067 -0.0422000028192997 -0.1117011085152626
v 0.022414790466427803 -0.04238301143050194 -0.11160523444414139
v 0.022414790466427803 -0.04238301143050194 -0.11160523444414139
v 0.022258898243308067 -0.0422000028192997 -0.1117011085152626
v 0.02457854337990284 -0.0422000028192997 -0.11600988358259201
v 0.022414790466427803 -0.04238301143050194 -0.11160523444414139
v 0.02457854337990284 -0.0422000028192997 -0.11600988358259201
v 0.024744408205151558 -0.04238301143050194 -0.11593253910541534
v 0.024744408205151558 -0.04238301143050194 -0.11593253910541534
v 0.02457854337990284 -0.0422000028192997 -0.11600988358259201
v 0.026388341560959816 -0.0422000028192997 -0.12055640667676926
v 0.024744408205151558 -0.04238301143050194 -0.11593253910541534
v 0.026388341560959816 -0.0422000028192997 -0.12055640667676926
v 0.02656198851764202 -0.04238301143050194 -0.12049861252307892
v 0.02656198851764202 -0.04238301143050194 -0.12049861252307892
v 0.026388341560959816 -0.0422000028192997 -0.12055640667676926
v 0.02766438014805317 -0.0422000028192997 -0.12528060376644135
v 0.02656198851764202 -0.04238301143050194 -0.12049861252307892
v 0.02766438014805317 -0.0422000028192997 -0.12528060376644135
v 0.02784351073205471 -0.04238301143050194 -0.12524311244487762
v 0.02784351073205471 -0.04238301143050194 -0.12524311244487762
v 0.02766438014805317 -0.0422000028192997 -0.12528060376644135
v 0.028389787301421165 -0.0422000028192997 -0.13012002408504486
v 0.02784351073205471 -0.04238301143050194 -0.12524311244487762
v 0.028389787301421165 -0.0422000028192997 -0.13012002408504486
v 0.028572039678692818 -0.04238301143050194 -0.13010334968566895
v 0.028572039678692818 -0.04238301143050194 -0.13010334968566895
v 0.028389787301421165 -0.0422000028192997 -0.13012002408504486
v 0.02855498529970646 -0.0422000028192997 -0.1350107342004776
v 0.028572039678692818 -0.04238301143050194 -0.13010334968566895
v 0.02855498529970646 -0.0422000028192997 -0.1350107342004776
v 0.02873794548213482 -0.04238301143050194 -0.1350150853395462
v 0.02873794548213482 -0.04238301143050194 -0.1350150853395462
v 0.02855498529970646 -0.0422000028192997 -0.1350107342004776
v 0.028157783672213554 -0.0422000028192997 -0.13988807797431946
v 0.02873794548213482 -0.04238301143050194 -0.1350150853395462
v 0.028157783672213554 -0.0422000028192997 -0.13988807797431946
v 0.02833903767168522 -0.04238301143050194 -0.1399133950471878
v 0.02833903767168522 -0.04238301143050194 -0.1399133950471878
v 0.028157783672213554 -0.0422000028192997 -0.13988807797431946
v 0.02720343880355358 -0.0422000028192997 -0.14468760788440704
v 0.02833903767168522 -0.04238301143050194 -0.1399133950471878
v 0.02720343880355358 -0.0422000028192997 -0.14468760788440704
v 0.02738058753311634 -0.04238301143050194 -0.14473356306552887
v 0.02738058753311634 -0.04238301143050194 -0.14473356306552887
v 0.02720343880355358 -0.0422000028192997 -0.14468760788440704
v 0.025704553350806236 -0.0422000028192997 -0.14934590458869934
v 0.02738058753311634 -0.04238301143050194 -0.14473356306552887
v 0.025704553350806236 -0.0422000028192997 -0.14934590458869934
v 0.025875261053442955 -0.04238301143050194 -0.1494118720293045
v 0.025875261053442955 -0.04238301143050194 -0.1494118720293045
v 0.025704553350806236 -0.0422000028192997 -0.14934590458869934
v 0.023680945858359337 -0.0422000028192997 -0.15380138158798218
v 0.025875261053442955 -0.04238301143050194 -0.1494118720293045
v 0.023680945858359337 -0.0422000028192997 -0.15380138158798218
v 0.02384295128285885 -0.04238301143050194 -0.15388651192188263
v -0.024464482441544533 -0.04244999960064888 -0.09229275584220886
v -0.019575996324419975 -0.04238301143050194 -0.0916152074933052
v -0.019608603790402412 -0.04244999960064888 -0.09136734157800674
v -0.019608603790402412 -0.04244999960064888 -0.09136734157800674
v -0.019575996324419975 -0.04238301143050194 -0.0916152074933052
v -0.01467465702444315 -0.04238301143050194 -0.091255322098732
v -0.019608603790402412 -0.04244999960064888 -0.09136734157800674
v -0.01467465702444315 -0.04238301143050194 -0.091255322098732
v -0.01467860210686922 -0.04244999960064888 -0.0910053551197052
v -0.01467860210686922 -0.04244999960064888 -0.0910053551197052
v -0.01467465702444315 -0.04238301143050194 -0.091255322098732
v -0.00976440217345953 -0.04238301143050194 -0.09146034717559814
v -0.01467860210686922 -0.04244999960064888 -0.0910053551197052
v -0.00976440217345953 -0.04238301143050194 -0.09146034717559814
v -0.009739632718265057 -0.04244999960064888 -0.09121157974004745
v -0.009739632718265057 -0.04244999960064888 -0.09121157974004745
v -0.00976440217345953 -0.04238301143050194 -0.09146034717559814
v -0.004910124000161886 -0.04238301143050194 -0.09222756326198578
v -0.009739632718265057 -0.04244999960064888 -0.09121157974004745
v -0.004910124000161886 -0.04238301143050194 -0.09222756326198578
v -0.0048569669015705585 -0.04244999960064888 -0.09198328107595444
v -0.0048569669015705585 -0.04244999960064888 -0.09198328107595444
v -0.004910124000161886 -0.04238301143050194 -0.09222756326198578
v -0.00017597575788386166 -0.04238301143050194 -0.09354683011770248
v -0.0048569669015705585 -0.04244999960064888 -0.09198328107595444
v -0.00017597575788386166 -0.04238301143050194 -0.09354683011770248
v -9.51341717154719e-05 -0.04244999960064888 -0.09331026673316956
v -9.51341717154719e-05 -0.04244999960064888 -0.09331026673316956
v -0.00017597575788386166 -0.04238301143050194 -0.09354683011770248
v 0.004375476855784655 -0.04238301143050194 -0.09540072083473206
v -9.51341717154719e-05 -0.04244999960064888 -0.09331026673316956
v 0.004375476855784655 -0.04238301143050194 -0.09540072083473206
v 0.004482936579734087 -0.04244999960064888 -0.09517499804496765
v 0.004482936579734087 -0.04244999960064888 -0.09517499804496765
v 0.004375476855784655 -0.04238301143050194 -0.09540072083473206
v 0.008684083819389343 -0.04238301143050194 -0.09776473045349121
v 0.004482936579734087 -0.04244999960064888 -0.09517499804496765
v 0.008684083819389343 -0.04238301143050194 -0.09776473045349121
v 0.008816739544272423 -0.04244999960064888 -0.0975528284907341
v 0.008816739544272423 -0.04244999960064888 -0.0975528284907341
v 0.008684083819389343 -0.04238301143050194 -0.09776473045349121
v 0.012692904099822044 -0.04238301143050194 -0.10060761868953705
v 0.008816739544272423 -0.04244999960064888 -0.0975528284907341
v 0.012692904099822044 -0.04238301143050194 -0.10060761868953705
v 0.012849003076553345 -0.04244999960064888 -0.10041233897209167
v 0.012849003076553345 -0.04244999960064888 -0.10041233897209167
v 0.012692904099822044 -0.04238301143050194 -0.10060761868953705
v 0.016348956152796745 -0.04238301143050194 -0.10389180481433868
v 0.012849003076553345 -0.04244999960064888 -0.10041233897209167
v 0.016348956152796745 -0.04238301143050194 -0.10389180481433868
v 0.016526436433196068 -0.04244999960064888 -0.10371573269367218
v 0.016526436433196068 -0.04244999960064888 -0.10371573269367218
v 0.016348956152796745 -0.04238301143050194 -0.10389180481433868
v 0.019603924825787544 -0.04238301143050194 -0.10757390409708023
v 0.016526436433196068 -0.04244999960064888 -0.10371573269367218
v 0.019603924825787544 -0.04238301143050194 -0.10757390409708023
v 0.01980043761432171 -0.04244999960064888 -0.10741936415433884
v 0.01980043761432171 -0.04244999960064888 -0.10741936415433884
v 0.019603924825787544 -0.04238301143050194 -0.10757390409708023
v 0.022414790466427803 -0.04238301143050194 -0.11160523444414139
v 0.01980043761432171 -0.04244999960064888 -0.10741936415433884
v 0.022414790466427803 -0.04238301143050194 -0.11160523444414139
v 0.02262774296104908 -0.04244999960064888 -0.11147427558898926
v 0.02262774296104908 -0.04244999960064888 -0.11147427558898926
v 0.022414790466427803 -0.04238301143050194 -0.11160523444414139
v 0.024744408205151558 -0.04238301143050194 -0.11593253910541534
v 0.02262774296104908 -0.04244999960064888 -0.11147427558898926
v 0.024744408205151558 -0.04238301143050194 -0.11593253910541534
v 0.02497098408639431 -0.04244999960064888 -0.11582687497138977
v 0.02497098408639431 -0.04244999960064888 -0.11582687497138977
v 0.024744408205151558 -0.04238301143050194 -0.11593253910541534
v 0.02656198851764202 -0.04238301143050194 -0.12049861252307892
v 0.02497098408639431 -0.04244999960064888 -0.11582687497138977
v 0.02656198851764202 -0.04238301143050194 -0.12049861252307892
v 0.026799192652106285 -0.04244999960064888 -0.12041965126991272
v 0.026799192652106285 -0.04244999960064888 -0.12041965126991272
v 0.02656198851764202 -0.04238301143050194 -0.12049861252307892
v 0.02784351073205471 -0.04238301143050194 -0.12524311244487762
v 0.026799192652106285 -0.04244999960064888 -0.12041965126991272
v 0.02784351073205471 -0.04238301143050194 -0.12524311244487762
v 0.02808821015059948 -0.04244999960064888 -0.12519191205501556
v 0.02808821015059948 -0.04244999960064888 -0.12519191205501556
v 0.02784351073205471 -0.04238301143050194 -0.12524311244487762
v 0.028572039678692818 -0.04238301143050194 -0.13010334968566895
v 0.02808821015059948 -0.04244999960064888 -0.12519191205501556
v 0.028572039678692818 -0.04238301143050194 -0.13010334968566895
v 0.028821000829339027 -0.04244999960064888 -0.13008056581020355
v 0.028821000829339027 -0.04244999960064888 -0.13008056581020355
v 0.028572039678692818 -0.04238301143050194 -0.13010334968566895
v 0.02873794548213482 -0.04238301143050194 -0.1350150853395462
v 0.028821000829339027 -0.04244999960064888 -0.13008056581020355
v 0.02873794548213482 -0.04238301143050194 -0.1350150853395462
v 0.02898787520825863 -0.04244999960064888 -0.13502101600170135
v 0.02898787520825863 -0.04244999960064888 -0.13502101600170135
v 0.02873794548213482 -0.04238301143050194 -0.1350150853395462
v 0.02833903767168522 -0.04238301143050194 -0.1399133950471878
v 0.02898787520825863 -0.04244999960064888 -0.13502101600170135
v 0.02833903767168522 -0.04238301143050194 -0.1399133950471878
v 0.02858663536608219 -0.04244999960064888 -0.13994798064231873
v 0.02858663536608219 -0.04244999960064888 -0.13994798064231873
v 0.02833903767168522 -0.04238301143050194 -0.1399133950471878
v 0.02738058753311634 -0.04238301143050194 -0.14473356306552887
v 0.02858663536608219 -0.04244999960064888 -0.13994798064231873
v 0.02738058753311634 -0.04238301143050194 -0.14473356306552887
v 0.027622578665614128 -0.04244999960064888 -0.14479634165763855
v 0.027622578665614128 -0.04244999960064888 -0.14479634165763855
v 0.02738058753311634 -0.04238301143050194 -0.14473356306552887
v 0.025875261053442955 -0.04238301143050194 -0.1494118720293045
v 0.027622578665614128 -0.04244999960064888 -0.14479634165763855
v 0.025875261053442955 -0.04238301143050194 -0.1494118720293045
v 0.026108449324965477 -0.04244999960064888 -0.1495020091533661
v 0.026108449324965477 -0.04244999960064888 -0.1495020091533661
v 0.025875261053442955 -0.04238301143050194 -0.1494118720293045
v 0.02384295128285885 -0.04238301143050194 -0.15388651192188263
v 0.026108449324965477 -0.04244999960064888 -0.1495020091533661
v 0.02384295128285885 -0.04238301143050194 -0.15388651192188263
v 0.024064255878329277 -0.04244999960064888 -0.1540028154850006
v 0.026847751811146736 -0.03945000097155571 -0.16808021068572998
v 0.026847751811146736 -0.03545000031590462 -0.16808021068572998
v 0.02694416232407093 -0.03545000031590462 -0.16827857494354248
v 0.027015333995223045 -0.03545000031590462 -0.16835100948810577
v 0.027116527780890465 -0.035330601036548615 -0.16841614246368408
v 0.027116527780890465 -0.03945000097155571 -0.16841614246368408
v 0.027116527780890465 -0.03945000097155571 -0.16841614246368408
v 0.027116527780890465 -0.035330601036548615 -0.16841614246368408
v 0.027331313118338585 -0.035133685916662216 -0.16846619546413422
v 0.027116527780890465 -0.03945000097155571 -0.16841614246368408
v 0.027331313118338585 -0.035133685916662216 -0.16846619546413422
v 0.027331313118338585 -0.03945000097155571 -0.16846619546413422
v 0.027331313118338585 -0.03945000097155571 -0.16846619546413422
v 0.027331313118338585 -0.035133685916662216 -0.16846619546413422
v 0.027546735480427742 -0.03499820828437805 -0.16841895878314972
v 0.027331313118338585 -0.03945000097155571 -0.16846619546413422
v 0.027546735480427742 -0.03499820828437805 -0.16841895878314972
v 0.027546735480427742 -0.03945000097155571 -0.16841895878314972
v 0.027546735480427742 -0.03945000097155571 -0.16841895878314972
v 0.027546735480427742 -0.03499820828437805 -0.16841895878314972
v 0.02763918973505497 -0.03496280685067177 -0.16836269199848175
v 0.027546735480427742 -0.03945000097155571 -0.16841895878314972
v 0.02763918973505497 -0.03496280685067177 -0.16836269199848175
v 0.02772088162600994 -0.03945000097155571 -0.1682836413383484
v 0.02772088162600994 -0.03945000097155571 -0.1682836413383484
v 0.02763918973505497 -0.03496280685067177 -0.16836269199848175
v 0.02772088162600994 -0.034949999302625656 -0.1682836413383484
v 0.027015333995223045 -0.03545000031590462 -0.16835100948810577
v 0.027116527780890465 -0.03945000097155571 -0.16841614246368408
v 0.02694416232407093 -0.03545000031590462 -0.16827857494354248
v 0.02694416232407093 -0.03545000031590462 -0.16827857494354248
v 0.027116527780890465 -0.03945000097155571 -0.16841614246368408
v 0.02694416232407093 -0.03945000097155571 -0.16827857494354248
v 0.02694416232407093 -0.03545000031590462 -0.16827857494354248
v 0.02694416232407093 -0.03945000097155571 -0.16827857494354248
v 0.026847751811146736 -0.03945000097155571 -0.16808021068572998
v 0.023820841684937477 -0.04238301143050194 -0.15405981242656708
v 0.023816267028450966 -0.04238301143050194 -0.15397116541862488
v 0.023642653599381447 -0.0422000028192997 -0.15410155057907104
v 0.023642653599381447 -0.0422000028192997 -0.15410155057907104
v 0.023816267028450966 -0.04238301143050194 -0.15397116541862488
v 0.02363472618162632 -0.0422000028192997 -0.15394800901412964
v 0.023642653599381447 -0.0422000028192997 -0.15410155057907104
v 0.02363472618162632 -0.0422000028192997 -0.15394800901412964
v 0.023577431216835976 -0.04194999858736992 -0.15411682426929474
v 0.023577431216835976 -0.04194999858736992 -0.15411682426929474
v 0.02363472618162632 -0.0422000028192997 -0.15394800901412964
v 0.023568274453282356 -0.04194999858736992 -0.15393953025341034
v 0.02362164668738842 -0.04194999858736992 -0.15377022325992584
v 0.023568274453282356 -0.04194999858736992 -0.15393953025341034
v 0.023680945858359337 -0.0422000028192997 -0.15380138158798218
v 0.023680945858359337 -0.0422000028192997 -0.15380138158798218
v 0.023568274453282356 -0.04194999858736992 -0.15393953025341034
v 0.02363472618162632 -0.0422000028192997 -0.15394800901412964
v 0.023680945858359337 -0.0422000028192997 -0.15380138158798218
v 0.02363472618162632 -0.0422000028192997 -0.15394800901412964
v 0.02384295128285885 -0.04238301143050194 -0.15388651192188263
v 0.02384295128285885 -0.04238301143050194 -0.15388651192188263
v 0.02363472618162632 -0.0422000028192997 -0.15394800901412964
v 0.023816267028450966 -0.04238301143050194 -0.15397116541862488
v 0.02384295128285885 -0.04238301143050194 -0.15388651192188263
v 0.023816267028450966 -0.04238301143050194 -0.15397116541862488
v 0.024064255878329277 -0.04244999960064888 -0.1540028154850006
v 0.023820841684937477 -0.04238301143050194 -0.15405981242656708
v 0.024064255878329277 -0.04244999960064888 -0.1540028154850006
v 0.023816267028450966 -0.04238301143050194 -0.15397116541862488
v 0.027331313118338585 -0.03945000097155571 -0.16846619546413422
v 0.027546735480427742 -0.03945000097155571 -0.16841895878314972
v 0.02752050943672657 -0.040108826011419296 -0.16833527386188507
v 0.027116527780890465 -0.03945000097155571 -0.16841614246368408
v 0.027331313118338585 -0.03945000097155571 -0.16846619546413422
v 0.027306174859404564 -0.04010734334588051 -0.16837988793849945
v 0.02694416232407093 -0.03945000097155571 -0.16827857494354248
v 0.027116527780890465 -0.03945000097155571 -0.16841614246368408
v 0.0270941611379385 -0.04008137062191963 -0.16833184659481049
v 0.026847751811146736 -0.03945000097155571 -0.16808021068572998
v 0.02694416232407093 -0.03945000097155571 -0.16827857494354248
v 0.026925118640065193 -0.04003588482737541 -0.16820035874843597
v 0.027331313118338585 -0.03945000097155571 -0.16846619546413422
v 0.02752050943672657 -0.040108826011419296 -0.16833527386188507
v 0.027306174859404564 -0.04010734334588051 -0.16837988793849945
v 0.027306174859404564 -0.04010734334588051 -0.16837988793849945
v 0.02752050943672657 -0.040108826011419296 -0.16833527386188507
v 0.02740880660712719 -0.0409197099506855 -0.16797809302806854
v 0.027306174859404564 -0.04010734334588051 -0.16837988793849945
v 0.02740880660712719 -0.0409197099506855 -0.16797809302806854
v 0.02719983272254467 -0.04091082885861397 -0.16801370680332184
v 0.02719983272254467 -0.04091082885861397 -0.16801370680332184
v 0.02740880660712719 -0.0409197099506855 -0.16797809302806854
v 0.027197426185011864 -0.04165976867079735 -0.16729910671710968
v 0.02719983272254467 -0.04091082885861397 -0.16801370680332184
v 0.027197426185011864 -0.04165976867079735 -0.16729910671710968
v 0.027001189067959785 -0.0416337214410305 -0.1673250049352646
v 0.027001189067959785 -0.0416337214410305 -0.1673250049352646
v 0.027197426185011864 -0.04165976867079735 -0.16729910671710968
v 0.026869235560297966 -0.04222613200545311 -0.16623789072036743
v 0.027001189067959785 -0.0416337214410305 -0.1673250049352646
v 0.026869235560297966 -0.04222613200545311 -0.16623789072036743
v 0.026697462424635887 -0.04217546805739403 -0.16626103222370148
v 0.027116527780890465 -0.03945000097155571 -0.16841614246368408
v 0.027306174859404564 -0.04010734334588051 -0.16837988793849945
v 0.0270941611379385 -0.04008137062191963 -0.16833184659481049
v 0.0270941611379385 -0.04008137062191963 -0.16833184659481049
v 0.027306174859404564 -0.04010734334588051 -0.16837988793849945
v 0.02719983272254467 -0.04091082885861397 -0.16801370680332184
v 0.0270941611379385 -0.04008137062191963 -0.16833184659481049
v 0.02719983272254467 -0.04091082885861397 -0.16801370680332184
v 0.02699950896203518 -0.04085322096943855 -0.1679740995168686
v 0.02699950896203518 -0.04085322096943855 -0.1679740995168686
v 0.02719983272254467 -0.04091082885861397 -0.16801370680332184
v 0.027001189067959785 -0.0416337214410305 -0.1673250049352646
v 0.02699950896203518 -0.04085322096943855 -0.1679740995168686
v 0.027001189067959785 -0.0416337214410305 -0.1673250049352646
v 0.026822449639439583 -0.04154810681939125 -0.16730089485645294
v 0.026822449639439583 -0.04154810681939125 -0.16730089485645294
v 0.027001189067959785 -0.0416337214410305 -0.1673250049352646
v 0.026697462424635887 -0.04217546805739403 -0.16626103222370148
v 0.026822449639439583 -0.04154810681939125 -0.16730089485645294
v 0.026697462424635887 -0.04217546805739403 -0.16626103222370148
v 0.026550980284810066 -0.04206987842917442 -0.1662597358226776
v 0.026606285944581032 -0.04244999960064888 -0.16485659778118134
v 0.026869235560297966 -0.04222613200545311 -0.16623789072036743
v 0.027043888345360756 -0.042215269058942795 -0.16619332134723663
v 0.027043888345360756 -0.042215269058942795 -0.16619332134723663
v 0.026869235560297966 -0.04222613200545311 -0.16623789072036743
v 0.027197426185011864 -0.04165976867079735 -0.16729910671710968
v 0.027043888345360756 -0.042215269058942795 -0.16619332134723663
v 0.027197426185011864 -0.04165976867079735 -0.16729910671710968
v 0.027379879727959633 -0.041622091084718704 -0.1672273576259613
v 0.027379879727959633 -0.041622091084718704 -0.1672273576259613
v 0.027197426185011864 -0.04165976867079735 -0.16729910671710968
v 0.02740880660712719 -0.0409197099506855 -0.16797809302806854
v 0.027379879727959633 -0.041622091084718704 -0.1672273576259613
v 0.02740880660712719 -0.0409197099506855 -0.16797809302806854
v 0.027588801458477974 -0.04087826982140541 -0.16787369549274445
v 0.027588801458477974 -0.04087826982140541 -0.16787369549274445
v 0.02740880660712719 -0.0409197099506855 -0.16797809302806854
v 0.02752050943672657 -0.040108826011419296 -0.16833527386188507
v 0.027588801458477974 -0.04087826982140541 -0.16787369549274445
v 0.02752050943672657 -0.040108826011419296 -0.16833527386188507
v 0.027696071192622185 -0.04008553549647331 -0.16820655763149261
v 0.027696071192622185 -0.04008553549647331 -0.16820655763149261
v 0.02752050943672657 -0.040108826011419296 -0.16833527386188507
v 0.027546735480427742 -0.03945000097155571 -0.16841895878314972
v 0.027696071192622185 -0.04008553549647331 -0.16820655763149261
v 0.027546735480427742 -0.03945000097155571 -0.16841895878314972
v 0.02772088162600994 -0.03945000097155571 -0.1682836413383484
v 0.026606285944581032 -0.04244999960064888 -0.16485659778118134
v 0.026455851271748543 -0.04242553189396858 -0.1648918241262436
v 0.026869235560297966 -0.04222613200545311 -0.16623789072036743
v 0.026869235560297966 -0.04222613200545311 -0.16623789072036743
v 0.026455851271748543 -0.04242553189396858 -0.1648918241262436
v 0.02636287547647953 -0.04238301143050194 -0.164913609623909
v 0.026869235560297966 -0.04222613200545311 -0.16623789072036743
v 0.02636287547647953 -0.04238301143050194 -0.164913609623909
v 0.026697462424635887 -0.04217546805739403 -0.16626103222370148
v 0.026697462424635887 -0.04217546805739403 -0.16626103222370148
v 0.02636287547647953 -0.04238301143050194 -0.164913609623909
v 0.026320138946175575 -0.04235450550913811 -0.16492360830307007
v 0.026697462424635887 -0.04217546805739403 -0.16626103222370148
v 0.026320138946175575 -0.04235450550913811 -0.16492360830307007
v 0.026550980284810066 -0.04206987842917442 -0.1662597358226776
v 0.026550980284810066 -0.04206987842917442 -0.1662597358226776
v 0.026320138946175575 -0.04235450550913811 -0.16492360830307007
v 0.026212437078356743 -0.042243894189596176 -0.16494883596897125
v 0.026550980284810066 -0.04206987842917442 -0.1662597358226776
v 0.026212437078356743 -0.042243894189596176 -0.16494883596897125
v 0.0261846836656332 -0.0422000028192997 -0.16495533287525177
v 0.02694416232407093 -0.03945000097155571 -0.16827857494354248
v 0.0270941611379385 -0.04008137062191963 -0.16833184659481049
v 0.026925118640065193 -0.04003588482737541 -0.16820035874843597
v 0.026925118640065193 -0.04003588482737541 -0.16820035874843597
v 0.0270941611379385 -0.04008137062191963 -0.16833184659481049
v 0.02699950896203518 -0.04085322096943855 -0.1679740995168686
v 0.026925118640065193 -0.04003588482737541 -0.16820035874843597
v 0.02699950896203518 -0.04085322096943855 -0.1679740995168686
v 0.026843911036849022 -0.040757257491350174 -0.16786640882492065
v 0.026843911036849022 -0.040757257491350174 -0.16786640882492065
v 0.02699950896203518 -0.04085322096943855 -0.1679740995168686
v 0.026822449639439583 -0.04154810681939125 -0.16730089485645294
v 0.026843911036849022 -0.040757257491350174 -0.16786640882492065
v 0.026822449639439583 -0.04154810681939125 -0.16730089485645294
v 0.026689713820815086 -0.04141656681895256 -0.16723063588142395
v 0.026689713820815086 -0.04141656681895256 -0.16723063588142395
v 0.026822449639439583 -0.04154810681939125 -0.16730089485645294
v 0.026550980284810066 -0.04206987842917442 -0.1662597358226776
v 0.026689713820815086 -0.04141656681895256 -0.16723063588142395
v 0.026550980284810066 -0.04206987842917442 -0.1662597358226776
v 0.026448888704180717 -0.04192313924431801 -0.16623418033123016
v 0.026448888704180717 -0.04192313924431801 -0.16623418033123016
v 0.026550980284810066 -0.04206987842917442 -0.1662597358226776
v 0.0261846836656332 -0.0422000028192997 -0.16495533287525177
v 0.026448888704180717 -0.04192313924431801 -0.16623418033123016
v 0.0261846836656332 -0.0422000028192997 -0.16495533287525177
v 0.026143288239836693 -0.042104508727788925 -0.16496503353118896
v 0.026847751811146736 -0.03945000097155571 -0.16808021068572998
v 0.026925118640065193 -0.04003588482737541 -0.16820035874843597
v 0.026831457391381264 -0.03997961804270744 -0.1680106371641159
v 0.026831457391381264 -0.03997961804270744 -0.1680106371641159
v 0.026925118640065193 -0.04003588482737541 -0.16820035874843597
v 0.026843911036849022 -0.040757257491350174 -0.16786640882492065
v 0.026831457391381264 -0.03997961804270744 -0.1680106371641159
v 0.026843911036849022 -0.040757257491350174 -0.16786640882492065
v 0.026761053130030632 -0.040640223771333694 -0.16771003603935242
v 0.026761053130030632 -0.040640223771333694 -0.16771003603935242
v 0.026843911036849022 -0.040757257491350174 -0.16786640882492065
v 0.026689713820815086 -0.04141656681895256 -0.16723063588142395
v 0.026761053130030632 -0.040640223771333694 -0.16771003603935242
v 0.026689713820815086 -0.04141656681895256 -0.16723063588142395
v 0.026624133810400963 -0.04126007482409477 -0.16712543368339539
v 0.026624133810400963 -0.04126007482409477 -0.16712543368339539
v 0.026689713820815086 -0.04141656681895256 -0.16723063588142395
v 0.026448888704180717 -0.04192313924431801 -0.16623418033123016
v 0.026624133810400963 -0.04126007482409477 -0.16712543368339539
v 0.026448888704180717 -0.04192313924431801 -0.16623418033123016
v 0.026404505595564842 -0.04175439104437828 -0.16618767380714417
v 0.026404505595564842 -0.04175439104437828 -0.16618767380714417
v 0.026448888704180717 -0.04192313924431801 -0.16623418033123016
v 0.026143288239836693 -0.042104508727788925 -0.16496503353118896
v 0.026404505595564842 -0.04175439104437828 -0.16618767380714417
v 0.026143288239836693 -0.042104508727788925 -0.16496503353118896
v 0.02611946128308773 -0.04194999858736992 -0.16497060656547546
v 0.023577431216835976 -0.04194999858736992 -0.15411682426929474
v 0.02611946128308773 -0.04194999858736992 -0.16497060656547546
v 0.026143288239836693 -0.042104508727788925 -0.16496503353118896
v 0.023577431216835976 -0.04194999858736992 -0.15411682426929474
v 0.026143288239836693 -0.042104508727788925 -0.16496503353118896
v 0.023642653599381447 -0.0422000028192997 -0.15410155057907104
v 0.023642653599381447 -0.0422000028192997 -0.15410155057907104
v 0.026143288239836693 -0.042104508727788925 -0.16496503353118896
v 0.0261846836656332 -0.0422000028192997 -0.16495533287525177
v 0.023642653599381447 -0.0422000028192997 -0.15410155057907104
v 0.0261846836656332 -0.0422000028192997 -0.16495533287525177
v 0.023820841684937477 -0.04238301143050194 -0.15405981242656708
v 0.023820841684937477 -0.04238301143050194 -0.15405981242656708
v 0.0261846836656332 -0.0422000028192997 -0.16495533287525177
v 0.026212437078356743 -0.042243894189596176 -0.16494883596897125
v 0.023820841684937477 -0.04238301143050194 -0.15405981242656708
v 0.026212437078356743 -0.042243894189596176 -0.16494883596897125
v 0.026320138946175575 -0.04235450550913811 -0.16492360830307007
v 0.026606285944581032 -0.04244999960064888 -0.16485659778118134
v 0.024064255878329277 -0.04244999960064888 -0.1540028154850006
v 0.026455851271748543 -0.04242553189396858 -0.1648918241262436
v 0.026455851271748543 -0.04242553189396858 -0.1648918241262436
v 0.024064255878329277 -0.04244999960064888 -0.1540028154850006
v 0.023820841684937477 -0.04238301143050194 -0.15405981242656708
v 0.026455851271748543 -0.04242553189396858 -0.1648918241262436
v 0.023820841684937477 -0.04238301143050194 -0.15405981242656708
v 0.02636287547647953 -0.04238301143050194 -0.164913609623909
v 0.02636287547647953 -0.04238301143050194 -0.164913609623909
v 0.023820841684937477 -0.04238301143050194 -0.15405981242656708
v 0.026320138946175575 -0.04235450550913811 -0.16492360830307007
v -0.037749845534563065 -0.035133685916662216 -0.08570776134729385
v -0.041456736624240875 -0.034949999302625656 -0.08750131726264954
v -0.037751853466033936 -0.035330601036548615 -0.0859282910823822
v -0.037751853466033936 -0.035330601036548615 -0.0859282910823822
v -0.041456736624240875 -0.034949999302625656 -0.08750131726264954
v -0.04549216106534004 -0.03545000031590462 -0.0907507985830307
v -0.037751853466033936 -0.035330601036548615 -0.0859282910823822
v -0.04549216106534004 -0.03545000031590462 -0.0907507985830307
v -0.03771241754293442 -0.03545000031590462 -0.08604198694229126
v -0.037749845534563065 -0.035133685916662216 -0.08570776134729385
v -0.037653155624866486 -0.03499820828437805 -0.08550954610109329
v -0.041456736624240875 -0.034949999302625656 -0.08750131726264954
v -0.041456736624240875 -0.034949999302625656 -0.08750131726264954
v -0.037653155624866486 -0.03499820828437805 -0.08550954610109329
v -0.037576306611299515 -0.03496269881725311 -0.08543265610933304
v -0.041456736624240875 -0.034949999302625656 -0.08750131726264954
v -0.037576306611299515 -0.03496269881725311 -0.08543265610933304
v -0.03748059272766113 -0.034949999302625656 -0.08537221699953079
v 0.02772088162600994 -0.034949999302625656 -0.1682836413383484
v 0.02763918973505497 -0.03496280685067177 -0.16836269199848175
v 0.02434028871357441 -0.034949999302625656 -0.1720266044139862
v 0.02434028871357441 -0.034949999302625656 -0.1720266044139862
v 0.02763918973505497 -0.03496280685067177 -0.16836269199848175
v 0.027546735480427742 -0.03499820828437805 -0.16841895878314972
v 0.02434028871357441 -0.034949999302625656 -0.1720266044139862
v 0.027546735480427742 -0.03499820828437805 -0.16841895878314972
v 0.027331313118338585 -0.035133685916662216 -0.16846619546413422
v 0.027331313118338585 -0.035133685916662216 -0.16846619546413422
v 0.027116527780890465 -0.035330601036548615 -0.16841614246368408
v 0.02434028871357441 -0.034949999302625656 -0.1720266044139862
v 0.02434028871357441 -0.034949999302625656 -0.1720266044139862
v 0.027116527780890465 -0.035330601036548615 -0.16841614246368408
v 0.027015333995223045 -0.03545000031590462 -0.16835100948810577
v 0.02434028871357441 -0.034949999302625656 -0.1720266044139862
v 0.027015333995223045 -0.03545000031590462 -0.16835100948810577
v 0.020605040714144707 -0.03545000031590462 -0.17480124533176422
v -0.05738808959722519 -0.034949999302625656 -0.10185232013463974
v -0.05990201607346535 -0.03545000031590462 -0.10651809722185135
v -0.0534919798374176 -0.03545000031590462 -0.09790799021720886
v -0.041456736624240875 -0.034949999302625656 -0.08750131726264954
v -0.045786477625370026 -0.034949999302625656 -0.09034659713506699
v -0.04549216106534004 -0.03545000031590462 -0.0907507985830307
v -0.04549216106534004 -0.03545000031590462 -0.0907507985830307
v -0.045786477625370026 -0.034949999302625656 -0.09034659713506699
v -0.05014187470078468 -0.034949999302625656 -0.0938781276345253
v -0.04549216106534004 -0.03545000031590462 -0.0907507985830307
v -0.05014187470078468 -0.034949999302625656 -0.0938781276345253
v -0.0534919798374176 -0.03545000031590462 -0.09790799021720886
v -0.0534919798374176 -0.03545000031590462 -0.09790799021720886
v -0.05014187470078468 -0.034949999302625656 -0.0938781276345253
v -0.053861066699028015 -0.034949999302625656 -0.09757068008184433
v -0.0534919798374176 -0.03545000031590462 -0.09790799021720886
v -0.053861066699028015 -0.034949999302625656 -0.09757068008184433
v -0.05738808959722519 -0.034949999302625656 -0.10185232013463974
v -0.06647854298353195 -0.034949999302625656 -0.12127197533845901
v -0.06699494272470474 -0.03545000031590462 -0.1266661137342453
v -0.06446422636508942 -0.03545000031590462 -0.11623452603816986
v -0.05738808959722519 -0.034949999302625656 -0.10185232013463974
v -0.06033100560307503 -0.034949999302625656 -0.10626126080751419
v -0.05990201607346535 -0.03545000031590462 -0.10651809722185135
v -0.05990201607346535 -0.03545000031590462 -0.10651809722185135
v -0.06033100560307503 -0.034949999302625656 -0.10626126080751419
v -0.0629068911075592 -0.034949999302625656 -0.11110641062259674
v -0.05990201607346535 -0.03545000031590462 -0.10651809722185135
v -0.0629068911075592 -0.034949999302625656 -0.11110641062259674
v -0.06446422636508942 -0.03545000031590462 -0.11623452603816986
v -0.06446422636508942 -0.03545000031590462 -0.11623452603816986
v -0.0629068911075592 -0.034949999302625656 -0.11110641062259674
v -0.0649358481168747 -0.034949999302625656 -0.11606848984956741
v -0.06446422636508942 -0.03545000031590462 -0.11623452603816986
v -0.0649358481168747 -0.034949999302625656 -0.11606848984956741
v -0.06647854298353195 -0.034949999302625656 -0.12127197533845901
v -0.06647854298353195 -0.034949999302625656 -0.12127197533845901
v -0.06749022752046585 -0.034949999302625656 -0.1265975683927536
v -0.06699494272470474 -0.03545000031590462 -0.1266661137342453
v -0.06699494272470474 -0.03545000031590462 -0.1266661137342453
v -0.06749022752046585 -0.034949999302625656 -0.1265975683927536
v -0.06796085834503174 -0.034949999302625656 -0.13194428384304047
v -0.06699494272470474 -0.03545000031590462 -0.1266661137342453
v -0.06796085834503174 -0.034949999302625656 -0.13194428384304047
v -0.06739230453968048 -0.03545000031590462 -0.13739292323589325
v -0.06796085834503174 -0.034949999302625656 -0.13194428384304047
v -0.06789129972457886 -0.034949999302625656 -0.13742463290691376
v -0.06739230453968048 -0.03545000031590462 -0.13739292323589325
v -0.06739230453968048 -0.03545000031590462 -0.13739292323589325
v -0.06789129972457886 -0.034949999302625656 -0.13742463290691376
v -0.06729481369256973 -0.034949999302625656 -0.14269843697547913
v -0.06739230453968048 -0.03545000031590462 -0.13739292323589325
v -0.06729481369256973 -0.034949999302625656 -0.14269843697547913
v -0.06564030796289444 -0.03545000031590462 -0.14798316359519958
v -0.06729481369256973 -0.034949999302625656 -0.14269843697547913
v -0.06612292677164078 -0.034949999302625656 -0.14811384677886963
v -0.06564030796289444 -0.03545000031590462 -0.14798316359519958
v -0.06564030796289444 -0.03545000031590462 -0.14798316359519958
v -0.06612292677164078 -0.034949999302625656 -0.14811384677886963
v -0.06450693309307098 -0.034949999302625656 -0.15310627222061157
v -0.06564030796289444 -0.03545000031590462 -0.14798316359519958
v -0.06450693309307098 -0.034949999302625656 -0.15310627222061157
v -0.0618094764649868 -0.03545000031590462 -0.15801049768924713
v -0.06450693309307098 -0.034949999302625656 -0.15310627222061157
v -0.06225629523396492 -0.034949999302625656 -0.15823489427566528
v -0.0618094764649868 -0.03545000031590462 -0.15801049768924713
v -0.0618094764649868 -0.03545000031590462 -0.15801049768924713
v -0.06225629523396492 -0.034949999302625656 -0.15823489427566528
v -0.059708207845687866 -0.034949999302625656 -0.16275343298912048
v -0.0618094764649868 -0.03545000031590462 -0.15801049768924713
v -0.059708207845687866 -0.034949999302625656 -0.16275343298912048
v -0.05605403333902359 -0.03545000031590462 -0.16707125306129456
v -0.059708207845687866 -0.034949999302625656 -0.16275343298912048
v -0.05644706264138222 -0.034949999302625656 -0.16738033294677734
v -0.05605403333902359 -0.03545000031590462 -0.16707125306129456
v -0.05605403333902359 -0.03545000031590462 -0.16707125306129456
v -0.05644706264138222 -0.034949999302625656 -0.16738033294677734
v -0.0530896931886673 -0.034949999302625656 -0.17125581204891205
v -0.05605403333902359 -0.03545000031590462 -0.16707125306129456
v -0.0530896931886673 -0.034949999302625656 -0.17125581204891205
v -0.04860566556453705 -0.03545000031590462 -0.17480070888996124
v -0.0530896931886673 -0.034949999302625656 -0.17125581204891205
v -0.048929084092378616 -0.034949999302625656 -0.1751820296049118
v -0.04860566556453705 -0.03545000031590462 -0.17480070888996124
v -0.04860566556453705 -0.03545000031590462 -0.17480070888996124
v -0.048929084092378616 -0.034949999302625656 -0.1751820296049118
v -0.044914890080690384 -0.034949999302625656 -0.17827492952346802
v -0.04860566556453705 -0.03545000031590462 -0.17480070888996124
v -0.044914890080690384 -0.034949999302625656 -0.17827492952346802
v -0.03976421430706978 -0.03545000031590462 -0.18088768422603607
v -0.044914890080690384 -0.034949999302625656 -0.17827492952346802
v -0.04000500217080116 -0.034949999302625656 -0.18132589757442474
v -0.03976421430706978 -0.03545000031590462 -0.18088768422603607
v -0.03976421430706978 -0.03545000031590462 -0.18088768422603607
v -0.04000500217080116 -0.034949999302625656 -0.18132589757442474
v -0.03550926595926285 -0.034949999302625656 -0.18353131413459778
v -0.03976421430706978 -0.03545000031590462 -0.18088768422603607
v -0.03550926595926285 -0.034949999302625656 -0.18353131413459778
v -0.02988560125231743 -0.03545000031590462 -0.1850871592760086
v -0.03550926595926285 -0.034949999302625656 -0.18353131413459778
v -0.03003406524658203 -0.034949999302625656 -0.18556460738182068
v -0.02988560125231743 -0.03545000031590462 -0.1850871592760086
v -0.02988560125231743 -0.03545000031590462 -0.1850871592760086
v -0.03003406524658203 -0.034949999302625656 -0.18556460738182068
v -0.02524728886783123 -0.034949999302625656 -0.18681570887565613
v -0.02988560125231743 -0.03545000031590462 -0.1850871592760086
v -0.02524728886783123 -0.034949999302625656 -0.18681570887565613
v -0.01936749741435051 -0.03545000031590462 -0.18723006546497345
v -0.02524728886783123 -0.034949999302625656 -0.18681570887565613
v -0.01941766031086445 -0.034949999302625656 -0.18772754073143005
v -0.01936749741435051 -0.03545000031590462 -0.18723006546497345
v -0.01936749741435051 -0.03545000031590462 -0.18723006546497345
v -0.01941766031086445 -0.034949999302625656 -0.18772754073143005
v -0.014537520706653595 -0.034949999302625656 -0.18799732625484467
v -0.01936749741435051 -0.03545000031590462 -0.18723006546497345
v -0.014537520706653595 -0.034949999302625656 -0.18799732625484467
v -0.008633319288492203 -0.03545000031590462 -0.1872301548719406
v -0.014537520706653595 -0.034949999302625656 -0.18799732625484467
v -0.00858316384255886 -0.034949999302625656 -0.18772763013839722
v -0.008633319288492203 -0.03545000031590462 -0.1872301548719406
v -0.008633319288492203 -0.03545000031590462 -0.1872301548719406
v -0.00858316384255886 -0.034949999302625656 -0.18772763013839722
v -0.003806352149695158 -0.034949999302625656 -0.1870291382074356
v -0.008633319288492203 -0.03545000031590462 -0.1872301548719406
v -0.003806352149695158 -0.034949999302625656 -0.1870291382074356
v 0.0018848166801035404 -0.03545000031590462 -0.1850873976945877
v -0.003806352149695158 -0.034949999302625656 -0.1870291382074356
v 0.002033273223787546 -0.034949999302625656 -0.18556486070156097
v 0.0018848166801035404 -0.03545000031590462 -0.1850873976945877
v 0.0018848166801035404 -0.03545000031590462 -0.1850873976945877
v 0.002033273223787546 -0.034949999302625656 -0.18556486070156097
v 0.006518975365906954 -0.034949999302625656 -0.18394969403743744
v 0.0018848166801035404 -0.03545000031590462 -0.1850873976945877
v 0.006518975365906954 -0.034949999302625656 -0.18394969403743744
v 0.011763496324419975 -0.03545000031590462 -0.1808880865573883
v 0.006518975365906954 -0.034949999302625656 -0.18394969403743744
v 0.012004276737570763 -0.034949999302625656 -0.18132628500461578
v 0.011763496324419975 -0.03545000031590462 -0.1808880865573883
v 0.011763496324419975 -0.03545000031590462 -0.1808880865573883
v 0.012004276737570763 -0.034949999302625656 -0.18132628500461578
v 0.01602737419307232 -0.034949999302625656 -0.17888158559799194
v 0.011763496324419975 -0.03545000031590462 -0.1808880865573883
v 0.01602737419307232 -0.034949999302625656 -0.17888158559799194
v 0.020605040714144707 -0.03545000031590462 -0.17480124533176422
v 0.020605040714144707 -0.03545000031590462 -0.17480124533176422
v 0.01602737419307232 -0.034949999302625656 -0.17888158559799194
v 0.020928451791405678 -0.034949999302625656 -0.17518256604671478
v 0.020605040714144707 -0.03545000031590462 -0.17480124533176422
v 0.020928451791405678 -0.034949999302625656 -0.17518256604671478
v 0.02434028871357441 -0.034949999302625656 -0.1720266044139862
v -0.03748059272766113 0.034949999302625656 -0.08537221699953079
v -0.03757668286561966 0.03496280685067177 -0.08543296158313751
v -0.041456736624240875 0.034949999302625656 -0.08750131726264954
v -0.041456736624240875 0.034949999302625656 -0.08750131726264954
v -0.03757668286561966 0.03496280685067177 -0.08543296158313751
v -0.037653155624866486 0.03499820828437805 -0.08550954610109329
v -0.041456736624240875 0.034949999302625656 -0.08750131726264954
v -0.037653155624866486 0.03499820828437805 -0.08550954610109329
v -0.037749845534563065 0.035133685916662216 -0.08570776134729385
v -0.037749845534563065 0.035133685916662216 -0.08570776134729385
v -0.037751853466033936 0.035330601036548615 -0.0859282910823822
v -0.041456736624240875 0.034949999302625656 -0.08750131726264954
v -0.041456736624240875 0.034949999302625656 -0.08750131726264954
v -0.037751853466033936 0.035330601036548615 -0.0859282910823822
v -0.03771241754293442 0.03545000031590462 -0.08604198694229126
v -0.041456736624240875 0.034949999302625656 -0.08750131726264954
v -0.03771241754293442 0.03545000031590462 -0.08604198694229126
v -0.04549216106534004 0.03545000031590462 -0.0907507985830307
v 0.027331313118338585 0.035133685916662216 -0.16846619546413422
v 0.02434028871357441 0.034949999302625656 -0.1720266044139862
v 0.027116527780890465 0.035330601036548615 -0.16841614246368408
v 0.027116527780890465 0.035330601036548615 -0.16841614246368408
v 0.02434028871357441 0.034949999302625656 -0.1720266044139862
v 0.020605040714144707 0.03545000031590462 -0.17480124533176422
v 0.027116527780890465 0.035330601036548615 -0.16841614246368408
v 0.020605040714144707 0.03545000031590462 -0.17480124533176422
v 0.027015333995223045 0.03545000031590462 -0.16835100948810577
v 0.027331313118338585 0.035133685916662216 -0.16846619546413422
v 0.027546735480427742 0.03499820828437805 -0.16841895878314972
v 0.02434028871357441 0.034949999302625656 -0.1720266044139862
v 0.02434028871357441 0.034949999302625656 -0.1720266044139862
v 0.027546735480427742 0.03499820828437805 -0.16841895878314972
v 0.02763957716524601 0.034962695091962814 -0.16836240887641907
v 0.02434028871357441 0.034949999302625656 -0.1720266044139862
v 0.02763957716524601 0.034962695091962814 -0.16836240887641907
v 0.02772088162600994 0.034949999302625656 -0.1682836413383484
v 0.006518975365906954 0.034949999302625656 -0.18394969403743744
v 0.0018848166801035404 0.03545000031590462 -0.1850873976945877
v 0.011763496324419975 0.03545000031590462 -0.1808880865573883
v 0.02434028871357441 0.034949999302625656 -0.1720266044139862
v 0.020928451791405678 0.034949999302625656 -0.17518256604671478
v 0.020605040714144707 0.03545000031590462 -0.17480124533176422
v 0.020605040714144707 0.03545000031590462 -0.17480124533176422
v 0.020928451791405678 0.034949999302625656 -0.17518256604671478
v 0.01602737419307232 0.034949999302625656 -0.17888158559799194
v 0.020605040714144707 0.03545000031590462 -0.17480124533176422
v 0.01602737419307232 0.034949999302625656 -0.17888158559799194
v 0.011763496324419975 0.03545000031590462 -0.1808880865573883
v 0.011763496324419975 0.03545000031590462 -0.1808880865573883
v 0.01602737419307232 0.034949999302625656 -0.17888158559799194
v 0.012004276737570763 0.034949999302625656 -0.18132628500461578
v 0.011763496324419975 0.03545000031590462 -0.1808880865573883
v 0.012004276737570763 0.034949999302625656 -0.18132628500461578
v 0.006518975365906954 0.034949999302625656 -0.18394969403743744
v -0.014537520706653595 0.034949999302625656 -0.18799732625484467
v -0.01936749741435051 0.03545000031590462 -0.18723006546497345
v -0.008633319288492203 0.03545000031590462 -0.1872301548719406
v 0.006518975365906954 0.034949999302625656 -0.18394969403743744
v 0.002033273223787546 0.034949999302625656 -0.18556486070156097
v 0.0018848166801035404 0.03545000031590462 -0.1850873976945877
v 0.0018848166801035404 0.03545000031590462 -0.1850873976945877
v 0.002033273223787546 0.034949999302625656 -0.18556486070156097
v -0.003806352149695158 0.034949999302625656 -0.1870291382074356
v 0.0018848166801035404 0.03545000031590462 -0.1850873976945877
v -0.003806352149695158 0.034949999302625656 -0.1870291382074356
v -0.008633319288492203 0.03545000031590462 -0.1872301548719406
v -0.008633319288492203 0.03545000031590462 -0.1872301548719406
v -0.003806352149695158 0.034949999302625656 -0.1870291382074356
v -0.00858316384255886 0.034949999302625656 -0.18772763013839722
v -0.008633319288492203 0.03545000031590462 -0.1872301548719406
v -0.00858316384255886 0.034949999302625656 -0.18772763013839722
v -0.014537520706653595 0.034949999302625656 -0.18799732625484467
v -0.03550926595926285 0.034949999302625656 -0.18353131413459778
v -0.03976421430706978 0.03545000031590462 -0.18088768422603607
v -0.02988560125231743 0.03545000031590462 -0.1850871592760086
v -0.014537520706653595 0.034949999302625656 -0.18799732625484467
v -0.01941766031086445 0.034949999302625656 -0.18772754073143005
v -0.01936749741435051 0.03545000031590462 -0.18723006546497345
v -0.01936749741435051 0.03545000031590462 -0.18723006546497345
v -0.01941766031086445 0.034949999302625656 -0.18772754073143005
v -0.02524728886783123 0.034949999302625656 -0.18681570887565613
v -0.01936749741435051 0.03545000031590462 -0.18723006546497345
v -0.02524728886783123 0.034949999302625656 -0.18681570887565613
v -0.02988560125231743 0.03545000031590462 -0.1850871592760086
v -0.02988560125231743 0.03545000031590462 -0.1850871592760086
v -0.02524728886783123 0.034949999302625656 -0.18681570887565613
v -0.03003406524658203 0.034949999302625656 -0.18556460738182068
v -0.02988560125231743 0.03545000031590462 -0.1850871592760086
v -0.03003406524658203 0.034949999302625656 -0.18556460738182068
v -0.03550926595926285 0.034949999302625656 -0.18353131413459778
v -0.0530896931886673 0.034949999302625656 -0.17125581204891205
v -0.05605403333902359 0.03545000031590462 -0.16707125306129456
v -0.04860566556453705 0.03545000031590462 -0.17480070888996124
v -0.03550926595926285 0.034949999302625656 -0.18353131413459778
v -0.04000500217080116 0.034949999302625656 -0.18132589757442474
v -0.03976421430706978 0.03545000031590462 -0.18088768422603607
v -0.03976421430706978 0.03545000031590462 -0.18088768422603607
v -0.04000500217080116 0.034949999302625656 -0.18132589757442474
v -0.044914890080690384 0.034949999302625656 -0.17827492952346802
v -0.03976421430706978 0.03545000031590462 -0.18088768422603607
v -0.044914890080690384 0.034949999302625656 -0.17827492952346802
v -0.04860566556453705 0.03545000031590462 -0.17480070888996124
v -0.04860566556453705 0.03545000031590462 -0.17480070888996124
v -0.044914890080690384 0.034949999302625656 -0.17827492952346802
v -0.048929084092378616 0.034949999302625656 -0.1751820296049118
v -0.04860566556453705 0.03545000031590462 -0.17480070888996124
v -0.048929084092378616 0.034949999302625656 -0.1751820296049118
v -0.0530896931886673 0.034949999302625656 -0.17125581204891205
v -0.06450693309307098 0.034949999302625656 -0.15310627222061157
v -0.06564030796289444 0.03545000031590462 -0.14798316359519958
v -0.0618094764649868 0.03545000031590462 -0.15801049768924713
v -0.0530896931886673 0.034949999302625656 -0.17125581204891205
v -0.05644706264138222 0.034949999302625656 -0.16738033294677734
v -0.05605403333902359 0.03545000031590462 -0.16707125306129456
v -0.05605403333902359 0.03545000031590462 -0.16707125306129456
v -0.05644706264138222 0.034949999302625656 -0.16738033294677734
v -0.059708207845687866 0.034949999302625656 -0.16275343298912048
v -0.05605403333902359 0.03545000031590462 -0.16707125306129456
v -0.059708207845687866 0.034949999302625656 -0.16275343298912048
v -0.0618094764649868 0.03545000031590462 -0.15801049768924713
v -0.0618094764649868 0.03545000031590462 -0.15801049768924713
v -0.059708207845687866 0.034949999302625656 -0.16275343298912048
v -0.06225629523396492 0.034949999302625656 -0.15823489427566528
v -0.0618094764649868 0.03545000031590462 -0.15801049768924713
v -0.06225629523396492 0.034949999302625656 -0.15823489427566528
v -0.06450693309307098 0.034949999302625656 -0.15310627222061157
v -0.06796085834503174 0.034949999302625656 -0.13194428384304047
v -0.06699494272470474 0.03545000031590462 -0.1266661137342453
v -0.06739230453968048 0.03545000031590462 -0.13739292323589325
v -0.06450693309307098 0.034949999302625656 -0.15310627222061157
v -0.06612292677164078 0.034949999302625656 -0.14811384677886963
v -0.06564030796289444 0.03545000031590462 -0.14798316359519958
v -0.06564030796289444 0.03545000031590462 -0.14798316359519958
v -0.06612292677164078 0.034949999302625656 -0.14811384677886963
v -0.06729481369256973 0.034949999302625656 -0.14269843697547913
v -0.06564030796289444 0.03545000031590462 -0.14798316359519958
v -0.06729481369256973 0.034949999302625656 -0.14269843697547913
v -0.06739230453968048 0.03545000031590462 -0.13739292323589325
v -0.06739230453968048 0.03545000031590462 -0.13739292323589325
v -0.06729481369256973 0.034949999302625656 -0.14269843697547913
v -0.06789129972457886 0.034949999302625656 -0.13742463290691376
v -0.06739230453968048 0.03545000031590462 -0.13739292323589325
v -0.06789129972457886 0.034949999302625656 -0.13742463290691376
v -0.06796085834503174 0.034949999302625656 -0.13194428384304047
v -0.06796085834503174 0.034949999302625656 -0.13194428384304047
v -0.06749022752046585 0.034949999302625656 -0.1265975683927536
v -0.06699494272470474 0.03545000031590462 -0.1266661137342453
v -0.06699494272470474 0.03545000031590462 -0.1266661137342453
v -0.06749022752046585 0.034949999302625656 -0.1265975683927536
v -0.06647854298353195 0.034949999302625656 -0.12127197533845901
v -0.06699494272470474 0.03545000031590462 -0.1266661137342453
v -0.06647854298353195 0.034949999302625656 -0.12127197533845901
v -0.06446422636508942 0.03545000031590462 -0.11623452603816986
v -0.06647854298353195 0.034949999302625656 -0.12127197533845901
v -0.0649358481168747 0.034949999302625656 -0.11606848984956741
v -0.06446422636508942 0.03545000031590462 -0.11623452603816986
v -0.06446422636508942 0.03545000031590462 -0.11623452603816986
v -0.0649358481168747 0.034949999302625656 -0.11606848984956741
v -0.0629068911075592 0.034949999302625656 -0.11110641062259674
v -0.06446422636508942 0.03545000031590462 -0.11623452603816986
v -0.0629068911075592 0.034949999302625656 -0.11110641062259674
v -0.05990201607346535 0.03545000031590462 -0.10651809722185135
v -0.0629068911075592 0.034949999302625656 -0.11110641062259674
v -0.06033100560307503 0.034949999302625656 -0.10626126080751419
v -0.05990201607346535 0.03545000031590462 -0.10651809722185135
v -0.05990201607346535 0.03545000031590462 -0.10651809722185135
v -0.06033100560307503 0.034949999302625656 -0.10626126080751419
v -0.05738808959722519 0.034949999302625656 -0.10185232013463974
v -0.05990201607346535 0.03545000031590462 -0.10651809722185135
v -0.05738808959722519 0.034949999302625656 -0.10185232013463974
v -0.0534919798374176 0.03545000031590462 -0.09790799021720886
v -0.05738808959722519 0.034949999302625656 -0.10185232013463974
v -0.053861066699028015 0.034949999302625656 -0.09757068008184433
v -0.0534919798374176 0.03545000031590462 -0.09790799021720886
v -0.0534919798374176 0.03545000031590462 -0.09790799021720886
v -0.053861066699028015 0.034949999302625656 -0.09757068008184433
v -0.05014187470078468 0.034949999302625656 -0.0938781276345253
v -0.0534919798374176 0.03545000031590462 -0.09790799021720886
v -0.05014187470078468 0.034949999302625656 -0.0938781276345253
v -0.04549216106534004 0.03545000031590462 -0.0907507985830307
v -0.04549216106534004 0.03545000031590462 -0.0907507985830307
v -0.05014187470078468 0.034949999302625656 -0.0938781276345253
v -0.045786477625370026 0.034949999302625656 -0.09034659713506699
v -0.04549216106534004 0.03545000031590462 -0.0907507985830307
v -0.045786477625370026 0.034949999302625656 -0.09034659713506699
v -0.041456736624240875 0.034949999302625656 -0.08750131726264954
v 4.3213368994265977e-10 0.04450000077486038 -0.000500005146022886
v 0.009790921583771706 0.042896825820207596 3.3378602104505717e-09
v 0.00990218110382557 0.04338429123163223 -0.000500005146022886
v 0.00990218110382557 0.04338429123163223 -0.000500005146022886
v 0.009790921583771706 0.042896825820207596 3.3378602104505717e-09
v 0.019090885296463966 0.03964262828230858 3.3378602104505717e-09
v 0.00990218110382557 0.04338429123163223 -0.000500005146022886
v 0.019090885296463966 0.03964262828230858 3.3378602104505717e-09
v 0.019307827576994896 0.040093112736940384 -0.000500005146022886
v 0.019307827576994896 0.040093112736940384 -0.000500005146022886
v 0.019090885296463966 0.03964262828230858 3.3378602104505717e-09
v 0.027433549985289574 0.034400586038827896 3.3378602104505717e-09
v 0.019307827576994896 0.040093112736940384 -0.000500005146022886
v 0.027433549985289574 0.034400586038827896 3.3378602104505717e-09
v 0.02774529717862606 0.034791499376297 -0.000500005146022886
v 0.02774529717862606 0.034791499376297 -0.000500005146022886
v 0.027433549985289574 0.034400586038827896 3.3378602104505717e-09
v 0.034400586038827896 0.027433551847934723 3.3378602104505717e-09
v 0.02774529717862606 0.034791499376297 -0.000500005146022886
v 0.034400586038827896 0.027433551847934723 3.3378602104505717e-09
v 0.034791503101587296 0.02774529531598091 -0.000500005146022886
v 0.034791503101587296 0.02774529531598091 -0.000500005146022886
v 0.034400586038827896 0.027433551847934723 3.3378602104505717e-09
v 0.03964263200759888 0.019090883433818817 3.3378602104505717e-09
v 0.034791503101587296 0.02774529531598091 -0.000500005146022886
v 0.03964263200759888 0.019090883433818817 3.3378602104505717e-09
v 0.04009311646223068 0.019307825714349747 -0.000500005146022886
v 0.04009311646223068 0.019307825714349747 -0.000500005146022886
v 0.03964263200759888 0.019090883433818817 3.3378602104505717e-09
v 0.042896829545497894 0.009790921583771706 3.3378602104505717e-09
v 0.04009311646223068 0.019307825714349747 -0.000500005146022886
v 0.042896829545497894 0.009790921583771706 3.3378602104505717e-09
v 0.04338429495692253 0.00990218110382557 -0.000500005146022886
v 0.04338429495692253 0.00990218110382557 -0.000500005146022886
v 0.042896829545497894 0.009790921583771706 3.3378602104505717e-09
v 0.04399999976158142 -2.980227176152539e-11 3.3378602104505717e-09
v 0.04338429495692253 0.00990218110382557 -0.000500005146022886
v 0.04399999976158142 -2.980227176152539e-11 3.3378602104505717e-09
v 0.04450000077486038 -2.980227176152539e-11 -0.000500005146022886
v 0.04450000077486038 -2.980227176152539e-11 -0.000500005146022886
v 0.04399999976158142 -2.980227176152539e-11 3.3378602104505717e-09
v 0.042896829545497894 -0.009790919721126556 3.3378602104505717e-09
v 0.04450000077486038 -2.980227176152539e-11 -0.000500005146022886
v 0.042896829545497894 -0.009790919721126556 3.3378602104505717e-09
v 0.04338429495692253 -0.009902182966470718 -0.000500005146022886
v 0.04338429495692253 -0.009902182966470718 -0.000500005146022886
v 0.042896829545497894 -0.009790919721126556 3.3378602104505717e-09
v 0.03964263200759888 -0.019090883433818817 3.3378602104505717e-09
v 0.04338429495692253 -0.009902182966470718 -0.000500005146022886
v 0.03964263200759888 -0.019090883433818817 3.3378602104505717e-09
v 0.04009311646223068 -0.019307825714349747 -0.000500005146022886
v 0.04009311646223068 -0.019307825714349747 -0.000500005146022886
v 0.03964263200759888 -0.019090883433818817 3.3378602104505717e-09
v 0.034400586038827896 -0.027433551847934723 3.3378602104505717e-09
v 0.04009311646223068 -0.019307825714349747 -0.000500005146022886
v 0.034400586038827896 -0.027433551847934723 3.3378602104505717e-09
v 0.034791503101587296 -0.02774529531598091 -0.000500005146022886
v 0.034791503101587296 -0.02774529531598091 -0.000500005146022886
v 0.034400586038827896 -0.027433551847934723 3.3378602104505717e-09
v 0.027433549985289574 -0.034400586038827896 3.3378602104505717e-09
v 0.034791503101587296 -0.02774529531598091 -0.000500005146022886
v 0.027433549985289574 -0.034400586038827896 3.3378602104505717e-09
v 0.02774529717862606 -0.034791499376297 -0.000500005146022886
v 0.02774529717862606 -0.034791499376297 -0.000500005146022886
v 0.027433549985289574 -0.034400586038827896 3.3378602104505717e-09
v 0.019090885296463966 -0.03964262828230858 3.3378602104505717e-09
v 0.02774529717862606 -0.034791499376297 -0.000500005146022886
v 0.019090885296463966 -0.03964262828230858 3.3378602104505717e-09
v 0.019307827576994896 -0.040093112736940384 -0.000500005146022886
v 0.019307827576994896 -0.040093112736940384 -0.000500005146022886
v 0.019090885296463966 -0.03964262828230858 3.3378602104505717e-09
v 0.009790921583771706 -0.042896825820207596 3.3378602104505717e-09
v 0.019307827576994896 -0.040093112736940384 -0.000500005146022886
v 0.009790921583771706 -0.042896825820207596 3.3378602104505717e-09
v 0.00990218110382557 -0.04338429495692253 -0.000500005146022886
v 0.00990218110382557 -0.04338429495692253 -0.000500005146022886
v 0.009790921583771706 -0.042896825820207596 3.3378602104505717e-09
v 4.3213368994265977e-10 -0.04400000348687172 3.3378602104505717e-09
v 0.00990218110382557 -0.04338429495692253 -0.000500005146022886
v 4.3213368994265977e-10 -0.04400000348687172 3.3378602104505717e-09
v 4.3213368994265977e-10 -0.044499997049570084 -0.000500005146022886
v 4.3213368994265977e-10 -0.044499997049570084 -0.000500005146022886
v 4.3213368994265977e-10 -0.04400000348687172 3.3378602104505717e-09
v -0.009790921583771706 -0.042896825820207596 3.3378602104505717e-09
v 4.3213368994265977e-10 -0.044499997049570084 -0.000500005146022886
v -0.009790921583771706 -0.042896825820207596 3.3378602104505717e-09
v -0.009902182035148144 -0.04338429495692253 -0.000500005146022886
v -0.009902182035148144 -0.04338429495692253 -0.000500005146022886
v -0.009790921583771706 -0.042896825820207596 3.3378602104505717e-09
v -0.019090885296463966 -0.03964262828230858 3.3378602104505717e-09
v -0.009902182035148144 -0.04338429495692253 -0.000500005146022886
v -0.019090885296463966 -0.03964262828230858 3.3378602104505717e-09
v -0.019307825714349747 -0.040093112736940384 -0.000500005146022886
v -0.019307825714349747 -0.040093112736940384 -0.000500005146022886
v -0.019090885296463966 -0.03964262828230858 3.3378602104505717e-09
v -0.027433551847934723 -0.034400586038827896 3.3378602104505717e-09
v -0.019307825714349747 -0.040093112736940384 -0.000500005146022886
v -0.027433551847934723 -0.034400586038827896 3.3378602104505717e-09
v -0.02774529531598091 -0.034791499376297 -0.000500005146022886
v -0.02774529531598091 -0.034791499376297 -0.000500005146022886
v -0.027433551847934723 -0.034400586038827896 3.3378602104505717e-09
v -0.034400586038827896 -0.027433551847934723 3.3378602104505717e-09
v -0.02774529531598091 -0.034791499376297 -0.000500005146022886
v -0.034400586038827896 -0.027433551847934723 3.3378602104505717e-09
v -0.034791499376297 -0.02774529531598091 -0.000500005146022886
v -0.034791499376297 -0.02774529531598091 -0.000500005146022886
v -0.034400586038827896 -0.027433551847934723 3.3378602104505717e-09
v -0.03964262828230858 -0.019090883433818817 3.3378602104505717e-09
v -0.034791499376297 -0.02774529531598091 -0.000500005146022886
v -0.03964262828230858 -0.019090883433818817 3.3378602104505717e-09
v -0.040093112736940384 -0.019307825714349747 -0.000500005146022886
v -0.040093112736940384 -0.019307825714349747 -0.000500005146022886
v -0.03964262828230858 -0.019090883433818817 3.3378602104505717e-09
v -0.042896825820207596 -0.009790919721126556 3.3378602104505717e-09
v -0.040093112736940384 -0.019307825714349747 -0.000500005146022886
v -0.042896825820207596 -0.009790919721126556 3.3378602104505717e-09
v -0.04338429123163223 -0.009902182966470718 -0.000500005146022886
v -0.04338429123163223 -0.009902182966470718 -0.000500005146022886
v -0.042896825820207596 -0.009790919721126556 3.3378602104505717e-09
v -0.04399999976158142 -2.980225788373758e-11 3.3378602104505717e-09
v -0.04338429123163223 -0.009902182966470718 -0.000500005146022886
v -0.04399999976158142 -2.980225788373758e-11 3.3378602104505717e-09
v -0.04450000077486038 -2.980225788373758e-11 -0.000500005146022886
v -0.04450000077486038 -2.980225788373758e-11 -0.000500005146022886
v -0.04399999976158142 -2.980225788373758e-11 3.3378602104505717e-09
v -0.042896825820207596 0.009790921583771706 3.3378602104505717e-09
v -0.04450000077486038 -2.980225788373758e-11 -0.000500005146022886
v -0.042896825820207596 0.009790921583771706 3.3378602104505717e-09
v -0.04338429123163223 0.00990218110382557 -0.000500005146022886
v -0.04338429123163223 0.00990218110382557 -0.000500005146022886
v -0.042896825820207596 0.009790921583771706 3.3378602104505717e-09
v -0.03964262828230858 0.019090883433818817 3.3378602104505717e-09
v -0.04338429123163223 0.00990218110382557 -0.000500005146022886
v -0.03964262828230858 0.019090883433818817 3.3378602104505717e-09
v -0.040093112736940384 0.019307825714349747 -0.000500005146022886
v -0.040093112736940384 0.019307825714349747 -0.000500005146022886
v -0.03964262828230858 0.019090883433818817 3.3378602104505717e-09
v -0.034400586038827896 0.027433551847934723 3.3378602104505717e-09
v -0.040093112736940384 0.019307825714349747 -0.000500005146022886
v -0.034400586038827896 0.027433551847934723 3.3378602104505717e-09
v -0.034791499376297 0.02774529531598091 -0.000500005146022886
v -0.034791499376297 0.02774529531598091 -0.000500005146022886
v -0.034400586038827896 0.027433551847934723 3.3378602104505717e-09
v -0.027433551847934723 0.034400586038827896 3.3378602104505717e-09
v -0.034791499376297 0.02774529531598091 -0.000500005146022886
v -0.027433551847934723 0.034400586038827896 3.3378602104505717e-09
v -0.02774529531598091 0.034791499376297 -0.000500005146022886
v -0.02774529531598091 0.034791499376297 -0.000500005146022886
v -0.027433551847934723 0.034400586038827896 3.3378602104505717e-09
v -0.019090885296463966 0.03964262828230858 3.3378602104505717e-09
v -0.02774529531598091 0.034791499376297 -0.000500005146022886
v -0.019090885296463966 0.03964262828230858 3.3378602104505717e-09
v -0.019307825714349747 0.040093112736940384 -0.000500005146022886
v -0.019307825714349747 0.040093112736940384 -0.000500005146022886
v -0.019090885296463966 0.03964262828230858 3.3378602104505717e-09
v -0.009790921583771706 0.042896825820207596 3.3378602104505717e-09
v -0.019307825714349747 0.040093112736940384 -0.000500005146022886
v -0.009790921583771706 0.042896825820207596 3.3378602104505717e-09
v -0.009902182035148144 0.04338429123163223 -0.000500005146022886
v -0.009902182035148144 0.04338429123163223 -0.000500005146022886
v -0.009790921583771706 0.042896825820207596 3.3378602104505717e-09
v 4.3213368994265977e-10 0.04399999976158142 3.3378602104505717e-09
v -0.009902182035148144 0.04338429123163223 -0.000500005146022886
v 4.3213368994265977e-10 0.04399999976158142 3.3378602104505717e-09
v 4.3213368994265977e-10 0.04450000077486038 -0.000500005146022886
v 4.3213368994265977e-10 0.04450000077486038 -0.000500005146022886
v 4.3213368994265977e-10 0.04399999976158142 3.3378602104505717e-09
v 0.009790921583771706 0.042896825820207596 3.3378602104505717e-09
v 0.009999999776482582 -0.025750000029802322 -0.08674537390470505
v 0.009999999776482582 -0.025750000029802322 -0.08719444274902344
v 0.009999999776482582 0.025750000029802322 -0.08674537390470505
v 0.009999999776482582 0.025750000029802322 -0.08674537390470505
v 0.009999999776482582 -0.025750000029802322 -0.08719444274902344
v 0.009999999776482582 0.025750000029802322 -0.08719444274902344
v -0.008479553274810314 -0.04368463531136513 -0.08115224540233612
v -0.009910830296576023 -0.043382320553064346 -0.08130883425474167
v 0.00990218110382557 -0.04338429495692253 -0.08130759000778198
v 0.00990218110382557 -0.04338429495692253 -0.08130759000778198
v -0.009910830296576023 -0.043382320553064346 -0.08130883425474167
v 0.011321267113089561 -0.04303578659892082 -0.08158578723669052
v 0.00990218110382557 -0.04338429495692253 -0.08130759000778198
v 0.008098464459180832 -0.0437568835914135 -0.081123948097229
v -0.008479553274810314 -0.04368463531136513 -0.08115224540233612
v -0.008479553274810314 -0.04368463531136513 -0.08115224540233612
v 0.008098464459180832 -0.0437568835914135 -0.081123948097229
v 0.005308909807354212 -0.0441821850836277 -0.08101801574230194
v -0.008479553274810314 -0.04368463531136513 -0.08115224540233612
v 0.005308909807354212 -0.0441821850836277 -0.08101801574230194
v -0.005309999454766512 -0.044182050973176956 -0.08101803064346313
v -0.005309999454766512 -0.044182050973176956 -0.08101803064346313
v 0.005308909807354212 -0.0441821850836277 -0.08101801574230194
v 0.0021089096553623676 -0.044450003653764725 -0.08100000023841858
v -0.005309999454766512 -0.044182050973176956 -0.08101803064346313
v 0.0021089096553623676 -0.044450003653764725 -0.08100000023841858
v -0.0021089096553623676 -0.044450003653764725 -0.08100000023841858
v -0.009910830296576023 -0.043382320553064346 -0.08130883425474167
v -0.011321267113089561 -0.04303578659892082 -0.08158578723669052
v 0.011321267113089561 -0.04303578659892082 -0.08158578723669052
v 0.011321267113089561 -0.04303578659892082 -0.08158578723669052
v -0.011321267113089561 -0.04303578659892082 -0.08158578723669052
v -0.012856868095695972 -0.042602237313985825 -0.08223463594913483
v 0.011321267113089561 -0.04303578659892082 -0.08158578723669052
v -0.012856868095695972 -0.042602237313985825 -0.08223463594913483
v 0.012856867164373398 -0.042602237313985825 -0.08223463594913483
v 0.012856867164373398 -0.042602237313985825 -0.08223463594913483
v -0.012856868095695972 -0.042602237313985825 -0.08223463594913483
v 0.013193275779485703 -0.04249926283955574 -0.08255883306264877
v 0.013193275779485703 -0.04249926283955574 -0.08255883306264877
v -0.012856868095695972 -0.042602237313985825 -0.08223463594913483
v -0.013118065893650055 -0.04252253845334053 -0.0824662446975708
v 0.013193275779485703 -0.04249926283955574 -0.08255883306264877
v -0.013118065893650055 -0.04252253845334053 -0.0824662446975708
v 0.013307174667716026 -0.04246373847126961 -0.08276598155498505
v -0.01330692507326603 -0.042463820427656174 -0.08276531845331192
v -0.013350936584174633 -0.04244999960064888 -0.08300000429153442
v -0.013118065893650055 -0.04252253845334053 -0.0824662446975708
v -0.013118065893650055 -0.04252253845334053 -0.0824662446975708
v -0.013350936584174633 -0.04244999960064888 -0.08300000429153442
v 0.013350935652852058 -0.04244999960064888 -0.08300000429153442
v -0.013118065893650055 -0.04252253845334053 -0.0824662446975708
v 0.013350935652852058 -0.04244999960064888 -0.08300000429153442
v 0.013307174667716026 -0.04246373847126961 -0.08276598155498505
v 0.00847955234348774 0.04368463158607483 -0.08115224540233612
v 0.009910829365253448 0.04338231682777405 -0.08130883425474167
v -0.009902182035148144 0.04338429123163223 -0.08130759000778198
v -0.009902182035148144 0.04338429123163223 -0.08130759000778198
v 0.009910829365253448 0.04338231682777405 -0.08130883425474167
v -0.011321267113089561 0.04303578659892082 -0.08158578723669052
v -0.009902182035148144 0.04338429123163223 -0.08130759000778198
v -0.008098464459180832 0.0437568835914135 -0.081123948097229
v 0.00847955234348774 0.04368463158607483 -0.08115224540233612
v 0.00847955234348774 0.04368463158607483 -0.08115224540233612
v -0.008098464459180832 0.0437568835914135 -0.081123948097229
v -0.005308909807354212 0.0441821850836277 -0.08101801574230194
v 0.00847955234348774 0.04368463158607483 -0.08115224540233612
v -0.005308909807354212 0.0441821850836277 -0.08101801574230194
v 0.005309999454766512 0.044182054698467255 -0.08101803064346313
v 0.005309999454766512 0.044182054698467255 -0.08101803064346313
v -0.005308909807354212 0.0441821850836277 -0.08101801574230194
v -0.0021089096553623676 0.044449999928474426 -0.08100000023841858
v 0.005309999454766512 0.044182054698467255 -0.08101803064346313
v -0.0021089096553623676 0.044449999928474426 -0.08100000023841858
v 0.0021089096553623676 0.044449999928474426 -0.08100000023841858
v 0.009910829365253448 0.04338231682777405 -0.08130883425474167
v 0.011321267113089561 0.04303578659892082 -0.08158578723669052
v -0.011321267113089561 0.04303578659892082 -0.08158578723669052
v -0.011321267113089561 0.04303578659892082 -0.08158578723669052
v 0.011321267113089561 0.04303578659892082 -0.08158578723669052
v 0.012856867164373398 0.04260224103927612 -0.08223463594913483
v -0.011321267113089561 0.04303578659892082 -0.08158578723669052
v 0.012856867164373398 0.04260224103927612 -0.08223463594913483
v -0.012856868095695972 0.04260224103927612 -0.08223463594913483
v -0.012856868095695972 0.04260224103927612 -0.08223463594913483
v 0.012856867164373398 0.04260224103927612 -0.08223463594913483
v -0.013193276710808277 0.04249926283955574 -0.08255883306264877
v -0.013193276710808277 0.04249926283955574 -0.08255883306264877
v 0.012856867164373398 0.04260224103927612 -0.08223463594913483
v 0.013118065893650055 0.04252253845334053 -0.0824662446975708
v -0.013193276710808277 0.04249926283955574 -0.08255883306264877
v 0.013118065893650055 0.04252253845334053 -0.0824662446975708
v -0.013307174667716026 0.04246373847126961 -0.08276598155498505
v 0.01330692507326603 0.042463816702365875 -0.08276531845331192
v 0.013350935652852058 0.04244999960064888 -0.08300000429153442
v 0.013118065893650055 0.04252253845334053 -0.0824662446975708
v 0.013118065893650055 0.04252253845334053 -0.0824662446975708
v 0.013350935652852058 0.04244999960064888 -0.08300000429153442
v -0.013350936584174633 0.04244999960064888 -0.08300000429153442
v 0.013118065893650055 0.04252253845334053 -0.0824662446975708
v -0.013350936584174633 0.04244999960064888 -0.08300000429153442
v -0.013307174667716026 0.04246373847126961 -0.08276598155498505
v -0.03804740309715271 0.02427474781870842 -0.08707994222640991
v -0.038484394550323486 0.025080835446715355 -0.08559489995241165
v -0.03834351524710655 0.02490353025496006 -0.08737218379974365
v -0.03834351524710655 0.02490353025496006 -0.08737218379974365
v -0.038484394550323486 0.025080835446715355 -0.08559489995241165
v -0.03915931284427643 0.0255750585347414 -0.08612596988677979
v -0.03834351524710655 0.02490353025496006 -0.08737218379974365
v -0.03915931284427643 0.0255750585347414 -0.08612596988677979
v -0.03915931284427643 0.0255750585347414 -0.08780726790428162
v -0.03915931284427643 0.0255750585347414 -0.08780726790428162
v -0.03915931284427643 0.0255750585347414 -0.08612596988677979
v -0.039977338165044785 0.025750000029802322 -0.08665606379508972
v -0.03915931284427643 0.0255750585347414 -0.08780726790428162
v -0.039977338165044785 0.025750000029802322 -0.08665606379508972
v -0.039977338165044785 0.025750000029802322 -0.08826228976249695
v -0.03825788199901581 0.02272849529981613 -0.08597565442323685
v -0.03825788199901581 0.02272849529981613 -0.08539430797100067
v -0.038254208862781525 0.02273469790816307 -0.08598122745752335
v -0.038254208862781525 0.02273469790816307 -0.08598122745752335
v -0.03825788199901581 0.02272849529981613 -0.08539430797100067
v -0.03799047693610191 0.023521125316619873 -0.08514101058244705
v -0.038254208862781525 0.02273469790816307 -0.08598122745752335
v -0.03799047693610191 0.023521125316619873 -0.08514101058244705
v -0.037986304610967636 0.02356080338358879 -0.0866347998380661
v -0.037986304610967636 0.02356080338358879 -0.0866347998380661
v -0.03799047693610191 0.023521125316619873 -0.08514101058244705
v -0.03798684850335121 0.023944810032844543 -0.08513744175434113
v -0.037986304610967636 0.02356080338358879 -0.0866347998380661
v -0.03798684850335121 0.023944810032844543 -0.08513744175434113
v -0.03804740309715271 0.02427474781870842 -0.08707994222640991
v -0.03804740309715271 0.02427474781870842 -0.08707994222640991
v -0.03798684850335121 0.023944810032844543 -0.08513744175434113
v -0.03807065635919571 0.024353794753551483 -0.08521893620491028
v -0.03804740309715271 0.02427474781870842 -0.08707994222640991
v -0.03807065635919571 0.024353794753551483 -0.08521893620491028
v -0.038484394550323486 0.025080835446715355 -0.08559489995241165
v -0.038254208862781525 0.02273469790816307 -0.08598122745752335
v -0.037986304610967636 0.02356080338358879 -0.0866347998380661
v -0.039598383009433746 0.020598627626895905 -0.08743748813867569
v -0.038254208862781525 -0.02273469790816307 -0.08598122745752335
v -0.03825788199901581 -0.02272849529981613 -0.08597565442323685
v -0.03842664510011673 -0.022441990673542023 -0.08607146143913269
v -0.039195675402879715 -0.023450620472431183 -0.08782708644866943
v -0.03834351524710655 -0.02490352839231491 -0.08737218379974365
v -0.038058873265981674 -0.024315245449543 -0.08710188418626785
v -0.03986946865916252 0.020918231457471848 -0.08804178237915039
v -0.03804740309715271 0.02427474781870842 -0.08707994222640991
v -0.03834351524710655 0.02490353025496006 -0.08737218379974365
v -0.038254208862781525 0.02273469790816307 -0.08598122745752335
v -0.039598383009433746 0.020598627626895905 -0.08743748813867569
v -0.03825788199901581 0.02272849529981613 -0.08597565442323685
v -0.03797760233283043 -0.023717354983091354 -0.08674152195453644
v -0.038254208862781525 -0.02273469790816307 -0.08598122745752335
v -0.03845115005970001 -0.02268507331609726 -0.0867893174290657
v -0.03845115005970001 -0.02268507331609726 -0.0867893174290657
v -0.038254208862781525 -0.02273469790816307 -0.08598122745752335
v -0.03842664510011673 -0.022441990673542023 -0.08607146143913269
v -0.03845115005970001 -0.02268507331609726 -0.0867893174290657
v -0.03842664510011673 -0.022441990673542023 -0.08607146143913269
v -0.04045436531305313 -0.01884664222598076 -0.08794628828763962
v -0.04045436531305313 -0.01884664222598076 -0.08794628828763962
v -0.03842664510011673 -0.022441990673542023 -0.08607146143913269
v -0.04009225219488144 -0.019309617578983307 -0.08706305921077728
v -0.04009225219488144 -0.019309617578983307 -0.08706305921077728
v -0.04040996730327606 -0.018635574728250504 -0.08726195991039276
v -0.04045436531305313 -0.01884664222598076 -0.08794628828763962
v -0.04045436531305313 -0.01884664222598076 -0.08794628828763962
v -0.04040996730327606 -0.018635574728250504 -0.08726195991039276
v -0.04200732707977295 -0.014684490859508514 -0.0883115902543068
v -0.04045436531305313 -0.01884664222598076 -0.08794628828763962
v -0.04200732707977295 -0.014684490859508514 -0.0883115902543068
v -0.04207022488117218 -0.014856670051813126 -0.08896820992231369
v -0.04207022488117218 -0.014856670051813126 -0.08896820992231369
v -0.04200732707977295 -0.014684490859508514 -0.0883115902543068
v -0.04254918918013573 -0.01303136721253395 -0.08868712931871414
v -0.043383605778217316 -0.009905185550451279 -0.08928561955690384
v -0.043636951595544815 -0.009236831218004227 -0.09004021435976028
v -0.04254918918013573 -0.01303136721253395 -0.08868712931871414
v -0.04254918918013573 -0.01303136721253395 -0.08868712931871414
v -0.043636951595544815 -0.009236831218004227 -0.09004021435976028
v -0.04261884465813637 -0.013185929507017136 -0.08933421969413757
v -0.04254918918013573 -0.01303136721253395 -0.08868712931871414
v -0.04261884465813637 -0.013185929507017136 -0.08933421969413757
v -0.04207022488117218 -0.014856670051813126 -0.08896820992231369
v -0.043383605778217316 -0.009905185550451279 -0.08928561955690384
v -0.04355411231517792 -0.009126294404268265 -0.08941099792718887
v -0.043636951595544815 -0.009236831218004227 -0.09004021435976028
v -0.043636951595544815 -0.009236831218004227 -0.09004021435976028
v -0.04355411231517792 -0.009126294404268265 -0.08941099792718887
v -0.044196002185344696 -0.005192624405026436 -0.0898926630616188
v -0.043636951595544815 -0.009236831218004227 -0.09004021435976028
v -0.044196002185344696 -0.005192624405026436 -0.0898926630616188
v -0.04428768903017044 -0.005256347358226776 -0.09051033854484558
v -0.04428768903017044 -0.005256347358226776 -0.09051033854484558
v -0.044196002185344696 -0.005192624405026436 -0.0898926630616188
v -0.04448338970541954 -0.0012157708406448364 -0.09011334925889969
v -0.04428768903017044 -0.005256347358226776 -0.09051033854484558
v -0.04448338970541954 -0.0012157708406448364 -0.09011334925889969
v -0.044579144567251205 -0.001230776309967041 -0.09072582423686981
v -0.044579144567251205 -0.001230776309967041 -0.09072582423686981
v -0.04448338970541954 -0.0012157708406448364 -0.09011334925889969
v -0.04450000077486038 1.3408065058229113e-07 -0.09012620151042938
v -0.044579144567251205 -0.001230776309967041 -0.09072582423686981
v -0.04450000077486038 1.3408065058229113e-07 -0.09012620151042938
v -0.0445520393550396 0.0019875559955835342 -0.09070565551519394
v -0.04450000077486038 1.3408065058229113e-07 -0.09012620151042938
v -0.04445666819810867 0.001963334158062935 -0.09009269624948502
v -0.0445520393550396 0.0019875559955835342 -0.09070565551519394
v -0.0445520393550396 0.0019875559955835342 -0.09070565551519394
v -0.04445666819810867 0.001963334158062935 -0.09009269624948502
v -0.04411577805876732 0.0058350712060928345 -0.08983162045478821
v -0.0445520393550396 0.0019875559955835342 -0.09070565551519394
v -0.04411577805876732 0.0058350712060928345 -0.08983162045478821
v -0.04420633986592293 0.005906561389565468 -0.09045074135065079
v -0.04420633986592293 0.005906561389565468 -0.09045074135065079
v -0.04411577805876732 0.0058350712060928345 -0.08983162045478821
v -0.04391893744468689 0.007167758420109749 -0.08968287706375122
v -0.04338351637125015 0.009905582293868065 -0.08928555250167847
v -0.043186090886592865 0.011170935817062855 -0.08972319960594177
v -0.04391893744468689 0.007167758420109749 -0.08968287706375122
v -0.04391893744468689 0.007167758420109749 -0.08968287706375122
v -0.043186090886592865 0.011170935817062855 -0.08972319960594177
v -0.04400676488876343 0.007255224511027336 -0.09030553698539734
v -0.04391893744468689 0.007167758420109749 -0.08968287706375122
v -0.04400676488876343 0.007255224511027336 -0.09030553698539734
v -0.04420633986592293 0.005906561389565468 -0.09045074135065079
v -0.04338351637125015 0.009905582293868065 -0.08928555250167847
v -0.043109189718961716 0.011038468219339848 -0.08908604085445404
v -0.043186090886592865 0.011170935817062855 -0.08972319960594177
v -0.043186090886592865 0.011170935817062855 -0.08972319960594177
v -0.043109189718961716 0.011038468219339848 -0.08908604085445404
v -0.041954245418310165 0.014835470356047153 -0.08827534317970276
v -0.043186090886592865 0.011170935817062855 -0.08972319960594177
v -0.041954245418310165 0.014835470356047153 -0.08827534317970276
v -0.042016491293907166 0.01500922255218029 -0.08893289417028427
v -0.042016491293907166 0.01500922255218029 -0.08893289417028427
v -0.041954245418310165 0.014835470356047153 -0.08827534317970276
v -0.04044731706380844 0.018554365262389183 -0.08728554844856262
v -0.042016491293907166 0.01500922255218029 -0.08893289417028427
v -0.04044731706380844 0.018554365262389183 -0.08728554844856262
v -0.04049212485551834 0.018764683976769447 -0.08796924352645874
v -0.04049212485551834 0.018764683976769447 -0.08796924352645874
v -0.04044731706380844 0.018554365262389183 -0.08728554844856262
v -0.04009275883436203 0.019308561459183693 -0.08706337958574295
v -0.04049212485551834 0.018764683976769447 -0.08796924352645874
v -0.04009275883436203 0.019308561459183693 -0.08706337958574295
v -0.039598383009433746 0.020598627626895905 -0.08743748813867569
v -0.039598383009433746 0.020598627626895905 -0.08743748813867569
v -0.04009275883436203 0.019308561459183693 -0.08706337958574295
v -0.039562903344631195 0.02037219889461994 -0.086738720536232
v -0.039598383009433746 0.020598627626895905 -0.08743748813867569
v -0.039562903344631195 0.02037219889461994 -0.086738720536232
v -0.03825788199901581 0.02272849529981613 -0.08597565442323685
v -0.037986304610967636 0.02356080338358879 -0.0866347998380661
v -0.03804740309715271 0.02427474781870842 -0.08707994222640991
v -0.039598383009433746 0.020598627626895905 -0.08743748813867569
v -0.039598383009433746 0.020598627626895905 -0.08743748813867569
v -0.03804740309715271 0.02427474781870842 -0.08707994222640991
v -0.03986946865916252 0.020918231457471848 -0.08804178237915039
v -0.039598383009433746 0.020598627626895905 -0.08743748813867569
v -0.03986946865916252 0.020918231457471848 -0.08804178237915039
v -0.04049212485551834 0.018764683976769447 -0.08796924352645874
v -0.04049212485551834 0.018764683976769447 -0.08796924352645874
v -0.03986946865916252 0.020918231457471848 -0.08804178237915039
v -0.04076462239027023 0.019055083394050598 -0.08856513351202011
v -0.04049212485551834 0.018764683976769447 -0.08796924352645874
v -0.04076462239027023 0.019055083394050598 -0.08856513351202011
v -0.042016491293907166 0.01500922255218029 -0.08893289417028427
v -0.042016491293907166 0.01500922255218029 -0.08893289417028427
v -0.04076462239027023 0.019055083394050598 -0.08856513351202011
v -0.04229136183857918 0.01524046529084444 -0.08951377868652344
v -0.042016491293907166 0.01500922255218029 -0.08893289417028427
v -0.04229136183857918 0.01524046529084444 -0.08951377868652344
v -0.043186090886592865 0.011170935817062855 -0.08972319960594177
v -0.043186090886592865 0.011170935817062855 -0.08972319960594177
v -0.04229136183857918 0.01524046529084444 -0.08951377868652344
v -0.04346274212002754 0.011342443525791168 -0.09029195457696915
v -0.043186090886592865 0.011170935817062855 -0.08972319960594177
v -0.04346274212002754 0.011342443525791168 -0.09029195457696915
v -0.04400676488876343 0.007255224511027336 -0.09030553698539734
v -0.04400676488876343 0.007255224511027336 -0.09030553698539734
v -0.04346274212002754 0.011342443525791168 -0.09029195457696915
v -0.044284649193286896 0.00736633874475956 -0.09086546301841736
v -0.04400676488876343 0.007255224511027336 -0.09030553698539734
v -0.044284649193286896 0.00736633874475956 -0.09086546301841736
v -0.04420633986592293 0.005906561389565468 -0.09045074135065079
v -0.04420633986592293 0.005906561389565468 -0.09045074135065079
v -0.044284649193286896 0.00736633874475956 -0.09086546301841736
v -0.04448452219367027 0.005996964871883392 -0.09100847691297531
v -0.04420633986592293 0.005906561389565468 -0.09045074135065079
v -0.04448452219367027 0.005996964871883392 -0.09100847691297531
v -0.0445520393550396 0.0019875559955835342 -0.09070565551519394
v -0.0445520393550396 0.0019875559955835342 -0.09070565551519394
v -0.04448452219367027 0.005996964871883392 -0.09100847691297531
v -0.04483073577284813 0.0020179450511932373 -0.09125955402851105
v -0.0445520393550396 0.0019875559955835342 -0.09070565551519394
v -0.04483073577284813 0.0020179450511932373 -0.09125955402851105
v -0.044579144567251205 -0.001230776309967041 -0.09072582423686981
v -0.044579144567251205 -0.001230776309967041 -0.09072582423686981
v -0.04483073577284813 0.0020179450511932373 -0.09125955402851105
v -0.04485787823796272 -0.0012495946139097214 -0.09127941727638245
v -0.044579144567251205 -0.001230776309967041 -0.09072582423686981
v -0.04485787823796272 -0.0012495946139097214 -0.09127941727638245
v -0.04428768903017044 -0.005256347358226776 -0.09051033854484558
v -0.04428768903017044 -0.005256347358226776 -0.09051033854484558
v -0.04485787823796272 -0.0012495946139097214 -0.09127941727638245
v -0.044565990567207336 -0.005336780101060867 -0.09106717258691788
v -0.04428768903017044 -0.005256347358226776 -0.09051033854484558
v -0.044565990567207336 -0.005336780101060867 -0.09106717258691788
v -0.043636951595544815 -0.009236831218004227 -0.09004021435976028
v -0.043636951595544815 -0.009236831218004227 -0.09004021435976028
v -0.044565990567207336 -0.005336780101060867 -0.09106717258691788
v -0.04391428083181381 -0.009378451853990555 -0.09060414880514145
v -0.043636951595544815 -0.009236831218004227 -0.09004021435976028
v -0.04391428083181381 -0.009378451853990555 -0.09060414880514145
v -0.04261884465813637 -0.013185929507017136 -0.08933421969413757
v -0.04261884465813637 -0.013185929507017136 -0.08933421969413757
v -0.04391428083181381 -0.009378451853990555 -0.09060414880514145
v -0.0428946353495121 -0.013388719409704208 -0.08990892022848129
v -0.04261884465813637 -0.013185929507017136 -0.08933421969413757
v -0.0428946353495121 -0.013388719409704208 -0.08990892022848129
v -0.04207022488117218 -0.014856670051813126 -0.08896820992231369
v -0.04207022488117218 -0.014856670051813126 -0.08896820992231369
v -0.0428946353495121 -0.013388719409704208 -0.08990892022848129
v -0.04234517365694046 -0.015085525810718536 -0.08954854309558868
v -0.04207022488117218 -0.014856670051813126 -0.08896820992231369
v -0.04234517365694046 -0.015085525810718536 -0.08954854309558868
v -0.04045436531305313 -0.01884664222598076 -0.08794628828763962
v -0.04045436531305313 -0.01884664222598076 -0.08794628828763962
v -0.04234517365694046 -0.015085525810718536 -0.08954854309558868
v -0.04072680324316025 -0.019138339906930923 -0.08854254335165024
v -0.04045436531305313 -0.01884664222598076 -0.08794628828763962
v -0.04072680324316025 -0.019138339906930923 -0.08854254335165024
v -0.03845115005970001 -0.02268507331609726 -0.0867893174290657
v -0.03845115005970001 -0.02268507331609726 -0.0867893174290657
v -0.04072680324316025 -0.019138339906930923 -0.08854254335165024
v -0.03872039169073105 -0.02303820475935936 -0.08740397542715073
v -0.03845115005970001 -0.02268507331609726 -0.0867893174290657
v -0.03872039169073105 -0.02303820475935936 -0.08740397542715073
v -0.03797760233283043 -0.023717354983091354 -0.08674152195453644
v -0.03834351524710655 0.02490353025496006 -0.08737218379974365
v -0.04033951088786125 0.02128780446946621 -0.08846990019083023
v -0.03986946865916252 0.020918231457471848 -0.08804178237915039
v -0.03986946865916252 0.020918231457471848 -0.08804178237915039
v -0.04033951088786125 0.02128780446946621 -0.08846990019083023
v -0.041229818016290665 0.019388269633054733 -0.08899670094251633
v -0.03986946865916252 0.020918231457471848 -0.08804178237915039
v -0.041229818016290665 0.019388269633054733 -0.08899670094251633
v -0.04076462239027023 0.019055083394050598 -0.08856513351202011
v -0.04076462239027023 0.019055083394050598 -0.08856513351202011
v -0.041229818016290665 0.019388269633054733 -0.08899670094251633
v -0.04274679720401764 0.015502233058214188 -0.08995024114847183
v -0.04076462239027023 0.019055083394050598 -0.08856513351202011
v -0.04274679720401764 0.015502233058214188 -0.08995024114847183
v -0.04229136183857918 0.01524046529084444 -0.08951377868652344
v -0.04229136183857918 0.01524046529084444 -0.08951377868652344
v -0.04274679720401764 0.015502233058214188 -0.08995024114847183
v -0.04390943795442581 0.01153457909822464 -0.09073124080896378
v -0.04229136183857918 0.01524046529084444 -0.08951377868652344
v -0.04390943795442581 0.01153457909822464 -0.09073124080896378
v -0.04346274212002754 0.011342443525791168 -0.09029195457696915
v -0.04346274212002754 0.011342443525791168 -0.09029195457696915
v -0.04390943795442581 0.01153457909822464 -0.09073124080896378
v -0.044724587351083755 0.007489904761314392 -0.09130620956420898
v -0.04346274212002754 0.011342443525791168 -0.09029195457696915
v -0.044724587351083755 0.007489904761314392 -0.09130620956420898
v -0.044284649193286896 0.00736633874475956 -0.09086546301841736
v -0.044284649193286896 0.00736633874475956 -0.09086546301841736
v -0.044724587351083755 0.007489904761314392 -0.09130620956420898
v -0.04492273926734924 0.006097320467233658 -0.09144951403141022
v -0.044284649193286896 0.00736633874475956 -0.09086546301841736
v -0.04492273926734924 0.006097320467233658 -0.09144951403141022
v -0.04448452219367027 0.005996964871883392 -0.09100847691297531
v -0.04448452219367027 0.005996964871883392 -0.09100847691297531
v -0.04492273926734924 0.006097320467233658 -0.09144951403141022
v -0.04526590183377266 0.0020515751093626022 -0.09170102328062057
v -0.04448452219367027 0.005996964871883392 -0.09100847691297531
v -0.04526590183377266 0.0020515751093626022 -0.09170102328062057
v -0.04483073577284813 0.0020179450511932373 -0.09125955402851105
v -0.04483073577284813 0.0020179450511932373 -0.09125955402851105
v -0.04526590183377266 0.0020515751093626022 -0.09170102328062057
v -0.04529280215501785 -0.0012704115360975266 -0.09172092378139496
v -0.04483073577284813 0.0020179450511932373 -0.09125955402851105
v -0.04529280215501785 -0.0012704115360975266 -0.09172092378139496
v -0.04485787823796272 -0.0012495946139097214 -0.09127941727638245
v -0.04485787823796272 -0.0012495946139097214 -0.09127941727638245
v -0.04529280215501785 -0.0012704115360975266 -0.09172092378139496
v -0.0450034998357296 -0.00542600080370903 -0.09150832146406174
v -0.04485787823796272 -0.0012495946139097214 -0.09127941727638245
v -0.0450034998357296 -0.00542600080370903 -0.09150832146406174
v -0.044565990567207336 -0.005336780101060867 -0.09106717258691788
v -0.044565990567207336 -0.005336780101060867 -0.09106717258691788
v -0.0450034998357296 -0.00542600080370903 -0.09150832146406174
v -0.04435732960700989 -0.009536463767290115 -0.09104429930448532
v -0.044565990567207336 -0.005336780101060867 -0.09106717258691788
v -0.04435732960700989 -0.009536463767290115 -0.09104429930448532
v -0.04391428083181381 -0.009378451853990555 -0.09060414880514145
v -0.04391428083181381 -0.009378451853990555 -0.09060414880514145
v -0.04435732960700989 -0.009536463767290115 -0.09104429930448532
v -0.043345704674720764 -0.013617049902677536 -0.09034693986177444
v -0.04391428083181381 -0.009378451853990555 -0.09060414880514145
v -0.043345704674720764 -0.013617049902677536 -0.09034693986177444
v -0.0428946353495121 -0.013388719409704208 -0.08990892022848129
v -0.0428946353495121 -0.013388719409704208 -0.08990892022848129
v -0.043345704674720764 -0.013617049902677536 -0.09034693986177444
v -0.04280023276805878 -0.015344470739364624 -0.08998515456914902
v -0.0428946353495121 -0.013388719409704208 -0.08990892022848129
v -0.04280023276805878 -0.015344470739364624 -0.08998515456914902
v -0.04234517365694046 -0.015085525810718536 -0.08954854309558868
v -0.04234517365694046 -0.015085525810718536 -0.08954854309558868
v -0.04280023276805878 -0.015344470739364624 -0.08998515456914902
v -0.04119221866130829 -0.019473128020763397 -0.08897397667169571
v -0.04234517365694046 -0.015085525810718536 -0.08954854309558868
v -0.04119221866130829 -0.019473128020763397 -0.08897397667169571
v -0.04072680324316025 -0.019138339906930923 -0.08854254335165024
v -0.04072680324316025 -0.019138339906930923 -0.08854254335165024
v -0.04119221866130829 -0.019473128020763397 -0.08897397667169571
v -0.039195675402879715 -0.023450620472431183 -0.08782708644866943
v -0.04072680324316025 -0.019138339906930923 -0.08854254335165024
v -0.039195675402879715 -0.023450620472431183 -0.08782708644866943
v -0.03872039169073105 -0.02303820475935936 -0.08740397542715073
v -0.03872039169073105 -0.02303820475935936 -0.08740397542715073
v -0.039195675402879715 -0.023450620472431183 -0.08782708644866943
v -0.038058873265981674 -0.024315245449543 -0.08710188418626785
v -0.03872039169073105 -0.02303820475935936 -0.08740397542715073
v -0.038058873265981674 -0.024315245449543 -0.08710188418626785
v -0.03797760233283043 -0.023717354983091354 -0.08674152195453644
v -0.03799047693610191 -0.023521125316619873 -0.08514101058244705
v -0.03825788199901581 -0.02272849529981613 -0.08539430797100067
v -0.03825788199901581 -0.02272849529981613 -0.08597565442323685
v -0.03825788199901581 -0.02272849529981613 -0.08597565442323685
v -0.038254208862781525 -0.02273469790816307 -0.08598122745752335
v -0.03799047693610191 -0.023521125316619873 -0.08514101058244705
v -0.03799047693610191 -0.023521125316619873 -0.08514101058244705
v -0.038254208862781525 -0.02273469790816307 -0.08598122745752335
v -0.03797760233283043 -0.023717354983091354 -0.08674152195453644
v -0.03799047693610191 -0.023521125316619873 -0.08514101058244705
v -0.03797760233283043 -0.023717354983091354 -0.08674152195453644
v -0.03798690438270569 -0.023945394903421402 -0.0851375013589859
v -0.03798690438270569 -0.023945394903421402 -0.0851375013589859
v -0.03797760233283043 -0.023717354983091354 -0.08674152195453644
v -0.038058873265981674 -0.024315245449543 -0.08710188418626785
v -0.03798690438270569 -0.023945394903421402 -0.0851375013589859
v -0.038058873265981674 -0.024315245449543 -0.08710188418626785
v -0.03807065635919571 -0.024353794753551483 -0.08521893620491028
v -0.03807065635919571 -0.024353794753551483 -0.08521893620491028
v -0.038058873265981674 -0.024315245449543 -0.08710188418626785
v -0.03834351524710655 -0.02490352839231491 -0.08737218379974365
v -0.03807065635919571 -0.024353794753551483 -0.08521893620491028
v -0.03834351524710655 -0.02490352839231491 -0.08737218379974365
v -0.038484394550323486 -0.025080837309360504 -0.08559489995241165
v -0.038484394550323486 -0.025080837309360504 -0.08559489995241165
v -0.03834351524710655 -0.02490352839231491 -0.08737218379974365
v -0.03915931284427643 -0.025575056672096252 -0.08780726790428162
v -0.038484394550323486 -0.025080837309360504 -0.08559489995241165
v -0.03915931284427643 -0.025575056672096252 -0.08780726790428162
v -0.03915931284427643 -0.025575056672096252 -0.08612596988677979
v -0.03915931284427643 -0.025575056672096252 -0.08612596988677979
v -0.03915931284427643 -0.025575056672096252 -0.08780726790428162
v -0.039977338165044785 -0.025750000029802322 -0.08826228976249695
v -0.03915931284427643 -0.025575056672096252 -0.08612596988677979
v -0.039977338165044785 -0.025750000029802322 -0.08826228976249695
v -0.039977338165044785 -0.025750000029802322 -0.08665606379508972
usemtl leg_Metal_aluminum_darkblackbb
f 1 2 3
f 4 5 6
f 7 8 9
f 10 11 12
f 13 14 15
f 16 17 18
f 19 20 21
f 22 23 24
f 25 26 27
f 28 29 30
f 31 32 33
f 34 35 36
f 37 38 39
f 40 41 42
f 43 44 45
f 46 47 48
f 49 50 51
f 52 53 54
f 55 56 57
f 58 59 60
f 61 62 63
f 64 65 66
f 67 68 69
f 70 71 72
f 73 74 75
f 76 77 78
f 79 80 81
f 82 83 84
f 85 86 87
f 88 89 90
f 91 92 93
f 94 95 96
f 97 98 99
f 100 101 102
f 103 104 105
f 106 107 108
f 109 110 111
f 112 113 114
f 115 116 117
f 118 119 120
f 121 122 123
f 124 125 126
f 127 128 129
f 130 131 132
f 133 134 135
f 136 137 138
f 139 140 141
f 142 143 144
f 145 146 147
f 148 149 150
f 151 152 153
f 154 155 156
f 157 158 159
f 160 161 162
f 163 164 165
f 166 167 168
f 169 170 171
f 172 173 174
f 175 176 177
f 178 179 180
f 181 182 183
f 184 185 186
f 187 188 189
f 190 191 192
f 193 194 195
f 196 197 198
f 199 200 201
f 202 203 204
f 205 206 207
f 208 209 210
f 211 212 213
f 214 215 216
f 217 218 219
f 220 221 222
f 223 224 225
f 226 227 228
f 229 230 231
f 232 233 234
f 235 236 237
f 238 239 240
f 241 242 243
f 244 245 246
f 247 248 249
f 250 251 252
f 253 254 255
f 256 257 258
f 259 260 261
f 262 263 264
f 265 266 267
f 268 269 270
f 271 272 273
f 274 275 276
f 277 278 279
f 280 281 282
f 283 284 285
f 286 287 288
f 289 290 291
f 292 293 294
f 295 296 297
f 298 299 300
f 301 302 303
f 304 305 306
f 307 308 309
f 310 311 312
f 313 314 315
f 316 317 318
f 319 320 321
f 322 323 324
f 325 326 327
f 328 329 330
f 331 332 333
f 334 335 336
f 337 338 339
f 340 341 342
f 343 344 345
f 346 347 348
f 349 350 351
f 352 353 354
f 355 356 357
f 358 359 360
f 361 362 363
f 364 365 366
f 367 368 369
f 370 371 372
f 373 374 375
f 376 377 378
f 379 380 381
f 382 383 384
f 385 386 387
f 388 389 390
f 391 392 393
f 394 395 396
f 397 398 399
f 400 401 402
f 403 404 405
f 406 407 408
f 409 410 411
f 412 413 414
f 415 416 417
f 418 419 420
f 421 422 423
f 424 425 426
f 427 428 429
f 430 431 432
f 433 434 435
f 436 437 438
f 439 440 441
f 442 443 444
f 445 446 447
f 448 449 450
f 451 452 453
f 454 455 456
f 457 458 459
f 460 461 462
f 463 464 465
f 466 467 468
f 469 470 471
f 472 473 474
f 475 476 477
f 478 479 480
f 481 482 483
f 484 485 486
f 487 488 489
f 490 491 492
f 493 494 495
f 496 497 498
f 499 500 501
f 502 503 504
f 505 506 507
f 508 509 510
f 511 512 513
f 514 515 516
f 517 518 519
f 520 521 522
f 523 524 525
f 526 527 528
f 529 530 531
f 532 533 534
f 535 536 537
f 538 539 540
f 541 542 543
f 544 545 546
f 547 548 549
f 550 551 552
f 553 554 555
f 556 557 558
f 559 560 561
f 562 563 564
f 565 566 567
f 568 569 570
f 571 572 573
f 574 575 576
f 577 578 579
f 580 581 582
f 583 584 585
f 586 587 588
f 589 590 591
f 592 593 594
f 595 596 597
f 598 599 600
f 601 602 603
f 604 605 606
f 607 608 609
f 610 611 612
f 613 614 615
f 616 617 618
f 619 620 621
f 622 623 624
f 625 626 627
f 628 629 630
f 631 632 633
f 634 635 636
f 637 638 639
f 640 641 642
f 643 644 645
f 646 647 648
f 649 650 651
f 652 653 654
f 655 656 657
f 658 659 660
f 661 662 663
f 664 665 666
f 667 668 669
f 670 671 672
f 673 674 675
f 676 677 678
f 679 680 681
f 682 683 684
f 685 686 687
f 688 689 690
f 691 692 693
f 694 695 696
f 697 698 699
f 700 701 702
f 703 704 705
f 706 707 708
f 709 710 711
f 712 713 714
f 715 716 717
f 718 719 720
f 721 722 723
f 724 725 726
f 727 728 729
f 730 731 732
f 733 734 735
f 736 737 738
f 739 740 741
f 742 743 744
f 745 746 747
f 748 749 750
f 751 752 753
f 754 755 756
f 757 758 759
f 760 761 762
f 763 764 765
f 766 767 768
f 769 770 771
f 772 773 774
f 775 776 777
f 778 779 780
f 781 782 783
f 784 785 786
f 787 788 789
f 790 791 792
f 793 794 795
f 796 797 798
f 799 800 801
f 802 803 804
f 805 806 807
f 808 809 810
f 811 812 813
f 814 815 816
f 817 818 819
f 820 821 822
f 823 824 825
f 826 827 828
f 829 830 831
f 832 833 834
f 835 836 837
f 838 839 840
f 841 842 843
f 844 845 846
f 847 848 849
f 850 851 852
f 853 854 855
f 856 857 858
f 859 860 861
f 862 863 864
f 865 866 867
f 868 869 870
f 871 872 873
f 874 875 876
f 877 878 879
f 880 881 882
f 883 884 885
f 886 887 888
f 889 890 891
f 892 893 894
f 895 896 897
f 898 899 900
f 901 902 903
f 904 905 906
f 907 908 909
f 910 911 912
f 913 914 915
f 916 917 918
f 919 920 921
f 922 923 924
f 925 926 927
f 928 929 930
f 931 932 933
f 934 935 936
f 937 938 939
f 940 941 942
f 943 944 945
f 946 947 948
f 949 950 951
f 952 953 954
f 955 956 957
f 958 959 960
f 961 962 963
f 964 965 966
f 967 968 969
f 970 971 972
f 973 974 975
f 976 977 978
f 979 980 981
f 982 983 984
f 985 986 987
f 988 989 990
f 991 992 993
f 994 995 996
f 997 998 999
f 1000 1001 1002
f 1003 1004 1005
f 1006 1007 1008
f 1009 1010 1011
f 1012 1013 1014
f 1015 1016 1017
f 1018 1019 1020
f 1021 1022 1023
f 1024 1025 1026
f 1027 1028 1029
f 1030 1031 1032
f 1033 1034 1035
f 1036 1037 1038
f 1039 1040 1041
f 1042 1043 1044
f 1045 1046 1047
f 1048 1049 1050
f 1051 1052 1053
f 1054 1055 1056
f 1057 1058 1059
f 1060 1061 1062
f 1063 1064 1065
f 1066 1067 1068
f 1069 1070 1071
f 1072 1073 1074
f 1075 1076 1077
f 1078 1079 1080
f 1081 1082 1083
f 1084 1085 1086
f 1087 1088 1089
f 1090 1091 1092
f 1093 1094 1095
f 1096 1097 1098
f 1099 1100 1101
f 1102 1103 1104
f 1105 1106 1107
f 1108 1109 1110
f 1111 1112 1113
f 1114 1115 1116
f 1117 1118 1119
f 1120 1121 1122
f 1123 1124 1125
f 1126 1127 1128
f 1129 1130 1131
f 1132 1133 1134
f 1135 1136 1137
f 1138 1139 1140
f 1141 1142 1143
f 1144 1145 1146
f 1147 1148 1149
f 1150 1151 1152
f 1153 1154 1155
f 1156 1157 1158
f 1159 1160 1161
f 1162 1163 1164
f 1165 1166 1167
f 1168 1169 1170
f 1171 1172 1173
f 1174 1175 1176
f 1177 1178 1179
f 1180 1181 1182
f 1183 1184 1185
f 1186 1187 1188
f 1189 1190 1191
f 1192 1193 1194
f 1195 1196 1197
f 1198 1199 1200
f 1201 1202 1203
f 1204 1205 1206
f 1207 1208 1209
f 1210 1211 1212
f 1213 1214 1215
f 1216 1217 1218
f 1219 1220 1221
f 1222 1223 1224
f 1225 1226 1227
f 1228 1229 1230
f 1231 1232 1233
f 1234 1235 1236
f 1237 1238 1239
f 1240 1241 1242
f 1243 1244 1245
f 1246 1247 1248
f 1249 1250 1251
f 1252 1253 1254
f 1255 1256 1257
f 1258 1259 1260
f 1261 1262 1263
f 1264 1265 1266
f 1267 1268 1269
f 1270 1271 1272
f 1273 1274 1275
f 1276 1277 1278
f 1279 1280 1281
f 1282 1283 1284
f 1285 1286 1287
f 1288 1289 1290
f 1291 1292 1293
f 1294 1295 1296
f 1297 1298 1299
f 1300 1301 1302
f 1303 1304 1305
f 1306 1307 1308
f 1309 1310 1311
f 1312 1313 1314
f 1315 1316 1317
f 1318 1319 1320
f 1321 1322 1323
f 1324 1325 1326
f 1327 1328 1329
f 1330 1331 1332
f 1333 1334 1335
f 1336 1337 1338
f 1339 1340 1341
f 1342 1343 1344
f 1345 1346 1347
f 1348 1349 1350
f 1351 1352 1353
f 1354 1355 1356
f 1357 1358 1359
f 1360 1361 1362
f 1363 1364 1365
f 1366 1367 1368
f 1369 1370 1371
f 1372 1373 1374
f 1375 1376 1377
f 1378 1379 1380
f 1381 1382 1383
f 1384 1385 1386
f 1387 1388 1389
f 1390 1391 1392
f 1393 1394 1395
f 1396 1397 1398
f 1399 1400 1401
f 1402 1403 1404
f 1405 1406 1407
f 1408 1409 1410
f 1411 1412 1413
f 1414 1415 1416
f 1417 1418 1419
f 1420 1421 1422
f 1423 1424 1425
f 1426 1427 1428
f 1429 1430 1431
f 1432 1433 1434
f 1435 1436 1437
f 1438 1439 1440
f 1441 1442 1443
f 1444 1445 1446
f 1447 1448 1449
f 1450 1451 1452
f 1453 1454 1455
f 1456 1457 1458
f 1459 1460 1461
f 1462 1463 1464
f 1465 1466 1467
f 1468 1469 1470
f 1471 1472 1473
f 1474 1475 1476
f 1477 1478 1479
f 1480 1481 1482
f 1483 1484 1485
f 1486 1487 1488
f 1489 1490 1491
f 1492 1493 1494
f 1495 1496 1497
f 1498 1499 1500
f 1501 1502 1503
f 1504 1505 1506
f 1507 1508 1509
f 1510 1511 1512
f 1513 1514 1515
f 1516 1517 1518
f 1519 1520 1521
f 1522 1523 1524
f 1525 1526 1527
f 1528 1529 1530
f 1531 1532 1533
f 1534 1535 1536
f 1537 1538 1539
f 1540 1541 1542
f 1543 1544 1545
f 1546 1547 1548
f 1549 1550 1551
f 1552 1553 1554
f 1555 1556 1557
f 1558 1559 1560
f 1561 1562 1563
f 1564 1565 1566
f 1567 1568 1569
f 1570 1571 1572
f 1573 1574 1575
f 1576 1577 1578
f 1579 1580 1581
f 1582 1583 1584
f 1585 1586 1587
f 1588 1589 1590
f 1591 1592 1593
f 1594 1595 1596
f 1597 1598 1599
f 1600 1601 1602
f 1603 1604 1605
f 1606 1607 1608
f 1609 1610 1611
f 1612 1613 1614
f 1615 1616 1617
f 1618 1619 1620
f 1621 1622 1623
f 1624 1625 1626
f 1627 1628 1629
f 1630 1631 1632
f 1633 1634 1635
f 1636 1637 1638
f 1639 1640 1641
f 1642 1643 1644
f 1645 1646 1647
f 1648 1649 1650
f 1651 1652 1653
f 1654 1655 1656
f 1657 1658 1659
f 1660 1661 1662
f 1663 1664 1665
f 1666 1667 1668
f 1669 1670 1671
f 1672 1673 1674
f 1675 1676 1677
f 1678 1679 1680
f 1681 1682 1683
f 1684 1685 1686
f 1687 1688 1689
f 1690 1691 1692
f 1693 1694 1695
f 1696 1697 1698
f 1699 1700 1701
f 1702 1703 1704
f 1705 1706 1707
f 1708 1709 1710
f 1711 1712 1713
f 1714 1715 1716
f 1717 1718 1719
f 1720 1721 1722
f 1723 1724 1725
f 1726 1727 1728
f 1729 1730 1731
f 1732 1733 1734
f 1735 1736 1737
f 1738 1739 1740
f 1741 1742 1743
f 1744 1745 1746
f 1747 1748 1749
f 1750 1751 1752
f 1753 1754 1755
f 1756 1757 1758
f 1759 1760 1761
f 1762 1763 1764
f 1765 1766 1767
f 1768 1769 1770
f 1771 1772 1773
f 1774 1775 1776
f 1777 1778 1779
f 1780 1781 1782
f 1783 1784 1785
f 1786 1787 1788
f 1789 1790 1791
f 1792 1793 1794
f 1795 1796 1797
f 1798 1799 1800
f 1801 1802 1803
f 1804 1805 1806
f 1807 1808 1809
f 1810 1811 1812
f 1813 1814 1815
f 1816 1817 1818
f 1819 1820 1821
f 1822 1823 1824
f 1825 1826 1827
f 1828 1829 1830
f 1831 1832 1833
f 1834 1835 1836
f 1837 1838 1839
f 1840 1841 1842
f 1843 1844 1845
f 1846 1847 1848
f 1849 1850 1851
f 1852 1853 1854
f 1855 1856 1857
f 1858 1859 1860
f 1861 1862 1863
f 1864 1865 1866
f 1867 1868 1869
f 1870 1871 1872
f 1873 1874 1875
f 1876 1877 1878
f 1879 1880 1881
f 1882 1883 1884
f 1885 1886 1887
f 1888 1889 1890
f 1891 1892 1893
f 1894 1895 1896
f 1897 1898 1899
f 1900 1901 1902
f 1903 1904 1905
f 1906 1907 1908
f 1909 1910 1911
f 1912 1913 1914
f 1915 1916 1917
f 1918 1919 1920
f 1921 1922 1923
f 1924 1925 1926
f 1927 1928 1929
f 1930 1931 1932
f 1933 1934 1935
f 1936 1937 1938
f 1939 1940 1941
f 1942 1943 1944
f 1945 1946 1947
f 1948 1949 1950
f 1951 1952 1953
f 1954 1955 1956
f 1957 1958 1959
f 1960 1961 1962
f 1963 1964 1965
f 1966 1967 1968
f 1969 1970 1971
f 1972 1973 1974
f 1975 1976 1977
f 1978 1979 1980
f 1981 1982 1983
f 1984 1985 1986
f 1987 1988 1989
f 1990 1991 1992
f 1993 1994 1995
f 1996 1997 1998
f 1999 2000 2001
f 2002 2003 2004
f 2005 2006 2007
f 2008 2009 2010
f 2011 2012 2013
f 2014 2015 2016
f 2017 2018 2019
f 2020 2021 2022
f 2023 2024 2025
f 2026 2027 2028
f 2029 2030 2031
f 2032 2033 2034
f 2035 2036 2037
f 2038 2039 2040
f 2041 2042 2043
f 2044 2045 2046
f 2047 2048 2049
f 2050 2051 2052
f 2053 2054 2055
f 2056 2057 2058
f 2059 2060 2061
f 2062 2063 2064
f 2065 2066 2067
f 2068 2069 2070
f 2071 2072 2073
f 2074 2075 2076
f 2077 2078 2079
f 2080 2081 2082
f 2083 2084 2085
f 2086 2087 2088
f 2089 2090 2091
f 2092 2093 2094
f 2095 2096 2097
f 2098 2099 2100
f 2101 2102 2103
f 2104 2105 2106
f 2107 2108 2109
f 2110 2111 2112
f 2113 2114 2115
f 2116 2117 2118
f 2119 2120 2121
f 2122 2123 2124
f 2125 2126 2127
f 2128 2129 2130
f 2131 2132 2133
f 2134 2135 2136
f 2137 2138 2139
f 2140 2141 2142
f 2143 2144 2145
f 2146 2147 2148
f 2149 2150 2151
f 2152 2153 2154
f 2155 2156 2157
f 2158 2159 2160
f 2161 2162 2163
f 2164 2165 2166
f 2167 2168 2169
f 2170 2171 2172
f 2173 2174 2175
f 2176 2177 2178
f 2179 2180 2181
f 2182 2183 2184
f 2185 2186 2187
f 2188 2189 2190
f 2191 2192 2193
f 2194 2195 2196
f 2197 2198 2199
f 2200 2201 2202
f 2203 2204 2205
f 2206 2207 2208
f 2209 2210 2211
f 2212 2213 2214
f 2215 2216 2217
f 2218 2219 2220
f 2221 2222 2223
f 2224 2225 2226
f 2227 2228 2229
f 2230 2231 2232
f 2233 2234 2235
f 2236 2237 2238
f 2239 2240 2241
f 2242 2243 2244
f 2245 2246 2247
f 2248 2249 2250
f 2251 2252 2253
f 2254 2255 2256
f 2257 2258 2259
f 2260 2261 2262
f 2263 2264 2265
f 2266 2267 2268
f 2269 2270 2271
f 2272 2273 2274
f 2275 2276 2277
f 2278 2279 2280
f 2281 2282 2283
f 2284 2285 2286
f 2287 2288 2289
f 2290 2291 2292
f 2293 2294 2295
f 2296 2297 2298
f 2299 2300 2301
f 2302 2303 2304
f 2305 2306 2307
f 2308 2309 2310
f 2311 2312 2313
f 2314 2315 2316
f 2317 2318 2319
f 2320 2321 2322
f 2323 2324 2325
f 2326 2327 2328
f 2329 2330 2331
f 2332 2333 2334
f 2335 2336 2337
f 2338 2339 2340
f 2341 2342 2343
f 2344 2345 2346
f 2347 2348 2349
f 2350 2351 2352
f 2353 2354 2355
f 2356 2357 2358
f 2359 2360 2361
f 2362 2363 2364
f 2365 2366 2367
f 2368 2369 2370
f 2371 2372 2373
f 2374 2375 2376
f 2377 2378 2379
f 2380 2381 2382
f 2383 2384 2385
f 2386 2387 2388
f 2389 2390 2391
f 2392 2393 2394
f 2395 2396 2397
f 2398 2399 2400
f 2401 2402 2403
f 2404 2405 2406
f 2407 2408 2409
f 2410 2411 2412
f 2413 2414 2415
f 2416 2417 2418
f 2419 2420 2421
f 2422 2423 2424
f 2425 2426 2427
f 2428 2429 2430
f 2431 2432 2433
f 2434 2435 2436
f 2437 2438 2439
f 2440 2441 2442
f 2443 2444 2445
f 2446 2447 2448
f 2449 2450 2451
f 2452 2453 2454
f 2455 2456 2457
f 2458 2459 2460
f 2461 2462 2463
f 2464 2465 2466
f 2467 2468 2469
f 2470 2471 2472
f 2473 2474 2475
f 2476 2477 2478
f 2479 2480 2481
f 2482 2483 2484
f 2485 2486 2487
f 2488 2489 2490
f 2491 2492 2493
f 2494 2495 2496
f 2497 2498 2499
f 2500 2501 2502
f 2503 2504 2505
f 2506 2507 2508
f 2509 2510 2511
f 2512 2513 2514
f 2515 2516 2517
f 2518 2519 2520
f 2521 2522 2523
f 2524 2525 2526
f 2527 2528 2529
f 2530 2531 2532
f 2533 2534 2535
f 2536 2537 2538
f 2539 2540 2541
f 2542 2543 2544
f 2545 2546 2547
f 2548 2549 2550
f 2551 2552 2553
f 2554 2555 2556
f 2557 2558 2559
f 2560 2561 2562
f 2563 2564 2565
f 2566 2567 2568
f 2569 2570 2571
f 2572 2573 2574
f 2575 2576 2577
f 2578 2579 2580
f 2581 2582 2583
f 2584 2585 2586
f 2587 2588 2589
f 2590 2591 2592
f 2593 2594 2595
f 2596 2597 2598
f 2599 2600 2601
f 2602 2603 2604
f 2605 2606 2607
f 2608 2609 2610
f 2611 2612 2613
f 2614 2615 2616
f 2617 2618 2619
f 2620 2621 2622
f 2623 2624 2625
f 2626 2627 2628
f 2629 2630 2631
f 2632 2633 2634
f 2635 2636 2637
f 2638 2639 2640
f 2641 2642 2643
f 2644 2645 2646
f 2647 2648 2649
f 2650 2651 2652
f 2653 2654 2655
f 2656 2657 2658
f 2659 2660 2661
f 2662 2663 2664
f 2665 2666 2667
f 2668 2669 2670
f 2671 2672 2673
f 2674 2675 2676
f 2677 2678 2679
f 2680 2681 2682
f 2683 2684 2685
f 2686 2687 2688
f 2689 2690 2691
f 2692 2693 2694
f 2695 2696 2697
f 2698 2699 2700
f 2701 2702 2703
f 2704 2705 2706
f 2707 2708 2709
f 2710 2711 2712
f 2713 2714 2715
f 2716 2717 2718
f 2719 2720 2721
f 2722 2723 2724
f 2725 2726 2727
f 2728 2729 2730
f 2731 2732 2733
f 2734 2735 2736
f 2737 2738 2739
f 2740 2741 2742
f 2743 2744 2745
f 2746 2747 2748
f 2749 2750 2751
f 2752 2753 2754
f 2755 2756 2757
f 2758 2759 2760
f 2761 2762 2763
f 2764 2765 2766
f 2767 2768 2769
f 2770 2771 2772
f 2773 2774 2775
f 2776 2777 2778
f 2779 2780 2781
f 2782 2783 2784
f 2785 2786 2787
f 2788 2789 2790
f 2791 2792 2793
f 2794 2795 2796
f 2797 2798 2799
f 2800 2801 2802
f 2803 2804 2805
f 2806 2807 2808
f 2809 2810 2811
f 2812 2813 2814
f 2815 2816 2817
f 2818 2819 2820
f 2821 2822 2823
f 2824 2825 2826
f 2827 2828 2829
f 2830 2831 2832
f 2833 2834 2835
f 2836 2837 2838
f 2839 2840 2841
f 2842 2843 2844
f 2845 2846 2847
f 2848 2849 2850
f 2851 2852 2853
f 2854 2855 2856
f 2857 2858 2859
f 2860 2861 2862
f 2863 2864 2865
f 2866 2867 2868
f 2869 2870 2871
f 2872 2873 2874
f 2875 2876 2877
f 2878 2879 2880
f 2881 2882 2883
f 2884 2885 2886
f 2887 2888 2889
f 2890 2891 2892
f 2893 2894 2895
f 2896 2897 2898
f 2899 2900 2901
f 2902 2903 2904
f 2905 2906 2907
f 2908 2909 2910
f 2911 2912 2913
f 2914 2915 2916
f 2917 2918 2919
f 2920 2921 2922
f 2923 2924 2925
f 2926 2927 2928
f 2929 2930 2931
f 2932 2933 2934
f 2935 2936 2937
f 2938 2939 2940
f 2941 2942 2943
f 2944 2945 2946
f 2947 2948 2949
f 2950 2951 2952
f 2953 2954 2955
f 2956 2957 2958
f 2959 2960 2961
f 2962 2963 2964
f 2965 2966 2967
f 2968 2969 2970
f 2971 2972 2973
f 2974 2975 2976
f 2977 2978 2979
f 2980 2981 2982
f 2983 2984 2985
f 2986 2987 2988
f 2989 2990 2991
f 2992 2993 2994
f 2995 2996 2997
f 2998 2999 3000
f 3001 3002 3003
f 3004 3005 3006
f 3007 3008 3009
f 3010 3011 3012
f 3013 3014 3015
f 3016 3017 3018
f 3019 3020 3021
f 3022 3023 3024
f 3025 3026 3027
f 3028 3029 3030
f 3031 3032 3033
f 3034 3035 3036
f 3037 3038 3039
f 3040 3041 3042
f 3043 3044 3045
f 3046 3047 3048
f 3049 3050 3051
f 3052 3053 3054
f 3055 3056 3057
f 3058 3059 3060
f 3061 3062 3063
f 3064 3065 3066
f 3067 3068 3069
f 3070 3071 3072
f 3073 3074 3075
f 3076 3077 3078
f 3079 3080 3081
f 3082 3083 3084
f 3085 3086 3087
f 3088 3089 3090
f 3091 3092 3093
f 3094 3095 3096
f 3097 3098 3099
f 3100 3101 3102
f 3103 3104 3105
f 3106 3107 3108
f 3109 3110 3111
f 3112 3113 3114
f 3115 3116 3117
f 3118 3119 3120
f 3121 3122 3123
f 3124 3125 3126
f 3127 3128 3129
f 3130 3131 3132
f 3133 3134 3135
f 3136 3137 3138
f 3139 3140 3141
f 3142 3143 3144
f 3145 3146 3147
f 3148 3149 3150
f 3151 3152 3153
f 3154 3155 3156
f 3157 3158 3159
f 3160 3161 3162
f 3163 3164 3165
f 3166 3167 3168
f 3169 3170 3171
f 3172 3173 3174
f 3175 3176 3177
f 3178 3179 3180
f 3181 3182 3183
f 3184 3185 3186
f 3187 3188 3189
f 3190 3191 3192
f 3193 3194 3195
f 3196 3197 3198
f 3199 3200 3201
f 3202 3203 3204
f 3205 3206 3207
f 3208 3209 3210
f 3211 3212 3213
f 3214 3215 3216
f 3217 3218 3219
f 3220 3221 3222
f 3223 3224 3225
f 3226 3227 3228
f 3229 3230 3231
f 3232 3233 3234
f 3235 3236 3237
f 3238 3239 3240
f 3241 3242 3243
f 3244 3245 3246
f 3247 3248 3249
f 3250 3251 3252
f 3253 3254 3255
f 3256 3257 3258
f 3259 3260 3261
f 3262 3263 3264
f 3265 3266 3267
f 3268 3269 3270
f 3271 3272 3273
f 3274 3275 3276
f 3277 3278 3279
f 3280 3281 3282
f 3283 3284 3285
f 3286 3287 3288
f 3289 3290 3291
f 3292 3293 3294
f 3295 3296 3297
f 3298 3299 3300
f 3301 3302 3303
f 3304 3305 3306
f 3307 3308 3309
f 3310 3311 3312
f 3313 3314 3315
f 3316 3317 3318
f 3319 3320 3321
f 3322 3323 3324
f 3325 3326 3327
f 3328 3329 3330
f 3331 3332 3333
f 3334 3335 3336
f 3337 3338 3339
f 3340 3341 3342
f 3343 3344 3345
f 3346 3347 3348
f 3349 3350 3351
f 3352 3353 3354
f 3355 3356 3357
f 3358 3359 3360
f 3361 3362 3363
f 3364 3365 3366
f 3367 3368 3369
f 3370 3371 3372
f 3373 3374 3375
f 3376 3377 3378
f 3379 3380 3381
f 3382 3383 3384
f 3385 3386 3387
f 3388 3389 3390
f 3391 3392 3393
f 3394 3395 3396
f 3397 3398 3399
f 3400 3401 3402
f 3403 3404 3405
f 3406 3407 3408
f 3409 3410 3411
f 3412 3413 3414
f 3415 3416 3417
f 3418 3419 3420
f 3421 3422 3423
f 3424 3425 3426
f 3427 3428 3429
f 3430 3431 3432
f 3433 3434 3435
f 3436 3437 3438
f 3439 3440 3441
f 3442 3443 3444
f 3445 3446 3447
f 3448 3449 3450
f 3451 3452 3453
f 3454 3455 3456
f 3457 3458 3459
f 3460 3461 3462
f 3463 3464 3465
f 3466 3467 3468
f 3469 3470 3471
f 3472 3473 3474
f 3475 3476 3477
f 3478 3479 3480
f 3481 3482 3483
f 3484 3485 3486
f 3487 3488 3489
f 3490 3491 3492
f 3493 3494 3495
f 3496 3497 3498
f 3499 3500 3501
f 3502 3503 3504
f 3505 3506 3507
f 3508 3509 3510
f 3511 3512 3513
f 3514 3515 3516
f 3517 3518 3519
f 3520 3521 3522
f 3523 3524 3525
f 3526 3527 3528
f 3529 3530 3531
f 3532 3533 3534
f 3535 3536 3537
f 3538 3539 3540
f 3541 3542 3543
f 3544 3545 3546
f 3547 3548 3549
f 3550 3551 3552
f 3553 3554 3555
f 3556 3557 3558
f 3559 3560 3561
f 3562 3563 3564
f 3565 3566 3567
f 3568 3569 3570
f 3571 3572 3573
f 3574 3575 3576
f 3577 3578 3579
f 3580 3581 3582
f 3583 3584 3585
f 3586 3587 3588
f 3589 3590 3591
f 3592 3593 3594
f 3595 3596 3597
f 3598 3599 3600
f 3601 3602 3603
f 3604 3605 3606
f 3607 3608 3609
f 3610 3611 3612
f 3613 3614 3615
f 3616 3617 3618
f 3619 3620 3621
f 3622 3623 3624
f 3625 3626 3627
f 3628 3629 3630
f 3631 3632 3633
f 3634 3635 3636
f 3637 3638 3639
f 3640 3641 3642
f 3643 3644 3645
f 3646 3647 3648
f 3649 3650 3651
f 3652 3653 3654
f 3655 3656 3657
f 3658 3659 3660
f 3661 3662 3663
f 3664 3665 3666
f 3667 3668 3669
f 3670 3671 3672
f 3673 3674 3675
f 3676 3677 3678
f 3679 3680 3681
f 3682 3683 3684
f 3685 3686 3687
f 3688 3689 3690
f 3691 3692 3693
f 3694 3695 3696
f 3697 3698 3699
f 3700 3701 3702
f 3703 3704 3705
f 3706 3707 3708
f 3709 3710 3711
f 3712 3713 3714
f 3715 3716 3717
f 3718 3719 3720
f 3721 3722 3723
f 3724 3725 3726
f 3727 3728 3729
f 3730 3731 3732
f 3733 3734 3735
f 3736 3737 3738
f 3739 3740 3741
f 3742 3743 3744
f 3745 3746 3747
f 3748 3749 3750
f 3751 3752 3753
f 3754 3755 3756
f 3757 3758 3759
f 3760 3761 3762
f 3763 3764 3765
f 3766 3767 3768
f 3769 3770 3771
f 3772 3773 3774
f 3775 3776 3777
f 3778 3779 3780
f 3781 3782 3783
f 3784 3785 3786
f 3787 3788 3789
f 3790 3791 3792
f 3793 3794 3795
f 3796 3797 3798
f 3799 3800 3801
f 3802 3803 3804
f 3805 3806 3807
f 3808 3809 3810
f 3811 3812 3813
f 3814 3815 3816
f 3817 3818 3819
f 3820 3821 3822
f 3823 3824 3825
f 3826 3827 3828
f 3829 3830 3831
f 3832 3833 3834
f 3835 3836 3837
f 3838 3839 3840
f 3841 3842 3843
f 3844 3845 3846
f 3847 3848 3849
f 3850 3851 3852
f 3853 3854 3855
f 3856 3857 3858
f 3859 3860 3861
f 3862 3863 3864
f 3865 3866 3867
f 3868 3869 3870
f 3871 3872 3873
f 3874 3875 3876
f 3877 3878 3879
f 3880 3881 3882
f 3883 3884 3885
f 3886 3887 3888
f 3889 3890 3891
f 3892 3893 3894
f 3895 3896 3897
f 3898 3899 3900
f 3901 3902 3903
f 3904 3905 3906
f 3907 3908 3909
f 3910 3911 3912
f 3913 3914 3915
f 3916 3917 3918
f 3919 3920 3921
f 3922 3923 3924
f 3925 3926 3927
f 3928 3929 3930
f 3931 3932 3933
f 3934 3935 3936
f 3937 3938 3939
f 3940 3941 3942
f 3943 3944 3945
f 3946 3947 3948
f 3949 3950 3951
f 3952 3953 3954
f 3955 3956 3957
f 3958 3959 3960
f 3961 3962 3963
f 3964 3965 3966
f 3967 3968 3969
f 3970 3971 3972
f 3973 3974 3975
f 3976 3977 3978
f 3979 3980 3981
f 3982 3983 3984
f 3985 3986 3987
f 3988 3989 3990
f 3991 3992 3993
f 3994 3995 3996
f 3997 3998 3999
f 4000 4001 4002
f 4003 4004 4005
f 4006 4007 4008
f 4009 4010 4011
f 4012 4013 4014
f 4015 4016 4017
f 4018 4019 4020
f 4021 4022 4023
f 4024 4025 4026
f 4027 4028 4029
f 4030 4031 4032
f 4033 4034 4035
f 4036 4037 4038
f 4039 4040 4041
f 4042 4043 4044
f 4045 4046 4047
f 4048 4049 4050
f 4051 4052 4053
f 4054 4055 4056
f 4057 4058 4059
f 4060 4061 4062
f 4063 4064 4065
f 4066 4067 4068
f 4069 4070 4071
f 4072 4073 4074
f 4075 4076 4077
f 4078 4079 4080
f 4081 4082 4083
f 4084 4085 4086
f 4087 4088 4089
f 4090 4091 4092
f 4093 4094 4095
f 4096 4097 4098
f 4099 4100 4101
f 4102 4103 4104
f 4105 4106 4107
f 4108 4109 4110
f 4111 4112 4113
f 4114 4115 4116
f 4117 4118 4119
f 4120 4121 4122
f 4123 4124 4125
f 4126 4127 4128
f 4129 4130 4131
f 4132 4133 4134
f 4135 4136 4137
f 4138 4139 4140
f 4141 4142 4143
f 4144 4145 4146
f 4147 4148 4149
f 4150 4151 4152
f 4153 4154 4155
f 4156 4157 4158
f 4159 4160 4161
f 4162 4163 4164
f 4165 4166 4167
f 4168 4169 4170
f 4171 4172 4173
f 4174 4175 4176
f 4177 4178 4179
f 4180 4181 4182
f 4183 4184 4185
f 4186 4187 4188
f 4189 4190 4191
f 4192 4193 4194
f 4195 4196 4197
f 4198 4199 4200
f 4201 4202 4203
f 4204 4205 4206
f 4207 4208 4209
f 4210 4211 4212
f 4213 4214 4215
f 4216 4217 4218
f 4219 4220 4221
f 4222 4223 4224
f 4225 4226 4227
f 4228 4229 4230
f 4231 4232 4233
f 4234 4235 4236
f 4237 4238 4239
f 4240 4241 4242
f 4243 4244 4245
f 4246 4247 4248
f 4249 4250 4251
f 4252 4253 4254
f 4255 4256 4257
f 4258 4259 4260
f 4261 4262 4263
f 4264 4265 4266
f 4267 4268 4269
f 4270 4271 4272
f 4273 4274 4275
f 4276 4277 4278
f 4279 4280 4281
f 4282 4283 4284
f 4285 4286 4287
f 4288 4289 4290
f 4291 4292 4293
f 4294 4295 4296
f 4297 4298 4299
f 4300 4301 4302
f 4303 4304 4305
f 4306 4307 4308
f 4309 4310 4311
f 4312 4313 4314
f 4315 4316 4317
f 4318 4319 4320
f 4321 4322 4323
f 4324 4325 4326
f 4327 4328 4329
f 4330 4331 4332
f 4333 4334 4335
f 4336 4337 4338
f 4339 4340 4341
f 4342 4343 4344
f 4345 4346 4347
f 4348 4349 4350
f 4351 4352 4353
f 4354 4355 4356
f 4357 4358 4359
f 4360 4361 4362
f 4363 4364 4365
f 4366 4367 4368
f 4369 4370 4371
f 4372 4373 4374
f 4375 4376 4377
f 4378 4379 4380
f 4381 4382 4383
f 4384 4385 4386
f 4387 4388 4389
f 4390 4391 4392
f 4393 4394 4395
f 4396 4397 4398
f 4399 4400 4401
f 4402 4403 4404
f 4405 4406 4407
f 4408 4409 4410
f 4411 4412 4413
f 4414 4415 4416
f 4417 4418 4419
f 4420 4421 4422
f 4423 4424 4425
f 4426 4427 4428
f 4429 4430 4431
f 4432 4433 4434
f 4435 4436 4437
f 4438 4439 4440
f 4441 4442 4443
f 4444 4445 4446
f 4447 4448 4449
f 4450 4451 4452
f 4453 4454 4455
f 4456 4457 4458
f 4459 4460 4461
f 4462 4463 4464
f 4465 4466 4467
f 4468 4469 4470
f 4471 4472 4473
f 4474 4475 4476
f 4477 4478 4479
f 4480 4481 4482
f 4483 4484 4485
f 4486 4487 4488
f 4489 4490 4491
f 4492 4493 4494
f 4495 4496 4497
f 4498 4499 4500
f 4501 4502 4503
f 4504 4505 4506
f 4507 4508 4509
f 4510 4511 4512
f 4513 4514 4515
f 4516 4517 4518
f 4519 4520 4521
f 4522 4523 4524
f 4525 4526 4527
f 4528 4529 4530
f 4531 4532 4533
f 4534 4535 4536
f 4537 4538 4539
f 4540 4541 4542
f 4543 4544 4545
f 4546 4547 4548
f 4549 4550 4551
f 4552 4553 4554
f 4555 4556 4557
f 4558 4559 4560
f 4561 4562 4563
f 4564 4565 4566
f 4567 4568 4569
f 4570 4571 4572
f 4573 4574 4575
f 4576 4577 4578
f 4579 4580 4581
f 4582 4583 4584
f 4585 4586 4587
f 4588 4589 4590
f 4591 4592 4593
f 4594 4595 4596
f 4597 4598 4599
f 4600 4601 4602
f 4603 4604 4605
f 4606 4607 4608
f 4609 4610 4611
f 4612 4613 4614
f 4615 4616 4617
f 4618 4619 4620
f 4621 4622 4623
f 4624 4625 4626
f 4627 4628 4629
f 4630 4631 4632
f 4633 4634 4635
f 4636 4637 4638
f 4639 4640 4641
f 4642 4643 4644
f 4645 4646 4647
f 4648 4649 4650
f 4651 4652 4653
f 4654 4655 4656
f 4657 4658 4659
f 4660 4661 4662
f 4663 4664 4665
f 4666 4667 4668
f 4669 4670 4671
f 4672 4673 4674
f 4675 4676 4677
f 4678 4679 4680
f 4681 4682 4683
f 4684 4685 4686
f 4687 4688 4689
f 4690 4691 4692
f 4693 4694 4695
f 4696 4697 4698
f 4699 4700 4701
f 4702 4703 4704
f 4705 4706 4707
f 4708 4709 4710
f 4711 4712 4713
f 4714 4715 4716
f 4717 4718 4719
f 4720 4721 4722
f 4723 4724 4725
f 4726 4727 4728
f 4729 4730 4731
f 4732 4733 4734
f 4735 4736 4737
f 4738 4739 4740
f 4741 4742 4743
f 4744 4745 4746
f 4747 4748 4749
f 4750 4751 4752
f 4753 4754 4755
f 4756 4757 4758
f 4759 4760 4761
f 4762 4763 4764
f 4765 4766 4767
f 4768 4769 4770
f 4771 4772 4773
f 4774 4775 4776
f 4777 4778 4779
f 4780 4781 4782
f 4783 4784 4785
f 4786 4787 4788
f 4789 4790 4791
f 4792 4793 4794
f 4795 4796 4797
f 4798 4799 4800
f 4801 4802 4803
f 4804 4805 4806
f 4807 4808 4809
f 4810 4811 4812
f 4813 4814 4815
f 4816 4817 4818
f 4819 4820 4821
f 4822 4823 4824
f 4825 4826 4827
f 4828 4829 4830
f 4831 4832 4833
f 4834 4835 4836
f 4837 4838 4839
f 4840 4841 4842
f 4843 4844 4845
f 4846 4847 4848
f 4849 4850 4851
f 4852 4853 4854
f 4855 4856 4857
f 4858 4859 4860
f 4861 4862 4863
f 4864 4865 4866
f 4867 4868 4869
f 4870 4871 4872
f 4873 4874 4875
f 4876 4877 4878
f 4879 4880 4881
f 4882 4883 4884
f 4885 4886 4887
f 4888 4889 4890
f 4891 4892 4893
f 4894 4895 4896
f 4897 4898 4899
f 4900 4901 4902
f 4903 4904 4905
f 4906 4907 4908
f 4909 4910 4911
f 4912 4913 4914
f 4915 4916 4917
f 4918 4919 4920
f 4921 4922 4923
f 4924 4925 4926
f 4927 4928 4929
f 4930 4931 4932
f 4933 4934 4935
f 4936 4937 4938
f 4939 4940 4941
f 4942 4943 4944
f 4945 4946 4947
f 4948 4949 4950
f 4951 4952 4953
f 4954 4955 4956
f 4957 4958 4959
f 4960 4961 4962
f 4963 4964 4965
f 4966 4967 4968
f 4969 4970 4971
f 4972 4973 4974
f 4975 4976 4977
f 4978 4979 4980
f 4981 4982 4983
f 4984 4985 4986
f 4987 4988 4989
f 4990 4991 4992
f 4993 4994 4995
f 4996 4997 4998
f 4999 5000 5001
f 5002 5003 5004
f 5005 5006 5007
f 5008 5009 5010
f 5011 5012 5013
f 5014 5015 5016
f 5017 5018 5019
f 5020 5021 5022
f 5023 5024 5025
f 5026 5027 5028
f 5029 5030 5031
f 5032 5033 5034
f 5035 5036 5037
f 5038 5039 5040
f 5041 5042 5043
f 5044 5045 5046
f 5047 5048 5049
f 5050 5051 5052
f 5053 5054 5055
f 5056 5057 5058
f 5059 5060 5061
f 5062 5063 5064
f 5065 5066 5067
f 5068 5069 5070
f 5071 5072 5073
f 5074 5075 5076
f 5077 5078 5079
f 5080 5081 5082
f 5083 5084 5085
f 5086 5087 5088
f 5089 5090 5091
f 5092 5093 5094
f 5095 5096 5097
f 5098 5099 5100
f 5101 5102 5103
f 5104 5105 5106
f 5107 5108 5109
f 5110 5111 5112
f 5113 5114 5115
f 5116 5117 5118
f 5119 5120 5121
f 5122 5123 5124
f 5125 5126 5127
f 5128 5129 5130
f 5131 5132 5133
f 5134 5135 5136
f 5137 5138 5139
f 5140 5141 5142
f 5143 5144 5145
f 5146 5147 5148
f 5149 5150 5151
f 5152 5153 5154
f 5155 5156 5157
f 5158 5159 5160
f 5161 5162 5163
f 5164 5165 5166
f 5167 5168 5169
f 5170 5171 5172
f 5173 5174 5175
f 5176 5177 5178
f 5179 5180 5181
f 5182 5183 5184
f 5185 5186 5187
f 5188 5189 5190
f 5191 5192 5193
f 5194 5195 5196
f 5197 5198 5199
f 5200 5201 5202
f 5203 5204 5205
f 5206 5207 5208
f 5209 5210 5211
f 5212 5213 5214
f 5215 5216 5217
f 5218 5219 5220
f 5221 5222 5223
f 5224 5225 5226
f 5227 5228 5229
f 5230 5231 5232
f 5233 5234 5235
f 5236 5237 5238
f 5239 5240 5241
f 5242 5243 5244
f 5245 5246 5247
f 5248 5249 5250
f 5251 5252 5253
f 5254 5255 5256
f 5257 5258 5259
f 5260 5261 5262
f 5263 5264 5265
f 5266 5267 5268
f 5269 5270 5271
f 5272 5273 5274
f 5275 5276 5277
f 5278 5279 5280
f 5281 5282 5283
f 5284 5285 5286
f 5287 5288 5289
f 5290 5291 5292
f 5293 5294 5295
f 5296 5297 5298
f 5299 5300 5301
f 5302 5303 5304
f 5305 5306 5307
f 5308 5309 5310
f 5311 5312 5313
f 5314 5315 5316
f 5317 5318 5319
f 5320 5321 5322
f 5323 5324 5325
f 5326 5327 5328
f 5329 5330 5331
f 5332 5333 5334
f 5335 5336 5337
f 5338 5339 5340
f 5341 5342 5343
f 5344 5345 5346
f 5347 5348 5349
f 5350 5351 5352
f 5353 5354 5355
f 5356 5357 5358
f 5359 5360 5361
f 5362 5363 5364
f 5365 5366 5367
f 5368 5369 5370
f 5371 5372 5373
f 5374 5375 5376
f 5377 5378 5379
f 5380 5381 5382
f 5383 5384 5385
f 5386 5387 5388
f 5389 5390 5391
f 5392 5393 5394
f 5395 5396 5397
f 5398 5399 5400
f 5401 5402 5403
f 5404 5405 5406
f 5407 5408 5409
f 5410 5411 5412
f 5413 5414 5415
f 5416 5417 5418
f 5419 5420 5421
f 5422 5423 5424
f 5425 5426 5427
f 5428 5429 5430
f 5431 5432 5433
f 5434 5435 5436
f 5437 5438 5439
f 5440 5441 5442
f 5443 5444 5445
f 5446 5447 5448
f 5449 5450 5451
f 5452 5453 5454
f 5455 5456 5457
f 5458 5459 5460
f 5461 5462 5463
f 5464 5465 5466
f 5467 5468 5469
f 5470 5471 5472
f 5473 5474 5475
f 5476 5477 5478
f 5479 5480 5481
f 5482 5483 5484
f 5485 5486 5487
f 5488 5489 5490
f 5491 5492 5493
f 5494 5495 5496
f 5497 5498 5499
f 5500 5501 5502
f 5503 5504 5505
f 5506 5507 5508
f 5509 5510 5511
f 5512 5513 5514
f 5515 5516 5517
f 5518 5519 5520
f 5521 5522 5523
f 5524 5525 5526
f 5527 5528 5529
f 5530 5531 5532
f 5533 5534 5535
f 5536 5537 5538
f 5539 5540 5541
f 5542 5543 5544
f 5545 5546 5547
f 5548 5549 5550
f 5551 5552 5553
f 5554 5555 5556
f 5557 5558 5559
f 5560 5561 5562
f 5563 5564 5565
f 5566 5567 5568
f 5569 5570 5571
f 5572 5573 5574
f 5575 5576 5577
f 5578 5579 5580
f 5581 5582 5583
f 5584 5585 5586
f 5587 5588 5589
f 5590 5591 5592
f 5593 5594 5595
f 5596 5597 5598
f 5599 5600 5601
f 5602 5603 5604
f 5605 5606 5607
f 5608 5609 5610
f 5611 5612 5613
f 5614 5615 5616
f 5617 5618 5619
f 5620 5621 5622
f 5623 5624 5625
f 5626 5627 5628
f 5629 5630 5631
f 5632 5633 5634
f 5635 5636 5637
f 5638 5639 5640
f 5641 5642 5643
f 5644 5645 5646
f 5647 5648 5649
f 5650 5651 5652
f 5653 5654 5655
f 5656 5657 5658
f 5659 5660 5661
f 5662 5663 5664
f 5665 5666 5667
f 5668 5669 5670
f 5671 5672 5673
f 5674 5675 5676
f 5677 5678 5679
f 5680 5681 5682
f 5683 5684 5685
f 5686 5687 5688
f 5689 5690 5691
f 5692 5693 5694
f 5695 5696 5697
f 5698 5699 5700
f 5701 5702 5703
f 5704 5705 5706
f 5707 5708 5709
f 5710 5711 5712
f 5713 5714 5715
f 5716 5717 5718
f 5719 5720 5721
f 5722 5723 5724
f 5725 5726 5727
f 5728 5729 5730
f 5731 5732 5733
f 5734 5735 5736
f 5737 5738 5739
f 5740 5741 5742
f 5743 5744 5745
f 5746 5747 5748
f 5749 5750 5751
f 5752 5753 5754
f 5755 5756 5757
f 5758 5759 5760
f 5761 5762 5763
f 5764 5765 5766
f 5767 5768 5769
f 5770 5771 5772
f 5773 5774 5775
f 5776 5777 5778
f 5779 5780 5781
f 5782 5783 5784
f 5785 5786 5787
f 5788 5789 5790
f 5791 5792 5793
f 5794 5795 5796
f 5797 5798 5799
f 5800 5801 5802
f 5803 5804 5805
f 5806 5807 5808
f 5809 5810 5811
f 5812 5813 5814
f 5815 5816 5817
f 5818 5819 5820
f 5821 5822 5823
f 5824 5825 5826
f 5827 5828 5829
f 5830 5831 5832
f 5833 5834 5835
f 5836 5837 5838
f 5839 5840 5841
f 5842 5843 5844
f 5845 5846 5847
f 5848 5849 5850
f 5851 5852 5853
f 5854 5855 5856
f 5857 5858 5859
f 5860 5861 5862
f 5863 5864 5865
f 5866 5867 5868
f 5869 5870 5871
f 5872 5873 5874
f 5875 5876 5877
f 5878 5879 5880
f 5881 5882 5883
f 5884 5885 5886
f 5887 5888 5889
f 5890 5891 5892
f 5893 5894 5895
f 5896 5897 5898
f 5899 5900 5901
f 5902 5903 5904
f 5905 5906 5907
f 5908 5909 5910
f 5911 5912 5913
f 5914 5915 5916
f 5917 5918 5919
f 5920 5921 5922
f 5923 5924 5925
f 5926 5927 5928
f 5929 5930 5931
f 5932 5933 5934
f 5935 5936 5937
f 5938 5939 5940
f 5941 5942 5943
f 5944 5945 5946
f 5947 5948 5949
f 5950 5951 5952
f 5953 5954 5955
f 5956 5957 5958
f 5959 5960 5961
f 5962 5963 5964
f 5965 5966 5967
f 5968 5969 5970
f 5971 5972 5973
f 5974 5975 5976
f 5977 5978 5979
f 5980 5981 5982
f 5983 5984 5985
f 5986 5987 5988
f 5989 5990 5991
f 5992 5993 5994
f 5995 5996 5997
f 5998 5999 6000
f 6001 6002 6003
f 6004 6005 6006
f 6007 6008 6009
f 6010 6011 6012
f 6013 6014 6015
f 6016 6017 6018
f 6019 6020 6021
f 6022 6023 6024
f 6025 6026 6027
f 6028 6029 6030
f 6031 6032 6033
f 6034 6035 6036
f 6037 6038 6039
f 6040 6041 6042
f 6043 6044 6045
f 6046 6047 6048
f 6049 6050 6051
f 6052 6053 6054
f 6055 6056 6057
f 6058 6059 6060
f 6061 6062 6063
f 6064 6065 6066
f 6067 6068 6069
f 6070 6071 6072
f 6073 6074 6075
f 6076 6077 6078
f 6079 6080 6081
f 6082 6083 6084
f 6085 6086 6087
f 6088 6089 6090
f 6091 6092 6093
f 6094 6095 6096
f 6097 6098 6099
f 6100 6101 6102
f 6103 6104 6105
f 6106 6107 6108
f 6109 6110 6111
f 6112 6113 6114
f 6115 6116 6117
f 6118 6119 6120
f 6121 6122 6123
f 6124 6125 6126
f 6127 6128 6129
f 6130 6131 6132
f 6133 6134 6135
f 6136 6137 6138
f 6139 6140 6141
f 6142 6143 6144
f 6145 6146 6147
f 6148 6149 6150
f 6151 6152 6153
f 6154 6155 6156
f 6157 6158 6159
f 6160 6161 6162
f 6163 6164 6165
f 6166 6167 6168
f 6169 6170 6171
f 6172 6173 6174
f 6175 6176 6177
f 6178 6179 6180
f 6181 6182 6183
f 6184 6185 6186
f 6187 6188 6189
f 6190 6191 6192
f 6193 6194 6195
f 6196 6197 6198
f 6199 6200 6201
f 6202 6203 6204
f 6205 6206 6207
f 6208 6209 6210
f 6211 6212 6213
f 6214 6215 6216
f 6217 6218 6219
f 6220 6221 6222
f 6223 6224 6225
f 6226 6227 6228
f 6229 6230 6231
f 6232 6233 6234
f 6235 6236 6237
f 6238 6239 6240
f 6241 6242 6243
f 6244 6245 6246
f 6247 6248 6249
f 6250 6251 6252
f 6253 6254 6255
f 6256 6257 6258
f 6259 6260 6261
f 6262 6263 6264
f 6265 6266 6267
f 6268 6269 6270
f 6271 6272 6273
f 6274 6275 6276
f 6277 6278 6279
f 6280 6281 6282
f 6283 6284 6285
f 6286 6287 6288
f 6289 6290 6291
f 6292 6293 6294
f 6295 6296 6297
f 6298 6299 6300
f 6301 6302 6303
f 6304 6305 6306
f 6307 6308 6309
f 6310 6311 6312
f 6313 6314 6315
f 6316 6317 6318
f 6319 6320 6321
f 6322 6323 6324
f 6325 6326 6327
f 6328 6329 6330
f 6331 6332 6333
f 6334 6335 6336
f 6337 6338 6339
f 6340 6341 6342
f 6343 6344 6345
f 6346 6347 6348
f 6349 6350 6351
f 6352 6353 6354
f 6355 6356 6357
f 6358 6359 6360
f 6361 6362 6363
f 6364 6365 6366
f 6367 6368 6369
f 6370 6371 6372
f 6373 6374 6375
f 6376 6377 6378
f 6379 6380 6381
f 6382 6383 6384
f 6385 6386 6387
f 6388 6389 6390
f 6391 6392 6393
f 6394 6395 6396
f 6397 6398 6399
f 6400 6401 6402
f 6403 6404 6405
f 6406 6407 6408
f 6409 6410 6411
f 6412 6413 6414
f 6415 6416 6417
f 6418 6419 6420
f 6421 6422 6423
f 6424 6425 6426
f 6427 6428 6429
f 6430 6431 6432
f 6433 6434 6435
f 6436 6437 6438
f 6439 6440 6441
f 6442 6443 6444
f 6445 6446 6447
f 6448 6449 6450
f 6451 6452 6453
f 6454 6455 6456
f 6457 6458 6459
f 6460 6461 6462
f 6463 6464 6465
f 6466 6467 6468
f 6469 6470 6471
f 6472 6473 6474
f 6475 6476 6477
f 6478 6479 6480
f 6481 6482 6483
f 6484 6485 6486
f 6487 6488 6489
f 6490 6491 6492
f 6493 6494 6495
f 6496 6497 6498
f 6499 6500 6501
f 6502 6503 6504
f 6505 6506 6507
f 6508 6509 6510
f 6511 6512 6513
f 6514 6515 6516
f 6517 6518 6519
f 6520 6521 6522
f 6523 6524 6525
f 6526 6527 6528
f 6529 6530 6531
f 6532 6533 6534
f 6535 6536 6537
f 6538 6539 6540
f 6541 6542 6543
f 6544 6545 6546
f 6547 6548 6549
f 6550 6551 6552
f 6553 6554 6555
f 6556 6557 6558
f 6559 6560 6561
f 6562 6563 6564
f 6565 6566 6567
f 6568 6569 6570
f 6571 6572 6573
f 6574 6575 6576
f 6577 6578 6579
f 6580 6581 6582
f 6583 6584 6585
f 6586 6587 6588
f 6589 6590 6591
f 6592 6593 6594
f 6595 6596 6597
f 6598 6599 6600
f 6601 6602 6603
f 6604 6605 6606
f 6607 6608 6609
f 6610 6611 6612
f 6613 6614 6615
f 6616 6617 6618
f 6619 6620 6621
f 6622 6623 6624
f 6625 6626 6627
f 6628 6629 6630
f 6631 6632 6633
f 6634 6635 6636
f 6637 6638 6639
f 6640 6641 6642
f 6643 6644 6645
f 6646 6647 6648
f 6649 6650 6651
f 6652 6653 6654
f 6655 6656 6657
f 6658 6659 6660
f 6661 6662 6663
f 6664 6665 6666
f 6667 6668 6669
f 6670 6671 6672
f 6673 6674 6675
f 6676 6677 6678
f 6679 6680 6681
f 6682 6683 6684
f 6685 6686 6687
f 6688 6689 6690
f 6691 6692 6693
f 6694 6695 6696
f 6697 6698 6699
f 6700 6701 6702
f 6703 6704 6705
f 6706 6707 6708
f 6709 6710 6711
f 6712 6713 6714
f 6715 6716 6717
f 6718 6719 6720
f 6721 6722 6723
f 6724 6725 6726
f 6727 6728 6729
f 6730 6731 6732
f 6733 6734 6735
f 6736 6737 6738
f 6739 6740 6741
f 6742 6743 6744
f 6745 6746 6747
f 6748 6749 6750
f 6751 6752 6753
f 6754 6755 6756
f 6757 6758 6759
f 6760 6761 6762
f 6763 6764 6765
f 6766 6767 6768
f 6769 6770 6771
f 6772 6773 6774
f 6775 6776 6777
f 6778 6779 6780
f 6781 6782 6783
f 6784 6785 6786
f 6787 6788 6789
f 6790 6791 6792
f 6793 6794 6795
f 6796 6797 6798
f 6799 6800 6801
f 6802 6803 6804
f 6805 6806 6807
f 6808 6809 6810
f 6811 6812 6813
f 6814 6815 6816
f 6817 6818 6819
f 6820 6821 6822
f 6823 6824 6825
f 6826 6827 6828
f 6829 6830 6831
f 6832 6833 6834
f 6835 6836 6837
f 6838 6839 6840
f 6841 6842 6843
f 6844 6845 6846
f 6847 6848 6849
f 6850 6851 6852
f 6853 6854 6855
f 6856 6857 6858
f 6859 6860 6861
f 6862 6863 6864
f 6865 6866 6867
f 6868 6869 6870
f 6871 6872 6873
f 6874 6875 6876
f 6877 6878 6879
f 6880 6881 6882
f 6883 6884 6885
f 6886 6887 6888
f 6889 6890 6891
f 6892 6893 6894
f 6895 6896 6897
f 6898 6899 6900
f 6901 6902 6903
f 6904 6905 6906
f 6907 6908 6909
f 6910 6911 6912
f 6913 6914 6915
f 6916 6917 6918
f 6919 6920 6921
f 6922 6923 6924
f 6925 6926 6927
f 6928 6929 6930
f 6931 6932 6933
f 6934 6935 6936
f 6937 6938 6939
f 6940 6941 6942
f 6943 6944 6945
f 6946 6947 6948
f 6949 6950 6951
f 6952 6953 6954
f 6955 6956 6957
f 6958 6959 6960
f 6961 6962 6963
f 6964 6965 6966
f 6967 6968 6969
f 6970 6971 6972
f 6973 6974 6975
f 6976 6977 6978
f 6979 6980 6981
f 6982 6983 6984
f 6985 6986 6987
f 6988 6989 6990
f 6991 6992 6993
f 6994 6995 6996
f 6997 6998 6999
f 7000 7001 7002
f 7003 7004 7005
f 7006 7007 7008
f 7009 7010 7011
f 7012 7013 7014
f 7015 7016 7017
f 7018 7019 7020
f 7021 7022 7023
f 7024 7025 7026
f 7027 7028 7029
f 7030 7031 7032
f 7033 7034 7035
f 7036 7037 7038
f 7039 7040 7041
f 7042 7043 7044
f 7045 7046 7047
f 7048 7049 7050
f 7051 7052 7053
f 7054 7055 7056
f 7057 7058 7059
f 7060 7061 7062
f 7063 7064 7065
f 7066 7067 7068
f 7069 7070 7071
f 7072 7073 7074
f 7075 7076 7077
f 7078 7079 7080
f 7081 7082 7083
f 7084 7085 7086
f 7087 7088 7089
f 7090 7091 7092
f 7093 7094 7095
f 7096 7097 7098
f 7099 7100 7101
f 7102 7103 7104
f 7105 7106 7107
f 7108 7109 7110
f 7111 7112 7113
f 7114 7115 7116
f 7117 7118 7119
f 7120 7121 7122
f 7123 7124 7125
f 7126 7127 7128
f 7129 7130 7131
f 7132 7133 7134
f 7135 7136 7137
f 7138 7139 7140
f 7141 7142 7143
f 7144 7145 7146
f 7147 7148 7149
f 7150 7151 7152
f 7153 7154 7155
f 7156 7157 7158
f 7159 7160 7161
f 7162 7163 7164
f 7165 7166 7167
f 7168 7169 7170
f 7171 7172 7173
f 7174 7175 7176
f 7177 7178 7179
f 7180 7181 7182
f 7183 7184 7185
f 7186 7187 7188
f 7189 7190 7191
f 7192 7193 7194
f 7195 7196 7197
f 7198 7199 7200
f 7201 7202 7203
f 7204 7205 7206
f 7207 7208 7209
f 7210 7211 7212
f 7213 7214 7215
f 7216 7217 7218
f 7219 7220 7221
f 7222 7223 7224
f 7225 7226 7227
f 7228 7229 7230
f 7231 7232 7233
f 7234 7235 7236
f 7237 7238 7239
f 7240 7241 7242
f 7243 7244 7245
f 7246 7247 7248
f 7249 7250 7251
f 7252 7253 7254
f 7255 7256 7257
f 7258 7259 7260
f 7261 7262 7263
f 7264 7265 7266
f 7267 7268 7269
f 7270 7271 7272
f 7273 7274 7275
f 7276 7277 7278
f 7279 7280 7281
f 7282 7283 7284
f 7285 7286 7287
f 7288 7289 7290
f 7291 7292 7293
f 7294 7295 7296
f 7297 7298 7299
f 7300 7301 7302
f 7303 7304 7305
f 7306 7307 7308
f 7309 7310 7311
f 7312 7313 7314
f 7315 7316 7317
f 7318 7319 7320
f 7321 7322 7323
f 7324 7325 7326
f 7327 7328 7329
f 7330 7331 7332
f 7333 7334 7335
f 7336 7337 7338
f 7339 7340 7341
f 7342 7343 7344
f 7345 7346 7347
f 7348 7349 7350
f 7351 7352 7353
f 7354 7355 7356
f 7357 7358 7359
f 7360 7361 7362
f 7363 7364 7365
f 7366 7367 7368
f 7369 7370 7371
f 7372 7373 7374
f 7375 7376 7377
f 7378 7379 7380
f 7381 7382 7383
f 7384 7385 7386
f 7387 7388 7389
f 7390 7391 7392
f 7393 7394 7395
f 7396 7397 7398
f 7399 7400 7401
f 7402 7403 7404
f 7405 7406 7407
f 7408 7409 7410
f 7411 7412 7413
f 7414 7415 7416
f 7417 7418 7419
f 7420 7421 7422
f 7423 7424 7425
f 7426 7427 7428
f 7429 7430 7431
f 7432 7433 7434
f 7435 7436 7437
f 7438 7439 7440
f 7441 7442 7443
f 7444 7445 7446
f 7447 7448 7449
f 7450 7451 7452
f 7453 7454 7455
f 7456 7457 7458
f 7459 7460 7461
f 7462 7463 7464
f 7465 7466 7467
f 7468 7469 7470
f 7471 7472 7473
f 7474 7475 7476
f 7477 7478 7479
f 7480 7481 7482
f 7483 7484 7485
f 7486 7487 7488
f 7489 7490 7491
f 7492 7493 7494
f 7495 7496 7497
f 7498 7499 7500
f 7501 7502 7503
f 7504 7505 7506
f 7507 7508 7509
f 7510 7511 7512
f 7513 7514 7515
f 7516 7517 7518
f 7519 7520 7521
f 7522 7523 7524
f 7525 7526 7527
f 7528 7529 7530
f 7531 7532 7533
f 7534 7535 7536
f 7537 7538 7539
f 7540 7541 7542
f 7543 7544 7545
f 7546 7547 7548
f 7549 7550 7551
f 7552 7553 7554
f 7555 7556 7557
f 7558 7559 7560
f 7561 7562 7563
f 7564 7565 7566
f 7567 7568 7569
f 7570 7571 7572
f 7573 7574 7575
f 7576 7577 7578
f 7579 7580 7581
f 7582 7583 7584
f 7585 7586 7587
f 7588 7589 7590
f 7591 7592 7593
f 7594 7595 7596
f 7597 7598 7599
f 7600 7601 7602
f 7603 7604 7605
f 7606 7607 7608
f 7609 7610 7611
f 7612 7613 7614
f 7615 7616 7617
f 7618 7619 7620
f 7621 7622 7623
f 7624 7625 7626
f 7627 7628 7629
f 7630 7631 7632
f 7633 7634 7635
f 7636 7637 7638
f 7639 7640 7641
f 7642 7643 7644
f 7645 7646 7647
f 7648 7649 7650
f 7651 7652 7653
f 7654 7655 7656
f 7657 7658 7659
f 7660 7661 7662
f 7663 7664 7665
f 7666 7667 7668
f 7669 7670 7671
f 7672 7673 7674
f 7675 7676 7677
f 7678 7679 7680
f 7681 7682 7683
f 7684 7685 7686
f 7687 7688 7689
f 7690 7691 7692
f 7693 7694 7695
f 7696 7697 7698
f 7699 7700 7701
f 7702 7703 7704
f 7705 7706 7707
f 7708 7709 7710
f 7711 7712 7713
f 7714 7715 7716
f 7717 7718 7719
f 7720 7721 7722
f 7723 7724 7725
f 7726 7727 7728
f 7729 7730 7731
f 7732 7733 7734
f 7735 7736 7737
f 7738 7739 7740
f 7741 7742 7743
f 7744 7745 7746
f 7747 7748 7749
f 7750 7751 7752
f 7753 7754 7755
f 7756 7757 7758
f 7759 7760 7761
f 7762 7763 7764
f 7765 7766 7767
f 7768 7769 7770
f 7771 7772 7773
f 7774 7775 7776
f 7777 7778 7779
f 7780 7781 7782
f 7783 7784 7785
f 7786 7787 7788
f 7789 7790 7791
f 7792 7793 7794
f 7795 7796 7797
f 7798 7799 7800
f 7801 7802 7803
f 7804 7805 7806
f 7807 7808 7809
f 7810 7811 7812
f 7813 7814 7815
f 7816 7817 7818
f 7819 7820 7821
f 7822 7823 7824
f 7825 7826 7827
f 7828 7829 7830
f 7831 7832 7833
f 7834 7835 7836
f 7837 7838 7839
f 7840 7841 7842
f 7843 7844 7845
f 7846 7847 7848
f 7849 7850 7851
f 7852 7853 7854
f 7855 7856 7857
f 7858 7859 7860
f 7861 7862 7863
f 7864 7865 7866
f 7867 7868 7869
f 7870 7871 7872
f 7873 7874 7875
f 7876 7877 7878
f 7879 7880 7881
f 7882 7883 7884
f 7885 7886 7887
f 7888 7889 7890
f 7891 7892 7893
f 7894 7895 7896
f 7897 7898 7899
f 7900 7901 7902
f 7903 7904 7905
f 7906 7907 7908
f 7909 7910 7911
f 7912 7913 7914
f 7915 7916 7917
f 7918 7919 7920
f 7921 7922 7923
f 7924 7925 7926
f 7927 7928 7929
f 7930 7931 7932
f 7933 7934 7935
f 7936 7937 7938
f 7939 7940 7941
f 7942 7943 7944
f 7945 7946 7947
f 7948 7949 7950
f 7951 7952 7953
f 7954 7955 7956
f 7957 7958 7959
f 7960 7961 7962
f 7963 7964 7965
f 7966 7967 7968
f 7969 7970 7971
f 7972 7973 7974
f 7975 7976 7977
f 7978 7979 7980
f 7981 7982 7983
f 7984 7985 7986
f 7987 7988 7989
f 7990 7991 7992
f 7993 7994 7995
f 7996 7997 7998
f 7999 8000 8001
f 8002 8003 8004
f 8005 8006 8007
f 8008 8009 8010
f 8011 8012 8013
f 8014 8015 8016
f 8017 8018 8019
f 8020 8021 8022
f 8023 8024 8025
f 8026 8027 8028
f 8029 8030 8031
f 8032 8033 8034
f 8035 8036 8037
f 8038 8039 8040
f 8041 8042 8043
f 8044 8045 8046
f 8047 8048 8049
f 8050 8051 8052
f 8053 8054 8055
f 8056 8057 8058
f 8059 8060 8061
f 8062 8063 8064
f 8065 8066 8067
f 8068 8069 8070
f 8071 8072 8073
f 8074 8075 8076
f 8077 8078 8079
f 8080 8081 8082
f 8083 8084 8085
f 8086 8087 8088
f 8089 8090 8091
f 8092 8093 8094
f 8095 8096 8097
f 8098 8099 8100
f 8101 8102 8103
f 8104 8105 8106
f 8107 8108 8109
f 8110 8111 8112
f 8113 8114 8115
f 8116 8117 8118
f 8119 8120 8121
f 8122 8123 8124
f 8125 8126 8127
f 8128 8129 8130
f 8131 8132 8133
f 8134 8135 8136
f 8137 8138 8139
f 8140 8141 8142
f 8143 8144 8145
f 8146 8147 8148
f 8149 8150 8151
f 8152 8153 8154
f 8155 8156 8157
f 8158 8159 8160
f 8161 8162 8163
f 8164 8165 8166
f 8167 8168 8169
f 8170 8171 8172
f 8173 8174 8175
f 8176 8177 8178
f 8179 8180 8181
f 8182 8183 8184
f 8185 8186 8187
f 8188 8189 8190
f 8191 8192 8193
f 8194 8195 8196
f 8197 8198 8199
f 8200 8201 8202
f 8203 8204 8205
f 8206 8207 8208
f 8209 8210 8211
f 8212 8213 8214
f 8215 8216 8217
f 8218 8219 8220
f 8221 8222 8223
f 8224 8225 8226
f 8227 8228 8229
f 8230 8231 8232
f 8233 8234 8235
f 8236 8237 8238
f 8239 8240 8241
f 8242 8243 8244
f 8245 8246 8247
f 8248 8249 8250
f 8251 8252 8253
f 8254 8255 8256
f 8257 8258 8259
f 8260 8261 8262
f 8263 8264 8265
f 8266 8267 8268
f 8269 8270 8271
f 8272 8273 8274
f 8275 8276 8277
f 8278 8279 8280
f 8281 8282 8283
f 8284 8285 8286
f 8287 8288 8289
f 8290 8291 8292
f 8293 8294 8295
f 8296 8297 8298
f 8299 8300 8301
f 8302 8303 8304
f 8305 8306 8307
f 8308 8309 8310
f 8311 8312 8313
f 8314 8315 8316
f 8317 8318 8319
f 8320 8321 8322
f 8323 8324 8325
f 8326 8327 8328
f 8329 8330 8331
f 8332 8333 8334
f 8335 8336 8337
f 8338 8339 8340
f 8341 8342 8343
f 8344 8345 8346
f 8347 8348 8349
f 8350 8351 8352
f 8353 8354 8355
f 8356 8357 8358
f 8359 8360 8361
f 8362 8363 8364
f 8365 8366 8367
f 8368 8369 8370
f 8371 8372 8373
f 8374 8375 8376
f 8377 8378 8379
f 8380 8381 8382
f 8383 8384 8385
f 8386 8387 8388
f 8389 8390 8391
f 8392 8393 8394
f 8395 8396 8397
f 8398 8399 8400
f 8401 8402 8403
f 8404 8405 8406
f 8407 8408 8409
f 8410 8411 8412
f 8413 8414 8415
f 8416 8417 8418
f 8419 8420 8421
f 8422 8423 8424
f 8425 8426 8427
f 8428 8429 8430
f 8431 8432 8433
f 8434 8435 8436
