v 0.04077842086553574 -0.0035454544704407454 0.002400000113993883
v 0.04077842086553574 -0.0035454544704407454 9.999999747378752e-05
v 0.04205294325947762 -0.003749626222997904 9.999999747378752e-05
v 0.04077842086553574 -0.0035454544704407454 0.002400000113993883
v 0.04205294325947762 -0.003749626222997904 9.999999747378752e-05
v 0.04205294325947762 -0.003749626222997904 0.002400000113993883
v 0.04205294325947762 -0.003749626222997904 0.002400000113993883
v 0.04205294325947762 -0.003749626222997904 9.999999747378752e-05
v 0.04332119598984719 -0.0035095505882054567 9.999999747378752e-05
v 0.04205294325947762 -0.003749626222997904 0.002400000113993883
v 0.04332119598984719 -0.0035095505882054567 9.999999747378752e-05
v 0.04332119598984719 -0.0035095505882054567 0.002400000113993883
v 0.04332119598984719 -0.0035095505882054567 0.002400000113993883
v 0.04332119598984719 -0.0035095505882054567 9.999999747378752e-05
v 0.04443291202187539 -0.0028536710888147354 9.999999747378752e-05
v 0.04332119598984719 -0.0035095505882054567 0.002400000113993883
v 0.04443291202187539 -0.0028536710888147354 9.999999747378752e-05
v 0.04443291202187539 -0.0028536710888147354 0.002400000113993883
v 0.04443291202187539 -0.0028536710888147354 0.002400000113993883
v 0.04443291202187539 -0.0028536710888147354 9.999999747378752e-05
v 0.045256383717060096 -0.0018596949521452188 9.999999747378752e-05
v 0.04443291202187539 -0.0028536710888147354 0.002400000113993883
v 0.045256383717060096 -0.0018596949521452188 9.999999747378752e-05
v 0.045256383717060096 -0.0018596949521452188 0.002400000113993883
v 0.045256383717060096 -0.0018596949521452188 0.002400000113993883
v 0.045256383717060096 -0.0018596949521452188 9.999999747378752e-05
v 0.045694045722484596 -0.0006453862879425287 9.999999747378752e-05
v 0.045256383717060096 -0.0018596949521452188 0.002400000113993883
v 0.045694045722484596 -0.0006453862879425287 9.999999747378752e-05
v 0.045694045722484596 -0.0006453862879425287 0.002400000113993883
v 0.045694045722484596 -0.0006453862879425287 0.002400000113993883
v 0.045694045722484596 -0.0006453862879425287 9.999999747378752e-05
v 0.045694045722484596 0.0006453862879425287 9.999999747378752e-05
v 0.045694045722484596 -0.0006453862879425287 0.002400000113993883
v 0.045694045722484596 0.0006453862879425287 9.999999747378752e-05
v 0.045694045722484596 0.0006453862879425287 0.002400000113993883
v 0.045694045722484596 0.0006453862879425287 0.002400000113993883
v 0.045694045722484596 0.0006453862879425287 9.999999747378752e-05
v 0.045256383717060096 0.0018596949521452188 9.999999747378752e-05
v 0.045694045722484596 0.0006453862879425287 0.002400000113993883
v 0.045256383717060096 0.0018596949521452188 9.999999747378752e-05
v 0.045256383717060096 0.0018596949521452188 0.002400000113993883
v 0.045256383717060096 0.0018596949521452188 0.002400000113993883
v 0.045256383717060096 0.0018596949521452188 9.999999747378752e-05
v 0.04443291202187539 0.0028536710888147354 9.999999747378752e-05
v 0.045256383717060096 0.0018596949521452188 0.002400000113993883
v 0.04443291202187539 0.0028536710888147354 9.999999747378752e-05
v 0.04443291202187539 0.0028536710888147354 0.002400000113993883
v 0.04443291202187539 0.0028536710888147354 0.002400000113993883
v 0.04443291202187539 0.0028536710888147354 9.999999747378752e-05
v 0.04332119598984719 0.0035095505882054567 9.999999747378752e-05
v 0.04443291202187539 0.0028536710888147354 0.002400000113993883
v 0.04332119598984719 0.0035095505882054567 9.999999747378752e-05
v 0.04332119598984719 0.0035095505882054567 0.002400000113993883
v 0.04332119598984719 0.0035095505882054567 0.002400000113993883
v 0.04332119598984719 0.0035095505882054567 9.999999747378752e-05
v 0.04205294325947762 0.003749626222997904 9.999999747378752e-05
v 0.04332119598984719 0.0035095505882054567 0.002400000113993883
v 0.04205294325947762 0.003749626222997904 9.999999747378752e-05
v 0.04205294325947762 0.003749626222997904 0.002400000113993883
v 0.04205294325947762 0.003749626222997904 0.002400000113993883
v 0.04205294325947762 0.003749626222997904 9.999999747378752e-05
v 0.04077842086553574 0.0035454544704407454 9.999999747378752e-05
v 0.04205294325947762 0.003749626222997904 0.002400000113993883
v 0.04077842086553574 0.0035454544704407454 9.999999747378752e-05
v 0.04077842086553574 0.0035454544704407454 0.002400000113993883
v 0.04077842086553574 -0.0035454544704407454 0.017899999395012856
v 0.04077842086553574 -0.0035454544704407454 0.015599999576807022
v 0.04205294325947762 -0.003749626222997904 0.015599999576807022
v 0.04077842086553574 -0.0035454544704407454 0.017899999395012856
v 0.04205294325947762 -0.003749626222997904 0.015599999576807022
v 0.04205294325947762 -0.003749626222997904 0.017899999395012856
v 0.04205294325947762 -0.003749626222997904 0.017899999395012856
v 0.04205294325947762 -0.003749626222997904 0.015599999576807022
v 0.04332119598984719 -0.0035095505882054567 0.015599999576807022
v 0.04205294325947762 -0.003749626222997904 0.017899999395012856
v 0.04332119598984719 -0.0035095505882054567 0.015599999576807022
v 0.04332119598984719 -0.0035095505882054567 0.017899999395012856
v 0.04332119598984719 -0.0035095505882054567 0.017899999395012856
v 0.04332119598984719 -0.0035095505882054567 0.015599999576807022
v 0.04443291202187539 -0.0028536710888147354 0.015599999576807022
v 0.04332119598984719 -0.0035095505882054567 0.017899999395012856
v 0.04443291202187539 -0.0028536710888147354 0.015599999576807022
v 0.04443291202187539 -0.0028536710888147354 0.017899999395012856
v 0.04443291202187539 -0.0028536710888147354 0.017899999395012856
v 0.04443291202187539 -0.0028536710888147354 0.015599999576807022
v 0.045256383717060096 -0.0018596949521452188 0.015599999576807022
v 0.04443291202187539 -0.0028536710888147354 0.017899999395012856
v 0.045256383717060096 -0.0018596949521452188 0.015599999576807022
v 0.045256383717060096 -0.0018596949521452188 0.017899999395012856
v 0.045256383717060096 -0.0018596949521452188 0.017899999395012856
v 0.045256383717060096 -0.0018596949521452188 0.015599999576807022
v 0.045694045722484596 -0.0006453862879425287 0.015599999576807022
v 0.045256383717060096 -0.0018596949521452188 0.017899999395012856
v 0.045694045722484596 -0.0006453862879425287 0.015599999576807022
v 0.045694045722484596 -0.0006453862879425287 0.017899999395012856
v 0.045694045722484596 -0.0006453862879425287 0.017899999395012856
v 0.045694045722484596 -0.0006453862879425287 0.015599999576807022
v 0.045694045722484596 0.0006453862879425287 0.015599999576807022
v 0.045694045722484596 -0.0006453862879425287 0.017899999395012856
v 0.045694045722484596 0.0006453862879425287 0.015599999576807022
v 0.045694045722484596 0.0006453862879425287 0.017899999395012856
v 0.045694045722484596 0.0006453862879425287 0.017899999395012856
v 0.045694045722484596 0.0006453862879425287 0.015599999576807022
v 0.045256383717060096 0.0018596949521452188 0.015599999576807022
v 0.045694045722484596 0.0006453862879425287 0.017899999395012856
v 0.045256383717060096 0.0018596949521452188 0.015599999576807022
v 0.045256383717060096 0.0018596949521452188 0.017899999395012856
v 0.045256383717060096 0.0018596949521452188 0.017899999395012856
v 0.045256383717060096 0.0018596949521452188 0.015599999576807022
v 0.04443291202187539 0.0028536710888147354 0.015599999576807022
v 0.045256383717060096 0.0018596949521452188 0.017899999395012856
v 0.04443291202187539 0.0028536710888147354 0.015599999576807022
v 0.04443291202187539 0.0028536710888147354 0.017899999395012856
v 0.04443291202187539 0.0028536710888147354 0.017899999395012856
v 0.04443291202187539 0.0028536710888147354 0.015599999576807022
v 0.04332119598984719 0.0035095505882054567 0.015599999576807022
v 0.04443291202187539 0.0028536710888147354 0.017899999395012856
v 0.04332119598984719 0.0035095505882054567 0.015599999576807022
v 0.04332119598984719 0.0035095505882054567 0.017899999395012856
v 0.04332119598984719 0.0035095505882054567 0.017899999395012856
v 0.04332119598984719 0.0035095505882054567 0.015599999576807022
v 0.04205294325947762 0.003749626222997904 0.015599999576807022
v 0.04332119598984719 0.0035095505882054567 0.017899999395012856
v 0.04205294325947762 0.003749626222997904 0.015599999576807022
v 0.04205294325947762 0.003749626222997904 0.017899999395012856
v 0.04205294325947762 0.003749626222997904 0.017899999395012856
v 0.04205294325947762 0.003749626222997904 0.015599999576807022
v 0.04077842086553574 0.0035454544704407454 0.015599999576807022
v 0.04205294325947762 0.003749626222997904 0.017899999395012856
v 0.04077842086553574 0.0035454544704407454 0.015599999576807022
v 0.04077842086553574 0.0035454544704407454 0.017899999395012856
v 0.006000000052154066 0.003000000026077032 0.015299038030207157
v 0.005450962111353875 0.003000000026077032 0.014750000089406967
v 0.004479118157178164 0.003000000026077032 0.017899999395012856
v 0.005249999929219485 0.003000000026077032 0.014000000432133675
v 0.005249999929219485 0.003000000026077032 0.004000000189989805
v 0.004479118157178164 0.003000000026077032 9.999999747378752e-05
v 0.005450962111353875 0.003000000026077032 0.0032500000670552254
v 0.006000000052154066 0.003000000026077032 0.0027009618934243917
v 0.006750000175088646 0.003000000026077032 0.0024999999441206455
v 0.037520881742239005 0.003000000026077032 9.999999747378752e-05
v 0.0320490375161171 0.003000000026077032 0.014750000089406967
v 0.03150000050663949 0.003000000026077032 0.015299038030207157
v 0.037520881742239005 0.003000000026077032 0.017899999395012856
v 0.030750000849366195 0.003000000026077032 0.01549999974668026
v 0.006750000175088646 0.003000000026077032 0.01549999974668026
v 0.03224999830126763 0.003000000026077032 0.014000000432133675
v 0.03575000166893006 0.003000000026077032 0.014100000262260437
v 0.03595096245408059 0.003000000026077032 0.0031500000040978193
v 0.036499999463558204 0.003000000026077032 0.0026009618304669857
v 0.037250000983476646 0.003000000026077032 0.002400000113993883
v 0.037520881742239005 0.003000000026077032 0.002400000113993883
v 0.037520881742239005 0.003000000026077032 0.015599999576807022
v 0.037250000983476646 0.003000000026077032 0.015599999576807022
v 0.036499999463558204 0.003000000026077032 0.01539903786033392
v 0.03595096245408059 0.003000000026077032 0.01484999991953373
v 0.030750000849366195 0.003000000026077032 0.0024999999441206455
v 0.03150000050663949 0.003000000026077032 0.0027009618934243917
v 0.0320490375161171 0.003000000026077032 0.0032500000670552254
v 0.03224999830126763 0.003000000026077032 0.004000000189989805
v 0.03575000166893006 0.003000000026077032 0.0038999998942017555
v 0.037520881742239005 -0.003000000026077032 0.015599999576807022
v 0.037520881742239005 -0.003000000026077032 0.017899999395012856
v 0.037250000983476646 -0.003000000026077032 0.015599999576807022
v 0.036499999463558204 -0.003000000026077032 0.01539903786033392
v 0.006750000175088646 -0.003000000026077032 0.0024999999441206455
v 0.006000000052154066 -0.003000000026077032 0.0027009618934243917
v 0.004479118157178164 -0.003000000026077032 9.999999747378752e-05
v 0.005450962111353875 -0.003000000026077032 0.0032500000670552254
v 0.005249999929219485 -0.003000000026077032 0.004000000189989805
v 0.004479118157178164 -0.003000000026077032 0.017899999395012856
v 0.005249999929219485 -0.003000000026077032 0.014000000432133675
v 0.005450962111353875 -0.003000000026077032 0.014750000089406967
v 0.036499999463558204 -0.003000000026077032 0.0026009618304669857
v 0.037520881742239005 -0.003000000026077032 9.999999747378752e-05
v 0.037250000983476646 -0.003000000026077032 0.002400000113993883
v 0.037520881742239005 -0.003000000026077032 0.002400000113993883
v 0.030750000849366195 -0.003000000026077032 0.0024999999441206455
v 0.03150000050663949 -0.003000000026077032 0.0027009618934243917
v 0.03595096245408059 -0.003000000026077032 0.0031500000040978193
v 0.03150000050663949 -0.003000000026077032 0.015299038030207157
v 0.0320490375161171 -0.003000000026077032 0.014750000089406967
v 0.006000000052154066 -0.003000000026077032 0.015299038030207157
v 0.006750000175088646 -0.003000000026077032 0.01549999974668026
v 0.030750000849366195 -0.003000000026077032 0.01549999974668026
v 0.03595096245408059 -0.003000000026077032 0.01484999991953373
v 0.03575000166893006 -0.003000000026077032 0.014100000262260437
v 0.03224999830126763 -0.003000000026077032 0.014000000432133675
v 0.03575000166893006 -0.003000000026077032 0.0038999998942017555
v 0.03224999830126763 -0.003000000026077032 0.004000000189989805
v 0.0320490375161171 -0.003000000026077032 0.0032500000670552254
v 0.04077842086553574 0.0035454544704407454 0.002400000113993883
v 0.04077842086553574 0.0035454544704407454 9.999999747378752e-05
v 0.03917232900857926 0.003137306310236454 9.999999747378752e-05
v 0.04077842086553574 0.0035454544704407454 0.002400000113993883
v 0.03917232900857926 0.003137306310236454 9.999999747378752e-05
v 0.03917232900857926 0.003137306310236454 0.002400000113993883
v 0.03917232900857926 0.003137306310236454 0.002400000113993883
v 0.03917232900857926 0.003137306310236454 9.999999747378752e-05
v 0.037520881742239005 0.003000000026077032 9.999999747378752e-05
v 0.03917232900857926 0.003137306310236454 0.002400000113993883
v 0.037520881742239005 0.003000000026077032 9.999999747378752e-05
v 0.037520881742239005 0.003000000026077032 0.002400000113993883
v 0.04077842086553574 0.0035454544704407454 0.017899999395012856
v 0.04077842086553574 0.0035454544704407454 0.015599999576807022
v 0.03917232900857926 0.003137306310236454 0.015599999576807022
v 0.04077842086553574 0.0035454544704407454 0.017899999395012856
v 0.03917232900857926 0.003137306310236454 0.015599999576807022
v 0.03917232900857926 0.003137306310236454 0.017899999395012856
v 0.03917232900857926 0.003137306310236454 0.017899999395012856
v 0.03917232900857926 0.003137306310236454 0.015599999576807022
v 0.037520881742239005 0.003000000026077032 0.015599999576807022
v 0.03917232900857926 0.003137306310236454 0.017899999395012856
v 0.037520881742239005 0.003000000026077032 0.015599999576807022
v 0.037520881742239005 0.003000000026077032 0.017899999395012856
v 0.037520881742239005 -0.003000000026077032 0.002400000113993883
v 0.037520881742239005 -0.003000000026077032 9.999999747378752e-05
v 0.03917232900857926 -0.003137306310236454 9.999999747378752e-05
v 0.037520881742239005 -0.003000000026077032 0.002400000113993883
v 0.03917232900857926 -0.003137306310236454 9.999999747378752e-05
v 0.03917232900857926 -0.003137306310236454 0.002400000113993883
v 0.03917232900857926 -0.003137306310236454 0.002400000113993883
v 0.03917232900857926 -0.003137306310236454 9.999999747378752e-05
v 0.04077842086553574 -0.0035454544704407454 9.999999747378752e-05
v 0.03917232900857926 -0.003137306310236454 0.002400000113993883
v 0.04077842086553574 -0.0035454544704407454 9.999999747378752e-05
v 0.04077842086553574 -0.0035454544704407454 0.002400000113993883
v 0.037520881742239005 -0.003000000026077032 0.017899999395012856
v 0.037520881742239005 -0.003000000026077032 0.015599999576807022
v 0.03917232900857926 -0.003137306310236454 0.015599999576807022
v 0.037520881742239005 -0.003000000026077032 0.017899999395012856
v 0.03917232900857926 -0.003137306310236454 0.015599999576807022
v 0.03917232900857926 -0.003137306310236454 0.017899999395012856
v 0.03917232900857926 -0.003137306310236454 0.017899999395012856
v 0.03917232900857926 -0.003137306310236454 0.015599999576807022
v 0.04077842086553574 -0.0035454544704407454 0.015599999576807022
v 0.03917232900857926 -0.003137306310236454 0.017899999395012856
v 0.04077842086553574 -0.0035454544704407454 0.015599999576807022
v 0.04077842086553574 -0.0035454544704407454 0.017899999395012856
v 0.04301683977246285 0.0022838637232780457 9.999999747378752e-05
v 0.04308471083641053 0.002252422273159027 0.002400000113993883
v 0.04199999943375588 0.0024999999441206455 0.002400000113993883
v 0.04301683977246285 0.0022838637232780457 9.999999747378752e-05
v 0.04307621344923974 0.002240727888420224 9.999999747378752e-05
v 0.04308471083641053 0.002252422273159027 0.002400000113993883
v 0.04308471083641053 0.002252422273159027 0.002400000113993883
v 0.04307621344923974 0.002240727888420224 9.999999747378752e-05
v 0.043857861310243614 0.001672826474532485 9.999999747378752e-05
v 0.04308471083641053 0.002252422273159027 0.002400000113993883
v 0.043857861310243614 0.001672826474532485 9.999999747378752e-05
v 0.04395457729697228 0.001558724557980895 0.002400000113993883
v 0.043857861310243614 0.001672826474532485 9.999999747378752e-05
v 0.04393145069479943 0.0015453704399988055 9.999999747378752e-05
v 0.04395457729697228 0.001558724557980895 0.002400000113993883
v 0.04395457729697228 0.001558724557980895 0.002400000113993883
v 0.04393145069479943 0.0015453704399988055 9.999999747378752e-05
v 0.04437763988971711 0.0007725424948148429 9.999999747378752e-05
v 0.04395457729697228 0.001558724557980895 0.002400000113993883
v 0.04437763988971711 0.0007725424948148429 9.999999747378752e-05
v 0.04443731904029847 0.0005563023150898516 0.002400000113993883
v 0.04437763988971711 0.0007725424948148429 9.999999747378752e-05
v 0.04440077394247056 0.0005524610751308501 9.999999747378752e-05
v 0.04443731904029847 0.0005563023150898516 0.002400000113993883
v 0.04443731904029847 0.0005563023150898516 0.002400000113993883
v 0.04440077394247056 0.0005524610751308501 9.999999747378752e-05
v 0.044486302882432945 -0.0002613211690913886 9.999999747378752e-05
v 0.04443731904029847 0.0005563023150898516 0.002400000113993883
v 0.044486302882432945 -0.0002613211690913886 9.999999747378752e-05
v 0.04443731904029847 -0.0005563023150898516 0.002400000113993883
v 0.044486302882432945 -0.0002613211690913886 9.999999747378752e-05
v 0.04439493268728257 -0.0005425304407253861 9.999999747378752e-05
v 0.04443731904029847 -0.0005563023150898516 0.002400000113993883
v 0.04443731904029847 -0.0005563023150898516 0.002400000113993883
v 0.04439493268728257 -0.0005425304407253861 9.999999747378752e-05
v 0.04416506364941598 -0.0012499999720603228 9.999999747378752e-05
v 0.04443731904029847 -0.0005563023150898516 0.002400000113993883
v 0.04416506364941598 -0.0012499999720603228 9.999999747378752e-05
v 0.04395457729697228 -0.001558724557980895 0.002400000113993883
v 0.04416506364941598 -0.0012499999720603228 9.999999747378752e-05
v 0.04391730576753617 -0.0015251634176820517 9.999999747378752e-05
v 0.04395457729697228 -0.001558724557980895 0.002400000113993883
v 0.04395457729697228 -0.001558724557980895 0.002400000113993883
v 0.04391730576753617 -0.0015251634176820517 9.999999747378752e-05
v 0.043469462543725974 -0.0020225425250828266 9.999999747378752e-05
v 0.04395457729697228 -0.001558724557980895 0.002400000113993883
v 0.043469462543725974 -0.0020225425250828266 9.999999747378752e-05
v 0.04308471083641053 -0.002252422273159027 0.002400000113993883
v 0.043469462543725974 -0.0020225425250828266 9.999999747378752e-05
v 0.043062943965196616 -0.0022035364527255297 9.999999747378752e-05
v 0.04308471083641053 -0.002252422273159027 0.002400000113993883
v 0.04308471083641053 -0.002252422273159027 0.002400000113993883
v 0.043062943965196616 -0.0022035364527255297 9.999999747378752e-05
v 0.04251977801322938 -0.002445369027554989 9.999999747378752e-05
v 0.04308471083641053 -0.002252422273159027 0.002400000113993883
v 0.04251977801322938 -0.002445369027554989 9.999999747378752e-05
v 0.04199999943375588 -0.0024999999441206455 0.002400000113993883
v 0.04251977801322938 -0.002445369027554989 9.999999747378752e-05
v 0.04199999943375588 -0.0024999999441206455 9.999999747378752e-05
v 0.04199999943375588 -0.0024999999441206455 0.002400000113993883
v 0.04199999943375588 -0.0024999999441206455 0.002400000113993883
v 0.04199999943375588 -0.0024999999441206455 9.999999747378752e-05
v 0.041480220854282386 -0.002445369027554989 9.999999747378752e-05
v 0.04199999943375588 -0.0024999999441206455 0.002400000113993883
v 0.041480220854282386 -0.002445369027554989 9.999999747378752e-05
v 0.04091529175639153 -0.002252422273159027 0.002400000113993883
v 0.041480220854282386 -0.002445369027554989 9.999999747378752e-05
v 0.04093705490231515 -0.0022035364527255297 9.999999747378752e-05
v 0.04091529175639153 -0.002252422273159027 0.002400000113993883
v 0.04091529175639153 -0.002252422273159027 0.002400000113993883
v 0.04093705490231515 -0.0022035364527255297 9.999999747378752e-05
v 0.04053053632378579 -0.0020225425250828266 9.999999747378752e-05
v 0.04091529175639153 -0.002252422273159027 0.002400000113993883
v 0.04053053632378579 -0.0020225425250828266 9.999999747378752e-05
v 0.04004542157053948 -0.001558724557980895 0.002400000113993883
v 0.04053053632378579 -0.0020225425250828266 9.999999747378752e-05
v 0.04008269309997559 -0.0015251634176820517 9.999999747378752e-05
v 0.04004542157053948 -0.001558724557980895 0.002400000113993883
v 0.04004542157053948 -0.001558724557980895 0.002400000113993883
v 0.04008269309997559 -0.0015251634176820517 9.999999747378752e-05
v 0.039834935218095786 -0.0012499999720603228 9.999999747378752e-05
v 0.04004542157053948 -0.001558724557980895 0.002400000113993883
v 0.039834935218095786 -0.0012499999720603228 9.999999747378752e-05
v 0.039562679827213294 -0.0005563023150898516 0.002400000113993883
v 0.039562679827213294 -0.0005563023150898516 0.002400000113993883
v 0.039834935218095786 -0.0012499999720603228 9.999999747378752e-05
v 0.039605066180229194 -0.0005425304407253861 9.999999747378752e-05
v 0.039562679827213294 -0.0005563023150898516 0.002400000113993883
v 0.039605066180229194 -0.0005425304407253861 9.999999747378752e-05
v 0.03950000181794167 -4.592425593796803e-19 0.002400000113993883
v 0.03950000181794167 -4.592425593796803e-19 0.002400000113993883
v 0.039605066180229194 -0.0005425304407253861 9.999999747378752e-05
v 0.03951369598507882 -0.0002613211690913886 9.999999747378752e-05
v 0.03950000181794167 -4.592425593796803e-19 0.002400000113993883
v 0.03951369598507882 -0.0002613211690913886 9.999999747378752e-05
v 0.039562679827213294 0.0005563023150898516 0.002400000113993883
v 0.03951369598507882 -0.0002613211690913886 9.999999747378752e-05
v 0.039599228650331504 0.0005524610751308501 9.999999747378752e-05
v 0.039562679827213294 0.0005563023150898516 0.002400000113993883
v 0.039562679827213294 0.0005563023150898516 0.002400000113993883
v 0.039599228650331504 0.0005524610751308501 9.999999747378752e-05
v 0.039622358977794654 0.0007725424948148429 9.999999747378752e-05
v 0.039562679827213294 0.0005563023150898516 0.002400000113993883
v 0.039622358977794654 0.0007725424948148429 9.999999747378752e-05
v 0.04004542157053948 0.001558724557980895 0.002400000113993883
v 0.039622358977794654 0.0007725424948148429 9.999999747378752e-05
v 0.04006855189800263 0.0015453704399988055 9.999999747378752e-05
v 0.04004542157053948 0.001558724557980895 0.002400000113993883
v 0.04004542157053948 0.001558724557980895 0.002400000113993883
v 0.04006855189800263 0.0015453704399988055 9.999999747378752e-05
v 0.04014213755726815 0.001672826474532485 9.999999747378752e-05
v 0.04004542157053948 0.001558724557980895 0.002400000113993883
v 0.04014213755726815 0.001672826474532485 9.999999747378752e-05
v 0.04091529175639153 0.002252422273159027 0.002400000113993883
v 0.04014213755726815 0.001672826474532485 9.999999747378752e-05
v 0.040923785418272025 0.002240727888420224 9.999999747378752e-05
v 0.04091529175639153 0.002252422273159027 0.002400000113993883
v 0.04091529175639153 0.002252422273159027 0.002400000113993883
v 0.040923785418272025 0.002240727888420224 9.999999747378752e-05
v 0.04098315909504891 0.0022838637232780457 9.999999747378752e-05
v 0.04091529175639153 0.002252422273159027 0.002400000113993883
v 0.04098315909504891 0.0022838637232780457 9.999999747378752e-05
v 0.04199999943375588 0.0024999999441206455 0.002400000113993883
v 0.04199999943375588 0.0024999999441206455 0.002400000113993883
v 0.04098315909504891 0.0022838637232780457 9.999999747378752e-05
v 0.04199999943375588 0.0024999999441206455 9.999999747378752e-05
v 0.04199999943375588 0.0024999999441206455 0.002400000113993883
v 0.04199999943375588 0.0024999999441206455 9.999999747378752e-05
v 0.04301683977246285 0.0022838637232780457 9.999999747378752e-05
v 0.04251977801322938 0.002445369027554989 0.017899999395012856
v 0.04199999943375588 0.0024999999441206455 0.015599999576807022
v 0.04308471083641053 0.002252422273159027 0.015599999576807022
v 0.04395457729697228 0.001558724557980895 0.015599999576807022
v 0.043469462543725974 0.0020225425250828266 0.017899999395012856
v 0.04308471083641053 0.002252422273159027 0.015599999576807022
v 0.04308471083641053 0.002252422273159027 0.015599999576807022
v 0.043469462543725974 0.0020225425250828266 0.017899999395012856
v 0.043062943965196616 0.0022035364527255297 0.017899999395012856
v 0.04308471083641053 0.002252422273159027 0.015599999576807022
v 0.043062943965196616 0.0022035364527255297 0.017899999395012856
v 0.04251977801322938 0.002445369027554989 0.017899999395012856
v 0.04443731904029847 0.0005563023150898516 0.015599999576807022
v 0.04416506364941598 0.0012499999720603228 0.017899999395012856
v 0.04395457729697228 0.001558724557980895 0.015599999576807022
v 0.04395457729697228 0.001558724557980895 0.015599999576807022
v 0.04416506364941598 0.0012499999720603228 0.017899999395012856
v 0.04391730576753617 0.0015251634176820517 0.017899999395012856
v 0.04395457729697228 0.001558724557980895 0.015599999576807022
v 0.04391730576753617 0.0015251634176820517 0.017899999395012856
v 0.043469462543725974 0.0020225425250828266 0.017899999395012856
v 0.04395457729697228 -0.001558724557980895 0.015599999576807022
v 0.04437763988971711 -0.0007725424948148429 0.017899999395012856
v 0.04443731904029847 -0.0005563023150898516 0.015599999576807022
v 0.04443731904029847 -0.0005563023150898516 0.015599999576807022
v 0.04437763988971711 -0.0007725424948148429 0.017899999395012856
v 0.04440077394247056 -0.0005524610751308501 0.017899999395012856
v 0.04443731904029847 -0.0005563023150898516 0.015599999576807022
v 0.04440077394247056 -0.0005524610751308501 0.017899999395012856
v 0.04450000077486039 7.654042311669416e-19 0.015599999576807022
v 0.04450000077486039 7.654042311669416e-19 0.015599999576807022
v 0.04440077394247056 -0.0005524610751308501 0.017899999395012856
v 0.044486302882432945 0.0002613211690913886 0.017899999395012856
v 0.04450000077486039 7.654042311669416e-19 0.015599999576807022
v 0.044486302882432945 0.0002613211690913886 0.017899999395012856
v 0.04443731904029847 0.0005563023150898516 0.015599999576807022
v 0.04443731904029847 0.0005563023150898516 0.015599999576807022
v 0.044486302882432945 0.0002613211690913886 0.017899999395012856
v 0.04439493268728257 0.0005425304407253861 0.017899999395012856
v 0.04443731904029847 0.0005563023150898516 0.015599999576807022
v 0.04439493268728257 0.0005425304407253861 0.017899999395012856
v 0.04416506364941598 0.0012499999720603228 0.017899999395012856
v 0.04308471083641053 -0.002252422273159027 0.015599999576807022
v 0.043857861310243614 -0.001672826474532485 0.017899999395012856
v 0.04395457729697228 -0.001558724557980895 0.015599999576807022
v 0.04395457729697228 -0.001558724557980895 0.015599999576807022
v 0.043857861310243614 -0.001672826474532485 0.017899999395012856
v 0.04393145069479943 -0.0015453704399988055 0.017899999395012856
v 0.04395457729697228 -0.001558724557980895 0.015599999576807022
v 0.04393145069479943 -0.0015453704399988055 0.017899999395012856
v 0.04437763988971711 -0.0007725424948148429 0.017899999395012856
v 0.04199999943375588 -0.0024999999441206455 0.015599999576807022
v 0.04301683977246285 -0.0022838637232780457 0.017899999395012856
v 0.04308471083641053 -0.002252422273159027 0.015599999576807022
v 0.04308471083641053 -0.002252422273159027 0.015599999576807022
v 0.04301683977246285 -0.0022838637232780457 0.017899999395012856
v 0.04307621344923974 -0.002240727888420224 0.017899999395012856
v 0.04308471083641053 -0.002252422273159027 0.015599999576807022
v 0.04307621344923974 -0.002240727888420224 0.017899999395012856
v 0.043857861310243614 -0.001672826474532485 0.017899999395012856
v 0.04091529175639153 -0.002252422273159027 0.015599999576807022
v 0.04098315909504891 -0.0022838637232780457 0.017899999395012856
v 0.04199999943375588 -0.0024999999441206455 0.015599999576807022
v 0.04199999943375588 -0.0024999999441206455 0.015599999576807022
v 0.04098315909504891 -0.0022838637232780457 0.017899999395012856
v 0.04199999943375588 -0.0024999999441206455 0.017899999395012856
v 0.04199999943375588 -0.0024999999441206455 0.015599999576807022
v 0.04199999943375588 -0.0024999999441206455 0.017899999395012856
v 0.04301683977246285 -0.0022838637232780457 0.017899999395012856
v 0.04004542157053948 -0.001558724557980895 0.015599999576807022
v 0.04014213755726815 -0.001672826474532485 0.017899999395012856
v 0.04091529175639153 -0.002252422273159027 0.015599999576807022
v 0.04091529175639153 -0.002252422273159027 0.015599999576807022
v 0.04014213755726815 -0.001672826474532485 0.017899999395012856
v 0.040923785418272025 -0.002240727888420224 0.017899999395012856
v 0.04091529175639153 -0.002252422273159027 0.015599999576807022
v 0.040923785418272025 -0.002240727888420224 0.017899999395012856
v 0.04098315909504891 -0.0022838637232780457 0.017899999395012856
v 0.039562679827213294 -0.0005563023150898516 0.015599999576807022
v 0.039622358977794654 -0.0007725424948148429 0.017899999395012856
v 0.04004542157053948 -0.001558724557980895 0.015599999576807022
v 0.04004542157053948 -0.001558724557980895 0.015599999576807022
v 0.039622358977794654 -0.0007725424948148429 0.017899999395012856
v 0.04006855189800263 -0.0015453704399988055 0.017899999395012856
v 0.04004542157053948 -0.001558724557980895 0.015599999576807022
v 0.04006855189800263 -0.0015453704399988055 0.017899999395012856
v 0.04014213755726815 -0.001672826474532485 0.017899999395012856
v 0.039562679827213294 0.0005563023150898516 0.015599999576807022
v 0.03951369598507882 0.0002613211690913886 0.017899999395012856
v 0.039562679827213294 -0.0005563023150898516 0.015599999576807022
v 0.039562679827213294 -0.0005563023150898516 0.015599999576807022
v 0.03951369598507882 0.0002613211690913886 0.017899999395012856
v 0.039599228650331504 -0.0005524610751308501 0.017899999395012856
v 0.039562679827213294 -0.0005563023150898516 0.015599999576807022
v 0.039599228650331504 -0.0005524610751308501 0.017899999395012856
v 0.039622358977794654 -0.0007725424948148429 0.017899999395012856
v 0.04004542157053948 0.001558724557980895 0.015599999576807022
v 0.039834935218095786 0.0012499999720603228 0.017899999395012856
v 0.039562679827213294 0.0005563023150898516 0.015599999576807022
v 0.039562679827213294 0.0005563023150898516 0.015599999576807022
v 0.039834935218095786 0.0012499999720603228 0.017899999395012856
v 0.039605066180229194 0.0005425304407253861 0.017899999395012856
v 0.039562679827213294 0.0005563023150898516 0.015599999576807022
v 0.039605066180229194 0.0005425304407253861 0.017899999395012856
v 0.03951369598507882 0.0002613211690913886 0.017899999395012856
v 0.04091529175639153 0.002252422273159027 0.015599999576807022
v 0.04053053632378579 0.0020225425250828266 0.017899999395012856
v 0.04004542157053948 0.001558724557980895 0.015599999576807022
v 0.04004542157053948 0.001558724557980895 0.015599999576807022
v 0.04053053632378579 0.0020225425250828266 0.017899999395012856
v 0.04008269309997559 0.0015251634176820517 0.017899999395012856
v 0.04004542157053948 0.001558724557980895 0.015599999576807022
v 0.04008269309997559 0.0015251634176820517 0.017899999395012856
v 0.039834935218095786 0.0012499999720603228 0.017899999395012856
v 0.04251977801322938 0.002445369027554989 0.017899999395012856
v 0.04199999943375588 0.002445369027554989 0.017899999395012856
v 0.04199999943375588 0.0024999999441206455 0.015599999576807022
v 0.04199999943375588 0.0024999999441206455 0.015599999576807022
v 0.04199999943375588 0.002445369027554989 0.017899999395012856
v 0.041480220854282386 0.002445369027554989 0.017899999395012856
v 0.04199999943375588 0.0024999999441206455 0.015599999576807022
v 0.041480220854282386 0.002445369027554989 0.017899999395012856
v 0.04091529175639153 0.002252422273159027 0.015599999576807022
v 0.04091529175639153 0.002252422273159027 0.015599999576807022
v 0.041480220854282386 0.002445369027554989 0.017899999395012856
v 0.04093705490231515 0.0022035364527255297 0.017899999395012856
v 0.04091529175639153 0.002252422273159027 0.015599999576807022
v 0.04093705490231515 0.0022035364527255297 0.017899999395012856
v 0.04053053632378579 0.0020225425250828266 0.017899999395012856
v -0.0015999999595806007 2.939152369690196e-19 0.017999999225139618
v -0.003595538204535843 0.0006281759706325829 0.017999999225139618
v -0.003595538204535843 -0.0006281759706325829 0.017999999225139618
v -0.001385640702210367 -0.0007999999797903001 0.017999999225139618
v -0.0031695468351244935 0.001810103072784841 0.017999999225139618
v -0.001385640702210367 0.0007999999797903001 0.017999999225139618
v -0.002368034562096 0.002777573186904192 0.017999999225139618
v -0.0007999999797903003 0.0013856407022103667 0.017999999225139618
v -0.001285962760448456 0.0034159624483436346 0.017999999225139618
v -5.1532999350456534e-05 0.003649636171758175 0.017999999225139618
v 9.064862435888197e-19 0.0015999999595806003 0.017999999225139618
v 0.0011890023015439513 0.003450909163802862 0.017999999225139618
v 0.0007999999797903003 0.0013856407022103667 0.017999999225139618
v 0.0028111580759286885 0.003038679249584675 0.017999999225139618
v 0.001385640702210367 0.0007999999797903001 0.017999999225139618
v 0.004479118157178164 0.002899999963119626 0.017999999225139618
v 0.037520881742239005 -0.002899999963119626 0.017999999225139618
v 0.0015999999595806007 -9.79717435022237e-20 0.017999999225139618
v 0.004479118157178164 -0.002899999963119626 0.017999999225139618
v 0.001385640702210367 -0.0007999999797903001 0.017999999225139618
v -0.0031695468351244935 -0.001810103072784841 0.017999999225139618
v -0.002368034562096 -0.002777573186904192 0.017999999225139618
v -0.0007999999797903003 -0.0013856407022103667 0.017999999225139618
v -0.001285962760448456 -0.0034159624483436346 0.017999999225139618
v 0.0 -0.0015999999595806003 0.017999999225139618
v -5.1532999350456534e-05 -0.003649636171758175 0.017999999225139618
v 0.0007999999797903003 -0.0013856407022103667 0.017999999225139618
v 0.0011890023015439513 -0.003450909163802862 0.017999999225139618
v 0.0028111580759286885 -0.003038679249584675 0.017999999225139618
v 0.04447274655103684 -0.0008034441852942109 0.017999999225139618
v 0.04559553787112237 -0.0006281759706325829 0.017999999225139618
v 0.04458575695753098 0.0002717740135267377 0.017999999225139618
v 0.04559553787112237 0.0006281759706325829 0.017999999225139618
v 0.04425166547298432 0.0013000000035390258 0.017999999225139618
v 0.04516954720020295 0.001810103072784841 0.017999999225139618
v 0.043528240174055106 0.0021034441888332367 0.017999999225139618
v 0.044368036091327674 0.002777573186904192 0.017999999225139618
v 0.04254056885838509 0.0025431837420910597 0.017999999225139618
v 0.03941424190998078 0.0002717740135267377 0.017999999225139618
v 0.03952725231647492 -0.0008034441852942109 0.017999999225139618
v 0.04006782174110413 -0.0017397395567968488 0.017999999225139618
v 0.03918884322047234 -0.003038679249584675 0.017999999225139618
v 0.040942486375570304 -0.0023752180859446526 0.017999999225139618
v 0.04081099852919579 -0.003450909163802862 0.017999999225139618
v 0.04199999943375588 -0.0026000000070780516 0.017999999225139618
v 0.042051531374454505 -0.003649636171758175 0.017999999225139618
v 0.04305751621723176 -0.0023752180859446526 0.017999999225139618
v 0.04328596219420434 -0.0034159624483436346 0.017999999225139618
v 0.04393217712640763 -0.0017397395567968488 0.017999999225139618
v 0.044368036091327674 -0.002777573186904192 0.017999999225139618
v 0.04516954720020295 -0.001810103072784841 0.017999999225139618
v 0.037520881742239005 0.002899999963119626 0.017999999225139618
v 0.03974833339452744 0.0013000000035390258 0.017999999225139618
v 0.03918884322047234 0.003038679249584675 0.017999999225139618
v 0.04047175869345666 0.0021034441888332367 0.017999999225139618
v 0.04081099852919579 0.003450909163802862 0.017999999225139618
v 0.04145943000912667 0.0025431837420910597 0.017999999225139618
v 0.042051531374454505 0.003649636171758175 0.017999999225139618
v 0.04328596219420434 0.0034159624483436346 0.017999999225139618
v 0.001385640702210367 -0.0007999999797903001 0.0
v 0.004479118157178164 -0.002899999963119626 0.0
v 0.0028111580759286885 -0.003038679249584675 0.0
v 0.037520881742239005 0.002899999963119626 0.0
v 0.0015999999595806007 9.79717435022237e-20 0.0
v 0.004479118157178164 0.002899999963119626 0.0
v 0.001385640702210367 0.0007999999797903001 0.0
v -0.001385640702210367 0.0007999999797903001 0.0
v -0.0015999999595806007 -2.939152369690196e-19 0.0
v -0.003595538204535843 0.0006281759706325829 0.0
v -0.0031695468351244935 0.001810103072784841 0.0
v -0.002368034562096 0.002777573186904192 0.0
v -0.0007999999797903003 0.0013856407022103667 0.0
v -0.001285962760448456 0.0034159624483436346 0.0
v 0.0 0.0015999999595806003 0.0
v -5.1532999350456534e-05 0.003649636171758175 0.0
v 0.0007999999797903003 0.0013856407022103667 0.0
v 0.0011890023015439513 0.003450909163802862 0.0
v 0.0028111580759286885 0.003038679249584675 0.0
v -0.0007999999797903003 -0.0013856407022103667 0.0
v -0.002368034562096 -0.002777573186904192 0.0
v -0.001385640702210367 -0.0007999999797903001 0.0
v -0.0031695468351244935 -0.001810103072784841 0.0
v -0.003595538204535843 -0.0006281759706325829 0.0
v 0.0007999999797903003 -0.0013856407022103667 0.0
v 0.0011890023015439513 -0.003450909163802862 0.0
v 1.9594348700444744e-19 -0.0015999999595806003 0.0
v -5.1532999350456534e-05 -0.003649636171758175 0.0
v -0.001285962760448456 -0.0034159624483436346 0.0
v 0.03941424190998078 -0.0002717740135267377 0.0
v 0.03952725231647492 0.0008034441852942109 0.0
v 0.04006782174110413 0.0017397395567968488 0.0
v 0.03918884322047234 0.003038679249584675 0.0
v 0.040942486375570304 0.0023752180859446526 0.0
v 0.04081099852919579 0.003450909163802862 0.0
v 0.04199999943375588 0.0026000000070780516 0.0
v 0.042051531374454505 0.003649636171758175 0.0
v 0.04305751621723176 0.0023752180859446526 0.0
v 0.04328596219420434 0.0034159624483436346 0.0
v 0.04393217712640763 0.0017397395567968488 0.0
v 0.044368036091327674 0.002777573186904192 0.0
v 0.04447274655103684 0.0008034441852942109 0.0
v 0.04516954720020295 0.001810103072784841 0.0
v 0.04559553787112237 0.0006281759706325829 0.0
v 0.04458575695753098 -0.0002717740135267377 0.0
v 0.04559553787112237 -0.0006281759706325829 0.0
v 0.04425166547298432 -0.0013000000035390258 0.0
v 0.04516954720020295 -0.001810103072784841 0.0
v 0.043528240174055106 -0.0021034441888332367 0.0
v 0.044368036091327674 -0.002777573186904192 0.0
v 0.04254056885838509 -0.0025431837420910597 0.0
v 0.04328596219420434 -0.0034159624483436346 0.0
v 0.04199999943375588 -0.0026000000070780516 0.0
v 0.042051531374454505 -0.003649636171758175 0.0
v 0.04145943000912667 -0.0025431837420910597 0.0
v 0.04081099852919579 -0.003450909163802862 0.0
v 0.04047175869345666 -0.0021034441888332367 0.0
v 0.03918884322047234 -0.003038679249584675 0.0
v 0.03974833339452744 -0.0013000000035390258 0.0
v 0.037520881742239005 -0.002899999963119626 0.0
v -0.0006928203511051835 -0.0013304135063663125 0.013100000098347664
v -0.0007500000065192582 -0.0012990380637347698 9.999999747378752e-05
v -0.0007500000065192582 -0.0012990380637347698 0.013221612200140953
v -0.0007500000065192582 -0.0012990380637347698 0.013221612200140953
v -0.0007500000065192582 -0.0012990380637347698 9.999999747378752e-05
v -0.00129903806373477 -0.000750000006519258 9.999999747378752e-05
v -0.0007500000065192582 -0.0012990380637347698 0.013221612200140953
v -0.00129903806373477 -0.000750000006519258 9.999999747378752e-05
v -0.0007999999797903003 -0.0012688577407971025 0.013500000350177288
v -0.00129903806373477 -0.000750000006519258 0.017899999395012856
v -0.0007500000065192582 -0.0012990380637347698 0.013778388500213623
v -0.0007500000065192582 -0.0012990380637347698 0.013778388500213623
v -0.00129903806373477 -0.000750000006519258 0.017899999395012856
v -0.0007500000065192582 -0.0012990380637347698 0.017899999395012856
v -0.0007500000065192582 -0.0012990380637347698 0.013778388500213623
v -0.0007500000065192582 -0.0012990380637347698 0.017899999395012856
v -0.0006928203511051835 -0.0013304135063663125 0.013899999670684338
v -0.0006928203511051835 -0.0013304135063663125 0.013899999670684338
v -0.0007500000065192582 -0.0012990380637347698 0.017899999395012856
v -0.0003999999898951502 -0.0014456831850111485 0.014192820526659489
v 0.00129903806373477 -0.000750000006519258 0.017899999395012856
v 0.0007500000065192582 -0.0012990380637347698 0.013778388500213623
v 0.0007500000065192582 -0.0012990380637347698 0.017899999395012856
v 0.0007500000065192582 -0.0012990380637347698 0.017899999395012856
v 0.0007500000065192582 -0.0012990380637347698 0.013778388500213623
v 0.0006928203511051835 -0.0013304135063663125 0.013899999670684338
v 0.0006928203511051835 -0.0013304135063663125 0.013899999670684338
v 0.0003999999898951502 -0.0014456831850111485 0.014192820526659489
v 0.0007500000065192582 -0.0012990380637347698 0.017899999395012856
v 0.0007500000065192582 -0.0012990380637347698 0.017899999395012856
v 0.0003999999898951502 -0.0014456831850111485 0.014192820526659489
v 0.0002088605688186363 -0.0014853879110887647 0.014272254891693592
v 0.0007500000065192582 -0.0012990380637347698 0.017899999395012856
v 0.0002088605688186363 -0.0014853879110887647 0.014272254891693592
v 8.498308339774729e-19 -0.001500000013038516 0.017899999395012856
v 8.498308339774729e-19 -0.001500000013038516 0.017899999395012856
v 0.0002088605688186363 -0.0014853879110887647 0.014272254891693592
v 8.498308339774729e-19 -0.001500000013038516 0.014299999922513962
v 8.498308339774729e-19 -0.001500000013038516 0.017899999395012856
v 8.498308339774729e-19 -0.001500000013038516 0.014299999922513962
v -0.0007500000065192582 -0.0012990380637347698 0.017899999395012856
v -0.0007500000065192582 -0.0012990380637347698 0.017899999395012856
v 8.498308339774729e-19 -0.001500000013038516 0.014299999922513962
v -0.00020851980661973363 -0.0014854357577860355 0.014272347092628479
v -0.0007500000065192582 -0.0012990380637347698 0.017899999395012856
v -0.00020851980661973363 -0.0014854357577860355 0.014272347092628479
v -0.0003999999898951502 -0.0014456831850111485 0.014192820526659489
v -0.0006928203511051835 -0.0013304135063663125 0.013100000098347664
v -0.0003999999898951502 -0.0014456831850111485 0.012807179242372513
v -0.0007500000065192582 -0.0012990380637347698 9.999999747378752e-05
v -0.0007500000065192582 -0.0012990380637347698 9.999999747378752e-05
v -0.0003999999898951502 -0.0014456831850111485 0.012807179242372513
v -0.00020956114167347556 -0.0014852891908958554 0.012727934867143631
v -0.0007500000065192582 -0.0012990380637347698 9.999999747378752e-05
v -0.00020956114167347556 -0.0014852891908958554 0.012727934867143631
v 8.498308339774729e-19 -0.001500000013038516 9.999999747378752e-05
v 8.498308339774729e-19 -0.001500000013038516 9.999999747378752e-05
v -0.00020956114167347556 -0.0014852891908958554 0.012727934867143631
v 1.836970134121145e-19 -0.001500000013038516 0.01269999984651804
v 8.498308339774729e-19 -0.001500000013038516 9.999999747378752e-05
v 1.836970134121145e-19 -0.001500000013038516 0.01269999984651804
v 0.0007500000065192582 -0.0012990380637347698 9.999999747378752e-05
v 0.0007500000065192582 -0.0012990380637347698 9.999999747378752e-05
v 1.836970134121145e-19 -0.001500000013038516 0.01269999984651804
v 0.00020837406918872153 -0.001485456246882677 0.012727613560855389
v 0.0007500000065192582 -0.0012990380637347698 9.999999747378752e-05
v 0.00020837406918872153 -0.001485456246882677 0.012727613560855389
v 0.0003999999898951502 -0.0014456831850111485 0.012807179242372513
v 0.0007999999797903003 -0.0012688577407971025 0.013500000350177288
v 0.00129903806373477 -0.000750000006519258 9.999999747378752e-05
v 0.0007500000065192582 -0.0012990380637347698 0.013221612200140953
v 0.0007500000065192582 -0.0012990380637347698 0.013221612200140953
v 0.00129903806373477 -0.000750000006519258 9.999999747378752e-05
v 0.0007500000065192582 -0.0012990380637347698 9.999999747378752e-05
v 0.0007500000065192582 -0.0012990380637347698 0.013221612200140953
v 0.0007500000065192582 -0.0012990380637347698 9.999999747378752e-05
v 0.0006928203511051835 -0.0013304135063663125 0.013100000098347664
v 0.0006928203511051835 -0.0013304135063663125 0.013100000098347664
v 0.0007500000065192582 -0.0012990380637347698 9.999999747378752e-05
v 0.0003999999898951502 -0.0014456831850111485 0.012807179242372513
v -0.00129903806373477 0.000750000006519258 0.017899999395012856
v -0.0007500000065192582 0.0012990380637347698 0.013778388500213623
v -0.0007500000065192582 0.0012990380637347698 0.017899999395012856
v -0.0007500000065192582 0.0012990380637347698 0.017899999395012856
v -0.0007500000065192582 0.0012990380637347698 0.013778388500213623
v -0.0006928203511051835 0.0013304135063663125 0.013899999670684338
v -0.0007999999797903003 0.0012688577407971025 0.013500000350177288
v -0.00129903806373477 0.000750000006519258 9.999999747378752e-05
v -0.0007500000065192582 0.0012990380637347698 0.013221612200140953
v -0.0007500000065192582 0.0012990380637347698 0.013221612200140953
v -0.00129903806373477 0.000750000006519258 9.999999747378752e-05
v -0.0007500000065192582 0.0012990380637347698 9.999999747378752e-05
v -0.0007500000065192582 0.0012990380637347698 0.013221612200140953
v -0.0007500000065192582 0.0012990380637347698 9.999999747378752e-05
v -0.0006928203511051835 0.0013304135063663125 0.013100000098347664
v -0.0006928203511051835 0.0013304135063663125 0.013100000098347664
v -0.0007500000065192582 0.0012990380637347698 9.999999747378752e-05
v -0.0003999999898951502 0.0014456831850111485 0.012807179242372513
v 0.0006928203511051835 0.0013304135063663125 0.013100000098347664
v 0.0003999999898951502 0.0014456831850111485 0.012807179242372513
v 0.0007500000065192582 0.0012990380637347698 9.999999747378752e-05
v 0.0007500000065192582 0.0012990380637347698 9.999999747378752e-05
v 0.0003999999898951502 0.0014456831850111485 0.012807179242372513
v 0.0002088605688186363 0.0014853879110887647 0.01272774487733841
v 0.0007500000065192582 0.0012990380637347698 9.999999747378752e-05
v 0.0002088605688186363 0.0014853879110887647 0.01272774487733841
v -3.67394026824229e-19 0.001500000013038516 9.999999747378752e-05
v -3.67394026824229e-19 0.001500000013038516 9.999999747378752e-05
v 0.0002088605688186363 0.0014853879110887647 0.01272774487733841
v 1.0714343166133219e-19 0.001500000013038516 0.01269999984651804
v -3.67394026824229e-19 0.001500000013038516 9.999999747378752e-05
v 1.0714343166133219e-19 0.001500000013038516 0.01269999984651804
v -0.0007500000065192582 0.0012990380637347698 9.999999747378752e-05
v -0.0007500000065192582 0.0012990380637347698 9.999999747378752e-05
v 1.0714343166133219e-19 0.001500000013038516 0.01269999984651804
v -0.00020851980661973363 0.0014854357577860355 0.012727653607726097
v -0.0007500000065192582 0.0012990380637347698 9.999999747378752e-05
v -0.00020851980661973363 0.0014854357577860355 0.012727653607726097
v -0.0003999999898951502 0.0014456831850111485 0.012807179242372513
v 0.0006928203511051835 0.0013304135063663125 0.013100000098347664
v 0.0007500000065192582 0.0012990380637347698 9.999999747378752e-05
v 0.0007500000065192582 0.0012990380637347698 0.013221612200140953
v 0.0007500000065192582 0.0012990380637347698 0.013221612200140953
v 0.0007500000065192582 0.0012990380637347698 9.999999747378752e-05
v 0.00129903806373477 0.000750000006519258 9.999999747378752e-05
v 0.0007500000065192582 0.0012990380637347698 0.013221612200140953
v 0.00129903806373477 0.000750000006519258 9.999999747378752e-05
v 0.0007999999797903003 0.0012688577407971025 0.013500000350177288
v -0.0006928203511051835 0.0013304135063663125 0.013899999670684338
v -0.0003999999898951502 0.0014456831850111485 0.014192820526659489
v -0.0007500000065192582 0.0012990380637347698 0.017899999395012856
v -0.0007500000065192582 0.0012990380637347698 0.017899999395012856
v -0.0003999999898951502 0.0014456831850111485 0.014192820526659489
v -0.00020956114167347556 0.0014852891908958554 0.01427206490188837
v -0.0007500000065192582 0.0012990380637347698 0.017899999395012856
v -0.00020956114167347556 0.0014852891908958554 0.01427206490188837
v -3.67394026824229e-19 0.001500000013038516 0.017899999395012856
v -3.67394026824229e-19 0.001500000013038516 0.017899999395012856
v -0.00020956114167347556 0.0014852891908958554 0.01427206490188837
v 0.0 0.001500000013038516 0.014299999922513962
v -3.67394026824229e-19 0.001500000013038516 0.017899999395012856
v 0.0 0.001500000013038516 0.014299999922513962
v 0.0007500000065192582 0.0012990380637347698 0.017899999395012856
v 0.0007500000065192582 0.0012990380637347698 0.017899999395012856
v 0.0 0.001500000013038516 0.014299999922513962
v 0.00020837406918872153 0.001485456246882677 0.014272386208176613
v 0.0007500000065192582 0.0012990380637347698 0.017899999395012856
v 0.00020837406918872153 0.001485456246882677 0.014272386208176613
v 0.0003999999898951502 0.0014456831850111485 0.014192820526659489
v 0.00129903806373477 0.000750000006519258 0.017899999395012856
v 0.0007500000065192582 0.0012990380637347698 0.013778388500213623
v 0.0007500000065192582 0.0012990380637347698 0.013778388500213623
v 0.00129903806373477 0.000750000006519258 0.017899999395012856
v 0.0007500000065192582 0.0012990380637347698 0.017899999395012856
v 0.0007500000065192582 0.0012990380637347698 0.013778388500213623
v 0.0007500000065192582 0.0012990380637347698 0.017899999395012856
v 0.0006928203511051835 0.0013304135063663125 0.013899999670684338
v 0.0006928203511051835 0.0013304135063663125 0.013899999670684338
v 0.0007500000065192582 0.0012990380637347698 0.017899999395012856
v 0.0003999999898951502 0.0014456831850111485 0.014192820526659489
v 0.0007999999797903003 0.0012688577407971025 0.013500000350177288
v 0.00129903806373477 0.000750000006519258 9.999999747378752e-05
v 0.00129903806373477 0.000750000006519258 0.017899999395012856
v 0.00129903806373477 0.000750000006519258 0.017899999395012856
v 0.00129903806373477 0.000750000006519258 9.999999747378752e-05
v 0.0015000000130385165 4.2491541698873634e-19 9.999999747378752e-05
v 0.00129903806373477 0.000750000006519258 0.017899999395012856
v 0.0015000000130385165 4.2491541698873634e-19 9.999999747378752e-05
v 0.0015000000130385165 4.2491541698873634e-19 0.017899999395012856
v 0.0015000000130385165 4.2491541698873634e-19 0.017899999395012856
v 0.0015000000130385165 4.2491541698873634e-19 9.999999747378752e-05
v 0.00129903806373477 -0.000750000006519258 9.999999747378752e-05
v 0.0015000000130385165 4.2491541698873634e-19 0.017899999395012856
v 0.00129903806373477 -0.000750000006519258 9.999999747378752e-05
v 0.00129903806373477 -0.000750000006519258 0.017899999395012856
v 0.00129903806373477 -0.000750000006519258 0.017899999395012856
v 0.00129903806373477 -0.000750000006519258 9.999999747378752e-05
v 0.0007999999797903003 -0.0012688577407971025 0.013500000350177288
v 0.00129903806373477 -0.000750000006519258 0.017899999395012856
v 0.0007500000065192582 -0.0012990380637347698 0.013778388500213623
v -0.0007999999797903003 -0.0012688577407971025 0.013500000350177288
v -0.00129903806373477 -0.000750000006519258 9.999999747378752e-05
v -0.00129903806373477 -0.000750000006519258 0.017899999395012856
v -0.00129903806373477 -0.000750000006519258 0.017899999395012856
v -0.00129903806373477 -0.000750000006519258 9.999999747378752e-05
v -0.0015000000130385165 -1.6078131870982823e-18 9.999999747378752e-05
v -0.00129903806373477 -0.000750000006519258 0.017899999395012856
v -0.0015000000130385165 -1.6078131870982823e-18 9.999999747378752e-05
v -0.0015000000130385165 -1.6078131870982823e-18 0.017899999395012856
v -0.0015000000130385165 -1.6078131870982823e-18 0.017899999395012856
v -0.0015000000130385165 -1.6078131870982823e-18 9.999999747378752e-05
v -0.00129903806373477 0.000750000006519258 9.999999747378752e-05
v -0.0015000000130385165 -1.6078131870982823e-18 0.017899999395012856
v -0.00129903806373477 0.000750000006519258 9.999999747378752e-05
v -0.00129903806373477 0.000750000006519258 0.017899999395012856
v -0.00129903806373477 0.000750000006519258 0.017899999395012856
v -0.00129903806373477 0.000750000006519258 9.999999747378752e-05
v -0.0007999999797903003 0.0012688577407971025 0.013500000350177288
v -0.00129903806373477 0.000750000006519258 0.017899999395012856
v -0.0007500000065192582 0.0012990380637347698 0.013778388500213623
v 0.03575000166893006 -0.003000000026077032 0.014100000262260437
v 0.03575000166893006 -0.003000000026077032 0.0038999998942017555
v 0.03575000166893006 0.003000000026077032 0.014100000262260437
v 0.03575000166893006 0.003000000026077032 0.0038999998942017555
v 0.04395457729697228 0.001558724557980895 0.002400000113993883
v 0.04443291202187539 0.0028536710888147354 0.002400000113993883
v 0.04308471083641053 0.002252422273159027 0.002400000113993883
v 0.04332119598984719 0.0035095505882054567 0.002400000113993883
v 0.04199999943375588 0.0024999999441206455 0.002400000113993883
v 0.04205294325947762 0.003749626222997904 0.002400000113993883
v 0.04091529175639153 0.002252422273159027 0.002400000113993883
v 0.04077842086553574 0.0035454544704407454 0.002400000113993883
v 0.04004542157053948 0.001558724557980895 0.002400000113993883
v 0.03917232900857926 0.003137306310236454 0.002400000113993883
v 0.037520881742239005 0.003000000026077032 0.002400000113993883
v 0.039562679827213294 0.0005563023150898516 0.002400000113993883
v 0.037250000983476646 0.003000000026077032 0.002400000113993883
v 0.03950000181794167 -1.734723475976807e-18 0.002400000113993883
v 0.037250000983476646 -0.003000000026077032 0.002400000113993883
v 0.039562679827213294 -0.0005563023150898516 0.002400000113993883
v 0.04004542157053948 -0.001558724557980895 0.002400000113993883
v 0.04308471083641053 -0.002252422273159027 0.002400000113993883
v 0.04443291202187539 -0.0028536710888147354 0.002400000113993883
v 0.04395457729697228 -0.001558724557980895 0.002400000113993883
v 0.045256383717060096 -0.0018596949521452188 0.002400000113993883
v 0.04443731904029847 -0.0005563023150898516 0.002400000113993883
v 0.045694045722484596 -0.0006453862879425287 0.002400000113993883
v 0.04443731904029847 0.0005563023150898516 0.002400000113993883
v 0.045694045722484596 0.0006453862879425287 0.002400000113993883
v 0.045256383717060096 0.0018596949521452188 0.002400000113993883
v 0.037520881742239005 -0.003000000026077032 0.002400000113993883
v 0.03917232900857926 -0.003137306310236454 0.002400000113993883
v 0.04091529175639153 -0.002252422273159027 0.002400000113993883
v 0.04077842086553574 -0.0035454544704407454 0.002400000113993883
v 0.04199999943375588 -0.0024999999441206455 0.002400000113993883
v 0.04205294325947762 -0.003749626222997904 0.002400000113993883
v 0.04332119598984719 -0.0035095505882054567 0.002400000113993883
v 0.04004542157053948 0.001558724557980895 0.015599999576807022
v 0.03917232900857926 0.003137306310236454 0.015599999576807022
v 0.04091529175639153 0.002252422273159027 0.015599999576807022
v 0.04077842086553574 0.0035454544704407454 0.015599999576807022
v 0.04199999943375588 0.0024999999441206455 0.015599999576807022
v 0.04205294325947762 0.003749626222997904 0.015599999576807022
v 0.04308471083641053 0.002252422273159027 0.015599999576807022
v 0.04004542157053948 -0.001558724557980895 0.015599999576807022
v 0.037520881742239005 -0.003000000026077032 0.015599999576807022
v 0.039562679827213294 -0.0005563023150898516 0.015599999576807022
v 0.037250000983476646 -0.003000000026077032 0.015599999576807022
v 0.039562679827213294 0.0005563023150898516 0.015599999576807022
v 0.037250000983476646 0.003000000026077032 0.015599999576807022
v 0.037520881742239005 0.003000000026077032 0.015599999576807022
v 0.04332119598984719 0.0035095505882054567 0.015599999576807022
v 0.04443291202187539 0.0028536710888147354 0.015599999576807022
v 0.04395457729697228 0.001558724557980895 0.015599999576807022
v 0.045256383717060096 0.0018596949521452188 0.015599999576807022
v 0.04443731904029847 0.0005563023150898516 0.015599999576807022
v 0.045694045722484596 0.0006453862879425287 0.015599999576807022
v 0.04450000077486039 0.0 0.015599999576807022
v 0.045694045722484596 -0.0006453862879425287 0.015599999576807022
v 0.04443731904029847 -0.0005563023150898516 0.015599999576807022
v 0.04395457729697228 -0.001558724557980895 0.015599999576807022
v 0.045256383717060096 -0.0018596949521452188 0.015599999576807022
v 0.04443291202187539 -0.0028536710888147354 0.015599999576807022
v 0.04308471083641053 -0.002252422273159027 0.015599999576807022
v 0.04332119598984719 -0.0035095505882054567 0.015599999576807022
v 0.04199999943375588 -0.0024999999441206455 0.015599999576807022
v 0.04205294325947762 -0.003749626222997904 0.015599999576807022
v 0.04091529175639153 -0.002252422273159027 0.015599999576807022
v 0.04077842086553574 -0.0035454544704407454 0.015599999576807022
v 0.03917232900857926 -0.003137306310236454 0.015599999576807022
v 0.0003999999898951502 -0.0037286055739969015 0.014192820526659489
v 0.0006928203511051835 -0.0036854443605989218 0.013899999670684338
v 0.001221577753312886 -0.0035454544704407454 0.017899999395012856
v -5.294486254570076e-05 -0.003749626222997904 0.017899999395012856
v -6.775443353035372e-07 -0.003748549148440361 0.014293107204139233
v 0.001221577753312886 -0.0035454544704407454 0.017899999395012856
v 0.001221577753312886 -0.0035454544704407454 0.017899999395012856
v -6.775443353035372e-07 -0.003748549148440361 0.014293107204139233
v 0.00020738743478432303 -0.0037442611064761877 0.014272651635110378
v 0.001221577753312886 -0.0035454544704407454 0.017899999395012856
v 0.00020738743478432303 -0.0037442611064761877 0.014272651635110378
v 0.0003999999898951502 -0.0037286055739969015 0.014192820526659489
v 0.0006928203511051835 -0.0036854443605989218 0.013899999670684338
v 0.0007726728217676284 -0.003669533645734191 0.01370730809867382
v 0.001221577753312886 -0.0035454544704407454 0.017899999395012856
v 0.001221577753312886 -0.0035454544704407454 0.017899999395012856
v 0.0007726728217676284 -0.003669533645734191 0.01370730809867382
v 0.0007999999797903003 -0.0036636730656027794 0.013500000350177288
v 0.001221577753312886 -0.0035454544704407454 0.017899999395012856
v 0.0007999999797903003 -0.0036636730656027794 0.013500000350177288
v 0.001221577753312886 -0.0035454544704407454 9.999999747378752e-05
v 0.0007726215990260246 -0.003669544355943799 0.013292500749230385
v 0.001221577753312886 -0.0035454544704407454 9.999999747378752e-05
v 0.001221577753312886 -0.0035454544704407454 9.999999747378752e-05
v 0.0007726215990260246 -0.003669544355943799 0.013292500749230385
v 0.0006928203511051835 -0.0036854443605989218 0.013100000098347664
v 0.001221577753312886 -0.0035454544704407454 9.999999747378752e-05
v 0.0006928203511051835 -0.0036854443605989218 0.013100000098347664
v 0.0003999999898951502 -0.0037286055739969015 0.012807179242372513
v 0.0003999999898951502 -0.0037286055739969015 0.012807179242372513
v 0.00020708492957055574 -0.003744277637451887 0.012727267108857632
v 0.001221577753312886 -0.0035454544704407454 9.999999747378752e-05
v 0.001221577753312886 -0.0035454544704407454 9.999999747378752e-05
v 0.00020708492957055574 -0.003744277637451887 0.012727267108857632
v 0.0 -0.0037499999161809683 0.01269999984651804
v 0.001221577753312886 -0.0035454544704407454 9.999999747378752e-05
v 0.0 -0.0037499999161809683 0.01269999984651804
v -5.294486254570076e-05 -0.003749626222997904 9.999999747378752e-05
v -5.294486254570076e-05 -0.003749626222997904 9.999999747378752e-05
v 0.0 -0.0037499999161809683 0.01269999984651804
v -5.294486254570076e-05 -0.003749626222997904 0.01270175352692604
v -5.294486254570076e-05 -0.003749626222997904 9.999999747378752e-05
v -5.294486254570076e-05 -0.003749626222997904 0.01270175352692604
v -0.0013211945770308378 -0.0035095505882054567 9.999999747378752e-05
v -0.0013211945770308378 -0.0035095505882054567 9.999999747378752e-05
v -5.294486254570076e-05 -0.003749626222997904 0.01270175352692604
v -0.0003999999898951502 -0.0037286055739969015 0.012807179242372513
v -0.0003999999898951502 -0.0037286055739969015 0.012807179242372513
v -0.0006928203511051835 -0.0036854443605989218 0.013100000098347664
v -0.0013211945770308378 -0.0035095505882054567 9.999999747378752e-05
v -0.0013211945770308378 -0.0035095505882054567 9.999999747378752e-05
v -0.0006928203511051835 -0.0036854443605989218 0.013100000098347664
v -0.000772733648773283 -0.00366952084004879 0.013292918913066387
v -0.0013211945770308378 -0.0035095505882054567 9.999999747378752e-05
v -0.000772733648773283 -0.00366952084004879 0.013292918913066387
v -0.0007999999797903003 -0.0036636730656027794 0.013500000350177288
v -0.0013211945770308378 -0.0035095505882054567 0.017899999395012856
v -0.0007727192714810374 -0.0036695238668471575 0.013707134872674942
v -0.0007727192714810374 -0.0036695238668471575 0.013707134872674942
v -0.0006928203511051835 -0.0036854443605989218 0.013899999670684338
v -0.0013211945770308378 -0.0035095505882054567 0.017899999395012856
v -0.0013211945770308378 -0.0035095505882054567 0.017899999395012856
v -0.0006928203511051835 -0.0036854443605989218 0.013899999670684338
v -0.0003999999898951502 -0.0037286055739969015 0.014192820526659489
v -0.0013211945770308378 -0.0035095505882054567 0.017899999395012856
v -0.0003999999898951502 -0.0037286055739969015 0.014192820526659489
v -5.294486254570076e-05 -0.003749626222997904 0.017899999395012856
v -5.294486254570076e-05 -0.003749626222997904 0.017899999395012856
v -0.0003999999898951502 -0.0037286055739969015 0.014192820526659489
v -5.294486254570076e-05 -0.003749626222997904 0.01429824624210596
v -5.294486254570076e-05 -0.003749626222997904 0.017899999395012856
v -5.294486254570076e-05 -0.003749626222997904 0.01429824624210596
v -6.775443353035372e-07 -0.003748549148440361 0.014293107204139233
v 0.0003999999898951502 0.0037286055739969015 0.012807179242372513
v 0.0006928203511051835 0.0036854443605989218 0.013100000098347664
v 0.001221577753312886 0.0035454544704407454 9.999999747378752e-05
v 0.0003999999898951502 0.0037286055739969015 0.012807179242372513
v 0.001221577753312886 0.0035454544704407454 9.999999747378752e-05
v 0.0002078530087601394 0.003744235262274742 0.012727473862469196
v 0.0006928203511051835 0.0036854443605989218 0.013100000098347664
v 0.000772733648773283 0.00366952084004879 0.013292918913066387
v 0.001221577753312886 0.0035454544704407454 9.999999747378752e-05
v 0.001221577753312886 0.0035454544704407454 9.999999747378752e-05
v 0.000772733648773283 0.00366952084004879 0.013292918913066387
v 0.0007999999797903003 0.0036636730656027794 0.013500000350177288
v 0.001221577753312886 0.0035454544704407454 9.999999747378752e-05
v 0.0007999999797903003 0.0036636730656027794 0.013500000350177288
v 0.001221577753312886 0.0035454544704407454 0.017899999395012856
v 0.001221577753312886 0.0035454544704407454 0.017899999395012856
v 0.0007727192714810374 0.0036695238668471575 0.013707134872674942
v 0.001221577753312886 0.0035454544704407454 0.017899999395012856
v 0.0007727192714810374 0.0036695238668471575 0.013707134872674942
v 0.0006928203511051835 0.0036854443605989218 0.013899999670684338
v 0.0006928203511051835 0.0036854443605989218 0.013899999670684338
v 0.0003999999898951502 0.0037286055739969015 0.014192820526659489
v 0.001221577753312886 0.0035454544704407454 0.017899999395012856
v 0.001221577753312886 0.0035454544704407454 0.017899999395012856
v 0.0003999999898951502 0.0037286055739969015 0.014192820526659489
v 0.00020745607616845524 0.0037442571483552456 0.014272633008658886
v 0.001221577753312886 0.0035454544704407454 0.017899999395012856
v 0.00020745607616845524 0.0037442571483552456 0.014272633008658886
v -5.294486254570076e-05 0.003749626222997904 0.017899999395012856
v 0.00020745607616845524 0.0037442571483552456 0.014272633008658886
v 4.592425593796804e-19 0.0037499999161809683 0.014299999922513962
v -5.294486254570076e-05 0.003749626222997904 0.017899999395012856
v -5.294486254570076e-05 0.003749626222997904 0.017899999395012856
v 4.592425593796804e-19 0.0037499999161809683 0.014299999922513962
v -5.294486254570076e-05 0.003749626222997904 0.01429824624210596
v -5.294486254570076e-05 0.003749626222997904 0.017899999395012856
v -5.294486254570076e-05 0.003749626222997904 0.01429824624210596
v -0.0013211945770308378 0.0035095505882054567 0.017899999395012856
v -0.0013211945770308378 0.0035095505882054567 0.017899999395012856
v -5.294486254570076e-05 0.003749626222997904 0.01429824624210596
v -0.0003999999898951502 0.0037286055739969015 0.014192820526659489
v -0.0003999999898951502 0.0037286055739969015 0.014192820526659489
v -0.0006928203511051835 0.0036854443605989218 0.013899999670684338
v -0.0013211945770308378 0.0035095505882054567 0.017899999395012856
v -0.0013211945770308378 0.0035095505882054567 0.017899999395012856
v -0.0006928203511051835 0.0036854443605989218 0.013899999670684338
v -0.0007726728217676284 0.003669533645734191 0.01370730809867382
v -0.0013211945770308378 0.0035095505882054567 0.017899999395012856
v -0.0007726728217676284 0.003669533645734191 0.01370730809867382
v -0.0007999999797903003 0.0036636730656027794 0.013500000350177288
v -0.0007726215990260246 0.003669544355943799 0.013292500749230385
v -0.0006928203511051835 0.0036854443605989218 0.013100000098347664
v -0.0013211945770308378 0.0035095505882054567 9.999999747378752e-05
v -0.0013211945770308378 0.0035095505882054567 9.999999747378752e-05
v -0.0006928203511051835 0.0036854443605989218 0.013100000098347664
v -0.0003999999898951502 0.0037286055739969015 0.012807179242372513
v -0.0013211945770308378 0.0035095505882054567 9.999999747378752e-05
v -0.0003999999898951502 0.0037286055739969015 0.012807179242372513
v -5.294486254570076e-05 0.003749626222997904 9.999999747378752e-05
v -5.294486254570076e-05 0.003749626222997904 9.999999747378752e-05
v -0.0003999999898951502 0.0037286055739969015 0.012807179242372513
v -5.294486254570076e-05 0.003749626222997904 0.01270175352692604
v -5.294486254570076e-05 0.003749626222997904 9.999999747378752e-05
v -5.294486254570076e-05 0.003749626222997904 0.01270175352692604
v 0.001221577753312886 0.0035454544704407454 9.999999747378752e-05
v 0.001221577753312886 0.0035454544704407454 9.999999747378752e-05
v -5.294486254570076e-05 0.003749626222997904 0.01270175352692604
v 4.592425593796804e-19 0.0037499999161809683 0.01269999984651804
v 0.001221577753312886 0.0035454544704407454 9.999999747378752e-05
v 4.592425593796804e-19 0.0037499999161809683 0.01269999984651804
v 0.0002078530087601394 0.003744235262274742 0.012727473862469196
v -0.0007999999797903003 -0.0036636730656027794 0.013500000350177288
v -0.0013211945770308378 -0.0035095505882054567 0.017899999395012856
v -0.0013211945770308378 -0.0035095505882054567 9.999999747378752e-05
v -0.0013211945770308378 -0.0035095505882054567 9.999999747378752e-05
v -0.0013211945770308378 -0.0035095505882054567 0.017899999395012856
v -0.00243291212245822 -0.0028536710888147354 0.017899999395012856
v -0.0013211945770308378 -0.0035095505882054567 9.999999747378752e-05
v -0.00243291212245822 -0.0028536710888147354 0.017899999395012856
v -0.00243291212245822 -0.0028536710888147354 9.999999747378752e-05
v -0.00243291212245822 -0.0028536710888147354 9.999999747378752e-05
v -0.00243291212245822 -0.0028536710888147354 0.017899999395012856
v -0.003256383817642928 -0.0018596949521452188 0.017899999395012856
v -0.00243291212245822 -0.0028536710888147354 9.999999747378752e-05
v -0.003256383817642928 -0.0018596949521452188 0.017899999395012856
v -0.003256383817642928 -0.0018596949521452188 9.999999747378752e-05
v -0.003256383817642928 -0.0018596949521452188 9.999999747378752e-05
v -0.003256383817642928 -0.0018596949521452188 0.017899999395012856
v -0.003694046055898071 -0.0006453862879425287 0.017899999395012856
v -0.003256383817642928 -0.0018596949521452188 9.999999747378752e-05
v -0.003694046055898071 -0.0006453862879425287 0.017899999395012856
v -0.003694046055898071 -0.0006453862879425287 9.999999747378752e-05
v -0.003694046055898071 -0.0006453862879425287 9.999999747378752e-05
v -0.003694046055898071 -0.0006453862879425287 0.017899999395012856
v -0.003694046055898071 0.0006453862879425287 0.017899999395012856
v -0.003694046055898071 -0.0006453862879425287 9.999999747378752e-05
v -0.003694046055898071 0.0006453862879425287 0.017899999395012856
v -0.003694046055898071 0.0006453862879425287 9.999999747378752e-05
v -0.003694046055898071 0.0006453862879425287 9.999999747378752e-05
v -0.003694046055898071 0.0006453862879425287 0.017899999395012856
v -0.003256383817642928 0.0018596949521452188 0.017899999395012856
v -0.003694046055898071 0.0006453862879425287 9.999999747378752e-05
v -0.003256383817642928 0.0018596949521452188 0.017899999395012856
v -0.003256383817642928 0.0018596949521452188 9.999999747378752e-05
v -0.003256383817642928 0.0018596949521452188 9.999999747378752e-05
v -0.003256383817642928 0.0018596949521452188 0.017899999395012856
v -0.00243291212245822 0.0028536710888147354 0.017899999395012856
v -0.003256383817642928 0.0018596949521452188 9.999999747378752e-05
v -0.00243291212245822 0.0028536710888147354 0.017899999395012856
v -0.00243291212245822 0.0028536710888147354 9.999999747378752e-05
v -0.00243291212245822 0.0028536710888147354 9.999999747378752e-05
v -0.00243291212245822 0.0028536710888147354 0.017899999395012856
v -0.0013211945770308378 0.0035095505882054567 0.017899999395012856
v -0.00243291212245822 0.0028536710888147354 9.999999747378752e-05
v -0.0013211945770308378 0.0035095505882054567 0.017899999395012856
v -0.0013211945770308378 0.0035095505882054567 9.999999747378752e-05
v -0.0013211945770308378 0.0035095505882054567 9.999999747378752e-05
v -0.0013211945770308378 0.0035095505882054567 0.017899999395012856
v -0.0007999999797903003 0.0036636730656027794 0.013500000350177288
v -0.0013211945770308378 0.0035095505882054567 9.999999747378752e-05
v -0.0007726215990260246 0.003669544355943799 0.013292500749230385
v 0.004479118157178164 -0.003000000026077032 9.999999747378752e-05
v 0.004479118157178164 -0.003000000026077032 0.017899999395012856
v 0.002827672520652414 -0.003137306310236454 0.017899999395012856
v 0.004479118157178164 -0.003000000026077032 9.999999747378752e-05
v 0.002827672520652414 -0.003137306310236454 0.017899999395012856
v 0.002827672520652414 -0.003137306310236454 9.999999747378752e-05
v 0.002827672520652414 -0.003137306310236454 9.999999747378752e-05
v 0.002827672520652414 -0.003137306310236454 0.017899999395012856
v 0.001221577753312886 -0.0035454544704407454 0.017899999395012856
v 0.002827672520652414 -0.003137306310236454 9.999999747378752e-05
v 0.001221577753312886 -0.0035454544704407454 0.017899999395012856
v 0.001221577753312886 -0.0035454544704407454 9.999999747378752e-05
v 0.001221577753312886 0.0035454544704407454 9.999999747378752e-05
v 0.001221577753312886 0.0035454544704407454 0.017899999395012856
v 0.002827672520652414 0.003137306310236454 0.017899999395012856
v 0.001221577753312886 0.0035454544704407454 9.999999747378752e-05
v 0.002827672520652414 0.003137306310236454 0.017899999395012856
v 0.002827672520652414 0.003137306310236454 9.999999747378752e-05
v 0.002827672520652414 0.003137306310236454 9.999999747378752e-05
v 0.002827672520652414 0.003137306310236454 0.017899999395012856
v 0.004479118157178164 0.003000000026077032 0.017899999395012856
v 0.002827672520652414 0.003137306310236454 9.999999747378752e-05
v 0.004479118157178164 0.003000000026077032 0.017899999395012856
v 0.004479118157178164 0.003000000026077032 9.999999747378752e-05
v 0.03575000166893006 -0.003000000026077032 0.014100000262260437
v 0.03575000166893006 0.003000000026077032 0.014100000262260437
v 0.03595096245408059 0.003000000026077032 0.01484999991953373
v 0.03575000166893006 -0.003000000026077032 0.014100000262260437
v 0.03595096245408059 0.003000000026077032 0.01484999991953373
v 0.03595096245408059 -0.003000000026077032 0.01484999991953373
v 0.03595096245408059 -0.003000000026077032 0.01484999991953373
v 0.03595096245408059 0.003000000026077032 0.01484999991953373
v 0.036499999463558204 0.003000000026077032 0.01539903786033392
v 0.03595096245408059 -0.003000000026077032 0.01484999991953373
v 0.036499999463558204 0.003000000026077032 0.01539903786033392
v 0.036499999463558204 -0.003000000026077032 0.01539903786033392
v 0.036499999463558204 -0.003000000026077032 0.01539903786033392
v 0.036499999463558204 0.003000000026077032 0.01539903786033392
v 0.037250000983476646 0.003000000026077032 0.015599999576807022
v 0.036499999463558204 -0.003000000026077032 0.01539903786033392
v 0.037250000983476646 0.003000000026077032 0.015599999576807022
v 0.037250000983476646 -0.003000000026077032 0.015599999576807022
v 0.037250000983476646 -0.003000000026077032 0.002400000113993883
v 0.037250000983476646 0.003000000026077032 0.002400000113993883
v 0.036499999463558204 0.003000000026077032 0.0026009618304669857
v 0.037250000983476646 -0.003000000026077032 0.002400000113993883
v 0.036499999463558204 0.003000000026077032 0.0026009618304669857
v 0.036499999463558204 -0.003000000026077032 0.0026009618304669857
v 0.036499999463558204 -0.003000000026077032 0.0026009618304669857
v 0.036499999463558204 0.003000000026077032 0.0026009618304669857
v 0.03595096245408059 0.003000000026077032 0.0031500000040978193
v 0.036499999463558204 -0.003000000026077032 0.0026009618304669857
v 0.03595096245408059 0.003000000026077032 0.0031500000040978193
v 0.03595096245408059 -0.003000000026077032 0.0031500000040978193
v 0.03595096245408059 -0.003000000026077032 0.0031500000040978193
v 0.03595096245408059 0.003000000026077032 0.0031500000040978193
v 0.03575000166893006 0.003000000026077032 0.0038999998942017555
v 0.03595096245408059 -0.003000000026077032 0.0031500000040978193
v 0.03575000166893006 0.003000000026077032 0.0038999998942017555
v 0.03575000166893006 -0.003000000026077032 0.0038999998942017555
v 0.006750000175088646 -0.003000000026077032 0.0024999999441206455
v 0.030750000849366195 -0.003000000026077032 0.0024999999441206455
v 0.006750000175088646 0.003000000026077032 0.0024999999441206455
v 0.030750000849366195 0.003000000026077032 0.0024999999441206455
v 0.03224999830126763 0.003000000026077032 0.014000000432133675
v 0.03224999830126763 0.003000000026077032 0.004000000189989805
v 0.03224999830126763 -0.003000000026077032 0.014000000432133675
v 0.03224999830126763 -0.003000000026077032 0.004000000189989805
v 0.006750000175088646 0.003000000026077032 0.01549999974668026
v 0.030750000849366195 0.003000000026077032 0.01549999974668026
v 0.006750000175088646 -0.003000000026077032 0.01549999974668026
v 0.030750000849366195 -0.003000000026077032 0.01549999974668026
v 0.005249999929219485 0.003000000026077032 0.004000000189989805
v 0.005249999929219485 0.003000000026077032 0.014000000432133675
v 0.005249999929219485 -0.003000000026077032 0.004000000189989805
v 0.005249999929219485 -0.003000000026077032 0.014000000432133675
v 0.005249999929219485 0.003000000026077032 0.004000000189989805
v 0.005249999929219485 -0.003000000026077032 0.004000000189989805
v 0.005450962111353875 -0.003000000026077032 0.0032500000670552254
v 0.005249999929219485 0.003000000026077032 0.004000000189989805
v 0.005450962111353875 -0.003000000026077032 0.0032500000670552254
v 0.005450962111353875 0.003000000026077032 0.0032500000670552254
v 0.005450962111353875 0.003000000026077032 0.0032500000670552254
v 0.005450962111353875 -0.003000000026077032 0.0032500000670552254
v 0.006000000052154066 -0.003000000026077032 0.0027009618934243917
v 0.005450962111353875 0.003000000026077032 0.0032500000670552254
v 0.006000000052154066 -0.003000000026077032 0.0027009618934243917
v 0.006000000052154066 0.003000000026077032 0.0027009618934243917
v 0.006000000052154066 0.003000000026077032 0.0027009618934243917
v 0.006000000052154066 -0.003000000026077032 0.0027009618934243917
v 0.006750000175088646 -0.003000000026077032 0.0024999999441206455
v 0.006000000052154066 0.003000000026077032 0.0027009618934243917
v 0.006750000175088646 -0.003000000026077032 0.0024999999441206455
v 0.006750000175088646 0.003000000026077032 0.0024999999441206455
v 0.006750000175088646 0.003000000026077032 0.01549999974668026
v 0.006750000175088646 -0.003000000026077032 0.01549999974668026
v 0.006000000052154066 -0.003000000026077032 0.015299038030207157
v 0.006750000175088646 0.003000000026077032 0.01549999974668026
v 0.006000000052154066 -0.003000000026077032 0.015299038030207157
v 0.006000000052154066 0.003000000026077032 0.015299038030207157
v 0.006000000052154066 0.003000000026077032 0.015299038030207157
v 0.006000000052154066 -0.003000000026077032 0.015299038030207157
v 0.005450962111353875 -0.003000000026077032 0.014750000089406967
v 0.006000000052154066 0.003000000026077032 0.015299038030207157
v 0.005450962111353875 -0.003000000026077032 0.014750000089406967
v 0.005450962111353875 0.003000000026077032 0.014750000089406967
v 0.005450962111353875 0.003000000026077032 0.014750000089406967
v 0.005450962111353875 -0.003000000026077032 0.014750000089406967
v 0.005249999929219485 -0.003000000026077032 0.014000000432133675
v 0.005450962111353875 0.003000000026077032 0.014750000089406967
v 0.005249999929219485 -0.003000000026077032 0.014000000432133675
v 0.005249999929219485 0.003000000026077032 0.014000000432133675
v 0.03224999830126763 0.003000000026077032 0.014000000432133675
v 0.03224999830126763 -0.003000000026077032 0.014000000432133675
v 0.0320490375161171 -0.003000000026077032 0.014750000089406967
v 0.03224999830126763 0.003000000026077032 0.014000000432133675
v 0.0320490375161171 -0.003000000026077032 0.014750000089406967
v 0.0320490375161171 0.003000000026077032 0.014750000089406967
v 0.0320490375161171 0.003000000026077032 0.014750000089406967
v 0.0320490375161171 -0.003000000026077032 0.014750000089406967
v 0.03150000050663949 -0.003000000026077032 0.015299038030207157
v 0.0320490375161171 0.003000000026077032 0.014750000089406967
v 0.03150000050663949 -0.003000000026077032 0.015299038030207157
v 0.03150000050663949 0.003000000026077032 0.015299038030207157
v 0.03150000050663949 0.003000000026077032 0.015299038030207157
v 0.03150000050663949 -0.003000000026077032 0.015299038030207157
v 0.030750000849366195 -0.003000000026077032 0.01549999974668026
v 0.03150000050663949 0.003000000026077032 0.015299038030207157
v 0.030750000849366195 -0.003000000026077032 0.01549999974668026
v 0.030750000849366195 0.003000000026077032 0.01549999974668026
v 0.030750000849366195 0.003000000026077032 0.0024999999441206455
v 0.030750000849366195 -0.003000000026077032 0.0024999999441206455
v 0.03150000050663949 -0.003000000026077032 0.0027009618934243917
v 0.030750000849366195 0.003000000026077032 0.0024999999441206455
v 0.03150000050663949 -0.003000000026077032 0.0027009618934243917
v 0.03150000050663949 0.003000000026077032 0.0027009618934243917
v 0.03150000050663949 0.003000000026077032 0.0027009618934243917
v 0.03150000050663949 -0.003000000026077032 0.0027009618934243917
v 0.0320490375161171 -0.003000000026077032 0.0032500000670552254
v 0.03150000050663949 0.003000000026077032 0.0027009618934243917
v 0.0320490375161171 -0.003000000026077032 0.0032500000670552254
v 0.0320490375161171 0.003000000026077032 0.0032500000670552254
v 0.0320490375161171 0.003000000026077032 0.0032500000670552254
v 0.0320490375161171 -0.003000000026077032 0.0032500000670552254
v 0.03224999830126763 -0.003000000026077032 0.004000000189989805
v 0.0320490375161171 0.003000000026077032 0.0032500000670552254
v 0.03224999830126763 -0.003000000026077032 0.004000000189989805
v 0.03224999830126763 0.003000000026077032 0.004000000189989805
v 0.0007500000065192582 0.0012990380637347698 9.999999747378752e-05
v 0.0007999999797903003 0.0013856407022103667 0.0
v 0.00129903806373477 0.000750000006519258 9.999999747378752e-05
v 0.00129903806373477 0.000750000006519258 9.999999747378752e-05
v 0.0007999999797903003 0.0013856407022103667 0.0
v 0.001385640702210367 0.0007999999797903001 0.0
v 0.00129903806373477 0.000750000006519258 9.999999747378752e-05
v 0.001385640702210367 0.0007999999797903001 0.0
v 0.0015000000130385165 4.163336249286518e-19 9.999999747378752e-05
v 0.0015000000130385165 4.163336249286518e-19 9.999999747378752e-05
v 0.001385640702210367 0.0007999999797903001 0.0
v 0.0015999999595806007 4.440892309431682e-19 0.0
v 0.0015000000130385165 4.163336249286518e-19 9.999999747378752e-05
v 0.0015999999595806007 4.440892309431682e-19 0.0
v 0.00129903806373477 -0.000750000006519258 9.999999747378752e-05
v 0.00129903806373477 -0.000750000006519258 9.999999747378752e-05
v 0.0015999999595806007 4.440892309431682e-19 0.0
v 0.001385640702210367 -0.0007999999797903001 0.0
v 0.00129903806373477 -0.000750000006519258 9.999999747378752e-05
v 0.001385640702210367 -0.0007999999797903001 0.0
v 0.0007500000065192582 -0.0012990380637347698 9.999999747378752e-05
v 0.0007500000065192582 -0.0012990380637347698 9.999999747378752e-05
v 0.001385640702210367 -0.0007999999797903001 0.0
v 0.0007999999797903003 -0.0013856407022103667 0.0
v 0.0007500000065192582 -0.0012990380637347698 9.999999747378752e-05
v 0.0007999999797903003 -0.0013856407022103667 0.0
v 8.326672498573038e-19 -0.001500000013038516 9.999999747378752e-05
v 8.326672498573038e-19 -0.001500000013038516 9.999999747378752e-05
v 0.0007999999797903003 -0.0013856407022103667 0.0
v 8.881784618863367e-19 -0.0015999999595806003 0.0
v 8.326672498573038e-19 -0.001500000013038516 9.999999747378752e-05
v 8.881784618863367e-19 -0.0015999999595806003 0.0
v -0.0007500000065192582 -0.0012990380637347698 9.999999747378752e-05
v -0.0007500000065192582 -0.0012990380637347698 9.999999747378752e-05
v 8.881784618863367e-19 -0.0015999999595806003 0.0
v -0.0007999999797903003 -0.0013856407022103667 0.0
v -0.0007500000065192582 -0.0012990380637347698 9.999999747378752e-05
v -0.0007999999797903003 -0.0013856407022103667 0.0
v -0.00129903806373477 -0.000750000006519258 9.999999747378752e-05
v -0.00129903806373477 -0.000750000006519258 9.999999747378752e-05
v -0.0007999999797903003 -0.0013856407022103667 0.0
v -0.001385640702210367 -0.0007999999797903001 0.0
v -0.00129903806373477 -0.000750000006519258 9.999999747378752e-05
v -0.001385640702210367 -0.0007999999797903001 0.0
v -0.0015000000130385165 -1.2490009523341379e-18 9.999999747378752e-05
v -0.0015000000130385165 -1.2490009523341379e-18 9.999999747378752e-05
v -0.001385640702210367 -0.0007999999797903001 0.0
v -0.0015999999595806007 -1.3322676411307164e-18 0.0
v -0.0015000000130385165 -1.2490009523341379e-18 9.999999747378752e-05
v -0.0015999999595806007 -1.3322676411307164e-18 0.0
v -0.00129903806373477 0.000750000006519258 9.999999747378752e-05
v -0.00129903806373477 0.000750000006519258 9.999999747378752e-05
v -0.0015999999595806007 -1.3322676411307164e-18 0.0
v -0.001385640702210367 0.0007999999797903001 0.0
v -0.00129903806373477 0.000750000006519258 9.999999747378752e-05
v -0.001385640702210367 0.0007999999797903001 0.0
v -0.0007500000065192582 0.0012990380637347698 9.999999747378752e-05
v -0.0007500000065192582 0.0012990380637347698 9.999999747378752e-05
v -0.001385640702210367 0.0007999999797903001 0.0
v -0.0007999999797903003 0.0013856407022103667 0.0
v -0.0007500000065192582 0.0012990380637347698 9.999999747378752e-05
v -0.0007999999797903003 0.0013856407022103667 0.0
v 0.0 0.001500000013038516 9.999999747378752e-05
v 0.0 0.001500000013038516 9.999999747378752e-05
v -0.0007999999797903003 0.0013856407022103667 0.0
v 0.0 0.0015999999595806003 0.0
v 0.0 0.001500000013038516 9.999999747378752e-05
v 0.0 0.0015999999595806003 0.0
v 0.0007500000065192582 0.0012990380637347698 9.999999747378752e-05
v 0.0007500000065192582 0.0012990380637347698 9.999999747378752e-05
v 0.0 0.0015999999595806003 0.0
v 0.0007999999797903003 0.0013856407022103667 0.0
v 0.04006782174110413 0.0017397395567968488 0.0
v 0.040942486375570304 0.0023752180859446526 0.0
v 0.040923785418272025 0.002240727888420224 9.999999747378752e-05
v 0.040923785418272025 0.002240727888420224 9.999999747378752e-05
v 0.04014213755726815 0.001672826474532485 9.999999747378752e-05
v 0.04006782174110413 0.0017397395567968488 0.0
v 0.04006782174110413 0.0017397395567968488 0.0
v 0.04014213755726815 0.001672826474532485 9.999999747378752e-05
v 0.04006855189800263 0.0015453704399988055 9.999999747378752e-05
v 0.04006782174110413 0.0017397395567968488 0.0
v 0.04006855189800263 0.0015453704399988055 9.999999747378752e-05
v 0.03952725231647492 0.0008034441852942109 0.0
v 0.04006855189800263 0.0015453704399988055 9.999999747378752e-05
v 0.039622358977794654 0.0007725424948148429 9.999999747378752e-05
v 0.03952725231647492 0.0008034441852942109 0.0
v 0.03952725231647492 0.0008034441852942109 0.0
v 0.039622358977794654 0.0007725424948148429 9.999999747378752e-05
v 0.039599228650331504 0.0005524610751308501 9.999999747378752e-05
v 0.03952725231647492 0.0008034441852942109 0.0
v 0.039599228650331504 0.0005524610751308501 9.999999747378752e-05
v 0.03941424190998078 -0.0002717740135267377 0.0
v 0.039599228650331504 0.0005524610751308501 9.999999747378752e-05
v 0.03951369598507882 -0.0002613211690913886 9.999999747378752e-05
v 0.03941424190998078 -0.0002717740135267377 0.0
v 0.03941424190998078 -0.0002717740135267377 0.0
v 0.03951369598507882 -0.0002613211690913886 9.999999747378752e-05
v 0.039605066180229194 -0.0005425304407253861 9.999999747378752e-05
v 0.03941424190998078 -0.0002717740135267377 0.0
v 0.039605066180229194 -0.0005425304407253861 9.999999747378752e-05
v 0.03974833339452744 -0.0013000000035390258 0.0
v 0.039605066180229194 -0.0005425304407253861 9.999999747378752e-05
v 0.039834935218095786 -0.0012499999720603228 9.999999747378752e-05
v 0.03974833339452744 -0.0013000000035390258 0.0
v 0.03974833339452744 -0.0013000000035390258 0.0
v 0.039834935218095786 -0.0012499999720603228 9.999999747378752e-05
v 0.04008269309997559 -0.0015251634176820517 9.999999747378752e-05
v 0.03974833339452744 -0.0013000000035390258 0.0
v 0.04008269309997559 -0.0015251634176820517 9.999999747378752e-05
v 0.04047175869345666 -0.0021034441888332367 0.0
v 0.04008269309997559 -0.0015251634176820517 9.999999747378752e-05
v 0.04053053632378579 -0.0020225425250828266 9.999999747378752e-05
v 0.04047175869345666 -0.0021034441888332367 0.0
v 0.04047175869345666 -0.0021034441888332367 0.0
v 0.04053053632378579 -0.0020225425250828266 9.999999747378752e-05
v 0.04093705490231515 -0.0022035364527255297 9.999999747378752e-05
v 0.04047175869345666 -0.0021034441888332367 0.0
v 0.04093705490231515 -0.0022035364527255297 9.999999747378752e-05
v 0.04145943000912667 -0.0025431837420910597 0.0
v 0.04145943000912667 -0.0025431837420910597 0.0
v 0.04093705490231515 -0.0022035364527255297 9.999999747378752e-05
v 0.041480220854282386 -0.002445369027554989 9.999999747378752e-05
v 0.04145943000912667 -0.0025431837420910597 0.0
v 0.041480220854282386 -0.002445369027554989 9.999999747378752e-05
v 0.04199999943375588 -0.0026000000070780516 0.0
v 0.04199999943375588 -0.0026000000070780516 0.0
v 0.041480220854282386 -0.002445369027554989 9.999999747378752e-05
v 0.04199999943375588 -0.0024999999441206455 9.999999747378752e-05
v 0.04199999943375588 -0.0026000000070780516 0.0
v 0.04199999943375588 -0.0024999999441206455 9.999999747378752e-05
v 0.04254056885838509 -0.0025431837420910597 0.0
v 0.04199999943375588 -0.0024999999441206455 9.999999747378752e-05
v 0.04251977801322938 -0.002445369027554989 9.999999747378752e-05
v 0.04254056885838509 -0.0025431837420910597 0.0
v 0.04254056885838509 -0.0025431837420910597 0.0
v 0.04251977801322938 -0.002445369027554989 9.999999747378752e-05
v 0.043062943965196616 -0.0022035364527255297 9.999999747378752e-05
v 0.04254056885838509 -0.0025431837420910597 0.0
v 0.043062943965196616 -0.0022035364527255297 9.999999747378752e-05
v 0.043528240174055106 -0.0021034441888332367 0.0
v 0.043528240174055106 -0.0021034441888332367 0.0
v 0.043062943965196616 -0.0022035364527255297 9.999999747378752e-05
v 0.043469462543725974 -0.0020225425250828266 9.999999747378752e-05
v 0.043528240174055106 -0.0021034441888332367 0.0
v 0.043469462543725974 -0.0020225425250828266 9.999999747378752e-05
v 0.04425166547298432 -0.0013000000035390258 0.0
v 0.043469462543725974 -0.0020225425250828266 9.999999747378752e-05
v 0.04391730576753617 -0.0015251634176820517 9.999999747378752e-05
v 0.04425166547298432 -0.0013000000035390258 0.0
v 0.04425166547298432 -0.0013000000035390258 0.0
v 0.04391730576753617 -0.0015251634176820517 9.999999747378752e-05
v 0.04416506364941598 -0.0012499999720603228 9.999999747378752e-05
v 0.04425166547298432 -0.0013000000035390258 0.0
v 0.04416506364941598 -0.0012499999720603228 9.999999747378752e-05
v 0.04458575695753098 -0.0002717740135267377 0.0
v 0.04416506364941598 -0.0012499999720603228 9.999999747378752e-05
v 0.04439493268728257 -0.0005425304407253861 9.999999747378752e-05
v 0.04458575695753098 -0.0002717740135267377 0.0
v 0.04458575695753098 -0.0002717740135267377 0.0
v 0.04439493268728257 -0.0005425304407253861 9.999999747378752e-05
v 0.044486302882432945 -0.0002613211690913886 9.999999747378752e-05
v 0.04458575695753098 -0.0002717740135267377 0.0
v 0.044486302882432945 -0.0002613211690913886 9.999999747378752e-05
v 0.04447274655103684 0.0008034441852942109 0.0
v 0.044486302882432945 -0.0002613211690913886 9.999999747378752e-05
v 0.04440077394247056 0.0005524610751308501 9.999999747378752e-05
v 0.04447274655103684 0.0008034441852942109 0.0
v 0.04447274655103684 0.0008034441852942109 0.0
v 0.04440077394247056 0.0005524610751308501 9.999999747378752e-05
v 0.04437763988971711 0.0007725424948148429 9.999999747378752e-05
v 0.04447274655103684 0.0008034441852942109 0.0
v 0.04437763988971711 0.0007725424948148429 9.999999747378752e-05
v 0.04393217712640763 0.0017397395567968488 0.0
v 0.04437763988971711 0.0007725424948148429 9.999999747378752e-05
v 0.04393145069479943 0.0015453704399988055 9.999999747378752e-05
v 0.04393217712640763 0.0017397395567968488 0.0
v 0.04393217712640763 0.0017397395567968488 0.0
v 0.04393145069479943 0.0015453704399988055 9.999999747378752e-05
v 0.043857861310243614 0.001672826474532485 9.999999747378752e-05
v 0.04393217712640763 0.0017397395567968488 0.0
v 0.043857861310243614 0.001672826474532485 9.999999747378752e-05
v 0.04305751621723176 0.0023752180859446526 0.0
v 0.043857861310243614 0.001672826474532485 9.999999747378752e-05
v 0.04307621344923974 0.002240727888420224 9.999999747378752e-05
v 0.04305751621723176 0.0023752180859446526 0.0
v 0.04305751621723176 0.0023752180859446526 0.0
v 0.04307621344923974 0.002240727888420224 9.999999747378752e-05
v 0.04301683977246285 0.0022838637232780457 9.999999747378752e-05
v 0.04305751621723176 0.0023752180859446526 0.0
v 0.04301683977246285 0.0022838637232780457 9.999999747378752e-05
v 0.04199999943375588 0.0026000000070780516 0.0
v 0.04199999943375588 0.0026000000070780516 0.0
v 0.04301683977246285 0.0022838637232780457 9.999999747378752e-05
v 0.04199999943375588 0.0024999999441206455 9.999999747378752e-05
v 0.04199999943375588 0.0026000000070780516 0.0
v 0.04199999943375588 0.0024999999441206455 9.999999747378752e-05
v 0.040942486375570304 0.0023752180859446526 0.0
v 0.040942486375570304 0.0023752180859446526 0.0
v 0.04199999943375588 0.0024999999441206455 9.999999747378752e-05
v 0.04098315909504891 0.0022838637232780457 9.999999747378752e-05
v 0.040942486375570304 0.0023752180859446526 0.0
v 0.04098315909504891 0.0022838637232780457 9.999999747378752e-05
v 0.040923785418272025 0.002240727888420224 9.999999747378752e-05
v 0.004479118157178164 0.003000000026077032 9.999999747378752e-05
v 0.004479118157178164 0.002899999963119626 0.0
v 0.002827672520652414 0.003137306310236454 9.999999747378752e-05
v 0.002827672520652414 0.003137306310236454 9.999999747378752e-05
v 0.004479118157178164 0.002899999963119626 0.0
v 0.0028111580759286885 0.003038679249584675 0.0
v 0.002827672520652414 0.003137306310236454 9.999999747378752e-05
v 0.0028111580759286885 0.003038679249584675 0.0
v 0.001221577753312886 0.0035454544704407454 9.999999747378752e-05
v 0.001221577753312886 0.0035454544704407454 9.999999747378752e-05
v 0.0028111580759286885 0.003038679249584675 0.0
v 0.0011890023015439513 0.003450909163802862 0.0
v 0.037520881742239005 0.003000000026077032 9.999999747378752e-05
v 0.037520881742239005 0.002899999963119626 0.0
v 0.004479118157178164 0.003000000026077032 9.999999747378752e-05
v 0.004479118157178164 0.002899999963119626 0.0
v 0.001221577753312886 0.0035454544704407454 9.999999747378752e-05
v 0.0011890023015439513 0.003450909163802862 0.0
v -5.294486254570076e-05 0.003749626222997904 9.999999747378752e-05
v -5.294486254570076e-05 0.003749626222997904 9.999999747378752e-05
v 0.0011890023015439513 0.003450909163802862 0.0
v -5.1532999350456534e-05 0.003649636171758175 0.0
v -5.294486254570076e-05 0.003749626222997904 9.999999747378752e-05
v -5.1532999350456534e-05 0.003649636171758175 0.0
v -0.0013211945770308378 0.0035095505882054567 9.999999747378752e-05
v -0.0013211945770308378 0.0035095505882054567 9.999999747378752e-05
v -5.1532999350456534e-05 0.003649636171758175 0.0
v -0.001285962760448456 0.0034159624483436346 0.0
v -0.0013211945770308378 0.0035095505882054567 9.999999747378752e-05
v -0.001285962760448456 0.0034159624483436346 0.0
v -0.00243291212245822 0.0028536710888147354 9.999999747378752e-05
v -0.00243291212245822 0.0028536710888147354 9.999999747378752e-05
v -0.001285962760448456 0.0034159624483436346 0.0
v -0.002368034562096 0.002777573186904192 0.0
v -0.00243291212245822 0.0028536710888147354 9.999999747378752e-05
v -0.002368034562096 0.002777573186904192 0.0
v -0.003256383817642928 0.0018596949521452188 9.999999747378752e-05
v -0.003256383817642928 0.0018596949521452188 9.999999747378752e-05
v -0.002368034562096 0.002777573186904192 0.0
v -0.0031695468351244935 0.001810103072784841 0.0
v -0.003256383817642928 0.0018596949521452188 9.999999747378752e-05
v -0.0031695468351244935 0.001810103072784841 0.0
v -0.003694046055898071 0.0006453862879425287 9.999999747378752e-05
v -0.003694046055898071 0.0006453862879425287 9.999999747378752e-05
v -0.0031695468351244935 0.001810103072784841 0.0
v -0.003595538204535843 0.0006281759706325829 0.0
v -0.003694046055898071 0.0006453862879425287 9.999999747378752e-05
v -0.003595538204535843 0.0006281759706325829 0.0
v -0.003694046055898071 -0.0006453862879425287 9.999999747378752e-05
v -0.003694046055898071 -0.0006453862879425287 9.999999747378752e-05
v -0.003595538204535843 0.0006281759706325829 0.0
v -0.003595538204535843 -0.0006281759706325829 0.0
v -0.003694046055898071 -0.0006453862879425287 9.999999747378752e-05
v -0.003595538204535843 -0.0006281759706325829 0.0
v -0.003256383817642928 -0.0018596949521452188 9.999999747378752e-05
v -0.003256383817642928 -0.0018596949521452188 9.999999747378752e-05
v -0.003595538204535843 -0.0006281759706325829 0.0
v -0.0031695468351244935 -0.001810103072784841 0.0
v -0.003256383817642928 -0.0018596949521452188 9.999999747378752e-05
v -0.0031695468351244935 -0.001810103072784841 0.0
v -0.00243291212245822 -0.0028536710888147354 9.999999747378752e-05
v -0.00243291212245822 -0.0028536710888147354 9.999999747378752e-05
v -0.0031695468351244935 -0.001810103072784841 0.0
v -0.002368034562096 -0.002777573186904192 0.0
v -0.00243291212245822 -0.0028536710888147354 9.999999747378752e-05
v -0.002368034562096 -0.002777573186904192 0.0
v -0.0013211945770308378 -0.0035095505882054567 9.999999747378752e-05
v -0.0013211945770308378 -0.0035095505882054567 9.999999747378752e-05
v -0.002368034562096 -0.002777573186904192 0.0
v -0.001285962760448456 -0.0034159624483436346 0.0
v -0.0013211945770308378 -0.0035095505882054567 9.999999747378752e-05
v -0.001285962760448456 -0.0034159624483436346 0.0
v -5.294486254570076e-05 -0.003749626222997904 9.999999747378752e-05
v -5.294486254570076e-05 -0.003749626222997904 9.999999747378752e-05
v -0.001285962760448456 -0.0034159624483436346 0.0
v -5.1532999350456534e-05 -0.003649636171758175 0.0
v -5.294486254570076e-05 -0.003749626222997904 9.999999747378752e-05
v -5.1532999350456534e-05 -0.003649636171758175 0.0
v 0.001221577753312886 -0.0035454544704407454 9.999999747378752e-05
v 0.001221577753312886 -0.0035454544704407454 9.999999747378752e-05
v -5.1532999350456534e-05 -0.003649636171758175 0.0
v 0.0011890023015439513 -0.003450909163802862 0.0
v 0.04077842086553574 0.0035454544704407454 9.999999747378752e-05
v 0.04081099852919579 0.003450909163802862 0.0
v 0.03917232900857926 0.003137306310236454 9.999999747378752e-05
v 0.03917232900857926 0.003137306310236454 9.999999747378752e-05
v 0.04081099852919579 0.003450909163802862 0.0
v 0.03918884322047234 0.003038679249584675 0.0
v 0.03917232900857926 0.003137306310236454 9.999999747378752e-05
v 0.03918884322047234 0.003038679249584675 0.0
v 0.037520881742239005 0.003000000026077032 9.999999747378752e-05
v 0.037520881742239005 0.003000000026077032 9.999999747378752e-05
v 0.03918884322047234 0.003038679249584675 0.0
v 0.037520881742239005 0.002899999963119626 0.0
v 0.001221577753312886 -0.0035454544704407454 9.999999747378752e-05
v 0.0011890023015439513 -0.003450909163802862 0.0
v 0.002827672520652414 -0.003137306310236454 9.999999747378752e-05
v 0.002827672520652414 -0.003137306310236454 9.999999747378752e-05
v 0.0011890023015439513 -0.003450909163802862 0.0
v 0.0028111580759286885 -0.003038679249584675 0.0
v 0.002827672520652414 -0.003137306310236454 9.999999747378752e-05
v 0.0028111580759286885 -0.003038679249584675 0.0
v 0.004479118157178164 -0.003000000026077032 9.999999747378752e-05
v 0.004479118157178164 -0.003000000026077032 9.999999747378752e-05
v 0.0028111580759286885 -0.003038679249584675 0.0
v 0.004479118157178164 -0.002899999963119626 0.0
v 0.04077842086553574 -0.0035454544704407454 9.999999747378752e-05
v 0.04081099852919579 -0.003450909163802862 -1.3145951341386741e-18
v 0.04205294325947762 -0.003749626222997904 9.999999747378752e-05
v 0.04205294325947762 -0.003749626222997904 9.999999747378752e-05
v 0.04081099852919579 -0.003450909163802862 -1.3145951341386741e-18
v 0.042051531374454505 -0.003649636171758175 -1.3145951341386741e-18
v 0.04205294325947762 -0.003749626222997904 9.999999747378752e-05
v 0.042051531374454505 -0.003649636171758175 -1.3145951341386741e-18
v 0.04332119598984719 -0.0035095505882054567 9.999999747378752e-05
v 0.04332119598984719 -0.0035095505882054567 9.999999747378752e-05
v 0.042051531374454505 -0.003649636171758175 -1.3145951341386741e-18
v 0.04328596219420434 -0.0034159624483436346 -1.3145951341386741e-18
v 0.04332119598984719 -0.0035095505882054567 9.999999747378752e-05
v 0.04328596219420434 -0.0034159624483436346 -1.3145951341386741e-18
v 0.04443291202187539 -0.0028536710888147354 9.999999747378752e-05
v 0.04443291202187539 -0.0028536710888147354 9.999999747378752e-05
v 0.04328596219420434 -0.0034159624483436346 -1.3145951341386741e-18
v 0.044368036091327674 -0.002777573186904192 -1.3145951341386741e-18
v 0.04443291202187539 -0.0028536710888147354 9.999999747378752e-05
v 0.044368036091327674 -0.002777573186904192 -1.3145951341386741e-18
v 0.045256383717060096 -0.0018596949521452188 9.999999747378752e-05
v 0.045256383717060096 -0.0018596949521452188 9.999999747378752e-05
v 0.044368036091327674 -0.002777573186904192 -1.3145951341386741e-18
v 0.04516954720020295 -0.001810103072784841 -1.3145951341386741e-18
v 0.045256383717060096 -0.0018596949521452188 9.999999747378752e-05
v 0.04516954720020295 -0.001810103072784841 -1.3145951341386741e-18
v 0.045694045722484596 -0.0006453862879425287 9.999999747378752e-05
v 0.045694045722484596 -0.0006453862879425287 9.999999747378752e-05
v 0.04516954720020295 -0.001810103072784841 -1.3145951341386741e-18
v 0.04559553787112237 -0.0006281759706325829 -1.3145951341386741e-18
v 0.045694045722484596 -0.0006453862879425287 9.999999747378752e-05
v 0.04559553787112237 -0.0006281759706325829 -1.3145951341386741e-18
v 0.045694045722484596 0.0006453862879425287 9.999999747378752e-05
v 0.045694045722484596 0.0006453862879425287 9.999999747378752e-05
v 0.04559553787112237 -0.0006281759706325829 -1.3145951341386741e-18
v 0.04559553787112237 0.0006281759706325829 -1.3145951341386741e-18
v 0.045694045722484596 0.0006453862879425287 9.999999747378752e-05
v 0.04559553787112237 0.0006281759706325829 -1.3145951341386741e-18
v 0.045256383717060096 0.0018596949521452188 9.999999747378752e-05
v 0.045256383717060096 0.0018596949521452188 9.999999747378752e-05
v 0.04559553787112237 0.0006281759706325829 -1.3145951341386741e-18
v 0.04516954720020295 0.001810103072784841 -1.3145951341386741e-18
v 0.045256383717060096 0.0018596949521452188 9.999999747378752e-05
v 0.04516954720020295 0.001810103072784841 -1.3145951341386741e-18
v 0.04443291202187539 0.0028536710888147354 9.999999747378752e-05
v 0.04443291202187539 0.0028536710888147354 9.999999747378752e-05
v 0.04516954720020295 0.001810103072784841 -1.3145951341386741e-18
v 0.044368036091327674 0.002777573186904192 -1.3145951341386741e-18
v 0.04443291202187539 0.0028536710888147354 9.999999747378752e-05
v 0.044368036091327674 0.002777573186904192 -1.3145951341386741e-18
v 0.04332119598984719 0.0035095505882054567 9.999999747378752e-05
v 0.04332119598984719 0.0035095505882054567 9.999999747378752e-05
v 0.044368036091327674 0.002777573186904192 -1.3145951341386741e-18
v 0.04328596219420434 0.0034159624483436346 -1.3145951341386741e-18
v 0.04332119598984719 0.0035095505882054567 9.999999747378752e-05
v 0.04328596219420434 0.0034159624483436346 -1.3145951341386741e-18
v 0.04205294325947762 0.003749626222997904 9.999999747378752e-05
v 0.04205294325947762 0.003749626222997904 9.999999747378752e-05
v 0.04328596219420434 0.0034159624483436346 -1.3145951341386741e-18
v 0.042051531374454505 0.003649636171758175 -1.3145951341386741e-18
v 0.04205294325947762 0.003749626222997904 9.999999747378752e-05
v 0.042051531374454505 0.003649636171758175 -1.3145951341386741e-18
v 0.04077842086553574 0.0035454544704407454 9.999999747378752e-05
v 0.04077842086553574 0.0035454544704407454 9.999999747378752e-05
v 0.042051531374454505 0.003649636171758175 -1.3145951341386741e-18
v 0.04081099852919579 0.003450909163802862 -1.3145951341386741e-18
v 0.037520881742239005 -0.002899999963119626 -2.1819568721270777e-18
v 0.037520881742239005 -0.003000000026077032 9.999999747378752e-05
v 0.004479118157178164 -0.002899999963119626 -1.3552527156068805e-20
v 0.004479118157178164 -0.003000000026077032 9.999999747378752e-05
v 0.037520881742239005 -0.003000000026077032 9.999999747378752e-05
v 0.037520881742239005 -0.002899999963119626 0.0
v 0.03917232900857926 -0.003137306310236454 9.999999747378752e-05
v 0.03917232900857926 -0.003137306310236454 9.999999747378752e-05
v 0.037520881742239005 -0.002899999963119626 0.0
v 0.03918884322047234 -0.003038679249584675 0.0
v 0.03917232900857926 -0.003137306310236454 9.999999747378752e-05
v 0.03918884322047234 -0.003038679249584675 0.0
v 0.04077842086553574 -0.0035454544704407454 9.999999747378752e-05
v 0.04077842086553574 -0.0035454544704407454 9.999999747378752e-05
v 0.03918884322047234 -0.003038679249584675 0.0
v 0.04081099852919579 -0.003450909163802862 0.0
v 0.0007500000065192582 -0.0012990380637347698 0.017899999395012856
v 0.0007999999797903003 -0.0013856407022103667 0.017999999225139618
v 0.00129903806373477 -0.000750000006519258 0.017899999395012856
v 0.00129903806373477 -0.000750000006519258 0.017899999395012856
v 0.0007999999797903003 -0.0013856407022103667 0.017999999225139618
v 0.001385640702210367 -0.0007999999797903001 0.017999999225139618
v 0.00129903806373477 -0.000750000006519258 0.017899999395012856
v 0.001385640702210367 -0.0007999999797903001 0.017999999225139618
v 0.0015000000130385165 -4.163336249286518e-19 0.017899999395012856
v 0.0015000000130385165 -4.163336249286518e-19 0.017899999395012856
v 0.001385640702210367 -0.0007999999797903001 0.017999999225139618
v 0.0015999999595806007 -4.440892309431682e-19 0.017999999225139618
v 0.0015000000130385165 -4.163336249286518e-19 0.017899999395012856
v 0.0015999999595806007 -4.440892309431682e-19 0.017999999225139618
v 0.00129903806373477 0.000750000006519258 0.017899999395012856
v 0.00129903806373477 0.000750000006519258 0.017899999395012856
v 0.0015999999595806007 -4.440892309431682e-19 0.017999999225139618
v 0.001385640702210367 0.0007999999797903001 0.017999999225139618
v 0.00129903806373477 0.000750000006519258 0.017899999395012856
v 0.001385640702210367 0.0007999999797903001 0.017999999225139618
v 0.0007500000065192582 0.0012990380637347698 0.017899999395012856
v 0.0007500000065192582 0.0012990380637347698 0.017899999395012856
v 0.001385640702210367 0.0007999999797903001 0.017999999225139618
v 0.0007999999797903003 0.0013856407022103667 0.017999999225139618
v 0.0007500000065192582 0.0012990380637347698 0.017899999395012856
v 0.0007999999797903003 0.0013856407022103667 0.017999999225139618
v 8.326672498573038e-19 0.001500000013038516 0.017899999395012856
v 8.326672498573038e-19 0.001500000013038516 0.017899999395012856
v 0.0007999999797903003 0.0013856407022103667 0.017999999225139618
v 8.881784618863367e-19 0.0015999999595806003 0.017999999225139618
v 8.326672498573038e-19 0.001500000013038516 0.017899999395012856
v 8.881784618863367e-19 0.0015999999595806003 0.017999999225139618
v -0.0007500000065192582 0.0012990380637347698 0.017899999395012856
v -0.0007500000065192582 0.0012990380637347698 0.017899999395012856
v 8.881784618863367e-19 0.0015999999595806003 0.017999999225139618
v -0.0007999999797903003 0.0013856407022103667 0.017999999225139618
v -0.0007500000065192582 0.0012990380637347698 0.017899999395012856
v -0.0007999999797903003 0.0013856407022103667 0.017999999225139618
v -0.00129903806373477 0.000750000006519258 0.017899999395012856
v -0.00129903806373477 0.000750000006519258 0.017899999395012856
v -0.0007999999797903003 0.0013856407022103667 0.017999999225139618
v -0.001385640702210367 0.0007999999797903001 0.017999999225139618
v -0.00129903806373477 0.000750000006519258 0.017899999395012856
v -0.001385640702210367 0.0007999999797903001 0.017999999225139618
v -0.0015000000130385165 1.2490009523341379e-18 0.017899999395012856
v -0.0015000000130385165 1.2490009523341379e-18 0.017899999395012856
v -0.001385640702210367 0.0007999999797903001 0.017999999225139618
v -0.0015999999595806007 1.3322676411307164e-18 0.017999999225139618
v -0.0015000000130385165 1.2490009523341379e-18 0.017899999395012856
v -0.0015999999595806007 1.3322676411307164e-18 0.017999999225139618
v -0.00129903806373477 -0.000750000006519258 0.017899999395012856
v -0.00129903806373477 -0.000750000006519258 0.017899999395012856
v -0.0015999999595806007 1.3322676411307164e-18 0.017999999225139618
v -0.001385640702210367 -0.0007999999797903001 0.017999999225139618
v -0.00129903806373477 -0.000750000006519258 0.017899999395012856
v -0.001385640702210367 -0.0007999999797903001 0.017999999225139618
v -0.0007500000065192582 -0.0012990380637347698 0.017899999395012856
v -0.0007500000065192582 -0.0012990380637347698 0.017899999395012856
v -0.001385640702210367 -0.0007999999797903001 0.017999999225139618
v -0.0007999999797903003 -0.0013856407022103667 0.017999999225139618
v -0.0007500000065192582 -0.0012990380637347698 0.017899999395012856
v -0.0007999999797903003 -0.0013856407022103667 0.017999999225139618
v 0.0 -0.001500000013038516 0.017899999395012856
v 0.0 -0.001500000013038516 0.017899999395012856
v -0.0007999999797903003 -0.0013856407022103667 0.017999999225139618
v 0.0 -0.0015999999595806003 0.017999999225139618
v 0.0 -0.001500000013038516 0.017899999395012856
v 0.0 -0.0015999999595806003 0.017999999225139618
v 0.0007500000065192582 -0.0012990380637347698 0.017899999395012856
v 0.0007500000065192582 -0.0012990380637347698 0.017899999395012856
v 0.0 -0.0015999999595806003 0.017999999225139618
v 0.0007999999797903003 -0.0013856407022103667 0.017999999225139618
v 0.04006782174110413 -0.0017397395567968488 0.017999999225139618
v 0.040942486375570304 -0.0023752180859446526 0.017999999225139618
v 0.040923785418272025 -0.002240727888420224 0.017899999395012856
v 0.040923785418272025 -0.002240727888420224 0.017899999395012856
v 0.04014213755726815 -0.001672826474532485 0.017899999395012856
v 0.04006782174110413 -0.0017397395567968488 0.017999999225139618
v 0.04006782174110413 -0.0017397395567968488 0.017999999225139618
v 0.04014213755726815 -0.001672826474532485 0.017899999395012856
v 0.04006855189800263 -0.0015453704399988055 0.017899999395012856
v 0.04006782174110413 -0.0017397395567968488 0.017999999225139618
v 0.04006855189800263 -0.0015453704399988055 0.017899999395012856
v 0.03952725231647492 -0.0008034441852942109 0.017999999225139618
v 0.04006855189800263 -0.0015453704399988055 0.017899999395012856
v 0.039622358977794654 -0.0007725424948148429 0.017899999395012856
v 0.03952725231647492 -0.0008034441852942109 0.017999999225139618
v 0.03952725231647492 -0.0008034441852942109 0.017999999225139618
v 0.039622358977794654 -0.0007725424948148429 0.017899999395012856
v 0.039599228650331504 -0.0005524610751308501 0.017899999395012856
v 0.03952725231647492 -0.0008034441852942109 0.017999999225139618
v 0.039599228650331504 -0.0005524610751308501 0.017899999395012856
v 0.03941424190998078 0.0002717740135267377 0.017999999225139618
v 0.039599228650331504 -0.0005524610751308501 0.017899999395012856
v 0.03951369598507882 0.0002613211690913886 0.017899999395012856
v 0.03941424190998078 0.0002717740135267377 0.017999999225139618
v 0.03941424190998078 0.0002717740135267377 0.017999999225139618
v 0.03951369598507882 0.0002613211690913886 0.017899999395012856
v 0.039605066180229194 0.0005425304407253861 0.017899999395012856
v 0.03941424190998078 0.0002717740135267377 0.017999999225139618
v 0.039605066180229194 0.0005425304407253861 0.017899999395012856
v 0.03974833339452744 0.0013000000035390258 0.017999999225139618
v 0.039605066180229194 0.0005425304407253861 0.017899999395012856
v 0.039834935218095786 0.0012499999720603228 0.017899999395012856
v 0.03974833339452744 0.0013000000035390258 0.017999999225139618
v 0.03974833339452744 0.0013000000035390258 0.017999999225139618
v 0.039834935218095786 0.0012499999720603228 0.017899999395012856
v 0.04008269309997559 0.0015251634176820517 0.017899999395012856
v 0.03974833339452744 0.0013000000035390258 0.017999999225139618
v 0.04008269309997559 0.0015251634176820517 0.017899999395012856
v 0.04047175869345666 0.0021034441888332367 0.017999999225139618
v 0.04008269309997559 0.0015251634176820517 0.017899999395012856
v 0.04053053632378579 0.0020225425250828266 0.017899999395012856
v 0.04047175869345666 0.0021034441888332367 0.017999999225139618
v 0.04047175869345666 0.0021034441888332367 0.017999999225139618
v 0.04053053632378579 0.0020225425250828266 0.017899999395012856
v 0.04093705490231515 0.0022035364527255297 0.017899999395012856
v 0.04047175869345666 0.0021034441888332367 0.017999999225139618
v 0.04093705490231515 0.0022035364527255297 0.017899999395012856
v 0.04145943000912667 0.0025431837420910597 0.017999999225139618
v 0.04093705490231515 0.0022035364527255297 0.017899999395012856
v 0.041480220854282386 0.002445369027554989 0.017899999395012856
v 0.04145943000912667 0.0025431837420910597 0.017999999225139618
v 0.04145943000912667 0.0025431837420910597 0.017999999225139618
v 0.041480220854282386 0.002445369027554989 0.017899999395012856
v 0.04199999943375588 0.002445369027554989 0.017899999395012856
v 0.04145943000912667 0.0025431837420910597 0.017999999225139618
v 0.04199999943375588 0.002445369027554989 0.017899999395012856
v 0.04254056885838509 0.0025431837420910597 0.017999999225139618
v 0.04199999943375588 0.002445369027554989 0.017899999395012856
v 0.04251977801322938 0.002445369027554989 0.017899999395012856
v 0.04254056885838509 0.0025431837420910597 0.017999999225139618
v 0.04254056885838509 0.0025431837420910597 0.017999999225139618
v 0.04251977801322938 0.002445369027554989 0.017899999395012856
v 0.043062943965196616 0.0022035364527255297 0.017899999395012856
v 0.04254056885838509 0.0025431837420910597 0.017999999225139618
v 0.043062943965196616 0.0022035364527255297 0.017899999395012856
v 0.043528240174055106 0.0021034441888332367 0.017999999225139618
v 0.043528240174055106 0.0021034441888332367 0.017999999225139618
v 0.043062943965196616 0.0022035364527255297 0.017899999395012856
v 0.043469462543725974 0.0020225425250828266 0.017899999395012856
v 0.043528240174055106 0.0021034441888332367 0.017999999225139618
v 0.043469462543725974 0.0020225425250828266 0.017899999395012856
v 0.04425166547298432 0.0013000000035390258 0.017999999225139618
v 0.043469462543725974 0.0020225425250828266 0.017899999395012856
v 0.04391730576753617 0.0015251634176820517 0.017899999395012856
v 0.04425166547298432 0.0013000000035390258 0.017999999225139618
v 0.04425166547298432 0.0013000000035390258 0.017999999225139618
v 0.04391730576753617 0.0015251634176820517 0.017899999395012856
v 0.04416506364941598 0.0012499999720603228 0.017899999395012856
v 0.04425166547298432 0.0013000000035390258 0.017999999225139618
v 0.04416506364941598 0.0012499999720603228 0.017899999395012856
v 0.04458575695753098 0.0002717740135267377 0.017999999225139618
v 0.04416506364941598 0.0012499999720603228 0.017899999395012856
v 0.04439493268728257 0.0005425304407253861 0.017899999395012856
v 0.04458575695753098 0.0002717740135267377 0.017999999225139618
v 0.04458575695753098 0.0002717740135267377 0.017999999225139618
v 0.04439493268728257 0.0005425304407253861 0.017899999395012856
v 0.044486302882432945 0.0002613211690913886 0.017899999395012856
v 0.04458575695753098 0.0002717740135267377 0.017999999225139618
v 0.044486302882432945 0.0002613211690913886 0.017899999395012856
v 0.04447274655103684 -0.0008034441852942109 0.017999999225139618
v 0.044486302882432945 0.0002613211690913886 0.017899999395012856
v 0.04440077394247056 -0.0005524610751308501 0.017899999395012856
v 0.04447274655103684 -0.0008034441852942109 0.017999999225139618
v 0.04447274655103684 -0.0008034441852942109 0.017999999225139618
v 0.04440077394247056 -0.0005524610751308501 0.017899999395012856
v 0.04437763988971711 -0.0007725424948148429 0.017899999395012856
v 0.04447274655103684 -0.0008034441852942109 0.017999999225139618
v 0.04437763988971711 -0.0007725424948148429 0.017899999395012856
v 0.04393217712640763 -0.0017397395567968488 0.017999999225139618
v 0.04437763988971711 -0.0007725424948148429 0.017899999395012856
v 0.04393145069479943 -0.0015453704399988055 0.017899999395012856
v 0.04393217712640763 -0.0017397395567968488 0.017999999225139618
v 0.04393217712640763 -0.0017397395567968488 0.017999999225139618
v 0.04393145069479943 -0.0015453704399988055 0.017899999395012856
v 0.043857861310243614 -0.001672826474532485 0.017899999395012856
v 0.04393217712640763 -0.0017397395567968488 0.017999999225139618
v 0.043857861310243614 -0.001672826474532485 0.017899999395012856
v 0.04305751621723176 -0.0023752180859446526 0.017999999225139618
v 0.043857861310243614 -0.001672826474532485 0.017899999395012856
v 0.04307621344923974 -0.002240727888420224 0.017899999395012856
v 0.04305751621723176 -0.0023752180859446526 0.017999999225139618
v 0.04305751621723176 -0.0023752180859446526 0.017999999225139618
v 0.04307621344923974 -0.002240727888420224 0.017899999395012856
v 0.04301683977246285 -0.0022838637232780457 0.017899999395012856
v 0.04305751621723176 -0.0023752180859446526 0.017999999225139618
v 0.04301683977246285 -0.0022838637232780457 0.017899999395012856
v 0.04199999943375588 -0.0026000000070780516 0.017999999225139618
v 0.04199999943375588 -0.0026000000070780516 0.017999999225139618
v 0.04301683977246285 -0.0022838637232780457 0.017899999395012856
v 0.04199999943375588 -0.0024999999441206455 0.017899999395012856
v 0.04199999943375588 -0.0026000000070780516 0.017999999225139618
v 0.04199999943375588 -0.0024999999441206455 0.017899999395012856
v 0.040942486375570304 -0.0023752180859446526 0.017999999225139618
v 0.040942486375570304 -0.0023752180859446526 0.017999999225139618
v 0.04199999943375588 -0.0024999999441206455 0.017899999395012856
v 0.04098315909504891 -0.0022838637232780457 0.017899999395012856
v 0.040942486375570304 -0.0023752180859446526 0.017999999225139618
v 0.04098315909504891 -0.0022838637232780457 0.017899999395012856
v 0.040923785418272025 -0.002240727888420224 0.017899999395012856
v 0.004479118157178164 -0.003000000026077032 0.017899999395012856
v 0.004479118157178164 -0.002899999963119626 0.017999999225139618
v 0.002827672520652414 -0.003137306310236454 0.017899999395012856
v 0.002827672520652414 -0.003137306310236454 0.017899999395012856
v 0.004479118157178164 -0.002899999963119626 0.017999999225139618
v 0.0028111580759286885 -0.003038679249584675 0.017999999225139618
v 0.002827672520652414 -0.003137306310236454 0.017899999395012856
v 0.0028111580759286885 -0.003038679249584675 0.017999999225139618
v 0.001221577753312886 -0.0035454544704407454 0.017899999395012856
v 0.001221577753312886 -0.0035454544704407454 0.017899999395012856
v 0.0028111580759286885 -0.003038679249584675 0.017999999225139618
v 0.0011890023015439513 -0.003450909163802862 0.017999999225139618
v 0.037520881742239005 -0.003000000026077032 0.017899999395012856
v 0.037520881742239005 -0.002899999963119626 0.017999999225139618
v 0.004479118157178164 -0.003000000026077032 0.017899999395012856
v 0.004479118157178164 -0.002899999963119626 0.017999999225139618
v 0.001221577753312886 -0.0035454544704407454 0.017899999395012856
v 0.0011890023015439513 -0.003450909163802862 0.017999999225139618
v -5.294486254570076e-05 -0.003749626222997904 0.017899999395012856
v -5.294486254570076e-05 -0.003749626222997904 0.017899999395012856
v 0.0011890023015439513 -0.003450909163802862 0.017999999225139618
v -5.1532999350456534e-05 -0.003649636171758175 0.017999999225139618
v -5.294486254570076e-05 -0.003749626222997904 0.017899999395012856
v -5.1532999350456534e-05 -0.003649636171758175 0.017999999225139618
v -0.0013211945770308378 -0.0035095505882054567 0.017899999395012856
v -0.0013211945770308378 -0.0035095505882054567 0.017899999395012856
v -5.1532999350456534e-05 -0.003649636171758175 0.017999999225139618
v -0.001285962760448456 -0.0034159624483436346 0.017999999225139618
v -0.0013211945770308378 -0.0035095505882054567 0.017899999395012856
v -0.001285962760448456 -0.0034159624483436346 0.017999999225139618
v -0.00243291212245822 -0.0028536710888147354 0.017899999395012856
v -0.00243291212245822 -0.0028536710888147354 0.017899999395012856
v -0.001285962760448456 -0.0034159624483436346 0.017999999225139618
v -0.002368034562096 -0.002777573186904192 0.017999999225139618
v -0.00243291212245822 -0.0028536710888147354 0.017899999395012856
v -0.002368034562096 -0.002777573186904192 0.017999999225139618
v -0.003256383817642928 -0.0018596949521452188 0.017899999395012856
v -0.003256383817642928 -0.0018596949521452188 0.017899999395012856
v -0.002368034562096 -0.002777573186904192 0.017999999225139618
v -0.0031695468351244935 -0.001810103072784841 0.017999999225139618
v -0.003256383817642928 -0.0018596949521452188 0.017899999395012856
v -0.0031695468351244935 -0.001810103072784841 0.017999999225139618
v -0.003694046055898071 -0.0006453862879425287 0.017899999395012856
v -0.003694046055898071 -0.0006453862879425287 0.017899999395012856
v -0.0031695468351244935 -0.001810103072784841 0.017999999225139618
v -0.003595538204535843 -0.0006281759706325829 0.017999999225139618
v -0.003694046055898071 -0.0006453862879425287 0.017899999395012856
v -0.003595538204535843 -0.0006281759706325829 0.017999999225139618
v -0.003694046055898071 0.0006453862879425287 0.017899999395012856
v -0.003694046055898071 0.0006453862879425287 0.017899999395012856
v -0.003595538204535843 -0.0006281759706325829 0.017999999225139618
v -0.003595538204535843 0.0006281759706325829 0.017999999225139618
v -0.003694046055898071 0.0006453862879425287 0.017899999395012856
v -0.003595538204535843 0.0006281759706325829 0.017999999225139618
v -0.003256383817642928 0.0018596949521452188 0.017899999395012856
v -0.003256383817642928 0.0018596949521452188 0.017899999395012856
v -0.003595538204535843 0.0006281759706325829 0.017999999225139618
v -0.0031695468351244935 0.001810103072784841 0.017999999225139618
v -0.003256383817642928 0.0018596949521452188 0.017899999395012856
v -0.0031695468351244935 0.001810103072784841 0.017999999225139618
v -0.00243291212245822 0.0028536710888147354 0.017899999395012856
v -0.00243291212245822 0.0028536710888147354 0.017899999395012856
v -0.0031695468351244935 0.001810103072784841 0.017999999225139618
v -0.002368034562096 0.002777573186904192 0.017999999225139618
v -0.00243291212245822 0.0028536710888147354 0.017899999395012856
v -0.002368034562096 0.002777573186904192 0.017999999225139618
v -0.0013211945770308378 0.0035095505882054567 0.017899999395012856
v -0.0013211945770308378 0.0035095505882054567 0.017899999395012856
v -0.002368034562096 0.002777573186904192 0.017999999225139618
v -0.001285962760448456 0.0034159624483436346 0.017999999225139618
v -0.0013211945770308378 0.0035095505882054567 0.017899999395012856
v -0.001285962760448456 0.0034159624483436346 0.017999999225139618
v -5.294486254570076e-05 0.003749626222997904 0.017899999395012856
v -5.294486254570076e-05 0.003749626222997904 0.017899999395012856
v -0.001285962760448456 0.0034159624483436346 0.017999999225139618
v -5.1532999350456534e-05 0.003649636171758175 0.017999999225139618
v -5.294486254570076e-05 0.003749626222997904 0.017899999395012856
v -5.1532999350456534e-05 0.003649636171758175 0.017999999225139618
v 0.001221577753312886 0.0035454544704407454 0.017899999395012856
v 0.001221577753312886 0.0035454544704407454 0.017899999395012856
v -5.1532999350456534e-05 0.003649636171758175 0.017999999225139618
v 0.0011890023015439513 0.003450909163802862 0.017999999225139618
v 0.04077842086553574 -0.0035454544704407454 0.017899999395012856
v 0.04081099852919579 -0.003450909163802862 0.017999999225139618
v 0.03917232900857926 -0.003137306310236454 0.017899999395012856
v 0.03917232900857926 -0.003137306310236454 0.017899999395012856
v 0.04081099852919579 -0.003450909163802862 0.017999999225139618
v 0.03918884322047234 -0.003038679249584675 0.017999999225139618
v 0.03917232900857926 -0.003137306310236454 0.017899999395012856
v 0.03918884322047234 -0.003038679249584675 0.017999999225139618
v 0.037520881742239005 -0.003000000026077032 0.017899999395012856
v 0.037520881742239005 -0.003000000026077032 0.017899999395012856
v 0.03918884322047234 -0.003038679249584675 0.017999999225139618
v 0.037520881742239005 -0.002899999963119626 0.017999999225139618
v 0.001221577753312886 0.0035454544704407454 0.017899999395012856
v 0.0011890023015439513 0.003450909163802862 0.017999999225139618
v 0.002827672520652414 0.003137306310236454 0.017899999395012856
v 0.002827672520652414 0.003137306310236454 0.017899999395012856
v 0.0011890023015439513 0.003450909163802862 0.017999999225139618
v 0.0028111580759286885 0.003038679249584675 0.017999999225139618
v 0.002827672520652414 0.003137306310236454 0.017899999395012856
v 0.0028111580759286885 0.003038679249584675 0.017999999225139618
v 0.004479118157178164 0.003000000026077032 0.017899999395012856
v 0.004479118157178164 0.003000000026077032 0.017899999395012856
v 0.0028111580759286885 0.003038679249584675 0.017999999225139618
v 0.004479118157178164 0.002899999963119626 0.017999999225139618
v 0.04077842086553574 0.0035454544704407454 0.017899999395012856
v 0.04081099852919579 0.003450909163802862 0.017999999225139618
v 0.04205294325947762 0.003749626222997904 0.017899999395012856
v 0.04205294325947762 0.003749626222997904 0.017899999395012856
v 0.04081099852919579 0.003450909163802862 0.017999999225139618
v 0.042051531374454505 0.003649636171758175 0.017999999225139618
v 0.04205294325947762 0.003749626222997904 0.017899999395012856
v 0.042051531374454505 0.003649636171758175 0.017999999225139618
v 0.04332119598984719 0.0035095505882054567 0.017899999395012856
v 0.04332119598984719 0.0035095505882054567 0.017899999395012856
v 0.042051531374454505 0.003649636171758175 0.017999999225139618
v 0.04328596219420434 0.0034159624483436346 0.017999999225139618
v 0.04332119598984719 0.0035095505882054567 0.017899999395012856
v 0.04328596219420434 0.0034159624483436346 0.017999999225139618
v 0.04443291202187539 0.0028536710888147354 0.017899999395012856
v 0.04443291202187539 0.0028536710888147354 0.017899999395012856
v 0.04328596219420434 0.0034159624483436346 0.017999999225139618
v 0.044368036091327674 0.002777573186904192 0.017999999225139618
v 0.04443291202187539 0.0028536710888147354 0.017899999395012856
v 0.044368036091327674 0.002777573186904192 0.017999999225139618
v 0.045256383717060096 0.0018596949521452188 0.017899999395012856
v 0.045256383717060096 0.0018596949521452188 0.017899999395012856
v 0.044368036091327674 0.002777573186904192 0.017999999225139618
v 0.04516954720020295 0.001810103072784841 0.017999999225139618
v 0.045256383717060096 0.0018596949521452188 0.017899999395012856
v 0.04516954720020295 0.001810103072784841 0.017999999225139618
v 0.045694045722484596 0.0006453862879425287 0.017899999395012856
v 0.045694045722484596 0.0006453862879425287 0.017899999395012856
v 0.04516954720020295 0.001810103072784841 0.017999999225139618
v 0.04559553787112237 0.0006281759706325829 0.017999999225139618
v 0.045694045722484596 0.0006453862879425287 0.017899999395012856
v 0.04559553787112237 0.0006281759706325829 0.017999999225139618
v 0.045694045722484596 -0.0006453862879425287 0.017899999395012856
v 0.045694045722484596 -0.0006453862879425287 0.017899999395012856
v 0.04559553787112237 0.0006281759706325829 0.017999999225139618
v 0.04559553787112237 -0.0006281759706325829 0.017999999225139618
v 0.045694045722484596 -0.0006453862879425287 0.017899999395012856
v 0.04559553787112237 -0.0006281759706325829 0.017999999225139618
v 0.045256383717060096 -0.0018596949521452188 0.017899999395012856
v 0.045256383717060096 -0.0018596949521452188 0.017899999395012856
v 0.04559553787112237 -0.0006281759706325829 0.017999999225139618
v 0.04516954720020295 -0.001810103072784841 0.017999999225139618
v 0.045256383717060096 -0.0018596949521452188 0.017899999395012856
v 0.04516954720020295 -0.001810103072784841 0.017999999225139618
v 0.04443291202187539 -0.0028536710888147354 0.017899999395012856
v 0.04443291202187539 -0.0028536710888147354 0.017899999395012856
v 0.04516954720020295 -0.001810103072784841 0.017999999225139618
v 0.044368036091327674 -0.002777573186904192 0.017999999225139618
v 0.04443291202187539 -0.0028536710888147354 0.017899999395012856
v 0.044368036091327674 -0.002777573186904192 0.017999999225139618
v 0.04332119598984719 -0.0035095505882054567 0.017899999395012856
v 0.04332119598984719 -0.0035095505882054567 0.017899999395012856
v 0.044368036091327674 -0.002777573186904192 0.017999999225139618
v 0.04328596219420434 -0.0034159624483436346 0.017999999225139618
v 0.04332119598984719 -0.0035095505882054567 0.017899999395012856
v 0.04328596219420434 -0.0034159624483436346 0.017999999225139618
v 0.04205294325947762 -0.003749626222997904 0.017899999395012856
v 0.04205294325947762 -0.003749626222997904 0.017899999395012856
v 0.04328596219420434 -0.0034159624483436346 0.017999999225139618
v 0.042051531374454505 -0.003649636171758175 0.017999999225139618
v 0.04205294325947762 -0.003749626222997904 0.017899999395012856
v 0.042051531374454505 -0.003649636171758175 0.017999999225139618
v 0.04077842086553574 -0.0035454544704407454 0.017899999395012856
v 0.04077842086553574 -0.0035454544704407454 0.017899999395012856
v 0.042051531374454505 -0.003649636171758175 0.017999999225139618
v 0.04081099852919579 -0.003450909163802862 0.017999999225139618
v 0.037520881742239005 0.002899999963119626 0.017999999225139618
v 0.037520881742239005 0.003000000026077032 0.017899999395012856
v 0.004479118157178164 0.002899999963119626 0.017999999225139618
v 0.004479118157178164 0.003000000026077032 0.017899999395012856
v 0.037520881742239005 0.003000000026077032 0.017899999395012856
v 0.037520881742239005 0.002899999963119626 0.017999999225139618
v 0.03917232900857926 0.003137306310236454 0.017899999395012856
v 0.03917232900857926 0.003137306310236454 0.017899999395012856
v 0.037520881742239005 0.002899999963119626 0.017999999225139618
v 0.03918884322047234 0.003038679249584675 0.017999999225139618
v 0.03917232900857926 0.003137306310236454 0.017899999395012856
v 0.03918884322047234 0.003038679249584675 0.017999999225139618
v 0.04077842086553574 0.0035454544704407454 0.017899999395012856
v 0.04077842086553574 0.0035454544704407454 0.017899999395012856
v 0.03918884322047234 0.003038679249584675 0.017999999225139618
v 0.04081099852919579 0.003450909163802862 0.017999999225139618
v -0.0006928203511051835 -0.0013304135063663125 0.013100000098347664
v -0.0006928203511051835 -0.0036854443605989218 0.013100000098347664
v -0.0003999999898951502 -0.0037286055739969015 0.012807179242372513
v 0.0 -0.001500000013038516 0.01269999984651804
v 0.0 -0.0037499999161809683 0.01269999984651804
v 0.00020708492957055574 -0.003744277637451887 0.012727267108857632
v 0.0 -0.001500000013038516 0.01269999984651804
v 0.00020708492957055574 -0.003744277637451887 0.012727267108857632
v 0.00020837406918872153 -0.001485456246882677 0.012727613560855389
v 0.00020837406918872153 -0.001485456246882677 0.012727613560855389
v 0.00020708492957055574 -0.003744277637451887 0.012727267108857632
v 0.0003999999898951502 -0.0037286055739969015 0.012807179242372513
v 0.00020837406918872153 -0.001485456246882677 0.012727613560855389
v 0.0003999999898951502 -0.0037286055739969015 0.012807179242372513
v 0.0003999999898951502 -0.0014456831850111485 0.012807179242372513
v 0.0003999999898951502 -0.0014456831850111485 0.012807179242372513
v 0.0003999999898951502 -0.0037286055739969015 0.012807179242372513
v 0.0006928203511051835 -0.0036854443605989218 0.013100000098347664
v 0.0003999999898951502 -0.0014456831850111485 0.012807179242372513
v 0.0006928203511051835 -0.0036854443605989218 0.013100000098347664
v 0.0006928203511051835 -0.0013304135063663125 0.013100000098347664
v 0.0006928203511051835 -0.0013304135063663125 0.013100000098347664
v 0.0006928203511051835 -0.0036854443605989218 0.013100000098347664
v 0.0007500000065192582 -0.0012990380637347698 0.013221612200140953
v 0.0007500000065192582 -0.0012990380637347698 0.013221612200140953
v 0.0006928203511051835 -0.0036854443605989218 0.013100000098347664
v 0.0007726215990260246 -0.003669544355943799 0.013292500749230385
v 0.0007500000065192582 -0.0012990380637347698 0.013221612200140953
v 0.0007726215990260246 -0.003669544355943799 0.013292500749230385
v 0.0007999999797903003 -0.0012688577407971025 0.013500000350177288
v 0.0007999999797903003 -0.0012688577407971025 0.013500000350177288
v 0.0007726215990260246 -0.003669544355943799 0.013292500749230385
v 0.0007999999797903003 -0.0036636730656027794 0.013500000350177288
v 0.0007999999797903003 -0.0012688577407971025 0.013500000350177288
v 0.0007999999797903003 -0.0036636730656027794 0.013500000350177288
v 0.0007500000065192582 -0.0012990380637347698 0.013778388500213623
v 0.0007500000065192582 -0.0012990380637347698 0.013778388500213623
v 0.0007999999797903003 -0.0036636730656027794 0.013500000350177288
v 0.0007726728217676284 -0.003669533645734191 0.01370730809867382
v 0.0007500000065192582 -0.0012990380637347698 0.013778388500213623
v 0.0007726728217676284 -0.003669533645734191 0.01370730809867382
v 0.0006928203511051835 -0.0013304135063663125 0.013899999670684338
v 0.0007726728217676284 -0.003669533645734191 0.01370730809867382
v 0.0006928203511051835 -0.0036854443605989218 0.013899999670684338
v 0.0006928203511051835 -0.0013304135063663125 0.013899999670684338
v 0.0006928203511051835 -0.0013304135063663125 0.013899999670684338
v 0.0006928203511051835 -0.0036854443605989218 0.013899999670684338
v 0.0003999999898951502 -0.0037286055739969015 0.014192820526659489
v 0.0006928203511051835 -0.0013304135063663125 0.013899999670684338
v 0.0003999999898951502 -0.0037286055739969015 0.014192820526659489
v 0.0003999999898951502 -0.0014456831850111485 0.014192820526659489
v 0.0003999999898951502 -0.0014456831850111485 0.014192820526659489
v 0.0003999999898951502 -0.0037286055739969015 0.014192820526659489
v 0.0002088605688186363 -0.0014853879110887647 0.014272254891693592
v 0.0002088605688186363 -0.0014853879110887647 0.014272254891693592
v 0.0003999999898951502 -0.0037286055739969015 0.014192820526659489
v 0.00020738743478432303 -0.0037442611064761877 0.014272651635110378
v 0.0002088605688186363 -0.0014853879110887647 0.014272254891693592
v 0.00020738743478432303 -0.0037442611064761877 0.014272651635110378
v 8.085144548501562e-19 -0.001500000013038516 0.014299999922513962
v -0.0006928203511051835 -0.0036854443605989218 0.013899999670684338
v -0.0003999999898951502 -0.0014456831850111485 0.014192820526659489
v -0.0003999999898951502 -0.0037286055739969015 0.014192820526659489
v -0.0003999999898951502 -0.0037286055739969015 0.014192820526659489
v -0.0003999999898951502 -0.0014456831850111485 0.014192820526659489
v -0.00020851980661973363 -0.0014854357577860355 0.014272347092628479
v -0.0003999999898951502 -0.0037286055739969015 0.014192820526659489
v -0.00020851980661973363 -0.0014854357577860355 0.014272347092628479
v -5.294486254570076e-05 -0.003749626222997904 0.01429824624210596
v -5.294486254570076e-05 -0.003749626222997904 0.01429824624210596
v -0.00020851980661973363 -0.0014854357577860355 0.014272347092628479
v 8.085144548501562e-19 -0.001500000013038516 0.014299999922513962
v -5.294486254570076e-05 -0.003749626222997904 0.01429824624210596
v 8.085144548501562e-19 -0.001500000013038516 0.014299999922513962
v -6.775443353035372e-07 -0.003748549148440361 0.014293107204139233
v -6.775443353035372e-07 -0.003748549148440361 0.014293107204139233
v 8.085144548501562e-19 -0.001500000013038516 0.014299999922513962
v 0.00020738743478432303 -0.0037442611064761877 0.014272651635110378
v -0.0006928203511051835 -0.0036854443605989218 0.013100000098347664
v -0.0006928203511051835 -0.0013304135063663125 0.013100000098347664
v -0.000772733648773283 -0.00366952084004879 0.013292918913066387
v -0.000772733648773283 -0.00366952084004879 0.013292918913066387
v -0.0006928203511051835 -0.0013304135063663125 0.013100000098347664
v -0.0007500000065192582 -0.0012990380637347698 0.013221612200140953
v -0.000772733648773283 -0.00366952084004879 0.013292918913066387
v -0.0007500000065192582 -0.0012990380637347698 0.013221612200140953
v -0.0007999999797903003 -0.0036636730656027794 0.013500000350177288
v -0.0007999999797903003 -0.0036636730656027794 0.013500000350177288
v -0.0007500000065192582 -0.0012990380637347698 0.013221612200140953
v -0.0007999999797903003 -0.0012688577407971025 0.013500000350177288
v -0.0007999999797903003 -0.0036636730656027794 0.013500000350177288
v -0.0007999999797903003 -0.0012688577407971025 0.013500000350177288
v -0.0007727192714810374 -0.0036695238668471575 0.013707134872674942
v -0.0007727192714810374 -0.0036695238668471575 0.013707134872674942
v -0.0007999999797903003 -0.0012688577407971025 0.013500000350177288
v -0.0007500000065192582 -0.0012990380637347698 0.013778388500213623
v -0.0007727192714810374 -0.0036695238668471575 0.013707134872674942
v -0.0007500000065192582 -0.0012990380637347698 0.013778388500213623
v -0.0006928203511051835 -0.0036854443605989218 0.013899999670684338
v -0.0006928203511051835 -0.0036854443605989218 0.013899999670684338
v -0.0007500000065192582 -0.0012990380637347698 0.013778388500213623
v -0.0006928203511051835 -0.0013304135063663125 0.013899999670684338
v -0.0006928203511051835 -0.0036854443605989218 0.013899999670684338
v -0.0006928203511051835 -0.0013304135063663125 0.013899999670684338
v -0.0003999999898951502 -0.0014456831850111485 0.014192820526659489
v 0.0 -0.0037499999161809683 0.01269999984651804
v 0.0 -0.001500000013038516 0.01269999984651804
v -5.294486254570076e-05 -0.003749626222997904 0.01270175352692604
v -5.294486254570076e-05 -0.003749626222997904 0.01270175352692604
v 0.0 -0.001500000013038516 0.01269999984651804
v -0.00020956114167347556 -0.0014852891908958554 0.012727934867143631
v -5.294486254570076e-05 -0.003749626222997904 0.01270175352692604
v -0.00020956114167347556 -0.0014852891908958554 0.012727934867143631
v -0.0003999999898951502 -0.0037286055739969015 0.012807179242372513
v -0.0003999999898951502 -0.0037286055739969015 0.012807179242372513
v -0.00020956114167347556 -0.0014852891908958554 0.012727934867143631
v -0.0003999999898951502 -0.0014456831850111485 0.012807179242372513
v -0.0003999999898951502 -0.0037286055739969015 0.012807179242372513
v -0.0003999999898951502 -0.0014456831850111485 0.012807179242372513
v -0.0006928203511051835 -0.0013304135063663125 0.013100000098347664
v -0.0006928203511051835 0.0013304135063663125 0.013899999670684338
v -0.0006928203511051835 0.0036854443605989218 0.013899999670684338
v -0.0003999999898951502 0.0037286055739969015 0.014192820526659489
v 9.797174350222372e-20 0.001500000013038516 0.014299999922513962
v 4.532431217944098e-19 0.0037499999161809683 0.014299999922513962
v 0.00020745607616845524 0.0037442571483552456 0.014272633008658886
v 9.797174350222372e-20 0.001500000013038516 0.014299999922513962
v 0.00020745607616845524 0.0037442571483552456 0.014272633008658886
v 0.00020837406918872153 0.001485456246882677 0.014272386208176613
v 0.00020837406918872153 0.001485456246882677 0.014272386208176613
v 0.00020745607616845524 0.0037442571483552456 0.014272633008658886
v 0.0003999999898951502 0.0037286055739969015 0.014192820526659489
v 0.00020837406918872153 0.001485456246882677 0.014272386208176613
v 0.0003999999898951502 0.0037286055739969015 0.014192820526659489
v 0.0003999999898951502 0.0014456831850111485 0.014192820526659489
v 0.0003999999898951502 0.0014456831850111485 0.014192820526659489
v 0.0003999999898951502 0.0037286055739969015 0.014192820526659489
v 0.0006928203511051835 0.0036854443605989218 0.013899999670684338
v 0.0003999999898951502 0.0014456831850111485 0.014192820526659489
v 0.0006928203511051835 0.0036854443605989218 0.013899999670684338
v 0.0006928203511051835 0.0013304135063663125 0.013899999670684338
v 0.0006928203511051835 0.0013304135063663125 0.013899999670684338
v 0.0006928203511051835 0.0036854443605989218 0.013899999670684338
v 0.0007500000065192582 0.0012990380637347698 0.013778388500213623
v 0.0007500000065192582 0.0012990380637347698 0.013778388500213623
v 0.0006928203511051835 0.0036854443605989218 0.013899999670684338
v 0.0007727192714810374 0.0036695238668471575 0.013707134872674942
v 0.0007500000065192582 0.0012990380637347698 0.013778388500213623
v 0.0007727192714810374 0.0036695238668471575 0.013707134872674942
v 0.0007999999797903003 0.0012688577407971025 0.013500000350177288
v 0.0007999999797903003 0.0012688577407971025 0.013500000350177288
v 0.0007727192714810374 0.0036695238668471575 0.013707134872674942
v 0.0007999999797903003 0.0036636730656027794 0.013500000350177288
v 0.0007999999797903003 0.0012688577407971025 0.013500000350177288
v 0.0007999999797903003 0.0036636730656027794 0.013500000350177288
v 0.0007500000065192582 0.0012990380637347698 0.013221612200140953
v 0.0007500000065192582 0.0012990380637347698 0.013221612200140953
v 0.0007999999797903003 0.0036636730656027794 0.013500000350177288
v 0.000772733648773283 0.00366952084004879 0.013292918913066387
v 0.0007500000065192582 0.0012990380637347698 0.013221612200140953
v 0.000772733648773283 0.00366952084004879 0.013292918913066387
v 0.0006928203511051835 0.0013304135063663125 0.013100000098347664
v 0.000772733648773283 0.00366952084004879 0.013292918913066387
v 0.0006928203511051835 0.0036854443605989218 0.013100000098347664
v 0.0006928203511051835 0.0013304135063663125 0.013100000098347664
v 0.0006928203511051835 0.0013304135063663125 0.013100000098347664
v 0.0006928203511051835 0.0036854443605989218 0.013100000098347664
v 0.0003999999898951502 0.0037286055739969015 0.012807179242372513
v 0.0006928203511051835 0.0013304135063663125 0.013100000098347664
v 0.0003999999898951502 0.0037286055739969015 0.012807179242372513
v 0.0003999999898951502 0.0014456831850111485 0.012807179242372513
v 0.0003999999898951502 0.0014456831850111485 0.012807179242372513
v 0.0003999999898951502 0.0037286055739969015 0.012807179242372513
v 0.0002088605688186363 0.0014853879110887647 0.01272774487733841
v 0.0002088605688186363 0.0014853879110887647 0.01272774487733841
v 0.0003999999898951502 0.0037286055739969015 0.012807179242372513
v 0.0002078530087601394 0.003744235262274742 0.012727473862469196
v 0.0002088605688186363 0.0014853879110887647 0.01272774487733841
v 0.0002078530087601394 0.003744235262274742 0.012727473862469196
v 1.0714343166133219e-19 0.001500000013038516 0.01269999984651804
v -0.0006928203511051835 0.0036854443605989218 0.013100000098347664
v -0.0003999999898951502 0.0014456831850111485 0.012807179242372513
v -0.0003999999898951502 0.0037286055739969015 0.012807179242372513
v -0.0003999999898951502 0.0037286055739969015 0.012807179242372513
v -0.0003999999898951502 0.0014456831850111485 0.012807179242372513
v -0.00020851980661973363 0.0014854357577860355 0.012727653607726097
v -0.0003999999898951502 0.0037286055739969015 0.012807179242372513
v -0.00020851980661973363 0.0014854357577860355 0.012727653607726097
v -5.294486254570076e-05 0.003749626222997904 0.01270175352692604
v -5.294486254570076e-05 0.003749626222997904 0.01270175352692604
v -0.00020851980661973363 0.0014854357577860355 0.012727653607726097
v 1.0714343166133219e-19 0.001500000013038516 0.01269999984651804
v -5.294486254570076e-05 0.003749626222997904 0.01270175352692604
v 1.0714343166133219e-19 0.001500000013038516 0.01269999984651804
v 0.0 0.0037499999161809683 0.01269999984651804
v 0.0 0.0037499999161809683 0.01269999984651804
v 1.0714343166133219e-19 0.001500000013038516 0.01269999984651804
v 0.0002078530087601394 0.003744235262274742 0.012727473862469196
v -0.0006928203511051835 0.0036854443605989218 0.013899999670684338
v -0.0006928203511051835 0.0013304135063663125 0.013899999670684338
v -0.0007726728217676284 0.003669533645734191 0.01370730809867382
v -0.0007726728217676284 0.003669533645734191 0.01370730809867382
v -0.0006928203511051835 0.0013304135063663125 0.013899999670684338
v -0.0007500000065192582 0.0012990380637347698 0.013778388500213623
v -0.0007726728217676284 0.003669533645734191 0.01370730809867382
v -0.0007500000065192582 0.0012990380637347698 0.013778388500213623
v -0.0007999999797903003 0.0036636730656027794 0.013500000350177288
v -0.0007999999797903003 0.0036636730656027794 0.013500000350177288
v -0.0007500000065192582 0.0012990380637347698 0.013778388500213623
v -0.0007999999797903003 0.0012688577407971025 0.013500000350177288
v -0.0007999999797903003 0.0036636730656027794 0.013500000350177288
v -0.0007999999797903003 0.0012688577407971025 0.013500000350177288
v -0.0007726215990260246 0.003669544355943799 0.013292500749230385
v -0.0007726215990260246 0.003669544355943799 0.013292500749230385
v -0.0007999999797903003 0.0012688577407971025 0.013500000350177288
v -0.0007500000065192582 0.0012990380637347698 0.013221612200140953
v -0.0007726215990260246 0.003669544355943799 0.013292500749230385
v -0.0007500000065192582 0.0012990380637347698 0.013221612200140953
v -0.0006928203511051835 0.0036854443605989218 0.013100000098347664
v -0.0006928203511051835 0.0036854443605989218 0.013100000098347664
v -0.0007500000065192582 0.0012990380637347698 0.013221612200140953
v -0.0006928203511051835 0.0013304135063663125 0.013100000098347664
v -0.0006928203511051835 0.0036854443605989218 0.013100000098347664
v -0.0006928203511051835 0.0013304135063663125 0.013100000098347664
v -0.0003999999898951502 0.0014456831850111485 0.012807179242372513
v 4.532431217944098e-19 0.0037499999161809683 0.014299999922513962
v 9.797174350222372e-20 0.001500000013038516 0.014299999922513962
v -5.294486254570076e-05 0.003749626222997904 0.01429824624210596
v -5.294486254570076e-05 0.003749626222997904 0.01429824624210596
v 9.797174350222372e-20 0.001500000013038516 0.014299999922513962
v -0.00020956114167347556 0.0014852891908958554 0.01427206490188837
v -5.294486254570076e-05 0.003749626222997904 0.01429824624210596
v -0.00020956114167347556 0.0014852891908958554 0.01427206490188837
v -0.0003999999898951502 0.0037286055739969015 0.014192820526659489
v -0.0003999999898951502 0.0037286055739969015 0.014192820526659489
v -0.00020956114167347556 0.0014852891908958554 0.01427206490188837
v -0.0003999999898951502 0.0014456831850111485 0.014192820526659489
v -0.0003999999898951502 0.0037286055739969015 0.014192820526659489
v -0.0003999999898951502 0.0014456831850111485 0.014192820526659489
v -0.0006928203511051835 0.0013304135063663125 0.013899999670684338
f 1 2 3
f 4 5 6
f 7 8 9
f 10 11 12
f 13 14 15
f 16 17 18
f 19 20 21
f 22 23 24
f 25 26 27
f 28 29 30
f 31 32 33
f 34 35 36
f 37 38 39
f 40 41 42
f 43 44 45
f 46 47 48
f 49 50 51
f 52 53 54
f 55 56 57
f 58 59 60
f 61 62 63
f 64 65 66
f 67 68 69
f 70 71 72
f 73 74 75
f 76 77 78
f 79 80 81
f 82 83 84
f 85 86 87
f 88 89 90
f 91 92 93
f 94 95 96
f 97 98 99
f 100 101 102
f 103 104 105
f 106 107 108
f 109 110 111
f 112 113 114
f 115 116 117
f 118 119 120
f 121 122 123
f 124 125 126
f 127 128 129
f 130 131 132
f 133 134 135
f 134 136 135
f 135 136 137
f 135 137 138
f 138 137 139
f 139 140 138
f 138 140 141
f 138 141 142
f 143 144 145
f 145 144 146
f 145 146 135
f 135 146 147
f 135 147 133
f 148 143 149
f 150 151 142
f 142 151 152
f 142 152 153
f 154 155 145
f 145 155 156
f 145 156 143
f 143 156 157
f 143 157 149
f 141 158 142
f 142 158 159
f 142 159 150
f 150 159 160
f 150 160 161
f 148 149 161
f 161 149 162
f 161 162 150
f 163 164 165
f 165 164 166
f 167 168 169
f 168 170 169
f 169 170 171
f 169 171 172
f 172 171 173
f 172 173 174
f 175 176 177
f 177 176 178
f 167 169 179
f 179 169 176
f 179 176 180
f 180 176 175
f 180 175 181
f 164 182 183
f 174 184 172
f 172 184 185
f 172 185 164
f 164 185 186
f 164 186 182
f 166 164 187
f 187 164 183
f 187 183 188
f 188 183 189
f 188 189 190
f 190 189 191
f 190 191 181
f 181 191 192
f 181 192 180
f 193 194 195
f 196 197 198
f 199 200 201
f 202 203 204
f 205 206 207
f 208 209 210
f 211 212 213
f 214 215 216
f 217 218 219
f 220 221 222
f 223 224 225
f 226 227 228
f 229 230 231
f 232 233 234
f 235 236 237
f 238 239 240
f 241 242 243
f 244 245 246
f 247 248 249
f 250 251 252
f 253 254 255
f 256 257 258
f 259 260 261
f 262 263 264
f 265 266 267
f 268 269 270
f 271 272 273
f 274 275 276
f 277 278 279
f 280 281 282
f 283 284 285
f 286 287 288
f 289 290 291
f 292 293 294
f 295 296 297
f 298 299 300
f 301 302 303
f 304 305 306
f 307 308 309
f 310 311 312
f 313 314 315
f 316 317 318
f 319 320 321
f 322 323 324
f 325 326 327
f 328 329 330
f 331 332 333
f 334 335 336
f 337 338 339
f 340 341 342
f 343 344 345
f 346 347 348
f 349 350 351
f 352 353 354
f 355 356 357
f 358 359 360
f 361 362 363
f 364 365 366
f 367 368 369
f 370 371 372
f 373 374 375
f 376 377 378
f 379 380 381
f 382 383 384
f 385 386 387
f 388 389 390
f 391 392 393
f 394 395 396
f 397 398 399
f 400 401 402
f 403 404 405
f 406 407 408
f 409 410 411
f 412 413 414
f 415 416 417
f 418 419 420
f 421 422 423
f 424 425 426
f 427 428 429
f 430 431 432
f 433 434 435
f 436 437 438
f 439 440 441
f 442 443 444
f 445 446 447
f 448 449 450
f 451 452 453
f 454 455 456
f 457 458 459
f 460 461 462
f 463 464 465
f 466 467 468
f 469 470 471
f 472 473 474
f 475 476 477
f 478 479 480
f 481 482 483
f 484 485 486
f 487 488 489
f 490 491 492
f 493 494 495
f 496 497 498
f 499 500 501
f 499 501 502
f 500 499 503
f 503 499 504
f 503 504 505
f 505 504 506
f 505 506 507
f 507 506 508
f 508 506 509
f 508 509 510
f 510 509 511
f 510 511 512
f 512 511 513
f 512 513 514
f 515 516 517
f 517 516 518
f 501 519 502
f 502 519 520
f 502 520 521
f 521 520 522
f 521 522 523
f 523 522 524
f 523 524 525
f 525 524 526
f 525 526 518
f 518 526 527
f 518 527 517
f 528 529 530
f 530 529 531
f 530 531 532
f 532 531 533
f 532 533 534
f 534 533 535
f 534 535 536
f 537 516 538
f 538 516 515
f 538 515 539
f 539 515 540
f 539 540 541
f 541 540 542
f 541 542 543
f 543 542 544
f 543 544 545
f 545 544 546
f 545 546 547
f 547 546 548
f 547 548 528
f 528 548 549
f 528 549 529
f 513 516 514
f 514 516 537
f 514 537 550
f 550 537 551
f 550 551 552
f 552 551 553
f 552 553 554
f 554 553 555
f 554 555 556
f 556 555 536
f 556 536 557
f 557 536 535
f 558 559 560
f 561 562 563
f 563 562 564
f 565 566 567
f 567 568 565
f 565 568 569
f 565 569 570
f 570 569 571
f 570 571 572
f 572 571 573
f 572 573 574
f 574 573 575
f 574 575 564
f 564 575 576
f 564 576 563
f 577 578 579
f 579 578 580
f 579 580 566
f 566 580 581
f 566 581 567
f 558 560 582
f 582 560 583
f 582 583 584
f 584 583 585
f 584 585 577
f 577 585 586
f 577 586 578
f 587 562 588
f 588 562 561
f 588 561 589
f 589 561 590
f 589 590 591
f 591 590 592
f 591 592 593
f 593 592 594
f 593 594 595
f 595 594 596
f 595 596 597
f 597 596 598
f 597 598 599
f 598 600 599
f 599 600 601
f 599 601 602
f 602 601 603
f 602 603 604
f 604 603 605
f 604 605 606
f 606 605 607
f 606 607 608
f 608 607 609
f 608 609 610
f 610 609 611
f 610 611 612
f 612 611 613
f 612 613 614
f 614 613 615
f 614 615 616
f 616 615 617
f 616 617 587
f 587 617 559
f 587 559 562
f 562 559 558
f 618 619 620
f 621 622 623
f 624 625 626
f 626 627 628
f 629 630 631
f 632 633 634
f 635 636 637
f 638 639 640
f 641 642 643
f 644 645 646
f 647 648 649
f 650 651 652
f 653 654 655
f 656 657 658
f 659 660 661
f 662 663 664
f 665 666 667
f 668 669 670
f 671 672 673
f 674 675 676
f 677 678 679
f 680 681 682
f 683 684 685
f 686 687 688
f 689 690 691
f 692 693 694
f 695 696 697
f 698 699 700
f 701 702 703
f 704 705 706
f 707 708 709
f 710 711 712
f 713 714 715
f 716 717 718
f 719 720 721
f 722 723 724
f 725 726 727
f 728 729 730
f 731 732 733
f 734 735 736
f 737 738 739
f 740 741 742
f 743 744 745
f 746 747 748
f 749 750 751
f 752 753 754
f 755 756 757
f 758 759 760
f 761 762 763
f 764 765 766
f 745 767 768
f 769 770 771
f 772 773 774
f 775 776 777
f 778 779 780
f 781 782 783
f 784 785 786
f 787 788 789
f 790 791 792
f 793 794 795
f 796 686 797
f 798 799 800
f 801 802 803
f 804 805 806
f 807 808 809
f 810 811 812
f 813 814 815
f 816 704 817
f 818 819 820
f 820 819 821
f 822 823 824
f 824 823 825
f 824 825 826
f 826 825 827
f 826 827 828
f 828 827 829
f 828 829 830
f 829 831 830
f 830 831 832
f 830 832 833
f 833 832 834
f 833 834 835
f 835 834 836
f 835 836 837
f 837 836 838
f 839 840 841
f 841 840 842
f 841 842 843
f 843 842 844
f 843 844 845
f 845 844 846
f 845 846 822
f 822 846 847
f 822 847 823
f 836 848 838
f 838 848 849
f 838 849 850
f 850 849 851
f 850 851 852
f 852 851 853
f 852 853 839
f 839 853 854
f 839 854 840
f 855 856 857
f 857 856 858
f 857 858 859
f 859 858 860
f 859 860 861
f 862 863 864
f 864 863 865
f 864 865 866
f 866 865 867
f 866 867 855
f 855 867 868
f 855 868 856
f 860 869 861
f 861 869 870
f 861 870 871
f 871 870 872
f 871 872 873
f 873 872 874
f 873 874 875
f 875 874 876
f 875 876 877
f 877 876 878
f 876 879 878
f 878 879 880
f 878 880 881
f 881 880 882
f 881 882 883
f 883 882 884
f 883 884 885
f 885 884 886
f 885 886 862
f 862 886 887
f 862 887 863
f 888 889 890
f 891 892 893
f 894 895 896
f 897 898 899
f 900 901 902
f 903 904 905
f 906 907 908
f 905 909 910
f 911 912 913
f 914 915 916
f 917 918 919
f 920 921 922
f 923 924 925
f 926 927 928
f 929 930 931
f 932 933 934
f 935 936 937
f 938 939 940
f 941 942 943
f 944 943 945
f 946 947 948
f 949 950 951
f 952 953 954
f 955 956 957
f 958 959 960
f 961 962 963
f 964 965 966
f 967 968 969
f 970 971 972
f 973 974 975
f 976 972 977
f 978 979 980
f 981 982 983
f 984 985 986
f 987 988 989
f 990 991 992
f 993 994 995
f 996 997 998
f 999 1000 1001
f 1002 1003 1004
f 1005 1006 1007
f 1008 1009 1010
f 1011 1012 1013
f 1014 1015 1016
f 1017 1018 1019
f 1020 1021 1022
f 1023 1024 1025
f 1026 1027 1028
f 1029 1030 1031
f 1032 1033 1034
f 1035 1036 1037
f 1038 1039 1040
f 1041 1042 1043
f 1044 1045 1046
f 1047 1048 1049
f 1050 1051 1052
f 1053 1054 1055
f 1056 1057 1058
f 1059 1060 1061
f 1062 1063 1064
f 1065 1066 1067
f 1068 1069 1070
f 1071 1072 1073
f 1074 1075 1076
f 1077 1078 1079
f 1080 1010 1081
f 1082 1083 1084
f 1085 1086 1087
f 1088 1089 1090
f 1091 1092 1093
f 1094 1095 1096
f 1097 1098 1099
f 1100 1101 1102
f 1103 1104 1105
f 1106 1107 1108
f 1109 1110 1111
f 1112 1113 1114
f 1115 1116 1117
f 1118 1119 1120
f 1121 1122 1123
f 1124 1125 1126
f 1127 1128 1129
f 1130 1131 1132
f 1133 1134 1135
f 1136 1137 1138
f 1139 1140 1141
f 1142 1143 1144
f 1144 1143 1145
f 1146 1147 1148
f 1148 1147 1149
f 1150 1151 1152
f 1152 1151 1153
f 1154 1155 1156
f 1156 1155 1157
f 1158 1159 1160
f 1161 1162 1163
f 1164 1165 1166
f 1167 1168 1169
f 1170 1171 1172
f 1173 1174 1175
f 1176 1177 1178
f 1179 1180 1181
f 1182 1183 1184
f 1185 1186 1187
f 1188 1189 1190
f 1191 1192 1193
f 1194 1195 1196
f 1197 1198 1199
f 1200 1201 1202
f 1203 1204 1205
f 1206 1207 1208
f 1209 1210 1211
f 1212 1213 1214
f 1215 1216 1217
f 1218 1219 1220
f 1221 1222 1223
f 1224 1225 1226
f 1227 1228 1229
f 1230 1231 1232
f 1233 1234 1235
f 1236 1237 1238
f 1239 1240 1241
f 1242 1243 1244
f 1245 1246 1247
f 1248 1249 1250
f 1251 1252 1253
f 1254 1255 1256
f 1257 1258 1259
f 1260 1261 1262
f 1263 1264 1265
f 1266 1267 1268
f 1269 1270 1271
f 1272 1273 1274
f 1275 1276 1277
f 1278 1279 1280
f 1281 1282 1283
f 1284 1285 1286
f 1287 1288 1289
f 1290 1291 1292
f 1293 1294 1295
f 1296 1297 1298
f 1299 1300 1301
f 1302 1303 1304
f 1305 1306 1307
f 1308 1309 1310
f 1311 1312 1313
f 1314 1315 1316
f 1317 1318 1319
f 1320 1321 1322
f 1323 1324 1325
f 1326 1327 1328
f 1329 1330 1331
f 1332 1333 1334
f 1335 1336 1337
f 1338 1339 1340
f 1341 1342 1343
f 1344 1345 1346
f 1347 1348 1349
f 1350 1351 1352
f 1353 1354 1355
f 1356 1357 1358
f 1359 1360 1361
f 1362 1363 1364
f 1365 1366 1367
f 1368 1369 1370
f 1371 1372 1373
f 1374 1375 1376
f 1377 1378 1379
f 1380 1381 1382
f 1383 1384 1385
f 1386 1387 1388
f 1389 1390 1391
f 1392 1393 1394
f 1395 1396 1397
f 1398 1399 1400
f 1401 1402 1403
f 1404 1405 1406
f 1407 1408 1409
f 1410 1411 1412
f 1413 1414 1415
f 1416 1417 1418
f 1419 1420 1421
f 1422 1423 1424
f 1425 1426 1427
f 1428 1429 1430
f 1431 1432 1433
f 1434 1435 1436
f 1437 1438 1439
f 1440 1441 1442
f 1443 1444 1445
f 1446 1447 1448
f 1448 1447 1449
f 1450 1451 1452
f 1453 1454 1455
f 1456 1457 1458
f 1459 1460 1461
f 1462 1463 1464
f 1465 1466 1467
f 1468 1469 1470
f 1471 1472 1473
f 1474 1475 1476
f 1477 1478 1479
f 1480 1481 1482
f 1483 1484 1485
f 1486 1487 1488
f 1489 1490 1491
f 1492 1493 1494
f 1495 1496 1497
f 1498 1499 1500
f 1501 1502 1503
f 1504 1505 1506
f 1507 1508 1509
f 1510 1511 1512
f 1513 1514 1515
f 1516 1517 1518
f 1519 1520 1521
f 1522 1523 1524
f 1525 1526 1527
f 1528 1529 1530
f 1531 1532 1533
f 1534 1535 1536
f 1537 1538 1539
f 1540 1541 1542
f 1543 1544 1545
f 1546 1547 1548
f 1549 1550 1551
f 1552 1553 1554
f 1555 1556 1557
f 1558 1559 1560
f 1561 1562 1563
f 1564 1565 1566
f 1567 1568 1569
f 1570 1571 1572
f 1573 1574 1575
f 1576 1577 1578
f 1579 1580 1581
f 1582 1583 1584
f 1585 1586 1587
f 1588 1589 1590
f 1591 1592 1593
f 1594 1595 1596
f 1597 1598 1599
f 1600 1601 1602
f 1603 1604 1605
f 1606 1607 1608
f 1608 1607 1609
f 1610 1611 1612
f 1613 1614 1615
f 1616 1617 1618
f 1619 1620 1621
f 1622 1623 1624
f 1625 1626 1627
f 1628 1629 1630
f 1631 1632 1633
f 1634 1635 1636
f 1637 1638 1639
f 1640 1641 1642
f 1643 1644 1645
f 1646 1647 1648
f 1649 1650 1651
f 1652 1653 1654
f 1655 1656 1657
f 1658 1659 1660
f 1661 1662 1663
f 1664 1665 1666
f 1667 1668 1669
f 1670 1671 1672
f 1673 1674 1675
f 1676 1677 1678
f 1679 1680 1681
f 1682 1683 1684
f 1685 1686 1687
f 1688 1689 1690
f 1691 1692 1693
f 1694 1695 1696
f 1697 1698 1699
f 1700 1701 1702
f 1703 1704 1705
f 1706 1707 1708
f 1709 1710 1711
f 1712 1713 1714
f 1715 1716 1717
f 1718 1719 1720
f 1721 1722 1723
f 1724 1725 1726
f 1727 1728 1729
f 1730 1731 1732
f 1733 1734 1735
f 1736 1737 1738
f 1739 1740 1741
f 1742 1743 1744
f 1745 1746 1747
f 1748 1749 1750
f 1751 1752 1753
f 1754 1755 1756
f 1757 1758 1759
f 1760 1761 1762
f 1763 1764 1765
f 1766 1767 1768
f 1769 1770 1771
f 1772 1773 1774
f 1775 1776 1777
f 1778 1779 1780
f 1781 1782 1783
f 1784 1785 1786
f 1787 1788 1789
f 1790 1791 1792
f 1793 1794 1795
f 1796 1797 1798
f 1799 1800 1801
f 1802 1803 1804
f 1805 1806 1807
f 1808 1809 1810
f 1811 1812 1813
f 1814 1815 1816
f 1817 1818 1819
f 1820 1821 1822
f 1823 1824 1825
f 1826 1827 1828
f 1829 1830 1831
f 1832 1833 1834
f 1835 1836 1837
f 1837 1836 1838
f 1839 1840 1841
f 1842 1843 1844
f 1845 1846 1847
f 1848 1849 1850
f 1851 1852 1853
f 1854 1855 1856
f 1857 1858 1859
f 1860 1861 1862
f 1863 1864 1865
f 1866 1867 1868
f 1869 1870 1871
f 1872 1873 1874
f 1875 1876 1877
f 1878 1879 1880
f 1881 1882 1883
f 1884 1885 1886
f 1887 1888 1889
f 1890 1891 1892
f 1893 1894 1895
f 1896 1897 1898
f 1899 1900 1901
f 1902 1903 1904
f 1905 1906 1907
f 1908 1909 1910
f 1911 1912 1913
f 1914 1915 1916
f 1917 1918 1919
f 1920 1921 1922
f 1923 1924 1925
f 1926 1927 1928
f 1929 1930 1931
f 1932 1933 1934
f 1935 1936 1937
f 1938 1939 1940
f 1941 1942 1943
f 1944 1945 1946
f 1947 1948 1949
f 1950 1951 1952
f 1953 1954 1955
f 1956 1957 1958
f 1959 1960 1961
f 1962 1963 1964
f 1965 1966 1967
f 1968 1969 1970
f 1971 1972 1973
f 1974 1975 1976
f 1977 1978 1979
f 1980 1981 1982
f 1983 1984 1985
f 1986 1987 1988
f 1989 1990 1991
f 1992 1993 1994
f 1995 1996 1997
f 1997 1996 1998
f 1999 2000 2001
f 2002 2003 2004
f 2005 2006 2007
f 2008 2009 2010
f 2011 2012 2013
f 2014 2015 2016
f 2017 2018 2019
f 2020 2021 2022
f 2023 2024 2025
f 2026 2027 2028
f 2029 2030 2031
f 2032 2033 2034
f 2035 2036 2037
f 2038 2039 2040
f 2041 2042 2043
f 2044 2045 2046
f 2047 2048 2049
f 2050 2051 2052
f 2053 2054 2055
f 2056 2057 2058
f 2059 2060 2061
f 2062 2063 2064
f 2065 2066 2067
f 2068 2069 2070
f 2071 2072 2073
f 2074 2075 2076
f 2077 2078 2079
f 2080 2081 2082
f 2083 2084 2085
f 2086 2087 2088
f 2089 2090 2091
f 2092 2093 2094
f 2095 2096 2097
f 2098 2099 2100
f 2101 2102 2103
f 2104 2105 2106
f 2107 2108 2109
f 2110 2111 2112
f 2113 2114 2115
f 2116 2117 2118
f 2119 2120 2121
f 2122 2123 2124
f 2125 2126 2127
f 2128 2129 2130
f 2131 2132 2133
f 2134 2135 2136
f 2137 2138 2139
f 2140 2141 2142
f 2143 2144 2145
f 2146 2147 2148
f 2149 2150 2151
f 2152 2153 2154
f 2155 2156 2157
f 2158 2159 2160
f 2161 2162 2163
f 2164 2165 2166
f 2167 2168 2169
f 2170 2171 2172
f 2173 2174 2175
f 2176 2177 2178
f 2179 2180 2181
f 2182 2183 2184
f 2185 2186 2187
f 2188 2189 2190
f 2191 2192 2193
f 2194 2195 2196
f 2197 2198 2199
f 2200 2201 2202
f 2203 2204 2205
f 2206 2207 2208
f 2209 2210 2211
f 2212 2213 2214
f 2215 2216 2217
f 2218 2219 2220
f 2221 2222 2223
f 2224 2225 2226
f 2227 2228 2229
f 2230 2231 2232
f 2233 2234 2235
f 2236 2237 2238
f 2239 2240 2241
f 2242 2243 2244
f 2245 2246 2247
f 2248 2249 2250
