v -0.004999999888241292 0.017300000414252278 0.012000000104308128
v -0.004999999888241292 0.01150000002235174 0.012000000104308128
v -0.002499999944120646 0.01150000002235174 0.012000000104308128
v 0.01049999985843897 0.017300000414252278 0.012000000104308128
v 0.002499999944120646 0.010866025462746618 0.012000000104308128
v 0.002866025315597654 0.010499999858438967 0.012000000104308128
v 0.009968332946300508 0.01150000002235174 0.012000000104308128
v 0.01049999985843897 0.01150000002235174 0.012000000104308128
v 0.002000000094994903 0.008999999612569807 0.012000000104308128
v 0.0008660253952257337 0.0005000000237487255 0.012000000104308128
v 0.0010000000474974515 1.011337734841117e-17 0.012000000104308128
v -0.0005000000237487258 -0.0008660253952257333 0.012000000104308128
v -0.0008660253952257337 -0.0005000000237487255 0.012000000104308128
v -0.002777231857180596 -0.002130019478499889 0.012000000104308128
v -0.0033143861219286927 -0.0011246529174968598 0.012000000104308128
v -0.0010000000474974515 -1.0901975775652885e-17 0.012000000104308128
v -0.0035000001080334195 -3.3942757557349996e-17 0.012000000104308128
v 0.0005000000237487258 0.0008660253952257333 0.012000000104308128
v -0.0006170126725919546 0.005441262386739253 0.012000000104308128
v -9.483155057151921e-18 0.001000000047497451 0.012000000104308128
v -0.0009625739185139539 0.00441621895879507 0.012000000104308128
v -0.0005000000237487258 0.0008660253952257333 0.012000000104308128
v -0.0019455103902146225 -0.00290946546010673 0.012000000104308128
v -0.0009074382833205166 -0.00338031887076795 0.012000000104308128
v 1.0299509529847855e-17 -0.001000000047497451 0.012000000104308128
v 0.00022688134049531078 -0.0034926387015730134 0.012000000104308128
v 0.0005000000237487258 -0.0008660253952257333 0.012000000104308128
v 0.0013371367240324619 -0.003234511706978082 0.012000000104308128
v 0.0008660253952257337 -0.0005000000237487255 0.012000000104308128
v 0.002305568661540747 -0.002633315976709127 0.012000000104308128
v -0.002499999944120646 0.013000000268220898 0.012000000104308128
v -0.0017346331151202325 0.012847758829593655 0.012000000104308128
v -0.001085786381736398 0.012414213269948956 0.012000000104308128
v 0.003000000026077033 0.00999999977648258 0.012000000104308128
v 0.0062988516874611395 0.009896307252347468 0.012000000104308128
v 0.007357624359428884 0.010764293372631071 0.012000000104308128
v 0.00861213728785515 0.01131256017833948 0.012000000104308128
v 0.0030294605530798444 -0.0017528175376355644 0.012000000104308128
v 0.002499999944120646 0.009133975021541117 0.012000000104308128
v 0.0034320324193686256 -0.0006864064489491283 0.012000000104308128
v 0.002866025315597654 0.009499999694526194 0.012000000104308128
v 0.005065429955720902 0.0074805808253586275 0.012000000104308128
v 0.00551520148292184 0.008773679845035074 0.012000000104308128
v -0.0015205097151920204 0.0034894857089966527 0.012000000104308128
v -0.0022647059522569184 0.0027044387534260745 0.012000000104308128
v -0.0008660253952257337 0.0005000000237487255 0.012000000104308128
v 0.002000000094994903 0.010999999940395353 0.012000000104308128
v 0.0015000000130385165 0.010866025462746618 0.012000000104308128
v 0.0011339746415615084 0.010499999858438967 0.012000000104308128
v -0.0006522409385070206 0.0117653664201498 0.012000000104308128
v 0.0010000000474974515 0.00999999977648258 0.012000000104308128
v -0.0005000000237487258 0.010999999940395353 0.012000000104308128
v 0.0011339746415615084 0.009499999694526194 0.012000000104308128
v -0.0005000000237487258 0.006516639143228529 0.012000000104308128
v 0.0015000000130385165 0.009133975021541117 0.012000000104308128
v -0.002931352937594057 0.0019482712959870692 0.012000000104308128
v -0.003354827407747508 0.0010334616526961324 0.012000000104308128
v -0.0035000001080334195 3.58983852493111e-05 0.012000000104308128
v 0.002000000094994903 0.010999999940395353 -5.782411888165622e-20
v 0.0015000000130385165 0.010866025462746618 -4.336808754565503e-20
v -0.004999999888241292 0.017300000414252278 -3.086362272574668e-16
v 0.0011339746415615084 0.010499999858438967 -3.27855394542608e-20
v -0.001085786381736398 0.012414213269948956 3.139231850230288e-20
v -0.002499999944120646 0.01150000002235174 -3.0870848975577943e-16
v -0.004999999888241292 0.01150000002235174 -3.086362272574668e-16
v -0.002499999944120646 0.013000000268220898 7.22801405241346e-20
v -0.0017346331151202325 0.012847758829593655 5.015181190507375e-20
v -0.0005000000237487258 0.010999999940395353 1.4456029720414055e-20
v -9.83010024865565e-18 0.001000000047497451 0.0
v -0.0005000000237487258 0.006516639143228529 1.4456029720414055e-20
v -0.0006170126725919546 0.005441262386739253 1.7839106337289306e-20
v 0.0015000000130385165 0.009133975021541117 -4.336808754565503e-20
v 0.0005000000237487258 0.0008660253952257333 -1.4456029720414055e-20
v 0.0011339746415615084 0.009499999694526194 -3.27855394542608e-20
v 0.0010000000474974515 0.00999999977648258 -2.891205944082811e-20
v -0.0006522409385070206 0.0117653664201498 1.8857627396457774e-20
v -0.0008660253952257337 0.0005000000237487255 2.5038576196221152e-20
v -0.0022647059522569184 0.0027044387534260745 6.547731023127047e-20
v -0.0005000000237487258 0.0008660253952257333 1.4456029720414055e-20
v -0.0015205097151920204 0.0034894857089966527 4.396106618493045e-20
v -0.0009625739185139539 0.00441621895879507 2.782999410850938e-20
v -0.0035000001080334195 -3.3942757557349996e-17 1.0119220319613698e-19
v -0.0035000001080334195 3.58983852493111e-05 1.0119220319613698e-19
v -0.0010000000474974515 -1.0901975775652885e-17 2.891205944082811e-20
v -0.003354827407747508 0.0010334616526961324 9.699496598342074e-20
v -0.002931352937594057 0.0019482712959870692 8.475144568436857e-20
v -0.0033143861219286927 -0.0011246529174968598 9.582572680053143e-20
v -0.0008660253952257337 -0.0005000000237487255 2.5038576196221152e-20
v -0.002777231857180596 -0.002130019478499889 8.029548834803077e-20
v -0.0019455103902146225 -0.00290946546010673 5.624870816860923e-20
v -0.0005000000237487258 -0.0008660253952257333 1.4456029720414055e-20
v -0.0009074382833205166 -0.00338031887076795 2.6235908823781722e-20
v 1.0197494172082302e-17 -0.001000000047497451 -1.062211750733818e-35
v 0.00022688134049531078 -0.0034926387015730134 -6.559606477134082e-21
v 0.0013371367240324619 -0.003234511706978082 -3.865937483339399e-20
v 0.0005000000237487258 -0.0008660253952257333 -1.4456029720414055e-20
v 0.002305568661540747 -0.002633315976709127 -6.665873740349787e-20
v 0.0008660253952257337 -0.0005000000237487255 -2.5038576196221152e-20
v 0.0030294605530798444 -0.0017528175376355644 -8.75879384776924e-20
v 0.002000000094994903 0.008999999612569807 -5.782411888165622e-20
v 0.0010000000474974515 1.011337734841117e-17 -2.891205944082811e-20
v 0.0008660253952257337 0.0005000000237487255 -2.5038576196221152e-20
v 0.01049999985843897 0.01150000002235174 -3.035766031260624e-19
v 0.009968332946300508 0.01150000002235174 -2.8820502825480707e-19
v 0.01049999985843897 0.017300000414252278 -3.0995172236411193e-16
v 0.00861213728785515 0.01131256017833948 -2.489946251176563e-19
v 0.007357624359428884 0.010764293372631071 -2.1272406065161024e-19
v 0.002499999944120646 0.010866025462746618 -7.22801405241346e-20
v 0.002866025315597654 0.010499999858438967 -8.286268861552884e-20
v 0.003000000026077033 0.00999999977648258 -8.673617509131006e-20
v 0.0034320324193686256 -0.0006864064489491283 -9.922711932874363e-20
v 0.002499999944120646 0.009133975021541117 -7.22801405241346e-20
v 0.005065429955720902 0.0074805808253586275 -1.4645200433508677e-19
v 0.002866025315597654 0.009499999694526194 -8.286268861552884e-20
v 0.00551520148292184 0.008773679845035074 -1.5945582640169735e-19
v 0.0062988516874611395 0.009896307252347468 -1.8211276866861934e-19
v 0.009968332946300508 0.01150000002235174 0.012000000104308128
v 0.009968332946300508 0.01150000002235174 -2.8820502825480707e-19
v 0.01049999985843897 0.01150000002235174 0.012000000104308128
v 0.01049999985843897 0.01150000002235174 -3.035766031260624e-19
v -0.0035000001080334195 -3.3942757557349996e-17 0.012000000104308128
v -0.0035000001080334195 3.58983852493111e-05 0.012000000104308128
v -0.0035000001080334195 -3.353798830512575e-17 0.006800000090152025
v -0.0035000001080334195 3.58983852493111e-05 0.0067991940304636955
v -0.0035000001080334195 3.58983852493111e-05 1.0119220319613698e-19
v -0.0035000001080334195 -3.3942757557349996e-17 1.0119220319613698e-19
v -0.0035000001080334195 3.58983852493111e-05 0.0052008056081831455
v -0.0035000001080334195 -3.353798830512575e-17 0.005200000014156103
v 0.0012000000569969418 0.009399999864399431 0.006692820228636265
v 0.0011339746415615084 0.009499999694526194 0.006624499801546335
v 0.0011339746415615084 0.009499999694526194 0.012000000104308128
v 0.0022591885644942526 0.009034173563122748 0.005200730171054602
v 0.002499999944120646 0.009133975021541117 0.0052112978883087635
v 0.002499999944120646 0.009133975021541117 -7.22801405241346e-20
v 0.002000000094994903 0.010999999940395353 -5.782411888165622e-20
v 0.0017492690822109584 0.010968056507408617 0.0050057717598974705
v 0.0015000000130385165 0.010866025462746618 -4.336808754565503e-20
v 0.0015000000130385165 0.010866025462746618 -4.336808754565503e-20
v 0.0017492690822109584 0.010968056507408617 0.0050057717598974705
v 0.0015000000130385165 0.010866025462746618 0.0049749999307096004
v 0.0015000000130385165 0.010866025462746618 -4.336808754565503e-20
v 0.0015000000130385165 0.010866025462746618 0.0049749999307096004
v 0.0011339746415615084 0.010499999858438967 -3.27855394542608e-20
v 0.0023876761551946406 0.010921795852482317 0.005487500224262476
v 0.0022261373233050112 0.010974095202982424 0.005276571027934551
v 0.002499999944120646 0.010866025462746618 -7.22801405241346e-20
v 0.002499999944120646 0.010866025462746618 -7.22801405241346e-20
v 0.0022261373233050112 0.010974095202982424 0.005276571027934551
v 0.0020125000737607483 0.010999921709299086 0.00511232390999794
v 0.002499999944120646 0.010866025462746618 -7.22801405241346e-20
v 0.0020125000737607483 0.010999921709299086 0.00511232390999794
v 0.002000000094994903 0.010999999940395353 -5.782411888165622e-20
v 0.002000000094994903 0.010999999940395353 -5.782411888165622e-20
v 0.0020125000737607483 0.010999921709299086 0.00511232390999794
v 0.002000181004405022 0.010998430661857126 0.005107337608933449
v 0.002000000094994903 0.010999999940395353 -5.782411888165622e-20
v 0.002000181004405022 0.010998430661857126 0.005107337608933449
v 0.0017492690822109584 0.010968056507408617 0.0050057717598974705
v 0.0023876761551946406 0.010921795852482317 0.005487500224262476
v 0.002499999944120646 0.010866025462746618 -7.22801405241346e-20
v 0.002499999944120646 0.010866025462746618 0.0057749999687075615
v 0.002499999944120646 0.010866025462746618 0.0057749999687075615
v 0.002499999944120646 0.010866025462746618 -7.22801405241346e-20
v 0.002866025315597654 0.010499999858438967 -8.286268861552884e-20
v 0.002499999944120646 0.010866025462746618 0.0057749999687075615
v 0.002866025315597654 0.010499999858438967 -8.286268861552884e-20
v 0.0025249999016523366 0.01085110194981098 0.006000000052154064
v 0.002866025315597654 0.010499999858438967 0.012000000104308128
v 0.002499999944120646 0.010866025462746618 0.006225000135600567
v 0.002499999944120646 0.010866025462746618 0.006225000135600567
v 0.002866025315597654 0.010499999858438967 0.012000000104308128
v 0.002499999944120646 0.010866025462746618 0.012000000104308128
v 0.002499999944120646 0.010866025462746618 0.006225000135600567
v 0.002499999944120646 0.010866025462746618 0.012000000104308128
v 0.0023876761551946406 0.010921795852482317 0.006512499880045652
v 0.0023876761551946406 0.010921795852482317 0.006512499880045652
v 0.002499999944120646 0.010866025462746618 0.012000000104308128
v 0.0022262884303927426 0.010974060744047163 0.006723277270793915
v 0.002000000094994903 0.010999999940395353 0.012000000104308128
v 0.002000000094994903 0.010999999940395353 0.006894776597619057
v 0.002499999944120646 0.010866025462746618 0.012000000104308128
v 0.002499999944120646 0.010866025462746618 0.012000000104308128
v 0.002000000094994903 0.010999999940395353 0.006894776597619057
v 0.0020113582722842698 0.010998697951436041 0.006886168383061886
v 0.002499999944120646 0.010866025462746618 0.012000000104308128
v 0.0020113582722842698 0.010998697951436041 0.006886168383061886
v 0.0022262884303927426 0.010974060744047163 0.006723277270793915
v 0.0011339746415615084 0.010499999858438967 0.012000000104308128
v 0.0012921168236061933 0.010706329718232153 0.007003698032349348
v 0.0015000000130385165 0.010866025462746618 0.012000000104308128
v 0.0015000000130385165 0.010866025462746618 0.012000000104308128
v 0.0012921168236061933 0.010706329718232153 0.007003698032349348
v 0.0015000000130385165 0.010866025462746618 0.007025000173598528
v 0.0015000000130385165 0.010866025462746618 0.012000000104308128
v 0.0015000000130385165 0.010866025462746618 0.007025000173598528
v 0.002000000094994903 0.010999999940395353 0.012000000104308128
v 0.002000000094994903 0.010999999940395353 0.012000000104308128
v 0.0015000000130385165 0.010866025462746618 0.007025000173598528
v 0.0017497068038210277 0.01096817012876272 0.006994118448346853
v 0.002000000094994903 0.010999999940395353 0.012000000104308128
v 0.0017497068038210277 0.01096817012876272 0.006994118448346853
v 0.002000000094994903 0.010999999940395353 0.006894776597619057
v 0.0015000000130385165 0.010866025462746618 0.0049749999307096004
v 0.0012919101864099505 0.010706122033298014 0.004996344912797213
v 0.0011339746415615084 0.010499999858438967 -3.27855394542608e-20
v 0.0011339746415615084 0.010499999858438967 -3.27855394542608e-20
v 0.0012919101864099505 0.010706122033298014 0.004996344912797213
v 0.0011339746415615084 0.010499999858438967 0.005042581353336573
v 0.0011339746415615084 0.010499999858438967 -3.27855394542608e-20
v 0.0011339746415615084 0.010499999858438967 0.005042581353336573
v 0.0010000000474974515 0.00999999977648258 -2.891205944082811e-20
v 0.0010000000474974515 0.00999999977648258 -2.891205944082811e-20
v 0.0011339746415615084 0.010499999858438967 0.005042581353336573
v 0.0010344466427341106 0.010260204784572123 0.005581635516136885
v 0.0010169311426579954 0.010183236561715601 0.005879724398255348
v 0.0010169311426579954 0.010183236561715601 0.00612027570605278
v 0.0010000000474974515 0.00999999977648258 0.012000000104308128
v 0.0010000000474974515 0.00999999977648258 0.012000000104308128
v 0.0010169311426579954 0.010183236561715601 0.00612027570605278
v 0.0010344466427341106 0.010260204784572123 0.006418364588171244
v 0.0010000000474974515 0.00999999977648258 0.012000000104308128
v 0.0010344466427341106 0.010260204784572123 0.006418364588171244
v 0.0011339746415615084 0.010499999858438967 0.012000000104308128
v 0.0011339746415615084 0.010499999858438967 0.012000000104308128
v 0.0010344466427341106 0.010260204784572123 0.006418364588171244
v 0.0011339746415615084 0.010499999858438967 0.006957418750971556
v 0.0011339746415615084 0.010499999858438967 0.012000000104308128
v 0.0011339746415615084 0.010499999858438967 0.006957418750971556
v 0.0012921168236061933 0.010706329718232153 0.007003698032349348
v 0.0027476395480334763 0.009335895068943499 0.005806070752441883
v 0.0027660496998578314 0.009357218630611895 0.006000000052154064
v 0.002866025315597654 0.009499999694526194 -8.286268861552884e-20
v 0.002499999944120646 0.009133975021541117 -7.22801405241346e-20
v 0.002499999944120646 0.009133975021541117 0.0052112978883087635
v 0.002866025315597654 0.009499999694526194 -8.286268861552884e-20
v 0.002866025315597654 0.009499999694526194 -8.286268861552884e-20
v 0.002499999944120646 0.009133975021541117 0.0052112978883087635
v 0.002670517191290856 0.009258106350898741 0.005552947521209717
v 0.002866025315597654 0.009499999694526194 -8.286268861552884e-20
v 0.002670517191290856 0.009258106350898741 0.005552947521209717
v 0.0027476395480334763 0.009335895068943499 0.005806070752441883
v 0.002866025315597654 0.009499999694526194 0.012000000104308128
v 0.0027476395480334763 0.009335895068943499 0.006193929351866245
v 0.002670517191290856 0.009258106350898741 0.0064470525830984116
v 0.002866025315597654 0.009499999694526194 0.012000000104308128
v 0.002670517191290856 0.009258106350898741 0.0064470525830984116
v 0.002499999944120646 0.009133975021541117 0.012000000104308128
v 0.0022591885644942526 0.009034173563122748 0.005200730171054602
v 0.002499999944120646 0.009133975021541117 -7.22801405241346e-20
v 0.002000000094994903 0.008999999612569807 0.005200000014156103
v 0.002000000094994903 0.008999999612569807 0.005200000014156103
v 0.002499999944120646 0.009133975021541117 -7.22801405241346e-20
v 0.002000000094994903 0.008999999612569807 -5.782411888165622e-20
v 0.002000000094994903 0.008999999612569807 0.005200000014156103
v 0.002000000094994903 0.008999999612569807 -5.782411888165622e-20
v 0.001740908832289279 0.009034147486090658 0.005200729239732027
v 0.001740908832289279 0.009034147486090658 0.005200729239732027
v 0.002000000094994903 0.008999999612569807 -5.782411888165622e-20
v 0.0015000000130385165 0.009133975021541117 -4.336808754565503e-20
v 0.001740908832289279 0.009034147486090658 0.005200729239732027
v 0.0015000000130385165 0.009133975021541117 -4.336808754565503e-20
v 0.0015000000130385165 0.009133975021541117 0.0052112978883087635
v 0.0015000000130385165 0.009133975021541117 0.0052112978883087635
v 0.0015000000130385165 0.009133975021541117 -4.336808754565503e-20
v 0.0013340230798348787 0.009254027158021925 0.0052414024248719215
v 0.0013340230798348787 0.009254027158021925 0.0052414024248719215
v 0.0015000000130385165 0.009133975021541117 -4.336808754565503e-20
v 0.0011339746415615084 0.009499999694526194 -3.27855394542608e-20
v 0.0013340230798348787 0.009254027158021925 0.0052414024248719215
v 0.0011339746415615084 0.009499999694526194 -3.27855394542608e-20
v 0.001220046076923609 0.009394169785082339 0.005317804403603077
v 0.0011339746415615084 0.009499999694526194 0.012000000104308128
v 0.0011339746415615084 0.009499999694526194 0.006624499801546335
v 0.0010000000474974515 0.00999999977648258 0.012000000104308128
v 0.0010000000474974515 0.00999999977648258 0.012000000104308128
v 0.0011339746415615084 0.009499999694526194 0.006624499801546335
v 0.0010483484948053958 0.009692820720374582 0.006399999838322401
v 0.0010000000474974515 0.00999999977648258 0.012000000104308128
v 0.0010483484948053958 0.009692820720374582 0.006399999838322401
v 0.0010262045543640854 0.009772574529051779 0.006207674276083708
v 0.0010262045543640854 0.009772574529051779 0.006207674276083708
v 0.0010202041594311597 0.009800000116229056 0.006000000052154064
v 0.0010000000474974515 0.00999999977648258 0.012000000104308128
v 0.0010000000474974515 0.00999999977648258 0.012000000104308128
v 0.0010202041594311597 0.009800000116229056 0.006000000052154064
v 0.0010000000474974515 0.00999999977648258 -2.891205944082811e-20
v 0.0010000000474974515 0.00999999977648258 0.012000000104308128
v 0.0010000000474974515 0.00999999977648258 -2.891205944082811e-20
v 0.0010169311426579954 0.010183236561715601 0.005879724398255348
v 0.0010169311426579954 0.010183236561715601 0.005879724398255348
v 0.0010000000474974515 0.00999999977648258 -2.891205944082811e-20
v 0.0010344466427341106 0.010260204784572123 0.005581635516136885
v 0.0010202041594311597 0.009800000116229056 0.006000000052154064
v 0.0010261957067996266 0.009772611781954764 0.0057924659922719
v 0.0010000000474974515 0.00999999977648258 -2.891205944082811e-20
v 0.0010000000474974515 0.00999999977648258 -2.891205944082811e-20
v 0.0010261957067996266 0.009772611781954764 0.0057924659922719
v 0.0010483484948053958 0.009692820720374582 0.00559999980032444
v 0.0010000000474974515 0.00999999977648258 -2.891205944082811e-20
v 0.0010483484948053958 0.009692820720374582 0.00559999980032444
v 0.0011339746415615084 0.009499999694526194 -3.27855394542608e-20
v 0.0011339746415615084 0.009499999694526194 -3.27855394542608e-20
v 0.0010483484948053958 0.009692820720374582 0.00559999980032444
v 0.0011339746415615084 0.009499999694526194 0.005375500302761793
v 0.0011339746415615084 0.009499999694526194 -3.27855394542608e-20
v 0.0011339746415615084 0.009499999694526194 0.005375500302761793
v 0.001220046076923609 0.009394169785082339 0.005317804403603077
v 0.0015000000130385165 0.009133975021541117 0.012000000104308128
v 0.0015000000130385165 0.009133975021541117 0.0067887017503380775
v 0.0011339746415615084 0.009499999694526194 0.012000000104308128
v 0.0011339746415615084 0.009499999694526194 0.012000000104308128
v 0.0015000000130385165 0.009133975021541117 0.0067887017503380775
v 0.0013332900125533345 0.009254682809114454 0.0067583778873085976
v 0.0011339746415615084 0.009499999694526194 0.012000000104308128
v 0.0013332900125533345 0.009254682809114454 0.0067583778873085976
v 0.0012000000569969418 0.009399999864399431 0.006692820228636265
v 0.002670517191290856 0.009258106350898741 0.0064470525830984116
v 0.002499999944120646 0.009133975021541117 0.0067887017503380775
v 0.002499999944120646 0.009133975021541117 0.012000000104308128
v 0.002499999944120646 0.009133975021541117 0.012000000104308128
v 0.002499999944120646 0.009133975021541117 0.0067887017503380775
v 0.002258033491671086 0.009033864364027975 0.006799282971769571
v 0.002499999944120646 0.009133975021541117 0.012000000104308128
v 0.002258033491671086 0.009033864364027975 0.006799282971769571
v 0.002000000094994903 0.008999999612569807 0.012000000104308128
v 0.002000000094994903 0.008999999612569807 0.012000000104308128
v 0.002258033491671086 0.009033864364027975 0.006799282971769571
v 0.002000000094994903 0.008999999612569807 0.006800000090152025
v 0.002000000094994903 0.008999999612569807 0.012000000104308128
v 0.002000000094994903 0.008999999612569807 0.006800000090152025
v 0.0015000000130385165 0.009133975021541117 0.012000000104308128
v 0.0015000000130385165 0.009133975021541117 0.012000000104308128
v 0.002000000094994903 0.008999999612569807 0.006800000090152025
v 0.0017412803135812287 0.009034047834575175 0.006799275055527687
v 0.0015000000130385165 0.009133975021541117 0.012000000104308128
v 0.0017412803135812287 0.009034047834575175 0.006799275055527687
v 0.0015000000130385165 0.009133975021541117 0.0067887017503380775
v 0.0025249999016523366 0.01085110194981098 0.006000000052154064
v 0.002866025315597654 0.010499999858438967 -8.286268861552884e-20
v 0.002866025315597654 0.010499999858438967 0.012000000104308128
v 0.002866025315597654 0.010499999858438967 0.012000000104308128
v 0.002866025315597654 0.010499999858438967 -8.286268861552884e-20
v 0.003000000026077033 0.00999999977648258 -8.673617509131006e-20
v 0.002866025315597654 0.010499999858438967 0.012000000104308128
v 0.003000000026077033 0.00999999977648258 -8.673617509131006e-20
v 0.003000000026077033 0.00999999977648258 0.012000000104308128
v 0.003000000026077033 0.00999999977648258 0.012000000104308128
v 0.003000000026077033 0.00999999977648258 -8.673617509131006e-20
v 0.002866025315597654 0.009499999694526194 -8.286268861552884e-20
v 0.003000000026077033 0.00999999977648258 0.012000000104308128
v 0.002866025315597654 0.009499999694526194 -8.286268861552884e-20
v 0.002866025315597654 0.009499999694526194 0.012000000104308128
v 0.002866025315597654 0.009499999694526194 0.012000000104308128
v 0.002866025315597654 0.009499999694526194 -8.286268861552884e-20
v 0.0027660496998578314 0.009357218630611895 0.006000000052154064
v 0.002866025315597654 0.009499999694526194 0.012000000104308128
v 0.0027476395480334763 0.009335895068943499 0.006193929351866245
v -0.0009165151277557018 -0.00039999998989514996 0.0053071798756718636
v -0.0008660253952257337 -0.0005000000237487255 0.005375500302761793
v -0.0008660253952257337 -0.0005000000237487255 2.5038576196221152e-20
v -0.0009165151277557018 0.00039999998989514996 0.006692820228636265
v -0.0008660253952257337 0.0005000000237487255 0.006624499801546335
v -0.0008660253952257337 0.0005000000237487255 0.012000000104308128
v -0.0008660253952257337 0.0005000000237487255 0.012000000104308128
v -0.0008660253952257337 0.0005000000237487255 0.006624499801546335
v -0.0005000000237487258 0.0008660253952257333 0.012000000104308128
v -0.0008660253952257337 0.0005000000237487255 0.006624499801546335
v -0.0007211102638393642 0.0006928203511051833 0.006399999838322401
v -0.0005000000237487258 0.0008660253952257333 0.012000000104308128
v -0.0005000000237487258 0.0008660253952257333 0.012000000104308128
v -0.0007211102638393642 0.0006928203511051833 0.006399999838322401
v -0.0006367975147441031 0.0007710310746915636 0.006213333457708359
v -0.0005000000237487258 0.0008660253952257333 0.012000000104308128
v -0.0006367975147441031 0.0007710310746915636 0.006213333457708359
v -0.0006000000284984709 0.0007999999797902999 0.006000000052154064
v -0.0008660253952257337 0.0005000000237487255 0.005375500302761793
v -0.0008660253952257337 0.0005000000237487255 2.5038576196221152e-20
v -0.0007211102638393642 0.0006928203511051833 0.00559999980032444
v -0.0007211102638393642 0.0006928203511051833 0.00559999980032444
v -0.0008660253952257337 0.0005000000237487255 2.5038576196221152e-20
v -0.0005000000237487258 0.0008660253952257333 1.4456029720414055e-20
v -0.0007211102638393642 0.0006928203511051833 0.00559999980032444
v -0.0005000000237487258 0.0008660253952257333 1.4456029720414055e-20
v -0.0006369503680616618 0.0007709048222750423 0.005786210764199495
v -0.0006369503680616618 0.0007709048222750423 0.005786210764199495
v -0.0005000000237487258 0.0008660253952257333 1.4456029720414055e-20
v -0.0006000000284984709 0.0007999999797902999 0.006000000052154064
v -0.0008660253952257337 -0.0005000000237487255 0.006624499801546335
v -0.0009072935208678248 -0.000392928544897586 0.006678988691419363
v -0.0008660253952257337 -0.0005000000237487255 0.012000000104308128
v -0.0008660253952257337 -0.0005000000237487255 0.012000000104308128
v -0.0009072935208678248 -0.000392928544897586 0.006678988691419363
v -0.0009775782236829402 -0.00021057264530099923 0.006771789398044348
v -0.0008660253952257337 -0.0005000000237487255 0.012000000104308128
v -0.0009775782236829402 -0.00021057264530099923 0.006771789398044348
v -0.0010000000474974515 -1.0901975775652885e-17 0.012000000104308128
v -0.0010000000474974515 -1.0901975775652885e-17 0.012000000104308128
v -0.0009775782236829402 -0.00021057264530099923 0.006771789398044348
v -0.0010000000474974515 -1.1790154340936798e-17 0.006800000090152025
v -0.0010000000474974515 -1.0901975775652885e-17 0.012000000104308128
v -0.0010000000474974515 -1.1790154340936798e-17 0.006800000090152025
v -0.0008660253952257337 0.0005000000237487255 0.012000000104308128
v -0.0008660253952257337 0.0005000000237487255 0.012000000104308128
v -0.0010000000474974515 -1.1790154340936798e-17 0.006800000090152025
v -0.0009775591315701606 0.00021066126646473998 0.006771765183657408
v -0.0008660253952257337 0.0005000000237487255 0.012000000104308128
v -0.0009775591315701606 0.00021066126646473998 0.006771765183657408
v -0.0009165151277557018 0.00039999998989514996 0.006692820228636265
v -0.0008660253952257337 -0.0005000000237487255 2.5038576196221152e-20
v -0.0008660253952257337 -0.0005000000237487255 0.005375500302761793
v -0.0005000000237487258 -0.0008660253952257333 1.4456029720414055e-20
v -0.0008660253952257337 -0.0005000000237487255 0.005375500302761793
v -0.0007211102638393642 -0.0006928203511051833 0.00559999980032444
v -0.0005000000237487258 -0.0008660253952257333 1.4456029720414055e-20
v -0.0005000000237487258 -0.0008660253952257333 1.4456029720414055e-20
v -0.0007211102638393642 -0.0006928203511051833 0.00559999980032444
v -0.0006368281901814045 -0.0007710057543590663 0.005786575376987457
v -0.0005000000237487258 -0.0008660253952257333 1.4456029720414055e-20
v -0.0006368281901814045 -0.0007710057543590663 0.005786575376987457
v -0.0006000000284984709 -0.0007999999797902999 0.006000000052154064
v -0.0008660253952257337 -0.0005000000237487255 0.006624499801546335
v -0.0008660253952257337 -0.0005000000237487255 0.012000000104308128
v -0.0007211102638393642 -0.0006928203511051833 0.006399999838322401
v -0.0007211102638393642 -0.0006928203511051833 0.006399999838322401
v -0.0008660253952257337 -0.0005000000237487255 0.012000000104308128
v -0.0005000000237487258 -0.0008660253952257333 0.012000000104308128
v -0.0007211102638393642 -0.0006928203511051833 0.006399999838322401
v -0.0005000000237487258 -0.0008660253952257333 0.012000000104308128
v -0.0006371740601025523 -0.0007707198965363202 0.006214454770088196
v -0.0008660253952257337 0.0005000000237487255 0.005375500302761793
v -0.0009072883985936644 0.0003929259255528449 0.005321018863469362
v -0.0008660253952257337 0.0005000000237487255 2.5038576196221152e-20
v -0.0008660253952257337 0.0005000000237487255 2.5038576196221152e-20
v -0.0009072883985936644 0.0003929259255528449 0.005321018863469362
v -0.000977599178440869 0.00021047513291705394 0.005228183697909117
v -0.0008660253952257337 0.0005000000237487255 2.5038576196221152e-20
v -0.000977599178440869 0.00021047513291705394 0.005228183697909117
v -0.0010000000474974515 -1.0901975775652885e-17 2.891205944082811e-20
v -0.0010000000474974515 -1.0901975775652885e-17 2.891205944082811e-20
v -0.000977599178440869 0.00021047513291705394 0.005228183697909117
v -0.0010000000474974515 -9.36750693571088e-18 0.005200000014156103
v -0.0010000000474974515 -1.0901975775652885e-17 2.891205944082811e-20
v -0.0010000000474974515 -9.36750693571088e-18 0.005200000014156103
v -0.0008660253952257337 -0.0005000000237487255 2.5038576196221152e-20
v -0.0008660253952257337 -0.0005000000237487255 2.5038576196221152e-20
v -0.0010000000474974515 -9.36750693571088e-18 0.005200000014156103
v -0.0009774463251233103 -0.00021118402946740383 0.005228377413004637
v -0.0008660253952257337 -0.0005000000237487255 2.5038576196221152e-20
v -0.0009774463251233103 -0.00021118402946740383 0.005228377413004637
v -0.0009165151277557018 -0.00039999998989514996 0.0053071798756718636
v -0.0006000000284984709 0.0007999999797902999 0.006000000052154064
v -0.0005000000237487258 0.0008660253952257333 1.4456029720414055e-20
v -0.0005000000237487258 0.0008660253952257333 0.012000000104308128
v -0.0005000000237487258 0.0008660253952257333 0.012000000104308128
v -0.0005000000237487258 0.0008660253952257333 1.4456029720414055e-20
v -1.0075029255213214e-17 0.001000000047497451 7.081412149868663e-36
v -0.0005000000237487258 0.0008660253952257333 0.012000000104308128
v -1.0075029255213214e-17 0.001000000047497451 7.081412149868663e-36
v -9.728084890890098e-18 0.001000000047497451 0.012000000104308128
v -9.728084890890098e-18 0.001000000047497451 0.012000000104308128
v -1.0075029255213214e-17 0.001000000047497451 7.081412149868663e-36
v 0.0005000000237487258 0.0008660253952257333 -1.4456029720414055e-20
v -9.728084890890098e-18 0.001000000047497451 0.012000000104308128
v 0.0005000000237487258 0.0008660253952257333 -1.4456029720414055e-20
v 0.0005000000237487258 0.0008660253952257333 0.012000000104308128
v 0.0005000000237487258 0.0008660253952257333 0.012000000104308128
v 0.0005000000237487258 0.0008660253952257333 -1.4456029720414055e-20
v 0.0008660253952257337 0.0005000000237487255 -2.5038576196221152e-20
v 0.0005000000237487258 0.0008660253952257333 0.012000000104308128
v 0.0008660253952257337 0.0005000000237487255 -2.5038576196221152e-20
v 0.0008660253952257337 0.0005000000237487255 0.012000000104308128
v 0.0008660253952257337 0.0005000000237487255 0.012000000104308128
v 0.0008660253952257337 0.0005000000237487255 -2.5038576196221152e-20
v 0.0010000000474974515 1.011337734841117e-17 -2.891205944082811e-20
v 0.0008660253952257337 0.0005000000237487255 0.012000000104308128
v 0.0010000000474974515 1.011337734841117e-17 -2.891205944082811e-20
v 0.0010000000474974515 1.011337734841117e-17 0.012000000104308128
v 0.0010000000474974515 1.011337734841117e-17 0.012000000104308128
v 0.0010000000474974515 1.011337734841117e-17 -2.891205944082811e-20
v 0.0008660253952257337 -0.0005000000237487255 -2.5038576196221152e-20
v 0.0010000000474974515 1.011337734841117e-17 0.012000000104308128
v 0.0008660253952257337 -0.0005000000237487255 -2.5038576196221152e-20
v 0.0008660253952257337 -0.0005000000237487255 0.012000000104308128
v 0.0008660253952257337 -0.0005000000237487255 0.012000000104308128
v 0.0008660253952257337 -0.0005000000237487255 -2.5038576196221152e-20
v 0.0005000000237487258 -0.0008660253952257333 -1.4456029720414055e-20
v 0.0008660253952257337 -0.0005000000237487255 0.012000000104308128
v 0.0005000000237487258 -0.0008660253952257333 -1.4456029720414055e-20
v 0.0005000000237487258 -0.0008660253952257333 0.012000000104308128
v 0.0005000000237487258 -0.0008660253952257333 0.012000000104308128
v 0.0005000000237487258 -0.0008660253952257333 -1.4456029720414055e-20
v 1.0197494172082302e-17 -0.001000000047497451 -1.062211750733818e-35
v 0.0005000000237487258 -0.0008660253952257333 0.012000000104308128
v 1.0197494172082302e-17 -0.001000000047497451 -1.062211750733818e-35
v 1.0299509529847855e-17 -0.001000000047497451 0.012000000104308128
v 1.0299509529847855e-17 -0.001000000047497451 0.012000000104308128
v 1.0197494172082302e-17 -0.001000000047497451 -1.062211750733818e-35
v -0.0005000000237487258 -0.0008660253952257333 1.4456029720414055e-20
v 1.0299509529847855e-17 -0.001000000047497451 0.012000000104308128
v -0.0005000000237487258 -0.0008660253952257333 1.4456029720414055e-20
v -0.0005000000237487258 -0.0008660253952257333 0.012000000104308128
v -0.0005000000237487258 -0.0008660253952257333 0.012000000104308128
v -0.0005000000237487258 -0.0008660253952257333 1.4456029720414055e-20
v -0.0006000000284984709 -0.0007999999797902999 0.006000000052154064
v -0.0005000000237487258 -0.0008660253952257333 0.012000000104308128
v -0.0006000000284984709 -0.0007999999797902999 0.006000000052154064
v -0.0006371740601025523 -0.0007707198965363202 0.006214454770088196
v 0.0010019147302955391 0.010499999858438967 0.006866693962365389
v 0.0011339746415615084 0.010499999858438967 0.006957418750971556
v 0.0010344466427341106 0.010260204784572123 0.006418364588171244
v 0.0010344466427341106 0.010260204784572123 0.005581635516136885
v 0.0011339746415615084 0.010499999858438967 0.005042581353336573
v 0.0010019147302955391 0.010499999858438967 0.0051333061419427395
v 0.0010019147302955391 0.010499999858438967 0.0051333061419427395
v 0.0007376079447567465 0.010499999858438967 0.00531488424167037
v 0.0010344466427341106 0.010260204784572123 0.005581635516136885
v 0.0010344466427341106 0.010260204784572123 0.005581635516136885
v 0.0007376079447567465 0.010499999858438967 0.00531488424167037
v 0.0006385728484019638 0.010499999858438967 0.005501434672623873
v 0.0010344466427341106 0.010260204784572123 0.005581635516136885
v 0.0006385728484019638 0.010499999858438967 0.005501434672623873
v 0.0010169311426579954 0.010183236561715601 0.005879724398255348
v 0.0006385728484019638 0.010499999858438967 0.005501434672623873
v 0.0005053663044236601 0.010499999858438967 0.005752353463321924
v 0.0010169311426579954 0.010183236561715601 0.005879724398255348
v 0.0010169311426579954 0.010183236561715601 0.005879724398255348
v 0.0005053663044236601 0.010499999858438967 0.005752353463321924
v 0.0005053663044236601 0.010499999858438967 0.006000000052154064
v 0.0010169311426579954 0.010183236561715601 0.005879724398255348
v 0.0005053663044236601 0.010499999858438967 0.006000000052154064
v 0.0010169311426579954 0.010183236561715601 0.00612027570605278
v 0.0005053663044236601 0.010499999858438967 0.006000000052154064
v 0.0005053663044236601 0.010499999858438967 0.006247646640986204
v 0.0010169311426579954 0.010183236561715601 0.00612027570605278
v 0.0010169311426579954 0.010183236561715601 0.00612027570605278
v 0.0005053663044236601 0.010499999858438967 0.006247646640986204
v 0.0006385728484019638 0.010499999858438967 0.006498564966022968
v 0.0010169311426579954 0.010183236561715601 0.00612027570605278
v 0.0006385728484019638 0.010499999858438967 0.006498564966022968
v 0.0010344466427341106 0.010260204784572123 0.006418364588171244
v 0.0010344466427341106 0.010260204784572123 0.006418364588171244
v 0.0006385728484019638 0.010499999858438967 0.006498564966022968
v 0.0007376079447567465 0.010499999858438967 0.006685115396976471
v 0.0010344466427341106 0.010260204784572123 0.006418364588171244
v 0.0007376079447567465 0.010499999858438967 0.006685115396976471
v 0.0010019147302955391 0.010499999858438967 0.006866693962365389
v 0.0012921168236061933 0.010706329718232153 0.007003698032349348
v 0.0009874999523162844 0.014499999582767483 0.006887676194310188
v 0.0015000000130385165 0.010866025462746618 0.007025000173598528
v 0.0015000000130385165 0.010866025462746618 0.007025000173598528
v 0.0009874999523162844 0.014499999582767483 0.006887676194310188
v 0.0015000000130385165 0.014499999582767483 0.007025000173598528
v 0.0015000000130385165 0.010866025462746618 0.007025000173598528
v 0.0015000000130385165 0.014499999582767483 0.007025000173598528
v 0.0017497068038210277 0.01096817012876272 0.006994118448346853
v 0.0023876761551946406 0.014499999582767483 0.006512499880045652
v 0.0022262884303927426 0.010974060744047163 0.006723277270793915
v 0.0020125000737607483 0.014499999582767483 0.006887676194310188
v 0.0020125000737607483 0.014499999582767483 0.006887676194310188
v 0.0022262884303927426 0.010974060744047163 0.006723277270793915
v 0.0020113582722842698 0.010998697951436041 0.006886168383061886
v 0.0020125000737607483 0.014499999582767483 0.006887676194310188
v 0.0020113582722842698 0.010998697951436041 0.006886168383061886
v 0.0015000000130385165 0.014499999582767483 0.007025000173598528
v 0.0015000000130385165 0.014499999582767483 0.007025000173598528
v 0.0020113582722842698 0.010998697951436041 0.006886168383061886
v 0.002000000094994903 0.010999999940395353 0.006894776597619057
v 0.0015000000130385165 0.014499999582767483 0.007025000173598528
v 0.002000000094994903 0.010999999940395353 0.006894776597619057
v 0.0017497068038210277 0.01096817012876272 0.006994118448346853
v 0.0025249999016523366 0.014499999582767483 0.006000000052154064
v 0.002499999944120646 0.010866025462746618 0.006225000135600567
v 0.0023876761551946406 0.014499999582767483 0.006512499880045652
v 0.0023876761551946406 0.014499999582767483 0.006512499880045652
v 0.002499999944120646 0.010866025462746618 0.006225000135600567
v 0.0023876761551946406 0.010921795852482317 0.006512499880045652
v 0.0023876761551946406 0.014499999582767483 0.006512499880045652
v 0.0023876761551946406 0.010921795852482317 0.006512499880045652
v 0.0022262884303927426 0.010974060744047163 0.006723277270793915
v 0.0022261373233050112 0.010974095202982424 0.005276571027934551
v 0.0023876761551946406 0.010921795852482317 0.005487500224262476
v 0.0023876761551946406 0.014499999582767483 0.005487500224262476
v 0.0023876761551946406 0.014499999582767483 0.005487500224262476
v 0.0023876761551946406 0.010921795852482317 0.005487500224262476
v 0.002499999944120646 0.010866025462746618 0.0057749999687075615
v 0.0023876761551946406 0.014499999582767483 0.005487500224262476
v 0.002499999944120646 0.010866025462746618 0.0057749999687075615
v 0.0025249999016523366 0.014499999582767483 0.006000000052154064
v 0.0025249999016523366 0.014499999582767483 0.006000000052154064
v 0.002499999944120646 0.010866025462746618 0.0057749999687075615
v 0.0025249999016523366 0.01085110194981098 0.006000000052154064
v 0.0025249999016523366 0.014499999582767483 0.006000000052154064
v 0.0025249999016523366 0.01085110194981098 0.006000000052154064
v 0.002499999944120646 0.010866025462746618 0.006225000135600567
v 0.0022261373233050112 0.010974095202982424 0.005276571027934551
v 0.0023876761551946406 0.014499999582767483 0.005487500224262476
v 0.0020125000737607483 0.010999921709299086 0.00511232390999794
v 0.0020125000737607483 0.010999921709299086 0.00511232390999794
v 0.0023876761551946406 0.014499999582767483 0.005487500224262476
v 0.0020125000737607483 0.014499999582767483 0.00511232390999794
v 0.0020125000737607483 0.010999921709299086 0.00511232390999794
v 0.0020125000737607483 0.014499999582767483 0.00511232390999794
v 0.002000181004405022 0.010998430661857126 0.005107337608933449
v 0.002000181004405022 0.010998430661857126 0.005107337608933449
v 0.0020125000737607483 0.014499999582767483 0.00511232390999794
v 0.0015000000130385165 0.014499999582767483 0.0049749999307096004
v 0.002000181004405022 0.010998430661857126 0.005107337608933449
v 0.0015000000130385165 0.014499999582767483 0.0049749999307096004
v 0.0017492690822109584 0.010968056507408617 0.0050057717598974705
v 0.0010019147302955391 0.010499999858438967 0.0051333061419427395
v 0.0011339746415615084 0.010499999858438967 0.005042581353336573
v 0.0009874999523162844 0.014499999582767483 0.00511232390999794
v 0.0009874999523162844 0.014499999582767483 0.00511232390999794
v 0.0011339746415615084 0.010499999858438967 0.005042581353336573
v 0.0012919101864099505 0.010706122033298014 0.004996344912797213
v 0.0009874999523162844 0.014499999582767483 0.00511232390999794
v 0.0012919101864099505 0.010706122033298014 0.004996344912797213
v 0.0015000000130385165 0.014499999582767483 0.0049749999307096004
v 0.0015000000130385165 0.014499999582767483 0.0049749999307096004
v 0.0012919101864099505 0.010706122033298014 0.004996344912797213
v 0.0015000000130385165 0.010866025462746618 0.0049749999307096004
v 0.0015000000130385165 0.014499999582767483 0.0049749999307096004
v 0.0015000000130385165 0.010866025462746618 0.0049749999307096004
v 0.0017492690822109584 0.010968056507408617 0.0050057717598974705
v 0.0010019147302955391 0.010499999858438967 0.0051333061419427395
v 0.0009874999523162844 0.014499999582767483 0.00511232390999794
v 0.0007376079447567465 0.010499999858438967 0.00531488424167037
v 0.0007376079447567465 0.010499999858438967 0.00531488424167037
v 0.0009874999523162844 0.014499999582767483 0.00511232390999794
v 0.0006123239872977139 0.014499999582767483 0.005487500224262476
v 0.0007376079447567465 0.010499999858438967 0.00531488424167037
v 0.0006123239872977139 0.014499999582767483 0.005487500224262476
v 0.0006385728484019638 0.010499999858438967 0.005501434672623873
v 0.0006385728484019638 0.010499999858438967 0.005501434672623873
v 0.0006123239872977139 0.014499999582767483 0.005487500224262476
v 0.0005053663044236601 0.010499999858438967 0.005752353463321924
v 0.0005053663044236601 0.010499999858438967 0.005752353463321924
v 0.0006123239872977139 0.014499999582767483 0.005487500224262476
v 0.00047500000800937425 0.014499999582767483 0.006000000052154064
v 0.0005053663044236601 0.010499999858438967 0.005752353463321924
v 0.00047500000800937425 0.014499999582767483 0.006000000052154064
v 0.0005053663044236601 0.010499999858438967 0.006000000052154064
v 0.0005053663044236601 0.010499999858438967 0.006000000052154064
v 0.00047500000800937425 0.014499999582767483 0.006000000052154064
v 0.0005053663044236601 0.010499999858438967 0.006247646640986204
v 0.0005053663044236601 0.010499999858438967 0.006247646640986204
v 0.00047500000800937425 0.014499999582767483 0.006000000052154064
v 0.0006123239872977139 0.014499999582767483 0.006512499880045652
v 0.0005053663044236601 0.010499999858438967 0.006247646640986204
v 0.0006123239872977139 0.014499999582767483 0.006512499880045652
v 0.0006385728484019638 0.010499999858438967 0.006498564966022968
v 0.0006385728484019638 0.010499999858438967 0.006498564966022968
v 0.0006123239872977139 0.014499999582767483 0.006512499880045652
v 0.0007376079447567465 0.010499999858438967 0.006685115396976471
v 0.0007376079447567465 0.010499999858438967 0.006685115396976471
v 0.0006123239872977139 0.014499999582767483 0.006512499880045652
v 0.0009874999523162844 0.014499999582767483 0.006887676194310188
v 0.0007376079447567465 0.010499999858438967 0.006685115396976471
v 0.0009874999523162844 0.014499999582767483 0.006887676194310188
v 0.0010019147302955391 0.010499999858438967 0.006866693962365389
v 0.0010019147302955391 0.010499999858438967 0.006866693962365389
v 0.0009874999523162844 0.014499999582767483 0.006887676194310188
v 0.0012921168236061933 0.010706329718232153 0.007003698032349348
v 0.0010019147302955391 0.010499999858438967 0.006866693962365389
v 0.0012921168236061933 0.010706329718232153 0.007003698032349348
v 0.0011339746415615084 0.010499999858438967 0.006957418750971556
v -0.0033143861219286927 -0.0011246529174968598 0.012000000104308128
v -0.0035000001080334195 -3.3942757557349996e-17 0.012000000104308128
v -0.0035000001080334195 -3.353798830512575e-17 0.006800000090152025
v -0.0035000001080334195 -3.353798830512575e-17 0.006800000090152025
v -0.003493826836347581 -0.0002077844837913289 0.006772544700652361
v -0.0033143861219286927 -0.0011246529174968598 0.012000000104308128
v -0.0033143861219286927 -0.0011246529174968598 0.012000000104308128
v -0.003493826836347581 -0.0002077844837913289 0.006772544700652361
v -0.0034770676866173753 -0.00039999998989514996 0.006692820228636265
v -0.0033143861219286927 -0.0011246529174968598 0.012000000104308128
v -0.0034770676866173753 -0.00039999998989514996 0.006692820228636265
v -0.003454004181548954 -0.0005655567510984837 0.006565813906490803
v -0.003454004181548954 -0.0005655567510984837 0.006565813906490803
v -0.0034307434689253577 -0.0006928203511051833 0.006399999838322401
v -0.0033143861219286927 -0.0011246529174968598 0.012000000104308128
v -0.0033143861219286927 -0.0011246529174968598 0.012000000104308128
v -0.0034307434689253577 -0.0006928203511051833 0.006399999838322401
v -0.0034136476460844287 -0.0007726641488261519 0.006207340396940708
v -0.0033143861219286927 -0.0011246529174968598 0.012000000104308128
v -0.0034136476460844287 -0.0007726641488261519 0.006207340396940708
v -0.0034073449205607185 -0.0007999999797902999 0.006000000052154064
v -0.003413659520447255 -0.0007726121111772952 0.005792465526610613
v -0.0033143861219286927 -0.0011246529174968598 9.582572680053143e-20
v -0.0033143861219286927 -0.0011246529174968598 9.582572680053143e-20
v -0.003413659520447255 -0.0007726121111772952 0.005792465526610613
v -0.0034307434689253577 -0.0006928203511051833 0.00559999980032444
v -0.0033143861219286927 -0.0011246529174968598 9.582572680053143e-20
v -0.0034307434689253577 -0.0006928203511051833 0.00559999980032444
v -0.003453970421105624 -0.0005657638539560138 0.00543439295142889
v -0.0035000001080334195 -3.353798830512575e-17 0.005200000014156103
v -0.0035000001080334195 -3.3942757557349996e-17 1.0119220319613698e-19
v -0.0034938661847263583 -0.00020712004334200168 0.005227276589721441
v -0.0034938661847263583 -0.00020712004334200168 0.005227276589721441
v -0.0035000001080334195 -3.3942757557349996e-17 1.0119220319613698e-19
v -0.0033143861219286927 -0.0011246529174968598 9.582572680053143e-20
v -0.0034938661847263583 -0.00020712004334200168 0.005227276589721441
v -0.0033143861219286927 -0.0011246529174968598 9.582572680053143e-20
v -0.0034770676866173753 -0.00039999998989514996 0.0053071798756718636
v -0.0034770676866173753 -0.00039999998989514996 0.0053071798756718636
v -0.0033143861219286927 -0.0011246529174968598 9.582572680053143e-20
v -0.003453970421105624 -0.0005657638539560138 0.00543439295142889
v -0.0034073449205607185 -0.0007999999797902999 0.006000000052154064
v -0.0033143861219286927 -0.0011246529174968598 9.582572680053143e-20
v -0.0033143861219286927 -0.0011246529174968598 0.012000000104308128
v -0.0033143861219286927 -0.0011246529174968598 0.012000000104308128
v -0.0033143861219286927 -0.0011246529174968598 9.582572680053143e-20
v -0.002777231857180596 -0.002130019478499889 8.029548834803077e-20
v -0.0033143861219286927 -0.0011246529174968598 0.012000000104308128
v -0.002777231857180596 -0.002130019478499889 8.029548834803077e-20
v -0.002777231857180596 -0.002130019478499889 0.012000000104308128
v -0.002777231857180596 -0.002130019478499889 0.012000000104308128
v -0.002777231857180596 -0.002130019478499889 8.029548834803077e-20
v -0.0019455103902146225 -0.00290946546010673 5.624870816860923e-20
v -0.002777231857180596 -0.002130019478499889 0.012000000104308128
v -0.0019455103902146225 -0.00290946546010673 5.624870816860923e-20
v -0.0019455103902146225 -0.00290946546010673 0.012000000104308128
v -0.0019455103902146225 -0.00290946546010673 0.012000000104308128
v -0.0019455103902146225 -0.00290946546010673 5.624870816860923e-20
v -0.0009074382833205166 -0.00338031887076795 2.6235908823781722e-20
v -0.0019455103902146225 -0.00290946546010673 0.012000000104308128
v -0.0009074382833205166 -0.00338031887076795 2.6235908823781722e-20
v -0.0009074382833205166 -0.00338031887076795 0.012000000104308128
v -0.0009074382833205166 -0.00338031887076795 0.012000000104308128
v -0.0009074382833205166 -0.00338031887076795 2.6235908823781722e-20
v 0.00022688134049531078 -0.0034926387015730134 -6.559606477134082e-21
v -0.0009074382833205166 -0.00338031887076795 0.012000000104308128
v 0.00022688134049531078 -0.0034926387015730134 -6.559606477134082e-21
v 0.00022688134049531078 -0.0034926387015730134 0.012000000104308128
v 0.00022688134049531078 -0.0034926387015730134 0.012000000104308128
v 0.00022688134049531078 -0.0034926387015730134 -6.559606477134082e-21
v 0.0013371367240324619 -0.003234511706978082 -3.865937483339399e-20
v 0.00022688134049531078 -0.0034926387015730134 0.012000000104308128
v 0.0013371367240324619 -0.003234511706978082 -3.865937483339399e-20
v 0.0013371367240324619 -0.003234511706978082 0.012000000104308128
v 0.0013371367240324619 -0.003234511706978082 0.012000000104308128
v 0.0013371367240324619 -0.003234511706978082 -3.865937483339399e-20
v 0.002305568661540747 -0.002633315976709127 -6.665873740349787e-20
v 0.0013371367240324619 -0.003234511706978082 0.012000000104308128
v 0.002305568661540747 -0.002633315976709127 -6.665873740349787e-20
v 0.002305568661540747 -0.002633315976709127 0.012000000104308128
v 0.002305568661540747 -0.002633315976709127 0.012000000104308128
v 0.002305568661540747 -0.002633315976709127 -6.665873740349787e-20
v 0.0030294605530798444 -0.0017528175376355644 -8.75879384776924e-20
v 0.002305568661540747 -0.002633315976709127 0.012000000104308128
v 0.0030294605530798444 -0.0017528175376355644 -8.75879384776924e-20
v 0.0030294605530798444 -0.0017528175376355644 0.012000000104308128
v 0.0030294605530798444 -0.0017528175376355644 0.012000000104308128
v 0.0030294605530798444 -0.0017528175376355644 -8.75879384776924e-20
v 0.0034320324193686256 -0.0006864064489491283 -9.922711932874363e-20
v 0.0030294605530798444 -0.0017528175376355644 0.012000000104308128
v 0.0034320324193686256 -0.0006864064489491283 -9.922711932874363e-20
v 0.0034320324193686256 -0.0006864064489491283 0.012000000104308128
v 0.005065429955720902 0.0074805808253586275 0.012000000104308128
v 0.0034320324193686256 -0.0006864064489491283 0.012000000104308128
v 0.005065429955720902 0.0074805808253586275 -1.4645200433508677e-19
v 0.0034320324193686256 -0.0006864064489491283 -9.922711932874363e-20
v 0.009968332946300508 0.01150000002235174 -2.8820502825480707e-19
v 0.009968332946300508 0.01150000002235174 0.012000000104308128
v 0.00861213728785515 0.01131256017833948 0.012000000104308128
v 0.009968332946300508 0.01150000002235174 -2.8820502825480707e-19
v 0.00861213728785515 0.01131256017833948 0.012000000104308128
v 0.00861213728785515 0.01131256017833948 -2.489946251176563e-19
v 0.00861213728785515 0.01131256017833948 -2.489946251176563e-19
v 0.00861213728785515 0.01131256017833948 0.012000000104308128
v 0.007357624359428884 0.010764293372631071 0.012000000104308128
v 0.00861213728785515 0.01131256017833948 -2.489946251176563e-19
v 0.007357624359428884 0.010764293372631071 0.012000000104308128
v 0.007357624359428884 0.010764293372631071 -2.1272406065161024e-19
v 0.007357624359428884 0.010764293372631071 -2.1272406065161024e-19
v 0.007357624359428884 0.010764293372631071 0.012000000104308128
v 0.0062988516874611395 0.009896307252347468 0.012000000104308128
v 0.007357624359428884 0.010764293372631071 -2.1272406065161024e-19
v 0.0062988516874611395 0.009896307252347468 0.012000000104308128
v 0.0062988516874611395 0.009896307252347468 -1.8211276866861934e-19
v 0.0062988516874611395 0.009896307252347468 -1.8211276866861934e-19
v 0.0062988516874611395 0.009896307252347468 0.012000000104308128
v 0.00551520148292184 0.008773679845035074 0.012000000104308128
v 0.0062988516874611395 0.009896307252347468 -1.8211276866861934e-19
v 0.00551520148292184 0.008773679845035074 0.012000000104308128
v 0.00551520148292184 0.008773679845035074 -1.5945582640169735e-19
v 0.00551520148292184 0.008773679845035074 -1.5945582640169735e-19
v 0.00551520148292184 0.008773679845035074 0.012000000104308128
v 0.005065429955720902 0.0074805808253586275 0.012000000104308128
v 0.00551520148292184 0.008773679845035074 -1.5945582640169735e-19
v 0.005065429955720902 0.0074805808253586275 0.012000000104308128
v 0.005065429955720902 0.0074805808253586275 -1.4645200433508677e-19
v -0.0005000000237487258 0.006516639143228529 1.4456029720414055e-20
v -0.0005000000237487258 0.008600000292062758 0.0053071798756718636
v -0.0005000000237487258 0.010999999940395353 1.4456029720414055e-20
v -0.0005000000237487258 0.008999999612569807 0.005200000014156103
v -0.0005000000237487258 0.009399999864399431 0.0053071798756718636
v -0.0005000000237487258 0.009692820720374582 0.00559999980032444
v -0.0005000000237487258 0.009800000116229056 0.006000000052154064
v -0.0005000000237487258 0.010999999940395353 0.012000000104308128
v -0.0005000000237487258 0.009692820720374582 0.006399999838322401
v -0.0005000000237487258 0.008600000292062758 0.006692820228636265
v -0.0005000000237487258 0.006516639143228529 0.012000000104308128
v -0.0005000000237487258 0.008999999612569807 0.006800000090152025
v -0.0005000000237487258 0.009399999864399431 0.006692820228636265
v -0.0005000000237487258 0.008307179436087607 0.006399999838322401
v -0.0005000000237487258 0.008200000040233133 0.006000000052154064
v -0.0005000000237487258 0.008307179436087607 0.00559999980032444
v -0.0035000001080334195 3.58983852493111e-05 1.0119220319613698e-19
v -0.0035000001080334195 3.58983852493111e-05 0.0052008056081831455
v -0.003354827407747508 0.0010334616526961324 9.699496598342074e-20
v -0.003354827407747508 0.0010334616526961324 9.699496598342074e-20
v -0.0035000001080334195 3.58983852493111e-05 0.0052008056081831455
v -0.0034810099750757226 0.00039999998989514996 0.0053071798756718636
v -0.003354827407747508 0.0010334616526961324 9.699496598342074e-20
v -0.0034810099750757226 0.00039999998989514996 0.0053071798756718636
v -0.003459658473730088 0.0005657699657604097 0.005434399005025625
v -0.003459658473730088 0.0005657699657604097 0.005434399005025625
v -0.0034377977717667827 0.0006928203511051833 0.00559999980032444
v -0.003354827407747508 0.0010334616526961324 9.699496598342074e-20
v -0.003354827407747508 0.0010334616526961324 9.699496598342074e-20
v -0.0034377977717667827 0.0006928203511051833 0.00559999980032444
v -0.0034215778578072795 0.0007726518088020382 0.005792613606899977
v -0.003354827407747508 0.0010334616526961324 9.699496598342074e-20
v -0.0034215778578072795 0.0007726518088020382 0.005792613606899977
v -0.0034155743196606645 0.0007999999797902999 0.006000000052154064
v -0.0034215871710330257 0.0007726078620180485 0.006207549944519997
v -0.003354827407747508 0.0010334616526961324 0.012000000104308128
v -0.003354827407747508 0.0010334616526961324 0.012000000104308128
v -0.0034215871710330257 0.0007726078620180485 0.006207549944519997
v -0.0034377977717667827 0.0006928203511051833 0.006399999838322401
v -0.0035000001080334195 3.58983852493111e-05 0.0067991940304636955
v -0.0035000001080334195 3.58983852493111e-05 0.012000000104308128
v -0.0034810099750757226 0.00039999998989514996 0.006692820228636265
v -0.0034810099750757226 0.00039999998989514996 0.006692820228636265
v -0.0035000001080334195 3.58983852493111e-05 0.012000000104308128
v -0.003354827407747508 0.0010334616526961324 0.012000000104308128
v -0.0034810099750757226 0.00039999998989514996 0.006692820228636265
v -0.003354827407747508 0.0010334616526961324 0.012000000104308128
v -0.003459645900875331 0.0005658519221469759 0.00656551867723465
v -0.003459645900875331 0.0005658519221469759 0.00656551867723465
v -0.003354827407747508 0.0010334616526961324 0.012000000104308128
v -0.0034377977717667827 0.0006928203511051833 0.006399999838322401
v -0.0034155743196606645 0.0007999999797902999 0.006000000052154064
v -0.003354827407747508 0.0010334616526961324 0.012000000104308128
v -0.003354827407747508 0.0010334616526961324 9.699496598342074e-20
v -0.003354827407747508 0.0010334616526961324 9.699496598342074e-20
v -0.003354827407747508 0.0010334616526961324 0.012000000104308128
v -0.002931352937594057 0.0019482712959870692 0.012000000104308128
v -0.003354827407747508 0.0010334616526961324 9.699496598342074e-20
v -0.002931352937594057 0.0019482712959870692 0.012000000104308128
v -0.002931352937594057 0.0019482712959870692 8.475144568436857e-20
v -0.002931352937594057 0.0019482712959870692 8.475144568436857e-20
v -0.002931352937594057 0.0019482712959870692 0.012000000104308128
v -0.0022647059522569184 0.0027044387534260745 0.012000000104308128
v -0.002931352937594057 0.0019482712959870692 8.475144568436857e-20
v -0.0022647059522569184 0.0027044387534260745 0.012000000104308128
v -0.0022647059522569184 0.0027044387534260745 6.547731023127047e-20
v -0.0005000000237487258 0.010999999940395353 1.4456029720414055e-20
v -0.0005000000237487258 0.010999999940395353 0.012000000104308128
v -0.0006522409385070206 0.0117653664201498 0.012000000104308128
v -0.0005000000237487258 0.010999999940395353 1.4456029720414055e-20
v -0.0006522409385070206 0.0117653664201498 0.012000000104308128
v -0.0006522409385070206 0.0117653664201498 1.8857627396457774e-20
v -0.0006522409385070206 0.0117653664201498 1.8857627396457774e-20
v -0.0006522409385070206 0.0117653664201498 0.012000000104308128
v -0.001085786381736398 0.012414213269948956 0.012000000104308128
v -0.0006522409385070206 0.0117653664201498 1.8857627396457774e-20
v -0.001085786381736398 0.012414213269948956 0.012000000104308128
v -0.001085786381736398 0.012414213269948956 3.139231850230288e-20
v -0.001085786381736398 0.012414213269948956 3.139231850230288e-20
v -0.001085786381736398 0.012414213269948956 0.012000000104308128
v -0.0017346331151202325 0.012847758829593655 0.012000000104308128
v -0.001085786381736398 0.012414213269948956 3.139231850230288e-20
v -0.0017346331151202325 0.012847758829593655 0.012000000104308128
v -0.0017346331151202325 0.012847758829593655 5.015181190507375e-20
v -0.0017346331151202325 0.012847758829593655 5.015181190507375e-20
v -0.0017346331151202325 0.012847758829593655 0.012000000104308128
v -0.002499999944120646 0.013000000268220898 0.012000000104308128
v -0.0017346331151202325 0.012847758829593655 5.015181190507375e-20
v -0.002499999944120646 0.013000000268220898 0.012000000104308128
v -0.002499999944120646 0.013000000268220898 7.22801405241346e-20
v -0.0022647059522569184 0.0027044387534260745 6.547731023127047e-20
v -0.0022647059522569184 0.0027044387534260745 0.012000000104308128
v -0.0015205097151920204 0.0034894857089966527 0.012000000104308128
v -0.0022647059522569184 0.0027044387534260745 6.547731023127047e-20
v -0.0015205097151920204 0.0034894857089966527 0.012000000104308128
v -0.0015205097151920204 0.0034894857089966527 4.396106618493045e-20
v -0.0015205097151920204 0.0034894857089966527 4.396106618493045e-20
v -0.0015205097151920204 0.0034894857089966527 0.012000000104308128
v -0.0009625739185139539 0.00441621895879507 0.012000000104308128
v -0.0015205097151920204 0.0034894857089966527 4.396106618493045e-20
v -0.0009625739185139539 0.00441621895879507 0.012000000104308128
v -0.0009625739185139539 0.00441621895879507 2.782999410850938e-20
v -0.0009625739185139539 0.00441621895879507 2.782999410850938e-20
v -0.0009625739185139539 0.00441621895879507 0.012000000104308128
v -0.0006170126725919546 0.005441262386739253 0.012000000104308128
v -0.0009625739185139539 0.00441621895879507 2.782999410850938e-20
v -0.0006170126725919546 0.005441262386739253 0.012000000104308128
v -0.0006170126725919546 0.005441262386739253 1.7839106337289306e-20
v -0.0006170126725919546 0.005441262386739253 1.7839106337289306e-20
v -0.0006170126725919546 0.005441262386739253 0.012000000104308128
v -0.0005000000237487258 0.006516639143228529 0.012000000104308128
v -0.0006170126725919546 0.005441262386739253 1.7839106337289306e-20
v -0.0005000000237487258 0.006516639143228529 0.012000000104308128
v -0.0005000000237487258 0.006516639143228529 1.4456029720414055e-20
v 0.0029806885868310937 0.008999999612569807 0.006000000052154064
v 0.002499999944120646 0.008999999612569807 0.005200000014156103
v 0.002499999944120646 0.008600000292062758 0.0053071798756718636
v 0.0029806885868310937 0.008999999612569807 0.006000000052154064
v 0.002499999944120646 0.008200000040233133 0.006000000052154064
v 0.002499999944120646 0.008307179436087607 0.006399999838322401
v 0.002499999944120646 0.008307179436087607 0.00559999980032444
v 0.002499999944120646 0.008200000040233133 0.006000000052154064
v 0.0029806885868310937 0.008999999612569807 0.006000000052154064
v 0.002499999944120646 0.008600000292062758 0.0053071798756718636
v 0.002499999944120646 0.008307179436087607 0.00559999980032444
v 0.0029806885868310937 0.008999999612569807 0.006000000052154064
v 0.0029806885868310937 0.008999999612569807 0.006000000052154064
v 0.002499999944120646 0.008600000292062758 0.006692820228636265
v 0.002499999944120646 0.008999999612569807 0.006800000090152025
v 0.0027476395480334763 0.009335895068943499 0.005806070752441883
v 0.0029806885868310937 0.008999999612569807 0.006000000052154064
v 0.0027660496998578314 0.009357218630611895 0.006000000052154064
v 0.0029806885868310937 0.008999999612569807 0.006000000052154064
v 0.0027476395480334763 0.009335895068943499 0.005806070752441883
v 0.002670517191290856 0.009258106350898741 0.005552947521209717
v 0.0027476395480334763 0.009335895068943499 0.006193929351866245
v 0.0027660496998578314 0.009357218630611895 0.006000000052154064
v 0.0029806885868310937 0.008999999612569807 0.006000000052154064
v 0.002499999944120646 0.009133975021541117 0.0052112978883087635
v 0.002499999944120646 0.008999999612569807 0.005200000014156103
v 0.0029806885868310937 0.008999999612569807 0.006000000052154064
v 0.002670517191290856 0.009258106350898741 0.005552947521209717
v 0.002499999944120646 0.009133975021541117 0.0052112978883087635
v 0.0029806885868310937 0.008999999612569807 0.006000000052154064
v 0.002499999944120646 0.009133975021541117 0.0067887017503380775
v 0.002670517191290856 0.009258106350898741 0.0064470525830984116
v 0.002499999944120646 0.008999999612569807 0.006800000090152025
v 0.002499999944120646 0.008999999612569807 0.006800000090152025
v 0.002670517191290856 0.009258106350898741 0.0064470525830984116
v 0.0029806885868310937 0.008999999612569807 0.006000000052154064
v 0.0027476395480334763 0.009335895068943499 0.006193929351866245
v 0.0029806885868310937 0.008999999612569807 0.006000000052154064
v 0.002670517191290856 0.009258106350898741 0.0064470525830984116
v 0.002499999944120646 0.008307179436087607 0.006399999838322401
v 0.002499999944120646 0.008600000292062758 0.006692820228636265
v 0.0029806885868310937 0.008999999612569807 0.006000000052154064
v 0.0010262045543640854 0.009772574529051779 0.006207674276083708
v 0.0010483484948053958 0.009692820720374582 0.006399999838322401
v -0.0005000000237487258 0.009692820720374582 0.006399999838322401
v 0.002499999944120646 0.008600000292062758 0.006692820228636265
v 0.002000000094994903 0.008999999612569807 0.006800000090152025
v 0.002499999944120646 0.008999999612569807 0.006800000090152025
v 0.002499999944120646 0.008999999612569807 0.006800000090152025
v 0.002000000094994903 0.008999999612569807 0.006800000090152025
v 0.002258033491671086 0.009033864364027975 0.006799282971769571
v 0.002499999944120646 0.008999999612569807 0.006800000090152025
v 0.002258033491671086 0.009033864364027975 0.006799282971769571
v 0.002499999944120646 0.009133975021541117 0.0067887017503380775
v 0.0015000000130385165 0.009133975021541117 0.0067887017503380775
v 0.0017412803135812287 0.009034047834575175 0.006799275055527687
v -0.0005000000237487258 0.008999999612569807 0.006800000090152025
v -0.0005000000237487258 0.009692820720374582 0.006399999838322401
v 0.0010483484948053958 0.009692820720374582 0.006399999838322401
v -0.0005000000237487258 0.009399999864399431 0.006692820228636265
v 0.0010483484948053958 0.009692820720374582 0.006399999838322401
v 0.0011339746415615084 0.009499999694526194 0.006624499801546335
v -0.0005000000237487258 0.009399999864399431 0.006692820228636265
v -0.0005000000237487258 0.009399999864399431 0.006692820228636265
v 0.0011339746415615084 0.009499999694526194 0.006624499801546335
v 0.0012000000569969418 0.009399999864399431 0.006692820228636265
v -0.0005000000237487258 0.009399999864399431 0.006692820228636265
v 0.0012000000569969418 0.009399999864399431 0.006692820228636265
v -0.0005000000237487258 0.008999999612569807 0.006800000090152025
v -0.0005000000237487258 0.008999999612569807 0.006800000090152025
v 0.0012000000569969418 0.009399999864399431 0.006692820228636265
v 0.0013332900125533345 0.009254682809114454 0.0067583778873085976
v -0.0005000000237487258 0.008999999612569807 0.006800000090152025
v 0.0013332900125533345 0.009254682809114454 0.0067583778873085976
v 0.0015000000130385165 0.009133975021541117 0.0067887017503380775
v 0.0010262045543640854 0.009772574529051779 0.006207674276083708
v -0.0005000000237487258 0.009692820720374582 0.006399999838322401
v 0.0010202041594311597 0.009800000116229056 0.006000000052154064
v 0.0010202041594311597 0.009800000116229056 0.006000000052154064
v -0.0005000000237487258 0.009692820720374582 0.006399999838322401
v -0.0005000000237487258 0.009800000116229056 0.006000000052154064
v 0.0010202041594311597 0.009800000116229056 0.006000000052154064
v -0.0005000000237487258 0.009800000116229056 0.006000000052154064
v 0.0010261957067996266 0.009772611781954764 0.0057924659922719
v 0.0010261957067996266 0.009772611781954764 0.0057924659922719
v -0.0005000000237487258 0.009800000116229056 0.006000000052154064
v -0.0005000000237487258 0.009692820720374582 0.00559999980032444
v 0.0010261957067996266 0.009772611781954764 0.0057924659922719
v -0.0005000000237487258 0.009692820720374582 0.00559999980032444
v 0.0010483484948053958 0.009692820720374582 0.00559999980032444
v 0.0010483484948053958 0.009692820720374582 0.00559999980032444
v -0.0005000000237487258 0.009692820720374582 0.00559999980032444
v 0.0011339746415615084 0.009499999694526194 0.005375500302761793
v 0.0011339746415615084 0.009499999694526194 0.005375500302761793
v -0.0005000000237487258 0.009692820720374582 0.00559999980032444
v -0.0005000000237487258 0.009399999864399431 0.0053071798756718636
v 0.0011339746415615084 0.009499999694526194 0.005375500302761793
v -0.0005000000237487258 0.009399999864399431 0.0053071798756718636
v 0.001220046076923609 0.009394169785082339 0.005317804403603077
v 0.001220046076923609 0.009394169785082339 0.005317804403603077
v -0.0005000000237487258 0.009399999864399431 0.0053071798756718636
v 0.0013340230798348787 0.009254027158021925 0.0052414024248719215
v 0.0013340230798348787 0.009254027158021925 0.0052414024248719215
v -0.0005000000237487258 0.009399999864399431 0.0053071798756718636
v -0.0005000000237487258 0.008999999612569807 0.005200000014156103
v 0.0013340230798348787 0.009254027158021925 0.0052414024248719215
v -0.0005000000237487258 0.008999999612569807 0.005200000014156103
v 0.0015000000130385165 0.009133975021541117 0.0052112978883087635
v 0.002499999944120646 0.009133975021541117 0.0052112978883087635
v 0.0022591885644942526 0.009034173563122748 0.005200730171054602
v 0.002499999944120646 0.008999999612569807 0.005200000014156103
v 0.002499999944120646 0.008999999612569807 0.005200000014156103
v 0.0022591885644942526 0.009034173563122748 0.005200730171054602
v 0.002000000094994903 0.008999999612569807 0.005200000014156103
v 0.002499999944120646 0.008999999612569807 0.005200000014156103
v 0.002000000094994903 0.008999999612569807 0.005200000014156103
v 0.002499999944120646 0.008600000292062758 0.0053071798756718636
v 0.0017412803135812287 0.009034047834575175 0.006799275055527687
v 0.002000000094994903 0.008999999612569807 0.006800000090152025
v -0.0005000000237487258 0.008999999612569807 0.006800000090152025
v -0.0005000000237487258 0.008999999612569807 0.006800000090152025
v -0.0005000000237487258 0.008999999612569807 0.006800000090152025
v 0.002499999944120646 0.008600000292062758 0.006692820228636265
v -0.0005000000237487258 0.008600000292062758 0.006692820228636265
v -0.0005000000237487258 0.008600000292062758 0.006692820228636265
v 0.002499999944120646 0.008600000292062758 0.006692820228636265
v 0.002499999944120646 0.008307179436087607 0.006399999838322401
v -0.0005000000237487258 0.008600000292062758 0.006692820228636265
v 0.002499999944120646 0.008307179436087607 0.006399999838322401
v -0.0005000000237487258 0.008307179436087607 0.006399999838322401
v -0.0005000000237487258 0.008307179436087607 0.006399999838322401
v 0.002499999944120646 0.008307179436087607 0.006399999838322401
v 0.002499999944120646 0.008200000040233133 0.006000000052154064
v -0.0005000000237487258 0.008307179436087607 0.006399999838322401
v 0.002499999944120646 0.008200000040233133 0.006000000052154064
v -0.0005000000237487258 0.008200000040233133 0.006000000052154064
v -0.0005000000237487258 0.008200000040233133 0.006000000052154064
v 0.002499999944120646 0.008200000040233133 0.006000000052154064
v 0.002499999944120646 0.008307179436087607 0.00559999980032444
v -0.0005000000237487258 0.008200000040233133 0.006000000052154064
v 0.002499999944120646 0.008307179436087607 0.00559999980032444
v -0.0005000000237487258 0.008307179436087607 0.00559999980032444
v -0.0005000000237487258 0.008307179436087607 0.00559999980032444
v 0.002499999944120646 0.008307179436087607 0.00559999980032444
v 0.002499999944120646 0.008600000292062758 0.0053071798756718636
v -0.0005000000237487258 0.008307179436087607 0.00559999980032444
v 0.002499999944120646 0.008600000292062758 0.0053071798756718636
v -0.0005000000237487258 0.008600000292062758 0.0053071798756718636
v -0.0005000000237487258 0.008600000292062758 0.0053071798756718636
v 0.002499999944120646 0.008600000292062758 0.0053071798756718636
v 0.002000000094994903 0.008999999612569807 0.005200000014156103
v -0.0005000000237487258 0.008600000292062758 0.0053071798756718636
v -0.0005000000237487258 0.008999999612569807 0.005200000014156103
v -0.0005000000237487258 0.008999999612569807 0.005200000014156103
v 0.002000000094994903 0.008999999612569807 0.005200000014156103
v 0.001740908832289279 0.009034147486090658 0.005200729239732027
v -0.0005000000237487258 0.008999999612569807 0.005200000014156103
v 0.001740908832289279 0.009034147486090658 0.005200729239732027
v 0.0015000000130385165 0.009133975021541117 0.0052112978883087635
v -0.0035000001080334195 3.58983852493111e-05 0.0052008056081831455
v -0.0010000000474974515 -9.36750693571088e-18 0.005200000014156103
v -0.000977599178440869 0.00021047513291705394 0.005228183697909117
v -0.0035000001080334195 3.58983852493111e-05 0.0052008056081831455
v -0.000977599178440869 0.00021047513291705394 0.005228183697909117
v -0.0034810099750757226 0.00039999998989514996 0.0053071798756718636
v -0.0034810099750757226 0.00039999998989514996 0.0053071798756718636
v -0.000977599178440869 0.00021047513291705394 0.005228183697909117
v -0.0009072883985936644 0.0003929259255528449 0.005321018863469362
v -0.0034810099750757226 0.00039999998989514996 0.0053071798756718636
v -0.0009072883985936644 0.0003929259255528449 0.005321018863469362
v -0.003459658473730088 0.0005657699657604097 0.005434399005025625
v -0.003459658473730088 0.0005657699657604097 0.005434399005025625
v -0.0009072883985936644 0.0003929259255528449 0.005321018863469362
v -0.0008660253952257337 0.0005000000237487255 0.005375500302761793
v -0.003459658473730088 0.0005657699657604097 0.005434399005025625
v -0.0008660253952257337 0.0005000000237487255 0.005375500302761793
v -0.0034377977717667827 0.0006928203511051833 0.00559999980032444
v -0.0034377977717667827 0.0006928203511051833 0.00559999980032444
v -0.0008660253952257337 0.0005000000237487255 0.005375500302761793
v -0.0007211102638393642 0.0006928203511051833 0.00559999980032444
v -0.0034377977717667827 0.0006928203511051833 0.00559999980032444
v -0.0007211102638393642 0.0006928203511051833 0.00559999980032444
v -0.0034215778578072795 0.0007726518088020382 0.005792613606899977
v -0.0034215778578072795 0.0007726518088020382 0.005792613606899977
v -0.0007211102638393642 0.0006928203511051833 0.00559999980032444
v -0.0006369503680616618 0.0007709048222750423 0.005786210764199495
v -0.0034215778578072795 0.0007726518088020382 0.005792613606899977
v -0.0006369503680616618 0.0007709048222750423 0.005786210764199495
v -0.0034155743196606645 0.0007999999797902999 0.006000000052154064
v -0.0006369503680616618 0.0007709048222750423 0.005786210764199495
v -0.0006000000284984709 0.0007999999797902999 0.006000000052154064
v -0.0034155743196606645 0.0007999999797902999 0.006000000052154064
v -0.0034155743196606645 0.0007999999797902999 0.006000000052154064
v -0.0006000000284984709 0.0007999999797902999 0.006000000052154064
v -0.0006367975147441031 0.0007710310746915636 0.006213333457708359
v -0.0034155743196606645 0.0007999999797902999 0.006000000052154064
v -0.0006367975147441031 0.0007710310746915636 0.006213333457708359
v -0.0034215871710330257 0.0007726078620180485 0.006207549944519997
v -0.0034215871710330257 0.0007726078620180485 0.006207549944519997
v -0.0006367975147441031 0.0007710310746915636 0.006213333457708359
v -0.0007211102638393642 0.0006928203511051833 0.006399999838322401
v -0.0034215871710330257 0.0007726078620180485 0.006207549944519997
v -0.0007211102638393642 0.0006928203511051833 0.006399999838322401
v -0.0034377977717667827 0.0006928203511051833 0.006399999838322401
v -0.0034377977717667827 0.0006928203511051833 0.006399999838322401
v -0.0007211102638393642 0.0006928203511051833 0.006399999838322401
v -0.0008660253952257337 0.0005000000237487255 0.006624499801546335
v -0.0034377977717667827 0.0006928203511051833 0.006399999838322401
v -0.0008660253952257337 0.0005000000237487255 0.006624499801546335
v -0.003459645900875331 0.0005658519221469759 0.00656551867723465
v -0.003459645900875331 0.0005658519221469759 0.00656551867723465
v -0.0008660253952257337 0.0005000000237487255 0.006624499801546335
v -0.0009165151277557018 0.00039999998989514996 0.006692820228636265
v -0.003459645900875331 0.0005658519221469759 0.00656551867723465
v -0.0009165151277557018 0.00039999998989514996 0.006692820228636265
v -0.0034810099750757226 0.00039999998989514996 0.006692820228636265
v -0.0034810099750757226 0.00039999998989514996 0.006692820228636265
v -0.0009165151277557018 0.00039999998989514996 0.006692820228636265
v -0.0009775591315701606 0.00021066126646473998 0.006771765183657408
v -0.0034810099750757226 0.00039999998989514996 0.006692820228636265
v -0.0009775591315701606 0.00021066126646473998 0.006771765183657408
v -0.0035000001080334195 3.58983852493111e-05 0.0067991940304636955
v -0.0035000001080334195 3.58983852493111e-05 0.0067991940304636955
v -0.0009775591315701606 0.00021066126646473998 0.006771765183657408
v -0.0010000000474974515 -1.088656457366041e-17 0.006800000090152025
v -0.0035000001080334195 3.58983852493111e-05 0.0067991940304636955
v -0.0010000000474974515 -1.088656457366041e-17 0.006800000090152025
v -0.0035000001080334195 -3.353798830512575e-17 0.006800000090152025
v -0.0035000001080334195 -3.353798830512575e-17 0.006800000090152025
v -0.0010000000474974515 -1.088656457366041e-17 0.006800000090152025
v -0.003493826836347581 -0.0002077844837913289 0.006772544700652361
v -0.003493826836347581 -0.0002077844837913289 0.006772544700652361
v -0.0010000000474974515 -1.088656457366041e-17 0.006800000090152025
v -0.0009775782236829402 -0.00021057264530099923 0.006771789398044348
v -0.003493826836347581 -0.0002077844837913289 0.006772544700652361
v -0.0009775782236829402 -0.00021057264530099923 0.006771789398044348
v -0.0034770676866173753 -0.00039999998989514996 0.006692820228636265
v -0.0034770676866173753 -0.00039999998989514996 0.006692820228636265
v -0.0009775782236829402 -0.00021057264530099923 0.006771789398044348
v -0.0009072935208678248 -0.000392928544897586 0.006678988691419363
v -0.0034770676866173753 -0.00039999998989514996 0.006692820228636265
v -0.0009072935208678248 -0.000392928544897586 0.006678988691419363
v -0.003454004181548954 -0.0005655567510984837 0.006565813906490803
v -0.003454004181548954 -0.0005655567510984837 0.006565813906490803
v -0.0009072935208678248 -0.000392928544897586 0.006678988691419363
v -0.0008660253952257337 -0.0005000000237487255 0.006624499801546335
v -0.003454004181548954 -0.0005655567510984837 0.006565813906490803
v -0.0008660253952257337 -0.0005000000237487255 0.006624499801546335
v -0.0034307434689253577 -0.0006928203511051833 0.006399999838322401
v -0.0034307434689253577 -0.0006928203511051833 0.006399999838322401
v -0.0008660253952257337 -0.0005000000237487255 0.006624499801546335
v -0.0007211102638393642 -0.0006928203511051833 0.006399999838322401
v -0.0034307434689253577 -0.0006928203511051833 0.006399999838322401
v -0.0007211102638393642 -0.0006928203511051833 0.006399999838322401
v -0.0034136476460844287 -0.0007726641488261519 0.006207340396940708
v -0.0034136476460844287 -0.0007726641488261519 0.006207340396940708
v -0.0007211102638393642 -0.0006928203511051833 0.006399999838322401
v -0.0006371740601025523 -0.0007707198965363202 0.006214454770088196
v -0.0034136476460844287 -0.0007726641488261519 0.006207340396940708
v -0.0006371740601025523 -0.0007707198965363202 0.006214454770088196
v -0.0034073449205607185 -0.0007999999797902999 0.006000000052154064
v -0.0006371740601025523 -0.0007707198965363202 0.006214454770088196
v -0.0006000000284984709 -0.0007999999797902999 0.006000000052154064
v -0.0034073449205607185 -0.0007999999797902999 0.006000000052154064
v -0.0034073449205607185 -0.0007999999797902999 0.006000000052154064
v -0.0006000000284984709 -0.0007999999797902999 0.006000000052154064
v -0.0006368281901814045 -0.0007710057543590663 0.005786575376987457
v -0.0034073449205607185 -0.0007999999797902999 0.006000000052154064
v -0.0006368281901814045 -0.0007710057543590663 0.005786575376987457
v -0.003413659520447255 -0.0007726121111772952 0.005792465526610613
v -0.003413659520447255 -0.0007726121111772952 0.005792465526610613
v -0.0006368281901814045 -0.0007710057543590663 0.005786575376987457
v -0.0007211102638393642 -0.0006928203511051833 0.00559999980032444
v -0.003413659520447255 -0.0007726121111772952 0.005792465526610613
v -0.0007211102638393642 -0.0006928203511051833 0.00559999980032444
v -0.0034307434689253577 -0.0006928203511051833 0.00559999980032444
v -0.0034307434689253577 -0.0006928203511051833 0.00559999980032444
v -0.0007211102638393642 -0.0006928203511051833 0.00559999980032444
v -0.0008660253952257337 -0.0005000000237487255 0.005375500302761793
v -0.0034307434689253577 -0.0006928203511051833 0.00559999980032444
v -0.0008660253952257337 -0.0005000000237487255 0.005375500302761793
v -0.003453970421105624 -0.0005657638539560138 0.00543439295142889
v -0.003453970421105624 -0.0005657638539560138 0.00543439295142889
v -0.0008660253952257337 -0.0005000000237487255 0.005375500302761793
v -0.0009165151277557018 -0.00039999998989514996 0.0053071798756718636
v -0.003453970421105624 -0.0005657638539560138 0.00543439295142889
v -0.0009165151277557018 -0.00039999998989514996 0.0053071798756718636
v -0.0034770676866173753 -0.00039999998989514996 0.0053071798756718636
v -0.0034770676866173753 -0.00039999998989514996 0.0053071798756718636
v -0.0009165151277557018 -0.00039999998989514996 0.0053071798756718636
v -0.0009774463251233103 -0.00021118402946740383 0.005228377413004637
v -0.0034770676866173753 -0.00039999998989514996 0.0053071798756718636
v -0.0009774463251233103 -0.00021118402946740383 0.005228377413004637
v -0.0034938661847263583 -0.00020712004334200168 0.005227276589721441
v -0.0034938661847263583 -0.00020712004334200168 0.005227276589721441
v -0.0009774463251233103 -0.00021118402946740383 0.005228377413004637
v -0.0010000000474974515 -9.36750693571088e-18 0.005200000014156103
v -0.0034938661847263583 -0.00020712004334200168 0.005227276589721441
v -0.0010000000474974515 -9.36750693571088e-18 0.005200000014156103
v -0.0035000001080334195 -3.353798830512575e-17 0.005200000014156103
v -0.0035000001080334195 -3.353798830512575e-17 0.005200000014156103
v -0.0010000000474974515 -9.36750693571088e-18 0.005200000014156103
v -0.0035000001080334195 3.58983852493111e-05 0.0052008056081831455
v 0.01049999985843897 0.017699999734759327 0.014399999752640724
v 0.028500000014901168 0.017699999734759327 0.014399999752640724
v 0.028500000014901168 0.017500000074505802 0.014346410520374775
v 0.01049999985843897 0.017699999734759327 0.014399999752640724
v 0.028500000014901168 0.017500000074505802 0.014346410520374775
v 0.01049999985843897 0.017500000074505802 0.014346410520374775
v 0.01049999985843897 0.017500000074505802 0.014346410520374775
v 0.028500000014901168 0.017500000074505802 0.014346410520374775
v 0.028500000014901168 0.0173535905778408 0.0142000000923872
v 0.01049999985843897 0.017500000074505802 0.014346410520374775
v 0.028500000014901168 0.0173535905778408 0.0142000000923872
v 0.01049999985843897 0.0173535905778408 0.0142000000923872
v 0.01049999985843897 0.0173535905778408 0.0142000000923872
v 0.028500000014901168 0.0173535905778408 0.0142000000923872
v 0.028500000014901168 0.017300000414252278 0.014000000432133675
v 0.01049999985843897 0.0173535905778408 0.0142000000923872
v 0.028500000014901168 0.017300000414252278 0.014000000432133675
v 0.01049999985843897 0.017300000414252278 0.014000000432133675
v 0.01049999985843897 0.017300000414252278 0.014000000432133675
v 0.028500000014901168 0.017300000414252278 0.014000000432133675
v 0.028500000014901168 0.0173535905778408 0.013799999840557575
v 0.01049999985843897 0.017300000414252278 0.014000000432133675
v 0.028500000014901168 0.0173535905778408 0.013799999840557575
v 0.01049999985843897 0.0173535905778408 0.013799999840557575
v 0.01049999985843897 0.0173535905778408 0.013799999840557575
v 0.028500000014901168 0.0173535905778408 0.013799999840557575
v 0.028500000014901168 0.017500000074505802 0.01365358941257
v 0.01049999985843897 0.0173535905778408 0.013799999840557575
v 0.028500000014901168 0.017500000074505802 0.01365358941257
v 0.01049999985843897 0.017500000074505802 0.01365358941257
v 0.01049999985843897 0.017500000074505802 0.01365358941257
v 0.028500000014901168 0.017500000074505802 0.01365358941257
v 0.028500000014901168 0.017699999734759327 0.01360000018030405
v 0.01049999985843897 0.017500000074505802 0.01365358941257
v 0.028500000014901168 0.017699999734759327 0.01360000018030405
v 0.01049999985843897 0.017699999734759327 0.01360000018030405
v 0.01049999985843897 0.017699999734759327 0.012400000356137753
v 0.028500000014901168 0.017699999734759327 0.012400000356137753
v 0.028500000014901168 0.017500000074505802 0.012346410192549229
v -0.004999999888241292 0.0173535905778408 0.011800000444054604
v -0.004999999888241292 0.017300000414252278 0.012000000104308128
v 0.01049999985843897 0.017300000414252278 0.012000000104308128
v 0.01049999985843897 0.017699999734759327 0.012400000356137753
v 0.028500000014901168 0.017500000074505802 0.012346410192549229
v 0.01049999985843897 0.017500000074505802 0.012346410192549229
v 0.01049999985843897 0.017500000074505802 0.012346410192549229
v 0.028500000014901168 0.017500000074505802 0.012346410192549229
v 0.028500000014901168 0.0173535905778408 0.012199999764561653
v 0.01049999985843897 0.017500000074505802 0.012346410192549229
v 0.028500000014901168 0.0173535905778408 0.012199999764561653
v 0.01049999985843897 0.0173535905778408 0.012199999764561653
v 0.01049999985843897 0.0173535905778408 0.012199999764561653
v 0.028500000014901168 0.0173535905778408 0.012199999764561653
v 0.028500000014901168 0.017300000414252278 0.012000000104308128
v 0.01049999985843897 0.0173535905778408 0.012199999764561653
v 0.028500000014901168 0.017300000414252278 0.012000000104308128
v 0.01049999985843897 0.017300000414252278 0.012000000104308128
v 0.028500000014901168 0.017300000414252278 0.012000000104308128
v 0.028500000014901168 0.0173535905778408 0.011800000444054604
v 0.01049999985843897 0.017300000414252278 0.012000000104308128
v 0.028500000014901168 0.0173535905778408 0.011800000444054604
v -0.004999999888241292 0.0173535905778408 0.011800000444054604
v -0.004999999888241292 0.0173535905778408 0.011800000444054604
v 0.028500000014901168 0.0173535905778408 0.011800000444054604
v 0.028500000014901168 0.017500000074505802 0.011653590016067028
v -0.004999999888241292 0.0173535905778408 0.011800000444054604
v 0.028500000014901168 0.017500000074505802 0.011653590016067028
v -0.004999999888241292 0.017500000074505802 0.011653590016067028
v -0.004999999888241292 0.017500000074505802 0.011653590016067028
v 0.028500000014901168 0.017500000074505802 0.011653590016067028
v 0.028500000014901168 0.017699999734759327 0.011599999852478504
v -0.004999999888241292 0.017500000074505802 0.011653590016067028
v 0.028500000014901168 0.017699999734759327 0.011599999852478504
v -0.004999999888241292 0.017699999734759327 0.011599999852478504
v -0.004999999888241292 0.017699999734759327 0.010400000028312206
v 0.028500000014901168 0.017699999734759327 0.010400000028312206
v 0.028500000014901168 0.017500000074505802 0.010346409864723682
v -0.004999999888241292 0.017699999734759327 0.010400000028312206
v 0.028500000014901168 0.017500000074505802 0.010346409864723682
v -0.004999999888241292 0.017500000074505802 0.010346409864723682
v -0.004999999888241292 0.017500000074505802 0.010346409864723682
v 0.028500000014901168 0.017500000074505802 0.010346409864723682
v 0.028500000014901168 0.0173535905778408 0.010200000368058681
v -0.004999999888241292 0.017500000074505802 0.010346409864723682
v 0.028500000014901168 0.0173535905778408 0.010200000368058681
v -0.004999999888241292 0.0173535905778408 0.010200000368058681
v -0.004999999888241292 0.0173535905778408 0.010200000368058681
v 0.028500000014901168 0.0173535905778408 0.010200000368058681
v 0.028500000014901168 0.017300000414252278 0.009999999776482582
v -0.004999999888241292 0.0173535905778408 0.010200000368058681
v 0.028500000014901168 0.017300000414252278 0.009999999776482582
v -0.004999999888241292 0.017300000414252278 0.009999999776482582
v -0.004999999888241292 0.017300000414252278 0.009999999776482582
v 0.028500000014901168 0.017300000414252278 0.009999999776482582
v 0.028500000014901168 0.0173535905778408 0.009800000116229057
v -0.004999999888241292 0.017300000414252278 0.009999999776482582
v 0.028500000014901168 0.0173535905778408 0.009800000116229057
v -0.004999999888241292 0.0173535905778408 0.009800000116229057
v -0.004999999888241292 0.0173535905778408 0.009800000116229057
v 0.028500000014901168 0.0173535905778408 0.009800000116229057
v 0.028500000014901168 0.017500000074505802 0.009653589688241482
v -0.004999999888241292 0.0173535905778408 0.009800000116229057
v 0.028500000014901168 0.017500000074505802 0.009653589688241482
v -0.004999999888241292 0.017500000074505802 0.009653589688241482
v -0.004999999888241292 0.017500000074505802 0.009653589688241482
v 0.028500000014901168 0.017500000074505802 0.009653589688241482
v 0.028500000014901168 0.017699999734759327 0.009600000455975533
v -0.004999999888241292 0.017500000074505802 0.009653589688241482
v 0.028500000014901168 0.017699999734759327 0.009600000455975533
v -0.004999999888241292 0.017699999734759327 0.009600000455975533
v -0.004999999888241292 0.017699999734759327 0.00839999970048666
v 0.028500000014901168 0.017699999734759327 0.00839999970048666
v 0.028500000014901168 0.017500000074505802 0.00834641046822071
v -0.004999999888241292 0.017699999734759327 0.00839999970048666
v 0.028500000014901168 0.017500000074505802 0.00834641046822071
v -0.004999999888241292 0.017500000074505802 0.00834641046822071
v -0.004999999888241292 0.017500000074505802 0.00834641046822071
v 0.028500000014901168 0.017500000074505802 0.00834641046822071
v 0.028500000014901168 0.0173535905778408 0.008200000040233135
v -0.004999999888241292 0.017500000074505802 0.00834641046822071
v 0.028500000014901168 0.0173535905778408 0.008200000040233135
v -0.004999999888241292 0.0173535905778408 0.008200000040233135
v -0.004999999888241292 0.0173535905778408 0.008200000040233135
v 0.028500000014901168 0.0173535905778408 0.008200000040233135
v 0.028500000014901168 0.017300000414252278 0.00800000037997961
v -0.004999999888241292 0.0173535905778408 0.008200000040233135
v 0.028500000014901168 0.017300000414252278 0.00800000037997961
v -0.004999999888241292 0.017300000414252278 0.00800000037997961
v -0.004999999888241292 0.017300000414252278 0.00800000037997961
v 0.028500000014901168 0.017300000414252278 0.00800000037997961
v 0.028500000014901168 0.0173535905778408 0.007799999788403511
v -0.004999999888241292 0.017300000414252278 0.00800000037997961
v 0.028500000014901168 0.0173535905778408 0.007799999788403511
v -0.004999999888241292 0.0173535905778408 0.007799999788403511
v -0.004999999888241292 0.0173535905778408 0.007799999788403511
v 0.028500000014901168 0.0173535905778408 0.007799999788403511
v 0.028500000014901168 0.017500000074505802 0.007653589826077223
v -0.004999999888241292 0.0173535905778408 0.007799999788403511
v 0.028500000014901168 0.017500000074505802 0.007653589826077223
v -0.004999999888241292 0.017500000074505802 0.007653589826077223
v -0.004999999888241292 0.017500000074505802 0.007653589826077223
v 0.028500000014901168 0.017500000074505802 0.007653589826077223
v 0.028500000014901168 0.017699999734759327 0.007600000128149986
v -0.004999999888241292 0.017500000074505802 0.007653589826077223
v 0.028500000014901168 0.017699999734759327 0.007600000128149986
v -0.004999999888241292 0.017699999734759327 0.007600000128149986
v -0.004999999888241292 0.017699999734759327 0.006399999838322401
v 0.028500000014901168 0.017699999734759327 0.006399999838322401
v 0.028500000014901168 0.017500000074505802 0.0063464101403951645
v -0.004999999888241292 0.017699999734759327 0.006399999838322401
v 0.028500000014901168 0.017500000074505802 0.0063464101403951645
v -0.004999999888241292 0.017500000074505802 0.0063464101403951645
v -0.004999999888241292 0.017500000074505802 0.0063464101403951645
v 0.028500000014901168 0.017500000074505802 0.0063464101403951645
v 0.028500000014901168 0.0173535905778408 0.006200000178068876
v -0.004999999888241292 0.017500000074505802 0.0063464101403951645
v 0.028500000014901168 0.0173535905778408 0.006200000178068876
v -0.004999999888241292 0.0173535905778408 0.006200000178068876
v -0.004999999888241292 0.0173535905778408 0.006200000178068876
v 0.028500000014901168 0.0173535905778408 0.006200000178068876
v 0.028500000014901168 0.017300000414252278 0.006000000052154064
v -0.004999999888241292 0.0173535905778408 0.006200000178068876
v 0.028500000014901168 0.017300000414252278 0.006000000052154064
v -0.004999999888241292 0.017300000414252278 0.006000000052154064
v -0.004999999888241292 0.017300000414252278 0.006000000052154064
v 0.028500000014901168 0.017300000414252278 0.006000000052154064
v 0.028500000014901168 0.0173535905778408 0.005799999926239252
v -0.004999999888241292 0.017300000414252278 0.006000000052154064
v 0.028500000014901168 0.0173535905778408 0.005799999926239252
v -0.004999999888241292 0.0173535905778408 0.005799999926239252
v -0.004999999888241292 0.0173535905778408 0.005799999926239252
v 0.028500000014901168 0.0173535905778408 0.005799999926239252
v 0.028500000014901168 0.017500000074505802 0.005653589963912964
v -0.004999999888241292 0.0173535905778408 0.005799999926239252
v 0.028500000014901168 0.017500000074505802 0.005653589963912964
v -0.004999999888241292 0.017500000074505802 0.005653589963912964
v -0.004999999888241292 0.017500000074505802 0.005653589963912964
v 0.028500000014901168 0.017500000074505802 0.005653589963912964
v 0.028500000014901168 0.017699999734759327 0.00559999980032444
v -0.004999999888241292 0.017500000074505802 0.005653589963912964
v 0.028500000014901168 0.017699999734759327 0.00559999980032444
v -0.004999999888241292 0.017699999734759327 0.00559999980032444
v -0.004999999888241292 0.017699999734759327 0.004399999976158142
v 0.028500000014901168 0.017699999734759327 0.004399999976158142
v 0.028500000014901168 0.017500000074505802 0.0043464102782309055
v -0.004999999888241292 0.017699999734759327 0.004399999976158142
v 0.028500000014901168 0.017500000074505802 0.0043464102782309055
v -0.004999999888241292 0.017500000074505802 0.0043464102782309055
v -0.004999999888241292 0.017500000074505802 0.0043464102782309055
v 0.028500000014901168 0.017500000074505802 0.0043464102782309055
v 0.028500000014901168 0.0173535905778408 0.00419999985024333
v -0.004999999888241292 0.017500000074505802 0.0043464102782309055
v 0.028500000014901168 0.0173535905778408 0.00419999985024333
v -0.004999999888241292 0.0173535905778408 0.00419999985024333
v -0.004999999888241292 0.0173535905778408 0.00419999985024333
v 0.028500000014901168 0.0173535905778408 0.00419999985024333
v 0.028500000014901168 0.017300000414252278 0.004000000189989805
v -0.004999999888241292 0.0173535905778408 0.00419999985024333
v 0.028500000014901168 0.017300000414252278 0.004000000189989805
v -0.004999999888241292 0.017300000414252278 0.004000000189989805
v -0.004999999888241292 0.017300000414252278 0.004000000189989805
v 0.028500000014901168 0.017300000414252278 0.004000000189989805
v 0.028500000014901168 0.0173535905778408 0.003800000064074993
v -0.004999999888241292 0.017300000414252278 0.004000000189989805
v 0.028500000014901168 0.0173535905778408 0.003800000064074993
v -0.004999999888241292 0.0173535905778408 0.003800000064074993
v -0.004999999888241292 0.0173535905778408 0.003800000064074993
v 0.028500000014901168 0.0173535905778408 0.003800000064074993
v 0.028500000014901168 0.017500000074505802 0.0036535898689180613
v -0.004999999888241292 0.0173535905778408 0.003800000064074993
v 0.028500000014901168 0.017500000074505802 0.0036535898689180613
v -0.004999999888241292 0.017500000074505802 0.0036535898689180613
v -0.004999999888241292 0.017500000074505802 0.0036535898689180613
v 0.028500000014901168 0.017500000074505802 0.0036535898689180613
v 0.028500000014901168 0.017699999734759327 0.003599999938160181
v -0.004999999888241292 0.017500000074505802 0.0036535898689180613
v 0.028500000014901168 0.017699999734759327 0.003599999938160181
v -0.004999999888241292 0.017699999734759327 0.003599999938160181
v -0.004999999888241292 0.017699999734759327 0.002400000113993883
v 0.028500000014901168 0.017699999734759327 0.002400000113993883
v 0.028500000014901168 0.017500000074505802 0.002346410183236003
v -0.004999999888241292 0.017699999734759327 0.002400000113993883
v 0.028500000014901168 0.017500000074505802 0.002346410183236003
v -0.004999999888241292 0.017500000074505802 0.002346410183236003
v -0.004999999888241292 0.017500000074505802 0.002346410183236003
v 0.028500000014901168 0.017500000074505802 0.002346410183236003
v 0.028500000014901168 0.0173535905778408 0.002199999988079071
v -0.004999999888241292 0.017500000074505802 0.002346410183236003
v 0.028500000014901168 0.0173535905778408 0.002199999988079071
v -0.004999999888241292 0.0173535905778408 0.002199999988079071
v -0.004999999888241292 0.0173535905778408 0.002199999988079071
v 0.028500000014901168 0.0173535905778408 0.002199999988079071
v 0.028500000014901168 0.017300000414252278 0.0020000000949949026
v -0.004999999888241292 0.0173535905778408 0.002199999988079071
v 0.028500000014901168 0.017300000414252278 0.0020000000949949026
v -0.004999999888241292 0.017300000414252278 0.0020000000949949026
v -0.004999999888241292 0.017300000414252278 0.0020000000949949026
v 0.028500000014901168 0.017300000414252278 0.0020000000949949026
v 0.028500000014901168 0.0173535905778408 0.0017999999690800905
v -0.004999999888241292 0.017300000414252278 0.0020000000949949026
v 0.028500000014901168 0.0173535905778408 0.0017999999690800905
v -0.004999999888241292 0.0173535905778408 0.0017999999690800905
v -0.004999999888241292 0.0173535905778408 0.0017999999690800905
v 0.028500000014901168 0.0173535905778408 0.0017999999690800905
v 0.028500000014901168 0.017500000074505802 0.0016535898903384805
v -0.004999999888241292 0.0173535905778408 0.0017999999690800905
v 0.028500000014901168 0.017500000074505802 0.0016535898903384805
v -0.004999999888241292 0.017500000074505802 0.0016535898903384805
v -0.004999999888241292 0.017500000074505802 0.0016535898903384805
v 0.028500000014901168 0.017500000074505802 0.0016535898903384805
v 0.028500000014901168 0.017699999734759327 0.0015999999595806003
v -0.004999999888241292 0.017500000074505802 0.0016535898903384805
v 0.028500000014901168 0.017699999734759327 0.0015999999595806003
v -0.004999999888241292 0.017699999734759327 0.0015999999595806003
v -0.004999999888241292 0.017699999734759327 0.00039999998989515007
v 0.028500000014901168 0.017699999734759327 0.00039999998989515007
v 0.028500000014901168 0.017500000074505802 0.0003464101755525917
v -0.004999999888241292 0.017699999734759327 0.00039999998989515007
v 0.028500000014901168 0.017500000074505802 0.0003464101755525917
v -0.004999999888241292 0.017500000074505802 0.0003464101755525917
v -0.004999999888241292 0.017500000074505802 0.0003464101755525917
v 0.028500000014901168 0.017500000074505802 0.0003464101755525917
v 0.028500000014901168 0.0173535905778408 0.00019999999494757503
v -0.004999999888241292 0.017500000074505802 0.0003464101755525917
v 0.028500000014901168 0.0173535905778408 0.00019999999494757503
v -0.004999999888241292 0.0173535905778408 0.00019999999494757503
v -0.004999999888241292 0.0173535905778408 0.00019999999494757503
v 0.028500000014901168 0.0173535905778408 0.00019999999494757503
v 0.01049999985843897 0.017300000414252278 -3.0995172236411193e-16
v -0.004999999888241292 0.0173535905778408 0.00019999999494757503
v 0.01049999985843897 0.017300000414252278 -3.0995172236411193e-16
v -0.004999999888241292 0.017300000414252278 -3.086362272574668e-16
v 0.028500000014901168 0.0173535905778408 0.00019999999494757503
v 0.028500000014901168 0.017300000414252278 -3.124831862060998e-16
v 0.01049999985843897 0.017300000414252278 -3.0995172236411193e-16
v 0.028500000014901168 0.017300000414252278 -3.124831862060998e-16
v 0.028500000014901168 0.0173535905778408 -0.00019999999494757503
v 0.01049999985843897 0.017300000414252278 -3.0995172236411193e-16
v 0.028500000014901168 0.0173535905778408 -0.00019999999494757503
v 0.01049999985843897 0.0173535905778408 -0.00019999999494757503
v 0.01049999985843897 0.0173535905778408 -0.00019999999494757503
v 0.028500000014901168 0.0173535905778408 -0.00019999999494757503
v 0.028500000014901168 0.017500000074505802 -0.0003464101755525917
v 0.01049999985843897 0.0173535905778408 -0.00019999999494757503
v 0.028500000014901168 0.017500000074505802 -0.0003464101755525917
v 0.01049999985843897 0.017500000074505802 -0.0003464101755525917
v 0.01049999985843897 0.017500000074505802 -0.0003464101755525917
v 0.028500000014901168 0.017500000074505802 -0.0003464101755525917
v 0.028500000014901168 0.017699999734759327 -0.00039999998989515007
v 0.01049999985843897 0.017500000074505802 -0.0003464101755525917
v 0.028500000014901168 0.017699999734759327 -0.00039999998989515007
v 0.01049999985843897 0.017699999734759327 -0.00039999998989515007
v 0.01049999985843897 0.017699999734759327 -0.0015999999595806003
v 0.028500000014901168 0.017699999734759327 -0.0015999999595806003
v 0.028500000014901168 0.017500000074505802 -0.0016535898903384805
v 0.01049999985843897 0.017699999734759327 -0.0015999999595806003
v 0.028500000014901168 0.017500000074505802 -0.0016535898903384805
v 0.01049999985843897 0.017500000074505802 -0.0016535898903384805
v 0.01049999985843897 0.017500000074505802 -0.0016535898903384805
v 0.028500000014901168 0.017500000074505802 -0.0016535898903384805
v 0.028500000014901168 0.0173535905778408 -0.0017999999690800905
v 0.01049999985843897 0.017500000074505802 -0.0016535898903384805
v 0.028500000014901168 0.0173535905778408 -0.0017999999690800905
v 0.01049999985843897 0.0173535905778408 -0.0017999999690800905
v 0.01049999985843897 0.0173535905778408 -0.0017999999690800905
v 0.028500000014901168 0.0173535905778408 -0.0017999999690800905
v 0.028500000014901168 0.017300000414252278 -0.0020000000949949026
v 0.01049999985843897 0.0173535905778408 -0.0017999999690800905
v 0.028500000014901168 0.017300000414252278 -0.0020000000949949026
v 0.01049999985843897 0.017300000414252278 -0.0020000000949949026
v 0.01049999985843897 0.017300000414252278 -0.0020000000949949026
v 0.028500000014901168 0.017300000414252278 -0.0020000000949949026
v 0.028500000014901168 0.0173535905778408 -0.002199999988079071
v 0.01049999985843897 0.017300000414252278 -0.0020000000949949026
v 0.028500000014901168 0.0173535905778408 -0.002199999988079071
v 0.01049999985843897 0.0173535905778408 -0.002199999988079071
v 0.01049999985843897 0.0173535905778408 -0.002199999988079071
v 0.028500000014901168 0.0173535905778408 -0.002199999988079071
v 0.028500000014901168 0.017500000074505802 -0.002346410183236003
v 0.01049999985843897 0.0173535905778408 -0.002199999988079071
v 0.028500000014901168 0.017500000074505802 -0.002346410183236003
v 0.01049999985843897 0.017500000074505802 -0.002346410183236003
v 0.01049999985843897 0.017500000074505802 -0.002346410183236003
v 0.028500000014901168 0.017500000074505802 -0.002346410183236003
v 0.028500000014901168 0.017699999734759327 -0.002400000113993883
v 0.01049999985843897 0.017500000074505802 -0.002346410183236003
v 0.028500000014901168 0.017699999734759327 -0.002400000113993883
v 0.01049999985843897 0.017699999734759327 -0.002400000113993883
v 0.028500000014901168 0.013000000268220898 -0.003000000026077032
v 0.028500000014901168 0.013000000268220898 0.014999999664723873
v 0.02835316956043244 0.012072948738932606 0.014999999664723873
v 0.028500000014901168 0.013000000268220898 -0.003000000026077032
v 0.02835316956043244 0.012072948738932606 0.014999999664723873
v 0.02835316956043244 0.012072948738932606 -0.003000000026077032
v 0.02835316956043244 0.012072948738932606 -0.003000000026077032
v 0.02835316956043244 0.012072948738932606 0.014999999664723873
v 0.027927050366997726 0.011236644349992274 0.014999999664723873
v 0.02835316956043244 0.012072948738932606 -0.003000000026077032
v 0.027927050366997726 0.011236644349992274 0.014999999664723873
v 0.027927050366997726 0.011236644349992274 -0.003000000026077032
v 0.027927050366997726 0.011236644349992274 -0.003000000026077032
v 0.027927050366997726 0.011236644349992274 0.014999999664723873
v 0.02726335637271405 0.010572949424386023 0.014999999664723873
v 0.027927050366997726 0.011236644349992274 -0.003000000026077032
v 0.02726335637271405 0.010572949424386023 0.014999999664723873
v 0.02726335637271405 0.010572949424386023 -0.003000000026077032
v 0.02726335637271405 0.010572949424386023 -0.003000000026077032
v 0.02726335637271405 0.010572949424386023 0.014999999664723873
v 0.02642705105245114 0.010146830230951307 0.014999999664723873
v 0.02726335637271405 0.010572949424386023 -0.003000000026077032
v 0.02642705105245114 0.010146830230951307 0.014999999664723873
v 0.02642705105245114 0.010146830230951307 -0.003000000026077032
v 0.02642705105245114 0.010146830230951307 -0.003000000026077032
v 0.02642705105245114 0.010146830230951307 0.014999999664723873
v 0.02549999952316285 0.00999999977648258 0.014999999664723873
v 0.02642705105245114 0.010146830230951307 -0.003000000026077032
v 0.02549999952316285 0.00999999977648258 0.014999999664723873
v 0.02549999952316285 0.00999999977648258 -0.003000000026077032
v 0.02549999952316285 0.00999999977648258 0.014999999664723873
v 0.01049999985843897 0.00999999977648258 0.014999999664723873
v 0.02549999952316285 0.00999999977648258 -0.003000000026077032
v 0.01049999985843897 0.00999999977648258 -0.003000000026077032
v -0.002499999944120646 0.013000000268220898 0.012000000104308128
v -0.002499999944120646 0.01150000002235174 0.012000000104308128
v -0.002499999944120646 0.013000000268220898 7.22801405241346e-20
v -0.002499999944120646 0.01150000002235174 -3.0870848975577943e-16
v -0.004999999888241292 0.01150000002235174 0.012000000104308128
v -0.004999999888241292 0.017300000414252278 0.012000000104308128
v -0.004999999888241292 0.017500000074505802 0.010346409864723682
v -0.004999999888241292 0.017699999734759327 0.011599999852478504
v -0.004999999888241292 0.017699999734759327 0.010400000028312206
v -0.004999999888241292 0.017500000074505802 0.011653590016067028
v -0.004999999888241292 0.0173535905778408 0.011800000444054604
v -0.004999999888241292 0.017699999734759327 0.009600000455975533
v -0.004999999888241292 0.017699999734759327 0.00839999970048666
v -0.004999999888241292 0.017500000074505802 0.009653589688241482
v -0.004999999888241292 0.017500000074505802 0.00834641046822071
v -0.004999999888241292 0.0173535905778408 0.009800000116229057
v -0.004999999888241292 0.0173535905778408 0.008200000040233135
v -0.004999999888241292 0.01150000002235174 -3.086362272574668e-16
v -0.004999999888241292 0.017300000414252278 0.009999999776482582
v -0.004999999888241292 0.0173535905778408 0.010200000368058681
v -0.004999999888241292 0.017300000414252278 0.006000000052154064
v -0.004999999888241292 0.0173535905778408 0.005799999926239252
v -0.004999999888241292 0.017500000074505802 0.007653589826077223
v -0.004999999888241292 0.017699999734759327 0.007600000128149986
v -0.004999999888241292 0.017699999734759327 0.006399999838322401
v -0.004999999888241292 0.0173535905778408 0.006200000178068876
v -0.004999999888241292 0.017500000074505802 0.0063464101403951645
v -0.004999999888241292 0.0173535905778408 0.007799999788403511
v -0.004999999888241292 0.017300000414252278 0.00800000037997961
v -0.004999999888241292 0.017500000074505802 0.0036535898689180613
v -0.004999999888241292 0.017699999734759327 0.003599999938160181
v -0.004999999888241292 0.017699999734759327 0.002400000113993883
v -0.004999999888241292 0.0173535905778408 0.0017999999690800905
v -0.004999999888241292 0.017300000414252278 0.0020000000949949026
v -0.004999999888241292 0.0173535905778408 0.002199999988079071
v -0.004999999888241292 0.017699999734759327 0.00559999980032444
v -0.004999999888241292 0.017699999734759327 0.004399999976158142
v -0.004999999888241292 0.017500000074505802 0.005653589963912964
v -0.004999999888241292 0.017500000074505802 0.0043464102782309055
v -0.004999999888241292 0.0173535905778408 0.00419999985024333
v -0.004999999888241292 0.017500000074505802 0.002346410183236003
v -0.004999999888241292 0.0173535905778408 0.003800000064074993
v -0.004999999888241292 0.017300000414252278 0.004000000189989805
v -0.004999999888241292 0.017699999734759327 0.0015999999595806003
v -0.004999999888241292 0.017699999734759327 0.00039999998989515007
v -0.004999999888241292 0.017500000074505802 0.0016535898903384805
v -0.004999999888241292 0.017500000074505802 0.0003464101755525917
v -0.004999999888241292 0.0173535905778408 0.00019999999494757503
v -0.004999999888241292 0.017300000414252278 -3.086362272574668e-16
v -0.002499999944120646 0.01150000002235174 0.012000000104308128
v -0.004999999888241292 0.01150000002235174 0.012000000104308128
v -0.002499999944120646 0.01150000002235174 -3.0870848975577943e-16
v -0.004999999888241292 0.01150000002235174 -3.086362272574668e-16
v 0.01049999985843897 0.017699999734759327 0.014399999752640724
v 0.01049999985843897 0.017699999734759327 0.014999999664723873
v 0.028500000014901168 0.017699999734759327 0.014399999752640724
v 0.028500000014901168 0.017699999734759327 0.014999999664723873
v 0.01049999985843897 0.0173535905778408 0.012199999764561653
v 0.01049999985843897 0.017300000414252278 0.012000000104308128
v 0.01049999985843897 0.01150000002235174 0.012000000104308128
v 0.01049999985843897 0.017699999734759327 0.014999999664723873
v 0.01049999985843897 0.017699999734759327 0.014399999752640724
v 0.01049999985843897 0.017500000074505802 0.014346410520374775
v 0.01049999985843897 0.00999999977648258 0.014999999664723873
v 0.01049999985843897 0.00999999977648258 -0.003000000026077032
v 0.01049999985843897 0.01150000002235174 -3.035766031260624e-19
v 0.01049999985843897 0.017500000074505802 0.012346410192549229
v 0.01049999985843897 0.017500000074505802 -0.0016535898903384805
v 0.01049999985843897 0.0173535905778408 -0.0017999999690800905
v 0.01049999985843897 0.017699999734759327 0.01360000018030405
v 0.01049999985843897 0.017699999734759327 0.012400000356137753
v 0.01049999985843897 0.017500000074505802 0.01365358941257
v 0.01049999985843897 0.0173535905778408 0.013799999840557575
v 0.01049999985843897 0.017300000414252278 0.014000000432133675
v 0.01049999985843897 0.0173535905778408 0.0142000000923872
v 0.01049999985843897 0.017699999734759327 -0.00039999998989515007
v 0.01049999985843897 0.017699999734759327 -0.0015999999595806003
v 0.01049999985843897 0.017500000074505802 -0.0003464101755525917
v 0.01049999985843897 0.0173535905778408 -0.00019999999494757503
v 0.01049999985843897 0.017300000414252278 -3.0995172236411193e-16
v 0.01049999985843897 0.017300000414252278 -0.0020000000949949026
v 0.01049999985843897 0.0173535905778408 -0.002199999988079071
v 0.01049999985843897 0.017699999734759327 -0.003000000026077032
v 0.01049999985843897 0.017500000074505802 -0.002346410183236003
v 0.01049999985843897 0.017699999734759327 -0.002400000113993883
v 0.01049999985843897 0.00999999977648258 -0.003000000026077032
v 0.01049999985843897 0.017699999734759327 -0.003000000026077032
v 0.02549999952316285 0.00999999977648258 -0.003000000026077032
v 0.028500000014901168 0.017699999734759327 -0.003000000026077032
v 0.028500000014901168 0.013000000268220898 -0.003000000026077032
v 0.02835316956043244 0.012072948738932606 -0.003000000026077032
v 0.02642705105245114 0.010146830230951307 -0.003000000026077032
v 0.027927050366997726 0.011236644349992274 -0.003000000026077032
v 0.02726335637271405 0.010572949424386023 -0.003000000026077032
v 0.028500000014901168 0.017300000414252278 0.014000000432133675
v 0.028500000014901168 0.0173535905778408 0.0142000000923872
v 0.028500000014901168 0.013000000268220898 0.014999999664723873
v 0.028500000014901168 0.017300000414252278 0.004000000189989805
v 0.028500000014901168 0.0173535905778408 0.00419999985024333
v 0.028500000014901168 0.017699999734759327 0.014999999664723873
v 0.028500000014901168 0.017500000074505802 0.014346410520374775
v 0.028500000014901168 0.017699999734759327 0.014399999752640724
v 0.028500000014901168 0.017500000074505802 0.0003464101755525917
v 0.028500000014901168 0.017699999734759327 0.00039999998989515007
v 0.028500000014901168 0.017699999734759327 0.0015999999595806003
v 0.028500000014901168 0.017699999734759327 0.002400000113993883
v 0.028500000014901168 0.017699999734759327 0.003599999938160181
v 0.028500000014901168 0.017500000074505802 0.002346410183236003
v 0.028500000014901168 0.017500000074505802 0.0036535898689180613
v 0.028500000014901168 0.0173535905778408 0.002199999988079071
v 0.028500000014901168 0.0173535905778408 0.003800000064074993
v 0.028500000014901168 0.017500000074505802 0.0043464102782309055
v 0.028500000014901168 0.017699999734759327 0.004399999976158142
v 0.028500000014901168 0.017699999734759327 0.00559999980032444
v 0.028500000014901168 0.017300000414252278 0.0020000000949949026
v 0.028500000014901168 0.013000000268220898 -0.003000000026077032
v 0.028500000014901168 0.0173535905778408 0.0017999999690800905
v 0.028500000014901168 0.0173535905778408 -0.002199999988079071
v 0.028500000014901168 0.017500000074505802 -0.002346410183236003
v 0.028500000014901168 0.017699999734759327 -0.003000000026077032
v 0.028500000014901168 0.017699999734759327 -0.002400000113993883
v 0.028500000014901168 0.017500000074505802 -0.0016535898903384805
v 0.028500000014901168 0.017699999734759327 -0.0015999999595806003
v 0.028500000014901168 0.017699999734759327 -0.00039999998989515007
v 0.028500000014901168 0.0173535905778408 -0.00019999999494757503
v 0.028500000014901168 0.017300000414252278 -3.126405490458319e-16
v 0.028500000014901168 0.0173535905778408 0.00019999999494757503
v 0.028500000014901168 0.017500000074505802 0.0016535898903384805
v 0.028500000014901168 0.017500000074505802 0.0063464101403951645
v 0.028500000014901168 0.017699999734759327 0.006399999838322401
v 0.028500000014901168 0.017699999734759327 0.007600000128149986
v 0.028500000014901168 0.017300000414252278 -0.0020000000949949026
v 0.028500000014901168 0.0173535905778408 -0.0017999999690800905
v 0.028500000014901168 0.017500000074505802 -0.0003464101755525917
v 0.028500000014901168 0.017500000074505802 0.007653589826077223
v 0.028500000014901168 0.0173535905778408 0.007799999788403511
v 0.028500000014901168 0.0173535905778408 0.006200000178068876
v 0.028500000014901168 0.017300000414252278 0.006000000052154064
v 0.028500000014901168 0.0173535905778408 0.005799999926239252
v 0.028500000014901168 0.017500000074505802 0.005653589963912964
v 0.028500000014901168 0.017500000074505802 0.00834641046822071
v 0.028500000014901168 0.017699999734759327 0.00839999970048666
v 0.028500000014901168 0.017699999734759327 0.009600000455975533
v 0.028500000014901168 0.017500000074505802 0.009653589688241482
v 0.028500000014901168 0.0173535905778408 0.009800000116229057
v 0.028500000014901168 0.0173535905778408 0.008200000040233135
v 0.028500000014901168 0.017300000414252278 0.00800000037997961
v 0.028500000014901168 0.017300000414252278 0.012000000104308128
v 0.028500000014901168 0.0173535905778408 0.012199999764561653
v 0.028500000014901168 0.017500000074505802 0.010346409864723682
v 0.028500000014901168 0.017699999734759327 0.010400000028312206
v 0.028500000014901168 0.017699999734759327 0.011599999852478504
v 0.028500000014901168 0.0173535905778408 0.011800000444054604
v 0.028500000014901168 0.017500000074505802 0.011653590016067028
v 0.028500000014901168 0.0173535905778408 0.010200000368058681
v 0.028500000014901168 0.017300000414252278 0.009999999776482582
v 0.028500000014901168 0.017699999734759327 0.012400000356137753
v 0.028500000014901168 0.017699999734759327 0.01360000018030405
v 0.028500000014901168 0.017500000074505802 0.012346410192549229
v 0.028500000014901168 0.017500000074505802 0.01365358941257
v 0.028500000014901168 0.0173535905778408 0.013799999840557575
v 0.01049999985843897 0.017699999734759327 0.014999999664723873
v 0.01049999985843897 0.00999999977648258 0.014999999664723873
v 0.028500000014901168 0.017699999734759327 0.014999999664723873
v 0.02549999952316285 0.00999999977648258 0.014999999664723873
v 0.02726335637271405 0.010572949424386023 0.014999999664723873
v 0.027927050366997726 0.011236644349992274 0.014999999664723873
v 0.02642705105245114 0.010146830230951307 0.014999999664723873
v 0.02835316956043244 0.012072948738932606 0.014999999664723873
v 0.028500000014901168 0.013000000268220898 0.014999999664723873
v 0.028500000014901168 0.017699999734759327 -0.002400000113993883
v 0.028500000014901168 0.017699999734759327 -0.003000000026077032
v 0.01049999985843897 0.017699999734759327 -0.002400000113993883
v 0.01049999985843897 0.017699999734759327 -0.003000000026077032
v 0.028500000014901168 0.017699999734759327 -0.00039999998989515007
v 0.028500000014901168 0.017699999734759327 -0.0015999999595806003
v 0.01049999985843897 0.017699999734759327 -0.00039999998989515007
v 0.01049999985843897 0.017699999734759327 -0.0015999999595806003
v 0.028500000014901168 0.017699999734759327 0.0015999999595806003
v 0.028500000014901168 0.017699999734759327 0.00039999998989515007
v -0.004999999888241292 0.017699999734759327 0.0015999999595806003
v -0.004999999888241292 0.017699999734759327 0.00039999998989515007
v 0.028500000014901168 0.017699999734759327 0.003599999938160181
v 0.028500000014901168 0.017699999734759327 0.002400000113993883
v -0.004999999888241292 0.017699999734759327 0.003599999938160181
v -0.004999999888241292 0.017699999734759327 0.002400000113993883
v 0.028500000014901168 0.017699999734759327 0.00559999980032444
v 0.028500000014901168 0.017699999734759327 0.004399999976158142
v -0.004999999888241292 0.017699999734759327 0.00559999980032444
v -0.004999999888241292 0.017699999734759327 0.004399999976158142
v 0.028500000014901168 0.017699999734759327 0.007600000128149986
v 0.028500000014901168 0.017699999734759327 0.006399999838322401
v -0.004999999888241292 0.017699999734759327 0.007600000128149986
v -0.004999999888241292 0.017699999734759327 0.006399999838322401
v 0.028500000014901168 0.017699999734759327 0.009600000455975533
v 0.028500000014901168 0.017699999734759327 0.00839999970048666
v -0.004999999888241292 0.017699999734759327 0.009600000455975533
v -0.004999999888241292 0.017699999734759327 0.00839999970048666
v 0.028500000014901168 0.017699999734759327 0.011599999852478504
v 0.028500000014901168 0.017699999734759327 0.010400000028312206
v -0.004999999888241292 0.017699999734759327 0.011599999852478504
v -0.004999999888241292 0.017699999734759327 0.010400000028312206
v 0.028500000014901168 0.017699999734759327 0.01360000018030405
v 0.028500000014901168 0.017699999734759327 0.012400000356137753
v 0.01049999985843897 0.017699999734759327 0.01360000018030405
v 0.01049999985843897 0.017699999734759327 0.012400000356137753
v 0.0020125000737607483 0.014499999582767483 0.00511232390999794
v 0.0023876761551946406 0.014499999582767483 0.005487500224262476
v 0.0006123239872977139 0.014499999582767483 0.006512499880045652
v 0.0025249999016523366 0.014499999582767483 0.006000000052154064
v 0.0015000000130385165 0.014499999582767483 0.007025000173598528
v 0.0009874999523162844 0.014499999582767483 0.006887676194310188
v 0.0020125000737607483 0.014499999582767483 0.006887676194310188
v 0.0023876761551946406 0.014499999582767483 0.006512499880045652
v 0.0009874999523162844 0.014499999582767483 0.00511232390999794
v 0.0015000000130385165 0.014499999582767483 0.0049749999307096004
v 0.0006123239872977139 0.014499999582767483 0.005487500224262476
v 0.00047500000800937425 0.014499999582767483 0.006000000052154064
v 0.011987499892711643 0.01150000002235174 0.006887676194310188
v 0.012500000186264518 0.01150000002235174 0.007025000173598528
v 0.01301249954849482 0.01150000002235174 0.006887676194310188
v 0.01301249954849482 0.01150000002235174 0.00511232390999794
v 0.012500000186264518 0.01150000002235174 0.0049749999307096004
v 0.011987499892711643 0.01150000002235174 0.00511232390999794
v 0.013387676328420643 0.01150000002235174 0.005487500224262476
v 0.013524999842047695 0.01150000002235174 0.006000000052154064
v 0.013387676328420643 0.01150000002235174 0.006512499880045652
v 0.011612324044108393 0.01150000002235174 0.005487500224262476
v 0.011474999599158766 0.01150000002235174 0.006000000052154064
v 0.011612324044108393 0.01150000002235174 0.006512499880045652
v 0.011987499892711643 0.01150000002235174 0.006887676194310188
v 0.012500000186264518 0.014499999582767483 0.007025000173598528
v 0.012500000186264518 0.01150000002235174 0.007025000173598528
v 0.012500000186264518 0.01150000002235174 0.007025000173598528
v 0.012500000186264518 0.014499999582767483 0.007025000173598528
v 0.01301249954849482 0.014499999582767483 0.006887676194310188
v 0.012500000186264518 0.01150000002235174 0.007025000173598528
v 0.01301249954849482 0.014499999582767483 0.006887676194310188
v 0.01301249954849482 0.01150000002235174 0.006887676194310188
v 0.01301249954849482 0.01150000002235174 0.006887676194310188
v 0.01301249954849482 0.014499999582767483 0.006887676194310188
v 0.013387676328420643 0.014499999582767483 0.006512499880045652
v 0.01301249954849482 0.01150000002235174 0.006887676194310188
v 0.013387676328420643 0.014499999582767483 0.006512499880045652
v 0.013387676328420643 0.01150000002235174 0.006512499880045652
v 0.013387676328420643 0.01150000002235174 0.006512499880045652
v 0.013387676328420643 0.014499999582767483 0.006512499880045652
v 0.013524999842047695 0.014499999582767483 0.006000000052154064
v 0.013387676328420643 0.01150000002235174 0.006512499880045652
v 0.013524999842047695 0.014499999582767483 0.006000000052154064
v 0.013524999842047695 0.01150000002235174 0.006000000052154064
v 0.013524999842047695 0.01150000002235174 0.006000000052154064
v 0.013524999842047695 0.014499999582767483 0.006000000052154064
v 0.013387676328420643 0.014499999582767483 0.005487500224262476
v 0.013524999842047695 0.01150000002235174 0.006000000052154064
v 0.013387676328420643 0.014499999582767483 0.005487500224262476
v 0.013387676328420643 0.01150000002235174 0.005487500224262476
v 0.013387676328420643 0.01150000002235174 0.005487500224262476
v 0.013387676328420643 0.014499999582767483 0.005487500224262476
v 0.01301249954849482 0.014499999582767483 0.00511232390999794
v 0.013387676328420643 0.01150000002235174 0.005487500224262476
v 0.01301249954849482 0.014499999582767483 0.00511232390999794
v 0.01301249954849482 0.01150000002235174 0.00511232390999794
v 0.01301249954849482 0.01150000002235174 0.00511232390999794
v 0.01301249954849482 0.014499999582767483 0.00511232390999794
v 0.012500000186264518 0.014499999582767483 0.0049749999307096004
v 0.01301249954849482 0.01150000002235174 0.00511232390999794
v 0.012500000186264518 0.014499999582767483 0.0049749999307096004
v 0.012500000186264518 0.01150000002235174 0.0049749999307096004
v 0.012500000186264518 0.01150000002235174 0.0049749999307096004
v 0.012500000186264518 0.014499999582767483 0.0049749999307096004
v 0.011987499892711643 0.014499999582767483 0.00511232390999794
v 0.012500000186264518 0.01150000002235174 0.0049749999307096004
v 0.011987499892711643 0.014499999582767483 0.00511232390999794
v 0.011987499892711643 0.01150000002235174 0.00511232390999794
v 0.011987499892711643 0.01150000002235174 0.00511232390999794
v 0.011987499892711643 0.014499999582767483 0.00511232390999794
v 0.011612324044108393 0.014499999582767483 0.005487500224262476
v 0.011987499892711643 0.01150000002235174 0.00511232390999794
v 0.011612324044108393 0.014499999582767483 0.005487500224262476
v 0.011612324044108393 0.01150000002235174 0.005487500224262476
v 0.011612324044108393 0.01150000002235174 0.005487500224262476
v 0.011612324044108393 0.014499999582767483 0.005487500224262476
v 0.011474999599158766 0.014499999582767483 0.006000000052154064
v 0.011612324044108393 0.01150000002235174 0.005487500224262476
v 0.011474999599158766 0.014499999582767483 0.006000000052154064
v 0.011474999599158766 0.01150000002235174 0.006000000052154064
v 0.011474999599158766 0.01150000002235174 0.006000000052154064
v 0.011474999599158766 0.014499999582767483 0.006000000052154064
v 0.011612324044108393 0.014499999582767483 0.006512499880045652
v 0.011474999599158766 0.01150000002235174 0.006000000052154064
v 0.011612324044108393 0.014499999582767483 0.006512499880045652
v 0.011612324044108393 0.01150000002235174 0.006512499880045652
v 0.011612324044108393 0.01150000002235174 0.006512499880045652
v 0.011612324044108393 0.014499999582767483 0.006512499880045652
v 0.011987499892711643 0.014499999582767483 0.006887676194310188
v 0.011612324044108393 0.01150000002235174 0.006512499880045652
v 0.011987499892711643 0.014499999582767483 0.006887676194310188
v 0.011987499892711643 0.01150000002235174 0.006887676194310188
v 0.011987499892711643 0.01150000002235174 0.006887676194310188
v 0.011987499892711643 0.014499999582767483 0.006887676194310188
v 0.012500000186264518 0.014499999582767483 0.007025000173598528
v 0.011987499892711643 0.014499999582767483 0.006887676194310188
v 0.011612324044108393 0.014499999582767483 0.006512499880045652
v 0.011474999599158766 0.014499999582767483 0.006000000052154064
v 0.01301249954849482 0.014499999582767483 0.00511232390999794
v 0.013387676328420643 0.014499999582767483 0.005487500224262476
v 0.013524999842047695 0.014499999582767483 0.006000000052154064
v 0.012500000186264518 0.014499999582767483 0.007025000173598528
v 0.01301249954849482 0.014499999582767483 0.006887676194310188
v 0.011987499892711643 0.014499999582767483 0.00511232390999794
v 0.011612324044108393 0.014499999582767483 0.005487500224262476
v 0.012500000186264518 0.014499999582767483 0.0049749999307096004
v 0.013387676328420643 0.014499999582767483 0.006512499880045652
v 0.023499999195337302 0.01150000002235174 0.0049749999307096004
v 0.022987499833106998 0.01150000002235174 0.00511232390999794
v 0.02261232398450375 0.01150000002235174 0.005487500224262476
v 0.022475000470876697 0.01150000002235174 0.006000000052154064
v 0.02261232398450375 0.01150000002235174 0.006512499880045652
v 0.022987499833106998 0.01150000002235174 0.006887676194310188
v 0.024387676268816 0.01150000002235174 0.005487500224262476
v 0.024012500420212753 0.01150000002235174 0.00511232390999794
v 0.024524999782443054 0.01150000002235174 0.006000000052154064
v 0.024387676268816 0.01150000002235174 0.006512499880045652
v 0.024012500420212753 0.01150000002235174 0.006887676194310188
v 0.023499999195337302 0.01150000002235174 0.007025000173598528
v 0.022987499833106998 0.01150000002235174 0.006887676194310188
v 0.023499999195337302 0.014499999582767483 0.007025000173598528
v 0.023499999195337302 0.01150000002235174 0.007025000173598528
v 0.023499999195337302 0.01150000002235174 0.007025000173598528
v 0.023499999195337302 0.014499999582767483 0.007025000173598528
v 0.024012500420212753 0.014499999582767483 0.006887676194310188
v 0.023499999195337302 0.01150000002235174 0.007025000173598528
v 0.024012500420212753 0.014499999582767483 0.006887676194310188
v 0.024012500420212753 0.01150000002235174 0.006887676194310188
v 0.024012500420212753 0.01150000002235174 0.006887676194310188
v 0.024012500420212753 0.014499999582767483 0.006887676194310188
v 0.024387676268816 0.014499999582767483 0.006512499880045652
v 0.024012500420212753 0.01150000002235174 0.006887676194310188
v 0.024387676268816 0.014499999582767483 0.006512499880045652
v 0.024387676268816 0.01150000002235174 0.006512499880045652
v 0.024387676268816 0.01150000002235174 0.006512499880045652
v 0.024387676268816 0.014499999582767483 0.006512499880045652
v 0.024524999782443054 0.014499999582767483 0.006000000052154064
v 0.024387676268816 0.01150000002235174 0.006512499880045652
v 0.024524999782443054 0.014499999582767483 0.006000000052154064
v 0.024524999782443054 0.01150000002235174 0.006000000052154064
v 0.024524999782443054 0.01150000002235174 0.006000000052154064
v 0.024524999782443054 0.014499999582767483 0.006000000052154064
v 0.024387676268816 0.014499999582767483 0.005487500224262476
v 0.024524999782443054 0.01150000002235174 0.006000000052154064
v 0.024387676268816 0.014499999582767483 0.005487500224262476
v 0.024387676268816 0.01150000002235174 0.005487500224262476
v 0.024387676268816 0.01150000002235174 0.005487500224262476
v 0.024387676268816 0.014499999582767483 0.005487500224262476
v 0.024012500420212753 0.014499999582767483 0.00511232390999794
v 0.024387676268816 0.01150000002235174 0.005487500224262476
v 0.024012500420212753 0.014499999582767483 0.00511232390999794
v 0.024012500420212753 0.01150000002235174 0.00511232390999794
v 0.024012500420212753 0.01150000002235174 0.00511232390999794
v 0.024012500420212753 0.014499999582767483 0.00511232390999794
v 0.023499999195337302 0.014499999582767483 0.0049749999307096004
v 0.024012500420212753 0.01150000002235174 0.00511232390999794
v 0.023499999195337302 0.014499999582767483 0.0049749999307096004
v 0.023499999195337302 0.01150000002235174 0.0049749999307096004
v 0.023499999195337302 0.01150000002235174 0.0049749999307096004
v 0.023499999195337302 0.014499999582767483 0.0049749999307096004
v 0.022987499833106998 0.014499999582767483 0.00511232390999794
v 0.023499999195337302 0.01150000002235174 0.0049749999307096004
v 0.022987499833106998 0.014499999582767483 0.00511232390999794
v 0.022987499833106998 0.01150000002235174 0.00511232390999794
v 0.022987499833106998 0.01150000002235174 0.00511232390999794
v 0.022987499833106998 0.014499999582767483 0.00511232390999794
v 0.02261232398450375 0.014499999582767483 0.005487500224262476
v 0.022987499833106998 0.01150000002235174 0.00511232390999794
v 0.02261232398450375 0.014499999582767483 0.005487500224262476
v 0.02261232398450375 0.01150000002235174 0.005487500224262476
v 0.02261232398450375 0.01150000002235174 0.005487500224262476
v 0.02261232398450375 0.014499999582767483 0.005487500224262476
v 0.022475000470876697 0.014499999582767483 0.006000000052154064
v 0.02261232398450375 0.01150000002235174 0.005487500224262476
v 0.022475000470876697 0.014499999582767483 0.006000000052154064
v 0.022475000470876697 0.01150000002235174 0.006000000052154064
v 0.022475000470876697 0.01150000002235174 0.006000000052154064
v 0.022475000470876697 0.014499999582767483 0.006000000052154064
v 0.02261232398450375 0.014499999582767483 0.006512499880045652
v 0.022475000470876697 0.01150000002235174 0.006000000052154064
v 0.02261232398450375 0.014499999582767483 0.006512499880045652
v 0.02261232398450375 0.01150000002235174 0.006512499880045652
v 0.02261232398450375 0.01150000002235174 0.006512499880045652
v 0.02261232398450375 0.014499999582767483 0.006512499880045652
v 0.022987499833106998 0.014499999582767483 0.006887676194310188
v 0.02261232398450375 0.01150000002235174 0.006512499880045652
v 0.022987499833106998 0.014499999582767483 0.006887676194310188
v 0.022987499833106998 0.01150000002235174 0.006887676194310188
v 0.022987499833106998 0.01150000002235174 0.006887676194310188
v 0.022987499833106998 0.014499999582767483 0.006887676194310188
v 0.023499999195337302 0.014499999582767483 0.007025000173598528
v 0.02261232398450375 0.014499999582767483 0.005487500224262476
v 0.022987499833106998 0.014499999582767483 0.00511232390999794
v 0.023499999195337302 0.014499999582767483 0.0049749999307096004
v 0.024012500420212753 0.014499999582767483 0.00511232390999794
v 0.024387676268816 0.014499999582767483 0.005487500224262476
v 0.024524999782443054 0.014499999582767483 0.006000000052154064
v 0.024387676268816 0.014499999582767483 0.006512499880045652
v 0.02261232398450375 0.014499999582767483 0.006512499880045652
v 0.022475000470876697 0.014499999582767483 0.006000000052154064
v 0.022987499833106998 0.014499999582767483 0.006887676194310188
v 0.023499999195337302 0.014499999582767483 0.007025000173598528
v 0.024012500420212753 0.014499999582767483 0.006887676194310188
f 1 2 3
f 4 5 6
f 7 8 4
f 9 10 11
f 12 13 14
f 14 13 15
f 15 13 16
f 15 16 17
f 18 19 20
f 20 19 21
f 20 21 22
f 14 23 12
f 12 23 24
f 12 24 25
f 25 24 26
f 25 26 27
f 27 26 28
f 27 28 29
f 29 28 30
f 29 30 11
f 3 31 1
f 1 31 32
f 1 32 33
f 34 35 6
f 6 35 36
f 6 36 4
f 4 36 37
f 4 37 7
f 11 30 9
f 9 30 38
f 9 38 39
f 39 38 40
f 39 40 41
f 41 40 42
f 41 42 34
f 34 42 43
f 34 43 35
f 21 44 22
f 22 44 45
f 22 45 46
f 5 4 47
f 47 4 1
f 47 1 48
f 48 1 33
f 48 33 49
f 49 33 50
f 49 50 51
f 51 50 52
f 51 52 53
f 53 52 54
f 53 54 55
f 55 54 19
f 55 19 9
f 9 19 18
f 9 18 10
f 45 56 46
f 46 56 57
f 46 57 16
f 16 57 58
f 16 58 17
f 59 60 61
f 61 60 62
f 61 62 63
f 64 65 66
f 66 65 61
f 66 61 67
f 67 61 63
f 68 69 70
f 70 69 71
f 72 73 74
f 74 73 69
f 74 69 75
f 75 69 68
f 75 68 62
f 62 68 76
f 62 76 63
f 77 78 79
f 79 78 80
f 79 80 69
f 69 80 81
f 69 81 71
f 82 83 84
f 84 83 85
f 84 85 77
f 77 85 86
f 77 86 78
f 82 84 87
f 87 84 88
f 87 88 89
f 89 88 90
f 90 88 91
f 90 91 92
f 92 91 93
f 92 93 94
f 94 93 95
f 95 93 96
f 95 96 97
f 97 96 98
f 97 98 99
f 100 101 72
f 72 101 102
f 72 102 73
f 103 104 105
f 105 104 106
f 105 106 107
f 59 61 108
f 108 61 105
f 108 105 109
f 109 105 107
f 109 107 110
f 98 101 99
f 99 101 100
f 99 100 111
f 111 100 112
f 111 112 113
f 113 112 114
f 113 114 115
f 115 114 110
f 115 110 116
f 116 110 107
f 117 118 119
f 119 118 120
f 121 122 123
f 123 122 124
f 125 126 127
f 127 126 128
f 129 130 131
f 132 133 134
f 135 136 137
f 138 139 140
f 141 142 143
f 144 145 146
f 147 148 149
f 150 151 152
f 153 154 155
f 156 157 158
f 159 160 161
f 162 163 164
f 165 166 167
f 167 168 169
f 170 171 172
f 173 174 175
f 176 177 178
f 179 180 181
f 182 183 184
f 185 186 187
f 188 189 190
f 191 192 193
f 194 195 196
f 197 198 199
f 200 201 202
f 203 204 205
f 206 207 208
f 209 210 211
f 212 213 214
f 215 216 217
f 218 219 220
f 221 222 223
f 224 225 226
f 227 228 229
f 230 231 232
f 233 234 235
f 236 237 238
f 239 240 241
f 242 243 244
f 245 246 247
f 248 249 250
f 251 252 253
f 254 255 256
f 257 258 259
f 260 261 262
f 263 264 265
f 266 267 268
f 269 270 271
f 272 273 274
f 275 276 277
f 278 279 280
f 281 282 283
f 284 285 286
f 287 288 289
f 290 291 292
f 293 294 295
f 296 297 298
f 299 300 301
f 302 303 304
f 305 306 307
f 308 309 310
f 311 312 313
f 314 315 316
f 317 318 319
f 320 321 322
f 323 324 325
f 326 327 328
f 329 330 331
f 332 333 334
f 335 336 337
f 338 339 340
f 341 342 343
f 344 345 346
f 347 348 349
f 350 351 352
f 353 354 355
f 356 231 357
f 358 359 360
f 361 362 363
f 364 365 366
f 367 368 369
f 370 371 372
f 373 374 375
f 376 377 378
f 379 380 381
f 382 383 384
f 385 386 387
f 388 389 390
f 391 392 393
f 394 395 396
f 397 398 399
f 400 401 402
f 403 404 405
f 406 407 408
f 409 410 411
f 412 413 414
f 415 416 417
f 418 419 420
f 421 422 423
f 424 425 426
f 427 428 429
f 430 431 432
f 433 434 435
f 436 437 438
f 439 440 441
f 442 443 444
f 445 446 447
f 448 449 450
f 451 452 453
f 454 455 456
f 457 458 459
f 460 461 462
f 463 464 465
f 466 467 468
f 469 470 471
f 472 473 474
f 475 476 477
f 478 479 480
f 481 482 483
f 484 485 486
f 487 488 489
f 490 491 492
f 493 494 495
f 496 497 498
f 499 500 501
f 502 503 504
f 505 506 507
f 508 509 510
f 511 512 513
f 514 515 516
f 517 518 519
f 520 521 522
f 523 524 525
f 526 527 528
f 529 530 531
f 532 533 534
f 535 536 537
f 538 539 540
f 541 542 543
f 544 545 546
f 547 548 549
f 550 551 552
f 553 554 555
f 556 557 558
f 559 560 561
f 562 563 564
f 565 566 567
f 568 569 570
f 571 572 573
f 574 575 576
f 577 578 579
f 580 581 582
f 583 584 585
f 586 587 588
f 589 590 591
f 592 593 594
f 595 596 597
f 598 599 600
f 601 602 603
f 604 605 606
f 607 608 609
f 610 611 612
f 613 614 615
f 616 617 618
f 619 620 621
f 622 623 624
f 625 626 627
f 628 629 630
f 631 632 633
f 634 635 636
f 637 638 639
f 640 641 642
f 643 644 645
f 646 647 648
f 649 650 651
f 652 653 654
f 655 656 657
f 658 659 660
f 661 662 663
f 664 665 666
f 667 668 669
f 670 671 672
f 673 674 675
f 676 677 678
f 679 680 681
f 682 683 684
f 685 686 687
f 687 688 689
f 690 691 692
f 693 694 695
f 696 697 698
f 699 700 701
f 702 703 704
f 705 706 707
f 708 709 710
f 711 712 713
f 714 715 716
f 717 718 719
f 720 721 722
f 723 724 725
f 726 727 728
f 729 730 731
f 732 733 734
f 735 736 737
f 738 739 740
f 741 742 743
f 744 745 746
f 747 748 749
f 750 751 752
f 753 754 755
f 756 757 758
f 759 760 761
f 761 760 762
f 763 764 765
f 766 767 768
f 769 770 771
f 772 773 774
f 775 776 777
f 778 779 780
f 781 782 783
f 784 785 786
f 787 788 789
f 790 791 792
f 793 794 795
f 795 794 796
f 795 796 797
f 797 798 795
f 795 798 799
f 795 799 800
f 800 799 801
f 802 803 804
f 804 803 800
f 804 800 805
f 805 800 801
f 802 806 803
f 803 806 807
f 803 807 793
f 793 807 808
f 793 808 794
f 809 810 811
f 812 813 814
f 815 816 817
f 818 819 820
f 821 822 823
f 824 825 826
f 826 827 828
f 829 830 831
f 832 833 834
f 835 836 837
f 838 839 840
f 841 842 843
f 844 845 846
f 847 848 849
f 850 851 852
f 853 854 855
f 856 857 858
f 859 860 861
f 862 863 864
f 865 866 867
f 868 869 870
f 871 872 873
f 874 875 876
f 877 878 879
f 880 881 882
f 883 884 885
f 886 887 888
f 889 890 891
f 892 893 894
f 895 896 897
f 898 899 900
f 901 902 903
f 904 905 906
f 907 908 909
f 910 911 912
f 913 914 915
f 916 917 918
f 919 920 921
f 922 923 924
f 925 926 927
f 928 929 930
f 931 932 933
f 934 935 936
f 937 938 939
f 940 941 942
f 943 944 945
f 946 947 948
f 949 950 951
f 952 953 954
f 955 956 957
f 958 959 960
f 961 962 963
f 964 965 966
f 967 968 969
f 970 971 972
f 973 974 975
f 976 977 978
f 979 980 981
f 982 983 984
f 985 986 987
f 988 989 990
f 991 992 993
f 994 995 996
f 997 998 999
f 1000 1001 1002
f 1003 1004 1005
f 1006 1007 1008
f 1009 1010 1011
f 1012 1013 1014
f 1015 1016 1017
f 1018 1019 1020
f 1021 1022 1023
f 1024 1025 1026
f 1027 953 952
f 1028 1029 1030
f 1031 1032 1033
f 1034 1035 1036
f 1037 1038 1039
f 1040 1041 1042
f 1043 1044 1045
f 1046 1047 1048
f 1049 1050 1051
f 1052 1053 1054
f 1055 1056 1057
f 1058 1022 1059
f 1060 1061 1062
f 1063 1064 1065
f 1066 1067 1068
f 1069 1070 1071
f 1072 1073 1074
f 1075 1076 1077
f 1078 1079 1080
f 1081 1082 1083
f 1084 1085 1086
f 1087 1088 1089
f 1090 1091 1092
f 1093 1094 1095
f 1096 1097 1098
f 1099 1100 1101
f 1102 1103 1104
f 1105 1106 1107
f 1108 1109 1110
f 1111 1112 1113
f 1114 1115 1116
f 1117 1118 1119
f 1120 1121 1122
f 1123 1124 1125
f 1126 1127 1128
f 1129 1130 1131
f 1132 1133 1134
f 1135 1136 1137
f 1138 1139 1140
f 1141 1142 1143
f 1144 1145 1146
f 1147 1148 1149
f 1150 1151 1152
f 1153 1154 1155
f 1156 1157 1158
f 1159 1160 1161
f 1162 1163 1164
f 1165 1166 1167
f 1168 1169 1170
f 1171 1172 1173
f 1174 1175 1176
f 1177 1178 1179
f 1180 1181 1182
f 1183 1184 1185
f 1186 1187 1188
f 1189 1190 1191
f 1192 1193 1194
f 1195 1196 1197
f 1198 1199 1200
f 1201 1202 1203
f 1204 1205 1206
f 1207 1208 1209
f 1210 1211 1212
f 1213 1214 1215
f 1216 1217 1218
f 1219 1220 1221
f 1222 1223 1224
f 1225 1226 1227
f 1228 1229 1230
f 1231 1232 1233
f 1234 1235 1236
f 1237 1238 1239
f 1240 1241 1242
f 1243 1244 1245
f 1246 1247 1248
f 1249 1250 1251
f 1252 1253 1254
f 1255 1256 1257
f 1258 1259 1260
f 1261 1262 1263
f 1264 1265 1266
f 1251 1267 1268
f 1269 1270 1271
f 1272 1273 1274
f 1275 1276 1277
f 1278 1279 1280
f 1281 1282 1283
f 1284 1285 1286
f 1287 1288 1289
f 1290 1291 1292
f 1293 1294 1295
f 1296 1297 1298
f 1299 1300 1301
f 1302 1303 1304
f 1305 1306 1307
f 1308 1309 1310
f 1311 1312 1313
f 1314 1315 1316
f 1317 1318 1319
f 1320 1321 1322
f 1323 1324 1325
f 1326 1327 1328
f 1329 1330 1331
f 1332 1333 1334
f 1335 1336 1337
f 1338 1339 1340
f 1341 1342 1343
f 1344 1345 1346
f 1347 1348 1349
f 1350 1351 1352
f 1353 1354 1355
f 1356 1357 1358
f 1359 1360 1361
f 1362 1363 1364
f 1365 1366 1367
f 1368 1369 1370
f 1371 1372 1373
f 1374 1375 1376
f 1377 1378 1379
f 1380 1381 1382
f 1383 1384 1385
f 1386 1387 1388
f 1389 1390 1391
f 1392 1393 1394
f 1395 1396 1397
f 1398 1399 1400
f 1401 1402 1403
f 1404 1405 1406
f 1407 1408 1409
f 1410 1411 1412
f 1413 1414 1415
f 1416 1417 1418
f 1419 1420 1421
f 1422 1423 1424
f 1425 1426 1427
f 1428 1429 1430
f 1431 1432 1433
f 1434 1435 1436
f 1437 1438 1439
f 1440 1441 1442
f 1443 1444 1445
f 1446 1447 1448
f 1449 1450 1451
f 1452 1453 1454
f 1455 1456 1457
f 1458 1459 1460
f 1461 1462 1463
f 1464 1465 1466
f 1467 1468 1469
f 1470 1471 1472
f 1473 1474 1475
f 1476 1477 1478
f 1479 1480 1481
f 1482 1483 1480
f 1484 1485 1486
f 1487 1488 1489
f 1490 1491 1492
f 1493 1494 1495
f 1496 1497 1498
f 1499 1500 1501
f 1502 1503 1504
f 1505 1506 1507
f 1508 1509 1510
f 1511 1512 1513
f 1514 1515 1516
f 1517 1518 1519
f 1520 1521 1522
f 1523 1524 1525
f 1526 1527 1528
f 1529 1530 1531
f 1532 1533 1534
f 1535 1536 1537
f 1538 1539 1540
f 1541 1542 1543
f 1544 1545 1546
f 1547 1548 1549
f 1550 1551 1552
f 1553 1554 1555
f 1556 1557 1558
f 1559 1560 1561
f 1562 1563 1564
f 1565 1566 1567
f 1568 1569 1570
f 1570 1569 1571
f 1572 1573 1574
f 1574 1573 1575
f 1576 1577 1578
f 1579 1580 1581
f 1581 1580 1578
f 1581 1578 1582
f 1582 1578 1577
f 1583 1584 1585
f 1585 1584 1586
f 1585 1586 1587
f 1586 1588 1587
f 1587 1588 1589
f 1587 1589 1590
f 1590 1589 1576
f 1590 1576 1591
f 1591 1576 1578
f 1592 1593 1589
f 1594 1595 1596
f 1592 1589 1597
f 1596 1598 1594
f 1594 1598 1597
f 1594 1597 1599
f 1599 1597 1589
f 1599 1589 1600
f 1600 1589 1588
f 1601 1602 1603
f 1604 1589 1605
f 1605 1589 1606
f 1607 1608 1609
f 1609 1608 1610
f 1609 1610 1593
f 1593 1610 1611
f 1593 1611 1589
f 1603 1612 1601
f 1601 1612 1606
f 1601 1606 1613
f 1613 1606 1589
f 1613 1589 1614
f 1614 1589 1611
f 1615 1616 1617
f 1617 1616 1618
f 1617 1618 1604
f 1604 1618 1589
f 1589 1618 1619
f 1589 1619 1620
f 1621 1622 1623
f 1623 1622 1624
f 1625 1626 1627
f 1627 1626 1628
f 1629 1630 1631
f 1632 1633 1634
f 1635 1631 1636
f 1636 1631 1637
f 1632 1634 1635
f 1629 1631 1638
f 1639 1640 1636
f 1641 1642 1643
f 1643 1642 1638
f 1643 1638 1644
f 1644 1638 1631
f 1644 1631 1645
f 1645 1631 1635
f 1645 1635 1646
f 1646 1635 1634
f 1647 1648 1649
f 1649 1648 1639
f 1649 1639 1650
f 1650 1639 1636
f 1650 1636 1651
f 1651 1636 1637
f 1640 1652 1636
f 1636 1652 1653
f 1636 1653 1654
f 1654 1653 1655
f 1654 1655 1656
f 1657 1658 1659
f 1659 1658 1660
f 1660 1661 1659
f 1659 1661 1662
f 1659 1662 1663
f 1663 1662 1664
f 1663 1664 1665
f 1666 1667 1668
f 1669 1670 1668
f 1668 1667 1671
f 1671 1667 1672
f 1671 1672 1673
f 1674 1675 1676
f 1677 1678 1679
f 1679 1678 1680
f 1679 1680 1681
f 1681 1680 1682
f 1683 1684 1685
f 1682 1669 1681
f 1681 1669 1668
f 1681 1668 1686
f 1686 1668 1687
f 1686 1687 1688
f 1689 1687 1690
f 1690 1687 1691
f 1690 1691 1692
f 1693 1694 1695
f 1696 1697 1687
f 1687 1697 1698
f 1687 1698 1688
f 1688 1698 1674
f 1688 1674 1699
f 1699 1674 1676
f 1700 1701 1702
f 1689 1703 1687
f 1687 1703 1704
f 1687 1704 1696
f 1696 1704 1693
f 1696 1693 1705
f 1705 1693 1695
f 1702 1706 1700
f 1700 1706 1707
f 1700 1707 1708
f 1708 1707 1668
f 1708 1668 1709
f 1709 1668 1670
f 1709 1670 1710
f 1710 1670 1683
f 1710 1683 1711
f 1711 1683 1685
f 1712 1713 1714
f 1714 1715 1712
f 1712 1715 1716
f 1712 1716 1717
f 1717 1716 1668
f 1717 1668 1718
f 1718 1668 1707
f 1719 1720 1668
f 1721 1722 1723
f 1719 1668 1724
f 1723 1725 1721
f 1721 1725 1724
f 1721 1724 1726
f 1726 1724 1668
f 1726 1668 1727
f 1727 1668 1716
f 1728 1729 1730
f 1730 1729 1731
f 1730 1731 1720
f 1720 1731 1668
f 1668 1731 1732
f 1668 1732 1666
f 1733 1734 1735
f 1735 1734 1736
f 1737 1738 1739
f 1739 1738 1740
f 1739 1740 1736
f 1736 1740 1741
f 1736 1741 1735
f 1742 1743 1744
f 1744 1743 1745
f 1746 1747 1748
f 1748 1747 1749
f 1750 1751 1752
f 1752 1751 1753
f 1754 1755 1756
f 1756 1755 1757
f 1758 1759 1760
f 1760 1759 1761
f 1762 1763 1764
f 1764 1763 1765
f 1766 1767 1768
f 1768 1767 1769
f 1770 1771 1772
f 1772 1771 1773
f 1774 1775 1776
f 1776 1775 1777
f 1778 1779 1780
f 1780 1779 1781
f 1782 1783 1784
f 1784 1783 1780
f 1784 1780 1785
f 1785 1780 1781
f 1786 1787 1788
f 1788 1787 1778
f 1788 1778 1789
f 1789 1778 1780
f 1790 1791 1792
f 1793 1794 1790
f 1790 1794 1795
f 1796 1793 1797
f 1797 1793 1790
f 1797 1790 1798
f 1798 1790 1792
f 1795 1799 1790
f 1790 1799 1800
f 1790 1800 1801
f 1802 1803 1804
f 1805 1806 1807
f 1808 1809 1810
f 1811 1812 1813
f 1814 1815 1816
f 1817 1818 1819
f 1820 1821 1822
f 1823 1824 1825
f 1826 1827 1828
f 1829 1830 1831
f 1832 1833 1834
f 1835 1836 1837
f 1838 1839 1840
f 1841 1842 1843
f 1844 1845 1846
f 1847 1848 1849
f 1850 1851 1852
f 1853 1854 1855
f 1856 1857 1858
f 1859 1860 1861
f 1862 1863 1864
f 1865 1866 1867
f 1868 1869 1870
f 1871 1872 1873
f 1874 1875 1876
f 1877 1878 1879
f 1880 1874 1881
f 1881 1874 1876
f 1881 1876 1882
f 1882 1876 1883
f 1882 1884 1881
f 1881 1884 1877
f 1881 1877 1885
f 1885 1877 1879
f 1886 1887 1888
f 1889 1890 1888
f 1888 1890 1891
f 1892 1893 1894
f 1894 1893 1886
f 1894 1886 1895
f 1895 1886 1888
f 1895 1888 1896
f 1896 1888 1891
f 1896 1891 1897
f 1898 1899 1900
f 1901 1902 1903
f 1904 1905 1906
f 1907 1908 1909
f 1910 1911 1912
f 1913 1914 1915
f 1916 1917 1918
f 1919 1920 1921
f 1922 1923 1924
f 1925 1926 1927
f 1928 1929 1930
f 1931 1932 1933
f 1934 1935 1936
f 1937 1938 1939
f 1940 1941 1942
f 1943 1944 1945
f 1946 1947 1948
f 1949 1950 1951
f 1952 1953 1954
f 1955 1956 1957
f 1958 1959 1960
f 1961 1962 1963
f 1964 1965 1966
f 1967 1968 1969
f 1970 1971 1972
f 1973 1974 1972
f 1972 1974 1975
f 1972 1975 1976
f 1977 1978 1979
f 1979 1978 1970
f 1979 1970 1980
f 1980 1970 1972
f 1980 1972 1981
f 1981 1972 1976
