mtllib USB_C.mtl
v 0.0034749999176710844 -0.0006500000017695129 -0.0023499999660998583
v 0.0034792593214660883 -0.0006500000017695129 -0.0023823524825274944
v 0.0034917467273771763 -0.0006500000017695129 -0.0024125000927597284
v 0.003511611605063081 -0.0006500000017695129 -0.0024383882991969585
v 0.0035375000443309546 -0.0006500000017695129 -0.002458253176882863
v 0.0035676476545631886 -0.0006500000017695129 -0.0024707408156245947
v 0.003599999938160181 -0.0006500000017695129 -0.002474999986588955
v 0.003632352454587817 -0.0006500000017695129 -0.0024707408156245947
v 0.003662500064820051 -0.0006500000017695129 -0.002458253176882863
v 0.0036883882712572813 -0.0006500000017695129 -0.0024383882991969585
v 0.003708253148943186 -0.0006500000017695129 -0.0024125000927597284
v 0.0037207407876849174 -0.0006500000017695129 -0.0023823524825274944
v 0.0037249999586492777 -0.0006500000017695129 -0.0023499999660998583
v 0.0037207407876849174 -0.0006500000017695129 -0.002317647682502866
v 0.003708253148943186 -0.0006500000017695129 -0.002287500072270632
v 0.0036883882712572813 -0.0006500000017695129 -0.002261611633002758
v 0.003662500064820051 -0.0006500000017695129 -0.0022417467553168535
v 0.003632352454587817 -0.0006500000017695129 -0.0022292593494057655
v 0.003599999938160181 -0.0006500000017695129 -0.0022249999456107616
v 0.0035676476545631886 -0.0006500000017695129 -0.0022292593494057655
v 0.0035375000443309546 -0.0006500000017695129 -0.0022417467553168535
v 0.003511611605063081 -0.0006500000017695129 -0.002261611633002758
v 0.0034917467273771763 -0.0006500000017695129 -0.002287500072270632
v 0.0034792593214660883 -0.0006500000017695129 -0.002317647682502866
v 0.003599999938160181 -0.0006500000017695129 -0.0023499999660998583
v 0.003599999938160181 -0.0005000000237487257 -0.002624999964609742
v 0.0035288247745484114 -0.0005000000237487257 -0.002615629695355892
v 0.003462499938905239 -0.0005000000237487257 -0.0025881570763885975
v 0.0034055456053465605 -0.0005000000237487257 -0.002544454298913479
v 0.0033618430607020855 -0.0005000000237487257 -0.0024874999653548002
v 0.003334370441734791 -0.0005000000237487257 -0.002421175129711628
v 0.003324999939650297 -0.0005000000237487257 -0.0023499999660998583
v 0.003334370441734791 -0.0005000000237487257 -0.0022788248024880886
v 0.0033618430607020855 -0.0005000000237487257 -0.0022124999668449163
v 0.0034055456053465605 -0.0005000000237487257 -0.0021555456332862377
v 0.003462499938905239 -0.0005000000237487257 -0.0021118430886417627
v 0.0035288247745484114 -0.0005000000237487257 -0.002084370469674468
v 0.003599999938160181 -0.0005000000237487257 -0.0020749999675899744
v 0.0036711753346025944 -0.0005000000237487257 -0.002084370469674468
v 0.003737499937415123 -0.0005000000237487257 -0.0021118430886417627
v 0.0037944542709738016 -0.0005000000237487257 -0.0021555456332862377
v 0.0038381570484489202 -0.0005000000237487257 -0.0022124999668449163
v 0.003865629667416215 -0.0005000000237487257 -0.0022788248024880886
v 0.003874999936670065 -0.0005000000237487257 -0.0023499999660998583
v 0.003865629667416215 -0.0005000000237487257 -0.002421175129711628
v 0.0038381570484489202 -0.0005000000237487257 -0.0024874999653548002
v 0.0037944542709738016 -0.0005000000237487257 -0.002544454298913479
v 0.003737499937415123 -0.0005000000237487257 -0.0025881570763885975
v 0.0036711753346025944 -0.0005000000237487257 -0.002615629695355892
v 0.003874999936670065 4.999999873689376e-05 -0.0023499999660998583
v 0.003865629667416215 4.999999873689376e-05 -0.0022788248024880886
v 0.0038381570484489202 4.999999873689376e-05 -0.0022124999668449163
v 0.0037944542709738016 4.999999873689376e-05 -0.0021555456332862377
v 0.003737499937415123 4.999999873689376e-05 -0.0021118430886417627
v 0.0036711753346025944 4.999999873689376e-05 -0.002084370469674468
v 0.003599999938160181 4.999999873689376e-05 -0.0020749999675899744
v 0.0035288247745484114 4.999999873689376e-05 -0.002084370469674468
v 0.003462499938905239 4.999999873689376e-05 -0.0021118430886417627
v 0.0034055456053465605 4.999999873689376e-05 -0.0021555456332862377
v 0.0033618430607020855 4.999999873689376e-05 -0.0022124999668449163
v 0.003334370441734791 4.999999873689376e-05 -0.0022788248024880886
v 0.003324999939650297 4.999999873689376e-05 -0.0023499999660998583
v 0.003334370441734791 4.999999873689376e-05 -0.002421175129711628
v 0.0033618430607020855 4.999999873689376e-05 -0.0024874999653548002
v 0.0034055456053465605 4.999999873689376e-05 -0.002544454298913479
v 0.003462499938905239 4.999999873689376e-05 -0.0025881570763885975
v 0.0035288247745484114 4.999999873689376e-05 -0.002615629695355892
v 0.003599999938160181 4.999999873689376e-05 -0.002624999964609742
v 0.0036711753346025944 4.999999873689376e-05 -0.002615629695355892
v 0.003737499937415123 4.999999873689376e-05 -0.0025881570763885975
v 0.0037944542709738016 4.999999873689376e-05 -0.002544454298913479
v 0.0038381570484489202 4.999999873689376e-05 -0.0024874999653548002
v 0.003865629667416215 4.999999873689376e-05 -0.002421175129711628
v -0.004149999935179949 4.999999873689376e-05 -0.002899999963119626
v -0.004012499935925007 4.999999873689376e-05 -0.002899999963119626
v -0.0031125000678002834 4.999999873689376e-05 -0.002899999963119626
v -0.0034055456053465605 4.999999873689376e-05 -0.002544454298913479
v -0.003462499938905239 4.999999873689376e-05 -0.0025881570763885975
v -0.003462499938905239 4.999999873689376e-05 -0.0021118430886417627
v -0.0034055456053465605 4.999999873689376e-05 -0.0021555456332862377
v -0.003599999938160181 4.999999873689376e-05 -0.0020749999675899744
v -0.0037944542709738016 4.999999873689376e-05 -0.0021555456332862377
v -0.003737499937415123 4.999999873689376e-05 -0.0021118430886417627
v -0.003874999936670065 4.999999873689376e-05 -0.0023499999660998583
v -0.003865629667416215 4.999999873689376e-05 -0.0022788248024880886
v -0.003865629667416215 4.999999873689376e-05 -0.002421175129711628
v -0.0035288247745484114 4.999999873689376e-05 -0.002615629695355892
v -0.0033618430607020855 4.999999873689376e-05 -0.0024874999653548002
v -0.003324999939650297 4.999999873689376e-05 -0.0023499999660998583
v -0.003334370441734791 4.999999873689376e-05 -0.002421175129711628
v -0.0035288247745484114 4.999999873689376e-05 -0.002084370469674468
v -0.0036711753346025944 4.999999873689376e-05 -0.002084370469674468
v -0.0038381570484489202 4.999999873689376e-05 -0.0022124999668449163
v -0.0037944542709738016 4.999999873689376e-05 -0.002544454298913479
v -0.0038381570484489202 4.999999873689376e-05 -0.0024874999653548002
v -0.003737499937415123 4.999999873689376e-05 -0.0025881570763885975
v -0.003599999938160181 4.999999873689376e-05 -0.002624999964609742
v -0.0036711753346025944 4.999999873689376e-05 -0.002615629695355892
v -0.0033618430607020855 4.999999873689376e-05 -0.0022124999668449163
v -0.003334370441734791 4.999999873689376e-05 -0.0022788248024880886
v 0.004149999935179949 4.999999873689376e-05 -0.002899999963119626
v 0.004149999935179949 4.999999873689376e-05 -0.0019175000488758087
v 0.0031125000678002834 4.999999873689376e-05 -0.002899999963119626
v -0.002899999963119626 4.999999873689376e-05 -0.0016400000313296914
v -0.002899999963119626 4.999999873689376e-05 -0.0017600000137463212
v -0.0027000000700354576 4.999999873689376e-05 -0.0017600000137463212
v -0.0027000000700354576 4.999999873689376e-05 -0.0016400000313296914
v -0.0013000000035390258 4.999999873689376e-05 -0.0016400000313296914
v -0.0013000000035390258 4.999999873689376e-05 -0.0017600000137463212
v -0.0010999999940395355 4.999999873689376e-05 -0.0017600000137463212
v -0.0010999999940395355 4.999999873689376e-05 -0.0016400000313296914
v -0.0005000000237487257 4.999999873689376e-05 -0.0016400000313296914
v -0.0005000000237487257 4.999999873689376e-05 -0.0017600000137463212
v -0.0003000000142492354 4.999999873689376e-05 -0.0017600000137463212
v -0.0003000000142492354 4.999999873689376e-05 -0.0016400000313296914
v 0.0003000000142492354 4.999999873689376e-05 -0.0016400000313296914
v 0.0003000000142492354 4.999999873689376e-05 -0.0017600000137463212
v 0.0005000000237487257 4.999999873689376e-05 -0.0017600000137463212
v 0.0005000000237487257 4.999999873689376e-05 -0.0016400000313296914
v 0.0010999999940395355 4.999999873689376e-05 -0.0016400000313296914
v 0.0010999999940395355 4.999999873689376e-05 -0.0017600000137463212
v 0.0013000000035390258 4.999999873689376e-05 -0.0017600000137463212
v 0.0013000000035390258 4.999999873689376e-05 -0.0016400000313296914
v 0.0027000000700354576 4.999999873689376e-05 -0.0016400000313296914
v 0.0027000000700354576 4.999999873689376e-05 -0.0017600000137463212
v 0.002899999963119626 4.999999873689376e-05 -0.0017600000137463212
v 0.002899999963119626 4.999999873689376e-05 -0.0016400000313296914
v -0.0024999999441206455 4.999999873689376e-05 -0.0009399999980814755
v -0.0024999999441206455 4.999999873689376e-05 -0.0010600000387057662
v -0.002300000051036477 4.999999873689376e-05 -0.0010600000387057662
v -0.002300000051036477 4.999999873689376e-05 -0.0009399999980814755
v -0.0017000000225380063 4.999999873689376e-05 -0.0009399999980814755
v -0.0017000000225380063 4.999999873689376e-05 -0.0010600000387057662
v -0.001500000013038516 4.999999873689376e-05 -0.0010600000387057662
v -0.001500000013038516 4.999999873689376e-05 -0.0009399999980814755
v 0.001500000013038516 4.999999873689376e-05 -0.0009399999980814755
v 0.001500000013038516 4.999999873689376e-05 -0.0010600000387057662
v 0.0017000000225380063 4.999999873689376e-05 -0.0010600000387057662
v 0.0017000000225380063 4.999999873689376e-05 -0.0009399999980814755
v 0.002300000051036477 4.999999873689376e-05 -0.0009399999980814755
v 0.002300000051036477 4.999999873689376e-05 -0.0010600000387057662
v 0.0024999999441206455 4.999999873689376e-05 -0.0010600000387057662
v 0.0024999999441206455 4.999999873689376e-05 -0.0009399999980814755
v -0.004149999935179949 4.999999873689376e-05 -0.00046999999904073775
v -0.004012499935925007 4.999999873689376e-05 0.0
v -0.0032515167258679867 4.999999873689376e-05 0.0
v -0.0031125000678002834 4.999999873689376e-05 0.0
v -0.0026000000070780516 4.999999873689376e-05 0.0
v -0.0020000000949949026 4.999999873689376e-05 0.0
v -0.0016408312367275357 4.999999873689376e-05 -3.1229648161567924e-17
v -0.00139999995008111 4.999999873689376e-05 -3.122502256758253e-17
v 0.0016408312367275357 4.999999873689376e-05 0.0
v 0.0020000000949949026 4.999999873689376e-05 0.0
v 0.0026000000070780516 4.999999873689376e-05 0.0
v 0.0031125000678002834 4.999999873689376e-05 0.0
v 0.0032515167258679867 4.999999873689376e-05 0.0
v 0.004149999935179949 4.999999873689376e-05 -0.00046999999904073775
v 0.004149999935179949 4.999999873689376e-05 0.0
v 0.0010000000474974513 4.999999873689376e-05 -0.0006000000284984708
v 0.0006000000284984708 4.999999873689376e-05 -0.0006000000284984708
v 0.000699999975040555 4.999999873689376e-05 -0.0009399999980814755
v 0.000699999975040555 4.999999873689376e-05 -0.0010600000387057662
v 0.0008999999845400453 4.999999873689376e-05 -0.0010600000387057662
v 0.0008999999845400453 4.999999873689376e-05 -0.0009399999980814755
v 0.0 4.999999873689376e-05 -0.0006000000284984708
v -0.0010000000474974513 4.999999873689376e-05 -0.0006000000284984708
v -0.0008999999845400453 4.999999873689376e-05 -0.0009399999980814755
v -0.0008999999845400453 4.999999873689376e-05 -0.0010600000387057662
v -0.000699999975040555 4.999999873689376e-05 -0.0010600000387057662
v -0.000699999975040555 4.999999873689376e-05 -0.0009399999980814755
v -0.0013549037976190448 4.999999873689376e-05 -0.0005249999812804163
v -0.0013310660142451525 4.999999873689376e-05 -0.0005560659919865429
v -0.0012250000145286322 4.999999873689376e-05 -0.0006000000284984708
v -0.0013000000035390258 4.999999873689376e-05 -0.0005799038335680962
v -0.0013698888942599297 4.999999873689376e-05 -0.0004888228722847998
v -0.0012638228945434093 4.999999873689376e-05 -0.0005948888720013201
v -0.0013269683113321662 4.999999873689376e-05 -7.577975338790566e-05
v -0.0013375197304412723 4.999999873689376e-05 -4.000695844297297e-05
v -0.0013334074756130576 4.999999873689376e-05 -0.00014951331831980497
v -0.0013255687663331628 4.999999873689376e-05 -0.00011304992949590087
v -0.0013749999925494194 4.999999873689376e-05 -0.00044999999227002263
v -0.0013749999925494194 4.999999873689376e-05 -0.0002658312441781163
v -0.0013500000350177288 4.999999873689376e-05 -0.00018291562446393073
v -0.001356570515781641 4.999999873689376e-05 -7.943127457110677e-06
v -0.0013723669108003378 4.999999873689376e-05 -0.00046999999904073775
v -0.001363710267469287 4.999999873689376e-05 -0.00020873956964351237
v -0.0013721504947170615 4.999999873689376e-05 -0.0002367326378589496
v -0.004090834874659777 4.999999873689376e-05 -0.0007999999797903001
v -0.004149999935179949 4.999999873689376e-05 -0.0007999999797903001
v -0.004149999935179949 4.999999873689376e-05 -0.0019175000488758087
v -0.004090834874659777 4.999999873689376e-05 -0.00139999995008111
v -0.004090834874659777 4.999999873689376e-05 -0.0013500000350177288
v -0.0026000000070780516 4.999999873689376e-05 -0.002899999963119626
v -0.0026499999221414328 4.999999873689376e-05 -0.0026803575456142426
v -0.002850000048056245 4.999999873689376e-05 -0.0026803575456142426
v -0.002850000048056245 4.999999873689376e-05 -0.002899999963119626
v -0.0020000000949949026 4.999999873689376e-05 -0.002899999963119626
v -0.00215000007301569 4.999999873689376e-05 -0.0026803575456142426
v -0.0023499999660998583 4.999999873689376e-05 -0.0026803575456142426
v -0.0023499999660998583 4.999999873689376e-05 -0.002899999963119626
v -0.00139999995008111 4.999999873689376e-05 -0.002899999963119626
v -0.0016499999910593033 4.999999873689376e-05 -0.0026803575456142426
v -0.0018500000005587935 4.999999873689376e-05 -0.0026803575456142426
v -0.0018500000005587935 4.999999873689376e-05 -0.002899999963119626
v -0.0010000000474974513 4.999999873689376e-05 -0.002899999963119626
v -0.0011500000255182385 4.999999873689376e-05 -0.0026803575456142426
v -0.0013500000350177288 4.999999873689376e-05 -0.0026803575456142426
v -0.0013500000350177288 4.999999873689376e-05 -0.002899999963119626
v 0.0 4.999999873689376e-05 -0.002899999963119626
v -0.0001500000071246177 4.999999873689376e-05 -0.0026803575456142426
v -0.0003499999875202775 4.999999873689376e-05 -0.0026803575456142426
v -0.0003499999875202775 4.999999873689376e-05 -0.002899999963119626
v -0.0006500000017695129 4.999999873689376e-05 -0.0026803575456142426
v -0.0008500000112690032 4.999999873689376e-05 -0.0026803575456142426
v -0.0006500000017695129 4.999999873689376e-05 -0.002899999963119626
v -0.0008500000112690032 4.999999873689376e-05 -0.002899999963119626
v 0.0006000000284984708 4.999999873689376e-05 -0.002899999963119626
v 0.0003499999875202775 4.999999873689376e-05 -0.0026803575456142426
v 0.0001500000071246177 4.999999873689376e-05 -0.0026803575456142426
v 0.0001500000071246177 4.999999873689376e-05 -0.002899999963119626
v 0.0010000000474974513 4.999999873689376e-05 -0.002899999963119626
v 0.0008500000112690032 4.999999873689376e-05 -0.0026803575456142426
v 0.0006500000017695129 4.999999873689376e-05 -0.0026803575456142426
v 0.0006500000017695129 4.999999873689376e-05 -0.002899999963119626
v 0.00139999995008111 4.999999873689376e-05 -0.002899999963119626
v 0.0013500000350177288 4.999999873689376e-05 -0.0026803575456142426
v 0.0011500000255182385 4.999999873689376e-05 -0.0026803575456142426
v 0.0011500000255182385 4.999999873689376e-05 -0.002899999963119626
v 0.0020000000949949026 4.999999873689376e-05 -0.002899999963119626
v 0.0018500000005587935 4.999999873689376e-05 -0.0026803575456142426
v 0.0016499999910593033 4.999999873689376e-05 -0.0026803575456142426
v 0.0016499999910593033 4.999999873689376e-05 -0.002899999963119626
v 0.0026000000070780516 4.999999873689376e-05 -0.002899999963119626
v 0.0023499999660998583 4.999999873689376e-05 -0.0026803575456142426
v 0.00215000007301569 4.999999873689376e-05 -0.0026803575456142426
v 0.00215000007301569 4.999999873689376e-05 -0.002899999963119626
v 0.002850000048056245 4.999999873689376e-05 -0.0026803575456142426
v 0.0026499999221414328 4.999999873689376e-05 -0.0026803575456142426
v 0.0026499999221414328 4.999999873689376e-05 -0.002899999963119626
v 0.004090834874659777 4.999999873689376e-05 -0.00139999995008111
v 0.004149999935179949 4.999999873689376e-05 -0.00139999995008111
v 0.004090834874659777 4.999999873689376e-05 -0.0007999999797903001
v 0.004090834874659777 4.999999873689376e-05 -0.0013500000350177288
v 0.00139999995008111 4.999999873689376e-05 0.0
v 0.0013269683113321662 4.999999873689376e-05 -7.577975338790566e-05
v 0.0013255687663331628 4.999999873689376e-05 -0.00011304992949590087
v 0.0013375197304412723 4.999999873689376e-05 -4.000695844297297e-05
v 0.0013749999925494194 4.999999873689376e-05 -0.0002658312441781163
v 0.001356570515781641 4.999999873689376e-05 -7.943127457110677e-06
v 0.0013721504947170615 4.999999873689376e-05 -0.0002367326378589496
v 0.0013334074756130576 4.999999873689376e-05 -0.00014951331831980497
v 0.0013749999925494194 4.999999873689376e-05 -0.00044999999227002263
v 0.0013631966430693865 4.999999873689376e-05 0.0
v 0.001363710267469287 4.999999873689376e-05 -0.00020873956964351237
v 0.0013500000350177288 4.999999873689376e-05 -0.00018291562446393073
v 0.0012250000145286322 4.999999873689376e-05 -0.0006000000284984708
v 0.0012638228945434093 4.999999873689376e-05 -0.0005948888720013201
v 0.0013310660142451525 4.999999873689376e-05 -0.0005560659919865429
v 0.0013000000035390258 4.999999873689376e-05 -0.0005799038335680962
v 0.0013698888942599297 4.999999873689376e-05 -0.0004888228722847998
v 0.0013549037976190448 4.999999873689376e-05 -0.0005249999812804163
v 0.0013723669108003378 4.999999873689376e-05 -0.00046999999904073775
v 0.004149999935179949 4.999999873689376e-05 -0.0007999999797903001
v 0.002850000048056245 4.999999873689376e-05 -0.002899999963119626
v 0.0023499999660998583 4.999999873689376e-05 -0.002899999963119626
v 0.0018500000005587935 4.999999873689376e-05 -0.002899999963119626
v 0.0013500000350177288 4.999999873689376e-05 -0.002899999963119626
v 0.0008500000112690032 4.999999873689376e-05 -0.002899999963119626
v 0.0003499999875202775 4.999999873689376e-05 -0.002899999963119626
v -0.0001500000071246177 4.999999873689376e-05 -0.002899999963119626
v -0.0011500000255182385 4.999999873689376e-05 -0.002899999963119626
v -0.0016499999910593033 4.999999873689376e-05 -0.002899999963119626
v -0.00215000007301569 4.999999873689376e-05 -0.002899999963119626
v -0.0026499999221414328 4.999999873689376e-05 -0.002899999963119626
v -0.004149999935179949 4.999999873689376e-05 -0.00139999995008111
v -0.0013631966430693865 4.999999873689376e-05 0.0
v -0.004149999935179949 4.999999873689376e-05 0.0
v 0.0010000000474974513 4.999999873689376e-05 -0.0013500000350177288
v 0.0006000000284984708 4.999999873689376e-05 -0.0013500000350177288
v 0.0006000000284984708 4.999999873689376e-05 -0.0019175000488758087
v -0.0026000000070780516 4.999999873689376e-05 -0.00046999999904073775
v -0.0031125000678002834 4.999999873689376e-05 -0.00046999999904073775
v -0.0031125000678002834 4.999999873689376e-05 -0.0013500000350177288
v -0.004012499935925007 4.999999873689376e-05 -0.00046999999904073775
v 0.0 4.999999873689376e-05 -0.0013500000350177288
v 0.00139999995008111 4.999999873689376e-05 -0.0013500000350177288
v 0.00139999995008111 4.999999873689376e-05 -0.00046999999904073775
v 0.0031125000678002834 4.999999873689376e-05 -0.00046999999904073775
v 0.0031125000678002834 4.999999873689376e-05 -0.0019175000488758087
v 0.0031125000678002834 4.999999873689376e-05 -0.0013500000350177288
v 0.00139999995008111 4.999999873689376e-05 -0.0019175000488758087
v 0.0020000000949949026 4.999999873689376e-05 -0.0019175000488758087
v 0.0026000000070780516 4.999999873689376e-05 -0.0019175000488758087
v 0.0010000000474974513 4.999999873689376e-05 -0.0019175000488758087
v -0.0010000000474974513 4.999999873689376e-05 -0.0019175000488758087
v 0.0 4.999999873689376e-05 -0.0019175000488758087
v -0.0026000000070780516 4.999999873689376e-05 -0.0019175000488758087
v -0.0020000000949949026 4.999999873689376e-05 -0.0019175000488758087
v -0.00139999995008111 4.999999873689376e-05 -0.0019175000488758087
v -0.0031125000678002834 4.999999873689376e-05 -0.0019175000488758087
v -0.004012499935925007 4.999999873689376e-05 -0.0013500000350177288
v -0.004012499935925007 4.999999873689376e-05 -0.0019175000488758087
v -0.00139999995008111 4.999999873689376e-05 -0.00046999999904073775
v -0.00139999995008111 4.999999873689376e-05 -0.0013500000350177288
v 0.0026000000070780516 4.999999873689376e-05 -0.00046999999904073775
v 0.0020000000949949026 4.999999873689376e-05 -0.00046999999904073775
v -0.0020000000949949026 4.999999873689376e-05 -0.00046999999904073775
v 0.0026000000070780516 4.999999873689376e-05 -0.0013500000350177288
v 0.0020000000949949026 4.999999873689376e-05 -0.0013500000350177288
v -0.0020000000949949026 4.999999873689376e-05 -0.0013500000350177288
v -0.0026000000070780516 4.999999873689376e-05 -0.0013500000350177288
v -0.0010000000474974513 4.999999873689376e-05 -0.0013500000350177288
v 0.0012250000145286322 2.9999999242136255e-05 -0.0006000000284984708
v -0.0012250000145286322 2.9999999242136255e-05 -0.0006000000284984708
v -0.0012638228945434093 2.9999999242136255e-05 -0.0005948888720013201
v -0.0013000000035390258 2.9999999242136255e-05 -0.0005799038335680962
v -0.0013310660142451525 2.9999999242136255e-05 -0.0005560659919865429
v -0.0013549037976190448 2.9999999242136255e-05 -0.0005249999812804163
v -0.0013698888942599297 2.9999999242136255e-05 -0.0004888228722847998
v -0.0013749999925494194 2.9999999242136255e-05 -0.00044999999227002263
v -0.0013749999925494194 2.9999999242136255e-05 -0.0002658312441781163
v -0.0013721504947170615 2.9999999242136255e-05 -0.0002367326378589496
v -0.001363710267469287 2.9999999242136255e-05 -0.00020873956964351237
v -0.0013500000350177288 2.9999999242136255e-05 -0.00018291562446393073
v 0.0013500000350177288 2.9999999242136255e-05 -0.00018291562446393073
v 0.001363710267469287 2.9999999242136255e-05 -0.00020873956964351237
v 0.0013721504947170615 2.9999999242136255e-05 -0.0002367326378589496
v 0.0013749999925494194 2.9999999242136255e-05 -0.0002658312441781163
v 0.0013749999925494194 2.9999999242136255e-05 -0.00044999999227002263
v 0.0013698888942599297 2.9999999242136255e-05 -0.0004888228722847998
v 0.0013549037976190448 2.9999999242136255e-05 -0.0005249999812804163
v 0.0013310660142451525 2.9999999242136255e-05 -0.0005560659919865429
v 0.0013000000035390258 2.9999999242136255e-05 -0.0005799038335680962
v 0.0012638228945434093 2.9999999242136255e-05 -0.0005948888720013201
v 0.004070690833032131 2.123150807165075e-05 -0.00139999995008111
v 0.004070690833032131 2.123150807165075e-05 -0.0007999999797903001
v 0.004029999952763319 -0.00010782318713609129 -0.00139999995008111
v 0.004029999952763319 -0.00010782318713609129 -0.0007999999797903001
v 0.004034648183733225 -6.232423766050488e-05 -0.0007999999797903001
v 0.004034648183733225 -6.232423766050488e-05 -0.00139999995008111
v 0.004048401489853859 -1.8705242837313563e-05 -0.0007999999797903001
v 0.004048401489853859 -1.8705242837313563e-05 -0.00139999995008111
v 0.004029999952763319 -0.00098977773450315 -0.0011776457540690899
v 0.004029999952763319 -0.0009121320326812565 -0.0008878679946064949
v 0.004029999952763319 -0.0008500000112690032 -0.0008401923696510494
v 0.004029999952763319 -0.0009598075994290411 -0.0009500000160187483
v 0.004029999952763319 -0.0010000000474974513 -0.0010999999940395355
v 0.004029999952763319 -0.0007776457350701094 -0.0008102222345769405
v 0.004029999952763319 -0.0008500000112690032 -0.0013598076766356826
v 0.004029999952763319 -0.0009121320326812565 -0.0013121319934725761
v 0.004029999952763319 -0.00098977773450315 -0.0010223542340099812
v 0.004029999952763319 -0.0009598075994290411 -0.0012499999720603228
v 0.004029999952763319 -0.000699999975040555 -0.00139999995008111
v 0.004029999952763319 -0.0007776457350701094 -0.0013897777535021305
v 0.004029999952763319 -0.000699999975040555 -0.0007999999797903001
v -0.004070690833032131 2.123150807165075e-05 -0.0007999999797903001
v -0.004070690833032131 2.123150807165075e-05 -0.00139999995008111
v -0.004029999952763319 -0.00010782318713609129 -0.0007999999797903001
v -0.004029999952763319 -0.00010782318713609129 -0.00139999995008111
v -0.004034648183733225 -6.232423766050488e-05 -0.00139999995008111
v -0.004034648183733225 -6.232423766050488e-05 -0.0007999999797903001
v -0.004048401489853859 -1.8705242837313563e-05 -0.00139999995008111
v -0.004048401489853859 -1.8705242837313563e-05 -0.0007999999797903001
v -0.004029999952763319 -0.00098977773450315 -0.0011776457540690899
v -0.004029999952763319 -0.0009598075994290411 -0.0009500000160187483
v -0.004029999952763319 -0.00098977773450315 -0.0010223542340099812
v -0.004029999952763319 -0.0007776457350701094 -0.0008102222345769405
v -0.004029999952763319 -0.0009598075994290411 -0.0012499999720603228
v -0.004029999952763319 -0.0009121320326812565 -0.0013121319934725761
v -0.004029999952763319 -0.0009121320326812565 -0.0008878679946064949
v -0.004029999952763319 -0.0008500000112690032 -0.0008401923696510494
v -0.004029999952763319 -0.0008500000112690032 -0.0013598076766356826
v -0.004029999952763319 -0.0007776457350701094 -0.0013897777535021305
v -0.004029999952763319 -0.0010000000474974513 -0.0010999999940395355
v -0.004029999952763319 -0.000699999975040555 -0.0007999999797903001
v -0.004029999952763319 -0.000699999975040555 -0.00139999995008111
v -0.0011500000255182385 2.270532786496915e-05 -0.0027230908162891865
v -0.0013500000350177288 2.270532786496915e-05 -0.0027230908162891865
v -0.0013500000350177288 5.749799129262101e-06 -0.0027710481081157923
v -0.0011500000255182385 5.749799129262101e-06 -0.0027710481081157923
v -0.0013500000350177288 5.608996045403103e-10 -0.0028207944706082344
v -0.0011500000255182385 5.608996045403103e-10 -0.0028207944706082344
v -0.0013500000350177288 1.011066237620465e-16 -0.0031349998898804188
v -0.0011500000255182385 9.499137013767057e-17 -0.0031349998898804188
v -0.0011500000255182385 4.999999873689376e-05 -0.0031850000377744436
v -0.0013500000350177288 4.999999873689376e-05 -0.0031850000377744436
v -0.0013500000350177288 4.999999873689376e-05 -0.0031999999191612005
v -0.0011500000255182385 4.999999873689376e-05 -0.0031999999191612005
v -0.0011500000255182385 0.00011999999696854502 -0.002899999963119626
v -0.0011500000255182385 0.00011999999696854502 -0.0031999999191612005
v -0.0013500000350177288 0.00011999999696854502 -0.002899999963119626
v -0.0013500000350177288 0.00011999999696854502 -0.0031999999191612005
v -0.0006500000017695129 2.270532786496915e-05 -0.0027230908162891865
v -0.0008500000112690032 2.270532786496915e-05 -0.0027230908162891865
v -0.0008500000112690032 5.749799129262101e-06 -0.0027710481081157923
v -0.0006500000017695129 5.749799129262101e-06 -0.0027710481081157923
v -0.0008500000112690032 5.608996045403103e-10 -0.0028207944706082344
v -0.0006500000017695129 5.608996045403103e-10 -0.0028207944706082344
v -0.0008500000112690032 -1.5442555446413669e-16 -0.0031349998898804188
v -0.0006500000017695129 -1.445936327637722e-16 -0.0031349998898804188
v -0.0006500000017695129 4.999999873689376e-05 -0.0031850000377744436
v -0.0008500000112690032 4.999999873689376e-05 -0.0031850000377744436
v -0.0008500000112690032 4.999999873689376e-05 -0.0031999999191612005
v -0.0006500000017695129 4.999999873689376e-05 -0.0031999999191612005
v -0.0008500000112690032 0.00011999999696854502 -0.002899999963119626
v -0.0008500000112690032 0.00011999999696854502 -0.0031999999191612005
v -0.0006500000017695129 0.00011999999696854502 -0.002899999963119626
v -0.0006500000017695129 0.00011999999696854502 -0.0031999999191612005
v -0.0001500000071246177 2.270532786496915e-05 -0.0027230908162891865
v -0.0003499999875202775 2.270532786496915e-05 -0.0027230908162891865
v -0.0003499999875202775 5.749799129262101e-06 -0.0027710481081157923
v -0.0001500000071246177 5.749799129262101e-06 -0.0027710481081157923
v -0.0003499999875202775 5.608996045403103e-10 -0.0028207944706082344
v -0.0001500000071246177 5.608996045403103e-10 -0.0028207944706082344
v -0.0003499999875202775 1.2421640233299788e-16 -0.0031349998898804188
v -0.0001500000071246177 1.1676874603025624e-16 -0.0031349998898804188
v -0.0001500000071246177 4.999999873689376e-05 -0.0031850000377744436
v -0.0003499999875202775 4.999999873689376e-05 -0.0031850000377744436
v -0.0003499999875202775 4.999999873689376e-05 -0.0031999999191612005
v -0.0001500000071246177 4.999999873689376e-05 -0.0031999999191612005
v -0.0003499999875202775 0.00011999999696854502 -0.002899999963119626
v -0.0003499999875202775 0.00011999999696854502 -0.0031999999191612005
v -0.0001500000071246177 0.00011999999696854502 -0.002899999963119626
v -0.0001500000071246177 0.00011999999696854502 -0.0031999999191612005
v 0.0003499999875202775 2.270532786496915e-05 -0.0027230908162891865
v 0.0001500000071246177 2.270532786496915e-05 -0.0027230908162891865
v 0.0001500000071246177 5.749799129262101e-06 -0.0027710481081157923
v 0.0003499999875202775 5.749799129262101e-06 -0.0027710481081157923
v 0.0001500000071246177 5.608996045403103e-10 -0.0028207944706082344
v 0.0003499999875202775 5.608996045403103e-10 -0.0028207944706082344
v 0.0001500000071246177 1.2421178335645739e-16 -0.0031349998898804188
v 0.0003499999875202775 1.1676527848912842e-16 -0.0031349998898804188
v 0.0003499999875202775 4.999999873689376e-05 -0.0031850000377744436
v 0.0001500000071246177 4.999999873689376e-05 -0.0031850000377744436
v 0.0001500000071246177 4.999999873689376e-05 -0.0031999999191612005
v 0.0003499999875202775 4.999999873689376e-05 -0.0031999999191612005
v 0.0001500000071246177 0.00011999999696854502 -0.002899999963119626
v 0.0001500000071246177 0.00011999999696854502 -0.0031999999191612005
v 0.0003499999875202775 0.00011999999696854502 -0.002899999963119626
v 0.0003499999875202775 0.00011999999696854502 -0.0031999999191612005
v 0.0008500000112690032 2.270532786496915e-05 -0.0027230908162891865
v 0.0006500000017695129 2.270532786496915e-05 -0.0027230908162891865
v 0.0006500000017695129 5.749799129262101e-06 -0.0027710481081157923
v 0.0008500000112690032 5.749799129262101e-06 -0.0027710481081157923
v 0.0006500000017695129 5.608996045403103e-10 -0.0028207944706082344
v 0.0008500000112690032 5.608996045403103e-10 -0.0028207944706082344
v 0.0006500000017695129 -1.545972903941925e-16 -0.0031349998898804188
v 0.0008500000112690032 -1.4467658905304391e-16 -0.0031349998898804188
v 0.0008500000112690032 4.999999873689376e-05 -0.0031850000377744436
v 0.0006500000017695129 4.999999873689376e-05 -0.0031850000377744436
v 0.0006500000017695129 4.999999873689376e-05 -0.0031999999191612005
v 0.0008500000112690032 4.999999873689376e-05 -0.0031999999191612005
v 0.0006500000017695129 0.00011999999696854502 -0.002899999963119626
v 0.0006500000017695129 0.00011999999696854502 -0.0031999999191612005
v 0.0008500000112690032 0.00011999999696854502 -0.002899999963119626
v 0.0008500000112690032 0.00011999999696854502 -0.0031999999191612005
v 0.0013500000350177288 2.270532786496915e-05 -0.0027230908162891865
v 0.0011500000255182385 2.270532786496915e-05 -0.0027230908162891865
v 0.0011500000255182385 5.749799129262101e-06 -0.0027710481081157923
v 0.0013500000350177288 5.749799129262101e-06 -0.0027710481081157923
v 0.0011500000255182385 5.608996045403103e-10 -0.0028207944706082344
v 0.0013500000350177288 5.608996045403103e-10 -0.0028207944706082344
v 0.0011500000255182385 1.0532562869787116e-16 -0.0031349998898804188
v 0.0013500000350177288 9.993446251194455e-17 -0.0031349998898804188
v 0.0013500000350177288 4.999999873689376e-05 -0.0031850000377744436
v 0.0011500000255182385 4.999999873689376e-05 -0.0031850000377744436
v 0.0011500000255182385 4.999999873689376e-05 -0.0031999999191612005
v 0.0013500000350177288 4.999999873689376e-05 -0.0031999999191612005
v 0.0011500000255182385 0.00011999999696854502 -0.002899999963119626
v 0.0011500000255182385 0.00011999999696854502 -0.0031999999191612005
v 0.0013500000350177288 0.00011999999696854502 -0.002899999963119626
v 0.0013500000350177288 0.00011999999696854502 -0.0031999999191612005
v 0.0018500000005587935 2.270532786496915e-05 -0.0027230908162891865
v 0.0016499999910593033 2.270532786496915e-05 -0.0027230908162891865
v 0.0016499999910593033 5.749799129262101e-06 -0.0027710481081157923
v 0.0018500000005587935 5.749799129262101e-06 -0.0027710481081157923
v 0.0016499999910593033 5.608996045403103e-10 -0.0028207944706082344
v 0.0018500000005587935 5.608996045403103e-10 -0.0028207944706082344
v 0.0016499999910593033 1.242181361035618e-16 -0.0031349998898804188
v 0.0018500000005587935 1.1677560170317308e-16 -0.0031349998898804188
v 0.0018500000005587935 4.999999873689376e-05 -0.0031850000377744436
v 0.0016499999910593033 4.999999873689376e-05 -0.0031850000377744436
v 0.0016499999910593033 4.999999873689376e-05 -0.0031999999191612005
v 0.0018500000005587935 4.999999873689376e-05 -0.0031999999191612005
v 0.0016499999910593033 0.00011999999696854502 -0.002899999963119626
v 0.0016499999910593033 0.00011999999696854502 -0.0031999999191612005
v 0.0018500000005587935 0.00011999999696854502 -0.002899999963119626
v 0.0018500000005587935 0.00011999999696854502 -0.0031999999191612005
v 0.0023499999660998583 2.270532786496915e-05 -0.0027230908162891865
v 0.00215000007301569 2.270532786496915e-05 -0.0027230908162891865
v 0.00215000007301569 5.749799129262101e-06 -0.0027710481081157923
v 0.0023499999660998583 5.749799129262101e-06 -0.0027710481081157923
v 0.00215000007301569 5.608996045403103e-10 -0.0028207944706082344
v 0.0023499999660998583 5.608996045403103e-10 -0.0028207944706082344
v 0.00215000007301569 1.24264974378567e-16 -0.0031349998898804188
v 0.0023499999660998583 1.1681244763637864e-16 -0.0031349998898804188
v 0.0023499999660998583 4.999999873689376e-05 -0.0031850000377744436
v 0.00215000007301569 4.999999873689376e-05 -0.0031850000377744436
v 0.00215000007301569 4.999999873689376e-05 -0.0031999999191612005
v 0.0023499999660998583 4.999999873689376e-05 -0.0031999999191612005
v 0.00215000007301569 0.00011999999696854502 -0.002899999963119626
v 0.00215000007301569 0.00011999999696854502 -0.0031999999191612005
v 0.0023499999660998583 0.00011999999696854502 -0.002899999963119626
v 0.0023499999660998583 0.00011999999696854502 -0.0031999999191612005
v 0.002850000048056245 2.270532786496915e-05 -0.0027230908162891865
v 0.0026499999221414328 2.270532786496915e-05 -0.0027230908162891865
v 0.0026499999221414328 5.749799129262101e-06 -0.0027710481081157923
v 0.002850000048056245 5.749799129262101e-06 -0.0027710481081157923
v 0.0026499999221414328 5.608996045403103e-10 -0.0028207944706082344
v 0.002850000048056245 5.608996045403103e-10 -0.0028207944706082344
v 0.0026499999221414328 1.0531232763362131e-16 -0.0031349998898804188
v 0.002850000048056245 9.992289521825861e-17 -0.0031349998898804188
v 0.002850000048056245 4.999999873689376e-05 -0.0031850000377744436
v 0.0026499999221414328 4.999999873689376e-05 -0.0031850000377744436
v 0.0026499999221414328 4.999999873689376e-05 -0.0031999999191612005
v 0.002850000048056245 4.999999873689376e-05 -0.0031999999191612005
v 0.0026499999221414328 0.00011999999696854502 -0.002899999963119626
v 0.0026499999221414328 0.00011999999696854502 -0.0031999999191612005
v 0.002850000048056245 0.00011999999696854502 -0.002899999963119626
v 0.002850000048056245 0.00011999999696854502 -0.0031999999191612005
v -0.0026499999221414328 2.270532786496915e-05 -0.0027230908162891865
v -0.002850000048056245 2.270532786496915e-05 -0.0027230908162891865
v -0.002850000048056245 5.749799129262101e-06 -0.0027710481081157923
v -0.0026499999221414328 5.749799129262101e-06 -0.0027710481081157923
v -0.002850000048056245 5.608996045403103e-10 -0.0028207944706082344
v -0.0026499999221414328 5.608996045403103e-10 -0.0028207944706082344
v -0.002850000048056245 1.0515394570737455e-16 -0.0031349998898804188
v -0.0026499999221414328 9.990224217272439e-17 -0.0031349998898804188
v -0.0026499999221414328 4.999999873689376e-05 -0.0031850000377744436
v -0.002850000048056245 4.999999873689376e-05 -0.0031850000377744436
v -0.002850000048056245 4.999999873689376e-05 -0.0031999999191612005
v -0.0026499999221414328 4.999999873689376e-05 -0.0031999999191612005
v -0.002850000048056245 0.00011999999696854502 -0.002899999963119626
v -0.002850000048056245 0.00011999999696854502 -0.0031999999191612005
v -0.0026499999221414328 0.00011999999696854502 -0.002899999963119626
v -0.0026499999221414328 0.00011999999696854502 -0.0031999999191612005
v -0.00215000007301569 2.270532786496915e-05 -0.0027230908162891865
v -0.0023499999660998583 2.270532786496915e-05 -0.0027230908162891865
v -0.0023499999660998583 5.749799129262101e-06 -0.0027710481081157923
v -0.00215000007301569 5.749799129262101e-06 -0.0027710481081157923
v -0.0023499999660998583 5.608996045403103e-10 -0.0028207944706082344
v -0.00215000007301569 5.608996045403103e-10 -0.0028207944706082344
v -0.0023499999660998583 1.242181361035618e-16 -0.0031349998898804188
v -0.00215000007301569 1.1677560170317308e-16 -0.0031349998898804188
v -0.00215000007301569 4.999999873689376e-05 -0.0031850000377744436
v -0.0023499999660998583 4.999999873689376e-05 -0.0031850000377744436
v -0.0023499999660998583 4.999999873689376e-05 -0.0031999999191612005
v -0.00215000007301569 4.999999873689376e-05 -0.0031999999191612005
v -0.0023499999660998583 0.00011999999696854502 -0.002899999963119626
v -0.0023499999660998583 0.00011999999696854502 -0.0031999999191612005
v -0.00215000007301569 0.00011999999696854502 -0.002899999963119626
v -0.00215000007301569 0.00011999999696854502 -0.0031999999191612005
v -0.0016499999910593033 2.270532786496915e-05 -0.0027230908162891865
v -0.0018500000005587935 2.270532786496915e-05 -0.0027230908162891865
v -0.0018500000005587935 5.749799129262101e-06 -0.0027710481081157923
v -0.0016499999910593033 5.749799129262101e-06 -0.0027710481081157923
v -0.0018500000005587935 5.608996045403103e-10 -0.0028207944706082344
v -0.0016499999910593033 5.608996045403103e-10 -0.0028207944706082344
v -0.0018500000005587935 1.2426382294315432e-16 -0.0031349998898804188
v -0.0016499999910593033 1.1680936390705504e-16 -0.0031349998898804188
v -0.0016499999910593033 4.999999873689376e-05 -0.0031850000377744436
v -0.0018500000005587935 4.999999873689376e-05 -0.0031850000377744436
v -0.0018500000005587935 4.999999873689376e-05 -0.0031999999191612005
v -0.0016499999910593033 4.999999873689376e-05 -0.0031999999191612005
v -0.0018500000005587935 0.00011999999696854502 -0.002899999963119626
v -0.0018500000005587935 0.00011999999696854502 -0.0031999999191612005
v -0.0016499999910593033 0.00011999999696854502 -0.002899999963119626
v -0.0016499999910593033 0.00011999999696854502 -0.0031999999191612005
v 0.002899999963119626 -0.0007306583574973047 -0.0016400000313296914
v 0.002899999963119626 -0.0007306583574973047 -0.0017600000137463212
v 0.0027000000700354576 -0.0007306583574973047 -0.0016400000313296914
v 0.0027000000700354576 -0.0007306583574973047 -0.0017600000137463212
v 0.002701936988160014 -0.0007546856650151312 -0.0017600000137463212
v 0.002701936988160014 -0.0007546856650151312 -0.0016400000313296914
v 0.0027076974511146545 -0.0007780925370752811 -0.0017600000137463212
v 0.0027076974511146545 -0.0007780925370752811 -0.0016400000313296914
v 0.002742302604019642 -0.0008819074719212949 -0.0017600000137463212
v 0.002742302604019642 -0.0008819074719212949 -0.0016400000313296914
v 0.0027480118442326784 -0.0009050000226125121 -0.0016400000313296914
v 0.0027480118442326784 -0.0009050000226125121 -0.0017600000137463212
v 0.0028519881889224052 -0.0009050000226125121 -0.0016400000313296914
v 0.0028519881889224052 -0.0009050000226125121 -0.0017600000137463212
v 0.002892302582040429 -0.0007780925370752811 -0.0016400000313296914
v 0.0028980630449950695 -0.0007546856650151312 -0.0016400000313296914
v 0.0028576974291354418 -0.0008819074719212949 -0.0016400000313296914
v 0.002892302582040429 -0.0007780925370752811 -0.0017600000137463212
v 0.0028980630449950695 -0.0007546856650151312 -0.0017600000137463212
v 0.0028576974291354418 -0.0008819074719212949 -0.0017600000137463212
v 0.0024999999441206455 -0.0007306583574973047 -0.0009399999980814755
v 0.0024999999441206455 -0.0007306583574973047 -0.0010600000387057662
v 0.002300000051036477 -0.0007306583574973047 -0.0010600000387057662
v 0.002300000051036477 -0.0007306583574973047 -0.0009399999980814755
v 0.0023019369691610336 -0.0007546856650151312 -0.0010600000387057662
v 0.0023019369691610336 -0.0007546856650151312 -0.0009399999980814755
v 0.002307697432115674 -0.0007780925370752811 -0.0010600000387057662
v 0.002307697432115674 -0.0007780925370752811 -0.0009399999980814755
v 0.0023423025850206614 -0.0008819074719212949 -0.0010600000387057662
v 0.0023423025850206614 -0.0008819074719212949 -0.0009399999980814755
v 0.002348011825233698 -0.0009050000226125121 -0.0009399999980814755
v 0.002348011825233698 -0.0009050000226125121 -0.0010600000387057662
v 0.0024519881699234247 -0.0009050000226125121 -0.0009399999980814755
v 0.0024519881699234247 -0.0009050000226125121 -0.0010600000387057662
v 0.0024923025630414486 -0.0007780925370752811 -0.0009399999980814755
v 0.002498063025996089 -0.0007546856650151312 -0.0009399999980814755
v 0.0024576974101364613 -0.0008819074719212949 -0.0009399999980814755
v 0.0024923025630414486 -0.0007780925370752811 -0.0010600000387057662
v 0.002498063025996089 -0.0007546856650151312 -0.0010600000387057662
v 0.0024576974101364613 -0.0008819074719212949 -0.0010600000387057662
v 0.0017000000225380063 -0.0007306583574973047 -0.0009399999980814755
v 0.0017000000225380063 -0.0007306583574973047 -0.0010600000387057662
v 0.001500000013038516 -0.0007306583574973047 -0.0010600000387057662
v 0.001500000013038516 -0.0007306583574973047 -0.0009399999980814755
v 0.0015019369311630726 -0.0007546856650151312 -0.0010600000387057662
v 0.0015019369311630726 -0.0007546856650151312 -0.0009399999980814755
v 0.0015076975105330348 -0.0007780925370752811 -0.0010600000387057662
v 0.0015076975105330348 -0.0007780925370752811 -0.0009399999980814755
v 0.0015423025470227003 -0.0008819074719212949 -0.0010600000387057662
v 0.0015423025470227003 -0.0008819074719212949 -0.0009399999980814755
v 0.0015480117872357368 -0.0009050000226125121 -0.0009399999980814755
v 0.0015480117872357368 -0.0009050000226125121 -0.0010600000387057662
v 0.0016519882483407855 -0.0009050000226125121 -0.0009399999980814755
v 0.0016519882483407855 -0.0009050000226125121 -0.0010600000387057662
v 0.0016923025250434875 -0.0007780925370752811 -0.0009399999980814755
v 0.0016980631044134498 -0.0007546856650151312 -0.0009399999980814755
v 0.001657697488553822 -0.0008819074719212949 -0.0009399999980814755
v 0.0016923025250434875 -0.0007780925370752811 -0.0010600000387057662
v 0.0016980631044134498 -0.0007546856650151312 -0.0010600000387057662
v 0.001657697488553822 -0.0008819074719212949 -0.0010600000387057662
v 0.0013000000035390258 -0.0007306583574973047 -0.0016400000313296914
v 0.0013000000035390258 -0.0007306583574973047 -0.0017600000137463212
v 0.0010999999940395355 -0.0007306583574973047 -0.0017600000137463212
v 0.0010999999940395355 -0.0007306583574973047 -0.0016400000313296914
v 0.001101936912164092 -0.0007546856650151312 -0.0017600000137463212
v 0.001101936912164092 -0.0007546856650151312 -0.0016400000313296914
v 0.0011076974915340543 -0.0007780925370752811 -0.0017600000137463212
v 0.0011076974915340543 -0.0007780925370752811 -0.0016400000313296914
v 0.0011423025280237198 -0.0008819074719212949 -0.0017600000137463212
v 0.0011423025280237198 -0.0008819074719212949 -0.0016400000313296914
v 0.0011480117682367563 -0.0009050000226125121 -0.0016400000313296914
v 0.0011480117682367563 -0.0009050000226125121 -0.0017600000137463212
v 0.001251988229341805 -0.0009050000226125121 -0.0016400000313296914
v 0.001251988229341805 -0.0009050000226125121 -0.0017600000137463212
v 0.001292302506044507 -0.0007780925370752811 -0.0016400000313296914
v 0.0012980630854144692 -0.0007546856650151312 -0.0016400000313296914
v 0.0012576974695548415 -0.0008819074719212949 -0.0016400000313296914
v 0.001292302506044507 -0.0007780925370752811 -0.0017600000137463212
v 0.0012980630854144692 -0.0007546856650151312 -0.0017600000137463212
v 0.0012576974695548415 -0.0008819074719212949 -0.0017600000137463212
v 0.0008999999845400453 -0.0007306583574973047 -0.0010600000387057662
v 0.0008999999845400453 -0.0007306583574973047 -0.0009399999980814755
v 0.000699999975040555 -0.0007306583574973047 -0.0010600000387057662
v 0.000699999975040555 -0.0007306583574973047 -0.0009399999980814755
v 0.0007019368931651115 -0.0007546856650151312 -0.0010600000387057662
v 0.0007019368931651115 -0.0007546856650151312 -0.0009399999980814755
v 0.0007076975307427347 -0.0007780925370752811 -0.0010600000387057662
v 0.0007076975307427347 -0.0007780925370752811 -0.0009399999980814755
v 0.0007423025090247393 -0.0008819074719212949 -0.0010600000387057662
v 0.0007423025090247393 -0.0008819074719212949 -0.0009399999980814755
v 0.0007480117492377758 -0.0009050000226125121 -0.0009399999980814755
v 0.0007480117492377758 -0.0009050000226125121 -0.0010600000387057662
v 0.0008519882103428245 -0.0009050000226125121 -0.0009399999980814755
v 0.0008519882103428245 -0.0009050000226125121 -0.0010600000387057662
v 0.0008923024870455265 -0.0007780925370752811 -0.0009399999980814755
v 0.0008980631246231496 -0.0007546856650151312 -0.0009399999980814755
v 0.0008576975087635219 -0.0008819074719212949 -0.0009399999980814755
v 0.0008923024870455265 -0.0007780925370752811 -0.0010600000387057662
v 0.0008980631246231496 -0.0007546856650151312 -0.0010600000387057662
v 0.0008576975087635219 -0.0008819074719212949 -0.0010600000387057662
v 0.0003000000142492354 -0.0007306583574973047 -0.0016400000313296914
v 0.0003000000142492354 -0.0007306583574973047 -0.0017600000137463212
v 0.000301936874166131 -0.0007546856650151312 -0.0017600000137463212
v 0.000301936874166131 -0.0007546856650151312 -0.0016400000313296914
v 0.00030769751174375415 -0.0007780925370752811 -0.0017600000137463212
v 0.00030769751174375415 -0.0007780925370752811 -0.0016400000313296914
v 0.00034230249002575874 -0.0008819074719212949 -0.0017600000137463212
v 0.00034230249002575874 -0.0008819074719212949 -0.0016400000313296914
v 0.00034801175934262574 -0.0009050000226125121 -0.0016400000313296914
v 0.00034801175934262574 -0.0009050000226125121 -0.0017600000137463212
v 0.0004519882204476744 -0.0009050000226125121 -0.0016400000313296914
v 0.0004519882204476744 -0.0009050000226125121 -0.0017600000137463212
v 0.00045769751886837184 -0.0008819074719212949 -0.0016400000313296914
v 0.00045769751886837184 -0.0008819074719212949 -0.0017600000137463212
v 0.0005000000237487257 -0.0007306583574973047 -0.0016400000313296914
v 0.000492302468046546 -0.0007780925370752811 -0.0016400000313296914
v 0.0004980631056241691 -0.0007546856650151312 -0.0016400000313296914
v 0.000492302468046546 -0.0007780925370752811 -0.0017600000137463212
v 0.0005000000237487257 -0.0007306583574973047 -0.0017600000137463212
v 0.0004980631056241691 -0.0007546856650151312 -0.0017600000137463212
v -0.0003000000142492354 -0.0007306583574973047 -0.0016400000313296914
v -0.0003000000142492354 -0.0007306583574973047 -0.0017600000137463212
v -0.0005000000237487257 -0.0007306583574973047 -0.0016400000313296914
v -0.0005000000237487257 -0.0007306583574973047 -0.0017600000137463212
v -0.0004980631056241691 -0.0007546856650151312 -0.0017600000137463212
v -0.0004980631056241691 -0.0007546856650151312 -0.0016400000313296914
v -0.000492302468046546 -0.0007780925370752811 -0.0017600000137463212
v -0.000492302468046546 -0.0007780925370752811 -0.0016400000313296914
v -0.00045769751886837184 -0.0008819074719212949 -0.0017600000137463212
v -0.00045769751886837184 -0.0008819074719212949 -0.0016400000313296914
v -0.0004519882204476744 -0.0009050000226125121 -0.0016400000313296914
v -0.0004519882204476744 -0.0009050000226125121 -0.0017600000137463212
v -0.00034801175934262574 -0.0009050000226125121 -0.0016400000313296914
v -0.00034801175934262574 -0.0009050000226125121 -0.0017600000137463212
v -0.00030769751174375415 -0.0007780925370752811 -0.0016400000313296914
v -0.000301936874166131 -0.0007546856650151312 -0.0016400000313296914
v -0.00034230249002575874 -0.0008819074719212949 -0.0016400000313296914
v -0.00030769751174375415 -0.0007780925370752811 -0.0017600000137463212
v -0.000301936874166131 -0.0007546856650151312 -0.0017600000137463212
v -0.00034230249002575874 -0.0008819074719212949 -0.0017600000137463212
v -0.000699999975040555 -0.0007306583574973047 -0.0009399999980814755
v -0.000699999975040555 -0.0007306583574973047 -0.0010600000387057662
v -0.0008999999845400453 -0.0007306583574973047 -0.0010600000387057662
v -0.0008999999845400453 -0.0007306583574973047 -0.0009399999980814755
v -0.0008980631246231496 -0.0007546856650151312 -0.0010600000387057662
v -0.0008980631246231496 -0.0007546856650151312 -0.0009399999980814755
v -0.0008923024870455265 -0.0007780925370752811 -0.0010600000387057662
v -0.0008923024870455265 -0.0007780925370752811 -0.0009399999980814755
v -0.0008576975087635219 -0.0008819074719212949 -0.0010600000387057662
v -0.0008576975087635219 -0.0008819074719212949 -0.0009399999980814755
v -0.0008519882103428245 -0.0009050000226125121 -0.0009399999980814755
v -0.0008519882103428245 -0.0009050000226125121 -0.0010600000387057662
v -0.0007480117492377758 -0.0009050000226125121 -0.0009399999980814755
v -0.0007480117492377758 -0.0009050000226125121 -0.0010600000387057662
v -0.0007076975307427347 -0.0007780925370752811 -0.0009399999980814755
v -0.0007019368931651115 -0.0007546856650151312 -0.0009399999980814755
v -0.0007423025090247393 -0.0008819074719212949 -0.0009399999980814755
v -0.0007076975307427347 -0.0007780925370752811 -0.0010600000387057662
v -0.0007019368931651115 -0.0007546856650151312 -0.0010600000387057662
v -0.0007423025090247393 -0.0008819074719212949 -0.0010600000387057662
v -0.0010999999940395355 -0.0007306583574973047 -0.0016400000313296914
v -0.0010999999940395355 -0.0007306583574973047 -0.0017600000137463212
v -0.0013000000035390258 -0.0007306583574973047 -0.0016400000313296914
v -0.0013000000035390258 -0.0007306583574973047 -0.0017600000137463212
v -0.0012980630854144692 -0.0007546856650151312 -0.0017600000137463212
v -0.0012980630854144692 -0.0007546856650151312 -0.0016400000313296914
v -0.001292302506044507 -0.0007780925370752811 -0.0017600000137463212
v -0.001292302506044507 -0.0007780925370752811 -0.0016400000313296914
v -0.0012576974695548415 -0.0008819074719212949 -0.0017600000137463212
v -0.0012576974695548415 -0.0008819074719212949 -0.0016400000313296914
v -0.001251988229341805 -0.0009050000226125121 -0.0016400000313296914
v -0.001251988229341805 -0.0009050000226125121 -0.0017600000137463212
v -0.0011480117682367563 -0.0009050000226125121 -0.0016400000313296914
v -0.0011480117682367563 -0.0009050000226125121 -0.0017600000137463212
v -0.0011076974915340543 -0.0007780925370752811 -0.0016400000313296914
v -0.001101936912164092 -0.0007546856650151312 -0.0016400000313296914
v -0.0011423025280237198 -0.0008819074719212949 -0.0016400000313296914
v -0.0011076974915340543 -0.0007780925370752811 -0.0017600000137463212
v -0.001101936912164092 -0.0007546856650151312 -0.0017600000137463212
v -0.0011423025280237198 -0.0008819074719212949 -0.0017600000137463212
v -0.001500000013038516 -0.0007306583574973047 -0.0009399999980814755
v -0.001500000013038516 -0.0007306583574973047 -0.0010600000387057662
v -0.0017000000225380063 -0.0007306583574973047 -0.0010600000387057662
v -0.0017000000225380063 -0.0007306583574973047 -0.0009399999980814755
v -0.0016980631044134498 -0.0007546856650151312 -0.0010600000387057662
v -0.0016980631044134498 -0.0007546856650151312 -0.0009399999980814755
v -0.0016923025250434875 -0.0007780925370752811 -0.0010600000387057662
v -0.0016923025250434875 -0.0007780925370752811 -0.0009399999980814755
v -0.001657697488553822 -0.0008819074719212949 -0.0010600000387057662
v -0.001657697488553822 -0.0008819074719212949 -0.0009399999980814755
v -0.0016519882483407855 -0.0009050000226125121 -0.0009399999980814755
v -0.0016519882483407855 -0.0009050000226125121 -0.0010600000387057662
v -0.0015480117872357368 -0.0009050000226125121 -0.0009399999980814755
v -0.0015480117872357368 -0.0009050000226125121 -0.0010600000387057662
v -0.0015076975105330348 -0.0007780925370752811 -0.0009399999980814755
v -0.0015019369311630726 -0.0007546856650151312 -0.0009399999980814755
v -0.0015423025470227003 -0.0008819074719212949 -0.0009399999980814755
v -0.0015076975105330348 -0.0007780925370752811 -0.0010600000387057662
v -0.0015019369311630726 -0.0007546856650151312 -0.0010600000387057662
v -0.0015423025470227003 -0.0008819074719212949 -0.0010600000387057662
v -0.002300000051036477 -0.0007306583574973047 -0.0010600000387057662
v -0.002300000051036477 -0.0007306583574973047 -0.0009399999980814755
v -0.0024999999441206455 -0.0007306583574973047 -0.0010600000387057662
v -0.0024999999441206455 -0.0007306583574973047 -0.0009399999980814755
v -0.002498063025996089 -0.0007546856650151312 -0.0010600000387057662
v -0.002498063025996089 -0.0007546856650151312 -0.0009399999980814755
v -0.0024923025630414486 -0.0007780925370752811 -0.0010600000387057662
v -0.0024923025630414486 -0.0007780925370752811 -0.0009399999980814755
v -0.0024576974101364613 -0.0008819074719212949 -0.0010600000387057662
v -0.0024576974101364613 -0.0008819074719212949 -0.0009399999980814755
v -0.0024519881699234247 -0.0009050000226125121 -0.0009399999980814755
v -0.0024519881699234247 -0.0009050000226125121 -0.0010600000387057662
v -0.002348011825233698 -0.0009050000226125121 -0.0009399999980814755
v -0.002348011825233698 -0.0009050000226125121 -0.0010600000387057662
v -0.002307697432115674 -0.0007780925370752811 -0.0009399999980814755
v -0.0023019369691610336 -0.0007546856650151312 -0.0009399999980814755
v -0.0023423025850206614 -0.0008819074719212949 -0.0009399999980814755
v -0.002307697432115674 -0.0007780925370752811 -0.0010600000387057662
v -0.0023019369691610336 -0.0007546856650151312 -0.0010600000387057662
v -0.0023423025850206614 -0.0008819074719212949 -0.0010600000387057662
v -0.0027000000700354576 -0.0007306583574973047 -0.0016400000313296914
v -0.0027000000700354576 -0.0007306583574973047 -0.0017600000137463212
v -0.002899999963119626 -0.0007306583574973047 -0.0017600000137463212
v -0.002899999963119626 -0.0007306583574973047 -0.0016400000313296914
v -0.0028980630449950695 -0.0007546856650151312 -0.0017600000137463212
v -0.0028980630449950695 -0.0007546856650151312 -0.0016400000313296914
v -0.002892302582040429 -0.0007780925370752811 -0.0017600000137463212
v -0.002892302582040429 -0.0007780925370752811 -0.0016400000313296914
v -0.0028576974291354418 -0.0008819074719212949 -0.0017600000137463212
v -0.0028576974291354418 -0.0008819074719212949 -0.0016400000313296914
v -0.0028519881889224052 -0.0009050000226125121 -0.0016400000313296914
v -0.0028519881889224052 -0.0009050000226125121 -0.0017600000137463212
v -0.0027480118442326784 -0.0009050000226125121 -0.0016400000313296914
v -0.0027480118442326784 -0.0009050000226125121 -0.0017600000137463212
v -0.0027076974511146545 -0.0007780925370752811 -0.0016400000313296914
v -0.002701936988160014 -0.0007546856650151312 -0.0016400000313296914
v -0.002742302604019642 -0.0008819074719212949 -0.0016400000313296914
v -0.0027076974511146545 -0.0007780925370752811 -0.0017600000137463212
v -0.002701936988160014 -0.0007546856650151312 -0.0017600000137463212
v -0.002742302604019642 -0.0008819074719212949 -0.0017600000137463212
v 0.0036949999630451202 0.00021086570632178336 0.0
v 0.003369405632838607 7.600013486808166e-05 0.0
v 0.004149999935179949 0.0006413526134565473 0.0
v 0.003974594175815582 0.00042540585855022073 0.0
v 0.0016408312367275357 2.9999999242136255e-05 0.0
v 0.003019999945536256 2.9999999242136255e-05 0.0
v 0.0014150069328024983 2.9999999242136255e-05 3.748030576389283e-05
v 0.001382943126372993 2.9999999242136255e-05 1.8429440387990326e-05
v 0.001382943126372993 0.0002300000051036477 1.8429440387990326e-05
v 0.0014507797313854098 2.9999999242136255e-05 4.8031684855232015e-05
v 0.0014150069328024983 0.0002300000051036477 3.748030576389283e-05
v 0.0014880499802529812 2.9999999242136255e-05 4.943125168210827e-05
v 0.0014507797313854098 0.0002300000051036477 4.8031684855232015e-05
v 0.00152451335452497 2.9999999242136255e-05 4.1592484194552526e-05
v 0.0014880499802529812 0.0002300000051036477 4.943125168210827e-05
v 0.0015579155879095197 2.9999999242136255e-05 2.499999936844688e-05
v 0.00152451335452497 0.0002300000051036477 4.1592484194552526e-05
v 0.0013334074756130576 2.9999999242136255e-05 -0.00014951331831980497
v 0.0013255687663331628 2.9999999242136255e-05 -0.00011304992949590087
v 0.0013269683113321662 2.9999999242136255e-05 -7.577975338790566e-05
v 0.0013375197304412723 2.9999999242136255e-05 -4.000695844297297e-05
v 0.001356570515781641 2.9999999242136255e-05 -7.943127457110677e-06
v 0.0013631966430693865 0.0002300000051036477 0.0
v 0.0015579155879095197 0.0002300000051036477 2.499999936844688e-05
v 0.0016408312367275357 0.0002300000051036477 0.0
v 0.0016117326449602842 2.9999999242136255e-05 2.849495103873778e-06
v 0.0016117326449602842 0.0002300000051036477 2.849495103873778e-06
v 0.0015837395330891013 2.9999999242136255e-05 1.1289718713669572e-05
v 0.0015837395330891013 0.0002300000051036477 1.1289718713669572e-05
v -0.00152451335452497 2.9999999242136255e-05 4.1592484194552526e-05
v -0.0015579155879095197 2.9999999242136255e-05 2.499999936844688e-05
v -0.0015579155879095197 0.0002300000051036477 2.499999936844688e-05
v -0.0014880499802529812 2.9999999242136255e-05 4.943125168210827e-05
v -0.00152451335452497 0.0002300000051036477 4.1592484194552526e-05
v -0.0014507797313854098 2.9999999242136255e-05 4.8031684855232015e-05
v -0.0014880499802529812 0.0002300000051036477 4.943125168210827e-05
v -0.0014150069328024983 2.9999999242136255e-05 3.748030576389283e-05
v -0.0014507797313854098 0.0002300000051036477 4.8031684855232015e-05
v -0.001382943126372993 2.9999999242136255e-05 1.8429440387990326e-05
v -0.0014150069328024983 0.0002300000051036477 3.748030576389283e-05
v -0.001356570515781641 2.9999999242136255e-05 -7.943127457110677e-06
v -0.0013631966430693865 0.0002300000051036477 0.0
v -0.001382943126372993 0.0002300000051036477 1.8429440387990326e-05
v -0.0013375197304412723 2.9999999242136255e-05 -4.000695844297297e-05
v -0.0013269683113321662 2.9999999242136255e-05 -7.577975338790566e-05
v -0.0013255687663331628 2.9999999242136255e-05 -0.00011304992949590087
v -0.0013334074756130576 2.9999999242136255e-05 -0.00014951331831980497
v -0.0015837395330891013 2.9999999242136255e-05 1.1289718713669572e-05
v -0.0015837395330891013 0.0002300000051036477 1.1289718713669572e-05
v -0.0016117326449602842 2.9999999242136255e-05 2.849495103873778e-06
v -0.0016117326449602842 0.0002300000051036477 2.849495103873778e-06
v -0.0016408312367275357 2.9999999242136255e-05 -7.260088797506059e-17
v -0.0016408312367275357 0.0002300000051036477 -4.443667521066313e-17
v -0.003019999945536256 2.9999999242136255e-05 1.2372047777727029e-17
v -0.0036949999630451202 0.00021086570632178336 0.0
v -0.003974594175815582 0.00042540585855022073 0.0
v -0.003369405632838607 7.600013486808166e-05 0.0
v -0.004149999935179949 0.0006413526134565473 0.0
v -0.003324999939650297 -0.0005000000237487257 -0.0023499999660998583
v -0.003334370441734791 -0.0005000000237487257 -0.0022788248024880886
v -0.0033618430607020855 -0.0005000000237487257 -0.0022124999668449163
v -0.0034055456053465605 -0.0005000000237487257 -0.0021555456332862377
v -0.003462499938905239 -0.0005000000237487257 -0.0021118430886417627
v -0.0035288247745484114 -0.0005000000237487257 -0.002084370469674468
v -0.003599999938160181 -0.0005000000237487257 -0.0020749999675899744
v -0.0036711753346025944 -0.0005000000237487257 -0.002084370469674468
v -0.003737499937415123 -0.0005000000237487257 -0.0021118430886417627
v -0.0037944542709738016 -0.0005000000237487257 -0.0021555456332862377
v -0.0038381570484489202 -0.0005000000237487257 -0.0022124999668449163
v -0.003865629667416215 -0.0005000000237487257 -0.0022788248024880886
v -0.003874999936670065 -0.0005000000237487257 -0.0023499999660998583
v -0.003865629667416215 -0.0005000000237487257 -0.002421175129711628
v -0.0038381570484489202 -0.0005000000237487257 -0.0024874999653548002
v -0.0037944542709738016 -0.0005000000237487257 -0.002544454298913479
v -0.003737499937415123 -0.0005000000237487257 -0.0025881570763885975
v -0.0036711753346025944 -0.0005000000237487257 -0.002615629695355892
v -0.003599999938160181 -0.0005000000237487257 -0.002624999964609742
v -0.0035288247745484114 -0.0005000000237487257 -0.002615629695355892
v -0.003462499938905239 -0.0005000000237487257 -0.0025881570763885975
v -0.0034055456053465605 -0.0005000000237487257 -0.002544454298913479
v -0.0033618430607020855 -0.0005000000237487257 -0.0024874999653548002
v -0.003334370441734791 -0.0005000000237487257 -0.002421175129711628
v -0.003599999938160181 -0.0006500000017695129 -0.002474999986588955
v -0.003632352454587817 -0.0006500000017695129 -0.0024707408156245947
v -0.003662500064820051 -0.0006500000017695129 -0.002458253176882863
v -0.0036883882712572813 -0.0006500000017695129 -0.0024383882991969585
v -0.003708253148943186 -0.0006500000017695129 -0.0024125000927597284
v -0.0037207407876849174 -0.0006500000017695129 -0.0023823524825274944
v -0.0037249999586492777 -0.0006500000017695129 -0.0023499999660998583
v -0.0037207407876849174 -0.0006500000017695129 -0.002317647682502866
v -0.003708253148943186 -0.0006500000017695129 -0.002287500072270632
v -0.0036883882712572813 -0.0006500000017695129 -0.002261611633002758
v -0.003662500064820051 -0.0006500000017695129 -0.0022417467553168535
v -0.003632352454587817 -0.0006500000017695129 -0.0022292593494057655
v -0.003599999938160181 -0.0006500000017695129 -0.0022249999456107616
v -0.0035676476545631886 -0.0006500000017695129 -0.0022292593494057655
v -0.0035375000443309546 -0.0006500000017695129 -0.0022417467553168535
v -0.003511611605063081 -0.0006500000017695129 -0.002261611633002758
v -0.0034917467273771763 -0.0006500000017695129 -0.002287500072270632
v -0.0034792593214660883 -0.0006500000017695129 -0.002317647682502866
v -0.0034749999176710844 -0.0006500000017695129 -0.0023499999660998583
v -0.0034792593214660883 -0.0006500000017695129 -0.0023823524825274944
v -0.0034917467273771763 -0.0006500000017695129 -0.0024125000927597284
v -0.003511611605063081 -0.0006500000017695129 -0.0024383882991969585
v -0.0035375000443309546 -0.0006500000017695129 -0.002458253176882863
v -0.0035676476545631886 -0.0006500000017695129 -0.0024707408156245947
v -0.003599999938160181 -0.0006500000017695129 -0.0023499999660998583
v 0.004230000078678131 -0.000750000006519258 -0.0013958039926365018
v 0.004230000078678131 -0.000699999975040555 -0.00139999995008111
v 0.0042222593910992146 -0.0007776457350701094 -0.0013897777535021305
v 0.004201999865472317 -0.0008500000112690032 -0.0013598076766356826
v 0.004184603225439787 -0.0009121320326812565 -0.0013121319934725761
v 0.004177358467131853 -0.0009380059782415628 -0.0012826283928006887
v 0.004166394006460905 -0.000977163901552558 -0.0012148050591349602
v 0.004171253647655249 -0.0009598075994290411 -0.0012499999720603228
v 0.004160718526691198 -0.0009974334388971329 -0.0011391578009352088
v 0.004162862431257963 -0.00098977773450315 -0.0011776457540690899
v 0.0041600000113248825 -0.0010000000474974513 -0.0010999999940395355
v 0.004160718526691198 -0.0009974334388971329 -0.0010608421871438622
v 0.004162862431257963 -0.00098977773450315 -0.0010223542340099812
v 0.004166394006460905 -0.000977163901552558 -0.0009851949289441109
v 0.004171253647655249 -0.0009598075994290411 -0.0009500000160187483
v 0.004177358467131853 -0.0009380059782415628 -0.0009173715952783823
v 0.004184603225439787 -0.0009121320326812565 -0.0008878679946064949
v 0.004201999865472317 -0.0008500000112690032 -0.0008401923696510494
v 0.0042222593910992146 -0.0007776457350701094 -0.0008102222345769405
v 0.004230000078678131 -0.000750000006519258 -0.0008041959954425693
v 0.004230000078678131 -0.000699999975040555 -0.0007999999797903001
v 0.004230000078678131 -0.00010782318713609129 -0.0007999999797903001
v 0.004230000078678131 -0.00010782318713609129 -0.00139999995008111
v 0.004232044797390699 -9.79211981757544e-05 -0.00139999995008111
v 0.004234521184116602 -9.34837808017619e-05 -0.00139999995008111
v 0.004234521184116602 -9.34837808017619e-05 -0.0007999999797903001
v 0.004230516497045755 -0.00010276774992235005 -0.00139999995008111
v 0.004232044797390699 -9.79211981757544e-05 -0.0007999999797903001
v 0.004230516497045755 -0.00010276774992235005 -0.0007999999797903001
v 0.004324788227677345 3.54305884684436e-05 -0.00139999995008111
v 0.004324788227677345 3.54305884684436e-05 -0.0007999999797903001
v -0.004230000078678131 -0.000750000006519258 -0.0008041959954425693
v -0.004230000078678131 -0.000699999975040555 -0.0007999999797903001
v -0.0042222593910992146 -0.0007776457350701094 -0.0008102222345769405
v -0.004201999865472317 -0.0008500000112690032 -0.0008401923696510494
v -0.004184603225439787 -0.0009121320326812565 -0.0008878679946064949
v -0.004177358467131853 -0.0009380059782415628 -0.0009173715952783823
v -0.004166394006460905 -0.000977163901552558 -0.0009851949289441109
v -0.004171253647655249 -0.0009598075994290411 -0.0009500000160187483
v -0.004160718526691198 -0.0009974334388971329 -0.0010608421871438622
v -0.004162862431257963 -0.00098977773450315 -0.0010223542340099812
v -0.0041600000113248825 -0.0010000000474974513 -0.0010999999940395355
v -0.004160718526691198 -0.0009974334388971329 -0.0011391578009352088
v -0.004162862431257963 -0.00098977773450315 -0.0011776457540690899
v -0.004166394006460905 -0.000977163901552558 -0.0012148050591349602
v -0.004171253647655249 -0.0009598075994290411 -0.0012499999720603228
v -0.004177358467131853 -0.0009380059782415628 -0.0012826283928006887
v -0.004184603225439787 -0.0009121320326812565 -0.0013121319934725761
v -0.004201999865472317 -0.0008500000112690032 -0.0013598076766356826
v -0.0042222593910992146 -0.0007776457350701094 -0.0013897777535021305
v -0.004230000078678131 -0.000750000006519258 -0.0013958039926365018
v -0.004230000078678131 -0.000699999975040555 -0.00139999995008111
v -0.004230000078678131 -0.00010782318713609129 -0.00139999995008111
v -0.004230000078678131 -0.00010782318713609129 -0.0007999999797903001
v -0.004232044797390699 -9.79211981757544e-05 -0.0007999999797903001
v -0.004234521184116602 -9.34837808017619e-05 -0.0007999999797903001
v -0.004234521184116602 -9.34837808017619e-05 -0.00139999995008111
v -0.004230516497045755 -0.00010276774992235005 -0.0007999999797903001
v -0.004232044797390699 -9.79211981757544e-05 -0.00139999995008111
v -0.004230516497045755 -0.00010276774992235005 -0.00139999995008111
v -0.004324788227677345 3.54305884684436e-05 -0.00139999995008111
v -0.004324788227677345 3.54305884684436e-05 -0.0007999999797903001
v 0.002950000111013651 0.002749999985098839 -0.002899999963119626
v 0.004109111148864031 0.0018605828518047929 -0.002899999963119626
v 0.003989230375736952 0.00215000007301569 -0.002899999963119626
v 0.0035500000230968 0.002589230425655842 -0.002899999963119626
v 0.0037985281087458134 0.0023985281586647034 -0.002899999963119626
v 0.0032605829183012247 0.002709110965952277 -0.002899999963119626
v 0.004149999935179949 0.001550000044517219 -0.002899999963119626
v -0.004149999935179949 0.001550000044517219 -0.002899999963119626
v -0.004109111148864031 0.0018605828518047929 -0.002899999963119626
v -0.003989230375736952 0.00215000007301569 -0.002899999963119626
v -0.0037985281087458134 0.0023985281586647034 -0.002899999963119626
v -0.0035500000230968 0.002589230425655842 -0.002899999963119626
v -0.0032605829183012247 0.002709110965952277 -0.002899999963119626
v -0.002950000111013651 0.002749999985098839 -0.002899999963119626
v 0.002950000111013651 0.002749999985098839 0.0
v 0.0032605829183012247 0.002709110965952277 0.0
v 0.0035500000230968 0.002589230425655842 0.0
v 0.0037985281087458134 0.0023985281586647034 0.0
v 0.003989230375736952 0.00215000007301569 0.0
v 0.004109111148864031 0.0018605828518047929 0.0
v 0.004149999935179949 0.001550000044517219 0.0
v -0.002950000111013651 0.002749999985098839 0.0
v -0.004149999935179949 0.001550000044517219 0.0
v -0.004109111148864031 0.0018605828518047929 0.0
v -0.003989230375736952 0.00215000007301569 0.0
v -0.0037985281087458134 0.0023985281586647034 0.0
v -0.0035500000230968 0.002589230425655842 0.0
v -0.0032605829183012247 0.002709110965952277 0.0
v 0.004149999935179949 0.00013449680409394205 -0.00139999995008111
v 0.004149999935179949 0.001166458474472165 0.0
v 0.004149999935179949 0.00013449680409394205 -0.0007999999797903001
v 0.004160957410931587 0.00015014587552286685 -0.00139999995008111
v 0.004160957410931587 0.00015014587552286685 -0.0007999999797903001
v 0.00416591065004468 0.00015902071027085185 -0.0007999999797903001
v 0.00434955395758152 7.980475493241102e-05 -0.0007999999797903001
v 0.004364835098385811 0.00012827030150219798 -0.0007999999797903001
v 0.004168967250734568 0.00016871381376404315 -0.0007999999797903001
v 0.004169666673988104 0.00017305975779891014 -0.0007999999797903001
v 0.004368332680314779 0.0001500000071246177 -0.0007999999797903001
v 0.004368332680314779 0.0001500000071246177 -0.00139999995008111
v 0.004364835098385811 0.00012827030150219798 -0.00139999995008111
v 0.004168967250734568 0.00016871381376404315 -0.00139999995008111
v 0.00416591065004468 0.00015902071027085185 -0.00139999995008111
v 0.00434955395758152 7.980475493241102e-05 -0.00139999995008111
v 0.004169666673988104 0.00017305975779891014 -0.00139999995008111
v 0.004369590897113085 0.00016453213174827397 -0.0007989384466782212
v 0.004369590897113085 0.00016453211719635874 -0.0014010615414008498
v 0.004369843285530806 0.00017334060976281762 -0.0014030231395736337
v 0.004368652123957872 0.0001536897470941767 -0.0014002695679664612
v 0.004368972033262253 0.00015738092770334333 -0.0014005391858518124
v 0.004369427915662527 0.00016265040903817862 -0.0014009240549057722
v 0.004368828609585762 0.00015572478878311813 -0.0007995818159542978
v 0.004368580412119627 0.00015286204870790243 -0.0007997909560799599
v 0.004370000213384628 0.00017882470274344087 -0.0014042443362995982
v 0.004370000213384628 0.00017882470274344087 -0.0007957555935718119
v 0.004369812086224556 0.00017226458294317126 -0.0007972164894454181
v 0.004369658417999744 0.00016688340110704303 -0.0007984148687683046
v 0.004169771447777748 0.0001740521111059934 -0.001400123117491603
v 0.004169744439423084 0.00017379660857841372 -0.001400091452524066
v 0.004169865977019072 0.00017516927618999034 -0.0014005578123033047
v 0.004169811494648457 0.00017452520842198282 -0.0014003071701154113
v 0.004169781226664782 0.00017416382615920156 -0.0014001665404066443
v 0.004169945605099201 0.00017648597713559866 -0.0014014783082529902
v 0.004169890191406012 0.00017556818784214556 -0.001400836743414402
v 0.0041699218563735485 0.00017609431233722717 -0.0014012044994160533
v 0.004170000087469816 0.00017882470274344087 -0.0014042443362995982
v 0.00416993722319603 0.00017641420708969235 -0.0007985254633240402
v 0.004169964697211981 0.00017697787552606314 -0.0007980474620126188
v 0.004169911611825228 0.00017588591435924172 -0.0007989734876900911
v 0.004169969353824854 0.00017706867947708815 -0.0007979704532772303
v 0.004169904626905918 0.0001757357531460002 -0.0007991008460521698
v 0.004169987980276346 0.00017812861187849194 -0.0007966335979290307
v 0.004169820342212915 0.00017459077935200185 -0.0007997065549716353
v 0.004169875290244818 0.00017533657955937088 -0.0007993120234459639
v 0.004170000087469816 0.00017882470274344087 -0.0007957555935718119
v 0.0041697267442941666 0.00017360264610033482 -0.0007999631925486028
v 0.004169783089309931 0.00017419981304556131 -0.0007998081273399293
v 0.00416972953826189 0.00017363256483804435 -0.0007999554509297013
v 0.00416999775916338 0.00017838107305578887 -0.0014036045176908374
v 0.0041699786670506 0.00017768445832189173 -0.0014028229052200913
v 0.003369405632838607 7.600013486808166e-05 0.004699999932199717
v 0.003019999945536256 2.9999999242136255e-05 0.004699999932199717
v 0.0036949999630451202 0.00021086570632178336 0.004699999932199717
v 0.004189134109765291 0.0007050000131130219 0.004699999932199717
v 0.003974594175815582 0.00042540585855022073 0.004699999932199717
v 0.004189134109765291 0.0007050000131130219 0.0
v 0.004323999863117933 0.0010305943433195353 0.0
v 0.004323999863117933 0.0010305943433195353 0.004699999932199717
v 0.004370000213384628 0.0013800000306218863 0.0
v 0.004370000213384628 0.0013800000306218863 0.004699999932199717
v 0.004219400230795145 0.00017882470274344087 -0.0007957555935718119
v 0.004194099921733141 0.00017882470274344087 -0.0007957555935718119
v 0.004181449767202139 0.00017882470274344087 -0.0007957555935718119
v 0.004269999917596579 0.00017882470274344087 -0.0007957555935718119
v 0.004193783272057772 0.00017198073328472674 -0.0007998354849405587
v 0.004269987344741821 0.00017688065418042243 -0.0007966717821545899
v 0.004269637633115053 0.00016840570606291294 -0.0007993411854840815
v 0.004269358702003956 0.00016497052274644375 -0.0007998354849405587
v 0.004218975082039833 0.00016964400128927082 -0.0007998354849405587
v 0.004181344527751207 0.00017522781854495406 -0.0007989879231899977
v 0.00418138038367033 0.00017589701747056097 -0.0007985591655597091
v 0.0041814083233475685 0.0001765632478054613 -0.0007980554946698248
v 0.004269829485565424 0.00017167821351904422 -0.0007985591655597091
v 0.004269949160516262 0.00017492171900812536 -0.0007974773761816323
v 0.0042193918488919735 0.000177536450792104 -0.0007966717821545899
v 0.004193972796201706 0.00017448737344238907 -0.0007989879231899977
v 0.004194015637040138 0.00017529433534946293 -0.0007985591655597091
v 0.004194049630314112 0.0001760977174853906 -0.0007980554946698248
v 0.0041814446449279785 0.00017802829097490758 -0.0007966717821545899
v 0.004181429278105497 0.0001772257819538936 -0.0007974773761816323
v 0.004194093868136406 0.00017786433454602957 -0.0007966717821545899
v 0.004194074776023626 0.00017689661763142794 -0.0007974773761816323
v 0.004219366237521172 0.00017623831809032708 -0.0007974773761816323
v 0.004219287075102329 0.00017408895655535161 -0.0007985591655597091
v 0.004219159949570894 0.0001719203864922747 -0.0007993411854840815
v 0.004193921107798815 0.00017367771943099797 -0.0007993411854840815
v 0.00421907426789403 0.00017078280507121235 -0.0007996296044439077
v 0.004193857312202454 0.00017282969201914966 -0.0007996296044439077
v 0.004370000213384628 0.000202389172045514 -0.000785178504884243
v 0.004170000087469816 0.000202389172045514 -0.000785178504884243
v 0.004170000087469816 0.00022245846048463136 -0.0007689186022616923
v 0.004170000087469816 0.00023769360268488526 -0.000748060701880604
v 0.004370000213384628 0.00022245846048463136 -0.0007689186022616923
v 0.004170000087469816 0.0002470781619194895 -0.0007239964324980974
v 0.004370000213384628 0.00023769360268488526 -0.000748060701880604
v 0.004170000087469816 0.00024998607113957405 -0.0006983312196098268
v 0.004370000213384628 0.0002470781619194895 -0.0007239964324980974
v 0.004170000087469816 0.00024622329510748386 -0.0006727772997692227
v 0.004370000213384628 0.00024998607113957405 -0.0006983312196098268
v 0.004170000087469816 0.00023604089801665395 -0.0006490395753644407
v 0.004370000213384628 0.00024622329510748386 -0.0006727772997692227
v 0.004170000087469816 0.00022011817782185972 -0.0006287017604336143
v 0.004370000213384628 0.00023604089801665395 -0.0006490395753644407
v 0.004170000087469816 0.00019951746799051762 -0.0006131206755526364
v 0.004370000213384628 0.00022011817782185972 -0.0006287017604336143
v 0.004170000087469816 0.000175613138708286 -0.0006033357931300998
v 0.004370000213384628 0.00019951746799051762 -0.0006131206755526364
v 0.004170000087469816 0.0001500000071246177 -0.0006000000284984708
v 0.004370000213384628 0.000175613138708286 -0.0006033357931300998
v 0.004370000213384628 0.0001500000071246177 -0.0006000000284984708
v 0.004181449767202139 0.00017882470274344087 -0.0014042443362995982
v 0.004219399765133858 0.00017882470274344087 -0.0014042443362995982
v 0.004244700074195862 0.00017882470274344087 -0.0014042443362995982
v 0.004269999917596579 0.00017882470274344087 -0.0014042443362995982
v 0.004194099921733141 0.00017882470274344087 -0.0014042443362995982
v 0.004194082226604223 0.00017721478070598096 -0.0014027745928615332
v 0.00426924042403698 0.000163748292834498 -0.0014000682858750224
v 0.004269686061888933 0.00016912288265302777 -0.0014008040307089686
v 0.004269856493920088 0.0001722649612929672 -0.001401613699272275
v 0.004219304770231247 0.00017447778373025358 -0.001401613699272275
v 0.004181359428912401 0.00017549496260471642 -0.0014011739986017346
v 0.004193827044218779 0.00017247175856027752 -0.0014002735260874033
v 0.004269347991794348 0.00016485662490595132 -0.0014001537347212434
v 0.0042189680971205235 0.00016956852050498128 -0.0014001537347212434
v 0.004219191614538431 0.00017239563749171793 -0.0014008040307089686
v 0.0041939448565244675 0.0001740320003591478 -0.0014008040307089686
v 0.004193990956991911 0.00017480950918979943 -0.0014011739986017346
v 0.004181391093879938 0.00017613740055821836 -0.001401613699272275
v 0.004219033755362034 0.00017030267918016762 -0.0014002735260874033
v 0.004193889908492565 0.00017325248336419463 -0.001400503795593977
v 0.004269447643309832 0.00016596449131611735 -0.0014002735260874033
v 0.004269964527338743 0.00017556575767230242 -0.0014027745928615332
v 0.004244670271873474 0.00017611544171813875 -0.0014027745928615332
v 0.004219376482069492 0.00017666511121205986 -0.0014027745928615332
v 0.004181435331702232 0.00017748962272889912 -0.0014027745928615332
v 0.00419402914121747 0.00017558419494889677 -0.001401613699272275
v 0.004170000087469816 0.000175613138708286 -0.0015966641949489713
v 0.004170000087469816 0.0001500000071246177 -0.0015999999595806003
v 0.004370000213384628 0.0001500000071246177 -0.0015999999595806003
v 0.004170000087469816 0.00019951746799051762 -0.0015868793707340956
v 0.004370000213384628 0.000175613138708286 -0.0015966641949489713
v 0.004170000087469816 0.00022011817782185972 -0.0015712982276454568
v 0.004370000213384628 0.00019951746799051762 -0.0015868793707340956
v 0.004170000087469816 0.00023604089801665395 -0.0015509604709222913
v 0.004370000213384628 0.00022011817782185972 -0.0015712982276454568
v 0.004170000087469816 0.00024622329510748386 -0.0015272226883098483
v 0.004370000213384628 0.00023604089801665395 -0.0015509604709222913
v 0.004170000087469816 0.00024998607113957405 -0.0015016688266769052
v 0.004370000213384628 0.00024622329510748386 -0.0015272226883098483
v 0.004170000087469816 0.0002470781619194895 -0.0014760035555809736
v 0.004370000213384628 0.00024998607113957405 -0.0015016688266769052
v 0.004170000087469816 0.00023769360268488526 -0.001451939227990806
v 0.004370000213384628 0.0002470781619194895 -0.0014760035555809736
v 0.004170000087469816 0.00022245846048463136 -0.0014310814440250397
v 0.004370000213384628 0.00023769360268488526 -0.001451939227990806
v 0.004170000087469816 0.000202389172045514 -0.001414821483194828
v 0.004370000213384628 0.00022245846048463136 -0.0014310814440250397
v 0.004370000213384628 0.000202389172045514 -0.001414821483194828
v 0.004170000087469816 7.999999797903001e-05 -0.0015999999595806003
v 0.004370000213384628 7.999999797903001e-05 -0.0015999999595806003
v 0.004170000087469816 5.92944779782556e-05 -0.0016027259407564998
v 0.004370000213384628 5.92944779782556e-05 -0.0016027259407564998
v 0.004170000087469816 3.9999998989515007e-05 -0.0016107179690152407
v 0.004370000213384628 3.9999998989515007e-05 -0.0016107179690152407
v 0.004170000087469816 2.3431457520928234e-05 -0.0016234314534813166
v 0.004370000213384628 2.3431457520928234e-05 -0.0016234314534813166
v 0.004170000087469816 1.0717967597884126e-05 -0.0016400000313296914
v 0.004370000213384628 1.0717967597884126e-05 -0.0016400000313296914
v 0.004170000087469816 2.7259338821750134e-06 -0.001659294473938644
v 0.004370000213384628 2.7259338821750134e-06 -0.001659294473938644
v 0.004170000087469816 0.0 -0.0016799999866634607
v 0.004370000213384628 0.0 -0.0016799999866634607
v 0.004170000087469816 0.0 -0.001769999973475933
v 0.004370000213384628 0.0 -0.001769999973475933
v 0.004170000087469816 7.999999797903001e-05 -0.0018500000005587935
v 0.004370000213384628 7.999999797903001e-05 -0.0018500000005587935
v 0.004370000213384628 5.92944779782556e-05 -0.001847274019382894
v 0.004170000087469816 5.92944779782556e-05 -0.001847274019382894
v 0.004370000213384628 3.9999998989515007e-05 -0.0018392819911241531
v 0.004170000087469816 3.9999998989515007e-05 -0.0018392819911241531
v 0.004370000213384628 2.3431457520928234e-05 -0.0018265685066580772
v 0.004170000087469816 2.3431457520928234e-05 -0.0018265685066580772
v 0.004370000213384628 1.0717967597884126e-05 -0.0018100000452250242
v 0.004170000087469816 1.0717967597884126e-05 -0.0018100000452250242
v 0.004370000213384628 2.7259338821750134e-06 -0.0017907054862007499
v 0.004170000087469816 2.7259338821750134e-06 -0.0017907054862007499
v 0.004170000087469816 0.00044999999227002263 -0.0018500000005587935
v 0.004370000213384628 0.00044999999227002263 -0.0018500000005587935
v 0.004370000213384628 0.0004888228722847998 -0.0018551110988482833
v 0.004370000213384628 0.0005249999812804163 -0.0018700961954891682
v 0.004170000087469816 0.0004888228722847998 -0.0018551110988482833
v 0.004370000213384628 0.0005560659919865429 -0.0018939339788630605
v 0.004170000087469816 0.0005249999812804163 -0.0018700961954891682
v 0.004370000213384628 0.0005799038335680962 -0.0019249999895691872
v 0.004170000087469816 0.0005560659919865429 -0.0018939339788630605
v 0.004370000213384628 0.0005948888720013201 -0.0019611772149801254
v 0.004170000087469816 0.0005799038335680962 -0.0019249999895691872
v 0.004370000213384628 0.0006000000284984708 -0.0020000000949949026
v 0.004170000087469816 0.0005948888720013201 -0.0019611772149801254
v 0.004170000087469816 0.0006000000284984708 -0.0020000000949949026
v 0.004170000087469816 0.0006000000284984708 -0.00279999990016222
v 0.004370000213384628 0.0006000000284984708 -0.00279999990016222
v 0.004370000213384628 0.0005948888720013201 -0.002838822780176997
v 0.004370000213384628 0.0005799038335680962 -0.0028750000055879354
v 0.004170000087469816 0.0005948888720013201 -0.002838822780176997
v 0.004370000213384628 0.0005560659919865429 -0.002906066132709384
v 0.004170000087469816 0.0005799038335680962 -0.0028750000055879354
v 0.004370000213384628 0.0005249999812804163 -0.0029299037996679544
v 0.004170000087469816 0.0005560659919865429 -0.002906066132709384
v 0.004370000213384628 0.0004888228722847998 -0.0029448887798935175
v 0.004170000087469816 0.0005249999812804163 -0.0029299037996679544
v 0.004370000213384628 0.00044999999227002263 -0.002950000111013651
v 0.004170000087469816 0.0004888228722847998 -0.0029448887798935175
v 0.004170000087469816 0.00044999999227002263 -0.002950000111013651
v 0.004170000087469816 0.0002500000118743628 -0.002950000111013651
v 0.004370000213384628 0.0002500000118743628 -0.002950000111013651
v 0.004170000087469816 9.999999747378752e-05 -0.003100000089034438
v 0.004370000213384628 9.999999747378752e-05 -0.003100000089034438
v 0.004370000213384628 0.00010511112486710772 -0.003061177209019661
v 0.004170000087469816 0.00010511112486710772 -0.003061177209019661
v 0.004370000213384628 0.00012009619240416214 -0.0030249999836087227
v 0.004170000087469816 0.00012009619240416214 -0.0030249999836087227
v 0.004370000213384628 0.00014393398305401206 -0.002993934089317918
v 0.004170000087469816 0.00014393398305401206 -0.002993934089317918
v 0.004370000213384628 0.00017499999376013875 -0.0029700961895287037
v 0.004170000087469816 0.00017499999376013875 -0.0029700961895287037
v 0.004370000213384628 0.00021117714641150087 -0.0029551112093031406
v 0.004170000087469816 0.00021117714641150087 -0.0029551112093031406
v 0.004370000213384628 9.999999747378752e-05 -0.0036249998956918716
v 0.004170000087469816 9.999999747378752e-05 -0.0036249998956918716
v 0.004370000213384628 7.999999797903001e-05 -0.0006000000284984708
v 0.004170000087469816 7.999999797903001e-05 -0.0006000000284984708
v 0.004370000213384628 5.92944779782556e-05 -0.0005972740473225713
v 0.004170000087469816 5.92944779782556e-05 -0.0005972740473225713
v 0.004370000213384628 3.9999998989515007e-05 -0.0005892820190638304
v 0.004170000087469816 3.9999998989515007e-05 -0.0005892820190638304
v 0.004370000213384628 2.3431457520928234e-05 -0.0005765685345977545
v 0.004170000087469816 2.3431457520928234e-05 -0.0005765685345977545
v 0.004370000213384628 1.0717967597884126e-05 -0.0005600000149570405
v 0.004170000087469816 1.0717967597884126e-05 -0.0005600000149570405
v 0.004370000213384628 2.7259338821750134e-06 -0.0005407055141404271
v 0.004170000087469816 2.7259338821750134e-06 -0.0005407055141404271
v 0.004370000213384628 0.0 -0.0005200000014156103
v 0.004170000087469816 0.0 -0.0005200000014156103
v 0.004170000087469816 0.0 -0.0004299999854993075
v 0.004370000213384628 0.0 -0.0004299999854993075
v 0.004370000213384628 2.7259338821750134e-06 -0.0004092944727744907
v 0.004170000087469816 2.7259338821750134e-06 -0.0004092944727744907
v 0.004370000213384628 1.0717967597884126e-05 -0.00039000000106170774
v 0.004170000087469816 1.0717967597884126e-05 -0.00039000000106170774
v 0.004370000213384628 2.3431457520928234e-05 -0.00037343145231716335
v 0.004170000087469816 2.3431457520928234e-05 -0.00037343145231716335
v 0.004370000213384628 3.9999998989515007e-05 -0.00036071796785108745
v 0.004170000087469816 3.9999998989515007e-05 -0.00036071796785108745
v 0.004370000213384628 5.92944779782556e-05 -0.00035272593959234655
v 0.004170000087469816 5.92944779782556e-05 -0.00035272593959234655
v 0.004370000213384628 7.999999797903001e-05 -0.0003499999875202775
v 0.004170000087469816 7.999999797903001e-05 -0.0003499999875202775
v 0.004370000213384628 0.0013800000306218863 -0.0003499999875202775
v 0.004170000087469816 0.0013800000306218863 -0.0003499999875202775
v 0.004370000213384628 0.0014959110412746668 -0.0002610582741908729
v 0.004370000213384628 0.001500000013038516 -0.0002300000051036477
v 0.004170000087469816 0.001500000013038516 -0.0002300000051036477
v 0.004370000213384628 0.0014839230570942163 -0.0002899999963119626
v 0.004170000087469816 0.0014959110412746668 -0.0002610582741908729
v 0.004370000213384628 0.0014648528303951025 -0.00031485280487686396
v 0.004170000087469816 0.0014839230570942163 -0.0002899999963119626
v 0.004370000213384628 0.0014400000218302011 -0.00033392306067980826
v 0.004170000087469816 0.0014648528303951025 -0.00031485280487686396
v 0.004370000213384628 0.0014110582415014505 -0.0003459111030679196
v 0.004170000087469816 0.0014400000218302011 -0.00033392306067980826
v 0.004170000087469816 0.0014110582415014505 -0.0003459111030679196
v 0.004370000213384628 0.001500000013038516 -0.00011999999696854502
v 0.004170000087469816 0.001500000013038516 -0.00011999999696854502
v 0.004170000087469816 0.0014959110412746668 -8.894171332940459e-05
v 0.004170000087469816 0.0014839230570942163 -5.999999848427251e-05
v 0.004370000213384628 0.0014959110412746668 -8.894171332940459e-05
v 0.004170000087469816 0.0014648528303951025 -3.514718628139235e-05
v 0.004370000213384628 0.0014839230570942163 -5.999999848427251e-05
v 0.004170000087469816 0.0014400000218302011 -1.607695230632089e-05
v 0.004370000213384628 0.0014648528303951025 -3.514718628139235e-05
v 0.004170000087469816 0.0014110582415014505 -4.08890082326252e-06
v 0.004370000213384628 0.0014400000218302011 -1.607695230632089e-05
v 0.004170000087469816 0.0013800000306218863 0.0
v 0.004370000213384628 0.0014110582415014505 -4.08890082326252e-06
v 0.00413081469014287 0.0010823580669239163 0.0044999998062849045
v 0.004170000087469816 0.0013800000306218863 0.0044999998062849045
v 0.004015929065644741 0.000805000017862767 0.0044999998062849045
v 0.00413081469014287 0.0010823580669239163 0.0
v 0.003833172842860222 0.0005668271915055811 0.0044999998062849045
v 0.004015929065644741 0.000805000017862767 0.0
v 0.003594999900087714 0.0003840707940980792 0.0044999998062849045
v 0.003833172842860222 0.0005668271915055811 0.0
v 0.003317641792818904 0.00026918528601527214 0.0044999998062849045
v 0.003594999900087714 0.0003840707940980792 0.0
v 0.003019999945536256 0.0002300000051036477 0.0044999998062849045
v 0.003317641792818904 0.00026918528601527214 0.0
v 0.003019999945536256 0.0002300000051036477 0.0
v 0.004370000213384628 0.0016199999954551458 -0.0037750001065433025
v 0.004370000213384628 0.0016199999954551458 0.004699999932199717
v 0.004370000213384628 0.00010511112486710772 -0.003663822775706649
v 0.004370000213384628 0.00012009619240416214 -0.003700000001117587
v 0.004370000213384628 0.00014393398305401206 -0.0037310661282390356
v 0.004370000213384628 0.00017499999376013875 -0.003754903795197606
v 0.004370000213384628 0.00021117714641150087 -0.003769888775423169
v 0.004370000213384628 0.0002500000118743628 -0.0037750001065433025
v 0.004170000087469816 0.00012009619240416214 -0.003700000001117587
v 0.004170000087469816 0.00010511112486710772 -0.003663822775706649
v 0.004170000087469816 0.00013819659943692386 -0.0037249999586492777
v 0.00418900279328227 0.00015868578338995576 -0.0037440028972923756
v 0.004175667185336351 0.00014430691953748465 -0.003730667056515813
v 0.004208581987768412 0.0001925974793266505 -0.003763581858947873
v 0.004199903924018145 0.00017499999376013875 -0.003754903795197606
v 0.004218716640025377 0.0002304210647707805 -0.0037737167440354824
v 0.004214888904243708 0.00021117714641150087 -0.003769888775423169
v 0.004220000002533197 0.0002500000118743628 -0.0037750001065433025
v 0.004220000002533197 0.0016199999954551458 -0.0037750001065433025
v 0.004170000087469816 0.0016199999954551458 -0.0037249999586492777
v 0.004336152691394091 0.0019204032141715288 -0.0037750001065433025
v 0.004336152691394091 0.0019204032141715288 0.004699999932199717
v 0.004236307926476002 0.0022057429887354374 -0.0037750001065433025
v 0.004236307926476002 0.0022057429887354374 0.004699999932199717
v 0.004075472708791494 0.0024617111776024103 -0.0037750001065433025
v 0.004075472708791494 0.0024617111776024103 0.004699999932199717
v 0.0038617111276835203 0.0026754725258797407 -0.0037750001065433025
v 0.0038617111276835203 0.0026754725258797407 0.004699999932199717
v 0.0036057429388165474 0.0028363079763948917 -0.0037750001065433025
v 0.0036057429388165474 0.0028363079763948917 0.004699999932199717
v 0.003320403164252639 0.0029361527413129807 -0.0037750001065433025
v 0.003320403164252639 0.0029361527413129807 0.004699999932199717
v 0.003019999945536256 0.0029700000304728746 -0.0037750001065433025
v 0.003019999945536256 0.0029700000304728746 0.004699999932199717
v 0.004170000087469816 0.0016199999954551458 0.0044999998062849045
v 0.003019999945536256 0.0028200000524520874 -0.0037750001065433025
v 0.0032870250288397074 0.0027899134438484907 -0.0037750001065433025
v 0.0032758989837020636 0.002741167088970542 -0.0037249999586492777
v 0.003540660487487912 0.0027011625934392214 -0.0037750001065433025
v 0.0035189662594348192 0.002656114287674427 -0.0037249999586492777
v 0.003768187714740634 0.0025581978261470795 -0.0037750001065433025
v 0.0037370133213698864 0.0025191062595695257 -0.0037249999586492777
v 0.0039581977762281895 0.002368187764659524 -0.0037750001065433025
v 0.003919105976819992 0.0023370133712887764 -0.0037249999586492777
v 0.004101162776350975 0.002140660537406802 -0.0037750001065433025
v 0.004056114237755537 0.0021189663093537092 -0.0037249999586492777
v 0.004189913626760244 0.0018870250787585974 -0.0037750001065433025
v 0.004141167271882296 0.0018758990336209536 -0.0037249999586492777
v 0.003019999945536256 0.0027699999045580626 -0.0037249999586492777
v 0.002999374642968178 0.0029700000304728746 -0.0037750001065433025
v 0.002999374642968178 0.0028200000524520874 -0.0037750001065433025
v 0.004269999917596579 0.0016199999954551458 0.004699999932199717
v 0.004269999917596579 0.0013800000306218863 0.004699999932199717
v 0.0032758989837020636 0.002741167088970542 0.0044999998062849045
v 0.003019999945536256 0.0027699999045580626 0.0044999998062849045
v 0.0035189662594348192 0.002656114287674427 0.0044999998062849045
v 0.0037370133213698864 0.0025191062595695257 0.0044999998062849045
v 0.003919105976819992 0.0023370133712887764 0.0044999998062849045
v 0.004056114237755537 0.0021189663093537092 0.0044999998062849045
v 0.004141167271882296 0.0018758990336209536 0.0044999998062849045
v 0.002999374642968178 0.0027699999045580626 -0.0037249999586492777
v 0.004238659981638193 0.0018981511238962412 0.004699999932199717
v 0.004146211314946413 0.002162354765459895 0.004699999932199717
v 0.003997289575636387 0.0023993621580302715 0.004699999932199717
v 0.003799362340942025 0.0025972893927246332 0.004699999932199717
v 0.003562354715541005 0.0027462111320346594 0.004699999932199717
v 0.003298151073977351 0.0028386597987264395 0.004699999932199717
v 0.003019999945536256 0.0028699999675154686 0.004699999932199717
v -0.003019999945536256 0.0028699999675154686 0.004699999932199717
v -0.003019999945536256 0.0027699999045580626 0.0044999998062849045
v 0.003019999945536256 0.00013000000035390258 0.004699999932199717
v 0.0033435237128287554 0.0001725927140796557 0.004699999932199717
v 0.003645000047981739 0.00029746824293397367 0.004699999932199717
v 0.003903883509337902 0.0004961165250279009 0.004699999932199717
v 0.00410253182053566 0.000754999986384064 0.004699999932199717
v 0.004227407276630402 0.0010564761469140649 0.004699999932199717
v -0.003019999945536256 0.00013000000035390258 0.004699999932199717
v -0.003019999945536256 0.0002300000051036477 0.0044999998062849045
v 0.002936685224995017 0.0027699999045580626 -0.003717012470588088
v 0.002924147294834256 0.0028200000524520874 -0.00376541493460536
v 0.002878001658245921 0.0027699999045580626 -0.0036935603711754084
v 0.002853727200999856 0.0028200000524520874 -0.003737272461876273
v 0.0028270739130675793 0.0027699999045580626 -0.003656142158433795
v 0.0027926138136535883 0.0028200000524520874 -0.003692370606586337
v 0.0027871562633663416 0.0027699999045580626 -0.003607149003073573
v 0.002744712634012103 0.0028200000524520874 -0.003633578773587942
v 0.0027607993688434362 0.0027699999045580626 -0.0035497115459293127
v 0.0027130842208862305 0.0028200000524520874 -0.003564653918147087
v 0.0027496872935444117 0.0027699999045580626 -0.0034874998964369297
v 0.0026997497770935297 0.0028200000524520874 -0.003490000031888485
v 0.0026997497770935297 0.0029700000304728746 -0.003490000031888485
v 0.0027130842208862305 0.0029700000304728746 -0.003564653918147087
v 0.002744712634012103 0.0029700000304728746 -0.003633578773587942
v 0.0027926138136535883 0.0029700000304728746 -0.003692370606586337
v 0.002853727200999856 0.0029700000304728746 -0.003737272461876273
v 0.002924147294834256 0.0029700000304728746 -0.00376541493460536
v 0.0027395146898925304 0.0027699999045580626 -0.003428356721997261
v 0.0027131540700793266 0.0027699999045580626 -0.0033693655859678984
v 0.0026705232448875904 0.0028200000524520874 -0.0033954924438148737
v 0.0026725553907454014 0.0027699999045580626 -0.0033191004768013954
v 0.00263804430142045 0.0028200000524520874 -0.003355280263349414
v 0.0026204301975667477 0.0027699999045580626 -0.003280918812379241
v 0.002596344333142042 0.0028200000524520874 -0.0033247352112084627
v 0.0025602609384804964 0.0027699999045580626 -0.003257371485233307
v 0.0025482086930423975 0.0028200000524520874 -0.0033058971166610718
v 0.0024960662703961134 0.0027699999045580626 -0.0032500310335308313
v 0.00249685300514102 0.0028200000524520874 -0.003300024662166834
v 0.002432134235277772 0.0027699999045580626 -0.0032593877986073494
v 0.0024457075633108616 0.0028200000524520874 -0.003307510167360306
v 0.002372735645622015 0.0027699999045580626 -0.003284816863015294
v 0.0023981884587556124 0.0028200000524520874 -0.003327853512018919
v 0.0023218379355967045 0.0027699999045580626 -0.0033246197272092104
v 0.0023574703373014927 0.0028200000524520874 -0.003359695663675666
v 0.002282840898260474 0.0027699999045580626 -0.0033761372324079275
v 0.0023262728936970234 0.0028200000524520874 -0.003400909947231412
v 0.0022583496756851673 0.0027699999045580626 -0.003435928840190172
v 0.002306679729372263 0.0028200000524520874 -0.0034487429074943066
v 0.0022499999031424522 0.0027699999045580626 -0.0035000001080334187
v 0.002300000051036477 0.0028200000524520874 -0.0035000001080334187
v 0.002691611647605896 0.0028200000524520874 -0.003442685352638364
v 0.0026705232448875904 0.0029700000304728746 -0.0033954924438148737
v 0.002691611647605896 0.0029700000304728746 -0.003442685352638364
v 0.00263804430142045 0.0029700000304728746 -0.003355280263349414
v 0.002596344333142042 0.0029700000304728746 -0.0033247352112084627
v 0.0025482086930423975 0.0029700000304728746 -0.0033058971166610718
v 0.00249685300514102 0.0029700000304728746 -0.003300024662166834
v 0.0024457075633108616 0.0029700000304728746 -0.003307510167360306
v 0.0023981884587556124 0.0029700000304728746 -0.003327853512018919
v 0.0023574703373014927 0.0029700000304728746 -0.003359695663675666
v 0.0023262728936970234 0.0029700000304728746 -0.003400909947231412
v 0.002306679729372263 0.0029700000304728746 -0.0034487429074943066
v 0.002300000051036477 0.0029700000304728746 -0.0035000001080334187
v 0.0022499999031424522 0.0027699999045580626 -0.0035500000230968
v 0.002300000051036477 0.0028200000524520874 -0.003599999938160181
v 0.002300000051036477 0.0029700000304728746 -0.003599999938160181
v -0.002300000051036477 0.0029700000304728746 -0.003599999938160181
v -0.002300000051036477 0.0028200000524520874 -0.003599999938160181
v -0.0022499999031424522 0.0027699999045580626 -0.0035500000230968
v -0.002300000051036477 0.0028200000524520874 -0.0035000001080334187
v -0.0022499999031424522 0.0027699999045580626 -0.0035000001080334187
v -0.002300000051036477 0.0029700000304728746 -0.0035000001080334187
v -0.0023066007997840643 0.0029700000304728746 -0.003449041862040758
v -0.002306640148162842 0.0028200000524520874 -0.0034490469843149185
v -0.002306679729372263 0.0028200000524520874 -0.0034487429074943066
v -0.002325967187061906 0.0029700000304728746 -0.003401447320356965
v -0.002326040295884013 0.0028200000524520874 -0.0034014773555099964
v -0.0023262728936970234 0.0028200000524520874 -0.003400909947231412
v -0.0023568212054669857 0.0029700000304728746 -0.003360358066856861
v -0.002356915036216378 0.0028200000524520874 -0.003360429313033819
v -0.0023971260525286198 0.0029700000304728746 -0.00332848634570837
v -0.0023574703373014927 0.0028200000524520874 -0.003359695663675666
v -0.002444221405312419 0.0029700000304728746 -0.0033079355489462614
v -0.0023981884587556124 0.0028200000524520874 -0.003327853512018919
v -0.002397222211584449 0.0028200000524520874 -0.0033286092802882195
v -0.0024949985090643167 0.0029700000304728746 -0.0033000626135617495
v -0.0024457075633108616 0.0028200000524520874 -0.003307510167360306
v -0.0024442975409328938 0.0028200000524520874 -0.0033081136643886566
v -0.0025461057666689157 0.0029700000304728746 -0.003305386984720826
v -0.00249685300514102 0.0028200000524520874 -0.003300024662166834
v -0.0024950318038463593 0.0028200000524520874 -0.0033002912532538176
v -0.0025941694620996714 0.0029700000304728746 -0.003323557088151574
v -0.0025482086930423975 0.0028200000524520874 -0.0033058971166610718
v -0.002546075265854597 0.0028200000524520874 -0.0033056531101465225
v -0.0026360175106674433 0.0029700000304728746 -0.003353373846039176
v -0.002596344333142042 0.0028200000524520874 -0.0033247352112084627
v -0.002594058634713292 0.0028200000524520874 -0.0033238406758755445
v -0.0026688873767852783 0.0029700000304728746 -0.0033928691409528255
v -0.00263804430142045 0.0028200000524520874 -0.003355280263349414
v -0.0026358163449913263 0.0028200000524520874 -0.003353648353368044
v -0.0026906095445156097 0.0029700000304728746 -0.0034394357353448868
v -0.0026705232448875904 0.0028200000524520874 -0.0033954924438148737
v -0.0026685951743274927 0.0028200000524520874 -0.0033931052312254906
v -0.0026997497770935297 0.0029700000304728746 -0.003490000031888485
v -0.002691611647605896 0.0028200000524520874 -0.003442685352638364
v -0.0026902344543486834 0.0028200000524520874 -0.0034396033734083176
v -0.0026997497770935297 0.0028200000524520874 -0.003490000031888485
v -0.0022583496756851673 0.0027699999045580626 -0.003435928840190172
v -0.002282840898260474 0.0027699999045580626 -0.0033761372324079275
v -0.0023218379355967045 0.0027699999045580626 -0.0033246197272092104
v -0.002372735645622015 0.0027699999045580626 -0.003284816863015294
v -0.002432134235277772 0.0027699999045580626 -0.0032593877986073494
v -0.0024960662703961134 0.0027699999045580626 -0.0032500310335308313
v -0.0025602609384804964 0.0027699999045580626 -0.003257371485233307
v -0.0026204304303973913 0.0027699999045580626 -0.003280918812379241
v -0.0026725553907454014 0.0027699999045580626 -0.0033191004768013954
v -0.0027131540700793266 0.0027699999045580626 -0.0033693655859678984
v -0.0027395146898925304 0.0027699999045580626 -0.003428356721997261
v -0.0027496872935444117 0.0027699999045580626 -0.0034875001292675734
v -0.0027607993688434362 0.0027699999045580626 -0.0035497115459293127
v -0.0027130842208862305 0.0028200000524520874 -0.003564653918147087
v -0.0027871562633663416 0.0027699999045580626 -0.003607149003073573
v -0.002744712634012103 0.0028200000524520874 -0.003633578773587942
v -0.0028270739130675793 0.0027699999045580626 -0.003656142158433795
v -0.0027926138136535883 0.0028200000524520874 -0.003692370606586337
v -0.002878001658245921 0.0027699999045580626 -0.0036935603711754084
v -0.002853727200999856 0.0028200000524520874 -0.003737272461876273
v -0.002936685224995017 0.0027699999045580626 -0.003717012470588088
v -0.002924147294834256 0.0028200000524520874 -0.00376541493460536
v -0.002999374642968178 0.0027699999045580626 -0.0037249999586492777
v -0.002999374642968178 0.0028200000524520874 -0.0037750001065433025
v -0.002999374642968178 0.0029700000304728746 -0.0037750001065433025
v -0.002924147294834256 0.0029700000304728746 -0.00376541493460536
v -0.002853727200999856 0.0029700000304728746 -0.003737272461876273
v -0.0027926138136535883 0.0029700000304728746 -0.003692370606586337
v -0.002744712634012103 0.0029700000304728746 -0.003633578773587942
v -0.0027130842208862305 0.0029700000304728746 -0.003564653918147087
v -0.003019999945536256 0.0027699999045580626 -0.0037249999586492777
v -0.003019999945536256 0.0028200000524520874 -0.0037750001065433025
v -0.004149999935179949 0.00013449680409394205 -0.0007999999797903001
v -0.004149999935179949 0.001166458474472165 0.0
v -0.004149999935179949 0.00013449680409394205 -0.00139999995008111
v -0.004370000213384628 0.0013800000306218863 0.004699999932199717
v -0.004370000213384628 0.0013800000306218863 0.0
v -0.004323999863117933 0.0010305943433195353 0.0
v -0.004323999863117933 0.0010305943433195353 0.004699999932199717
v -0.004189134109765291 0.0007050000131130219 0.0
v -0.003974594175815582 0.00042540585855022073 0.004699999932199717
v -0.004189134109765291 0.0007050000131130219 0.004699999932199717
v -0.0036949999630451202 0.00021086570632178336 0.004699999932199717
v -0.003019999945536256 2.9999999242136255e-05 0.004699999932199717
v -0.003369405632838607 7.600013486808166e-05 0.004699999932199717
v -0.004160957410931587 0.00015014587552286685 -0.00139999995008111
v -0.004160957410931587 0.00015014587552286685 -0.0007999999797903001
v -0.00416591065004468 0.00015902071027085185 -0.00139999995008111
v -0.00434955395758152 7.980475493241102e-05 -0.00139999995008111
v -0.004364835098385811 0.00012827030150219798 -0.00139999995008111
v -0.004168967250734568 0.00016871381376404315 -0.00139999995008111
v -0.004169666673988104 0.00017305975779891014 -0.00139999995008111
v -0.004368332680314779 0.0001500000071246177 -0.00139999995008111
v -0.004368332680314779 0.0001500000071246177 -0.0007999999797903001
v -0.004364835098385811 0.00012827030150219798 -0.0007999999797903001
v -0.004168967250734568 0.00016871381376404315 -0.0007999999797903001
v -0.00416591065004468 0.00015902071027085185 -0.0007999999797903001
v -0.00434955395758152 7.980475493241102e-05 -0.0007999999797903001
v -0.004169666673988104 0.00017305975779891014 -0.0007999999797903001
v -0.004369590897113085 0.00016453213174827397 -0.0014010615414008498
v -0.004369590897113085 0.00016453211719635874 -0.0007989384466782212
v -0.004369843285530806 0.00017334060976281762 -0.0007969768485054374
v -0.004368652123957872 0.0001536897470941767 -0.0007997304783202708
v -0.004368972033262253 0.00015738092770334333 -0.0007994608604349196
v -0.004369427915662527 0.00016265040903817862 -0.0007990759331732988
v -0.004368828609585762 0.00015572478878311813 -0.0014004182303324342
v -0.004368580412119627 0.00015286204870790243 -0.0014002090319991112
v -0.004370000213384628 0.00017882470274344087 -0.0007957555935718119
v -0.004370000213384628 0.00017882470274344087 -0.0014042443362995982
v -0.004369812086224556 0.00017226458294317126 -0.0014027835568413138
v -0.004369658417999744 0.00016688340110704303 -0.0014015851775184274
v -0.004169771447777748 0.0001740521111059934 -0.0007998768705874681
v -0.004169744439423084 0.00017379660857841372 -0.000799908593762666
v -0.004169865977019072 0.00017516927618999034 -0.0007994421175681055
v -0.004169811494648457 0.00017452520842198282 -0.0007996927597559988
v -0.004169781226664782 0.00017416382615920156 -0.0007998333894647658
v -0.004169945605099201 0.00017648597713559866 -0.0007985216216184199
v -0.004169890191406012 0.00017556818784214556 -0.000799163244664669
v -0.0041699218563735485 0.00017609431233722717 -0.0007987954304553568
v -0.004170000087469816 0.00017882470274344087 -0.0007957555935718119
v -0.00416993722319603 0.00017641420708969235 -0.0014014745829626918
v -0.004169964697211981 0.00017697787552606314 -0.0014019525842741132
v -0.004169911611825228 0.00017588591435924172 -0.00140102650038898
v -0.004169969353824854 0.00017706867947708815 -0.0014020295348018408
v -0.004169904626905918 0.0001757357531460002 -0.0014008991420269012
v -0.004169987980276346 0.00017812861187849194 -0.0014033664483577013
v -0.004169820342212915 0.00017459077935200185 -0.0014002934331074357
v -0.004169875290244818 0.00017533657955937088 -0.0014006879646331072
v -0.004170000087469816 0.00017882470274344087 -0.0014042443362995982
v -0.0041697267442941666 0.00017360264610033482 -0.0014000368537381291
v -0.004169783089309931 0.00017419981304556131 -0.0014001919189468026
v -0.00416972953826189 0.00017363256483804435 -0.0014000445371493697
v -0.00416999775916338 0.00017838107305578887 -0.0007963955285958946
v -0.0041699786670506 0.00017768445832189173 -0.0007971770828589797
v -0.004181449767202139 0.00017882470274344087 -0.0007957555935718119
v -0.004219399765133858 0.00017882470274344087 -0.0007957555935718119
v -0.004244700074195862 0.00017882470274344087 -0.0007957555935718119
v -0.004269999917596579 0.00017882470274344087 -0.0007957555935718119
v -0.004194099921733141 0.00017882470274344087 -0.0007957555935718119
v -0.004194082226604223 0.00017721478070598096 -0.000797225337009877
v -0.00426924042403698 0.000163748292834498 -0.0007999317022040486
v -0.004269686061888933 0.00016912288265302777 -0.0007991960155777633
v -0.004269856493920088 0.0001722649612929672 -0.000798386347014457
v -0.004219304770231247 0.00017447778373025358 -0.000798386347014457
v -0.004181359428912401 0.00017549496260471642 -0.0007988259894773364
v -0.004193827044218779 0.00017247175856027752 -0.0007997264619916677
v -0.004269347991794348 0.00016485662490595132 -0.0007998461951501667
v -0.0042189680971205235 0.00016956852050498128 -0.0007998461951501667
v -0.004219191614538431 0.00017239563749171793 -0.0007991960155777633
v -0.0041939448565244675 0.0001740320003591478 -0.0007991960155777633
v -0.004193990956991911 0.00017480950918979943 -0.0007988259894773364
v -0.004181391093879938 0.00017613740055821836 -0.000798386347014457
v -0.004219033755362034 0.00017030267918016762 -0.0007997264619916677
v -0.004193889908492565 0.00017325248336419463 -0.0007994961924850941
v -0.004269447643309832 0.00016596449131611735 -0.0007997264619916677
v -0.004269964527338743 0.00017556575767230242 -0.000797225337009877
v -0.004244670271873474 0.00017611544171813875 -0.000797225337009877
v -0.004219376482069492 0.00017666511121205986 -0.000797225337009877
v -0.004181435331702232 0.00017748962272889912 -0.000797225337009877
v -0.00419402914121747 0.00017558419494889677 -0.000798386347014457
v -0.004170000087469816 0.000202389172045514 -0.000785178504884243
v -0.004370000213384628 0.000202389172045514 -0.000785178504884243
v -0.004370000213384628 0.00022245846048463136 -0.0007689186022616923
v -0.004370000213384628 0.00023769360268488526 -0.000748060701880604
v -0.004170000087469816 0.00022245846048463136 -0.0007689186022616923
v -0.004370000213384628 0.0002470781619194895 -0.0007239964324980974
v -0.004170000087469816 0.00023769360268488526 -0.000748060701880604
v -0.004370000213384628 0.00024998607113957405 -0.0006983312196098268
v -0.004170000087469816 0.0002470781619194895 -0.0007239964324980974
v -0.004370000213384628 0.00024622329510748386 -0.0006727772997692227
v -0.004170000087469816 0.00024998607113957405 -0.0006983312196098268
v -0.004370000213384628 0.00023604089801665395 -0.0006490395753644407
v -0.004170000087469816 0.00024622329510748386 -0.0006727772997692227
v -0.004370000213384628 0.00022011817782185972 -0.0006287017604336143
v -0.004170000087469816 0.00023604089801665395 -0.0006490395753644407
v -0.004370000213384628 0.00019951746799051762 -0.0006131206755526364
v -0.004170000087469816 0.00022011817782185972 -0.0006287017604336143
v -0.004370000213384628 0.000175613138708286 -0.0006033357931300998
v -0.004170000087469816 0.00019951746799051762 -0.0006131206755526364
v -0.004370000213384628 0.0001500000071246177 -0.0006000000284984708
v -0.004170000087469816 0.000175613138708286 -0.0006033357931300998
v -0.004170000087469816 0.0001500000071246177 -0.0006000000284984708
v -0.004170000087469816 7.999999797903001e-05 -0.0006000000284984708
v -0.004370000213384628 7.999999797903001e-05 -0.0006000000284984708
v -0.004170000087469816 5.92944779782556e-05 -0.0005972740473225713
v -0.004370000213384628 5.92944779782556e-05 -0.0005972740473225713
v -0.004170000087469816 3.9999998989515007e-05 -0.0005892820190638304
v -0.004370000213384628 3.9999998989515007e-05 -0.0005892820190638304
v -0.004170000087469816 2.3431457520928234e-05 -0.0005765685345977545
v -0.004370000213384628 2.3431457520928234e-05 -0.0005765685345977545
v -0.004170000087469816 1.0717967597884126e-05 -0.0005600000149570405
v -0.004370000213384628 1.0717967597884126e-05 -0.0005600000149570405
v -0.004170000087469816 2.7259338821750134e-06 -0.0005407055141404271
v -0.004370000213384628 2.7259338821750134e-06 -0.0005407055141404271
v -0.004170000087469816 0.0 -0.0005200000014156103
v -0.004370000213384628 0.0 -0.0005200000014156103
v -0.004370000213384628 0.0 -0.0004299999854993075
v -0.004170000087469816 0.0 -0.0004299999854993075
v -0.004170000087469816 2.7259338821750134e-06 -0.0004092944727744907
v -0.004370000213384628 2.7259338821750134e-06 -0.0004092944727744907
v -0.004170000087469816 1.0717967597884126e-05 -0.00039000000106170774
v -0.004370000213384628 1.0717967597884126e-05 -0.00039000000106170774
v -0.004170000087469816 2.3431457520928234e-05 -0.00037343145231716335
v -0.004370000213384628 2.3431457520928234e-05 -0.00037343145231716335
v -0.004170000087469816 3.9999998989515007e-05 -0.00036071796785108745
v -0.004370000213384628 3.9999998989515007e-05 -0.00036071796785108745
v -0.004170000087469816 5.92944779782556e-05 -0.00035272593959234655
v -0.004370000213384628 5.92944779782556e-05 -0.00035272593959234655
v -0.004170000087469816 7.999999797903001e-05 -0.0003499999875202775
v -0.004370000213384628 7.999999797903001e-05 -0.0003499999875202775
v -0.004170000087469816 0.0013800000306218863 -0.0003499999875202775
v -0.004370000213384628 0.0013800000306218863 -0.0003499999875202775
v -0.004170000087469816 0.0014959110412746668 -0.0002610582741908729
v -0.004170000087469816 0.001500000013038516 -0.0002300000051036477
v -0.004370000213384628 0.001500000013038516 -0.0002300000051036477
v -0.004170000087469816 0.0014839230570942163 -0.0002899999963119626
v -0.004370000213384628 0.0014959110412746668 -0.0002610582741908729
v -0.004170000087469816 0.0014648528303951025 -0.00031485280487686396
v -0.004370000213384628 0.0014839230570942163 -0.0002899999963119626
v -0.004170000087469816 0.0014400000218302011 -0.00033392306067980826
v -0.004370000213384628 0.0014648528303951025 -0.00031485280487686396
v -0.004170000087469816 0.0014110582415014505 -0.0003459111030679196
v -0.004370000213384628 0.0014400000218302011 -0.00033392306067980826
v -0.004370000213384628 0.0014110582415014505 -0.0003459111030679196
v -0.004170000087469816 0.001500000013038516 -0.00011999999696854502
v -0.004370000213384628 0.001500000013038516 -0.00011999999696854502
v -0.004370000213384628 0.0014959110412746668 -8.894171332940459e-05
v -0.004370000213384628 0.0014839230570942163 -5.999999848427251e-05
v -0.004170000087469816 0.0014959110412746668 -8.894171332940459e-05
v -0.004370000213384628 0.0014648528303951025 -3.514718628139235e-05
v -0.004170000087469816 0.0014839230570942163 -5.999999848427251e-05
v -0.004370000213384628 0.0014400000218302011 -1.607695230632089e-05
v -0.004170000087469816 0.0014648528303951025 -3.514718628139235e-05
v -0.004370000213384628 0.0014110582415014505 -4.08890082326252e-06
v -0.004170000087469816 0.0014400000218302011 -1.607695230632089e-05
v -0.004170000087469816 0.0014110582415014505 -4.08890082326252e-06
v -0.004170000087469816 0.0013800000306218863 0.0
v -0.0032758989837020636 0.0002588329080026597 0.0044999998062849045
v -0.003019999945536256 0.0002300000051036477 0.0
v -0.0035189662594348192 0.00034388579661026597 0.0044999998062849045
v -0.0032758989837020636 0.0002588329080026597 0.0
v -0.0037370133213698864 0.00048089379561133683 0.0044999998062849045
v -0.0035189662594348192 0.00034388579661026597 0.0
v -0.003919105976819992 0.0006629867129959166 0.0044999998062849045
v -0.0037370133213698864 0.00048089379561133683 0.0
v -0.004056114237755537 0.0008810337167233229 0.0044999998062849045
v -0.003919105976819992 0.0006629867129959166 0.0
v -0.004141167271882296 0.0011241008760407567 0.0044999998062849045
v -0.004056114237755537 0.0008810337167233229 0.0
v -0.004170000087469816 0.0013800000306218863 0.0044999998062849045
v -0.004141167271882296 0.0011241008760407567 0.0
v -0.004269999917596579 0.0013800000306218863 0.004699999932199717
v -0.004238659981638193 0.001101848785765469 0.004699999932199717
v -0.004146211314946413 0.0008376453188247979 0.004699999932199717
v -0.003997289575636387 0.0006006377516314387 0.004699999932199717
v -0.003799362340942025 0.00040271063335239887 0.004699999932199717
v -0.003562354715541005 0.00025378892314620316 0.004699999932199717
v -0.003298151073977351 0.00016134011093527079 0.004699999932199717
v -0.004269999917596579 0.0016199999954551458 0.004699999932199717
v -0.004170000087469816 0.0016199999954551458 0.0044999998062849045
v -0.003019999945536256 0.0029700000304728746 0.004699999932199717
v -0.003298151073977351 0.0028386597987264395 0.004699999932199717
v -0.004370000213384628 0.0016199999954551458 0.004699999932199717
v -0.003320403164252639 0.0029361527413129807 0.004699999932199717
v -0.004336152691394091 0.0019204032141715288 0.004699999932199717
v -0.0038617111276835203 0.0026754725258797407 0.004699999932199717
v -0.004075472708791494 0.0024617111776024103 0.004699999932199717
v -0.003997289575636387 0.0023993621580302715 0.004699999932199717
v -0.004146211314946413 0.002162354765459895 0.004699999932199717
v -0.004236307926476002 0.0022057429887354374 0.004699999932199717
v -0.004238659981638193 0.0018981511238962412 0.004699999932199717
v -0.0036057429388165474 0.0028363079763948917 0.004699999932199717
v -0.003562354715541005 0.0027462111320346594 0.004699999932199717
v -0.003799362340942025 0.0025972893927246332 0.004699999932199717
v -0.003019999945536256 0.0029700000304728746 -0.0037750001065433025
v -0.003320403164252639 0.0029361527413129807 -0.0037750001065433025
v -0.0036057429388165474 0.0028363079763948917 -0.0037750001065433025
v -0.0038617111276835203 0.0026754725258797407 -0.0037750001065433025
v -0.004075472708791494 0.0024617111776024103 -0.0037750001065433025
v -0.004236307926476002 0.0022057429887354374 -0.0037750001065433025
v -0.004336152691394091 0.0019204032141715288 -0.0037750001065433025
v -0.004370000213384628 0.0016199999954551458 -0.0037750001065433025
v -0.0032758989837020636 0.002741167088970542 0.0044999998062849045
v -0.0035189662594348192 0.002656114287674427 0.0044999998062849045
v -0.0037370133213698864 0.0025191062595695257 0.0044999998062849045
v -0.003919105976819992 0.0023370133712887764 0.0044999998062849045
v -0.004056114237755537 0.0021189663093537092 0.0044999998062849045
v -0.004141167271882296 0.0018758990336209536 0.0044999998062849045
v -0.004170000087469816 0.0016199999954551458 -0.0037249999586492777
v -0.004141167271882296 0.0018758990336209536 -0.0037249999586492777
v -0.004056114237755537 0.0021189663093537092 -0.0037249999586492777
v -0.003919105976819992 0.0023370133712887764 -0.0037249999586492777
v -0.0037370133213698864 0.0025191062595695257 -0.0037249999586492777
v -0.0035189662594348192 0.002656114287674427 -0.0037249999586492777
v -0.0032758989837020636 0.002741167088970542 -0.0037249999586492777
v -0.004220000002533197 0.0016199999954551458 -0.0037750001065433025
v -0.004189913626760244 0.0018870250787585974 -0.0037750001065433025
v -0.004101162776350975 0.002140660537406802 -0.0037750001065433025
v -0.0039581977762281895 0.002368187764659524 -0.0037750001065433025
v -0.003768187714740634 0.0025581978261470795 -0.0037750001065433025
v -0.003540660487487912 0.0027011625934392214 -0.0037750001065433025
v -0.0032870250288397074 0.0027899134438484907 -0.0037750001065433025
v -0.004370000213384628 0.0002500000118743628 -0.0037750001065433025
v -0.004220000002533197 0.0002500000118743628 -0.0037750001065433025
v -0.004208581987768412 0.0001925974793266505 -0.003763581858947873
v -0.004214888904243708 0.00021117714641150087 -0.003769888775423169
v -0.004199903924018145 0.00017499999376013875 -0.003754903795197606
v -0.00418900279328227 0.00015868578338995576 -0.0037440028972923756
v -0.004176065791398287 0.00014393398305401206 -0.0037310661282390356
v -0.004218716640025377 0.0002304210647707805 -0.0037737167440354824
v -0.004170000087469816 0.00013819659943692386 -0.0037249999586492777
v -0.004370000213384628 0.00012009619240416214 -0.003700000001117587
v -0.004170000087469816 0.00012009619240416214 -0.003700000001117587
v -0.004170000087469816 0.00010511112486710772 -0.003663822775706649
v -0.004370000213384628 0.00010511112486710772 -0.003663822775706649
v -0.004170000087469816 9.999999747378752e-05 -0.0036249998956918716
v -0.004370000213384628 0.00021117714641150087 -0.003769888775423169
v -0.004370000213384628 0.00017499999376013875 -0.003754903795197606
v -0.004370000213384628 0.00014393398305401206 -0.0037310661282390356
v -0.004370000213384628 9.999999747378752e-05 -0.0036249998956918716
v -0.004219400230795145 0.00017882470274344087 -0.0014042443362995982
v -0.004194099921733141 0.00017882470274344087 -0.0014042443362995982
v -0.004181449767202139 0.00017882470274344087 -0.0014042443362995982
v -0.004269999917596579 0.00017882470274344087 -0.0014042443362995982
v -0.004193783272057772 0.00017198073328472674 -0.0014001645613461733
v -0.004269987344741821 0.00017688065418042243 -0.0014033281477168202
v -0.004269637633115053 0.00016840570606291294 -0.0014006588608026505
v -0.004269358702003956 0.00016497052274644375 -0.0014001645613461733
v -0.004218975082039833 0.00016964400128927082 -0.0014001645613461733
v -0.004181344527751207 0.00017522781854495406 -0.0014010120648890734
v -0.00418138038367033 0.00017589701747056097 -0.001401440822519362
v -0.0041814083233475685 0.0001765632478054613 -0.0014019445516169071
v -0.004269829485565424 0.00017167821351904422 -0.001401440822519362
v -0.004269949160516262 0.00017492171900812536 -0.0014025226701050997
v -0.0042193918488919735 0.000177536450792104 -0.0014033281477168202
v -0.004193972796201706 0.00017448737344238907 -0.0014010120648890734
v -0.004194015637040138 0.00017529433534946293 -0.001401440822519362
v -0.004194049630314112 0.0001760977174853906 -0.0014019445516169071
v -0.0041814446449279785 0.00017802829097490758 -0.0014033281477168202
v -0.004181429278105497 0.0001772257819538936 -0.0014025226701050997
v -0.004194093868136406 0.00017786433454602957 -0.0014033281477168202
v -0.004194074776023626 0.00017689661763142794 -0.0014025226701050997
v -0.004219366237521172 0.00017623831809032708 -0.0014025226701050997
v -0.004219287075102329 0.00017408895655535161 -0.001401440822519362
v -0.004219159949570894 0.0001719203864922747 -0.0014006588608026505
v -0.004193921107798815 0.00017367771943099797 -0.0014006588608026505
v -0.00421907426789403 0.00017078280507121235 -0.0014003703836351633
v -0.004193857312202454 0.00017282969201914966 -0.0014003703836351633
v -0.004370000213384628 0.000175613138708286 -0.0015966641949489713
v -0.004370000213384628 0.0001500000071246177 -0.0015999999595806003
v -0.004170000087469816 0.0001500000071246177 -0.0015999999595806003
v -0.004370000213384628 0.00019951746799051762 -0.0015868793707340956
v -0.004170000087469816 0.000175613138708286 -0.0015966641949489713
v -0.004370000213384628 0.00022011817782185972 -0.0015712982276454568
v -0.004170000087469816 0.00019951746799051762 -0.0015868793707340956
v -0.004370000213384628 0.00023604089801665395 -0.0015509604709222913
v -0.004170000087469816 0.00022011817782185972 -0.0015712982276454568
v -0.004370000213384628 0.00024622329510748386 -0.0015272226883098483
v -0.004170000087469816 0.00023604089801665395 -0.0015509604709222913
v -0.004370000213384628 0.00024998607113957405 -0.0015016688266769052
v -0.004170000087469816 0.00024622329510748386 -0.0015272226883098483
v -0.004370000213384628 0.0002470781619194895 -0.0014760035555809736
v -0.004170000087469816 0.00024998607113957405 -0.0015016688266769052
v -0.004370000213384628 0.00023769360268488526 -0.001451939227990806
v -0.004170000087469816 0.0002470781619194895 -0.0014760035555809736
v -0.004370000213384628 0.00022245846048463136 -0.0014310814440250397
v -0.004170000087469816 0.00023769360268488526 -0.001451939227990806
v -0.004370000213384628 0.000202389172045514 -0.001414821483194828
v -0.004170000087469816 0.00022245846048463136 -0.0014310814440250397
v -0.004170000087469816 0.000202389172045514 -0.001414821483194828
v -0.004370000213384628 7.999999797903001e-05 -0.0015999999595806003
v -0.004170000087469816 7.999999797903001e-05 -0.0015999999595806003
v -0.004370000213384628 5.92944779782556e-05 -0.0016027259407564998
v -0.004170000087469816 5.92944779782556e-05 -0.0016027259407564998
v -0.004370000213384628 3.9999998989515007e-05 -0.0016107179690152407
v -0.004170000087469816 3.9999998989515007e-05 -0.0016107179690152407
v -0.004370000213384628 2.3431457520928234e-05 -0.0016234314534813166
v -0.004170000087469816 2.3431457520928234e-05 -0.0016234314534813166
v -0.004370000213384628 1.0717967597884126e-05 -0.0016400000313296914
v -0.004170000087469816 1.0717967597884126e-05 -0.0016400000313296914
v -0.004370000213384628 2.7259338821750134e-06 -0.001659294473938644
v -0.004170000087469816 2.7259338821750134e-06 -0.001659294473938644
v -0.004370000213384628 0.0 -0.0016799999866634607
v -0.004170000087469816 0.0 -0.0016799999866634607
v -0.004370000213384628 0.0 -0.001769999973475933
v -0.004170000087469816 0.0 -0.001769999973475933
v -0.004370000213384628 7.999999797903001e-05 -0.0018500000005587935
v -0.004170000087469816 7.999999797903001e-05 -0.0018500000005587935
v -0.004170000087469816 5.92944779782556e-05 -0.001847274019382894
v -0.004370000213384628 5.92944779782556e-05 -0.001847274019382894
v -0.004170000087469816 3.9999998989515007e-05 -0.0018392819911241531
v -0.004370000213384628 3.9999998989515007e-05 -0.0018392819911241531
v -0.004170000087469816 2.3431457520928234e-05 -0.0018265685066580772
v -0.004370000213384628 2.3431457520928234e-05 -0.0018265685066580772
v -0.004170000087469816 1.0717967597884126e-05 -0.0018100000452250242
v -0.004370000213384628 1.0717967597884126e-05 -0.0018100000452250242
v -0.004170000087469816 2.7259338821750134e-06 -0.0017907054862007499
v -0.004370000213384628 2.7259338821750134e-06 -0.0017907054862007499
v -0.004370000213384628 0.00044999999227002263 -0.0018500000005587935
v -0.004170000087469816 0.00044999999227002263 -0.0018500000005587935
v -0.004170000087469816 0.0004888228722847998 -0.0018551110988482833
v -0.004170000087469816 0.0005249999812804163 -0.0018700961954891682
v -0.004370000213384628 0.0004888228722847998 -0.0018551110988482833
v -0.004170000087469816 0.0005560659919865429 -0.0018939339788630605
v -0.004370000213384628 0.0005249999812804163 -0.0018700961954891682
v -0.004170000087469816 0.0005799038335680962 -0.0019249999895691872
v -0.004370000213384628 0.0005560659919865429 -0.0018939339788630605
v -0.004170000087469816 0.0005948888720013201 -0.0019611772149801254
v -0.004370000213384628 0.0005799038335680962 -0.0019249999895691872
v -0.004170000087469816 0.0006000000284984708 -0.0020000000949949026
v -0.004370000213384628 0.0005948888720013201 -0.0019611772149801254
v -0.004370000213384628 0.0006000000284984708 -0.0020000000949949026
v -0.004370000213384628 0.0006000000284984708 -0.00279999990016222
v -0.004170000087469816 0.0006000000284984708 -0.00279999990016222
v -0.004170000087469816 0.0005948888720013201 -0.002838822780176997
v -0.004170000087469816 0.0005799038335680962 -0.0028750000055879354
v -0.004370000213384628 0.0005948888720013201 -0.002838822780176997
v -0.004170000087469816 0.0005560659919865429 -0.002906066132709384
v -0.004370000213384628 0.0005799038335680962 -0.0028750000055879354
v -0.004170000087469816 0.0005249999812804163 -0.0029299037996679544
v -0.004370000213384628 0.0005560659919865429 -0.002906066132709384
v -0.004170000087469816 0.0004888228722847998 -0.0029448887798935175
v -0.004370000213384628 0.0005249999812804163 -0.0029299037996679544
v -0.004170000087469816 0.00044999999227002263 -0.002950000111013651
v -0.004370000213384628 0.0004888228722847998 -0.0029448887798935175
v -0.004370000213384628 0.00044999999227002263 -0.002950000111013651
v -0.004170000087469816 0.00012009619240416214 -0.0030249999836087227
v -0.004170000087469816 0.00021117714641150087 -0.0029551112093031406
v -0.004170000087469816 0.00017499999376013875 -0.0029700961895287037
v -0.004170000087469816 0.0002500000118743628 -0.002950000111013651
v -0.004170000087469816 0.00010511112486710772 -0.003061177209019661
v -0.004170000087469816 0.00014393398305401206 -0.002993934089317918
v -0.004170000087469816 9.999999747378752e-05 -0.003100000089034438
v -0.004370000213384628 0.00012009619240416214 -0.0030249999836087227
v -0.004370000213384628 0.00014393398305401206 -0.002993934089317918
v -0.004370000213384628 0.00017499999376013875 -0.0029700961895287037
v -0.004370000213384628 0.00021117714641150087 -0.0029551112093031406
v -0.004370000213384628 0.0002500000118743628 -0.002950000111013651
v -0.004370000213384628 9.999999747378752e-05 -0.003100000089034438
v -0.004370000213384628 0.00010511112486710772 -0.003061177209019661
v 0.0025121320504695177 0.0027699999045580626 -0.000187867961358279
v 0.0025598076172173023 0.0027699999045580626 -0.0002500000118743628
v -0.002300000051036477 0.0027699999045580626 -0.000699999975040555
v 0.0024500000290572643 0.0027699999045580626 -0.00014019238005857915
v 0.002040192484855652 0.0027699999045580626 -0.0002500000118743628
v -0.002300000051036477 0.0027699999045580626 -9.999999747378752e-05
v -0.0023776458110660315 0.0027699999045580626 -0.0006897777202539146
v 0.0023776458110660315 0.0027699999045580626 -0.00011022225226042792
v 0.0022223542910069227 0.0027699999045580626 -0.00011022225226042792
v 0.002300000051036477 0.0027699999045580626 -9.999999747378752e-05
v 0.00215000007301569 0.0027699999045580626 -0.00014019238005857915
v -0.0023776458110660315 0.0027699999045580626 -0.00011022225226042792
v 0.0023776458110660315 0.0027699999045580626 -0.0006897777202539146
v 0.0020878680516034365 0.0027699999045580626 -0.000187867961358279
v 0.002010222291573882 0.0027699999045580626 -0.0003223542880732566
v -0.0025121320504695177 0.0027699999045580626 -0.000187867961358279
v -0.0024500000290572643 0.0027699999045580626 -0.00014019238005857915
v -0.0024500000290572643 0.0027699999045580626 -0.0006598076433874667
v -0.0026000000070780516 0.0027699999045580626 -0.00039999998989515007
v -0.0025598076172173023 0.0027699999045580626 -0.0005499999970197678
v -0.002589777810499072 0.0027699999045580626 -0.000477645720820874
v -0.0025121320504695177 0.0027699999045580626 -0.0006121320184320211
v -0.0020000000949949026 0.0027699999045580626 -0.00039999998989515007
v -0.002010222291573882 0.0027699999045580626 -0.000477645720820874
v 0.002010222291573882 0.0027699999045580626 -0.000477645720820874
v -0.002589777810499072 0.0027699999045580626 -0.0003223542880732566
v -0.0025598076172173023 0.0027699999045580626 -0.0002500000118743628
v -0.002010222291573882 0.0027699999045580626 -0.0003223542880732566
v 0.0020000000949949026 0.0027699999045580626 -0.00039999998989515007
v 0.002040192484855652 0.0027699999045580626 -0.0005499999970197678
v 0.00215000007301569 0.0027699999045580626 -0.0006598076433874667
v 0.0020878680516034365 0.0027699999045580626 -0.0006121320184320211
v 0.002300000051036477 0.0027699999045580626 -0.000699999975040555
v 0.0022223542910069227 0.0027699999045580626 -0.0006897777202539146
v -0.0020878680516034365 0.0027699999045580626 -0.000187867961358279
v -0.002040192484855652 0.0027699999045580626 -0.0002500000118743628
v -0.0022223542910069227 0.0027699999045580626 -0.0006897777202539146
v -0.00215000007301569 0.0027699999045580626 -0.0006598076433874667
v -0.002040192484855652 0.0027699999045580626 -0.0005499999970197678
v -0.0020878680516034365 0.0027699999045580626 -0.0006121320184320211
v 0.002589777810499072 0.0027699999045580626 -0.0003223542880732566
v 0.0026000000070780516 0.0027699999045580626 -0.00039999998989515007
v -0.00215000007301569 0.0027699999045580626 -0.00014019238005857915
v -0.0022223542910069227 0.0027699999045580626 -0.00011022225226042792
v 0.0025121320504695177 0.0027699999045580626 -0.0006121320184320211
v 0.0024500000290572643 0.0027699999045580626 -0.0006598076433874667
v 0.002589777810499072 0.0027699999045580626 -0.000477645720820874
v 0.0025598076172173023 0.0027699999045580626 -0.0005499999970197678
v -0.0023776458110660315 0.0029700000304728746 -0.0006897777202539146
v -0.002300000051036477 0.0029700000304728746 -0.000699999975040555
v -0.0020878680516034365 0.0029700000304728746 -0.0006121320184320211
v -0.002040192484855652 0.0029700000304728746 -0.0005499999970197678
v 0.002300000051036477 0.0029700000304728746 -0.000699999975040555
v -0.002010222291573882 0.0029700000304728746 -0.000477645720820874
v 0.0023776458110660315 0.0029700000304728746 -0.0006897777202539146
v -0.0022223542910069227 0.0029700000304728746 -0.0006897777202539146
v -0.00215000007301569 0.0029700000304728746 -0.0006598076433874667
v -0.0025121320504695177 0.0029700000304728746 -0.0006121320184320211
v -0.0024500000290572643 0.0029700000304728746 -0.0006598076433874667
v -0.002010222291573882 0.0029700000304728746 -0.0003223542880732566
v -0.002040192484855652 0.0029700000304728746 -0.0002500000118743628
v 0.0020878680516034365 0.0029700000304728746 -0.0006121320184320211
v 0.00215000007301569 0.0029700000304728746 -0.0006598076433874667
v 0.0020000000949949026 0.0029700000304728746 -0.00039999998989515007
v 0.002010222291573882 0.0029700000304728746 -0.000477645720820874
v 0.002589777810499072 0.0029700000304728746 -0.0003223542880732566
v 0.0025598076172173023 0.0029700000304728746 -0.0002500000118743628
v 0.0024500000290572643 0.0029700000304728746 -0.0006598076433874667
v -0.0025598076172173023 0.0029700000304728746 -0.0005499999970197678
v -0.0026000000070780516 0.0029700000304728746 -0.00039999998989515007
v -0.002589777810499072 0.0029700000304728746 -0.000477645720820874
v -0.002589777810499072 0.0029700000304728746 -0.0003223542880732566
v 0.002300000051036477 0.0029700000304728746 -9.999999747378752e-05
v 0.002040192484855652 0.0029700000304728746 -0.0005499999970197678
v -0.0020000000949949026 0.0029700000304728746 -0.00039999998989515007
v 0.002010222291573882 0.0029700000304728746 -0.0003223542880732566
v 0.0022223542910069227 0.0029700000304728746 -0.00011022225226042792
v 0.0025121320504695177 0.0029700000304728746 -0.000187867961358279
v 0.0025121320504695177 0.0029700000304728746 -0.0006121320184320211
v 0.0025598076172173023 0.0029700000304728746 -0.0005499999970197678
v -0.0023776458110660315 0.0029700000304728746 -0.00011022225226042792
v -0.0024500000290572643 0.0029700000304728746 -0.00014019238005857915
v -0.00215000007301569 0.0029700000304728746 -0.00014019238005857915
v -0.0020878680516034365 0.0029700000304728746 -0.000187867961358279
v 0.0022223542910069227 0.0029700000304728746 -0.0006897777202539146
v 0.0020878680516034365 0.0029700000304728746 -0.000187867961358279
v 0.002040192484855652 0.0029700000304728746 -0.0002500000118743628
v 0.00215000007301569 0.0029700000304728746 -0.00014019238005857915
v 0.0024500000290572643 0.0029700000304728746 -0.00014019238005857915
v 0.0026000000070780516 0.0029700000304728746 -0.00039999998989515007
v -0.0025121320504695177 0.0029700000304728746 -0.000187867961358279
v -0.0025598076172173023 0.0029700000304728746 -0.0002500000118743628
v -0.002300000051036477 0.0029700000304728746 -9.999999747378752e-05
v 0.0023776458110660315 0.0029700000304728746 -0.00011022225226042792
v 0.002589777810499072 0.0029700000304728746 -0.000477645720820874
v -0.0022223542910069227 0.0029700000304728746 -0.00011022225226042792
v 0.0004962878301739693 2.9999999242136255e-05 0.0006986342486925423
v 0.0004949999856762588 2.9999999242136255e-05 0.0006654700264334679
v 0.00027999994927085936 2.9999999242136255e-05 0.000786713557317853
v 0.0004576222272589803 2.9999999242136255e-05 0.0007550102891400456
v 0.00037373299710452557 2.9999999242136255e-05 0.0008034437778405845
v 0.00034088417305611074 2.9999999242136255e-05 0.0008051729528233409
v 0.00043375889072194695 2.9999999242136255e-05 0.0007776504498906434
v 0.0004052715958096087 2.9999999242136255e-05 0.0007940976065583527
v 0.00027499994030222297 2.9999999242136255e-05 0.0007953738095238805
v 0.0003085385833401233 2.9999999242136255e-05 0.0007991897291503847
v 0.00048653531121090055 2.9999999242136255e-05 0.0006964232889004052
v 0.0004755441623274237 2.9999999242136255e-05 0.0007274269592016935
v 0.000484511605463922 2.9999999242136255e-05 0.0007318524876609445
v 0.00034023303305730224 2.9999999242136255e-05 0.0008151517249643803
v 0.000305577035760507 2.9999999242136255e-05 0.0008087411406449974
v 0.0004653095093090087 2.9999999242136255e-05 0.0007614060305058956
v 0.0004092195595148951 2.9999999242136255e-05 0.0008032852783799171
v 0.00043974167783744633 2.9999999242136255e-05 0.0007856633746996522
v 0.0003754281788133085 2.9999999242136255e-05 0.0008132990333251655
v 0.0004576222272589803 0.0002300000051036477 0.0007550102891400456
v 0.00037373299710452557 0.0002300000051036477 0.0008034437778405845
v 0.0004052715958096087 0.0002300000051036477 0.0007940976065583527
v 0.0003085385833401233 0.0002300000051036477 0.0007991897291503847
v 0.00034088417305611074 0.0002300000051036477 0.0008051729528233409
v 0.0004755441623274237 0.0002300000051036477 0.0007274269592016935
v 0.00043375889072194695 0.0002300000051036477 0.0007776504498906434
v 0.0004949999856762588 0.0002300000051036477 0.0006654700264334679
v 0.0004962878301739693 0.0002300000051036477 0.0006986342486925423
v 0.00048653531121090055 0.0002300000051036477 0.0006964232889004052
v 0.0002799999783746898 0.0002300000051036477 0.000786713557317853
v 0.00027499994030222297 0.0002300000051036477 0.0007953738095238805
v 0.0003754281788133085 0.0002300000051036477 0.0008132990333251655
v 0.0004092195595148951 0.0002300000051036477 0.0008032852783799171
v 0.0004653095093090087 0.0002300000051036477 0.0007614060305058956
v 0.00043974167783744633 0.0002300000051036477 0.0007856633746996522
v 0.000484511605463922 0.0002300000051036477 0.0007318524876609445
v 0.00034023303305730224 0.0002300000051036477 0.0008151517249643803
v 0.000305577035760507 0.0002300000051036477 0.0008087411406449974
v 0.0004900000058114529 0.00013000000035390258 0.0006654700264334679
v 0.0004999999655410647 0.00013000000035390258 0.0006654700264334679
v 0.003053527558222413 0.0009136296575888991 0.0
v 0.0032328427769243717 0.001017157337628305 0.0
v 0.003296410199254751 0.0010999999940395355 0.0
v 0.0031500000040978193 0.0009535898570902646 0.0
v 0.003336370224133134 0.0011964724399149418 0.0
v 0.0033499998971819878 0.0017000000225380063 0.0
v 0.0033499998971819878 0.0013000000035390258 0.0
v 0.002950000111013651 0.002099999925121665 0.0
v -0.002950000111013651 0.002099999925121665 0.0
v -0.0033499998971819878 0.0013000000035390258 0.0
v -0.0033499998971819878 0.0017000000225380063 0.0
v -0.003336370224133134 0.0011964724399149418 0.0
v 0.0031500000040978193 0.0020464102271944284 0.0
v 0.003053527558222413 0.002086370252072811 0.0
v -0.003053527558222413 0.002086370252072811 0.0
v -0.003296410199254751 0.0019000000320374966 0.0
v -0.003336370224133134 0.0018035275861620903 0.0
v -0.0032328427769243717 0.001017157337628305 0.0
v -0.0031500000040978193 0.0009535898570902646 0.0
v 0.003021740820258856 0.0009033523383550346 0.0
v 0.0029902055393904448 0.0008999999845400453 0.0
v 0.003296410199254751 0.0019000000320374966 0.0
v 0.0032328427769243717 0.001982842804864049 0.0
v -0.0031500000040978193 0.0020464102271944284 0.0
v -0.0032328427769243717 0.001982842804864049 0.0
v -0.003296410199254751 0.0010999999940395355 0.0
v -0.003053527558222413 0.0009136296575888991 0.0
v -0.0030215359292924404 0.0009033085079863667 0.0
v -0.0030514844693243504 0.0009130879770964384 0.0
v -0.0029902055393904448 0.0008999999845400453 0.0
v 0.0030514844693243504 0.0009130879770964384 0.0
v 0.003336370224133134 0.0018035275861620903 0.0
v 0.0029902055393904448 0.0008999999845400453 0.001075000036507845
v 0.0030515214893966913 0.0009131024708040059 0.001075000036507845
v 0.003021740820258856 0.0009033523383550346 0.001075000036507845
v 0.002950000111013651 0.0008999999845400453 0.001075000036507845
v -0.0030514844693243504 0.0009130879770964384 0.001075000036507845
v -0.0030215359292924404 0.0009033085079863667 0.001075000036507845
v -0.0029902055393904448 0.0008999999845400453 0.001075000036507845
v -0.002950000111013651 0.0008999999845400453 0.001075000036507845
v -0.002950000111013651 0.0008999999845400453 0.0013699999544769526
v 0.002950000111013651 0.0008999999845400453 0.0013699999544769526
v 0.00334779336117208 0.0012632226571440697 0.0015828338218852878
v 0.0033469777554273605 0.0012509217485785484 0.0015871200012043118
v 0.0033416429068893194 0.0012283438118174672 0.0015937911812216043
v 0.00334998220205307 0.0012962287291884422 0.0015713332686573267
v 0.0033499998971819878 0.0013000000035390258 0.0015699999639764428
v 0.003296410199254751 0.0010999999940395355 0.0015518182190135121
v 0.0033335951156914234 0.001194284181110561 0.0016038548201322556
v 0.0033342319075018167 0.001196979428641498 0.0016030584229156375
v 0.0032328427769243717 0.001017157337628305 0.0014765065861865878
v 0.0031935046426951885 0.0009826587047427893 0.0014451441820710897
v 0.003103073453530669 0.0009304481791332364 0.0013976801419630647
v 0.0031500000040978193 0.0009535898570902646 0.0014187180204316974
v 0.003053527558222413 0.0009136296575888991 0.0013823906192556024
v 0.003002210520207882 0.0009034220711328089 0.0013731109211221337
v 0.003326991805806756 0.0011663384502753615 0.0016121120424941182
v 0.0033499998971819878 0.0017000000225380063 0.0015699999639764428
v -0.003002210520207882 0.0009034220711328089 0.0013731109211221337
v -0.003053527558222413 0.0009136296575888991 0.0013823906192556024
v -0.003103073453530669 0.0009304481791332364 0.0013976801419630647
v -0.0031500000040978193 0.0009535898570902646 0.0014187180204316974
v -0.0031935046426951885 0.0009826587047427893 0.0014451441820710897
v -0.0032328427769243717 0.001017157337628305 0.0014765065861865878
v -0.003296410199254751 0.0010999999940395355 0.0015518182190135121
v -0.0033308828715234995 0.0011791314464062452 0.0016087479889392853
v -0.003326991805806756 0.0011663384502753615 0.0016121120424941182
v -0.00334998220205307 0.0012962287291884422 0.0015713332686573267
v -0.003346462734043598 0.0012691423762589693 0.001580348121933639
v -0.0033384556882083416 0.0012075172271579504 0.0016008581733331084
v -0.0033424552530050278 0.001238299417309463 0.0015906132757663727
v -0.0033361748792231083 0.0011965316953137517 0.0016041722847148776
v -0.0033376647625118494 0.0012014297535642982 0.0016028842655941844
v -0.0033499998971819878 0.0013000000035390258 0.0015699999639764428
v -0.0033499998971819878 0.0017000000225380063 0.0015699999639764428
v -0.003296410199254751 0.0019000000320374966 0.0015518182190135121
v -0.0032328427769243717 0.001982842804864049 0.0014765065861865878
v -0.0031935046426951885 0.002017341321334243 0.0014451441820710897
v -0.003103073453530669 0.002069551730528474 0.0013976801419630647
v -0.0031500000040978193 0.0020464102271944284 0.0014187180204316974
v -0.003002210520207882 0.002096578013151884 0.0013731109211221337
v -0.003053527558222413 0.002086370252072811 0.0013823906192556024
v -0.0033384556882083416 0.0017924827989190817 0.0016008581733331084
v -0.0033376647625118494 0.001798570272512734 0.0016028842655941844
v -0.003346462734043598 0.0017308576498180628 0.001580348121933639
v -0.0033424552530050278 0.001761700608767569 0.0015906132757663727
v -0.00334998220205307 0.0017037712968885899 0.0015713332686573267
v -0.0033308828715234995 0.001820868463255465 0.0016087479889392853
v -0.0033361748792231083 0.0018034683307632804 0.0016041722847148776
v -0.003326991805806756 0.0018336615758016706 0.0016121120424941182
v -0.002950000111013651 0.002099999925121665 0.0013699999544769526
v 0.002950000111013651 0.002099999925121665 0.0013699999544769526
v 0.003002210520207882 0.002096578013151884 0.0013731109211221337
v 0.003053527558222413 0.002086370252072811 0.0013823906192556024
v 0.003103073453530669 0.002069551730528474 0.0013976801419630647
v 0.0031500000040978193 0.0020464102271944284 0.0014187180204316974
v 0.0031935046426951885 0.002017341321334243 0.0014451441820710897
v 0.0032328427769243717 0.001982842804864049 0.0014765065861865878
v 0.003296410199254751 0.0019000000320374966 0.0015518182190135121
v 0.0033351145684719086 0.0018069545039907098 0.0016050890553742647
v 0.003326991805806756 0.0018336615758016706 0.0016121120424941182
v 0.00334998220205307 0.0017037712968885899 0.0015713332686573267
v 0.0033457952085882425 0.00173599470872432 0.0015820577973499894
v 0.003341119969263673 0.0017719768220558763 0.0015940334415063262
v 0.0033361748792231083 0.0018034683307632804 0.0016041722847148776
v 0.0033376647625118494 0.001798570272512734 0.0016028842655941844
v -0.0032999999821186066 0.001825000043027103 0.0016199999954551458
v -0.00330559816211462 0.001825345796532929 0.0016196855576708913
v -0.00330559816211462 0.0011746542295441031 0.0016196855576708913
v -0.0032999999821186066 0.0011749999830499291 0.0016199999954551458
v -0.0033111260272562504 0.001826378982514143 0.0016187464352697134
v -0.0033111260272562504 0.001173621043562889 0.0016187464352697134
v -0.0033165139611810446 0.0018280864460393786 0.001617194153368473
v -0.0033165139611810446 0.0011719135800376534 0.001617194153368473
v -0.0033216942101716995 0.0018304467666894197 0.001615048386156559
v -0.0033216942101716995 0.0011695532593876123 0.001615048386156559
v 0.0032999999821186066 0.0011749999830499291 0.0016199999954551458
v 0.0033065262250602245 0.0011745294323191047 0.0016195722855627537
v 0.0033065262250602245 0.0018254704773426056 0.0016195722855627537
v 0.0032999999821186066 0.001825000043027103 0.0016199999954551458
v 0.0033129409421235323 0.0011731259291991591 0.0016182962572202086
v 0.0033129409421235323 0.001826874096877873 0.0016182962572202086
v 0.0033191342372447252 0.001170813338831067 0.0016161940293386579
v 0.0033191342372447252 0.0018291865708306432 0.0016161940293386579
v 0.003324999939650297 0.0011676313588395715 0.0016133012250065804
v 0.0033249366097152233 0.0018324911361560225 0.0016131798038259149
v -0.002899999963119626 0.001825000043027103 0.0016199999954551458
v -0.003100000089034438 0.0015750000020489097 0.0016199999954551458
v -0.003100000089034438 0.0014250000240281224 0.0016199999954551458
v -0.002899999963119626 0.0014250000240281224 0.0016199999954551458
v -0.002899999963119626 0.0011749999830499291 0.0016199999954551458
v -0.002899999963119626 0.0015750000020489097 0.0016199999954551458
v -0.003100000089034438 0.0014250000240281224 0.003000000026077032
v -0.003100000089034438 0.0015750000020489097 0.003000000026077032
v -0.003185827750712633 0.0014250000240281224 0.0031355798710137606
v -0.00321780308149755 0.0014250000240281224 0.003146503819152713
v -0.00321780308149755 0.0015750000020489097 0.003146503819152713
v -0.0031571087893098593 0.0014250000240281224 0.0031177762430161238
v -0.003185827750712633 0.0015750000020489097 0.0031355798710137606
v -0.003133103484287858 0.0014250000240281224 0.003093995852395892
v -0.0031571087893098593 0.0015750000020489097 0.0031177762430161238
v -0.00311503023840487 0.0014250000240281224 0.003065445926040411
v -0.003133103484287858 0.0015750000020489097 0.003093995852395892
v -0.0031038059387356043 0.0014250000240281224 0.0030335746705532074
v -0.00311503023840487 0.0015750000020489097 0.003065445926040411
v -0.0031038059387356043 0.0015750000020489097 0.0030335746705532074
v -0.003249993547797203 0.0014250000240281224 0.0031500000040978193
v -0.00324999843724072 0.0015750000020489097 0.0031500000040978193
v -0.0032714582048356533 0.0015750000020489097 0.0031523294746875763
v -0.0032714582048356533 0.0014250000240281224 0.0031523294746875763
v -0.003292776644229889 0.0014250000240281224 0.0031596110202372074
v -0.003292776644229889 0.0015750000020489097 0.0031596110202372074
v -0.003311924170702696 0.0014250000240281224 0.003171479795128107
v -0.003311924170702696 0.0015750000020489097 0.003171479795128107
v -0.003327928949147463 0.0014250000240281224 0.0031873334664851427
v -0.003327928949147463 0.0015750000020489097 0.0031873334664851427
v -0.003339978866279125 0.0014250000240281224 0.0032063673716038465
v -0.003339978866279125 0.0015750000020489097 0.0032063673716038465
v -0.003347462508827448 0.0014250000240281224 0.0032276157289743423
v -0.003347462508827448 0.0015750000020489097 0.0032276157289743423
v -0.0033499998971819878 0.0014250000240281224 0.0032500000670552254
v -0.0033499998971819878 0.0015750000020489097 0.0032500000670552254
v -0.003100000089034438 0.0014250000240281224 0.0032500000670552254
v -0.002899999963119626 0.0014250000240281224 0.0030499999411404133
v -0.002899999963119626 0.0011749999830499291 0.0030499999411404133
v -0.003100000089034438 0.0011749999830499291 0.0032500000670552254
v -0.0033499998971819878 0.0011749999830499291 0.0032500000670552254
v -0.002899999963119626 0.0011449999874457717 0.0038630682975053787
v -0.002899999963119626 0.0011749999830499291 0.0038630682975053787
v -0.002899999963119626 0.0011449999874457717 0.001592727261595428
v -0.002891042735427618 0.0011449999874457717 0.003935828804969788
v -0.002891042735427618 0.0011749999830499291 0.003935828804969788
v -0.003100000089034438 0.0015750000020489097 0.0032500000670552254
v -0.002899999963119626 0.0015750000020489097 0.0030499999411404133
v -0.003100000089034438 0.001825000043027103 0.0032500000670552254
v -0.002899999963119626 0.001825000043027103 0.0030499999411404133
v -0.0033499998971819878 0.001825000043027103 0.0032500000670552254
v -0.0033499998971819878 0.0011749999830499291 0.00430000014603138
v -0.0033499998971819878 0.001825000043027103 0.00430000014603138
v 0.0033499998971819878 0.0011749999830499291 0.00430000014603138
v 0.0033499998971819878 0.001825000043027103 0.00430000014603138
v -0.002899999963119626 0.0018500000005587935 0.0038999998942017555
v -0.002899999963119626 0.0018500000005587935 0.0015972726978361607
v -0.002899999963119626 0.001825000043027103 0.0038999998942017555
v -0.0028987249825149775 0.001825000043027103 0.003915918525308371
v -0.002897480735555291 0.001837424817495048 0.003915719222277403
v -0.0028949917759746313 0.001825000043027103 0.003931249957531691
v -0.0026050081942230463 0.001825000043027103 0.003931249957531691
v -0.0026025192346423864 0.001837424817495048 0.003915719222277403
v -0.0026000000070780516 0.0018500000005587935 0.0038999998942017555
v -0.0026000000070780516 0.0018500000005587935 0.0015972726978361607
v -0.0026000000070780516 0.001825000043027103 0.0038999998942017555
v -0.0026000000070780516 0.001825000043027103 0.0016199999954551458
v -0.002601275220513344 0.001825000043027103 0.003915918525308371
v -0.0028752130456268787 0.0011635295813903213 0.003999148029834032
v -0.002875053556635976 0.0011667368235066533 0.003999785985797644
v -0.0028754756785929203 0.0011604329338297248 0.0039980970323085785
v -0.0028758372645825148 0.001157499966211617 0.003996650688350201
v -0.0028794766403734684 0.0011459350353106856 0.003981436137109995
v -0.0028781250584870577 0.0011483493726700544 0.003987499978393316
v -0.0028762915171682835 0.001154780969955027 0.003994833678007126
v -0.002876830520108342 0.0011523222783580422 0.003992677666246891
v -0.0028750000055879354 0.0011699999449774623 0.004000000189989805
v -0.0028800000436604023 0.0011449999874457717 0.003979087341576815
v -0.0028750000055879354 0.0011749999830499291 0.004000000189989805
v -0.002624999964609742 0.0011699999449774623 0.004000000189989805
v -0.002624999964609742 0.0011749999830499291 0.004000000189989805
v -0.0026249466463923454 0.0011667368235066533 0.003999785985797644
v -0.002624786924570799 0.0011635295813903213 0.003999148029834032
v -0.0026245242916047573 0.0011604329338297248 0.0039980970323085785
v -0.002624162705615163 0.001157499966211617 0.003996650688350201
v -0.002623708453029394 0.001154780969955027 0.003994833678007126
v -0.0026231694500893354 0.0011523222783580422 0.003992677666246891
v -0.00262187491171062 0.0011483493726700544 0.003987499978393316
v -0.002620524959638715 0.0011459378292784095 0.003981434740126133
v -0.0026199999265372753 0.0011449999874457717 0.003979076165705919
v -0.0026089572347700596 0.0011749999830499291 0.003935828804969788
v -0.0026089572347700596 0.0011449999874457717 0.003935828804969788
v -0.0026000000070780516 0.0011449999874457717 0.0038630682975053787
v -0.0026000000070780516 0.0011449999874457717 0.001592727261595428
v -0.0026000000070780516 0.0011749999830499291 0.0038630682975053787
v -0.0026000000070780516 0.0011749999830499291 0.0016199999954551458
v 0.0033499998971819878 0.0015750000020489097 0.0032500000670552254
v 0.0033499998971819878 0.0014250000240281224 0.0032500000670552254
v 0.0033499998971819878 0.0011749999830499291 0.0032500000670552254
v 0.0033499998971819878 0.001825000043027103 0.0032500000670552254
v 0.003100000089034438 0.0014250000240281224 0.0032500000670552254
v 0.003100000089034438 0.0011749999830499291 0.0032500000670552254
v 0.002899999963119626 0.0011749999830499291 0.0030499999411404133
v 0.002899999963119626 0.0014250000240281224 0.0030499999411404133
v 0.003271458437666297 0.0014250000240281224 0.0031523294746875763
v 0.003292776644229889 0.0014250000240281224 0.0031596110202372074
v 0.003327928949147463 0.0014250000240281224 0.0031873336993157864
v 0.003339978866279125 0.0014250000240281224 0.00320636760443449
v 0.003311924170702696 0.0014250000240281224 0.0031714800279587507
v 0.003347462508827448 0.0014250000240281224 0.0032276157289743423
v 0.0032499998342245817 0.0014250000240281224 0.0031500000040978193
v 0.003100000089034438 0.0014250000240281224 0.0016199999954551458
v 0.003100000089034438 0.0014250000240281224 0.003000000026077032
v 0.003216621931642294 0.0014250000240281224 0.0031462390907108784
v 0.002899999963119626 0.0014250000240281224 0.0016199999954551458
v 0.0031849173828959465 0.0014250000240281224 0.0031351454090327024
v 0.003132725367322564 0.0014250000240281224 0.0030935234390199184
v 0.0031564764212816954 0.0014250000240281224 0.0031172747258096933
v 0.003114854684099555 0.0014250000240281224 0.0030650824774056673
v 0.0031037607695907354 0.0014250000240281224 0.0030333781614899635
v 0.003100000089034438 0.0015750000020489097 0.003000000026077032
v 0.003100000089034438 0.0015750000020489097 0.0016199999954551458
v 0.003347462508827448 0.0015750000020489097 0.0032276157289743423
v 0.003339978866279125 0.0015750000020489097 0.00320636760443449
v 0.003327928949147463 0.0015750000020489097 0.0031873336993157864
v 0.003311924170702696 0.0015750000020489097 0.0031714800279587507
v 0.003292776644229889 0.0015750000020489097 0.0031596110202372074
v 0.003249993547797203 0.0015750000020489097 0.0031500000040978193
v 0.003271458437666297 0.0015750000020489097 0.0031523294746875763
v 0.0031037607695907354 0.0015750000020489097 0.0030333781614899635
v 0.003114854684099555 0.0015750000020489097 0.0030650824774056673
v 0.003132725367322564 0.0015750000020489097 0.0030935234390199184
v 0.0031564764212816954 0.0015750000020489097 0.0031172747258096933
v 0.0031849173828959465 0.0015750000020489097 0.0031351454090327024
v 0.003216621931642294 0.0015750000020489097 0.0031462390907108784
v 0.002899999963119626 0.0011749999830499291 0.0016199999954551458
v 0.002899999963119626 0.0015750000020489097 0.0016199999954551458
v 0.002899999963119626 0.001825000043027103 0.0016199999954551458
v 0.003100000089034438 0.0015750000020489097 0.0032500000670552254
v 0.002899999963119626 0.0015750000020489097 0.0030499999411404133
v 0.003100000089034438 0.001825000043027103 0.0032500000670552254
v 0.002899999963119626 0.001825000043027103 0.0030499999411404133
v 0.002899999963119626 0.0018500000005587935 0.0038999998942017555
v 0.002899999963119626 0.001825000043027103 0.0038999998942017555
v 0.002899999963119626 0.0018500000005587935 0.0015972726978361607
v 0.002897480735555291 0.001837424817495048 0.003915719222277403
v 0.0028949917759746313 0.001825000043027103 0.003931249957531691
v 0.0028987249825149775 0.001825000043027103 0.003915918525308371
v 0.0026025192346423864 0.001837424817495048 0.003915719222277403
v 0.0026000000070780516 0.0018500000005587935 0.0038999998942017555
v 0.0026050081942230463 0.001825000043027103 0.003931249957531691
v 0.0026000000070780516 0.0018500000005587935 0.0015972726978361607
v 0.0026000000070780516 0.001825000043027103 0.0016199999954551458
v 0.0026000000070780516 0.001825000043027103 0.0038999998942017555
v 0.002601275220513344 0.001825000043027103 0.003915918525308371
v 0.002899999963119626 0.0011449999874457717 0.0038630682975053787
v 0.002899999963119626 0.0011449999874457717 0.001592727261595428
v 0.002899999963119626 0.0011749999830499291 0.0038630682975053787
v 0.002891042735427618 0.0011749999830499291 0.003935828804969788
v 0.002891042735427618 0.0011449999874457717 0.003935828804969788
v 0.0028750000055879354 0.0011699999449774623 0.004000000189989805
v 0.002875053556635976 0.0011667368235066533 0.003999785985797644
v 0.0028752130456268787 0.0011635295813903213 0.003999148029834032
v 0.002876830520108342 0.0011523222783580422 0.003992677666246891
v 0.0028781250584870577 0.0011483493726700544 0.003987499978393316
v 0.0028754756785929203 0.0011604329338297248 0.0039980970323085785
v 0.0028762915171682835 0.001154780969955027 0.003994833678007126
v 0.0028758372645825148 0.001157499966211617 0.003996650688350201
v 0.002879475010558963 0.0011459378292784095 0.003981434740126133
v 0.0028750000055879354 0.0011749999830499291 0.004000000189989805
v 0.0028800000436604023 0.0011449999874457717 0.003979076165705919
v 0.002624999964609742 0.0011699999449774623 0.004000000189989805
v 0.0026249466463923454 0.0011667368235066533 0.003999785985797644
v 0.002624786924570799 0.0011635295813903213 0.003999148029834032
v 0.0026245242916047573 0.0011604329338297248 0.0039980970323085785
v 0.002624162705615163 0.001157499966211617 0.003996650688350201
v 0.002623708453029394 0.001154780969955027 0.003994833678007126
v 0.0026231694500893354 0.0011523222783580422 0.003992677666246891
v 0.00262187491171062 0.0011483493726700544 0.003987499978393316
v 0.002620523329824209 0.0011459350353106856 0.003981436137109995
v 0.0026199999265372753 0.0011449999874457717 0.003979087341576815
v 0.002624999964609742 0.0011749999830499291 0.004000000189989805
v 0.0026089572347700596 0.0011749999830499291 0.003935828804969788
v 0.0026089572347700596 0.0011449999874457717 0.003935828804969788
v 0.0026000000070780516 0.0011449999874457717 0.0038630682975053787
v 0.0026000000070780516 0.0011449999874457717 0.001592727261595428
v 0.0026000000070780516 0.0011749999830499291 0.0038630682975053787
v 0.0026000000070780516 0.0011749999830499291 0.0016199999954551458
v -0.0018700000364333391 0.0011449999874457717 0.001592727261595428
v -0.0021299999207258224 0.0011449999874457717 0.001592727261595428
v -0.002369999885559082 0.0011449999874457717 0.001592727261595428
v -0.00139999995008111 0.0011449999874457717 0.001592727261595428
v -0.0016299999551847577 0.0011449999874457717 0.001592727261595428
v -0.0016299999551847577 0.0011749999830499291 0.0016199999954551458
v -0.0008999999845400453 0.0011449999874457717 0.001592727261595428
v -0.0010999999940395355 0.0011449999874457717 0.001592727261595428
v -0.0010999999940395355 0.0011749999830499291 0.0016199999954551458
v -0.00139999995008111 0.0011749999830499291 0.0016199999954551458
v -0.0008999999845400453 0.0011749999830499291 0.0016199999954551458
v -0.0003699999942909926 0.0011449999874457717 0.001592727261595428
v -0.0006000000284984708 0.0011449999874457717 0.001592727261595428
v -0.0006000000284984708 0.0011749999830499291 0.0016199999954551458
v -0.0021299999207258224 0.0011749999830499291 0.0016199999954551458
v -0.0003699999942909926 0.0011749999830499291 0.0016199999954551458
v 0.0006000000284984708 0.0011449999874457717 0.001592727261595428
v 0.0003699999942909926 0.0011449999874457717 0.001592727261595428
v 0.0003699999942909926 0.0011749999830499291 0.0016199999954551458
v 0.0010999999940395355 0.0011449999874457717 0.001592727261595428
v 0.0008999999845400453 0.0011449999874457717 0.001592727261595428
v 0.0008999999845400453 0.0011749999830499291 0.0016199999954551458
v -0.0018700000364333391 0.0011749999830499291 0.0016199999954551458
v 0.00013000000035390258 0.0011449999874457717 0.001592727261595428
v -0.00013000000035390258 0.0011449999874457717 0.001592727261595428
v -0.00013000000035390258 0.0011749999830499291 0.0016199999954551458
v 0.0006000000284984708 0.0011749999830499291 0.0016199999954551458
v 0.0010999999940395355 0.0011749999830499291 0.0016199999954551458
v 0.0016299999551847577 0.0011449999874457717 0.001592727261595428
v 0.00139999995008111 0.0011449999874457717 0.001592727261595428
v 0.00139999995008111 0.0011749999830499291 0.0016199999954551458
v 0.00013000000035390258 0.0011749999830499291 0.0016199999954551458
v 0.0016299999551847577 0.0011749999830499291 0.0016199999954551458
v 0.0021299999207258224 0.0011449999874457717 0.001592727261595428
v 0.0018700000364333391 0.0011449999874457717 0.001592727261595428
v 0.0018700000364333391 0.0011749999830499291 0.0016199999954551458
v 0.0021299999207258224 0.0011749999830499291 0.0016199999954551458
v 0.002369999885559082 0.0011449999874457717 0.001592727261595428
v 0.002369999885559082 0.0011749999830499291 0.0016199999954551458
v -0.002369999885559082 0.0011749999830499291 0.0016199999954551458
v 0.0021299999207258224 0.0011449999874457717 0.0034749999176710844
v 0.002369999885559082 0.0011449999874457717 0.0034749999176710844
v 0.002369999885559082 0.001157499966211617 0.003496650606393814
v 0.002369999885559082 0.0011523222783580422 0.0034926775842905045
v 0.002369999885559082 0.0011483493726700544 0.0034874998964369297
v 0.002369999885559082 0.0011699999449774623 0.0035000001080334187
v 0.002369999885559082 0.0011635295813903213 0.003499148180708289
v 0.002369999885559082 0.0011749999830499291 0.0035000001080334187
v 0.002369999885559082 0.0011458517983555794 0.003481470514088869
v 0.0021299999207258224 0.0011483493726700544 0.0034874998964369297
v 0.0021299999207258224 0.0011523222783580422 0.0034926775842905045
v 0.0021299999207258224 0.001157499966211617 0.003496650606393814
v 0.0021299999207258224 0.0011635295813903213 0.003499148180708289
v 0.0021299999207258224 0.0011458517983555794 0.003481470514088869
v 0.0021299999207258224 0.0011699999449774623 0.0035000001080334187
v 0.0021299999207258224 0.0011749999830499291 0.0035000001080334187
v 0.0016299999551847577 0.0011449999874457717 0.0034749999176710844
v 0.0018700000364333391 0.0011449999874457717 0.0034749999176710844
v 0.0018700000364333391 0.001157499966211617 0.003496650606393814
v 0.0018700000364333391 0.0011523222783580422 0.0034926775842905045
v 0.0018700000364333391 0.0011483493726700544 0.0034874998964369297
v 0.0018700000364333391 0.0011699999449774623 0.0035000001080334187
v 0.0018700000364333391 0.0011635295813903213 0.003499148180708289
v 0.0018700000364333391 0.0011749999830499291 0.0035000001080334187
v 0.0018700000364333391 0.0011458517983555794 0.003481470514088869
v 0.0016299999551847577 0.0011483493726700544 0.0034874998964369297
v 0.0016299999551847577 0.0011523222783580422 0.0034926775842905045
v 0.0016299999551847577 0.001157499966211617 0.003496650606393814
v 0.0016299999551847577 0.0011635295813903213 0.003499148180708289
v 0.0016299999551847577 0.0011458517983555794 0.003481470514088869
v 0.0016299999551847577 0.0011699999449774623 0.0035000001080334187
v 0.0016299999551847577 0.0011749999830499291 0.0035000001080334187
v 0.00139999995008111 0.0011449999874457717 0.0038630682975053787
v 0.00139999995008111 0.0011749999830499291 0.0038630682975053787
v 0.0010999999940395355 0.0011749999830499291 0.0038630682975053787
v 0.0010999999940395355 0.0011449999874457717 0.0038630682975053787
v 0.0011089572217315435 0.0011449999874457717 0.003935828804969788
v 0.0011089572217315435 0.0011749999830499291 0.003935828804969788
v 0.001391042722389102 0.0011749999830499291 0.003935828804969788
v 0.001391042722389102 0.0011449999874457717 0.003935828804969788
v 0.001120000029914081 0.0011449999874457717 0.003979087341576815
v 0.0013800000306218863 0.0011449999874457717 0.003979076165705919
v 0.0011247870279476047 0.0011635295813903213 0.003999148029834032
v 0.0011249465169385076 0.0011667368235066533 0.003999785985797644
v 0.0011245242785662413 0.0011604329338297248 0.0039980970323085785
v 0.0011241626925766468 0.001157499966211617 0.003996650688350201
v 0.001120523433201015 0.0011459350353106856 0.003981436137109995
v 0.0011218750150874257 0.0011483493726700544 0.003987499978393316
v 0.001123708439990878 0.001154780969955027 0.003994833678007126
v 0.0011231694370508194 0.0011523222783580422 0.003992677666246891
v 0.0011249999515712261 0.0011699999449774623 0.004000000189989805
v 0.0011249999515712261 0.0011749999830499291 0.004000000189989805
v 0.0013749999925494194 0.0011699999449774623 0.004000000189989805
v 0.001375053427182138 0.0011667368235066533 0.003999785985797644
v 0.0013752129161730409 0.0011635295813903213 0.003999148029834032
v 0.001376830623485148 0.0011523222783580422 0.003992677666246891
v 0.0013781250454485416 0.0011483493726700544 0.003987499978393316
v 0.001375475781969726 0.0011604329338297248 0.0039980970323085785
v 0.0013762915041297674 0.001154780969955027 0.003994833678007126
v 0.0013758373679593205 0.001157499966211617 0.003996650688350201
v 0.0013794749975204468 0.0011459378292784095 0.003981434740126133
v 0.0013749999925494194 0.0011749999830499291 0.004000000189989805
v 0.0008999999845400453 0.0011449999874457717 0.003363068215548992
v 0.0008999999845400453 0.0011749999830499291 0.003363068215548992
v 0.0006000000284984708 0.0011749999830499291 0.003363068215548992
v 0.0006000000284984708 0.0011449999874457717 0.003363068215548992
v 0.0006089572561904788 0.0011449999874457717 0.0034358289558440447
v 0.0006089572561904788 0.0011749999830499291 0.0034358289558440447
v 0.0008910427568480372 0.0011749999830499291 0.0034358289558440447
v 0.0008910427568480372 0.0011449999874457717 0.0034358289558440447
v 0.0006200000061653554 0.0011449999874457717 0.0034790874924510717
v 0.0008800000068731606 0.0011449999874457717 0.0034790763165801764
v 0.0006247870624065399 0.0011635295813903213 0.003499148180708289
v 0.0006249465513974428 0.0011667368235066533 0.0034997861366719007
v 0.0006245242548175156 0.0011604329338297248 0.003498096950352192
v 0.0006241626688279212 0.001157499966211617 0.003496650606393814
v 0.0006205234094522893 0.0011459350353106856 0.0034814360551536083
v 0.0006218749913387001 0.0011483493726700544 0.0034874998964369297
v 0.0006237084744498134 0.001154780969955027 0.003494833828881383
v 0.0006231694133020937 0.0011523222783580422 0.0034926775842905045
v 0.0006249999860301614 0.0011699999449774623 0.0035000001080334187
v 0.0006249999860301614 0.0011749999830499291 0.0035000001080334187
v 0.0008750000270083547 0.0011699999449774623 0.0035000001080334187
v 0.0008750534616410732 0.0011667368235066533 0.0034997861366719007
v 0.0008752129506319761 0.0011635295813903213 0.003499148180708289
v 0.0008768305997364223 0.0011523222783580422 0.0034926775842905045
v 0.000878125021699816 0.0011483493726700544 0.0034874998964369297
v 0.0008754757582210004 0.0011604329338297248 0.003498096950352192
v 0.0008762915385887027 0.001154780969955027 0.003494833828881383
v 0.0008758373442105949 0.001157499966211617 0.003496650606393814
v 0.000879475031979382 0.0011459378292784095 0.00348143489100039
v 0.0008750000270083547 0.0011749999830499291 0.0035000001080334187
v 0.00013000000035390258 0.0011449999874457717 0.0034749999176710844
v 0.0003699999942909926 0.0011449999874457717 0.0034749999176710844
v 0.0003699999942909926 0.001157499966211617 0.003496650606393814
v 0.0003699999942909926 0.0011523222783580422 0.0034926775842905045
v 0.0003699999942909926 0.0011483493726700544 0.0034874998964369297
v 0.0003699999942909926 0.0011699999449774623 0.0035000001080334187
v 0.0003699999942909926 0.0011635295813903213 0.003499148180708289
v 0.0003699999942909926 0.0011749999830499291 0.0035000001080334187
v 0.0003699999942909926 0.0011458517983555794 0.003481470514088869
v 0.00013000000035390258 0.0011483493726700544 0.0034874998964369297
v 0.00013000000035390258 0.0011523222783580422 0.0034926775842905045
v 0.00013000000035390258 0.001157499966211617 0.003496650606393814
v 0.00013000000035390258 0.0011635295813903213 0.003499148180708289
v 0.00013000000035390258 0.0011458517983555794 0.003481470514088869
v 0.00013000000035390258 0.0011699999449774623 0.0035000001080334187
v 0.00013000000035390258 0.0011749999830499291 0.0035000001080334187
v -0.0003699999942909926 0.0011449999874457717 0.0034749999176710844
v -0.00013000000035390258 0.0011449999874457717 0.0034749999176710844
v -0.00013000000035390258 0.001157499966211617 0.003496650606393814
v -0.00013000000035390258 0.0011523222783580422 0.0034926775842905045
v -0.00013000000035390258 0.0011483493726700544 0.0034874998964369297
v -0.00013000000035390258 0.0011699999449774623 0.0035000001080334187
v -0.00013000000035390258 0.0011635295813903213 0.003499148180708289
v -0.00013000000035390258 0.0011749999830499291 0.0035000001080334187
v -0.00013000000035390258 0.0011458517983555794 0.003481470514088869
v -0.0003699999942909926 0.0011483493726700544 0.0034874998964369297
v -0.0003699999942909926 0.0011523222783580422 0.0034926775842905045
v -0.0003699999942909926 0.001157499966211617 0.003496650606393814
v -0.0003699999942909926 0.0011635295813903213 0.003499148180708289
v -0.0003699999942909926 0.0011458517983555794 0.003481470514088869
v -0.0003699999942909926 0.0011699999449774623 0.0035000001080334187
v -0.0003699999942909926 0.0011749999830499291 0.0035000001080334187
v -0.0006000000284984708 0.0011449999874457717 0.003363068215548992
v -0.0006000000284984708 0.0011749999830499291 0.003363068215548992
v -0.0008999999845400453 0.0011749999830499291 0.003363068215548992
v -0.0008999999845400453 0.0011449999874457717 0.003363068215548992
v -0.0008910427568480372 0.0011449999874457717 0.0034358289558440447
v -0.0008910427568480372 0.0011749999830499291 0.0034358289558440447
v -0.0006089572561904788 0.0011749999830499291 0.0034358289558440447
v -0.0006089572561904788 0.0011449999874457717 0.0034358289558440447
v -0.0008800000068731606 0.0011449999874457717 0.0034790874924510717
v -0.0006200000061653554 0.0011449999874457717 0.0034790763165801764
v -0.0008752129506319761 0.0011635295813903213 0.003499148180708289
v -0.0008750534616410732 0.0011667368235066533 0.0034997861366719007
v -0.0008754757582210004 0.0011604329338297248 0.003498096950352192
v -0.0008758373442105949 0.001157499966211617 0.003496650606393814
v -0.0008794765453785658 0.0011459350353106856 0.0034814360551536083
v -0.000878125021699816 0.0011483493726700544 0.0034874998964369297
v -0.0008762915385887027 0.001154780969955027 0.003494833828881383
v -0.0008768305997364223 0.0011523222783580422 0.0034926775842905045
v -0.0008750000270083547 0.0011699999449774623 0.0035000001080334187
v -0.0008750000270083547 0.0011749999830499291 0.0035000001080334187
v -0.0006249999860301614 0.0011699999449774623 0.0035000001080334187
v -0.0006249465513974428 0.0011667368235066533 0.0034997861366719007
v -0.0006247870624065399 0.0011635295813903213 0.003499148180708289
v -0.0006231694133020937 0.0011523222783580422 0.0034926775842905045
v -0.0006218749913387001 0.0011483493726700544 0.0034874998964369297
v -0.0006245242548175156 0.0011604329338297248 0.003498096950352192
v -0.0006237084744498134 0.001154780969955027 0.003494833828881383
v -0.0006241626688279212 0.001157499966211617 0.003496650606393814
v -0.000620524981059134 0.0011459378292784095 0.00348143489100039
v -0.0006249999860301614 0.0011749999830499291 0.0035000001080334187
v -0.0010999999940395355 0.0011449999874457717 0.0038630682975053787
v -0.0010999999940395355 0.0011749999830499291 0.0038630682975053787
v -0.00139999995008111 0.0011749999830499291 0.0038630682975053787
v -0.00139999995008111 0.0011449999874457717 0.0038630682975053787
v -0.001391042722389102 0.0011449999874457717 0.003935828804969788
v -0.001391042722389102 0.0011749999830499291 0.003935828804969788
v -0.0011089572217315435 0.0011749999830499291 0.003935828804969788
v -0.0011089572217315435 0.0011449999874457717 0.003935828804969788
v -0.0013800000306218863 0.0011449999874457717 0.003979087341576815
v -0.001120000029914081 0.0011449999874457717 0.003979076165705919
v -0.0013752129161730409 0.0011635295813903213 0.003999148029834032
v -0.001375053427182138 0.0011667368235066533 0.003999785985797644
v -0.001375475781969726 0.0011604329338297248 0.0039980970323085785
v -0.0013758373679593205 0.001157499966211617 0.003996650688350201
v -0.0013794766273349524 0.0011459350353106856 0.003981436137109995
v -0.0013781250454485416 0.0011483493726700544 0.003987499978393316
v -0.0013762915041297674 0.001154780969955027 0.003994833678007126
v -0.001376830623485148 0.0011523222783580422 0.003992677666246891
v -0.0013749999925494194 0.0011699999449774623 0.004000000189989805
v -0.0013749999925494194 0.0011749999830499291 0.004000000189989805
v -0.0011249999515712261 0.0011699999449774623 0.004000000189989805
v -0.0011249465169385076 0.0011667368235066533 0.003999785985797644
v -0.0011247870279476047 0.0011635295813903213 0.003999148029834032
v -0.0011231694370508194 0.0011523222783580422 0.003992677666246891
v -0.0011218750150874257 0.0011483493726700544 0.003987499978393316
v -0.0011245242785662413 0.0011604329338297248 0.0039980970323085785
v -0.001123708439990878 0.001154780969955027 0.003994833678007126
v -0.0011241626925766468 0.001157499966211617 0.003996650688350201
v -0.0011205249466001987 0.0011459378292784095 0.003981434740126133
v -0.0011249999515712261 0.0011749999830499291 0.004000000189989805
v -0.0018700000364333391 0.0011449999874457717 0.0034749999176710844
v -0.0016299999551847577 0.0011449999874457717 0.0034749999176710844
v -0.0016299999551847577 0.001157499966211617 0.003496650606393814
v -0.0016299999551847577 0.0011523222783580422 0.0034926775842905045
v -0.0016299999551847577 0.0011483493726700544 0.0034874998964369297
v -0.0016299999551847577 0.0011699999449774623 0.0035000001080334187
v -0.0016299999551847577 0.0011635295813903213 0.003499148180708289
v -0.0016299999551847577 0.0011749999830499291 0.0035000001080334187
v -0.0016299999551847577 0.0011458517983555794 0.003481470514088869
v -0.0018700000364333391 0.0011483493726700544 0.0034874998964369297
v -0.0018700000364333391 0.0011523222783580422 0.0034926775842905045
v -0.0018700000364333391 0.001157499966211617 0.003496650606393814
v -0.0018700000364333391 0.0011635295813903213 0.003499148180708289
v -0.0018700000364333391 0.0011458517983555794 0.003481470514088869
v -0.0018700000364333391 0.0011699999449774623 0.0035000001080334187
v -0.0018700000364333391 0.0011749999830499291 0.0035000001080334187
v -0.0021299999207258224 0.0011749999830499291 0.0035000001080334187
v -0.002369999885559082 0.0011749999830499291 0.0035000001080334187
v -0.0021299999207258224 0.0011449999874457717 0.0034749999176710844
v -0.0021299999207258224 0.001157499966211617 0.003496650606393814
v -0.0021299999207258224 0.0011523222783580422 0.0034926775842905045
v -0.0021299999207258224 0.0011483493726700544 0.0034874998964369297
v -0.0021299999207258224 0.0011699999449774623 0.0035000001080334187
v -0.0021299999207258224 0.0011635295813903213 0.003499148180708289
v -0.0021299999207258224 0.0011458517983555794 0.003481470514088869
v -0.002369999885559082 0.0011449999874457717 0.0034749999176710844
v -0.002369999885559082 0.0011483493726700544 0.0034874998964369297
v -0.002369999885559082 0.0011523222783580422 0.0034926775842905045
v -0.002369999885559082 0.001157499966211617 0.003496650606393814
v -0.002369999885559082 0.0011635295813903213 0.003499148180708289
v -0.002369999885559082 0.0011458517983555794 0.003481470514088869
v -0.002369999885559082 0.0011699999449774623 0.0035000001080334187
v 0.002369999885559082 0.0018500000005587935 0.0015972726978361607
v 0.0021299999207258224 0.0018500000005587935 0.0015972726978361607
v 0.0010999999940395355 0.001825000043027103 0.0016199999954551458
v 0.0010999999940395355 0.0018500000005587935 0.0015972726978361607
v 0.0008999999845400453 0.0018500000005587935 0.0015972726978361607
v 0.0006000000284984708 0.0018500000005587935 0.0015972726978361607
v 0.00139999995008111 0.0018500000005587935 0.0015972726978361607
v -0.0008999999845400453 0.001825000043027103 0.0016199999954551458
v -0.0008999999845400453 0.0018500000005587935 0.0015972726978361607
v -0.0010999999940395355 0.0018500000005587935 0.0015972726978361607
v -0.00139999995008111 0.0018500000005587935 0.0015972726978361607
v -0.00139999995008111 0.001825000043027103 0.0016199999954551458
v -0.0016299999551847577 0.0018500000005587935 0.0015972726978361607
v -0.0018700000364333391 0.0018500000005587935 0.0015972726978361607
v 0.002369999885559082 0.001825000043027103 0.0016199999954551458
v 0.0021299999207258224 0.001825000043027103 0.0016199999954551458
v 0.0018700000364333391 0.0018500000005587935 0.0015972726978361607
v 0.0016299999551847577 0.0018500000005587935 0.0015972726978361607
v 0.0016299999551847577 0.001825000043027103 0.0016199999954551458
v 0.0008999999845400453 0.001825000043027103 0.0016199999954551458
v 0.0006000000284984708 0.001825000043027103 0.0016199999954551458
v 0.0003699999942909926 0.0018500000005587935 0.0015972726978361607
v 0.00013000000035390258 0.0018500000005587935 0.0015972726978361607
v -0.0003699999942909926 0.001825000043027103 0.0016199999954551458
v -0.0003699999942909926 0.0018500000005587935 0.0015972726978361607
v -0.0006000000284984708 0.0018500000005587935 0.0015972726978361607
v -0.0016299999551847577 0.001825000043027103 0.0016199999954551458
v -0.0018700000364333391 0.001825000043027103 0.0016199999954551458
v -0.0021299999207258224 0.0018500000005587935 0.0015972726978361607
v -0.002369999885559082 0.0018500000005587935 0.0015972726978361607
v 0.0018700000364333391 0.001825000043027103 0.0016199999954551458
v 0.0003699999942909926 0.001825000043027103 0.0016199999954551458
v 0.00013000000035390258 0.001825000043027103 0.0016199999954551458
v -0.00013000000035390258 0.0018500000005587935 0.0015972726978361607
v -0.0010999999940395355 0.001825000043027103 0.0016199999954551458
v -0.002369999885559082 0.001825000043027103 0.0016199999954551458
v 0.00139999995008111 0.001825000043027103 0.0016199999954551458
v -0.0021299999207258224 0.001825000043027103 0.0016199999954551458
v -0.00013000000035390258 0.001825000043027103 0.0016199999954551458
v -0.0006000000284984708 0.001825000043027103 0.0016199999954551458
v -0.00139999995008111 0.0018500000005587935 0.0038999998942017555
v -0.00139999995008111 0.001825000043027103 0.0038999998942017555
v -0.0010999999940395355 0.0018500000005587935 0.0038999998942017555
v -0.0013987248530611396 0.001825000043027103 0.003915918525308371
v -0.001397480838932097 0.001837424817495048 0.003915719222277403
v -0.0013949917629361153 0.001825000043027103 0.003931249957531691
v -0.0011025192216038704 0.001837424817495048 0.003915719222277403
v -0.0011050081811845303 0.001825000043027103 0.003931249957531691
v -0.0010999999940395355 0.001825000043027103 0.0038999998942017555
v -0.001101275091059506 0.001825000043027103 0.003915918525308371
v -0.0016299999551847577 0.0018375000217929482 0.003396650543436408
v -0.0016299999551847577 0.0018500000005587935 0.003375000087544322
v -0.0016299999551847577 0.0018491481896489859 0.003381470451131463
v -0.0016299999551847577 0.0018314705230295658 0.003399148117750883
v -0.0016299999551847577 0.0018466506153345108 0.0033875000663101673
v -0.0016299999551847577 0.001842677709646523 0.003392677754163742
v -0.0016299999551847577 0.001825000043027103 0.0034000000450760126
v -0.0018700000364333391 0.0018500000005587935 0.003375000087544322
v -0.0018700000364333391 0.0018491481896489859 0.003381470451131463
v -0.0018700000364333391 0.0018466506153345108 0.0033875000663101673
v -0.0018700000364333391 0.001842677709646523 0.003392677754163742
v -0.0018700000364333391 0.0018375000217929482 0.003396650543436408
v -0.0018700000364333391 0.0018314705230295658 0.003399148117750883
v -0.0018700000364333391 0.001825000043027103 0.0034000000450760126
v -0.0021299999207258224 0.0018375000217929482 0.003396650543436408
v -0.0021299999207258224 0.0018500000005587935 0.003375000087544322
v -0.0021299999207258224 0.0018491481896489859 0.003381470451131463
v -0.0021299999207258224 0.0018314705230295658 0.003399148117750883
v -0.0021299999207258224 0.0018466506153345108 0.0033875000663101673
v -0.0021299999207258224 0.001842677709646523 0.003392677754163742
v -0.0021299999207258224 0.001825000043027103 0.0034000000450760126
v -0.002369999885559082 0.0018500000005587935 0.003375000087544322
v -0.002369999885559082 0.0018491481896489859 0.003381470451131463
v -0.002369999885559082 0.0018466506153345108 0.0033875000663101673
v -0.002369999885559082 0.001842677709646523 0.003392677754163742
v -0.002369999885559082 0.0018375000217929482 0.003396650543436408
v -0.002369999885559082 0.0018314705230295658 0.003399148117750883
v -0.002369999885559082 0.001825000043027103 0.0034000000450760126
v 0.002369999885559082 0.0018375000217929482 0.003396650543436408
v 0.002369999885559082 0.0018500000005587935 0.003375000087544322
v 0.002369999885559082 0.0018491481896489859 0.003381470451131463
v 0.002369999885559082 0.0018314705230295658 0.003399148117750883
v 0.002369999885559082 0.0018466506153345108 0.0033875000663101673
v 0.002369999885559082 0.001842677709646523 0.003392677754163742
v 0.002369999885559082 0.001825000043027103 0.0034000000450760126
v 0.0021299999207258224 0.0018500000005587935 0.003375000087544322
v 0.0021299999207258224 0.0018491481896489859 0.003381470451131463
v 0.0021299999207258224 0.0018466506153345108 0.0033875000663101673
v 0.0021299999207258224 0.001842677709646523 0.003392677754163742
v 0.0021299999207258224 0.0018375000217929482 0.003396650543436408
v 0.0021299999207258224 0.0018314705230295658 0.003399148117750883
v 0.0021299999207258224 0.001825000043027103 0.0034000000450760126
v 0.0018700000364333391 0.0018375000217929482 0.003396650543436408
v 0.0018700000364333391 0.0018500000005587935 0.003375000087544322
v 0.0018700000364333391 0.0018491481896489859 0.003381470451131463
v 0.0018700000364333391 0.0018314705230295658 0.003399148117750883
v 0.0018700000364333391 0.0018466506153345108 0.0033875000663101673
v 0.0018700000364333391 0.001842677709646523 0.003392677754163742
v 0.0018700000364333391 0.001825000043027103 0.0034000000450760126
v 0.0016299999551847577 0.0018500000005587935 0.003375000087544322
v 0.0016299999551847577 0.0018491481896489859 0.003381470451131463
v 0.0016299999551847577 0.0018466506153345108 0.0033875000663101673
v 0.0016299999551847577 0.001842677709646523 0.003392677754163742
v 0.0016299999551847577 0.0018375000217929482 0.003396650543436408
v 0.0016299999551847577 0.0018314705230295658 0.003399148117750883
v 0.0016299999551847577 0.001825000043027103 0.0034000000450760126
v 0.00139999995008111 0.001825000043027103 0.0038999998942017555
v 0.00139999995008111 0.0018500000005587935 0.0038999998942017555
v 0.0010999999940395355 0.0018500000005587935 0.0038999998942017555
v 0.0010999999940395355 0.001825000043027103 0.0038999998942017555
v 0.001397480838932097 0.001837424817495048 0.003915719222277403
v 0.0011025192216038704 0.001837424817495048 0.003915719222277403
v 0.0011050081811845303 0.001825000043027103 0.003931249957531691
v 0.0013949917629361153 0.001825000043027103 0.003931249957531691
v 0.0013987248530611396 0.001825000043027103 0.003915918525308371
v 0.001101275091059506 0.001825000043027103 0.003915918525308371
v 0.0008999999845400453 0.0018375000217929482 0.003396650543436408
v 0.0008999999845400453 0.0018500000005587935 0.003375000087544322
v 0.0008999999845400453 0.0018491481896489859 0.003381470451131463
v 0.0008999999845400453 0.0018314705230295658 0.003399148117750883
v 0.0008999999845400453 0.0018466506153345108 0.0033875000663101673
v 0.0008999999845400453 0.001842677709646523 0.003392677754163742
v 0.0008999999845400453 0.001825000043027103 0.0034000000450760126
v 0.0006000000284984708 0.0018500000005587935 0.003375000087544322
v 0.0006000000284984708 0.0018491481896489859 0.003381470451131463
v 0.0006000000284984708 0.0018466506153345108 0.0033875000663101673
v 0.0006000000284984708 0.001842677709646523 0.003392677754163742
v 0.0006000000284984708 0.0018375000217929482 0.003396650543436408
v 0.0006000000284984708 0.0018314705230295658 0.003399148117750883
v 0.0006000000284984708 0.001825000043027103 0.0034000000450760126
v 0.0003699999942909926 0.0018375000217929482 0.003396650543436408
v 0.0003699999942909926 0.0018500000005587935 0.003375000087544322
v 0.0003699999942909926 0.0018491481896489859 0.003381470451131463
v 0.0003699999942909926 0.0018314705230295658 0.003399148117750883
v 0.0003699999942909926 0.0018466506153345108 0.0033875000663101673
v 0.0003699999942909926 0.001842677709646523 0.003392677754163742
v 0.0003699999942909926 0.001825000043027103 0.0034000000450760126
v 0.00013000000035390258 0.0018500000005587935 0.003375000087544322
v 0.00013000000035390258 0.0018491481896489859 0.003381470451131463
v 0.00013000000035390258 0.0018466506153345108 0.0033875000663101673
v 0.00013000000035390258 0.001842677709646523 0.003392677754163742
v 0.00013000000035390258 0.0018375000217929482 0.003396650543436408
v 0.00013000000035390258 0.0018314705230295658 0.003399148117750883
v 0.00013000000035390258 0.001825000043027103 0.0034000000450760126
v -0.00013000000035390258 0.0018375000217929482 0.003396650543436408
v -0.00013000000035390258 0.0018500000005587935 0.003375000087544322
v -0.00013000000035390258 0.0018491481896489859 0.003381470451131463
v -0.00013000000035390258 0.0018314705230295658 0.003399148117750883
v -0.00013000000035390258 0.0018466506153345108 0.0033875000663101673
v -0.00013000000035390258 0.001842677709646523 0.003392677754163742
v -0.00013000000035390258 0.001825000043027103 0.0034000000450760126
v -0.0003699999942909926 0.0018500000005587935 0.003375000087544322
v -0.0003699999942909926 0.0018491481896489859 0.003381470451131463
v -0.0003699999942909926 0.0018466506153345108 0.0033875000663101673
v -0.0003699999942909926 0.001842677709646523 0.003392677754163742
v -0.0003699999942909926 0.0018375000217929482 0.003396650543436408
v -0.0003699999942909926 0.0018314705230295658 0.003399148117750883
v -0.0003699999942909926 0.001825000043027103 0.0034000000450760126
v -0.0006000000284984708 0.001825000043027103 0.0034000000450760126
v -0.0008999999845400453 0.001825000043027103 0.0034000000450760126
v -0.0006000000284984708 0.0018375000217929482 0.003396650543436408
v -0.0006000000284984708 0.0018500000005587935 0.003375000087544322
v -0.0006000000284984708 0.0018491481896489859 0.003381470451131463
v -0.0006000000284984708 0.0018314705230295658 0.003399148117750883
v -0.0006000000284984708 0.0018466506153345108 0.0033875000663101673
v -0.0006000000284984708 0.001842677709646523 0.003392677754163742
v -0.0008999999845400453 0.0018500000005587935 0.003375000087544322
v -0.0008999999845400453 0.0018491481896489859 0.003381470451131463
v -0.0008999999845400453 0.0018466506153345108 0.0033875000663101673
v -0.0008999999845400453 0.001842677709646523 0.003392677754163742
v -0.0008999999845400453 0.0018375000217929482 0.003396650543436408
v -0.0008999999845400453 0.0018314705230295658 0.003399148117750883
usemtl head_darkblack
f 673 674 672
f 673 672 671
f 672 669 671
f 671 669 670
f 677 679 676
f 679 681 676
f 676 681 674
f 681 684 674
f 674 684 672
f 684 669 672
f 119 116 683
f 116 669 683
f 683 669 685
f 669 684 685
f 278 279 280
f 281 282 283
f 146 145 284
f 160 165 285
f 261 258 286
f 258 259 286
f 159 278 256
f 278 286 256
f 256 286 257
f 286 259 257
f 255 254 244
f 254 250 244
f 248 252 287
f 252 262 287
f 287 262 260
f 253 249 244
f 249 247 244
f 244 247 245
f 245 246 244
f 246 251 244
f 244 251 255
f 263 157 242
f 157 288 242
f 242 288 243
f 102 241 289
f 241 240 289
f 289 240 290
f 233 239 238
f 264 103 237
f 103 289 237
f 237 289 238
f 229 236 235
f 225 232 291
f 232 231 291
f 291 231 292
f 231 230 292
f 265 233 234
f 233 293 234
f 234 293 235
f 293 292 235
f 235 292 229
f 292 230 229
f 229 230 266
f 221 228 227
f 223 222 294
f 267 225 226
f 225 291 226
f 226 291 227
f 291 294 227
f 227 294 221
f 294 222 221
f 221 222 268
f 209 220 219
f 205 216 214
f 215 212 213
f 212 211 213
f 214 213 295
f 213 211 295
f 295 211 296
f 211 210 296
f 269 217 218
f 217 280 218
f 218 280 219
f 280 296 219
f 219 296 209
f 296 210 209
f 209 210 270
f 207 206 295
f 214 295 205
f 295 206 205
f 205 206 271
f 197 204 203
f 193 200 297
f 200 199 297
f 297 199 298
f 199 198 298
f 272 201 202
f 201 299 202
f 202 299 203
f 299 298 203
f 203 298 197
f 298 198 197
f 197 198 273
f 274 193 194
f 193 297 194
f 194 297 195
f 297 300 195
f 301 192 191
f 275 190 191
f 190 302 191
f 191 302 301
f 192 301 188
f 301 284 188
f 188 284 189
f 182 187 151
f 187 186 151
f 151 186 183
f 185 181 303
f 181 182 303
f 183 179 151
f 179 180 151
f 151 180 177
f 177 178 151
f 178 184 151
f 151 184 276
f 166 173 304
f 173 176 304
f 304 176 174
f 174 172 304
f 172 171 304
f 304 171 303
f 171 175 303
f 303 175 185
f 279 162 161
f 157 158 156
f 157 156 288
f 156 155 288
f 288 155 305
f 155 154 305
f 305 154 306
f 250 248 244
f 248 287 244
f 244 287 152
f 287 306 152
f 152 306 153
f 306 154 153
f 182 151 303
f 151 150 303
f 303 150 307
f 150 149 307
f 307 149 281
f 149 148 281
f 281 148 282
f 148 147 282
f 282 147 146
f 189 284 144
f 284 145 144
f 144 145 277
f 305 308 288
f 308 290 288
f 288 290 243
f 290 240 243
f 140 306 141
f 306 309 141
f 141 309 142
f 309 308 142
f 142 308 143
f 308 305 143
f 143 305 140
f 305 306 140
f 286 137 136
f 137 286 138
f 286 309 138
f 138 309 139
f 309 306 139
f 139 306 136
f 306 287 136
f 136 287 286
f 287 260 286
f 286 260 261
f 132 307 133
f 307 310 133
f 133 310 134
f 310 304 134
f 134 304 135
f 304 303 135
f 135 303 132
f 303 307 132
f 283 311 281
f 311 128 281
f 281 128 307
f 128 131 307
f 307 131 310
f 131 130 310
f 310 130 311
f 130 129 311
f 311 129 128
f 233 238 293
f 238 289 293
f 293 289 126
f 126 289 127
f 289 290 127
f 127 290 124
f 290 308 124
f 124 308 125
f 286 291 309
f 291 292 309
f 309 292 308
f 292 293 308
f 308 293 125
f 293 126 125
f 121 294 122
f 294 291 122
f 122 291 123
f 291 286 123
f 123 286 120
f 286 278 120
f 120 278 121
f 121 278 294
f 278 280 294
f 294 280 223
f 280 217 223
f 223 217 224
f 117 296 118
f 296 280 118
f 118 280 119
f 280 279 119
f 119 279 116
f 162 279 163
f 279 278 163
f 163 278 164
f 278 159 164
f 164 159 161
f 159 160 161
f 161 160 279
f 160 285 279
f 279 285 116
f 115 296 285
f 296 117 285
f 285 117 116
f 115 285 112
f 285 312 112
f 112 312 113
f 111 110 295
f 110 299 295
f 295 299 207
f 299 201 207
f 207 201 208
f 108 111 312
f 111 295 312
f 312 295 113
f 295 296 113
f 113 296 114
f 296 115 114
f 109 108 304
f 108 312 304
f 304 312 166
f 312 167 166
f 166 167 165
f 167 170 165
f 165 170 285
f 170 169 285
f 285 169 312
f 169 168 312
f 312 168 167
f 311 297 310
f 297 298 310
f 310 298 304
f 298 299 304
f 304 299 109
f 299 110 109
f 104 283 105
f 283 300 105
f 105 300 106
f 300 297 106
f 106 297 107
f 297 311 107
f 107 311 104
f 311 283 104
f 51 50 102
f 67 66 103
f 66 65 103
f 102 50 101
f 50 73 101
f 73 72 101
f 101 72 71
f 65 64 103
f 64 63 103
f 103 63 289
f 63 62 289
f 289 62 61
f 61 60 289
f 60 59 289
f 289 59 58
f 58 57 289
f 57 56 289
f 289 56 102
f 56 55 102
f 102 55 54
f 54 53 102
f 53 52 102
f 102 52 51
f 71 70 101
f 70 69 101
f 101 69 103
f 69 68 103
f 103 68 67
f 100 89 300
f 98 96 75
f 89 76 300
f 76 196 300
f 300 196 195
f 96 94 75
f 94 95 75
f 75 95 86
f 300 91 79
f 89 90 76
f 90 88 76
f 76 88 77
f 84 85 302
f 85 93 302
f 302 93 82
f 82 83 302
f 83 92 302
f 302 92 81
f 146 284 282
f 284 301 282
f 282 301 283
f 301 302 283
f 283 302 300
f 302 81 300
f 300 81 91
f 79 80 300
f 80 99 300
f 300 99 100
f 77 78 76
f 78 87 76
f 76 87 75
f 87 97 75
f 75 97 98
f 190 74 302
f 74 75 302
f 302 75 84
f 75 86 84
f 159 256 313
f 173 166 314
f 166 165 314
f 314 165 313
f 165 160 313
f 313 160 159
f 320 181 319
f 181 185 319
f 185 175 319
f 175 171 319
f 319 171 318
f 171 172 318
f 318 172 317
f 172 174 317
f 317 174 316
f 174 176 316
f 316 176 315
f 176 173 315
f 315 173 314
f 181 320 182
f 320 321 182
f 324 183 186
f 324 186 323
f 186 187 323
f 323 187 322
f 187 182 322
f 322 182 321
f 183 324 179
f 324 855 179
f 179 855 180
f 855 854 180
f 180 854 177
f 854 853 177
f 177 853 178
f 853 852 178
f 178 852 184
f 852 849 184
f 184 849 276
f 849 847 276
f 276 847 850
f 839 840 838
f 840 842 838
f 838 842 841
f 842 844 841
f 841 844 843
f 844 846 843
f 843 846 845
f 846 848 845
f 845 848 847
f 848 851 847
f 847 851 850
f 151 276 850
f 861 150 151
f 2018 2048 2037
f 151 850 861
f 850 2047 861
f 861 2047 1680
f 2047 2045 1680
f 1680 2045 1682
f 997 996 2039
f 152 833 244
f 833 831 244
f 244 831 253
f 2045 2046 1682
f 2046 2044 1682
f 1682 2044 1684
f 2044 2036 1684
f 1684 2036 1686
f 2036 2035 1686
f 1686 2035 1688
f 2035 2043 1688
f 1688 2043 1690
f 2043 2029 1690
f 1690 2029 1692
f 2029 2027 1692
f 2039 996 2040
f 996 995 2040
f 2040 995 2030
f 995 994 2030
f 2030 994 2031
f 994 993 2031
f 2031 993 2025
f 993 992 2025
f 2025 992 2026
f 992 999 2026
f 2026 999 2032
f 999 1005 2032
f 2032 1005 2041
f 1005 1004 2041
f 2041 1004 2042
f 1004 1003 2042
f 2042 1003 2033
f 1003 1002 2033
f 2033 1002 2034
f 1002 1001 2034
f 2034 1001 2028
f 1001 1000 2028
f 2028 1000 2027
f 1000 1515 2027
f 2027 1515 1692
f 2039 2049 997
f 2049 2023 997
f 997 2023 998
f 2023 2024 998
f 833 2018 831
f 2018 2037 831
f 831 2037 850
f 2037 2038 850
f 850 2038 2047
f 833 1305 2018
f 1305 1304 2018
f 2018 1304 2021
f 1304 1302 2021
f 2021 1302 2019
f 1302 1300 2019
f 2019 1300 2020
f 1300 1298 2020
f 2020 1298 2022
f 1298 1296 2022
f 2022 1296 2024
f 1296 1007 2024
f 2024 1007 998
f 2015 2008 1383
f 861 1680 1383
f 1303 1305 2005
f 2005 2013 1303
f 2013 2011 1303
f 1303 2011 2012
f 2008 2007 850
f 835 837 833
f 837 832 833
f 833 832 1305
f 832 825 1305
f 1305 825 2005
f 825 823 2005
f 2005 823 821
f 2012 2010 1303
f 2010 2009 1303
f 1303 2009 1383
f 2009 2014 1383
f 1383 2014 2015
f 846 1383 848
f 1383 2008 848
f 848 2008 851
f 2008 850 851
f 846 844 1383
f 844 842 1383
f 1383 842 840
f 2000 2006 2007
f 2006 2004 2007
f 2007 2004 850
f 821 819 2005
f 819 817 2005
f 2005 817 2004
f 817 831 2004
f 2004 831 850
f 840 857 1383
f 857 859 1383
f 1383 859 861
f 2001 1997 2000
f 1997 2002 2000
f 2000 2002 2006
f 2001 1998 1997
f 1998 1999 1997
f 1997 1999 2003
f 1305 1303 1304
f 1303 1301 1304
f 1304 1301 1302
f 1301 1299 1302
f 1302 1299 1300
f 1299 1297 1300
f 1300 1297 1298
f 1297 1295 1298
f 1298 1295 1296
f 1295 1293 1296
f 1296 1293 1007
f 1293 1294 1007
f 1007 1294 1291
f 1063 811 1007
f 1291 1066 1007
f 1066 1064 1007
f 1007 1064 1063
f 102 101 984
f 157 263 1008
f 984 998 1007
f 158 157 811
f 157 1008 811
f 811 1008 1007
f 1008 1006 1007
f 1007 1006 984
f 1006 241 984
f 984 241 102
f 1016 1015 1013
f 1015 1014 1013
f 1013 1014 1012
f 1014 1011 1012
f 1012 1011 946
f 1011 1010 946
f 1010 1008 946
f 1008 263 946
f 946 263 941
f 263 242 941
f 242 336 941
f 941 336 943
f 336 341 943
f 943 341 944
f 341 339 944
f 944 339 937
f 339 338 937
f 937 338 936
f 338 355 936
f 1010 1009 1008
f 1009 1006 1008
f 335 240 241
f 241 1006 1009
f 917 353 938
f 353 337 938
f 938 337 942
f 337 340 942
f 942 340 939
f 340 342 939
f 939 342 940
f 342 335 940
f 335 241 940
f 940 241 945
f 241 1009 945
f 945 1009 1021
f 1009 1020 1021
f 1021 1020 1018
f 1020 1019 1018
f 1018 1019 1017
f 1019 1022 1017
f 336 242 335
f 242 243 335
f 335 243 240
f 336 335 342
f 336 342 341
f 342 340 341
f 341 340 339
f 340 337 339
f 339 337 338
f 937 938 944
f 938 942 944
f 944 942 943
f 942 939 943
f 943 939 941
f 939 940 941
f 935 916 936
f 916 917 936
f 936 917 937
f 917 938 937
f 923 921 930
f 933 932 921
f 932 931 921
f 921 931 930
f 920 919 935
f 919 918 935
f 935 918 916
f 920 935 921
f 935 934 921
f 921 934 933
f 925 922 928
f 923 930 922
f 930 929 922
f 922 929 928
f 925 928 924
f 928 927 924
f 924 927 926
f 927 928 351
f 936 355 935
f 355 348 935
f 935 348 934
f 348 345 934
f 934 345 933
f 345 344 933
f 933 344 932
f 351 928 346
f 928 929 346
f 929 930 346
f 346 930 344
f 930 931 344
f 344 931 932
f 927 351 926
f 351 347 926
f 926 347 924
f 347 343 924
f 924 343 925
f 925 343 922
f 343 352 922
f 922 352 923
f 923 352 921
f 352 350 921
f 921 350 920
f 350 349 920
f 920 349 919
f 349 354 919
f 919 354 918
f 918 354 916
f 354 353 916
f 916 353 917
f 338 337 355
f 337 353 355
f 355 353 348
f 353 354 348
f 354 349 348
f 348 349 350
f 344 343 346
f 343 347 346
f 346 347 351
f 350 352 348
f 352 343 348
f 348 343 345
f 343 344 345
f 940 945 941
f 945 946 941
f 1031 1032 1033
f 1024 1023 1029
f 1029 1030 1024
f 1030 1016 1024
f 1024 1016 1028
f 1018 1017 1016
f 1017 1026 1016
f 1026 1027 1016
f 1016 1027 1028
f 1033 1034 1031
f 1034 1023 1031
f 1031 1023 1025
f 1023 1024 1025
f 1016 1013 1018
f 1013 1012 1018
f 1018 1012 1021
f 1012 946 1021
f 1021 946 945
f 1275 1277 1196
f 1275 1196 1273
f 1154 1152 1196
f 1313 1217 1219
f 1196 1152 1195
f 1273 1196 1271
f 1196 1197 1271
f 1271 1197 1199
f 1226 1225 1223
f 1112 1110 1266
f 1152 1150 1195
f 1150 1148 1195
f 1195 1148 1183
f 1148 1146 1183
f 1183 1146 1167
f 1067 1066 1307
f 1066 1292 1307
f 1292 1290 1307
f 1290 1288 1307
f 1307 1288 1286
f 1217 1313 1215
f 1313 1306 1215
f 1215 1306 1213
f 1232 1230 1228
f 1236 1313 1225
f 1313 1219 1225
f 1225 1219 1223
f 1112 1266 1114
f 1162 1277 1164
f 1277 1102 1164
f 1209 1210 1306
f 1210 1211 1306
f 1306 1211 1213
f 1110 1108 1266
f 1108 1106 1266
f 1266 1106 1277
f 1106 1104 1277
f 1277 1104 1102
f 1169 1171 1167
f 1171 1173 1167
f 1167 1173 1175
f 1226 1223 1228
f 1223 1234 1228
f 1228 1234 1232
f 1309 1310 1308
f 1310 1311 1308
f 1308 1311 1236
f 1311 1312 1236
f 1236 1312 1313
f 1096 1032 1031
f 1162 1160 1277
f 1160 1158 1277
f 1277 1158 1196
f 1158 1156 1196
f 1196 1156 1154
f 1286 1284 1307
f 1284 1280 1307
f 1307 1280 1306
f 1280 1269 1306
f 1199 1201 1271
f 1201 1203 1271
f 1271 1203 1205
f 1114 1266 1116
f 1266 1264 1116
f 1116 1264 1117
f 1264 1262 1117
f 1117 1262 1260
f 1102 1100 1164
f 1100 1096 1164
f 1164 1096 1165
f 1096 1031 1165
f 1175 1177 1167
f 1177 1179 1167
f 1167 1179 1183
f 1179 1181 1183
f 1183 1181 1184
f 1181 1192 1184
f 1192 1190 1184
f 1190 1188 1184
f 1184 1188 1186
f 1269 1268 1306
f 1268 1271 1306
f 1306 1271 1209
f 1271 1205 1209
f 1260 1258 1117
f 1258 1256 1117
f 1117 1256 1254
f 1242 1240 1244
f 1240 1238 1244
f 1244 1238 1246
f 1254 1253 1117
f 1253 1250 1117
f 1117 1250 1238
f 1250 1248 1238
f 1238 1248 1246
f 1071 1032 1096
f 1052 1070 1097
f 1070 1069 1097
f 1097 1069 1068
f 1068 1071 1097
f 1071 1096 1097
f 1097 1096 1098
f 1096 1100 1098
f 1098 1100 1099
f 1100 1102 1099
f 1099 1102 1101
f 1102 1104 1101
f 1101 1104 1103
f 1104 1106 1103
f 1103 1106 1105
f 1106 1108 1105
f 1105 1108 1107
f 1108 1110 1107
f 1107 1110 1109
f 1110 1112 1109
f 1109 1112 1111
f 1112 1114 1111
f 1111 1114 1113
f 1114 1116 1113
f 1113 1116 1115
f 1116 1117 1115
f 1072 1054 1055
f 1068 1073 1071
f 1073 1033 1071
f 1071 1033 1032
f 1074 1023 1034
f 1030 1029 1075
f 1072 1055 1076
f 1048 1077 1046
f 1077 1078 1046
f 1046 1078 1044
f 1078 1079 1044
f 1044 1079 1045
f 1074 1034 1080
f 1034 1033 1080
f 1080 1033 1081
f 1033 1073 1081
f 1081 1073 1082
f 1073 1068 1082
f 1082 1068 1069
f 1048 1083 1077
f 1083 1084 1077
f 1077 1084 1078
f 1084 1085 1078
f 1078 1085 1079
f 1049 1047 1086
f 1047 1087 1086
f 1086 1087 1088
f 1087 1089 1088
f 1088 1089 1090
f 1089 1091 1090
f 1047 1045 1087
f 1045 1079 1087
f 1087 1079 1089
f 1079 1085 1089
f 1089 1085 1091
f 1085 1084 1091
f 1091 1084 1092
f 1084 1083 1092
f 1092 1083 1093
f 1083 1048 1093
f 1093 1048 1051
f 1076 1094 1072
f 1094 1095 1072
f 1072 1095 1054
f 1095 1050 1054
f 1052 1049 1070
f 1049 1086 1070
f 1070 1086 1069
f 1086 1088 1069
f 1069 1088 1082
f 1088 1090 1082
f 1082 1090 1081
f 1090 1091 1081
f 1081 1091 1080
f 1091 1092 1080
f 1080 1092 1074
f 1092 1075 1074
f 1074 1075 1023
f 1075 1029 1023
f 1051 1050 1093
f 1050 1095 1093
f 1093 1095 1092
f 1095 1094 1092
f 1092 1094 1075
f 1094 1076 1075
f 1075 1076 1030
f 1076 1055 1030
f 1030 1055 1016
f 1055 1053 1016
f 1016 1053 1015
f 1057 1040 1014
f 1015 1053 1043
f 1015 1043 1014
f 1043 1056 1014
f 1014 1056 1057
f 1049 1052 1043
f 1053 1054 1043
f 1054 1050 1043
f 1043 1050 1051
f 1051 1048 1043
f 1048 1046 1043
f 1043 1046 1044
f 1044 1045 1043
f 1045 1047 1043
f 1043 1047 1049
f 1040 1042 1041
f 1040 1041 1014
f 1041 1037 1014
f 1014 1037 1038
f 1038 1039 1014
f 1039 1035 1014
f 1014 1035 1036
f 1036 1022 1014
f 1022 1019 1014
f 1014 1019 1011
f 1019 1020 1011
f 1011 1020 1010
f 1020 1009 1010
f 1283 1285 1340
f 1218 1216 1325
f 1216 1214 1325
f 1325 1214 1212
f 1198 1267 1200
f 1267 1279 1200
f 1200 1279 1202
f 1279 1278 1202
f 1202 1278 1204
f 1278 1276 1204
f 1204 1276 1274
f 1283 1340 1282
f 1291 1294 1289
f 1294 1340 1289
f 1289 1340 1287
f 1340 1285 1287
f 1168 1166 1178
f 1194 1182 1145
f 1149 1198 1147
f 1198 1194 1147
f 1147 1194 1144
f 1194 1145 1144
f 1218 1325 1220
f 1325 1316 1220
f 1220 1316 1221
f 1316 1314 1221
f 1221 1314 1315
f 1315 1237 1221
f 1237 1224 1221
f 1221 1224 1222
f 1224 1235 1222
f 1178 1166 1180
f 1101 1103 1267
f 1103 1105 1267
f 1267 1105 1107
f 1161 1267 1159
f 1267 1157 1159
f 1107 1109 1267
f 1109 1111 1267
f 1267 1111 1265
f 1111 1113 1265
f 1113 1115 1265
f 1265 1115 1239
f 1274 1272 1325
f 1272 1270 1325
f 1325 1270 1340
f 1270 1281 1340
f 1340 1281 1282
f 1178 1176 1174
f 1149 1151 1198
f 1151 1153 1198
f 1198 1153 1267
f 1153 1155 1267
f 1267 1155 1157
f 1174 1172 1178
f 1172 1170 1178
f 1178 1170 1168
f 1224 1227 1235
f 1227 1229 1235
f 1235 1229 1233
f 1229 1231 1233
f 1212 1208 1325
f 1208 1207 1325
f 1325 1207 1274
f 1207 1206 1274
f 1274 1206 1204
f 1191 1185 1189
f 1185 1187 1189
f 1191 1193 1185
f 1193 1180 1185
f 1185 1180 1182
f 1180 1166 1182
f 1182 1166 1145
f 1043 1052 1163
f 1052 1097 1163
f 1163 1097 1161
f 1097 1098 1161
f 1161 1098 1267
f 1098 1099 1267
f 1267 1099 1101
f 1247 1239 1245
f 1239 1241 1245
f 1245 1241 1243
f 1247 1249 1239
f 1249 1251 1239
f 1239 1251 1265
f 1251 1252 1265
f 1265 1252 1255
f 1261 1263 1259
f 1263 1265 1259
f 1259 1265 1257
f 1265 1255 1257
f 1318 1316 1325
f 1325 1324 1318
f 1324 1323 1318
f 1318 1323 1317
f 1323 1320 1317
f 1321 1322 1323
f 1322 1319 1323
f 1323 1319 1320
f 1323 1313 1321
f 1313 1312 1321
f 1321 1312 1322
f 1322 1312 1319
f 1312 1311 1319
f 1319 1311 1320
f 1320 1311 1317
f 1311 1310 1317
f 1317 1310 1318
f 1318 1310 1316
f 1310 1309 1316
f 1316 1309 1314
f 1309 1308 1314
f 1314 1308 1315
f 1308 1236 1315
f 1315 1236 1237
f 1237 1236 1224
f 1236 1225 1224
f 1223 1222 1235
f 1223 1235 1234
f 1235 1233 1234
f 1234 1233 1232
f 1233 1231 1232
f 1232 1231 1230
f 1231 1229 1230
f 1230 1229 1228
f 1229 1227 1228
f 1228 1227 1226
f 1227 1224 1226
f 1226 1224 1225
f 1223 1219 1222
f 1219 1221 1222
f 1221 1219 1220
f 1219 1217 1220
f 1220 1217 1218
f 1217 1215 1218
f 1218 1215 1216
f 1215 1213 1216
f 1216 1213 1214
f 1213 1211 1214
f 1214 1211 1212
f 1211 1210 1212
f 1212 1210 1208
f 1210 1209 1208
f 1205 1207 1209
f 1207 1208 1209
f 1207 1205 1206
f 1205 1203 1206
f 1206 1203 1204
f 1203 1201 1204
f 1204 1201 1202
f 1201 1199 1202
f 1202 1199 1200
f 1199 1197 1200
f 1200 1197 1198
f 1197 1196 1198
f 1198 1196 1194
f 1196 1195 1194
f 1183 1182 1195
f 1182 1194 1195
f 1181 1180 1193
f 1181 1193 1192
f 1193 1191 1192
f 1192 1191 1190
f 1191 1189 1190
f 1190 1189 1188
f 1189 1187 1188
f 1188 1187 1186
f 1187 1185 1186
f 1186 1185 1184
f 1185 1182 1184
f 1184 1182 1183
f 1179 1178 1181
f 1178 1180 1181
f 1178 1179 1177
f 1178 1177 1176
f 1177 1175 1176
f 1176 1175 1174
f 1175 1173 1174
f 1174 1173 1172
f 1173 1171 1172
f 1172 1171 1170
f 1171 1169 1170
f 1170 1169 1168
f 1169 1167 1168
f 1168 1167 1166
f 1167 1146 1166
f 1146 1145 1166
f 1121 1120 1163
f 1120 1119 1163
f 1119 1122 1163
f 1122 1118 1163
f 1163 1118 1043
f 1031 1121 1165
f 1121 1163 1165
f 1165 1163 1164
f 1163 1161 1164
f 1164 1161 1162
f 1161 1159 1162
f 1162 1159 1160
f 1159 1157 1160
f 1160 1157 1158
f 1157 1155 1158
f 1158 1155 1156
f 1155 1153 1156
f 1156 1153 1154
f 1153 1151 1154
f 1154 1151 1152
f 1151 1149 1152
f 1152 1149 1150
f 1149 1147 1150
f 1150 1147 1148
f 1147 1144 1148
f 1148 1144 1146
f 1144 1145 1146
f 1118 1122 1123
f 1122 1119 1123
f 1056 1043 1118
f 1022 1036 1124
f 1125 1028 1027
f 1024 1028 1126
f 1028 1125 1126
f 1126 1125 1127
f 1128 1042 1040
f 1129 1038 1037
f 1124 1036 1130
f 1038 1129 1039
f 1129 1131 1039
f 1039 1131 1035
f 1132 1133 1134
f 1133 1128 1134
f 1134 1128 1135
f 1128 1040 1135
f 1135 1040 1057
f 1036 1035 1130
f 1035 1131 1130
f 1130 1131 1136
f 1131 1129 1136
f 1136 1129 1137
f 1129 1037 1137
f 1137 1037 1041
f 1042 1128 1041
f 1128 1133 1041
f 1041 1133 1137
f 1133 1132 1137
f 1137 1132 1136
f 1132 1138 1136
f 1136 1138 1130
f 1031 1025 1121
f 1025 1139 1121
f 1121 1139 1120
f 1139 1140 1120
f 1120 1140 1119
f 1140 1141 1119
f 1119 1141 1123
f 1057 1142 1135
f 1142 1143 1135
f 1135 1143 1134
f 1143 1127 1134
f 1134 1127 1132
f 1127 1125 1132
f 1132 1125 1138
f 1125 1027 1138
f 1138 1027 1130
f 1027 1026 1130
f 1130 1026 1124
f 1026 1017 1124
f 1124 1017 1022
f 1025 1024 1139
f 1024 1126 1139
f 1139 1126 1140
f 1126 1127 1140
f 1140 1127 1141
f 1127 1143 1141
f 1141 1143 1123
f 1143 1142 1123
f 1123 1142 1118
f 1142 1057 1118
f 1118 1057 1056
f 1356 1355 1341
f 1355 1338 1341
f 1341 1338 1342
f 1338 1336 1342
f 1342 1336 1344
f 1336 1334 1344
f 1344 1334 1346
f 1334 1332 1346
f 1346 1332 1348
f 1332 1330 1348
f 1348 1330 1350
f 1330 1328 1350
f 1350 1328 1352
f 1328 1326 1352
f 1352 1326 1324
f 1326 1306 1324
f 1324 1306 1323
f 1306 1313 1323
f 1354 1341 1343
f 1341 1342 1343
f 1343 1342 1345
f 1342 1344 1345
f 1345 1344 1347
f 1344 1346 1347
f 1347 1346 1349
f 1346 1348 1349
f 1349 1348 1351
f 1348 1350 1351
f 1351 1350 1353
f 1350 1352 1353
f 1353 1352 1325
f 1352 1324 1325
f 1325 1340 1353
f 1340 1365 1353
f 1353 1365 1351
f 1365 1364 1351
f 1351 1364 1349
f 1364 1363 1349
f 1349 1363 1347
f 1363 1362 1347
f 1347 1362 1345
f 1362 1361 1345
f 1345 1361 1343
f 1361 1359 1343
f 1343 1359 1354
f 1359 1360 1354
f 1445 1443 1918
f 1929 1926 1354
f 1360 1923 1354
f 1923 1928 1354
f 1354 1928 1929
f 1896 1924 1916
f 1908 1897 1375
f 1419 1920 1421
f 1920 1921 1421
f 1918 1443 1919
f 1443 1438 1919
f 1919 1438 1921
f 1438 1423 1921
f 1921 1423 1421
f 1417 1914 1419
f 1914 1905 1419
f 1419 1905 1920
f 1914 1915 1905
f 1915 1912 1905
f 1905 1912 1913
f 1417 1415 1914
f 1415 1413 1914
f 1914 1413 1894
f 1413 1411 1894
f 1916 1917 1896
f 1917 1909 1896
f 1896 1909 1910
f 1909 1904 1910
f 1910 1904 1906
f 1904 1905 1906
f 1906 1905 1911
f 1905 1913 1911
f 1901 1902 1512
f 1902 1900 1512
f 1512 1900 1375
f 1900 1907 1375
f 1375 1907 1908
f 1411 1409 1894
f 1409 1407 1894
f 1894 1407 1405
f 1485 1484 1884
f 1484 1483 1884
f 1884 1483 1918
f 1483 1482 1918
f 1918 1482 1445
f 1888 1899 1512
f 1899 1903 1512
f 1512 1903 1901
f 1375 1895 1892
f 1405 1403 1894
f 1403 1354 1894
f 1894 1354 1927
f 1354 1926 1927
f 1897 1898 1375
f 1898 1893 1375
f 1375 1893 1887
f 1375 1892 1360
f 1892 1890 1360
f 1360 1890 1891
f 1403 1402 1354
f 1402 1394 1354
f 1354 1394 1366
f 1394 1384 1366
f 1512 1492 1491
f 1512 1491 1888
f 1491 1490 1888
f 1888 1490 1489
f 1895 1375 1886
f 1375 1887 1886
f 1886 1887 1896
f 1887 1925 1896
f 1896 1925 1924
f 1891 1889 1360
f 1889 1885 1360
f 1360 1885 1882
f 1489 1488 1888
f 1488 1487 1888
f 1888 1487 1884
f 1487 1486 1884
f 1884 1486 1485
f 1882 1883 1360
f 1883 1922 1360
f 1360 1922 1923
f 1394 1392 1390
f 1390 1388 1394
f 1388 1386 1394
f 1394 1386 1384
f 1492 1512 1493
f 1512 1504 1493
f 1493 1504 1494
f 1504 1502 1494
f 1494 1502 1496
f 1502 1500 1496
f 1496 1500 1498
f 1354 1366 1341
f 1366 1356 1341
f 1975 1954 1339
f 1977 1974 1702
f 1974 1962 1702
f 1977 1702 1964
f 1702 1339 1964
f 1964 1339 1965
f 1962 1963 1702
f 1963 1972 1702
f 1702 1972 1973
f 1948 1959 1339
f 1959 1970 1339
f 1339 1970 1975
f 1954 1958 1941
f 1958 1969 1941
f 1941 1969 1967
f 1935 1955 1943
f 1973 1953 1702
f 1953 1951 1702
f 1702 1951 1716
f 1951 1952 1716
f 1952 1950 1716
f 1716 1950 1939
f 1936 1949 1338
f 1949 1960 1338
f 1338 1960 1961
f 1961 1976 1338
f 1976 1971 1338
f 1338 1971 1339
f 1971 1947 1339
f 1339 1947 1948
f 1967 1968 1941
f 1968 1957 1941
f 1941 1957 1956
f 1957 1945 1956
f 1956 1945 1935
f 1945 1946 1935
f 1935 1946 1955
f 1943 1944 1935
f 1944 1966 1935
f 1935 1966 1934
f 1954 1941 1339
f 1941 1942 1339
f 1339 1942 1965
f 1450 1453 1931
f 1429 1430 1933
f 1430 1431 1933
f 1933 1431 1432
f 1937 1938 1440
f 1938 1932 1440
f 1440 1932 1437
f 1932 1436 1437
f 1396 1338 1355
f 1396 1427 1338
f 1427 1426 1338
f 1338 1426 1936
f 1426 1428 1936
f 1936 1428 1934
f 1428 1429 1934
f 1934 1429 1935
f 1429 1933 1935
f 1440 1441 1937
f 1441 1446 1937
f 1937 1446 1931
f 1446 1447 1931
f 1931 1447 1450
f 1469 1930 1466
f 1930 1463 1466
f 1432 1433 1933
f 1433 1434 1933
f 1933 1434 1932
f 1434 1435 1932
f 1932 1435 1436
f 1453 1455 1931
f 1455 1457 1931
f 1931 1457 1930
f 1457 1460 1930
f 1930 1460 1463
f 1469 1472 1930
f 1472 1716 1930
f 1930 1716 1940
f 1716 1939 1940
f 1399 1355 1400
f 1355 1401 1400
f 1399 1398 1355
f 1398 1397 1355
f 1355 1397 1396
f 1472 1475 1716
f 1475 1478 1716
f 1716 1478 1506
f 1478 1511 1506
f 1506 1511 1507
f 1510 1509 1511
f 1509 1508 1511
f 1511 1508 1507
f 1442 1441 1439
f 1441 1440 1439
f 1439 1438 1442
f 1438 1443 1442
f 1445 1444 1443
f 1444 1442 1443
f 1441 1442 1446
f 1442 1444 1446
f 1481 1478 1479
f 1478 1475 1479
f 1479 1475 1480
f 1480 1475 1476
f 1475 1472 1476
f 1476 1472 1477
f 1477 1472 1473
f 1472 1469 1473
f 1473 1469 1474
f 1474 1469 1470
f 1469 1466 1470
f 1470 1466 1471
f 1471 1466 1467
f 1466 1463 1467
f 1467 1463 1468
f 1468 1463 1464
f 1463 1460 1464
f 1464 1460 1465
f 1465 1460 1461
f 1460 1457 1461
f 1461 1457 1462
f 1462 1457 1458
f 1457 1455 1458
f 1458 1455 1459
f 1459 1455 1456
f 1455 1453 1456
f 1456 1453 1454
f 1450 1451 1453
f 1451 1452 1453
f 1453 1452 1454
f 1446 1444 1447
f 1444 1448 1447
f 1447 1448 1450
f 1448 1449 1450
f 1450 1449 1451
f 1492 1493 1481
f 1481 1479 1492
f 1479 1480 1492
f 1492 1480 1491
f 1480 1476 1491
f 1476 1477 1491
f 1491 1477 1490
f 1477 1473 1490
f 1473 1474 1490
f 1490 1474 1489
f 1474 1470 1489
f 1470 1471 1489
f 1489 1471 1488
f 1471 1467 1488
f 1467 1468 1488
f 1488 1468 1487
f 1468 1464 1487
f 1464 1465 1487
f 1487 1465 1486
f 1465 1461 1486
f 1461 1462 1486
f 1486 1462 1485
f 1462 1458 1485
f 1458 1459 1485
f 1485 1459 1484
f 1459 1456 1484
f 1456 1454 1484
f 1484 1454 1483
f 1454 1452 1483
f 1452 1451 1483
f 1483 1451 1482
f 1451 1449 1482
f 1482 1449 1445
f 1449 1448 1445
f 1445 1448 1444
f 1504 1505 1503
f 1504 1503 1502
f 1503 1501 1502
f 1502 1501 1500
f 1501 1499 1500
f 1500 1499 1498
f 1499 1497 1498
f 1498 1497 1496
f 1497 1495 1496
f 1496 1495 1494
f 1495 1481 1494
f 1494 1481 1493
f 1478 1481 1495
f 1478 1495 1511
f 1495 1497 1511
f 1511 1497 1510
f 1497 1499 1510
f 1510 1499 1509
f 1499 1501 1509
f 1509 1501 1508
f 1501 1503 1508
f 1508 1503 1507
f 1503 1505 1507
f 1507 1505 1506
f 1745 1744 1737
f 1744 1723 1737
f 1737 1723 1738
f 1723 1722 1738
f 1738 1722 1739
f 1722 1721 1739
f 1739 1721 1740
f 1721 1720 1740
f 1740 1720 1741
f 1720 1719 1741
f 1741 1719 1742
f 1719 1718 1742
f 1742 1718 1743
f 1718 1717 1743
f 1743 1717 1513
f 1717 1716 1513
f 1513 1716 1505
f 1716 1506 1505
f 1504 1512 1505
f 1512 1513 1505
f 1730 1737 1731
f 1737 1738 1731
f 1731 1738 1732
f 1738 1739 1732
f 1732 1739 1733
f 1739 1740 1733
f 1733 1740 1734
f 1740 1741 1734
f 1734 1741 1735
f 1741 1742 1735
f 1735 1742 1736
f 1742 1743 1736
f 1736 1743 1512
f 1743 1513 1512
f 1512 1375 1736
f 1375 1724 1736
f 1736 1724 1735
f 1724 1725 1735
f 1735 1725 1734
f 1725 1726 1734
f 1734 1726 1733
f 1726 1727 1733
f 1733 1727 1732
f 1727 1728 1732
f 1732 1728 1731
f 1728 1729 1731
f 1731 1729 1730
f 1729 1701 1730
f 1659 1661 1847
f 1730 1859 1861
f 1730 1861 1752
f 1804 1802 1842
f 1691 1678 1701
f 1678 1677 1701
f 1855 1856 1730
f 1856 1857 1730
f 1730 1857 1859
f 1802 1800 1842
f 1800 1798 1842
f 1842 1798 1841
f 1677 1676 1701
f 1676 1674 1701
f 1701 1674 1672
f 1872 1874 1871
f 1861 1863 1752
f 1863 1865 1752
f 1752 1865 1754
f 1865 1755 1754
f 1652 1620 1618
f 1810 1808 1652
f 1808 1806 1652
f 1798 1796 1841
f 1796 1794 1841
f 1841 1794 1829
f 1794 1792 1829
f 1829 1792 1813
f 1871 1874 1865
f 1874 1757 1865
f 1865 1757 1755
f 1618 1616 1652
f 1616 1614 1652
f 1652 1614 1612
f 1672 1670 1701
f 1670 1666 1701
f 1701 1666 1730
f 1666 1655 1730
f 1659 1847 1657
f 1847 1849 1657
f 1657 1849 1851
f 1870 1873 1868
f 1612 1610 1652
f 1610 1608 1652
f 1652 1608 1810
f 1806 1804 1652
f 1804 1842 1652
f 1652 1842 1663
f 1842 1843 1663
f 1663 1843 1661
f 1843 1845 1661
f 1661 1845 1847
f 1815 1817 1825
f 1602 1561 1570
f 1872 1871 1868
f 1871 1869 1868
f 1868 1869 1870
f 1646 1644 1623
f 1644 1642 1623
f 1623 1642 1640
f 1608 1606 1810
f 1606 1602 1810
f 1810 1602 1811
f 1602 1570 1811
f 1817 1819 1825
f 1819 1821 1825
f 1825 1821 1823
f 1655 1654 1730
f 1654 1657 1730
f 1730 1657 1855
f 1657 1851 1855
f 1620 1652 1622
f 1652 1650 1622
f 1622 1650 1623
f 1650 1648 1623
f 1623 1648 1646
f 1628 1626 1630
f 1626 1624 1630
f 1630 1624 1632
f 1838 1830 1827
f 1830 1829 1827
f 1827 1829 1825
f 1829 1813 1825
f 1825 1813 1815
f 1838 1836 1830
f 1836 1834 1830
f 1830 1834 1832
f 1640 1639 1623
f 1639 1636 1623
f 1623 1636 1624
f 1636 1634 1624
f 1624 1634 1632
f 1745 1737 1730
f 1730 1752 1750
f 1730 1750 1745
f 1750 1749 1745
f 1745 1749 1748
f 1748 1746 1745
f 1746 1747 1745
f 1745 1747 1751
f 1760 1759 1748
f 1752 1753 1750
f 1753 1760 1750
f 1750 1760 1749
f 1760 1748 1749
f 1758 1744 1745
f 1745 1751 1758
f 1751 1747 1758
f 1758 1747 1759
f 1747 1746 1759
f 1759 1746 1748
f 1752 1754 1753
f 1754 1755 1753
f 1753 1755 1756
f 1755 1757 1756
f 1756 1757 1761
f 1723 1704 1706
f 1723 1706 1722
f 1706 1711 1722
f 1722 1711 1721
f 1711 1708 1721
f 1721 1708 1720
f 1708 1707 1720
f 1720 1707 1719
f 1707 1713 1719
f 1719 1713 1718
f 1713 1705 1718
f 1718 1705 1717
f 1705 1702 1717
f 1717 1702 1716
f 1698 1697 1522
f 1697 1696 1522
f 1522 1696 1523
f 1696 1695 1523
f 1523 1695 1520
f 1695 1694 1520
f 1520 1694 1517
f 1694 1693 1517
f 1517 1693 1704
f 1693 1700 1704
f 1704 1700 1706
f 1700 1712 1706
f 1706 1712 1711
f 1712 1710 1711
f 1711 1710 1708
f 1710 1709 1708
f 1708 1709 1707
f 1709 1715 1707
f 1707 1715 1713
f 1715 1714 1713
f 1713 1714 1705
f 1714 1703 1705
f 1705 1703 1702
f 1703 1374 1702
f 1702 1374 1339
f 1374 1373 1339
f 1339 1373 1337
f 1373 1372 1337
f 1337 1372 1335
f 1372 1371 1335
f 1335 1371 1333
f 1371 1370 1333
f 1333 1370 1331
f 1370 1369 1331
f 1331 1369 1329
f 1369 1368 1329
f 1329 1368 1327
f 1368 1367 1327
f 1327 1367 1307
f 1367 1357 1307
f 1307 1357 1067
f 1357 1358 1067
f 1067 1358 1065
f 1358 1381 1065
f 1065 1381 1061
f 1381 1380 1061
f 1061 1380 1062
f 1380 1379 1062
f 1062 1379 1060
f 1379 1378 1060
f 1060 1378 1058
f 1378 1377 1058
f 1058 1377 1059
f 1377 1376 1059
f 1059 1376 1525
f 1376 1382 1525
f 1525 1382 1526
f 1382 1699 1526
f 1526 1699 1524
f 1699 1698 1524
f 1524 1698 1522
f 1375 1374 1724
f 1374 1703 1724
f 1724 1703 1725
f 1703 1714 1725
f 1725 1714 1726
f 1714 1715 1726
f 1726 1715 1727
f 1715 1709 1727
f 1727 1709 1728
f 1709 1710 1728
f 1728 1710 1729
f 1710 1712 1729
f 1729 1712 1701
f 1712 1700 1701
f 1373 1374 1360
f 1374 1375 1360
f 1340 1357 1365
f 1357 1367 1365
f 1365 1367 1364
f 1367 1368 1364
f 1364 1368 1363
f 1368 1369 1363
f 1363 1369 1362
f 1369 1370 1362
f 1362 1370 1361
f 1370 1371 1361
f 1361 1371 1359
f 1371 1372 1359
f 1359 1372 1360
f 1372 1373 1360
f 1358 1357 1294
f 1357 1340 1294
f 1303 1376 1301
f 1376 1377 1301
f 1301 1377 1299
f 1377 1378 1299
f 1299 1378 1297
f 1378 1379 1297
f 1297 1379 1295
f 1379 1380 1295
f 1295 1380 1293
f 1380 1381 1293
f 1293 1381 1294
f 1381 1358 1294
f 1383 1382 1303
f 1382 1376 1303
f 314 313 1979
f 815 818 1978
f 847 849 1986
f 839 838 1525
f 1059 1994 1995
f 325 826 313
f 1979 1988 314
f 1988 1987 314
f 314 1987 1980
f 1986 849 1980
f 849 852 1980
f 1980 852 853
f 1986 1992 1525
f 1992 1991 1525
f 1525 1991 1059
f 1991 1996 1059
f 1059 1996 1994
f 1978 814 1990
f 814 1059 1990
f 1990 1059 1993
f 1059 1995 1993
f 313 826 1979
f 826 827 1979
f 1979 827 828
f 1525 862 860
f 838 841 1525
f 841 843 1525
f 1525 843 1986
f 843 845 1986
f 1986 845 847
f 329 328 313
f 1982 1981 1985
f 1981 1984 1985
f 1988 1989 1987
f 1989 1981 1987
f 1987 1981 1983
f 1981 1982 1983
f 329 313 330
f 818 820 1978
f 820 822 1978
f 1978 822 814
f 822 824 814
f 814 824 813
f 824 836 813
f 813 836 834
f 860 858 1525
f 858 856 1525
f 1525 856 839
f 333 332 331
f 328 327 313
f 327 326 313
f 313 326 325
f 828 829 1979
f 829 830 1979
f 1979 830 1978
f 830 816 1978
f 1978 816 815
f 323 322 314
f 330 313 331
f 313 334 331
f 331 334 333
f 853 854 1980
f 854 855 1980
f 1980 855 314
f 855 324 314
f 314 324 323
f 322 321 314
f 321 320 314
f 314 320 315
f 320 319 315
f 319 318 315
f 318 317 315
f 315 317 316
f 152 813 834
f 824 832 837
f 824 837 836
f 837 835 836
f 836 835 834
f 835 833 834
f 834 833 152
f 253 831 817
f 325 255 826
f 255 251 826
f 826 251 827
f 251 246 827
f 827 246 828
f 246 245 828
f 828 245 829
f 245 247 829
f 829 247 830
f 247 249 830
f 830 249 816
f 832 824 825
f 824 822 825
f 825 822 823
f 822 820 823
f 823 820 821
f 820 818 821
f 821 818 819
f 818 815 819
f 819 815 817
f 815 816 817
f 817 816 253
f 816 249 253
f 328 248 250
f 328 250 327
f 250 254 327
f 327 254 326
f 254 255 326
f 326 255 325
f 252 248 329
f 248 328 329
f 252 329 262
f 329 330 262
f 262 330 260
f 330 331 260
f 260 331 261
f 331 332 261
f 261 332 258
f 332 333 258
f 258 333 259
f 333 334 259
f 259 334 257
f 334 313 257
f 257 313 256
f 152 153 813
f 153 154 813
f 813 154 814
f 154 155 814
f 814 155 156
f 1066 1067 1065
f 1066 1065 1064
f 1065 1061 1064
f 1064 1061 1063
f 1063 1061 811
f 1061 1062 811
f 811 1062 812
f 1062 1060 812
f 812 1060 809
f 1060 1058 809
f 809 1058 810
f 810 1058 156
f 1058 1059 156
f 156 1059 814
f 158 811 812
f 812 809 158
f 809 810 158
f 158 810 156
f 150 861 859
f 858 860 150
f 150 859 858
f 859 857 858
f 858 857 856
f 857 840 856
f 856 840 839
f 146 147 862
f 147 148 862
f 862 148 860
f 148 149 860
f 860 149 150
f 862 1525 146
f 1525 1526 146
f 146 1526 865
f 1526 1524 865
f 865 1524 863
f 1524 1522 863
f 863 1522 864
f 864 1522 866
f 1522 1523 866
f 866 1523 1521
f 1523 1520 1521
f 1521 1520 1519
f 1520 1517 1519
f 1519 1517 1518
f 146 865 145
f 865 863 145
f 145 863 277
f 863 864 277
f 277 864 866
f 1515 1000 985
f 985 74 190
f 277 866 144
f 866 1515 144
f 144 1515 189
f 189 1515 1514
f 1515 985 1514
f 1514 985 1516
f 985 190 1516
f 1516 190 275
f 1518 1678 1519
f 1678 1515 1519
f 1519 1515 1521
f 1515 866 1521
f 1678 1691 1515
f 1691 1689 1515
f 1383 1680 1679
f 1680 1682 1679
f 1679 1682 1681
f 1682 1684 1681
f 1681 1684 1683
f 1684 1686 1683
f 1683 1686 1685
f 1686 1688 1685
f 1685 1688 1687
f 1688 1690 1687
f 1687 1690 1689
f 1690 1692 1689
f 1689 1692 1515
f 1988 1979 2016
f 2000 2007 1980
f 1980 1987 2000
f 1987 1983 2000
f 2000 1983 2001
f 1983 1982 2001
f 2001 1982 1998
f 1982 1985 1998
f 1998 1985 1999
f 1985 1984 1999
f 1999 1984 2003
f 1984 1981 2003
f 2003 1981 1997
f 1981 1989 1997
f 1997 1989 2002
f 1989 1988 2002
f 2002 1988 2006
f 1988 2016 2006
f 2006 2016 2004
f 2017 1979 1978
f 2017 1978 2004
f 1986 2008 1992
f 2008 2015 1992
f 1992 2015 1991
f 2015 2014 1991
f 1991 2014 1996
f 2014 2009 1996
f 1996 2009 1994
f 2009 2010 1994
f 1994 2010 1995
f 2010 2012 1995
f 1995 2012 1993
f 2012 2011 1993
f 1993 2011 1990
f 2011 2013 1990
f 1990 2013 1978
f 2013 2005 1978
f 1978 2005 2004
f 1691 1693 1689
f 1693 1694 1689
f 1689 1694 1687
f 1694 1695 1687
f 1687 1695 1685
f 1695 1696 1685
f 1685 1696 1683
f 1696 1697 1683
f 1683 1697 1681
f 1697 1698 1681
f 1681 1698 1679
f 1698 1699 1679
f 1679 1699 1383
f 1699 1382 1383
f 1701 1700 1691
f 1700 1693 1691
f 1649 1651 1621
f 1662 1660 1848
f 1660 1850 1848
f 1864 1723 1866
f 1723 1744 1866
f 1866 1744 1867
f 1805 1807 1653
f 1668 1669 1704
f 1669 1671 1704
f 1518 1517 1675
f 1517 1704 1675
f 1675 1704 1673
f 1704 1671 1673
f 1840 1828 1791
f 1795 1844 1793
f 1844 1840 1793
f 1793 1840 1790
f 1840 1791 1790
f 1805 1653 1803
f 1744 1761 1867
f 1761 1880 1867
f 1867 1880 1879
f 1880 1881 1879
f 1879 1881 1875
f 1844 1653 1846
f 1653 1665 1846
f 1846 1665 1848
f 1665 1664 1848
f 1848 1664 1662
f 1826 1824 1812
f 1744 1758 1761
f 1758 1759 1761
f 1761 1759 1756
f 1759 1760 1756
f 1756 1760 1753
f 1876 1877 1875
f 1877 1878 1875
f 1875 1878 1879
f 1864 1862 1723
f 1862 1860 1723
f 1723 1860 1858
f 1814 1812 1816
f 1812 1818 1816
f 1795 1797 1844
f 1797 1799 1844
f 1844 1799 1653
f 1799 1801 1653
f 1653 1801 1803
f 1660 1658 1723
f 1658 1656 1723
f 1723 1656 1704
f 1656 1667 1704
f 1704 1667 1668
f 1824 1822 1812
f 1822 1820 1812
f 1812 1820 1818
f 1550 1549 1809
f 1549 1603 1809
f 1809 1603 1807
f 1603 1604 1807
f 1807 1604 1653
f 1604 1605 1653
f 1653 1605 1607
f 1607 1609 1653
f 1609 1611 1653
f 1653 1611 1613
f 1837 1831 1835
f 1831 1833 1835
f 1837 1839 1831
f 1839 1826 1831
f 1831 1826 1828
f 1826 1812 1828
f 1828 1812 1791
f 1613 1615 1653
f 1615 1617 1653
f 1653 1617 1651
f 1617 1619 1651
f 1651 1619 1621
f 1858 1854 1723
f 1854 1853 1723
f 1723 1853 1660
f 1853 1852 1660
f 1660 1852 1850
f 1627 1629 1631
f 1635 1637 1625
f 1637 1638 1625
f 1625 1638 1621
f 1638 1641 1621
f 1621 1641 1643
f 1643 1645 1621
f 1645 1647 1621
f 1621 1647 1649
f 1627 1631 1625
f 1631 1633 1625
f 1625 1633 1635
f 1549 1550 1551
f 1542 1541 1547
f 1547 1548 1542
f 1548 1534 1542
f 1542 1534 1546
f 1536 1535 1534
f 1535 1544 1534
f 1544 1545 1534
f 1534 1545 1546
f 1551 1552 1549
f 1552 1541 1549
f 1549 1541 1543
f 1541 1542 1543
f 1534 1531 1536
f 1531 1530 1536
f 1536 1530 1539
f 1530 976 1539
f 1539 976 977
f 1576 1580 1581
f 1580 1577 1581
f 1574 1561 1576
f 1540 1554 1582
f 1583 1546 1545
f 1542 1546 1584
f 1546 1583 1584
f 1584 1583 1585
f 1586 1560 1558
f 1587 1556 1555
f 1582 1554 1588
f 1556 1587 1557
f 1587 1589 1557
f 1557 1589 1553
f 1590 1591 1592
f 1591 1586 1592
f 1592 1586 1593
f 1586 1558 1593
f 1593 1558 1575
f 1554 1553 1588
f 1553 1589 1588
f 1588 1589 1594
f 1589 1587 1594
f 1594 1587 1595
f 1587 1555 1595
f 1595 1555 1559
f 1560 1586 1559
f 1586 1591 1559
f 1559 1591 1595
f 1591 1590 1595
f 1595 1590 1594
f 1590 1596 1594
f 1594 1596 1588
f 1549 1543 1579
f 1543 1597 1579
f 1579 1597 1578
f 1597 1598 1578
f 1578 1598 1577
f 1598 1599 1577
f 1577 1599 1581
f 1575 1600 1593
f 1600 1601 1593
f 1593 1601 1592
f 1601 1585 1592
f 1592 1585 1590
f 1585 1583 1590
f 1590 1583 1596
f 1583 1545 1596
f 1596 1545 1588
f 1545 1544 1588
f 1588 1544 1582
f 1544 1535 1582
f 1582 1535 1540
f 1543 1542 1597
f 1542 1584 1597
f 1597 1584 1598
f 1584 1585 1598
f 1598 1585 1599
f 1585 1601 1599
f 1599 1601 1581
f 1601 1600 1581
f 1581 1600 1576
f 1600 1575 1576
f 1576 1575 1574
f 1623 1621 1622
f 1621 1619 1622
f 1622 1619 1620
f 1619 1617 1620
f 1620 1617 1618
f 1617 1615 1618
f 1618 1615 1616
f 1615 1613 1616
f 1616 1613 1614
f 1613 1611 1614
f 1614 1611 1612
f 1611 1609 1612
f 1612 1609 1610
f 1609 1607 1610
f 1610 1607 1608
f 1607 1605 1608
f 1608 1605 1606
f 1605 1604 1606
f 1606 1604 1602
f 1604 1603 1602
f 1603 1549 1579
f 1603 1579 1602
f 1579 1578 1602
f 1602 1578 1577
f 1577 1580 1602
f 1580 1576 1602
f 1602 1576 1561
f 1623 1624 1621
f 1624 1625 1621
f 1636 1637 1635
f 1636 1635 1634
f 1635 1633 1634
f 1634 1633 1632
f 1633 1631 1632
f 1632 1631 1630
f 1631 1629 1630
f 1630 1629 1628
f 1629 1627 1628
f 1628 1627 1626
f 1627 1625 1626
f 1626 1625 1624
f 1639 1638 1636
f 1638 1637 1636
f 1650 1651 1649
f 1650 1649 1648
f 1649 1647 1648
f 1648 1647 1646
f 1647 1645 1646
f 1646 1645 1644
f 1645 1643 1644
f 1644 1643 1642
f 1643 1641 1642
f 1642 1641 1640
f 1641 1638 1640
f 1640 1638 1639
f 1653 1651 1652
f 1651 1650 1652
f 1653 1652 1665
f 1652 1663 1665
f 1665 1663 1664
f 1663 1661 1664
f 1664 1661 1662
f 1661 1659 1662
f 1662 1659 1660
f 1659 1657 1660
f 1660 1657 1658
f 1657 1654 1658
f 1658 1654 1656
f 1654 1655 1656
f 1656 1655 1667
f 1655 1666 1667
f 1678 1518 1677
f 1518 1675 1677
f 1677 1675 1676
f 1675 1673 1676
f 1676 1673 1674
f 1673 1671 1674
f 1674 1671 1672
f 1671 1669 1672
f 1672 1669 1670
f 1669 1668 1670
f 1670 1668 1666
f 1668 1667 1666
f 1575 1558 1532
f 1533 1571 1561
f 1533 1561 1532
f 1561 1574 1532
f 1532 1574 1575
f 1567 1570 1561
f 1571 1572 1561
f 1572 1568 1561
f 1561 1568 1569
f 1569 1566 1561
f 1566 1564 1561
f 1561 1564 1562
f 1562 1563 1561
f 1563 1565 1561
f 1561 1565 1567
f 1558 1560 1559
f 1558 1559 1532
f 1559 1555 1532
f 1532 1555 1556
f 1556 1557 1532
f 1557 1553 1532
f 1532 1553 1554
f 1554 1540 1532
f 1540 1537 1532
f 1532 1537 1529
f 1537 1538 1529
f 1529 1538 1527
f 1538 1528 1527
f 1766 1572 1573
f 1762 1767 1765
f 1767 1551 1765
f 1765 1551 1550
f 1768 1541 1552
f 1548 1547 1769
f 1766 1573 1770
f 1566 1771 1564
f 1771 1772 1564
f 1564 1772 1562
f 1772 1773 1562
f 1562 1773 1563
f 1768 1552 1774
f 1552 1551 1774
f 1774 1551 1775
f 1551 1767 1775
f 1775 1767 1776
f 1767 1762 1776
f 1776 1762 1763
f 1566 1777 1771
f 1777 1778 1771
f 1771 1778 1772
f 1778 1779 1772
f 1772 1779 1773
f 1567 1565 1780
f 1565 1781 1780
f 1780 1781 1782
f 1781 1783 1782
f 1782 1783 1784
f 1783 1785 1784
f 1565 1563 1781
f 1563 1773 1781
f 1781 1773 1783
f 1773 1779 1783
f 1783 1779 1785
f 1779 1778 1785
f 1785 1778 1786
f 1778 1777 1786
f 1786 1777 1787
f 1777 1566 1787
f 1787 1566 1569
f 1770 1788 1766
f 1788 1789 1766
f 1766 1789 1572
f 1789 1568 1572
f 1570 1567 1764
f 1567 1780 1764
f 1764 1780 1763
f 1780 1782 1763
f 1763 1782 1776
f 1782 1784 1776
f 1776 1784 1775
f 1784 1785 1775
f 1775 1785 1774
f 1785 1786 1774
f 1774 1786 1768
f 1786 1769 1768
f 1768 1769 1541
f 1769 1547 1541
f 1569 1568 1787
f 1568 1789 1787
f 1787 1789 1786
f 1789 1788 1786
f 1786 1788 1769
f 1788 1770 1769
f 1769 1770 1548
f 1770 1573 1548
f 1548 1573 1534
f 1573 1571 1534
f 1534 1571 1533
f 1534 1533 1531
f 1533 1532 1531
f 1531 1532 1530
f 1532 1529 1530
f 1530 1529 976
f 1529 1527 976
f 1527 1516 976
f 1516 275 976
f 976 275 972
f 275 191 972
f 191 357 972
f 972 357 974
f 357 362 974
f 974 362 975
f 362 360 975
f 975 360 968
f 360 359 968
f 968 359 967
f 359 376 967
f 1516 1527 1514
f 1527 1528 1514
f 356 188 189
f 189 1514 1528
f 948 375 969
f 375 358 969
f 969 358 973
f 358 361 973
f 973 361 970
f 361 363 970
f 970 363 971
f 363 356 971
f 356 189 971
f 971 189 977
f 189 1528 977
f 977 1528 1539
f 1528 1538 1539
f 1539 1538 1536
f 1538 1537 1536
f 1536 1537 1535
f 1537 1540 1535
f 188 356 192
f 356 357 192
f 192 357 191
f 357 356 363
f 357 363 362
f 363 361 362
f 362 361 360
f 361 358 360
f 360 358 359
f 968 969 975
f 969 973 975
f 975 973 974
f 973 970 974
f 974 970 972
f 970 971 972
f 966 947 967
f 947 948 967
f 967 948 968
f 948 969 968
f 953 954 960
f 951 950 966
f 950 949 966
f 966 949 947
f 951 966 952
f 966 965 952
f 952 965 964
f 964 963 952
f 963 962 952
f 952 962 954
f 962 961 954
f 954 961 960
f 953 960 956
f 960 959 956
f 956 959 955
f 959 958 955
f 955 958 957
f 958 959 364
f 967 376 966
f 376 373 966
f 966 373 965
f 373 372 965
f 965 372 964
f 372 369 964
f 964 369 963
f 364 959 368
f 959 960 368
f 960 961 368
f 368 961 369
f 961 962 369
f 369 962 963
f 958 364 957
f 364 374 957
f 957 374 955
f 374 366 955
f 955 366 956
f 956 366 953
f 366 365 953
f 953 365 954
f 954 365 952
f 365 370 952
f 952 370 951
f 370 371 951
f 951 371 950
f 371 367 950
f 950 367 949
f 949 367 947
f 367 375 947
f 947 375 948
f 376 359 358
f 369 372 367
f 358 375 376
f 375 367 376
f 376 367 373
f 367 372 373
f 371 370 364
f 371 364 367
f 364 368 367
f 367 368 369
f 370 365 364
f 365 366 364
f 364 366 374
f 977 976 971
f 976 972 971
f 1765 1550 1809
f 1570 1764 1811
f 1764 1763 1811
f 1811 1763 1762
f 1762 1765 1811
f 1765 1809 1811
f 1811 1809 1810
f 1809 1807 1810
f 1810 1807 1808
f 1807 1805 1808
f 1808 1805 1806
f 1805 1803 1806
f 1806 1803 1804
f 1803 1801 1804
f 1804 1801 1802
f 1801 1799 1802
f 1802 1799 1800
f 1799 1797 1800
f 1800 1797 1798
f 1797 1795 1798
f 1798 1795 1796
f 1795 1793 1796
f 1796 1793 1794
f 1793 1790 1794
f 1794 1790 1792
f 1790 1791 1792
f 1813 1792 1812
f 1792 1791 1812
f 1824 1825 1823
f 1824 1823 1822
f 1823 1821 1822
f 1822 1821 1820
f 1821 1819 1820
f 1820 1819 1818
f 1819 1817 1818
f 1818 1817 1816
f 1817 1815 1816
f 1816 1815 1814
f 1815 1813 1814
f 1814 1813 1812
f 1825 1824 1827
f 1824 1826 1827
f 1827 1826 1839
f 1827 1839 1838
f 1839 1837 1838
f 1838 1837 1836
f 1837 1835 1836
f 1836 1835 1834
f 1835 1833 1834
f 1834 1833 1832
f 1833 1831 1832
f 1832 1831 1830
f 1831 1828 1830
f 1830 1828 1829
f 1829 1828 1841
f 1828 1840 1841
f 1853 1851 1852
f 1851 1849 1852
f 1852 1849 1850
f 1849 1847 1850
f 1850 1847 1848
f 1847 1845 1848
f 1848 1845 1846
f 1845 1843 1846
f 1846 1843 1844
f 1843 1842 1844
f 1844 1842 1840
f 1842 1841 1840
f 1851 1853 1855
f 1853 1854 1855
f 1867 1865 1866
f 1865 1863 1866
f 1866 1863 1864
f 1863 1861 1864
f 1864 1861 1862
f 1861 1859 1862
f 1862 1859 1860
f 1859 1857 1860
f 1860 1857 1858
f 1857 1856 1858
f 1858 1856 1854
f 1856 1855 1854
f 1871 1865 1879
f 1865 1867 1879
f 1871 1879 1878
f 1871 1878 1869
f 1878 1877 1869
f 1869 1877 1870
f 1877 1876 1870
f 1870 1876 1873
f 1876 1875 1873
f 1873 1875 1868
f 1875 1881 1868
f 1868 1881 1872
f 1881 1880 1872
f 1872 1880 1874
f 1761 1757 1880
f 1757 1874 1880
f 233 265 503
f 103 264 519
f 229 266 487
f 225 267 471
f 221 268 455
f 978 389 991
f 389 391 991
f 991 391 990
f 391 989 990
f 272 567 201
f 567 391 201
f 201 391 208
f 217 269 439
f 229 487 236
f 989 391 988
f 391 567 988
f 988 567 987
f 209 270 423
f 225 471 232
f 565 204 551
f 204 197 551
f 551 197 273
f 567 565 987
f 565 551 987
f 987 551 986
f 205 271 389
f 549 200 535
f 200 193 535
f 535 193 274
f 209 423 220
f 551 549 986
f 549 535 986
f 986 535 985
f 535 533 985
f 985 533 196
f 196 76 985
f 76 75 985
f 985 75 74
f 239 233 517
f 233 503 517
f 517 503 978
f 503 501 978
f 978 983 517
f 983 981 517
f 517 981 982
f 101 103 984
f 103 519 984
f 984 519 979
f 519 517 979
f 979 517 980
f 517 982 980
f 485 978 487
f 978 501 487
f 487 501 236
f 469 978 471
f 978 485 471
f 471 485 232
f 228 221 469
f 221 455 469
f 469 455 978
f 455 453 978
f 224 217 453
f 217 439 453
f 453 439 978
f 439 437 978
f 421 978 423
f 978 437 423
f 423 437 220
f 212 215 421
f 215 407 421
f 421 407 978
f 407 405 978
f 978 405 389
f 405 216 389
f 389 216 205
f 388 390 385
f 390 389 385
f 385 389 384
f 389 271 384
f 384 271 382
f 206 377 271
f 377 380 271
f 271 380 382
f 392 391 390
f 391 389 390
f 208 383 381
f 392 387 386
f 381 379 208
f 379 378 208
f 208 378 207
f 383 208 386
f 208 391 386
f 386 391 392
f 206 207 378
f 206 378 377
f 378 379 377
f 377 379 380
f 379 381 380
f 380 381 382
f 382 381 384
f 381 383 384
f 386 385 383
f 385 384 383
f 386 387 385
f 387 388 385
f 390 388 392
f 388 387 392
f 216 399 397
f 406 403 402
f 397 395 216
f 395 394 216
f 216 394 214
f 399 216 402
f 216 405 402
f 402 405 406
f 213 214 394
f 213 394 393
f 394 395 393
f 393 395 396
f 395 397 396
f 396 397 398
f 404 408 401
f 408 407 401
f 401 407 400
f 407 215 400
f 400 215 398
f 213 393 215
f 393 396 215
f 215 396 398
f 406 405 408
f 405 407 408
f 408 404 406
f 404 403 406
f 402 403 401
f 403 404 401
f 402 401 399
f 401 400 399
f 398 397 400
f 397 399 400
f 212 415 413
f 422 419 418
f 413 411 212
f 411 410 212
f 212 410 211
f 415 212 418
f 212 421 418
f 418 421 422
f 210 211 410
f 210 410 409
f 410 411 409
f 409 411 412
f 411 413 412
f 412 413 414
f 420 424 417
f 424 423 417
f 417 423 416
f 423 270 416
f 416 270 414
f 210 409 270
f 409 412 270
f 270 412 414
f 422 421 424
f 421 423 424
f 424 420 422
f 420 419 422
f 418 419 417
f 419 420 417
f 418 417 415
f 417 416 415
f 414 413 416
f 413 415 416
f 220 431 429
f 438 435 434
f 429 427 220
f 427 426 220
f 220 426 219
f 431 220 434
f 220 437 434
f 434 437 438
f 218 219 426
f 218 426 425
f 426 427 425
f 425 427 428
f 427 429 428
f 428 429 430
f 436 440 433
f 440 439 433
f 433 439 432
f 439 269 432
f 432 269 430
f 218 425 269
f 425 428 269
f 269 428 430
f 438 437 440
f 437 439 440
f 440 436 438
f 436 435 438
f 434 435 433
f 435 436 433
f 434 433 431
f 433 432 431
f 430 429 432
f 429 431 432
f 224 447 445
f 454 451 450
f 445 443 224
f 443 442 224
f 224 442 223
f 447 224 450
f 224 453 450
f 450 453 454
f 222 223 442
f 222 442 441
f 442 443 441
f 441 443 444
f 443 445 444
f 444 445 446
f 452 456 449
f 456 455 449
f 449 455 448
f 455 268 448
f 448 268 446
f 222 441 268
f 441 444 268
f 268 444 446
f 454 453 456
f 453 455 456
f 456 452 454
f 452 451 454
f 450 451 449
f 451 452 449
f 450 449 447
f 449 448 447
f 446 445 448
f 445 447 448
f 228 463 461
f 470 467 466
f 461 459 228
f 459 458 228
f 228 458 227
f 463 228 466
f 228 469 466
f 466 469 470
f 226 227 458
f 226 458 457
f 458 459 457
f 457 459 460
f 459 461 460
f 460 461 462
f 468 472 465
f 472 471 465
f 465 471 464
f 471 267 464
f 464 267 462
f 226 457 267
f 457 460 267
f 267 460 462
f 470 469 472
f 469 471 472
f 472 468 470
f 468 467 470
f 466 467 465
f 467 468 465
f 466 465 463
f 465 464 463
f 462 461 464
f 461 463 464
f 232 479 477
f 486 483 482
f 477 475 232
f 475 474 232
f 232 474 231
f 479 232 482
f 232 485 482
f 482 485 486
f 230 231 474
f 230 474 473
f 474 475 473
f 473 475 476
f 475 477 476
f 476 477 478
f 484 488 481
f 488 487 481
f 481 487 480
f 487 266 480
f 480 266 478
f 230 473 266
f 473 476 266
f 266 476 478
f 486 485 488
f 485 487 488
f 488 484 486
f 484 483 486
f 482 483 481
f 483 484 481
f 482 481 479
f 481 480 479
f 478 477 480
f 477 479 480
f 236 495 493
f 502 499 498
f 493 491 236
f 491 490 236
f 236 490 235
f 495 236 498
f 236 501 498
f 498 501 502
f 234 235 490
f 234 490 489
f 490 491 489
f 489 491 492
f 491 493 492
f 492 493 494
f 500 504 497
f 504 503 497
f 497 503 496
f 503 265 496
f 496 265 494
f 234 489 265
f 489 492 265
f 265 492 494
f 502 501 504
f 501 503 504
f 504 500 502
f 500 499 502
f 498 499 497
f 499 500 497
f 498 497 495
f 497 496 495
f 494 493 496
f 493 495 496
f 239 511 509
f 518 515 514
f 509 507 239
f 507 506 239
f 239 506 238
f 511 239 514
f 239 517 514
f 514 517 518
f 237 238 506
f 237 506 505
f 506 507 505
f 505 507 508
f 507 509 508
f 508 509 510
f 516 520 513
f 520 519 513
f 513 519 512
f 519 264 512
f 512 264 510
f 237 505 264
f 505 508 264
f 264 508 510
f 518 517 520
f 517 519 520
f 520 516 518
f 516 515 518
f 514 515 513
f 515 516 513
f 514 513 511
f 513 512 511
f 510 509 512
f 509 511 512
f 998 984 979
f 998 979 997
f 979 980 997
f 997 980 996
f 980 982 996
f 996 982 995
f 982 981 995
f 995 981 994
f 981 983 994
f 994 983 993
f 983 978 993
f 993 978 992
f 991 999 978
f 999 992 978
f 999 991 990
f 999 990 1005
f 990 989 1005
f 1005 989 1004
f 989 988 1004
f 1004 988 1003
f 988 987 1003
f 1003 987 1002
f 987 986 1002
f 1002 986 1001
f 986 985 1001
f 1001 985 1000
f 196 527 525
f 534 531 530
f 525 523 196
f 523 522 196
f 196 522 195
f 527 196 530
f 196 533 530
f 530 533 534
f 194 195 522
f 194 522 521
f 522 523 521
f 521 523 524
f 523 525 524
f 524 525 526
f 532 536 529
f 536 535 529
f 529 535 528
f 535 274 528
f 528 274 526
f 194 521 274
f 521 524 274
f 274 524 526
f 534 533 536
f 533 535 536
f 536 532 534
f 532 531 534
f 530 531 529
f 531 532 529
f 530 529 527
f 529 528 527
f 526 525 528
f 525 527 528
f 200 543 541
f 550 547 546
f 541 539 200
f 539 538 200
f 200 538 199
f 543 200 546
f 200 549 546
f 546 549 550
f 198 199 538
f 198 538 537
f 538 539 537
f 537 539 540
f 539 541 540
f 540 541 542
f 548 552 545
f 552 551 545
f 545 551 544
f 551 273 544
f 544 273 542
f 198 537 273
f 537 540 273
f 273 540 542
f 550 549 552
f 549 551 552
f 552 548 550
f 548 547 550
f 546 547 545
f 547 548 545
f 546 545 543
f 545 544 543
f 542 541 544
f 541 543 544
f 204 559 557
f 566 563 562
f 557 555 204
f 555 554 204
f 204 554 203
f 559 204 562
f 204 565 562
f 562 565 566
f 202 203 554
f 202 554 553
f 554 555 553
f 553 555 556
f 555 557 556
f 556 557 558
f 564 568 561
f 568 567 561
f 561 567 560
f 567 272 560
f 560 272 558
f 202 553 272
f 553 556 272
f 272 556 558
f 566 565 568
f 565 567 568
f 568 564 566
f 564 563 566
f 562 563 561
f 563 564 561
f 562 561 559
f 561 560 559
f 558 557 560
f 557 559 560
f 2589 2673 2588
f 2673 2667 2588
f 2618 2604 2686
f 2604 2681 2686
f 2686 2681 2683
f 2684 2685 2680
f 2683 2681 2680
f 2681 2682 2680
f 2680 2682 2684
f 2693 2686 2683
f 2693 2683 2692
f 2683 2680 2692
f 2692 2680 2691
f 2680 2685 2691
f 2691 2685 2690
f 2685 2684 2690
f 2690 2684 2689
f 2684 2682 2689
f 2689 2682 2688
f 2682 2681 2688
f 2688 2681 2687
f 2605 2606 2687
f 2606 2693 2687
f 2691 2690 2689
f 2693 2692 2687
f 2692 2691 2687
f 2687 2691 2688
f 2691 2689 2688
f 2605 2687 2604
f 2687 2681 2604
f 2695 2694 2594
f 2694 2624 2594
f 2701 2702 2698
f 2702 2694 2698
f 2698 2694 2695
f 2695 2696 2699
f 2695 2699 2698
f 2699 2700 2698
f 2698 2700 2701
f 2700 2699 2703
f 2699 2696 2703
f 2703 2696 2697
f 2697 2696 2590
f 2696 2591 2590
f 2591 2696 2594
f 2696 2695 2594
f 2607 2592 2710
f 2592 2705 2710
f 2710 2705 2707
f 2708 2709 2704
f 2707 2705 2704
f 2705 2706 2704
f 2704 2706 2708
f 2717 2710 2707
f 2717 2707 2716
f 2707 2704 2716
f 2716 2704 2715
f 2704 2709 2715
f 2715 2709 2714
f 2709 2708 2714
f 2714 2708 2713
f 2708 2706 2713
f 2713 2706 2712
f 2706 2705 2712
f 2712 2705 2711
f 2593 2608 2711
f 2608 2717 2711
f 2715 2714 2713
f 2717 2716 2711
f 2716 2715 2711
f 2711 2715 2712
f 2715 2713 2712
f 2593 2711 2592
f 2711 2705 2592
f 2619 2609 2724
f 2609 2719 2724
f 2724 2719 2721
f 2722 2723 2718
f 2721 2719 2718
f 2719 2720 2718
f 2718 2720 2722
f 2731 2724 2721
f 2731 2721 2730
f 2721 2718 2730
f 2730 2718 2729
f 2718 2723 2729
f 2729 2723 2728
f 2723 2722 2728
f 2728 2722 2727
f 2722 2720 2727
f 2727 2720 2726
f 2720 2719 2726
f 2726 2719 2725
f 2610 2620 2725
f 2620 2731 2725
f 2729 2728 2727
f 2731 2730 2725
f 2730 2729 2725
f 2725 2729 2726
f 2729 2727 2726
f 2610 2725 2609
f 2725 2719 2609
f 2626 2621 2738
f 2621 2733 2738
f 2738 2733 2735
f 2736 2737 2732
f 2735 2733 2732
f 2733 2734 2732
f 2732 2734 2736
f 2745 2738 2735
f 2745 2735 2744
f 2735 2732 2744
f 2744 2732 2743
f 2732 2737 2743
f 2743 2737 2742
f 2737 2736 2742
f 2742 2736 2741
f 2736 2734 2741
f 2741 2734 2740
f 2734 2733 2740
f 2740 2733 2739
f 2612 2611 2739
f 2611 2745 2739
f 2743 2742 2741
f 2745 2744 2739
f 2744 2743 2739
f 2739 2743 2740
f 2743 2741 2740
f 2612 2739 2621
f 2739 2733 2621
f 2627 2613 2746
f 2613 2749 2746
f 2746 2749 2751
f 2752 2753 2748
f 2751 2749 2748
f 2749 2750 2748
f 2748 2750 2752
f 2747 2746 2751
f 2747 2751 2759
f 2751 2748 2759
f 2759 2748 2758
f 2748 2753 2758
f 2758 2753 2757
f 2753 2752 2757
f 2757 2752 2756
f 2752 2750 2756
f 2756 2750 2755
f 2750 2749 2755
f 2755 2749 2754
f 2596 2595 2754
f 2595 2747 2754
f 2758 2757 2756
f 2747 2759 2754
f 2759 2758 2754
f 2754 2758 2755
f 2758 2756 2755
f 2596 2754 2613
f 2754 2749 2613
f 2023 2075 2024
f 2075 2064 2024
f 44 51 43
f 51 52 43
f 43 52 42
f 52 53 42
f 42 53 41
f 53 54 41
f 41 54 40
f 54 55 40
f 40 55 39
f 55 56 39
f 39 56 38
f 56 57 38
f 38 57 37
f 57 58 37
f 37 58 36
f 58 59 36
f 36 59 35
f 59 60 35
f 35 60 34
f 60 61 34
f 34 61 33
f 61 62 33
f 33 62 32
f 62 63 32
f 32 63 31
f 63 64 31
f 31 64 30
f 64 65 30
f 30 65 29
f 65 66 29
f 29 66 28
f 66 67 28
f 28 67 27
f 67 68 27
f 27 68 26
f 68 69 26
f 26 69 49
f 69 70 49
f 49 70 48
f 70 71 48
f 48 71 47
f 71 72 47
f 47 72 46
f 72 73 46
f 46 73 45
f 73 50 45
f 45 50 44
f 50 51 44
f 26 6 27
f 6 5 27
f 27 5 28
f 5 4 28
f 28 4 29
f 4 3 29
f 29 3 30
f 3 2 30
f 30 2 31
f 2 1 31
f 31 1 32
f 1 24 32
f 32 24 33
f 24 23 33
f 33 23 34
f 23 22 34
f 34 22 35
f 22 21 35
f 35 21 36
f 21 20 36
f 36 20 37
f 20 19 37
f 37 19 38
f 19 18 38
f 38 18 39
f 18 17 39
f 39 17 40
f 17 16 40
f 40 16 41
f 16 15 41
f 41 15 42
f 15 14 42
f 42 14 43
f 14 13 43
f 43 13 44
f 13 12 44
f 44 12 45
f 12 11 45
f 45 11 46
f 11 10 46
f 46 10 47
f 10 9 47
f 47 9 48
f 9 8 48
f 48 8 49
f 8 7 49
f 49 7 26
f 7 6 26
f 22 23 25
f 23 24 25
f 25 24 1
f 19 20 25
f 20 21 25
f 25 21 22
f 16 17 25
f 17 18 25
f 25 18 19
f 13 14 25
f 14 15 25
f 25 15 16
f 10 11 25
f 11 12 25
f 25 12 13
f 7 8 25
f 8 9 25
f 25 9 10
f 4 5 25
f 5 6 25
f 25 6 7
f 1 2 25
f 2 3 25
f 25 3 4
f 867 100 868
f 100 99 868
f 868 99 869
f 99 80 869
f 869 80 870
f 80 79 870
f 870 79 871
f 79 91 871
f 871 91 872
f 91 81 872
f 872 81 873
f 81 92 873
f 873 92 874
f 92 83 874
f 874 83 875
f 83 82 875
f 875 82 876
f 82 93 876
f 876 93 877
f 93 85 877
f 877 85 878
f 85 84 878
f 878 84 879
f 84 86 879
f 879 86 880
f 86 95 880
f 880 95 881
f 95 94 881
f 881 94 882
f 94 96 882
f 882 96 883
f 96 98 883
f 883 98 884
f 98 97 884
f 884 97 885
f 97 87 885
f 885 87 886
f 87 78 886
f 886 78 887
f 78 77 887
f 887 77 888
f 77 88 888
f 888 88 889
f 88 90 889
f 889 90 890
f 90 89 890
f 890 89 867
f 89 100 867
f 885 892 884
f 892 893 884
f 884 893 883
f 893 894 883
f 883 894 882
f 894 895 882
f 882 895 881
f 895 896 881
f 881 896 880
f 896 897 880
f 880 897 879
f 897 898 879
f 879 898 878
f 898 899 878
f 878 899 877
f 899 900 877
f 877 900 876
f 900 901 876
f 876 901 875
f 901 902 875
f 875 902 874
f 902 903 874
f 874 903 873
f 903 904 873
f 873 904 872
f 904 905 872
f 872 905 871
f 905 906 871
f 871 906 870
f 906 907 870
f 870 907 869
f 907 908 869
f 869 908 868
f 908 909 868
f 868 909 867
f 909 910 867
f 867 910 890
f 910 911 890
f 890 911 889
f 911 912 889
f 889 912 888
f 912 913 888
f 888 913 887
f 913 914 887
f 887 914 886
f 914 891 886
f 886 891 885
f 891 892 885
f 906 905 915
f 905 904 915
f 915 904 903
f 909 908 915
f 908 907 915
f 915 907 906
f 912 911 915
f 911 910 915
f 915 910 909
f 891 914 915
f 914 913 915
f 915 913 912
f 894 893 915
f 893 892 915
f 915 892 891
f 897 896 915
f 896 895 915
f 915 895 894
f 900 899 915
f 899 898 915
f 915 898 897
f 903 902 915
f 902 901 915
f 915 901 900
f 127 124 569
f 124 571 569
f 571 574 569
f 574 576 569
f 569 576 584
f 579 581 578
f 581 585 578
f 578 585 576
f 585 583 576
f 576 583 584
f 126 127 570
f 127 569 570
f 582 580 588
f 580 577 588
f 588 577 586
f 577 575 586
f 586 575 587
f 575 570 587
f 125 126 572
f 126 570 572
f 572 570 573
f 570 575 573
f 572 571 125
f 571 124 125
f 575 576 574
f 575 574 573
f 574 571 573
f 573 571 572
f 576 575 578
f 575 577 578
f 580 579 577
f 579 578 577
f 582 581 580
f 581 579 580
f 581 582 585
f 582 588 585
f 583 585 586
f 585 588 586
f 583 586 587
f 583 587 584
f 587 570 584
f 584 570 569
f 599 601 598
f 601 605 598
f 598 605 596
f 605 603 596
f 596 603 594
f 603 592 594
f 143 140 589
f 140 592 589
f 589 592 604
f 592 603 604
f 143 589 142
f 589 590 142
f 602 600 608
f 600 597 608
f 608 597 606
f 597 595 606
f 606 595 607
f 595 590 607
f 141 142 591
f 142 590 591
f 591 590 593
f 590 595 593
f 141 591 140
f 591 592 140
f 595 596 594
f 595 594 593
f 594 592 593
f 593 592 591
f 596 595 598
f 595 597 598
f 600 599 597
f 599 598 597
f 602 601 600
f 601 599 600
f 608 605 602
f 605 601 602
f 603 605 606
f 605 608 606
f 603 606 607
f 603 607 604
f 607 590 604
f 604 590 589
f 619 621 618
f 621 625 618
f 618 625 616
f 625 623 616
f 616 623 614
f 623 612 614
f 139 136 609
f 136 612 609
f 609 612 624
f 612 623 624
f 139 609 138
f 609 610 138
f 622 620 628
f 620 617 628
f 628 617 626
f 617 615 626
f 626 615 627
f 615 610 627
f 137 138 611
f 138 610 611
f 611 610 613
f 610 615 613
f 136 137 612
f 137 611 612
f 615 616 614
f 615 614 613
f 614 612 613
f 613 612 611
f 616 615 618
f 615 617 618
f 620 619 617
f 619 618 617
f 622 621 620
f 621 619 620
f 628 625 622
f 625 621 622
f 623 625 626
f 625 628 626
f 623 626 627
f 623 627 624
f 627 610 624
f 624 610 609
f 639 641 638
f 641 645 638
f 638 645 636
f 645 643 636
f 636 643 634
f 643 632 634
f 123 120 629
f 120 632 629
f 629 632 644
f 632 643 644
f 630 122 629
f 122 123 629
f 642 640 648
f 640 637 648
f 648 637 646
f 637 635 646
f 646 635 647
f 635 630 647
f 121 122 631
f 122 630 631
f 631 630 633
f 630 635 633
f 632 120 631
f 120 121 631
f 635 636 634
f 635 634 633
f 634 632 633
f 633 632 631
f 636 635 638
f 635 637 638
f 640 639 637
f 639 638 637
f 642 641 640
f 641 639 640
f 648 645 642
f 645 641 642
f 643 645 646
f 645 648 646
f 643 646 647
f 643 647 644
f 647 630 644
f 644 630 629
f 659 661 658
f 661 665 658
f 658 665 656
f 665 663 656
f 656 663 654
f 663 652 654
f 164 161 650
f 161 652 650
f 650 652 664
f 652 663 664
f 650 649 164
f 649 163 164
f 662 660 668
f 660 657 668
f 668 657 666
f 657 655 666
f 666 655 667
f 655 649 667
f 162 163 651
f 163 649 651
f 651 649 653
f 649 655 653
f 161 162 652
f 162 651 652
f 655 656 654
f 655 654 653
f 654 652 653
f 653 652 651
f 656 655 658
f 655 657 658
f 660 659 657
f 659 658 657
f 662 661 660
f 661 659 660
f 668 665 662
f 665 661 662
f 663 665 666
f 665 668 666
f 743 746 747
f 743 747 744
f 747 730 744
f 744 730 729
f 759 761 758
f 761 765 758
f 758 765 756
f 765 763 756
f 756 763 754
f 763 752 754
f 135 132 749
f 132 752 749
f 749 752 764
f 752 763 764
f 135 749 134
f 749 750 134
f 762 760 768
f 760 757 768
f 768 757 766
f 757 755 766
f 766 755 767
f 755 750 767
f 133 134 751
f 134 750 751
f 751 750 753
f 750 755 753
f 132 133 752
f 133 751 752
f 755 756 754
f 755 754 753
f 754 752 753
f 753 752 751
f 756 755 758
f 755 757 758
f 760 759 757
f 759 758 757
f 762 761 760
f 761 759 760
f 768 765 762
f 765 761 762
f 763 765 766
f 765 768 766
f 763 766 767
f 763 767 764
f 767 750 764
f 764 750 749
f 779 781 778
f 781 785 778
f 778 785 776
f 785 783 776
f 776 783 774
f 783 772 774
f 131 128 770
f 128 772 770
f 770 772 784
f 772 783 784
f 770 769 131
f 769 130 131
f 782 780 788
f 780 777 788
f 788 777 786
f 777 775 786
f 786 775 787
f 775 769 787
f 129 130 771
f 130 769 771
f 771 769 773
f 769 775 773
f 128 129 772
f 129 771 772
f 775 776 774
f 775 774 773
f 774 772 773
f 773 772 771
f 776 775 778
f 775 777 778
f 780 779 777
f 779 778 777
f 782 781 780
f 781 779 780
f 802 801 800
f 801 799 800
f 808 805 802
f 805 801 802
f 803 805 806
f 805 808 806
f 803 806 807
f 803 807 804
f 807 790 804
f 804 790 789
f 2004 2016 2017
f 2016 1979 2017
f 2007 2008 1980
f 2008 1986 1980
f 800 799 797
f 799 798 797
f 796 795 798
f 795 797 798
f 795 796 794
f 795 794 793
f 794 792 793
f 793 792 791
f 792 104 791
f 104 105 791
f 802 800 808
f 800 797 808
f 808 797 806
f 797 795 806
f 806 795 807
f 795 790 807
f 105 106 791
f 106 790 791
f 791 790 793
f 790 795 793
f 790 106 789
f 106 107 789
f 799 801 798
f 801 805 798
f 798 805 796
f 805 803 796
f 796 803 794
f 803 792 794
f 107 104 789
f 104 792 789
f 789 792 804
f 792 803 804
f 783 786 787
f 783 787 784
f 787 769 784
f 784 769 770
f 783 785 786
f 785 788 786
f 781 782 785
f 782 788 785
f 743 745 746
f 745 748 746
f 748 745 742
f 745 741 742
f 742 741 740
f 741 739 740
f 740 739 737
f 739 738 737
f 736 735 738
f 735 737 738
f 735 736 734
f 735 734 733
f 734 731 733
f 733 731 732
f 732 731 109
f 731 108 109
f 742 740 748
f 740 737 748
f 748 737 746
f 737 735 746
f 746 735 747
f 735 730 747
f 109 110 732
f 110 730 732
f 732 730 733
f 730 735 733
f 110 111 730
f 111 729 730
f 739 741 738
f 741 745 738
f 738 745 736
f 745 743 736
f 736 743 734
f 743 731 734
f 111 108 729
f 108 731 729
f 729 731 744
f 731 743 744
f 723 726 727
f 723 727 724
f 727 710 724
f 724 710 709
f 723 725 726
f 725 728 726
f 728 725 722
f 725 721 722
f 722 721 720
f 721 719 720
f 720 719 717
f 719 718 717
f 716 715 718
f 715 717 718
f 715 716 714
f 715 714 713
f 714 712 713
f 713 712 711
f 712 167 711
f 167 168 711
f 722 720 728
f 720 717 728
f 728 717 726
f 717 715 726
f 726 715 727
f 715 710 727
f 168 169 711
f 169 710 711
f 711 710 713
f 710 715 713
f 170 709 169
f 709 710 169
f 719 721 718
f 721 725 718
f 718 725 716
f 725 723 716
f 716 723 714
f 723 712 714
f 170 167 709
f 167 712 709
f 709 712 724
f 712 723 724
f 703 706 707
f 703 707 704
f 707 690 704
f 704 690 689
f 703 705 706
f 705 708 706
f 708 705 702
f 705 701 702
f 702 701 700
f 701 699 700
f 700 699 697
f 699 698 697
f 696 695 698
f 695 697 698
f 695 696 694
f 695 694 693
f 694 691 693
f 693 691 692
f 692 691 113
f 691 112 113
f 702 700 708
f 700 697 708
f 708 697 706
f 697 695 706
f 706 695 707
f 695 690 707
f 113 114 692
f 114 690 692
f 692 690 693
f 690 695 693
f 690 114 689
f 114 115 689
f 699 701 698
f 701 705 698
f 698 705 696
f 705 703 696
f 696 703 694
f 703 691 694
f 115 112 689
f 112 691 689
f 689 691 704
f 691 703 704
f 687 118 683
f 118 119 683
f 684 686 688
f 684 688 685
f 688 687 685
f 685 687 683
f 684 681 686
f 681 682 686
f 682 681 680
f 681 679 680
f 680 679 678
f 679 677 678
f 678 677 675
f 677 676 675
f 674 673 676
f 673 675 676
f 117 118 670
f 118 687 670
f 687 688 670
f 688 686 670
f 670 686 671
f 680 678 682
f 678 675 682
f 682 675 686
f 675 673 686
f 686 673 671
f 670 669 117
f 669 116 117
f 663 666 667
f 663 667 664
f 667 649 664
f 664 649 650
f 2589 2603 2673
f 2603 2679 2673
f 2677 2676 2675
f 2679 2678 2673
f 2678 2677 2673
f 2673 2677 2674
f 2677 2675 2674
f 2679 2672 2669
f 2679 2669 2678
f 2669 2666 2678
f 2678 2666 2677
f 2666 2671 2677
f 2677 2671 2676
f 2671 2670 2676
f 2676 2670 2675
f 2670 2668 2675
f 2675 2668 2674
f 2668 2667 2674
f 2674 2667 2673
f 2602 2588 2672
f 2588 2667 2672
f 2672 2667 2669
f 2670 2671 2666
f 2669 2667 2666
f 2667 2668 2666
f 2666 2668 2670
f 2295 2293 2288
f 2293 2286 2288
f 2297 2293 2296
f 2293 2295 2296
f 2294 2292 2298
f 2292 2293 2298
f 2298 2293 2297
f 2294 2290 2292
f 2290 2289 2292
f 2292 2289 2293
f 2289 2286 2293
f 2290 2291 2289
f 2291 2287 2289
f 2289 2287 2286
f 2578 2587 2585
f 2578 2585 2579
f 2585 2584 2579
f 2579 2584 2575
f 2584 2583 2575
f 2575 2583 2576
f 2583 2582 2576
f 2576 2582 2577
f 2582 2586 2577
f 2577 2586 2580
f 2586 2581 2580
f 2580 2581 2574
f 2572 2573 2578
f 2573 2587 2578
f 2371 2334 2573
f 2334 2581 2573
f 2573 2581 2587
f 2581 2585 2587
f 2581 2586 2582
f 2582 2583 2581
f 2583 2584 2581
f 2581 2584 2585
f 2574 2581 2333
f 2581 2334 2333
f 2333 2346 2574
f 2346 2572 2574
f 2572 2578 2574
f 2578 2579 2574
f 2574 2579 2575
f 2575 2576 2574
f 2576 2577 2574
f 2574 2577 2580
f 2561 2570 2568
f 2561 2568 2562
f 2568 2567 2562
f 2562 2567 2558
f 2567 2566 2558
f 2558 2566 2559
f 2566 2565 2559
f 2559 2565 2560
f 2565 2569 2560
f 2560 2569 2564
f 2569 2556 2564
f 2564 2556 2557
f 2563 2571 2561
f 2571 2570 2561
f 2354 2332 2571
f 2332 2556 2571
f 2571 2556 2570
f 2556 2568 2570
f 2556 2569 2565
f 2565 2566 2556
f 2566 2567 2556
f 2556 2567 2568
f 2557 2556 2336
f 2556 2332 2336
f 2336 2337 2557
f 2337 2563 2557
f 2563 2561 2557
f 2561 2562 2557
f 2557 2562 2558
f 2558 2559 2557
f 2559 2560 2557
f 2557 2560 2564
f 2539 2542 2552
f 2542 2543 2552
f 2552 2543 2549
f 2543 2541 2549
f 2549 2541 2550
f 2541 2540 2550
f 2550 2540 2554
f 2540 2534 2554
f 2554 2534 2535
f 2552 2553 2539
f 2553 2551 2539
f 2539 2551 2538
f 2551 2536 2538
f 2547 2546 2544
f 2551 2548 2536
f 2548 2547 2536
f 2536 2547 2537
f 2547 2544 2537
f 2533 2526 2532
f 2526 2527 2532
f 2532 2555 2546
f 2551 2553 2532
f 2553 2552 2532
f 2532 2552 2549
f 2535 2533 2554
f 2533 2532 2554
f 2554 2532 2550
f 2532 2549 2550
f 2546 2547 2532
f 2547 2548 2532
f 2532 2548 2551
f 2555 2545 2546
f 2545 2544 2546
f 2530 2534 2531
f 2534 2540 2531
f 2540 2541 2531
f 2541 2543 2531
f 2531 2543 2542
f 2542 2539 2531
f 2539 2538 2531
f 2531 2538 2536
f 2536 2537 2531
f 2537 2544 2531
f 2531 2544 2545
f 2531 2528 2530
f 2528 2529 2530
f 2529 2528 2335
f 2528 2341 2335
f 2535 2534 2533
f 2534 2530 2533
f 2533 2530 2526
f 2530 2529 2526
f 2526 2529 2339
f 2529 2335 2339
f 2527 2526 2340
f 2526 2339 2340
f 2504 2505 2524
f 2504 2524 2510
f 2524 2520 2510
f 2510 2520 2511
f 2520 2519 2511
f 2511 2519 2513
f 2519 2522 2513
f 2513 2522 2512
f 2512 2522 2509
f 2522 2523 2509
f 2509 2523 2521
f 2516 2514 2517
f 2514 2507 2517
f 2517 2507 2518
f 2507 2506 2518
f 2518 2506 2521
f 2506 2508 2521
f 2521 2508 2509
f 2503 2496 2502
f 2496 2497 2502
f 2502 2525 2516
f 2521 2523 2502
f 2523 2522 2502
f 2502 2522 2519
f 2505 2503 2524
f 2503 2502 2524
f 2524 2502 2520
f 2502 2519 2520
f 2516 2517 2502
f 2517 2518 2502
f 2502 2518 2521
f 2525 2515 2516
f 2515 2514 2516
f 2500 2504 2501
f 2504 2510 2501
f 2510 2511 2501
f 2511 2513 2501
f 2501 2513 2512
f 2512 2509 2501
f 2509 2508 2501
f 2501 2508 2506
f 2506 2507 2501
f 2507 2514 2501
f 2501 2514 2515
f 2501 2498 2500
f 2498 2499 2500
f 2499 2498 2338
f 2498 2342 2338
f 2505 2504 2503
f 2504 2500 2503
f 2503 2500 2496
f 2500 2499 2496
f 2496 2499 2344
f 2499 2338 2344
f 2497 2496 2345
f 2496 2344 2345
f 2485 2494 2492
f 2485 2492 2486
f 2492 2491 2486
f 2486 2491 2482
f 2491 2490 2482
f 2482 2490 2483
f 2490 2489 2483
f 2483 2489 2484
f 2489 2493 2484
f 2484 2493 2488
f 2493 2480 2488
f 2488 2480 2481
f 2487 2495 2485
f 2495 2494 2485
f 2347 2343 2495
f 2343 2480 2495
f 2495 2480 2494
f 2480 2492 2494
f 2480 2493 2489
f 2489 2490 2480
f 2490 2491 2480
f 2480 2491 2492
f 2481 2480 2356
f 2480 2343 2356
f 2356 2357 2481
f 2357 2487 2481
f 2487 2485 2481
f 2485 2486 2481
f 2481 2486 2482
f 2482 2483 2481
f 2483 2484 2481
f 2481 2484 2488
f 2469 2478 2476
f 2469 2476 2470
f 2476 2475 2470
f 2470 2475 2466
f 2475 2474 2466
f 2466 2474 2467
f 2474 2473 2467
f 2467 2473 2468
f 2473 2477 2468
f 2468 2477 2472
f 2477 2464 2472
f 2472 2464 2465
f 2471 2479 2469
f 2479 2478 2469
f 2363 2355 2479
f 2355 2464 2479
f 2479 2464 2478
f 2464 2476 2478
f 2464 2477 2473
f 2473 2474 2464
f 2474 2475 2464
f 2464 2475 2476
f 2465 2464 2349
f 2464 2355 2349
f 2349 2350 2465
f 2350 2471 2465
f 2471 2469 2465
f 2469 2470 2465
f 2465 2470 2466
f 2466 2467 2465
f 2467 2468 2465
f 2465 2468 2472
f 2447 2450 2460
f 2450 2451 2460
f 2460 2451 2457
f 2451 2449 2457
f 2457 2449 2458
f 2449 2448 2458
f 2458 2448 2462
f 2448 2442 2462
f 2462 2442 2443
f 2460 2461 2447
f 2461 2459 2447
f 2447 2459 2446
f 2459 2444 2446
f 2455 2454 2452
f 2459 2456 2444
f 2456 2455 2444
f 2444 2455 2445
f 2455 2452 2445
f 2441 2434 2440
f 2434 2435 2440
f 2440 2463 2454
f 2459 2461 2440
f 2461 2460 2440
f 2440 2460 2457
f 2443 2441 2462
f 2441 2440 2462
f 2462 2440 2458
f 2440 2457 2458
f 2454 2455 2440
f 2455 2456 2440
f 2440 2456 2459
f 2463 2453 2454
f 2453 2452 2454
f 2438 2442 2439
f 2442 2448 2439
f 2448 2449 2439
f 2449 2451 2439
f 2439 2451 2450
f 2450 2447 2439
f 2447 2446 2439
f 2439 2446 2444
f 2444 2445 2439
f 2445 2452 2439
f 2439 2452 2453
f 2439 2436 2438
f 2436 2437 2438
f 2437 2436 2348
f 2436 2358 2348
f 2443 2442 2441
f 2442 2438 2441
f 2441 2438 2434
f 2438 2437 2434
f 2434 2437 2352
f 2437 2348 2352
f 2435 2434 2353
f 2434 2352 2353
f 2417 2420 2430
f 2420 2421 2430
f 2430 2421 2427
f 2421 2419 2427
f 2427 2419 2428
f 2419 2418 2428
f 2428 2418 2432
f 2418 2412 2432
f 2432 2412 2413
f 2430 2431 2417
f 2431 2429 2417
f 2417 2429 2416
f 2429 2414 2416
f 2425 2424 2422
f 2429 2426 2414
f 2426 2425 2414
f 2414 2425 2415
f 2425 2422 2415
f 2411 2404 2410
f 2404 2405 2410
f 2410 2433 2424
f 2429 2431 2410
f 2431 2430 2410
f 2410 2430 2427
f 2413 2411 2432
f 2411 2410 2432
f 2432 2410 2428
f 2410 2427 2428
f 2424 2425 2410
f 2425 2426 2410
f 2410 2426 2429
f 2433 2423 2424
f 2423 2422 2424
f 2408 2412 2409
f 2412 2418 2409
f 2418 2419 2409
f 2419 2421 2409
f 2409 2421 2420
f 2420 2417 2409
f 2417 2416 2409
f 2409 2416 2414
f 2414 2415 2409
f 2415 2422 2409
f 2409 2422 2423
f 2409 2406 2408
f 2406 2407 2408
f 2407 2406 2351
f 2406 2359 2351
f 2413 2412 2411
f 2412 2408 2411
f 2411 2408 2404
f 2408 2407 2404
f 2404 2407 2361
f 2407 2351 2361
f 2405 2404 2362
f 2404 2361 2362
f 2393 2402 2400
f 2393 2400 2394
f 2400 2399 2394
f 2394 2399 2390
f 2399 2398 2390
f 2390 2398 2391
f 2398 2397 2391
f 2391 2397 2392
f 2397 2401 2392
f 2392 2401 2396
f 2401 2388 2396
f 2396 2388 2389
f 2395 2403 2393
f 2403 2402 2393
f 2364 2360 2403
f 2360 2388 2403
f 2403 2388 2402
f 2388 2400 2402
f 2388 2401 2397
f 2397 2398 2388
f 2398 2399 2388
f 2388 2399 2400
f 2389 2388 2366
f 2388 2360 2366
f 2366 2367 2389
f 2367 2395 2389
f 2395 2393 2389
f 2393 2394 2389
f 2389 2394 2390
f 2390 2391 2389
f 2391 2392 2389
f 2389 2392 2396
f 2377 2386 2384
f 2377 2384 2378
f 2384 2383 2378
f 2378 2383 2374
f 2383 2382 2374
f 2374 2382 2375
f 2382 2381 2375
f 2375 2381 2376
f 2381 2385 2376
f 2376 2385 2380
f 2385 2372 2380
f 2380 2372 2373
f 2379 2387 2377
f 2387 2386 2377
f 2368 2365 2387
f 2365 2372 2387
f 2387 2372 2386
f 2372 2384 2386
f 2372 2385 2381
f 2381 2382 2372
f 2382 2383 2372
f 2372 2383 2384
f 2373 2372 2369
f 2372 2365 2369
f 2369 2370 2373
f 2370 2379 2373
f 2379 2377 2373
f 2377 2378 2373
f 2373 2378 2374
f 2374 2375 2373
f 2375 2376 2373
f 2373 2376 2380
f 2326 2330 2327
f 2330 2328 2327
f 2313 2325 2304
f 2325 2315 2304
f 2327 2324 2326
f 2324 2323 2326
f 2323 2322 2326
f 2322 2321 2326
f 2326 2321 2320
f 2320 2319 2326
f 2319 2318 2326
f 2326 2318 2317
f 2317 2316 2326
f 2316 2315 2326
f 2326 2315 2325
f 2319 2320 2310
f 2320 2321 2310
f 2310 2321 2307
f 2321 2322 2307
f 2307 2322 2308
f 2322 2323 2308
f 2308 2323 2312
f 2323 2324 2312
f 2312 2324 2314
f 2310 2311 2319
f 2311 2309 2319
f 2319 2309 2318
f 2309 2317 2318
f 2305 2304 2315
f 2309 2306 2317
f 2306 2305 2317
f 2317 2305 2316
f 2305 2315 2316
f 2302 2313 2304
f 2309 2311 2302
f 2311 2310 2302
f 2302 2310 2307
f 2314 2303 2312
f 2303 2302 2312
f 2312 2302 2308
f 2302 2307 2308
f 2304 2305 2302
f 2305 2306 2302
f 2302 2306 2309
f 2303 2299 2302
f 2299 2301 2302
f 2282 2283 2284
f 2283 2285 2284
f 2282 2284 2240
f 2284 2243 2240
f 2245 2246 2244
f 2246 2247 2244
f 2245 2244 2242
f 2244 2241 2242
f 2271 2254 2278
f 2254 2257 2278
f 2278 2257 2277
f 2257 2259 2277
f 2277 2259 2276
f 2259 2261 2276
f 2276 2261 2275
f 2261 2260 2275
f 2275 2260 2274
f 2260 2262 2274
f 2274 2262 2273
f 2262 2263 2273
f 2273 2263 2264
f 2263 2256 2264
f 2248 2254 2271
f 2271 2272 2248
f 2272 2270 2248
f 2248 2270 2249
f 2270 2269 2249
f 2249 2269 2252
f 2269 2268 2252
f 2252 2268 2250
f 2268 2267 2250
f 2250 2267 2251
f 2267 2266 2251
f 2251 2266 2253
f 2266 2240 2253
f 2253 2240 2241
f 2243 2198 2240
f 2198 2197 2240
f 2240 2197 2241
f 2197 2242 2241
f 2198 2196 2197
f 2196 2195 2197
f 2145 2146 2151
f 2146 2150 2151
f 2151 2150 2163
f 2150 2161 2163
f 2163 2161 2162
f 2161 2159 2162
f 2162 2159 2160
f 2159 2157 2160
f 2160 2157 2158
f 2157 2155 2158
f 2158 2155 2156
f 2155 2152 2156
f 2156 2152 2154
f 2152 2153 2154
f 2154 2153 2165
f 2153 2164 2165
f 2179 2194 2190
f 2194 2192 2190
f 2163 2162 2191
f 2158 2156 2190
f 2191 2162 2190
f 2162 2160 2190
f 2190 2160 2158
f 2149 2145 2191
f 2145 2151 2191
f 2191 2151 2163
f 2156 2154 2190
f 2154 2165 2190
f 2190 2165 2166
f 2166 2169 2190
f 2169 2171 2190
f 2190 2171 2173
f 2173 2175 2190
f 2175 2177 2190
f 2190 2177 2179
f 2166 2165 2164
f 2164 2167 2166
f 2167 2168 2166
f 2166 2168 2169
f 2168 2170 2169
f 2169 2170 2171
f 2170 2172 2171
f 2171 2172 2173
f 2172 2174 2173
f 2173 2174 2175
f 2174 2176 2175
f 2175 2176 2177
f 2176 2178 2177
f 2177 2178 2179
f 2184 2195 2178
f 2195 2196 2178
f 2178 2196 2179
f 2196 2194 2179
f 2184 2178 2183
f 2178 2180 2183
f 2189 2186 2188
f 2186 2185 2188
f 2215 2218 2229
f 2218 2219 2229
f 2229 2219 2230
f 2219 2217 2230
f 2230 2217 2231
f 2217 2216 2231
f 2231 2216 2232
f 2216 2221 2232
f 2232 2221 2233
f 2229 2228 2215
f 2228 2227 2215
f 2215 2227 2214
f 2227 2212 2214
f 2225 2223 2220
f 2227 2226 2212
f 2226 2225 2212
f 2212 2225 2213
f 2225 2220 2213
f 2238 2236 2239
f 2236 2237 2239
f 2235 2236 2234
f 2236 2238 2234
f 2234 2224 2223
f 2227 2228 2234
f 2228 2229 2234
f 2234 2229 2230
f 2233 2235 2232
f 2235 2234 2232
f 2232 2234 2231
f 2234 2230 2231
f 2223 2225 2234
f 2225 2226 2234
f 2234 2226 2227
f 2224 2222 2223
f 2222 2220 2223
f 2188 2221 2189
f 2221 2216 2189
f 2216 2217 2189
f 2217 2219 2189
f 2189 2219 2218
f 2218 2215 2189
f 2215 2214 2189
f 2189 2214 2212
f 2212 2213 2189
f 2213 2220 2189
f 2189 2220 2222
f 2239 2371 2238
f 2371 2573 2238
f 2346 2354 2572
f 2354 2571 2572
f 2495 2555 2532
f 2345 2347 2497
f 2347 2495 2497
f 2439 2453 2471
f 2340 2342 2527
f 2342 2498 2527
f 2498 2501 2527
f 2501 2515 2527
f 2527 2515 2532
f 2515 2525 2532
f 2532 2525 2495
f 2525 2502 2495
f 2495 2502 2497
f 2362 2364 2405
f 2364 2403 2405
f 2325 2313 2197
f 2367 2368 2395
f 2368 2387 2395
f 2301 2246 2245
f 2195 2184 2186
f 2184 2183 2186
f 2186 2183 2182
f 2186 2189 2195
f 2189 2222 2195
f 2195 2222 2224
f 2350 2358 2471
f 2358 2436 2471
f 2471 2436 2439
f 2572 2224 2573
f 2224 2234 2573
f 2573 2234 2238
f 2395 2433 2403
f 2433 2410 2403
f 2403 2410 2405
f 2463 2406 2453
f 2406 2409 2453
f 2453 2409 2471
f 2409 2423 2471
f 2471 2423 2479
f 2423 2487 2479
f 2479 2487 2363
f 2487 2357 2363
f 2353 2359 2435
f 2359 2406 2435
f 2435 2406 2440
f 2406 2463 2440
f 2545 2555 2197
f 2245 2242 2301
f 2242 2197 2301
f 2301 2197 2302
f 2197 2313 2302
f 2337 2341 2563
f 2341 2528 2563
f 2563 2528 2571
f 2528 2531 2571
f 2571 2531 2572
f 2531 2545 2572
f 2572 2545 2224
f 2545 2197 2224
f 2224 2197 2195
f 2370 2331 2379
f 2331 2330 2379
f 2379 2330 2387
f 2330 2326 2387
f 2387 2326 2395
f 2326 2325 2395
f 2395 2325 2433
f 2325 2197 2433
f 2433 2197 2423
f 2197 2555 2423
f 2423 2555 2487
f 2555 2495 2487
f 2328 2330 2329
f 2330 2331 2329
f 2314 2324 2303
f 2324 2327 2303
f 2303 2327 2299
f 2327 2328 2299
f 2299 2328 2300
f 2328 2329 2300
f 2246 2301 2299
f 2258 2247 2279
f 2247 2246 2279
f 2279 2246 2300
f 2246 2299 2300
f 2263 2262 2247
f 2261 2259 2244
f 2247 2262 2244
f 2262 2260 2244
f 2244 2260 2261
f 2258 2255 2247
f 2255 2256 2247
f 2247 2256 2263
f 2259 2257 2244
f 2257 2254 2244
f 2244 2254 2248
f 2250 2251 2244
f 2251 2253 2244
f 2244 2253 2241
f 2248 2249 2244
f 2249 2252 2244
f 2244 2252 2250
f 2265 2264 2255
f 2264 2256 2255
f 2278 2277 2282
f 2270 2272 2282
f 2272 2271 2282
f 2282 2271 2278
f 2274 2283 2275
f 2283 2282 2275
f 2275 2282 2276
f 2282 2277 2276
f 2265 2280 2264
f 2280 2283 2264
f 2264 2283 2273
f 2283 2274 2273
f 2267 2282 2266
f 2282 2240 2266
f 2267 2268 2282
f 2268 2269 2282
f 2282 2269 2270
f 2288 2286 2285
f 2286 2287 2285
f 2283 2280 2285
f 2280 2281 2285
f 2285 2281 2288
f 2258 2279 2255
f 2279 2134 2255
f 2255 2134 2265
f 2134 2137 2265
f 2265 2137 2280
f 2137 2281 2280
f 2200 2199 2208
f 2199 2207 2208
f 2204 2203 2202
f 2203 2199 2202
f 2202 2199 2201
f 2204 2205 2203
f 2205 2206 2203
f 2203 2206 2199
f 2206 2207 2199
f 2205 2211 2206
f 2211 2209 2206
f 2206 2209 2207
f 2207 2209 2208
f 2209 2210 2208
f 2617 2659 2616
f 2659 2653 2616
f 2617 2623 2659
f 2623 2665 2659
f 2663 2662 2661
f 2665 2664 2659
f 2664 2663 2659
f 2659 2663 2660
f 2663 2661 2660
f 2665 2658 2655
f 2665 2655 2664
f 2655 2652 2664
f 2664 2652 2663
f 2652 2657 2663
f 2663 2657 2662
f 2657 2656 2662
f 2662 2656 2661
f 2656 2654 2661
f 2661 2654 2660
f 2654 2653 2660
f 2660 2653 2659
f 2625 2616 2658
f 2616 2653 2658
f 2658 2653 2655
f 2656 2657 2652
f 2655 2653 2652
f 2653 2654 2652
f 2652 2654 2656
f 2601 2645 2600
f 2645 2639 2600
f 2601 2615 2645
f 2615 2651 2645
f 2649 2648 2647
f 2651 2650 2645
f 2650 2649 2645
f 2645 2649 2646
f 2649 2647 2646
f 2651 2644 2641
f 2651 2641 2650
f 2641 2638 2650
f 2650 2638 2649
f 2638 2643 2649
f 2649 2643 2648
f 2643 2642 2648
f 2648 2642 2647
f 2642 2640 2647
f 2647 2640 2646
f 2640 2639 2646
f 2646 2639 2645
f 2614 2600 2644
f 2600 2639 2644
f 2644 2639 2641
f 2642 2643 2638
f 2641 2639 2638
f 2639 2640 2638
f 2638 2640 2642
f 2635 2637 2634
f 2637 2636 2634
f 2634 2636 2630
f 2630 2636 2597
f 2636 2622 2597
f 2598 2628 2597
f 2628 2630 2597
f 2613 2627 2611
f 2208 2210 2623
f 2594 2624 2606
f 2108 2612 2621
f 2108 2617 2616
f 2099 2096 2200
f 2096 2097 2200
f 2200 2097 2144
f 2626 2620 2621
f 2620 2610 2621
f 2621 2610 2108
f 2610 2609 2108
f 2108 2605 2604
f 2588 2602 2296
f 2625 2615 2616
f 2615 2601 2616
f 2616 2601 2108
f 2601 2600 2108
f 2614 2599 2600
f 2599 2598 2600
f 2600 2598 2108
f 2598 2597 2108
f 2622 2595 2597
f 2595 2596 2597
f 2597 2596 2108
f 2596 2613 2108
f 2108 2613 2612
f 2613 2611 2612
f 2107 2132 2093
f 2132 2130 2093
f 2093 2130 2128
f 2619 2608 2609
f 2608 2593 2609
f 2609 2593 2108
f 2593 2592 2108
f 2607 2590 2592
f 2590 2591 2592
f 2592 2591 2108
f 2591 2594 2108
f 2108 2594 2605
f 2594 2606 2605
f 2618 2603 2604
f 2603 2589 2604
f 2604 2589 2108
f 2589 2588 2108
f 2108 2588 2295
f 2588 2296 2295
f 2281 2113 2288
f 2113 2112 2288
f 2097 2095 2144
f 2095 2094 2144
f 2144 2094 2124
f 2094 2093 2124
f 2124 2093 2125
f 2093 2128 2125
f 2623 2617 2208
f 2617 2108 2208
f 2208 2108 2200
f 2108 2098 2200
f 2200 2098 2099
f 2281 2137 2113
f 2137 2136 2113
f 2113 2136 2139
f 2139 2141 2113
f 2141 2143 2113
f 2113 2143 2114
f 2118 2116 2143
f 2116 2115 2143
f 2143 2115 2114
f 2112 2111 2288
f 2111 2110 2288
f 2288 2110 2295
f 2110 2109 2295
f 2295 2109 2108
f 2629 2628 2599
f 2628 2598 2599
f 2633 2632 2631
f 2632 2628 2631
f 2631 2628 2629
f 2630 2628 2632
f 2630 2632 2634
f 2632 2633 2634
f 2634 2633 2635
f 2615 2625 2651
f 2625 2658 2651
f 2603 2618 2679
f 2618 2686 2679
f 2710 2700 2703
f 2710 2703 2607
f 2703 2697 2607
f 2607 2697 2590
f 2205 2204 2196
f 2201 2193 2192
f 2701 2700 2196
f 2731 2635 2724
f 2635 2717 2724
f 2724 2717 2619
f 2717 2608 2619
f 2198 2243 2287
f 2243 2284 2287
f 2287 2284 2285
f 2287 2291 2198
f 2291 2290 2198
f 2198 2290 2294
f 2679 2294 2672
f 2294 2298 2672
f 2672 2298 2602
f 2298 2297 2602
f 2602 2297 2296
f 2651 2633 2644
f 2633 2631 2644
f 2644 2631 2614
f 2631 2629 2614
f 2614 2629 2599
f 2192 2194 2201
f 2194 2196 2201
f 2201 2196 2202
f 2196 2204 2202
f 2606 2624 2693
f 2624 2694 2693
f 2693 2694 2686
f 2694 2702 2686
f 2686 2702 2679
f 2702 2701 2679
f 2679 2701 2294
f 2701 2196 2294
f 2294 2196 2198
f 2623 2210 2665
f 2210 2209 2665
f 2665 2209 2658
f 2209 2211 2658
f 2658 2211 2651
f 2211 2205 2651
f 2651 2205 2633
f 2205 2196 2633
f 2633 2196 2635
f 2196 2700 2635
f 2635 2700 2717
f 2700 2710 2717
f 2611 2627 2745
f 2627 2746 2745
f 2620 2626 2731
f 2626 2738 2731
f 2731 2738 2635
f 2738 2745 2635
f 2635 2745 2637
f 2745 2746 2637
f 2637 2746 2636
f 2746 2747 2636
f 2636 2747 2622
f 2747 2595 2622
f 2190 2192 2191
f 2192 2193 2191
f 2193 2201 2199
f 2149 2191 2144
f 2191 2193 2144
f 2144 2193 2200
f 2193 2199 2200
f 2149 2144 2145
f 2144 2124 2145
f 2145 2124 2146
f 2124 2127 2146
f 2146 2127 2147
f 2127 2148 2147
f 2167 2164 2180
f 2164 2153 2180
f 2180 2153 2152
f 2146 2147 2150
f 2147 2181 2150
f 2150 2181 2161
f 2152 2155 2180
f 2155 2157 2180
f 2180 2157 2181
f 2157 2159 2181
f 2181 2159 2161
f 2178 2176 2180
f 2176 2174 2180
f 2180 2174 2172
f 2172 2170 2180
f 2170 2168 2180
f 2180 2168 2167
f 2183 2180 2182
f 2180 2181 2182
f 2187 2185 2182
f 2185 2186 2182
f 2181 2147 2182
f 2147 2148 2182
f 2182 2148 2187
f 2233 2221 2235
f 2221 2188 2235
f 2235 2188 2236
f 2188 2185 2236
f 2236 2185 2237
f 2185 2187 2237
f 2133 2084 2082
f 2070 2071 2300
f 2371 2239 2334
f 2239 2237 2334
f 2369 2365 2058
f 2070 2300 2072
f 2331 2370 2329
f 2370 2369 2329
f 2069 2068 2142
f 2068 2065 2142
f 2142 2065 2074
f 2069 2142 2071
f 2142 2140 2071
f 2071 2140 2138
f 2360 2058 2366
f 2058 2365 2366
f 2366 2365 2367
f 2365 2368 2367
f 2356 2343 2058
f 2279 2300 2134
f 2300 2071 2134
f 2134 2071 2135
f 2071 2138 2135
f 2369 2058 2329
f 2058 2059 2329
f 2329 2059 2300
f 2059 2073 2300
f 2300 2073 2072
f 2352 2348 2058
f 2355 2363 2357
f 2351 2359 2353
f 2332 2354 2346
f 2353 2352 2351
f 2352 2058 2351
f 2351 2058 2361
f 2058 2360 2361
f 2361 2360 2362
f 2360 2364 2362
f 2357 2356 2355
f 2356 2058 2355
f 2355 2058 2349
f 2058 2348 2349
f 2349 2348 2350
f 2348 2358 2350
f 2339 2335 2058
f 2338 2342 2340
f 2340 2339 2338
f 2339 2058 2338
f 2338 2058 2344
f 2058 2343 2344
f 2344 2343 2345
f 2343 2347 2345
f 2187 2079 2078
f 2346 2333 2332
f 2333 2058 2332
f 2332 2058 2336
f 2058 2335 2336
f 2336 2335 2337
f 2335 2341 2337
f 2079 2187 2080
f 2187 2148 2080
f 2080 2148 2081
f 2126 2129 2082
f 2129 2131 2082
f 2082 2131 2133
f 2333 2334 2058
f 2334 2237 2058
f 2058 2237 2076
f 2237 2187 2076
f 2076 2187 2077
f 2187 2078 2077
f 2081 2148 2082
f 2148 2127 2082
f 2082 2127 2126
f 2117 2118 2143
f 2064 2075 2063
f 2075 2119 2063
f 2063 2119 2060
f 2119 2120 2060
f 2060 2120 2061
f 2120 2121 2061
f 2061 2121 2062
f 2121 2067 2062
f 2067 2121 2066
f 2121 2123 2066
f 2066 2123 2122
f 2142 2074 2066
f 2122 2117 2066
f 2117 2143 2066
f 2066 2143 2142
f 2143 2141 2142
f 2142 2141 2140
f 2141 2138 2140
f 2136 2137 2134
f 2141 2139 2138
f 2139 2136 2138
f 2138 2136 2135
f 2136 2134 2135
f 2121 2049 2123
f 2049 2122 2123
f 2075 2023 2119
f 2023 2049 2119
f 2119 2049 2120
f 2049 2121 2120
f 2122 2049 2117
f 2049 2039 2117
f 2117 2039 2118
f 2118 2039 2116
f 2039 2040 2116
f 2116 2040 2115
f 2030 2113 2040
f 2113 2114 2040
f 2040 2114 2115
f 2031 2025 2109
f 2109 2110 2031
f 2110 2111 2031
f 2031 2111 2030
f 2111 2112 2030
f 2030 2112 2113
f 2026 2108 2025
f 2108 2109 2025
f 2105 2107 2093
f 2103 2100 2034
f 2028 2092 2104
f 2028 2104 2034
f 2104 2102 2034
f 2034 2102 2103
f 2105 2033 2106
f 2033 2034 2106
f 2106 2034 2101
f 2034 2100 2101
f 2108 2026 2098
f 2026 2032 2098
f 2041 2096 2032
f 2096 2099 2032
f 2032 2099 2098
f 2105 2093 2033
f 2093 2094 2033
f 2033 2094 2042
f 2094 2095 2042
f 2042 2095 2041
f 2095 2097 2041
f 2041 2097 2096
f 2083 2084 2133
f 2104 2092 2091
f 2091 2085 2104
f 2085 2086 2104
f 2104 2086 2102
f 2086 2088 2102
f 2102 2088 2103
f 2088 2087 2103
f 2103 2087 2100
f 2100 2087 2101
f 2087 2090 2101
f 2101 2090 2106
f 2090 2089 2106
f 2106 2089 2105
f 2132 2107 2105
f 2089 2083 2105
f 2083 2133 2105
f 2105 2133 2132
f 2133 2131 2132
f 2132 2131 2130
f 2131 2128 2130
f 2126 2127 2124
f 2131 2129 2128
f 2129 2126 2128
f 2128 2126 2125
f 2126 2124 2125
f 2092 2028 2091
f 2028 2027 2091
f 2047 2056 2055
f 2047 2055 2045
f 2055 2054 2045
f 2045 2054 2046
f 2089 2090 2029
f 2090 2087 2029
f 2029 2087 2088
f 2091 2027 2085
f 2027 2029 2085
f 2085 2029 2086
f 2029 2088 2086
f 2089 2029 2083
f 2029 2043 2083
f 2083 2043 2084
f 2084 2043 2082
f 2043 2035 2082
f 2082 2035 2081
f 2077 2078 2036
f 2078 2079 2036
f 2036 2079 2035
f 2079 2080 2035
f 2035 2080 2081
f 2044 2046 2054
f 2054 2057 2058
f 2036 2044 2077
f 2044 2054 2077
f 2077 2054 2076
f 2054 2058 2076
f 2057 2054 2056
f 2054 2055 2056
f 2047 2038 2053
f 2038 2050 2053
f 2056 2047 2057
f 2047 2053 2057
f 2057 2053 2058
f 2053 2059 2058
f 2052 2051 2050
f 2051 2053 2050
f 2051 2048 2018
f 2059 2053 2073
f 2053 2051 2073
f 2073 2051 2072
f 2051 2018 2072
f 2072 2018 2070
f 2018 2021 2070
f 2070 2021 2071
f 2071 2021 2069
f 2021 2019 2069
f 2069 2019 2068
f 2019 2020 2068
f 2068 2020 2065
f 2024 2064 2063
f 2074 2065 2066
f 2065 2020 2066
f 2066 2020 2067
f 2020 2022 2067
f 2067 2022 2062
f 2022 2061 2062
f 2024 2063 2022
f 2063 2060 2022
f 2022 2060 2061
f 2037 2048 2051
f 2051 2052 2037
f 2052 2050 2037
f 2037 2050 2038
f 1117 1238 1115
f 1238 1239 1115
f 1250 1251 1249
f 1250 1249 1248
f 1249 1247 1248
f 1248 1247 1246
f 1247 1245 1246
f 1246 1245 1244
f 1245 1243 1244
f 1244 1243 1242
f 1243 1241 1242
f 1242 1241 1240
f 1241 1239 1240
f 1240 1239 1238
f 1253 1252 1250
f 1252 1251 1250
f 1264 1265 1263
f 1264 1263 1262
f 1263 1261 1262
f 1262 1261 1260
f 1261 1259 1260
f 1260 1259 1258
f 1259 1257 1258
f 1258 1257 1256
f 1257 1255 1256
f 1256 1255 1254
f 1255 1252 1254
f 1254 1252 1253
f 1267 1265 1266
f 1265 1264 1266
f 1267 1266 1279
f 1266 1277 1279
f 1279 1277 1278
f 1277 1275 1278
f 1278 1275 1276
f 1275 1273 1276
f 1276 1273 1274
f 1273 1271 1274
f 1274 1271 1272
f 1271 1268 1272
f 1272 1268 1270
f 1268 1269 1270
f 1270 1269 1281
f 1269 1280 1281
f 1066 1291 1292
f 1291 1289 1292
f 1292 1289 1290
f 1289 1287 1290
f 1290 1287 1288
f 1287 1285 1288
f 1288 1285 1286
f 1285 1283 1286
f 1286 1283 1284
f 1283 1282 1284
f 1284 1282 1280
f 1282 1281 1280
f 1900 1951 1907
f 1951 1953 1907
f 1907 1953 1908
f 1953 1973 1908
f 1908 1973 1897
f 1973 1972 1897
f 1897 1972 1898
f 1972 1963 1898
f 1898 1963 1893
f 1963 1962 1893
f 1893 1962 1887
f 1962 1974 1887
f 1887 1974 1925
f 1974 1977 1925
f 1925 1977 1924
f 1977 1964 1924
f 1924 1964 1916
f 1964 1965 1916
f 1916 1965 1917
f 1965 1942 1917
f 1917 1942 1909
f 1942 1941 1909
f 1909 1941 1904
f 1941 1956 1904
f 1904 1956 1905
f 1956 1935 1905
f 1905 1935 1920
f 1935 1933 1920
f 1920 1933 1921
f 1933 1932 1921
f 1921 1932 1919
f 1932 1938 1919
f 1919 1938 1918
f 1938 1937 1918
f 1918 1937 1884
f 1937 1931 1884
f 1884 1931 1888
f 1931 1930 1888
f 1888 1930 1899
f 1930 1940 1899
f 1899 1940 1903
f 1940 1939 1903
f 1903 1939 1901
f 1939 1950 1901
f 1901 1950 1902
f 1950 1952 1902
f 1902 1952 1900
f 1952 1951 1900
f 1910 1945 1896
f 1945 1957 1896
f 1896 1957 1886
f 1957 1968 1886
f 1886 1968 1895
f 1968 1967 1895
f 1895 1967 1892
f 1967 1969 1892
f 1892 1969 1890
f 1969 1958 1890
f 1890 1958 1891
f 1958 1954 1891
f 1891 1954 1889
f 1954 1975 1889
f 1889 1975 1885
f 1975 1970 1885
f 1885 1970 1882
f 1970 1959 1882
f 1882 1959 1883
f 1959 1948 1883
f 1883 1948 1922
f 1948 1947 1922
f 1922 1947 1923
f 1947 1971 1923
f 1923 1971 1928
f 1971 1976 1928
f 1928 1976 1929
f 1976 1961 1929
f 1929 1961 1926
f 1961 1960 1926
f 1926 1960 1927
f 1960 1949 1927
f 1927 1949 1894
f 1949 1936 1894
f 1894 1936 1914
f 1936 1934 1914
f 1914 1934 1915
f 1934 1966 1915
f 1915 1966 1912
f 1966 1944 1912
f 1912 1944 1913
f 1944 1943 1913
f 1913 1943 1911
f 1943 1955 1911
f 1911 1955 1906
f 1955 1946 1906
f 1906 1946 1910
f 1946 1945 1910
f 1424 1439 1437
f 1439 1440 1437
f 1424 1437 1422
f 1437 1436 1422
f 1422 1436 1420
f 1436 1435 1420
f 1420 1435 1418
f 1435 1434 1418
f 1418 1434 1416
f 1434 1433 1416
f 1416 1433 1414
f 1433 1432 1414
f 1414 1432 1412
f 1432 1431 1412
f 1412 1431 1410
f 1431 1430 1410
f 1410 1430 1408
f 1430 1429 1408
f 1408 1429 1406
f 1429 1428 1406
f 1406 1428 1404
f 1428 1426 1404
f 1404 1426 1425
f 1426 1427 1425
f 1425 1427 1395
f 1427 1396 1395
f 1355 1356 1385
f 1355 1385 1401
f 1385 1387 1401
f 1401 1387 1400
f 1387 1389 1400
f 1400 1389 1399
f 1389 1391 1399
f 1399 1391 1398
f 1391 1393 1398
f 1398 1393 1397
f 1393 1395 1397
f 1397 1395 1396
f 1394 1395 1393
f 1394 1393 1392
f 1393 1391 1392
f 1392 1391 1390
f 1391 1389 1390
f 1390 1389 1388
f 1389 1387 1388
f 1388 1387 1386
f 1387 1385 1386
f 1386 1385 1384
f 1385 1356 1384
f 1384 1356 1366
f 1395 1394 1425
f 1394 1402 1425
f 1425 1402 1404
f 1402 1403 1404
f 1404 1403 1406
f 1403 1405 1406
f 1406 1405 1408
f 1405 1407 1408
f 1408 1407 1410
f 1407 1409 1410
f 1410 1409 1412
f 1409 1411 1412
f 1412 1411 1414
f 1411 1413 1414
f 1414 1413 1416
f 1413 1415 1416
f 1416 1415 1418
f 1415 1417 1418
f 1418 1417 1420
f 1417 1419 1420
f 1420 1419 1422
f 1419 1421 1422
f 1422 1421 1424
f 1421 1423 1424
f 1424 1423 1439
f 1423 1438 1439
f 1338 1339 1337
f 1338 1337 1336
f 1337 1335 1336
f 1336 1335 1334
f 1335 1333 1334
f 1334 1333 1332
f 1333 1331 1332
f 1332 1331 1330
f 1331 1329 1330
f 1330 1329 1328
f 1329 1327 1328
f 1328 1327 1326
f 1327 1307 1326
f 1326 1307 1306
